sport,league,game_id,game_date,game_time,home_team,away_team,home_prob,away_prob,away_projected_points,home_projected_points,total_projected_points,total,home_dk_moneyline_american,away_dk_moneyline_american,home_dk_moneyline_decimal,away_dk_moneyline_decimal,away_decimal,home_decimal,away_implied_prob,home_implied_prob,away_market_prob,home_market_prob,home_model_prob,away_model_prob,away_fair,home_fair,away_acceptable_decimal_moneyline,home_acceptable_decimal_moneyline,away_acceptable_american_moneyline,home_acceptable_american_moneyline,home_ml_ev,away_ml_ev,home_ml_edge_vs_market,away_ml_edge_vs_market,home_ml_kelly,away_ml_kelly,home_ml_ev_pct,away_ml_ev_pct,home_ml_edge_vs_market_pct,away_ml_edge_vs_market_pct,bet_side,bet_line,bet_odds_american,bet_ev,bet_kelly,bet_model_prob,bet_edge_vs_market,bet_stake_pct,market_type,league_lower,home_spread,away_spread,home_dk_spread_american,away_dk_spread_american,home_dk_spread_decimal,away_dk_spread_decimal,home_spread_model_prob,away_spread_model_prob,fair_home_spread_decimal,fair_away_spread_decimal,home_acceptable_spread_decimal,away_acceptable_spread_decimal,home_acceptable_spread_american,away_acceptable_spread_american,home_spread_implied_prob,away_spread_implied_prob,home_spread_market_prob,away_spread_market_prob,home_spread_ev,away_spread_ev,home_spread_edge_vs_market,away_spread_edge_vs_market,home_spread_kelly,away_spread_kelly,home_spread_ev_pct,away_spread_ev_pct,home_spread_edge_vs_market_pct,away_spread_edge_vs_market_pct,dk_total_over_american,dk_total_under_american,dk_total_over_decimal,dk_total_under_decimal,over_model_prob,under_model_prob,fair_over,fair_under,acceptable_over,acceptable_under,over_implied_prob,under_implied_prob,over_market_prob,under_market_prob,over_ev,under_ev,over_edge_vs_market,under_edge_vs_market,over_kelly,under_kelly,over_ev_pct,under_ev_pct,over_edge_vs_market_pct,under_edge_vs_market_pct,home_score,away_score,bet_result,profit_unit,profit_kelly,market,side_group,ev_bucket,edge_vs_market_bucket,kelly_bucket,model_prob_bucket,odds_bucket,spread_bucket,total_bucket,dow_bucket,month_bucket
Basketball,NCAAM,NCAAM_2025_11_04_Arizona_State_Sun_Devils_Southern_Utah_Thunderbirds,2025_11_04,12:00 PM,Arizona State Sun Devils,Southern Utah Thunderbirds,0.938,0.062,65.7,81.1,146.8,150.5,,,,,,,,,,,,,,,,,,,,,,,,,,,,,away,17.5,-110.0,0.0960481018324912,0.1056529014504502,0.5741204069541427,7.412040695414268,0.0264132253626125,spread,ncaam,-17.5,17.5,-110.0,-110.0,1.909091,1.909091,0.4258795930458573,0.5741204069541427,2.348081514890344,1.7417949055412587,2.582889666379379,1.9159743960953848,158.0,-109.0,0.5238094988662143,0.5238094988662143,0.5,0.5,-0.1869571018324911,0.0960481018324912,-0.0741204069541426,0.0741204069541426,0.0,0.1056529014504502,-18.695710183249115,9.604810183249125,-7.412040695414268,7.412040695414268,,,,,,,,,,,,,,,,,,,,,,,,,81.0,64.0,Win,0.9090909090909092,0.0240120230569204,NCAAM,AWAY,0.075_to_0.0999,7_to_10pp,10_to_20pct,0.50_to_0.60,minus_124_to_minus_110,15.0_plus,UNBUCKETED,TUE,NOV
Basketball,NCAAM,NCAAM_2025_11_04_Nevada_Wolf_Pack_Louisiana_Tech_Bulldogs,2025_11_04,12:00 PM,Nevada Wolf Pack,Louisiana Tech Bulldogs,0.792,0.208,64.4,72.6,137.0,136.5,,,,,,,,,,,,,,,,,,,,,,,,,,,,,away,9.5,-108.0,0.0516490869949393,0.0557810094920535,0.5460485433993514,5.037832595049396,0.0139452523730133,spread,ncaam,-9.5,9.5,-112.0,-108.0,1.892857,1.925926,0.4539514566006486,0.5460485433993514,2.202878711940609,1.8313390120494328,2.42316658313467,2.014472913254376,142.0,101.0,0.5283019266642963,0.5192307492603558,0.5043297825511426,0.4956702174488574,-0.140734807713266,0.0516490869949393,-0.0503783259504939,0.0503783259504939,0.0,0.0557810094920535,-14.073480771326608,5.164908699493931,-5.037832595049396,5.037832595049396,,,,,,,,,,,,,,,,,,,,,,,,,77.0,50.0,Loss,-1.0,-0.0139452523730133,NCAAM,AWAY,0.05_to_0.0749,5_to_7pp,5_to_10pct,0.50_to_0.60,minus_109_to_minus_101,9.0_to_9.9,UNBUCKETED,TUE,NOV
Basketball,NCAAM,NCAAM_2025_11_04_West_Virginia_Mountaineers_Mount_St_Marys_Mountaineers,2025_11_04,12:00 PM,West Virginia Mountaineers,Mount St Marys Mountaineers,0.961,0.039,57.6,75.5,133.1,135.5,,,,,,,,,,,,,,,,,,,,,,,,,,,,,under,135.5,-112.0,0.0482246200929621,0.0540115831459708,0.553779086372062,4.944930382091939,0.0135028957864927,total,ncaam,,,,,,,,,,,,,,,,,,,,,,,,,,,,,-108.0,-112.0,1.925926,1.892857,0.446220913627938,0.553779086372062,2.2410424286697745,1.805774224070535,2.308273701529868,1.859947450792651,0.5192307492603558,0.5283019266642963,0.4956702174488574,0.5043297825511426,-0.1406115407001998,0.0482246200929621,-0.0494493038209194,0.0494493038209193,0.0,0.0540115831459708,-14.061154070019988,4.822462009296213,-4.944930382091944,4.944930382091939,70.0,54.0,Win,0.8928571428571428,0.0120561569522256,NCAAM,UNDER,0.04_to_0.0499,3_to_5pp,5_to_10pct,0.50_to_0.60,minus_124_to_minus_110,UNBUCKETED,135_to_139.9,TUE,NOV
Basketball,NCAAM,NCAAM_2025_11_05_LSU_Tigers_Tarleton_State_Texans,2025_11_05,12:00 PM,LSU Tigers,Tarleton State Texans,0.918,0.082,62.2,75.8,138.0,145.0,,,,,,,,,,,,,,,,,,,,,,,,,,,,,away,15.5,-110.0,0.0827063384169559,0.0909769631609551,0.5671318645454595,6.71318645454595,0.0227442407902387,spread,ncaam,-15.5,15.5,-110.0,-110.0,1.909091,1.909091,0.4328681354545405,0.5671318645454595,2.3101723552599527,1.7632583575628789,2.5411895907859483,1.9395841933191669,154.0,-106.0,0.5238094988662143,0.5238094988662143,0.5,0.5,-0.1736153384169557,0.0827063384169559,-0.0671318645454595,0.0671318645454595,0.0,0.0909769631609551,-17.361533841695575,8.270633841695595,-6.71318645454595,6.71318645454595,,,,,,,,,,,,,,,,,,,,,,,,,96.0,60.0,Loss,-1.0,-0.0227442407902387,NCAAM,AWAY,0.075_to_0.0999,5_to_7pp,5_to_10pct,0.50_to_0.60,minus_124_to_minus_110,15.0_plus,UNBUCKETED,WED,NOV
Basketball,NCAAM,NCAAM_2025_11_05_Fresno_State_Bulldogs_USC_Upstate_Spartans,2025_11_05,12:00 PM,Fresno State Bulldogs,USC Upstate Spartans,0.789,0.211,75.1,83.1,158.2,164.0,,,,,,,,,,,,,,,,,,,,,,,,,,,,,away,10.0,-110.0,0.0893825026413581,0.0983207430734197,0.5706289027821922,6.146303163684985,0.0245801857683549,spread,ncaam,-10.0,10.0,-102.0,-110.0,1.980392,1.909091,0.4293710972178077,0.5706289027821922,2.328987690321243,1.752452417191524,2.561886459353368,1.927697658910677,156.0,-107.0,0.504950535045587,0.5238094988662143,0.4908341288546575,0.5091658711453424,-0.1496769140386313,0.0893825026413581,-0.0614630316368497,0.0614630316368498,0.0,0.0983207430734197,-14.967691403863135,8.938250264135817,-6.14630316368498,6.146303163684985,,,,,,,,,,,,,,,,,,,,,,,,,66.0,67.0,Win,0.9090909090909092,0.0223456234257771,NCAAM,AWAY,0.075_to_0.0999,5_to_7pp,5_to_10pct,0.50_to_0.60,minus_124_to_minus_110,10.0_to_11.9,UNBUCKETED,WED,NOV
Basketball,NCAAM,NCAAM_2025_11_05_Loyola_Marymount_Lions_Eastern_Washington_Eagles,2025_11_05,12:00 PM,Loyola Marymount Lions,Eastern Washington Eagles,0.791,0.209,69.0,77.1,146.1,153.0,,,,,,,,,,,,,,,,,,,,,,,,,,,,,away,9.5,-108.0,0.0584371312396729,0.063112096689879,0.5495731046985569,5.176801022309563,0.0157780241724697,spread,ncaam,-9.5,9.5,-110.0,-108.0,1.909091,1.925926,0.4504268953014431,0.5495731046985569,2.220116095267272,1.819594138524126,2.442127704794,2.001553552376539,144.0,100.0,0.5238094988662143,0.5192307492603558,0.5021949055245387,0.4978050944754613,-0.1400940680220727,0.0584371312396729,-0.0517680102230956,0.0517680102230956,0.0,0.063112096689879,-14.00940680220727,5.843713123967298,-5.176801022309563,5.176801022309563,,,,,,,,,,,,,,,,,,,,,,,,,70.0,62.0,Win,0.925925925925926,0.0146092816411756,NCAAM,AWAY,0.05_to_0.0749,5_to_7pp,5_to_10pct,0.50_to_0.60,minus_109_to_minus_101,9.0_to_9.9,UNBUCKETED,WED,NOV
Basketball,NCAAM,NCAAM_2025_11_07_Maryland_Terrapins_Georgetown_Hoyas,2025_11_07,12:00 PM,Maryland Terrapins,Georgetown Hoyas,0.9,0.1,67.5,79.8,147.3,143.5,,,,,,,,,,,,,,,,,,,,,,,,,,,,,home,-5.0,-115.0,0.3872698268700982,0.4453604122407161,0.7420281332128588,23.11938618756918,0.05,spread,ncaam,-5.0,5.0,-115.0,-105.0,1.869565,1.952381,0.7420281332128588,0.2579718667871412,1.3476577979195556,3.8763916874126574,1.4824235777115111,4.264030856153925,-207.0,326.0,0.5348837831260214,0.5121951094586559,0.510834271337167,0.489165728662833,0.3872698268700982,-0.4963406287502545,0.2311938618756918,-0.2311938618756918,0.4453604122407161,0.0,38.72698268700982,-49.63406287502545,23.11938618756918,-23.11938618756918,,,,,,,,,,,,,,,,,,,,,,,,,60.0,70.0,Loss,-1.0,-0.05,NCAAM,HOME,0.10_plus,10pp_plus,20pct_plus,0.70_to_0.80,minus_124_to_minus_110,5.0_to_5.9,UNBUCKETED,FRI,NOV
Basketball,NCAAM,NCAAM_2025_11_07_George_Mason_Patriots_Winthrop_Eagles,2025_11_07,12:00 PM,George Mason Patriots,Winthrop Eagles,0.839,0.161,69.4,79.1,148.5,147.0,,,,,,,,,,,,,,,,,,,,,,,,,,,,,away,11.5,-110.0,0.076020121900679,0.0836221257285343,0.5636295608227575,6.36295608227575,0.0209055314321335,spread,ncaam,-11.5,11.5,-110.0,-110.0,1.909091,1.909091,0.4363704391772425,0.5636295608227575,2.291630940641755,1.774214962288797,2.520794034705931,1.9516364585176769,152.0,-105.0,0.5238094988662143,0.5238094988662143,0.5,0.5,-0.1669291219006788,0.076020121900679,-0.0636295608227575,0.0636295608227575,0.0,0.0836221257285343,-16.692912190067887,7.602012190067908,-6.36295608227575,6.36295608227575,,,,,,,,,,,,,,,,,,,,,,,,,96.0,90.0,Win,0.9090909090909092,0.0190050285746668,NCAAM,AWAY,0.075_to_0.0999,5_to_7pp,5_to_10pct,0.50_to_0.60,minus_124_to_minus_110,10.0_to_11.9,UNBUCKETED,FRI,NOV
Basketball,NCAAM,NCAAM_2025_11_07_Kent_State_Golden_Flashes_Cornell_Big_Red,2025_11_07,12:00 PM,Kent State Golden Flashes,Cornell Big Red,0.651,0.349,76.0,80.3,156.3,164.0,,,,,,,,,,,,,,,,,,,,,,,,,,,,,away,6.0,-110.0,0.0693243681991275,0.0762567973933604,0.5601222614318162,5.680668022947577,0.0190641993483401,spread,ncaam,-6.0,6.0,-107.0,-110.0,1.934579,1.909091,0.4398777385681838,0.5601222614318162,2.273358963913546,1.7853245065528076,2.500694860304901,1.9638569572080888,150.0,-103.0,0.516908329926046,0.5238094988662143,0.4966844187976595,0.5033155812023404,-0.1490217643985015,0.0693243681991275,-0.0568066802294757,0.0568066802294757,0.0,0.0762567973933604,-14.902176439850155,6.932436819912757,-5.680668022947572,5.680668022947577,,,,,,,,,,,,,,,,,,,,,,,,,110.0,102.0,Loss,-1.0,-0.0190641993483401,NCAAM,AWAY,0.05_to_0.0749,5_to_7pp,5_to_10pct,0.50_to_0.60,minus_124_to_minus_110,6.0_to_6.9,UNBUCKETED,FRI,NOV
Basketball,NCAAM,NCAAM_2025_11_07_Oregon_Ducks_Rice_Owls,2025_11_07,12:00 PM,Oregon Ducks,Rice Owls,0.927,0.073,65.0,79.4,144.4,144.5,,,,,,,,,,,,,,,,,,,,,,,,,,,,,away,16.0,-110.0,0.062619594665122,0.0688815472434794,0.5566102373669574,5.100486200750898,0.0172203868108698,spread,ncaam,-16.0,16.0,-105.0,-110.0,1.952381,1.909091,0.4433897626330426,0.5566102373669574,2.2553520272131724,1.796589305885742,2.4808872299344897,1.9762482364743164,148.0,-102.0,0.5121951094586559,0.5238094988662143,0.4943946246405516,0.5056053753594484,-0.1343342518407377,0.062619594665122,-0.051004862007509,0.0510048620075089,0.0,0.0688815472434794,-13.433425184073776,6.261959466512201,-5.100486200750903,5.100486200750898,,,,,,,,,,,,,,,,,,,,,,,,,67.0,63.0,Win,0.9090909090909092,0.0156548971007907,NCAAM,AWAY,0.05_to_0.0749,5_to_7pp,5_to_10pct,0.50_to_0.60,minus_124_to_minus_110,15.0_plus,UNBUCKETED,FRI,NOV
Basketball,NCAAM,NCAAM_2025_11_07_UC_Irvine_Anteaters_California_Baptist_Lancers,2025_11_07,12:00 PM,UC Irvine Anteaters,California Baptist Lancers,0.792,0.208,66.1,74.2,140.3,147.0,,,,,,,,,,,,,,,,,,,,,,,,,,,,,away,9.0,-108.0,0.0244323168566089,0.0263869000941857,0.5319167594479793,3.411166497251805,0.0065967250235464,spread,ncaam,-9.0,9.0,-110.0,-108.0,1.909091,1.925926,0.4680832405520206,0.5319167594479793,2.1363721521425942,1.879993405430194,2.350009367356854,2.0679927459732137,135.0,106.0,0.5238094988662143,0.5192307492603558,0.5021949055245387,0.4978050944754613,-0.1063864982113024,0.0244323168566089,-0.0341116649725181,0.034111664972518,0.0,0.0263869000941857,-10.638649821130242,2.443231685660896,-3.411166497251811,3.411166497251805,,,,,,,,,,,,,,,,,,,,,,,,,61.0,69.0,Win,0.925925925925926,0.0061080787255059,NCAAM,AWAY,0.02_to_0.0299,3_to_5pp,2.5_to_5pct,0.50_to_0.60,minus_109_to_minus_101,9.0_to_9.9,UNBUCKETED,FRI,NOV
Basketball,NCAAM,NCAAM_2025_11_10_Pitt_Panthers_Eastern_Michigan_Eagles,2025_11_10,12:00 PM,Pitt Panthers,Eastern Michigan Eagles,0.94,0.06,66.7,82.1,148.8,141.0,,,,,,,,,,,,,,,,,,,,,,,,,,,,,away,17.5,-110.0,0.0960481018324912,0.1056529014504502,0.5741204069541427,7.412040695414268,0.0264132253626125,spread,ncaam,-17.5,17.5,-110.0,-110.0,1.909091,1.909091,0.4258795930458573,0.5741204069541427,2.348081514890344,1.7417949055412587,2.582889666379379,1.9159743960953848,158.0,-109.0,0.5238094988662143,0.5238094988662143,0.5,0.5,-0.1869571018324911,0.0960481018324912,-0.0741204069541426,0.0741204069541426,0.0,0.1056529014504502,-18.695710183249115,9.604810183249125,-7.412040695414268,7.412040695414268,,,,,,,,,,,,,,,,,,,,,,,,,78.0,66.0,Win,0.9090909090909092,0.0240120230569204,NCAAM,AWAY,0.075_to_0.0999,7_to_10pp,10_to_20pct,0.50_to_0.60,minus_124_to_minus_110,15.0_plus,UNBUCKETED,MON,NOV
Basketball,NCAAM,NCAAM_2025_11_10_Wisconsin_Milwaukee_Panthers_Little_Rock_Trojans,2025_11_10,12:00 PM,Wisconsin Milwaukee Panthers,Little Rock Trojans,0.68,0.32,69.8,74.8,144.6,156.5,,,,,,,,,,,,,,,,,,,,,,,,,,,,,home,-4.0,-110.0,0.0222307613842629,0.0244538350773057,0.5354541828463195,3.32592773217808,0.0061134587693264,spread,ncaam,-4.0,4.0,-110.0,-108.0,1.909091,1.925926,0.5354541828463195,0.4645458171536805,1.867573420912111,2.1526401983922745,2.0543307630033225,2.367904218231502,105.0,136.0,0.5238094988662143,0.5192307492603558,0.5021949055245387,0.4978050944754613,0.0222307613842629,-0.1053191325524807,0.0332592773217808,-0.0332592773217808,0.0244538350773057,0.0,2.2230761384262943,-10.531913255248073,3.32592773217808,-3.32592773217808,,,,,,,,,,,,,,,,,,,,,,,,,92.0,72.0,Win,0.9090909090909092,0.0055576897902967,NCAAM,HOME,0.02_to_0.0299,3_to_5pp,0.0_to_2.5pct,0.50_to_0.60,minus_124_to_minus_110,4.0_to_4.9,UNBUCKETED,MON,NOV
Basketball,NCAAM,NCAAM_2025_11_10_Utah_Utes_Holy_Cross_Crusaders,2025_11_10,12:00 PM,Utah Utes,Holy Cross Crusaders,0.97,0.03,61.9,82.2,144.1,154.5,,,,,,,,,,,,,,,,,,,,,,,,,,,,,away,22.0,-110.0,0.0693243681991271,0.0762567973933599,0.560122261431816,5.451688607236759,0.0190641993483399,spread,ncaam,-22.0,22.0,-105.0,-110.0,1.952381,1.909091,0.439877738568184,0.560122261431816,2.273358963913545,1.7853245065528085,2.5006948603048995,1.9638569572080893,150.0,-103.0,0.5121951094586559,0.5238094988662143,0.4943946246405516,0.5056053753594484,-0.1411910608965103,0.0693243681991271,-0.0545168860723676,0.0545168860723676,0.0,0.0762567973933599,-14.119106089651034,6.932436819912713,-5.451688607236759,5.451688607236759,,,,,,,,,,,,,,,,,,,,,,,,,87.0,69.0,Win,0.9090909090909092,0.0173310903166726,NCAAM,AWAY,0.05_to_0.0749,5_to_7pp,5_to_10pct,0.50_to_0.60,minus_124_to_minus_110,15.0_plus,UNBUCKETED,MON,NOV
Basketball,NCAAM,NCAAM_2025_11_10_Connecticut_Huskies_Columbia_Lions,2025_11_10,12:00 PM,Connecticut Huskies,Columbia Lions,0.991,0.009,62.1,90.2,152.3,154.5,,,,,,,,,,,,,,,,,,,,,,,,,,,,,under,154.5,-110.0,0.0487046193787867,0.0535750759591578,0.5493214411354863,4.932144113548631,0.0133937689897894,total,ncaam,,,,,,,,,,,,,,,,,,,,,,,,,,,,,-110.0,-110.0,1.909091,1.909091,0.4506785588645137,0.5493214411354863,2.2188763595044407,1.8204277588963744,2.285442650289574,1.8750405916632653,0.5238094988662143,0.5238094988662143,0.5,0.5,-0.1396136193787867,0.0487046193787867,-0.0493214411354863,0.0493214411354863,0.0,0.0535750759591578,-13.961361937878667,4.870461937878678,-4.932144113548631,4.932144113548631,89.0,62.0,Win,0.9090909090909092,0.0121761536270812,NCAAM,UNDER,0.04_to_0.0499,3_to_5pp,5_to_10pct,0.50_to_0.60,minus_124_to_minus_110,UNBUCKETED,150_to_154.9,MON,NOV
Basketball,NCAAM,NCAAM_2025_11_11_Fordham_Rams_Wagner_Seahawks,2025_11_11,12:00 PM,Fordham Rams,Wagner Seahawks,0.874,0.126,59.2,70.2,129.4,138.0,,,,,,,,,,,,,,,,,,,,,,,,,,,,,away,12.5,-110.0,0.0559063207778323,0.0614969467059208,0.5530937607363045,4.748838537685607,0.0153742366764802,spread,ncaam,-12.5,12.5,-105.0,-110.0,1.952381,1.909091,0.4469062392636955,0.5530937607363045,2.237605815590221,1.8080117169804133,2.461366397149243,1.9888128886784555,146.0,-101.0,0.5121951094586559,0.5238094988662143,0.4943946246405516,0.5056053753594484,-0.127468749680107,0.0559063207778323,-0.0474883853768561,0.047488385376856,0.0,0.0614969467059208,-12.7468749680107,5.590632077783231,-4.748838537685613,4.748838537685607,,,,,,,,,,,,,,,,,,,,,,,,,63.0,61.0,Win,0.9090909090909092,0.0139765787968001,NCAAM,AWAY,0.05_to_0.0749,3_to_5pp,5_to_10pct,0.50_to_0.60,minus_124_to_minus_110,12.0_to_14.9,UNBUCKETED,TUE,NOV
Basketball,NCAAM,NCAAM_2025_11_11_Temple_Owls_La_Salle_Explorers,2025_11_11,12:00 PM,Temple Owls,La Salle Explorers,0.71,0.29,72.4,78.1,150.5,147.5,,,,,,,,,,,,,,,,,,,,,,,,,,,,,away,7.0,-108.0,0.0516490869949393,0.0557810094920535,0.5460485433993514,4.4927835098235285,0.0139452523730133,spread,ncaam,-7.0,7.0,-107.0,-108.0,1.934579,1.925926,0.4539514566006486,0.5460485433993514,2.202878711940609,1.8313390120494328,2.42316658313467,2.014472913254376,142.0,101.0,0.516908329926046,0.5192307492603558,0.4988792916988839,0.5011207083011161,-0.1217950450409738,0.0516490869949393,-0.0449278350982352,0.0449278350982352,0.0,0.0557810094920535,-12.179504504097382,5.164908699493931,-4.4927835098235285,4.4927835098235285,,,,,,,,,,,,,,,,,,,,,,,,,90.0,63.0,Loss,-1.0,-0.0139452523730133,NCAAM,AWAY,0.05_to_0.0749,3_to_5pp,5_to_10pct,0.50_to_0.60,minus_109_to_minus_101,7.0_to_7.9,UNBUCKETED,TUE,NOV
Basketball,NCAAM,NCAAM_2025_11_11_Ole_Miss_Rebels_Memphis_Tigers,2025_11_11,12:00 PM,Ole Miss Rebels,Memphis Tigers,0.823,0.177,73.0,82.3,155.3,151.5,,,,,,,,,,,,,,,,,,,,,,,,,,,,,away,10.0,-108.0,0.010792650787091,0.0116560619175734,0.5248346254150424,2.142398773215659,0.0029140154793933,spread,ncaam,-10.0,10.0,-105.0,-108.0,1.952381,1.925926,0.4751653745849575,0.5248346254150424,2.104530450842445,1.9053620923146863,2.3149834959266897,2.095898301546155,131.0,109.0,0.5121951094586559,0.5192307492603558,0.4965893623171141,0.5034106376828859,-0.0722961508024461,0.010792650787091,-0.0214239877321565,0.0214239877321565,0.0,0.0116560619175734,-7.229615080244612,1.0792650787091018,-2.142398773215659,2.142398773215659,,,,,,,,,,,,,,,,,,,,,,,,,83.0,77.0,Win,0.925925925925926,0.0026981624809197,NCAAM,AWAY,0.01_to_0.0199,2_to_3pp,0.0_to_2.5pct,0.50_to_0.60,minus_109_to_minus_101,10.0_to_11.9,UNBUCKETED,TUE,NOV
Basketball,NCAAM,NCAAM_2025_11_11_Boston_College_Eagles_Central_Connecticut_State_Blue_Devils,2025_11_11,12:00 PM,Boston College Eagles,Central Connecticut State Blue Devils,0.854,0.146,62.3,72.6,134.9,136.0,,,,,,,,,,,,,,,,,,,,,,,,,,,,,under,136.0,-101.0,0.0442209912046407,0.0446632015633191,0.5247080628675461,3.827470901837493,0.0111658003908297,total,ncaam,,,,,,,,,,,,,,,,,,,,,,,,,,,,,-113.0,-101.0,1.884956,1.990099,0.4752919371324539,0.5247080628675461,2.103970048457441,1.9058216764098657,2.167089149911164,1.962996326702162,0.5305163621856425,0.5024875646889928,0.5135666461508289,0.4864333538491712,-0.1040956113505582,0.0442209912046407,-0.038274709018375,0.0382747090183749,0.0,0.0446632015633191,-10.409561135055824,4.422099120464074,-3.827470901837504,3.827470901837493,59.0,60.0,Win,0.99009900990099,0.0110552479117125,NCAAM,UNDER,0.04_to_0.0499,3_to_5pp,2.5_to_5pct,0.50_to_0.60,minus_109_to_minus_101,UNBUCKETED,135_to_139.9,TUE,NOV
Basketball,NCAAM,NCAAM_2025_11_12_Western_Michigan_Broncos_Purdue_Fort_Wayne_Mastodons,2025_11_12,12:00 PM,Western Michigan Broncos,Purdue Fort Wayne Mastodons,0.405,0.595,79.5,75.5,155.0,162.0,115.0,-135.0,2.15,1.740741,1.7407407407407407,2.15,0.574468085106383,0.4651162790697674,0.552594002855783,0.447405997144217,0.405,0.595,1.680672268907563,2.469135802469136,1.7058823529411764,2.5061728395061724,-141.0,150.0,-0.1292499999999999,0.0357408949999999,-0.042405997144217,0.042405997144217,0.0,0.048250191362433,-12.924999999999995,3.5740894999999995,-4.2405997144217,4.2405997144217,away,-135.0,-135.0,0.0357408949999999,0.048250191362433,0.595,4.2405997144217,0.0120625478406082,moneyline,ncaam,,,,,,,,,,,,,,,,,,,,,,,,,,,,,,,,,,,,,,,,,,,,,,,,,,,,,83.0,71.0,Loss,-1.0,-0.0120625478406082,NCAAM,AWAY,0.03_to_0.0399,3_to_5pp,2.5_to_5pct,0.50_to_0.60,minus_149_to_minus_125,UNBUCKETED,UNBUCKETED,WED,NOV
Basketball,NCAAM,NCAAM_2025_11_12_Valparaiso_Beacons_Nicholls_State_Colonels,2025_11_12,12:00 PM,Valparaiso Beacons,Nicholls State Colonels,0.59,0.41,71.6,74.2,145.8,143.5,-135.0,115.0,1.740741,2.15,2.15,1.7407407407407407,0.4651162790697674,0.574468085106383,0.447405997144217,0.552594002855783,0.59,0.41,2.4390243902439024,1.6949152542372885,2.4756097560975605,1.7203389830508475,147.0,-138.0,0.0270371899999999,-0.1185,0.0374059971442169,-0.037405997144217,0.0365001937249321,0.0,2.7037189999999933,-11.850000000000003,3.7405997144217,-3.740599714421706,home,-135.0,-135.0,0.0270371899999999,0.0365001937249321,0.59,3.7405997144217,0.009125048431233,moneyline,ncaam,,,,,,,,,,,,,,,,,,,,,,,,,,,,,,,,,,,,,,,,,,,,,,,,,,,,,68.0,63.0,Win,0.7407407407407407,0.0067592951342466,NCAAM,HOME,0.02_to_0.0299,3_to_5pp,2.5_to_5pct,0.50_to_0.60,minus_149_to_minus_125,UNBUCKETED,UNBUCKETED,WED,NOV
Basketball,NCAAM,NCAAM_2025_11_12_East_Tennessee_State_Buccaneers_Northern_Kentucky_Norse,2025_11_12,12:00 PM,East Tennessee State Buccaneers,Northern Kentucky Norse,0.693,0.307,67.1,72.3,139.4,142.5,,,,,,,,,,,,,,,,,,,,,,,,,,,,,away,6.5,-104.0,0.0710949677224761,0.073938801922,0.5460485433993509,5.062890735899156,0.0184847004805,spread,ncaam,-6.5,6.5,-108.0,-104.0,1.925926,1.961538,0.453951456600649,0.5460485433993509,2.2028787119406066,1.8313390120494344,2.423166583134668,2.014472913254378,142.0,101.0,0.5192307492603558,0.5098040415225196,0.5045803639596406,0.4954196360403594,-0.1257230869949385,0.0710949677224761,-0.0506289073589915,0.0506289073589915,0.0,0.073938801922,-12.57230869949385,7.109496772247614,-5.062890735899156,5.062890735899156,,,,,,,,,,,,,,,,,,,,,,,,,75.0,63.0,Loss,-1.0,-0.0184847004805,NCAAM,AWAY,0.05_to_0.0749,5_to_7pp,5_to_10pct,0.50_to_0.60,minus_109_to_minus_101,6.0_to_6.9,UNBUCKETED,WED,NOV
Basketball,NCAAM,NCAAM_2025_11_12_Marshall_Thundering_Herd_Elon_Phoenix,2025_11_12,12:00 PM,Marshall Thundering Herd,Elon Phoenix,0.779,0.221,68.5,76.5,145.0,155.5,,,,,,,,,,,,,,,,,,,,,,,,,,,,,away,9.5,-103.0,0.0900781125974032,0.0927804355636295,0.5530937607363045,5.5450604734464175,0.0231951088909073,spread,ncaam,-9.5,9.5,-105.0,-103.0,1.952381,1.970874,0.4469062392636955,0.5530937607363045,2.237605815590221,1.8080117169804133,2.461366397149243,1.9888128886784555,146.0,-101.0,0.5121951094586559,0.5073891075735942,0.5023568439981597,0.4976431560018403,-0.127468749680107,0.0900781125974032,-0.0554506047344642,0.0554506047344641,0.0,0.0927804355636295,-12.7468749680107,9.007811259740327,-5.545060473446423,5.5450604734464175,,,,,,,,,,,,,,,,,,,,,,,,,96.0,89.0,Win,0.970873786407767,0.0225195231950556,NCAAM,AWAY,0.075_to_0.0999,5_to_7pp,5_to_10pct,0.50_to_0.60,minus_109_to_minus_101,9.0_to_9.9,UNBUCKETED,WED,NOV
Basketball,NCAAM,NCAAM_2025_11_12_Saint_Bonaventure_Bonnies_Siena_Saints,2025_11_12,12:00 PM,Saint Bonaventure Bonnies,Siena Saints,0.788,0.212,62.9,70.9,133.8,141.0,,,,,,,,,,,,,,,,,,,,,,,,,,,,,away,9.5,-108.0,0.0652176542398275,0.0704350609442088,0.5530937607363042,4.612223409663995,0.0176087652360522,spread,ncaam,-9.5,9.5,-102.0,-108.0,1.980392,1.925926,0.4469062392636957,0.5530937607363042,2.23760581559022,1.8080117169804144,2.4613663971492423,1.988812888678456,146.0,-101.0,0.504950535045587,0.5192307492603558,0.4930284733603357,0.5069715266396643,-0.1149504590120911,0.0652176542398275,-0.0461222340966399,0.0461222340966399,0.0,0.0704350609442088,-11.49504590120911,6.521765423982751,-4.612223409663995,4.612223409663995,,,,,,,,,,,,,,,,,,,,,,,,,75.0,66.0,Win,0.925925925925926,0.0163044122556038,NCAAM,AWAY,0.05_to_0.0749,3_to_5pp,5_to_10pct,0.50_to_0.60,minus_109_to_minus_101,9.0_to_9.9,UNBUCKETED,WED,NOV
Basketball,NCAAM,NCAAM_2025_11_12_VCU_Rams_Saint_Peters_Peacocks,2025_11_12,12:00 PM,VCU Rams,Saint Peters Peacocks,0.971,0.029,54.7,75.3,130.0,147.0,,,,,,,,,,,,,,,,,,,,,,,,,,,,,away,21.5,-110.0,0.0154774982113032,0.0170252463299089,0.5319167594479798,3.191675944797978,0.0042563115824772,spread,ncaam,-21.5,21.5,-110.0,-110.0,1.909091,1.909091,0.4680832405520202,0.5319167594479798,2.136372152142596,1.8799934054301928,2.350009367356856,2.067992745973212,135.0,106.0,0.5238094988662143,0.5238094988662143,0.5,0.5,-0.106386498211303,0.0154774982113032,-0.0319167594479797,0.0319167594479797,0.0,0.0170252463299089,-10.638649821130308,1.5477498211303289,-3.191675944797978,3.191675944797978,,,,,,,,,,,,,,,,,,,,,,,,,78.0,61.0,Win,0.9090909090909092,0.0038693741658883,NCAAM,AWAY,0.01_to_0.0199,3_to_5pp,0.0_to_2.5pct,0.50_to_0.60,minus_124_to_minus_110,15.0_plus,UNBUCKETED,WED,NOV
Basketball,NCAAM,NCAAM_2025_11_12_Colorado_State_Rams_Cal_Poly_Mustangs,2025_11_12,12:00 PM,Colorado State Rams,Cal Poly Mustangs,0.958,0.042,68.6,86.1,154.7,164.5,,,,,,,,,,,,,,,,,,,,,,,,,,,,,away,19.0,-110.0,0.0559063207778323,0.0614969467059208,0.5530937607363045,5.309376073630445,0.0153742366764802,spread,ncaam,-19.0,19.0,-110.0,-110.0,1.909091,1.909091,0.4469062392636955,0.5530937607363045,2.237605815590221,1.8080117169804133,2.461366397149243,1.9888128886784555,146.0,-101.0,0.5238094988662143,0.5238094988662143,0.5,0.5,-0.1468153207778322,0.0559063207778323,-0.0530937607363045,0.0530937607363044,0.0,0.0614969467059208,-14.68153207778322,5.590632077783231,-5.3093760736304505,5.309376073630445,,,,,,,,,,,,,,,,,,,,,,,,,93.0,79.0,Win,0.9090909090909092,0.0139765787968001,NCAAM,AWAY,0.05_to_0.0749,5_to_7pp,5_to_10pct,0.50_to_0.60,minus_124_to_minus_110,15.0_plus,UNBUCKETED,WED,NOV
Basketball,NCAAM,NCAAM_2025_11_12_Utah_State_Aggies_Weber_State_Wildcats,2025_11_12,12:00 PM,Utah State Aggies,Weber State Wildcats,0.972,0.028,62.0,82.8,144.8,156.5,,,,,,,,,,,,,,,,,,,,,,,,,,,,,away,22.5,-108.0,0.0787540264703321,0.0850543417836112,0.5601222614318162,6.01222614318162,0.0212635854459028,spread,ncaam,-22.5,22.5,-108.0,-108.0,1.925926,1.925926,0.4398777385681838,0.5601222614318162,2.273358963913546,1.7853245065528076,2.500694860304901,1.9638569572080888,150.0,-103.0,0.5192307492603558,0.5192307492603558,0.5,0.5,-0.152828026470332,0.0787540264703321,-0.0601222614318162,0.0601222614318162,0.0,0.0850543417836112,-15.2828026470332,7.875402647033214,-6.01222614318162,6.01222614318162,,,,,,,,,,,,,,,,,,,,,,,,,83.0,73.0,Win,0.925925925925926,0.0196885050425025,NCAAM,AWAY,0.075_to_0.0999,5_to_7pp,5_to_10pct,0.50_to_0.60,minus_109_to_minus_101,15.0_plus,UNBUCKETED,WED,NOV
Basketball,NCAAM,NCAAM_2025_11_12_Canisius_Golden_Griffins_Mercyhurst_Lakers,2025_11_12,12:00 PM,Canisius Golden Griffins,Mercyhurst Lakers,0.533,0.467,66.2,67.1,133.3,135.0,,,,,,,,,,,,,,,,,,,,,,,,,,,,,under,135.0,-110.0,0.0273797938946191,0.0301177702723042,0.5381512949852151,3.815129498521508,0.007529442568076,total,ncaam,,,,,,,,,,,,,,,,,,,,,,,,,,,,,-110.0,-110.0,1.909091,1.909091,0.4618487050147849,0.5381512949852151,2.165211224242769,1.858213497428216,2.230167560970052,1.9139599023510625,0.5238094988662143,0.5238094988662143,0.5,0.5,-0.1182887938946192,0.0273797938946191,-0.038151294985215,0.038151294985215,0.0,0.0301177702723042,-11.82887938946192,2.73797938946192,-3.815129498521508,3.815129498521508,58.0,55.0,Win,0.9090909090909092,0.00684494778916,NCAAM,UNDER,0.02_to_0.0299,3_to_5pp,2.5_to_5pct,0.50_to_0.60,minus_124_to_minus_110,UNBUCKETED,135_to_139.9,WED,NOV
Basketball,NCAAM,NCAAM_2025_11_13_Alabama_AM_Bulldogs_Charleston_Southern_Buccaneers,2025_11_13,12:00 PM,Alabama AM Bulldogs,Charleston Southern Buccaneers,0.555,0.445,74.5,76.1,150.6,152.5,-120.0,100.0,1.833333,2.0,2.0,1.8333333333333333,0.5,0.5454545454545454,0.4782608695652174,0.5217391304347826,0.555,0.445,2.247191011235955,1.8018018018018016,2.2808988764044944,1.8288288288288284,128.0,-120.0,0.017499815,-0.1099999999999999,0.0332608695652174,-0.0332608695652174,0.0209997863999147,0.0,1.7499815000000083,-10.999999999999998,3.326086956521745,-3.32608695652174,home,-120.0,-120.0,0.017499815,0.0209997863999147,0.555,3.326086956521745,0.0052499465999786,moneyline,ncaam,,,,,,,,,,,,,,,,,,,,,,,,,,,,,,,,,,,,,,,,,,,,,,,,,,,,,68.0,64.0,Win,0.8333333333333335,0.0043749554999821,NCAAM,HOME,0.01_to_0.0199,3_to_5pp,0.0_to_2.5pct,0.50_to_0.60,minus_124_to_minus_110,UNBUCKETED,UNBUCKETED,THU,NOV
Basketball,NCAAM,NCAAM_2025_11_14_Iona_Gaels_Fordham_Rams,2025_11_14,12:00 PM,Iona Gaels,Fordham Rams,0.677,0.323,69.6,74.5,144.1,158.5,,,,,,,,,,,,,,,,,,,,,,,,,,,,,away,6.0,-110.0,0.0289786789203192,0.0318765436246968,0.5389888061492717,1.5179294217514627,0.0079691359061742,spread,ncaam,-6.0,6.0,110.0,-110.0,2.1,1.909091,0.4610111938507283,0.5389888061492717,2.1691447265026538,1.855326100637148,2.3860591991529194,2.040858710700863,138.0,104.0,0.4761904761904761,0.5238094988662143,0.4761904880682429,0.5238095119317571,-0.0318764929134705,0.0289786789203192,-0.0151792942175145,0.0151792942175146,0.0,0.0318765436246968,-3.18764929134705,2.8978678920319245,-1.5179294217514572,1.5179294217514627,,,,,,,,,,,,,,,,,,,,,,,,,76.0,71.0,Win,0.9090909090909092,0.0072446690056129,NCAAM,AWAY,0.02_to_0.0299,1_to_2pp,2.5_to_5pct,0.50_to_0.60,minus_124_to_minus_110,6.0_to_6.9,UNBUCKETED,FRI,NOV
Basketball,NCAAM,NCAAM_2025_11_14_Ole_Miss_Rebels_California_State_Bakersfield_Roadrunners,2025_11_14,12:00 PM,Ole Miss Rebels,California State Bakersfield Roadrunners,0.978,0.022,62.3,84.6,146.9,140.0,,,,,,,,,,,,,,,,,,,,,,,,,,,,,away,23.0,-104.0,0.0294830614673715,0.0306623986440177,0.5248346254150424,2.9414989374683067,0.0076655996610044,spread,ncaam,-23.0,23.0,-108.0,-104.0,1.925926,1.961538,0.4751653745849575,0.5248346254150424,2.104530450842445,1.9053620923146863,2.3149834959266897,2.095898301546155,131.0,109.0,0.5192307492603558,0.5098040415225196,0.5045803639596406,0.4954196360403594,-0.0848666507870911,0.0294830614673715,-0.029414989374683,0.029414989374683,0.0,0.0306623986440177,-8.48666507870911,2.9483061467371563,-2.9414989374683067,2.9414989374683067,,,,,,,,,,,,,,,,,,,,,,,,,82.0,60.0,Win,0.9615384615384616,0.0073707689048119,NCAAM,AWAY,0.02_to_0.0299,2_to_3pp,2.5_to_5pct,0.50_to_0.60,minus_109_to_minus_101,15.0_plus,UNBUCKETED,FRI,NOV
Basketball,NCAAM,NCAAM_2025_11_14_Stephen_F_Austin_Lumberjacks_Abilene_Christian_Wildcats,2025_11_14,12:00 PM,Stephen F Austin Lumberjacks,Abilene Christian Wildcats,0.744,0.256,63.8,70.8,134.6,141.5,,,,,,,,,,,,,,,,,,,,,,,,,,,,,home,-6.0,-110.0,0.0222307613842629,0.0244538350773057,0.5354541828463195,3.5454182846319515,0.0061134587693264,spread,ncaam,-6.0,6.0,-110.0,-110.0,1.909091,1.909091,0.5354541828463195,0.4645458171536805,1.867573420912111,2.1526401983922745,2.0543307630033225,2.367904218231502,105.0,136.0,0.5238094988662143,0.5238094988662143,0.5,0.5,0.0222307613842629,-0.1131397613842629,0.0354541828463195,-0.0354541828463195,0.0244538350773057,0.0,2.2230761384262943,-11.313976138426296,3.5454182846319515,-3.5454182846319515,,,,,,,,,,,,,,,,,,,,,,,,,76.0,66.0,Win,0.9090909090909092,0.0055576897902967,NCAAM,HOME,0.02_to_0.0299,3_to_5pp,0.0_to_2.5pct,0.50_to_0.60,minus_124_to_minus_110,6.0_to_6.9,UNBUCKETED,FRI,NOV
Basketball,NCAAM,NCAAM_2025_11_14_Kentucky_Wildcats_Eastern_Illinois_Panthers,2025_11_14,12:00 PM,Kentucky Wildcats,Eastern Illinois Panthers,0.992,0.008,60.4,89.1,149.5,148.0,,,,,,,,,,,,,,,,,,,,,,,,,,,,,over,148.0,-104.0,0.0468224079593908,0.0486953276515237,0.5336742943340332,4.044929136939884,0.0121738319128809,total,ncaam,,,,,,,,,,,,,,,,,,,,,,,,,,,,,-104.0,-110.0,1.961538,1.909091,0.5336742943340332,0.4663257056659667,1.873802074817731,2.1444239248443,1.930016137062263,2.208756642589629,0.5098040415225196,0.5238094988662143,0.4932250029646344,0.5067749970353655,0.0468224079593908,-0.1097417922444539,0.0404492913693988,-0.0404492913693988,0.0486953276515237,0.0,4.6822407959390855,-10.97417922444539,4.044929136939884,-4.044929136939884,99.0,53.0,Win,0.9615384615384616,0.0117056076085393,NCAAM,OVER,0.04_to_0.0499,3_to_5pp,2.5_to_5pct,0.50_to_0.60,minus_109_to_minus_101,UNBUCKETED,145_to_149.9,FRI,NOV
Basketball,NCAAM,NCAAM_2025_11_15_Northeastern_Huskies_Vermont_Catamounts,2025_11_15,12:00 PM,Northeastern Huskies,Vermont Catamounts,0.534,0.466,64.9,65.9,130.8,137.0,-110.0,105.0,1.909091,2.05,2.05,1.9090909090909087,0.4878048780487805,0.5238095238095238,0.4822043628013777,0.5177956371986222,0.534,0.466,2.145922746781116,1.8726591760299625,2.178111587982832,1.900749063670412,117.0,-111.0,0.0194545940000001,-0.0447,0.0162043628013778,-0.0162043628013776,0.0214000512599949,0.0,1.945459400000016,-4.470000000000008,1.6204362801377823,-1.620436280137766,home,-110.0,-110.0,0.0194545940000001,0.0214000512599949,0.534,1.6204362801377823,0.0053500128149987,moneyline,ncaam,,,,,,,,,,,,,,,,,,,,,,,,,,,,,,,,,,,,,,,,,,,,,,,,,,,,,74.0,85.0,Loss,-1.0,-0.0053500128149987,NCAAM,HOME,0.01_to_0.0199,1_to_2pp,0.0_to_2.5pct,0.50_to_0.60,minus_124_to_minus_110,UNBUCKETED,UNBUCKETED,SAT,NOV
Basketball,NCAAM,NCAAM_2025_11_15_NJIT_Highlanders_Fairleigh_Dickinson_Knights,2025_11_15,12:00 PM,NJIT Highlanders,Fairleigh Dickinson Knights,0.569,0.431,68.8,70.8,139.6,145.5,-130.0,120.0,1.769231,2.2,2.2,1.7692307692307692,0.4545454545454545,0.5652173913043479,0.4457364341085271,0.5542635658914729,0.569,0.431,2.320185614849188,1.7574692442882252,2.3549883990719254,1.7838312829525484,135.0,-127.0,0.0066924389999998,-0.0517999999999999,0.014736434108527,-0.014736434108527,0.0087001680899494,0.0,0.6692438999999828,-5.179999999999996,1.4736434108527097,-1.4736434108527097,home,-130.0,-130.0,0.0066924389999998,0.0087001680899494,0.569,1.4736434108527097,0.0021750420224873,moneyline,ncaam,,,,,,,,,,,,,,,,,,,,,,,,,,,,,,,,,,,,,,,,,,,,,,,,,,,,,93.0,81.0,Win,0.7692307692307692,0.0016731092480671,NCAAM,HOME,0.00_to_0.0099,1_to_2pp,0.0_to_2.5pct,0.50_to_0.60,minus_149_to_minus_125,UNBUCKETED,UNBUCKETED,SAT,NOV
Basketball,NCAAM,NCAAM_2025_11_15_Kansas_Jayhawks_Princeton_Tigers,2025_11_15,12:00 PM,Kansas Jayhawks,Princeton Tigers,0.975,0.025,63.0,84.7,147.7,143.0,,,,,,,,,,,,,,,,,,,,,,,,,,,,,away,22.5,-108.0,0.0176146440093252,0.0190238140081659,0.5283768140672721,2.61193126238668,0.0047559535020414,spread,ncaam,-22.5,22.5,-106.0,-108.0,1.943396,1.925926,0.4716231859327279,0.5283768140672721,2.1203368066442763,1.8925887233815704,2.332370487308704,2.081847595719728,133.0,108.0,0.5145631667452233,0.5192307492603558,0.4977424985565946,0.5022575014434053,-0.0834493869510804,0.0176146440093252,-0.0261193126238666,0.0261193126238667,0.0,0.0190238140081659,-8.34493869510804,1.761464400932522,-2.6119312623866686,2.61193126238668,,,,,,,,,,,,,,,,,,,,,,,,,76.0,57.0,Win,0.925925925925926,0.0044036606500383,NCAAM,AWAY,0.01_to_0.0199,2_to_3pp,0.0_to_2.5pct,0.50_to_0.60,minus_109_to_minus_101,15.0_plus,UNBUCKETED,SAT,NOV
Basketball,NCAAM,NCAAM_2025_11_15_SMU_Mustangs_Butler_Bulldogs,2025_11_15,12:00 PM,SMU Mustangs,Butler Bulldogs,0.722,0.278,72.0,78.3,150.3,164.0,,,,,,,,,,,,,,,,,,,,,,,,,,,,,away,8.0,-108.0,0.0787540264703321,0.0850543417836112,0.5601222614318162,6.231716695635492,0.0212635854459028,spread,ncaam,-8.0,8.0,-110.0,-108.0,1.909091,1.925926,0.4398777385681838,0.5601222614318162,2.273358963913546,1.7853245065528076,2.500694860304901,1.9638569572080888,150.0,-103.0,0.5238094988662143,0.5192307492603558,0.5021949055245387,0.4978050944754613,-0.1602333681991273,0.0787540264703321,-0.0623171669563549,0.0623171669563549,0.0,0.0850543417836112,-16.023336819912736,7.875402647033214,-6.231716695635492,6.231716695635492,,,,,,,,,,,,,,,,,,,,,,,,,87.0,85.0,Win,0.925925925925926,0.0196885050425025,NCAAM,AWAY,0.075_to_0.0999,5_to_7pp,5_to_10pct,0.50_to_0.60,minus_109_to_minus_101,8.0_to_8.9,UNBUCKETED,SAT,NOV
Basketball,NCAAM,NCAAM_2025_11_15_Boise_State_Broncos_Montana_State_Bobcats,2025_11_15,12:00 PM,Boise State Broncos,Montana State Bobcats,0.949,0.051,62.1,78.4,140.5,147.5,,,,,,,,,,,,,,,,,,,,,,,,,,,,,away,17.0,-108.0,0.0107926507870905,0.0116560619175729,0.5248346254150422,2.142398773215637,0.0029140154793932,spread,ncaam,-17.0,17.0,-105.0,-108.0,1.952381,1.925926,0.4751653745849578,0.5248346254150422,2.104530450842444,1.9053620923146872,2.3149834959266884,2.095898301546156,131.0,109.0,0.5121951094586559,0.5192307492603558,0.4965893623171141,0.5034106376828859,-0.0722961508024455,0.0107926507870905,-0.0214239877321563,0.0214239877321563,0.0,0.0116560619175729,-7.229615080244556,1.0792650787090574,-2.142398773215631,2.142398773215637,,,,,,,,,,,,,,,,,,,,,,,,,62.0,58.0,Win,0.925925925925926,0.0026981624809196,NCAAM,AWAY,0.01_to_0.0199,2_to_3pp,0.0_to_2.5pct,0.50_to_0.60,minus_109_to_minus_101,15.0_plus,UNBUCKETED,SAT,NOV
Basketball,NCAAM,NCAAM_2025_11_15_UNC_Wilmington_Seahawks_USC_Upstate_Spartans,2025_11_15,12:00 PM,UNC Wilmington Seahawks,USC Upstate Spartans,0.913,0.087,71.4,84.6,156.0,155.0,,,,,,,,,,,,,,,,,,,,,,,,,,,,,away,15.0,-110.0,0.076020121900679,0.0836221257285343,0.5636295608227575,6.36295608227575,0.0209055314321335,spread,ncaam,-15.0,15.0,-110.0,-110.0,1.909091,1.909091,0.4363704391772425,0.5636295608227575,2.291630940641755,1.774214962288797,2.520794034705931,1.9516364585176769,152.0,-105.0,0.5238094988662143,0.5238094988662143,0.5,0.5,-0.1669291219006788,0.076020121900679,-0.0636295608227575,0.0636295608227575,0.0,0.0836221257285343,-16.692912190067887,7.602012190067908,-6.36295608227575,6.36295608227575,,,,,,,,,,,,,,,,,,,,,,,,,73.0,60.0,Win,0.9090909090909092,0.0190050285746668,NCAAM,AWAY,0.075_to_0.0999,5_to_7pp,5_to_10pct,0.50_to_0.60,minus_124_to_minus_110,15.0_plus,UNBUCKETED,SAT,NOV
Basketball,NCAAM,NCAAM_2025_11_15_Omaha_Mavericks_Southern_Utah_Thunderbirds,2025_11_15,12:00 PM,Omaha Mavericks,Southern Utah Thunderbirds,0.792,0.208,71.7,80.0,151.7,152.5,,,,,,,,,,,,,,,,,,,,,,,,,,,,,away,9.0,-108.0,0.010792650787091,0.0116560619175734,0.5248346254150424,2.702953093958116,0.0029140154793933,spread,ncaam,-9.0,9.0,-110.0,-108.0,1.909091,1.925926,0.4751653745849575,0.5248346254150424,2.104530450842445,1.9053620923146863,2.3149834959266897,2.095898301546155,131.0,109.0,0.5238094988662143,0.5192307492603558,0.5021949055245387,0.4978050944754613,-0.0928660598682288,0.010792650787091,-0.0270295309395812,0.0270295309395811,0.0,0.0116560619175734,-9.286605986822885,1.0792650787091018,-2.702953093958121,2.702953093958116,,,,,,,,,,,,,,,,,,,,,,,,,90.0,85.0,Win,0.925925925925926,0.0026981624809197,NCAAM,AWAY,0.01_to_0.0199,2_to_3pp,0.0_to_2.5pct,0.50_to_0.60,minus_109_to_minus_101,9.0_to_9.9,UNBUCKETED,SAT,NOV
Basketball,NCAAM,NCAAM_2025_11_15_Villanova_Wildcats_Duquesne_Dukes,2025_11_15,12:00 PM,Villanova Wildcats,Duquesne Dukes,0.844,0.156,62.6,72.4,135.0,150.5,,,,,,,,,,,,,,,,,,,,,,,,,,,,,away,10.5,-104.0,0.0294830614673711,0.0306623986440173,0.5248346254150422,2.6004424790042115,0.0076655996610043,spread,ncaam,-10.5,10.5,-105.0,-104.0,1.952381,1.961538,0.4751653745849578,0.5248346254150422,2.104530450842444,1.9053620923146872,2.3149834959266884,2.095898301546156,131.0,109.0,0.5121951094586559,0.5098040415225196,0.5011697993749998,0.4988302006250001,-0.0722961508024455,0.0294830614673711,-0.026004424790042,0.0260044247900421,0.0,0.0306623986440173,-7.229615080244556,2.948306146737112,-2.6004424790042058,2.6004424790042115,,,,,,,,,,,,,,,,,,,,,,,,,87.0,77.0,Win,0.9615384615384616,0.0073707689048118,NCAAM,AWAY,0.02_to_0.0299,2_to_3pp,2.5_to_5pct,0.50_to_0.60,minus_109_to_minus_101,10.0_to_11.9,UNBUCKETED,SAT,NOV
Basketball,NCAAM,NCAAM_2025_11_18_Boston_College_Eagles_Hampton_Pirates,2025_11_18,12:00 PM,Boston College Eagles,Hampton Pirates,0.878,0.122,64.3,75.3,139.6,135.5,,,,,,,,,,,,,,,,,,,,,,,,,,,,,away,12.5,-108.0,0.0652176542398279,0.0704350609442093,0.5530937607363045,5.528866626084317,0.0176087652360523,spread,ncaam,-12.5,12.5,-110.0,-108.0,1.909091,1.925926,0.4469062392636955,0.5530937607363045,2.237605815590221,1.8080117169804133,2.461366397149243,1.9888128886784555,146.0,-101.0,0.5238094988662143,0.5192307492603558,0.5021949055245387,0.4978050944754613,-0.1468153207778322,0.0652176542398279,-0.0552886662608432,0.0552886662608431,0.0,0.0704350609442093,-14.68153207778322,6.521765423982795,-5.528866626084322,5.528866626084317,,,,,,,,,,,,,,,,,,,,,,,,,63.0,52.0,Win,0.925925925925926,0.0163044122556039,NCAAM,AWAY,0.05_to_0.0749,5_to_7pp,5_to_10pct,0.50_to_0.60,minus_109_to_minus_101,12.0_to_14.9,UNBUCKETED,TUE,NOV
Basketball,NCAAM,NCAAM_2025_11_18_UNC_Wilmington_Seahawks_East_Carolina_Pirates,2025_11_18,12:00 PM,UNC Wilmington Seahawks,East Carolina Pirates,0.679,0.321,70.6,75.6,146.2,150.0,,,,,,,,,,,,,,,,,,,,,,,,,,,,,away,7.0,-108.0,0.0989890402196964,0.1069081548846197,0.5706289027821922,7.282380830673096,0.0267270387211549,spread,ncaam,-7.0,7.0,-110.0,-108.0,1.909091,1.925926,0.4293710972178077,0.5706289027821922,2.328987690321243,1.752452417191524,2.561886459353368,1.927697658910677,156.0,-107.0,0.5238094988662143,0.5192307492603558,0.5021949055245387,0.4978050944754613,-0.1802915026413583,0.0989890402196964,-0.072823808306731,0.0728238083067309,0.0,0.1069081548846197,-18.02915026413583,9.898904021969646,-7.282380830673102,7.282380830673096,,,,,,,,,,,,,,,,,,,,,,,,,85.0,60.0,Loss,-1.0,-0.0267270387211549,NCAAM,AWAY,0.075_to_0.0999,7_to_10pp,10_to_20pct,0.50_to_0.60,minus_109_to_minus_101,7.0_to_7.9,UNBUCKETED,TUE,NOV
Basketball,NCAAM,NCAAM_2025_11_18_Georgia_Tech_Yellow_Jackets_Georgia_Southern_Eagles,2025_11_18,12:00 PM,Georgia Tech Yellow Jackets,Georgia Southern Eagles,0.852,0.148,69.2,79.4,148.6,162.5,,,,,,,,,,,,,,,,,,,,,,,,,,,,,away,11.5,-105.0,0.0660948012105682,0.0693995378011196,0.5460485433993509,5.688281473651796,0.0173498844502799,spread,ncaam,-11.5,11.5,-115.0,-105.0,1.869565,1.952381,0.453951456600649,0.5460485433993509,2.2028787119406066,1.8313390120494344,2.423166583134668,2.014472913254378,142.0,101.0,0.5348837831260214,0.5121951094586559,0.510834271337167,0.489165728662833,-0.1513082450404076,0.0660948012105682,-0.0568828147365179,0.0568828147365179,0.0,0.0693995378011196,-15.130824504040763,6.609480121056821,-5.688281473651796,5.688281473651796,,,,,,,,,,,,,,,,,,,,,,,,,68.0,66.0,Win,0.9523809523809524,0.016523699476457,NCAAM,AWAY,0.05_to_0.0749,5_to_7pp,5_to_10pct,0.50_to_0.60,minus_109_to_minus_101,10.0_to_11.9,UNBUCKETED,TUE,NOV
Basketball,NCAAM,NCAAM_2025_11_18_Arkansas_Razorbacks_Winthrop_Eagles,2025_11_18,12:00 PM,Arkansas Razorbacks,Winthrop Eagles,0.96,0.04,71.8,89.8,161.6,168.5,,,,,,,,,,,,,,,,,,,,,,,,,,,,,away,20.0,-110.0,0.0893825026413581,0.0983207430734197,0.5706289027821922,7.062890278219225,0.0245801857683549,spread,ncaam,-20.0,20.0,-110.0,-110.0,1.909091,1.909091,0.4293710972178077,0.5706289027821922,2.328987690321243,1.752452417191524,2.561886459353368,1.927697658910677,156.0,-107.0,0.5238094988662143,0.5238094988662143,0.5,0.5,-0.1802915026413583,0.0893825026413581,-0.0706289027821923,0.0706289027821922,0.0,0.0983207430734197,-18.02915026413583,8.938250264135817,-7.06289027821923,7.062890278219225,,,,,,,,,,,,,,,,,,,,,,,,,84.0,83.0,Win,0.9090909090909092,0.0223456234257771,NCAAM,AWAY,0.075_to_0.0999,7_to_10pp,5_to_10pct,0.50_to_0.60,minus_124_to_minus_110,15.0_plus,UNBUCKETED,TUE,NOV
Basketball,NCAAM,NCAAM_2025_11_18_Northern_Iowa_Panthers_Northern_Illinois_Huskies,2025_11_18,12:00 PM,Northern Iowa Panthers,Northern Illinois Huskies,0.961,0.039,63.0,81.1,144.1,145.5,,,,,,,,,,,,,,,,,,,,,,,,,,,,,away,19.5,-108.0,0.0584371312396729,0.063112096689879,0.5495731046985569,4.616246701567106,0.0157780241724697,spread,ncaam,-19.5,19.5,-105.0,-108.0,1.952381,1.925926,0.4504268953014431,0.5495731046985569,2.220116095267272,1.819594138524126,2.442127704794,2.001553552376539,144.0,100.0,0.5121951094586559,0.5192307492603558,0.4965893623171141,0.5034106376828859,-0.1205950877244732,0.0584371312396729,-0.046162467015671,0.046162467015671,0.0,0.063112096689879,-12.059508772447325,5.843713123967298,-4.616246701567101,4.616246701567106,,,,,,,,,,,,,,,,,,,,,,,,,70.0,57.0,Win,0.925925925925926,0.0146092816411756,NCAAM,AWAY,0.05_to_0.0749,3_to_5pp,5_to_10pct,0.50_to_0.60,minus_109_to_minus_101,15.0_plus,UNBUCKETED,TUE,NOV
Basketball,NCAAM,NCAAM_2025_11_19_USC_Upstate_Spartans_Tennessee_Tech_Golden_Eagles,2025_11_19,12:00 PM,USC Upstate Spartans,Tennessee Tech Golden Eagles,0.571,0.429,75.7,77.9,153.6,150.0,-130.0,110.0,1.769231,2.1,2.1,1.7692307692307692,0.4761904761904761,0.5652173913043479,0.4572564612326044,0.5427435387673957,0.571,0.429,2.331002331002331,1.7513134851138354,2.3659673659673657,1.7775831873905428,136.0,-128.0,0.0102309009999999,-0.0990999999999999,0.0282564612326042,-0.0282564612326043,0.0133001673099496,0.0,1.0230900999999903,-9.909999999999997,2.825646123260428,-2.825646123260439,home,-130.0,-130.0,0.0102309009999999,0.0133001673099496,0.571,2.825646123260428,0.0033250418274874,moneyline,ncaam,,,,,,,,,,,,,,,,,,,,,,,,,,,,,,,,,,,,,,,,,,,,,,,,,,,,,84.0,88.0,Loss,-1.0,-0.0033250418274874,NCAAM,HOME,0.01_to_0.0199,2_to_3pp,0.0_to_2.5pct,0.50_to_0.60,minus_149_to_minus_125,UNBUCKETED,UNBUCKETED,WED,NOV
Basketball,NCAAM,NCAAM_2025_11_19_La_Salle_Explorers_Villanova_Wildcats,2025_11_19,12:00 PM,La Salle Explorers,Villanova Wildcats,0.141,0.859,77.3,65.6,142.9,143.0,,,,,,,,,,,,,,,,,,,,,,,,,,,,,away,-10.0,-110.0,0.0693243681991275,0.0762567973933604,0.5601222614318162,6.01222614318162,0.0190641993483401,spread,ncaam,10.0,-10.0,-110.0,-110.0,1.909091,1.909091,0.4398777385681838,0.5601222614318162,2.273358963913546,1.7853245065528076,2.500694860304901,1.9638569572080888,150.0,-103.0,0.5238094988662143,0.5238094988662143,0.5,0.5,-0.1602333681991273,0.0693243681991275,-0.0601222614318162,0.0601222614318162,0.0,0.0762567973933604,-16.023336819912736,6.932436819912757,-6.01222614318162,6.01222614318162,,,,,,,,,,,,,,,,,,,,,,,,,55.0,70.0,Win,0.9090909090909092,0.0173310903166728,NCAAM,AWAY,0.05_to_0.0749,5_to_7pp,5_to_10pct,0.50_to_0.60,minus_124_to_minus_110,10.0_to_11.9,UNBUCKETED,WED,NOV
Basketball,NCAAM,NCAAM_2025_11_19_South_Carolina_State_Bulldogs_Chattanooga_Mocs,2025_11_19,12:00 PM,South Carolina State Bulldogs,Chattanooga Mocs,0.211,0.789,80.7,71.5,152.2,154.5,,,,,,,,,,,,,,,,,,,,,,,,,,,,,home,10.5,-115.0,0.0208732450404074,0.024004237797528,0.5460485433993509,3.521427206218397,0.006001059449382,spread,ncaam,10.5,-10.5,-115.0,-105.0,1.869565,1.952381,0.5460485433993509,0.453951456600649,1.8313390120494344,2.2028787119406066,2.014472913254378,2.423166583134668,101.0,142.0,0.5348837831260214,0.5121951094586559,0.510834271337167,0.489165728662833,0.0208732450404074,-0.1137138012105682,0.0352142720621839,-0.0352142720621839,0.024004237797528,0.0,2.087324504040744,-11.371380121056829,3.521427206218397,-3.521427206218397,,,,,,,,,,,,,,,,,,,,,,,,,66.0,78.0,Loss,-1.0,-0.006001059449382,NCAAM,HOME,0.02_to_0.0299,3_to_5pp,0.0_to_2.5pct,0.50_to_0.60,minus_124_to_minus_110,10.0_to_11.9,UNBUCKETED,WED,NOV
Basketball,NCAAM,NCAAM_2025_11_19_Temple_Owls_Hofstra_Pride,2025_11_19,12:00 PM,Temple Owls,Hofstra Pride,0.697,0.303,66.5,71.8,138.3,145.0,,,,,,,,,,,,,,,,,,,,,,,,,,,,,away,6.0,-105.0,0.0246771508024459,0.0259110070470178,0.5248346254150424,3.5668896752209465,0.0064777517617544,spread,ncaam,-6.0,6.0,-115.0,-105.0,1.869565,1.952381,0.4751653745849575,0.5248346254150424,2.104530450842445,1.9053620923146863,2.3149834959266897,2.095898301546155,131.0,109.0,0.5348837831260214,0.5121951094586559,0.510834271337167,0.489165728662833,-0.1116474464640739,0.0246771508024459,-0.0356688967522094,0.0356688967522094,0.0,0.0259110070470178,-11.1647446464074,2.4677150802445924,-3.5668896752209465,3.5668896752209465,,,,,,,,,,,,,,,,,,,,,,,,,81.0,76.0,Win,0.9523809523809524,0.006169287392147,NCAAM,AWAY,0.02_to_0.0299,3_to_5pp,2.5_to_5pct,0.50_to_0.60,minus_109_to_minus_101,6.0_to_6.9,UNBUCKETED,WED,NOV
Basketball,NCAAM,NCAAM_2025_11_19_Oklahoma_State_Cowboys_South_Florida_Bulls,2025_11_19,12:00 PM,Oklahoma State Cowboys,South Florida Bulls,0.735,0.265,72.3,79.1,151.4,177.5,,,,,,,,,,,,,,,,,,,,,,,,,,,,,home,-5.5,-115.0,0.0208732450404074,0.024004237797528,0.5460485433993509,3.521427206218397,0.006001059449382,spread,ncaam,-5.5,5.5,-115.0,-105.0,1.869565,1.952381,0.5460485433993509,0.453951456600649,1.8313390120494344,2.2028787119406066,2.014472913254378,2.423166583134668,101.0,142.0,0.5348837831260214,0.5121951094586559,0.510834271337167,0.489165728662833,0.0208732450404074,-0.1137138012105682,0.0352142720621839,-0.0352142720621839,0.024004237797528,0.0,2.087324504040744,-11.371380121056829,3.521427206218397,-3.521427206218397,,,,,,,,,,,,,,,,,,,,,,,,,103.0,95.0,Win,0.8695652173913042,0.0052183125646799,NCAAM,HOME,0.02_to_0.0299,3_to_5pp,0.0_to_2.5pct,0.50_to_0.60,minus_124_to_minus_110,5.0_to_5.9,UNBUCKETED,WED,NOV
Basketball,NCAAM,NCAAM_2025_11_19_Belmont_Bruins_Lipscomb_Bisons,2025_11_19,12:00 PM,Belmont Bruins,Lipscomb Bisons,0.867,0.133,72.3,83.0,155.3,159.0,,,,,,,,,,,,,,,,,,,,,,,,,,,,,away,12.5,-110.0,0.0760201219006779,0.0836221257285331,0.563629560822757,6.362956082275694,0.0209055314321332,spread,ncaam,-12.5,12.5,-110.0,-110.0,1.909091,1.909091,0.436370439177243,0.563629560822757,2.291630940641752,1.7742149622887988,2.5207940347059274,1.9516364585176789,152.0,-105.0,0.5238094988662143,0.5238094988662143,0.5,0.5,-0.166929121900678,0.0760201219006779,-0.063629560822757,0.0636295608227569,0.0,0.0836221257285331,-16.692912190067798,7.602012190067797,-6.3629560822757005,6.362956082275694,,,,,,,,,,,,,,,,,,,,,,,,,75.0,68.0,Win,0.9090909090909092,0.0190050285746665,NCAAM,AWAY,0.075_to_0.0999,5_to_7pp,5_to_10pct,0.50_to_0.60,minus_124_to_minus_110,12.0_to_14.9,UNBUCKETED,WED,NOV
Basketball,NCAAM,NCAAM_2025_11_19_Washington_State_Cougars_Southern_Utah_Thunderbirds,2025_11_19,12:00 PM,Washington State Cougars,Southern Utah Thunderbirds,0.886,0.114,71.0,82.4,153.4,156.5,,,,,,,,,,,,,,,,,,,,,,,,,,,,,away,12.5,-110.0,0.0289786789203192,0.0318765436246968,0.5389888061492717,3.338343078982331,0.0079691359061742,spread,ncaam,-12.5,12.5,-105.0,-110.0,1.952381,1.909091,0.4610111938507283,0.5389888061492717,2.1691447265026538,1.855326100637148,2.3860591991529194,2.040858710700863,138.0,104.0,0.5121951094586559,0.5238094988662143,0.4943946246405516,0.5056053753594484,-0.0999305043385212,0.0289786789203192,-0.0333834307898233,0.0333834307898233,0.0,0.0318765436246968,-9.993050433852124,2.8978678920319245,-3.338343078982331,3.338343078982331,,,,,,,,,,,,,,,,,,,,,,,,,98.0,74.0,Loss,-1.0,-0.0079691359061742,NCAAM,AWAY,0.02_to_0.0299,3_to_5pp,2.5_to_5pct,0.50_to_0.60,minus_124_to_minus_110,12.0_to_14.9,UNBUCKETED,WED,NOV
Basketball,NCAAM,NCAAM_2025_11_19_South_Carolina_State_Bulldogs_Chattanooga_Mocs,2025_11_19,12:00 PM,South Carolina State Bulldogs,Chattanooga Mocs,0.211,0.789,80.7,71.5,152.2,154.5,,,,,,,,,,,,,,,,,,,,,,,,,,,,,under,154.5,-112.0,0.0440073175875976,0.0492882035842219,0.5515510773331518,4.72212947820092,0.0123220508960554,total,ncaam,,,,,,,,,,,,,,,,,,,,,,,,,,,,,-108.0,-112.0,1.925926,1.892857,0.4484489226668482,0.5515510773331518,2.2299083562363644,1.813068709493197,2.2968056069234555,1.8674607707779929,0.5192307492603558,0.5283019266642963,0.4956702174488574,0.5043297825511426,-0.1363205601639276,0.0440073175875976,-0.0472212947820092,0.0472212947820092,0.0,0.0492882035842219,-13.632056016392768,4.400731758759768,-4.72212947820092,4.72212947820092,66.0,78.0,Win,0.8928571428571428,0.0110018311571923,NCAAM,UNDER,0.04_to_0.0499,3_to_5pp,2.5_to_5pct,0.50_to_0.60,minus_124_to_minus_110,UNBUCKETED,150_to_154.9,WED,NOV
Basketball,NCAAM,NCAAM_2025_11_20_Cornell_Big_Red_Colgate_Raiders,2025_11_20,12:00 PM,Cornell Big Red,Colgate Raiders,0.651,0.349,75.4,79.6,155.0,161.0,,,,,,,,,,,,,,,,,,,,,,,,,,,,,away,6.0,-110.0,0.076020121900679,0.0836221257285343,0.5636295608227575,6.36295608227575,0.0209055314321335,spread,ncaam,-6.0,6.0,-110.0,-110.0,1.909091,1.909091,0.4363704391772425,0.5636295608227575,2.291630940641755,1.774214962288797,2.520794034705931,1.9516364585176769,152.0,-105.0,0.5238094988662143,0.5238094988662143,0.5,0.5,-0.1669291219006788,0.076020121900679,-0.0636295608227575,0.0636295608227575,0.0,0.0836221257285343,-16.692912190067887,7.602012190067908,-6.36295608227575,6.36295608227575,,,,,,,,,,,,,,,,,,,,,,,,,95.0,94.0,Win,0.9090909090909092,0.0190050285746668,NCAAM,AWAY,0.075_to_0.0999,5_to_7pp,5_to_10pct,0.50_to_0.60,minus_124_to_minus_110,6.0_to_6.9,UNBUCKETED,THU,NOV
Basketball,NCAAM,NCAAM_2025_11_20_North_Texas_Mean_Green_Central_Arkansas_Bears,2025_11_20,12:00 PM,North Texas Mean Green,Central Arkansas Bears,0.971,0.029,56.2,76.9,133.1,135.0,,,,,,,,,,,,,,,,,,,,,,,,,,,,,under,135.0,-110.0,0.035917576593113,0.0395093303014912,0.5426234666619417,4.262346666194173,0.0098773325753728,total,ncaam,,,,,,,,,,,,,,,,,,,,,,,,,,,,,-110.0,-110.0,1.909091,1.909091,0.4573765333380583,0.5426234666619417,2.186382394176912,1.8428985501709,2.25197386600222,1.898185506676027,0.5238094988662143,0.5238094988662143,0.5,0.5,-0.1268265765931129,0.035917576593113,-0.0426234666619417,0.0426234666619417,0.0,0.0395093303014912,-12.682657659311293,3.591757659311301,-4.262346666194173,4.262346666194173,74.0,56.0,Win,0.9090909090909092,0.0089793932503389,NCAAM,UNDER,0.03_to_0.0399,3_to_5pp,2.5_to_5pct,0.50_to_0.60,minus_124_to_minus_110,UNBUCKETED,135_to_139.9,THU,NOV
Basketball,NCAAM,NCAAM_2025_11_21_Norfolk_State_Spartans_Hampton_Pirates,2025_11_21,12:00 PM,Norfolk State Spartans,Hampton Pirates,0.572,0.428,70.2,72.3,142.5,131.5,-130.0,110.0,1.769231,2.1,2.1,1.7692307692307692,0.4761904761904761,0.5652173913043479,0.4572564612326044,0.5427435387673957,0.572,0.428,2.336448598130841,1.7482517482517483,2.3714953271028034,1.7744755244755244,137.0,-129.0,0.0120001319999998,-0.1011999999999999,0.0292564612326042,-0.0292564612326043,0.0156001669199498,0.0,1.200013199999983,-10.119999999999996,2.925646123260428,-2.925646123260439,home,-130.0,-130.0,0.0120001319999998,0.0156001669199498,0.572,2.925646123260428,0.0039000417299874,moneyline,ncaam,,,,,,,,,,,,,,,,,,,,,,,,,,,,,,,,,,,,,,,,,,,,,,,,,,,,,62.0,60.0,Win,0.7692307692307692,0.0030000320999903,NCAAM,HOME,0.01_to_0.0199,2_to_3pp,0.0_to_2.5pct,0.50_to_0.60,minus_149_to_minus_125,UNBUCKETED,UNBUCKETED,FRI,NOV
Basketball,NCAAM,NCAAM_2025_11_21_Tulane_Green_Wave_Utah_State_Aggies,2025_11_21,12:00 PM,Tulane Green Wave,Utah State Aggies,0.176,0.824,79.9,69.4,149.3,151.0,,,,,,,,,,,,,,,,,,,,,,,,,,,,,away,-8.5,-109.0,0.0941415476905618,0.102614308531717,0.5706289027821922,7.171866523488424,0.0256535771329292,spread,ncaam,8.5,-8.5,-110.0,-109.0,1.909091,1.917431,0.4293710972178077,0.5706289027821922,2.328987690321243,1.752452417191524,2.561886459353368,1.927697658910677,156.0,-107.0,0.5238094988662143,0.5215311528811206,0.501089762452692,0.498910237547308,-0.1802915026413583,0.0941415476905618,-0.0717186652348843,0.0717186652348842,0.0,0.102614308531717,-18.02915026413583,9.414154769056182,-7.171866523488429,7.171866523488424,,,,,,,,,,,,,,,,,,,,,,,,,75.0,96.0,Win,0.9174311926605504,0.0235353918650726,NCAAM,AWAY,0.075_to_0.0999,7_to_10pp,10_to_20pct,0.50_to_0.60,minus_109_to_minus_101,8.0_to_8.9,UNBUCKETED,FRI,NOV
Basketball,NCAAM,NCAAM_2025_11_21_Old_Dominion_Monarchs_Morgan_State_Bears,2025_11_21,12:00 PM,Old Dominion Monarchs,Morgan State Bears,0.887,0.113,70.1,81.5,151.6,155.5,,,,,,,,,,,,,,,,,,,,,,,,,,,,,away,12.5,-110.0,0.0289786789203192,0.0318765436246968,0.5389888061492717,3.898880614927169,0.0079691359061742,spread,ncaam,-12.5,12.5,-110.0,-110.0,1.909091,1.909091,0.4610111938507283,0.5389888061492717,2.1691447265026538,1.855326100637148,2.3860591991529194,2.040858710700863,138.0,104.0,0.5238094988662143,0.5238094988662143,0.5,0.5,-0.1198876789203191,0.0289786789203192,-0.0389888061492716,0.0389888061492716,0.0,0.0318765436246968,-11.988767892031916,2.8978678920319245,-3.898880614927169,3.898880614927169,,,,,,,,,,,,,,,,,,,,,,,,,88.0,56.0,Loss,-1.0,-0.0079691359061742,NCAAM,AWAY,0.02_to_0.0299,3_to_5pp,2.5_to_5pct,0.50_to_0.60,minus_124_to_minus_110,12.0_to_14.9,UNBUCKETED,FRI,NOV
Basketball,NCAAM,NCAAM_2025_11_21_Northern_Colorado_Bears_St_Thomas_Tommies,2025_11_21,12:00 PM,Northern Colorado Bears,St Thomas Tommies,0.561,0.439,77.8,79.7,157.5,156.0,,,,,,,,,,,,,,,,,,,,,,,,,,,,,home,4.0,-110.0,0.3367800160303573,0.370457980587595,0.7002180702912314,19.80231647666927,0.05,spread,ncaam,4.0,-4.0,-110.0,-108.0,1.909091,1.925926,0.7002180702912314,0.2997819297087686,1.4281265257608744,3.335758099133852,1.570939178336962,3.669333909047237,-175.0,266.0,0.5238094988662143,0.5192307492603558,0.5021949055245387,0.4978050944754613,0.3367800160303573,-0.4226421872437101,0.1980231647666926,-0.1980231647666926,0.370457980587595,0.0,33.67800160303573,-42.26421872437102,19.80231647666927,-19.80231647666927,,,,,,,,,,,,,,,,,,,,,,,,,72.0,73.0,Win,0.9090909090909092,0.0454545454545454,NCAAM,HOME,0.10_plus,10pp_plus,20pct_plus,0.70_to_0.80,minus_124_to_minus_110,4.0_to_4.9,UNBUCKETED,FRI,NOV
Basketball,NCAAM,NCAAM_2025_11_21_Texas_State_Bobcats_Little_Rock_Trojans,2025_11_21,12:00 PM,Texas State Bobcats,Little Rock Trojans,0.662,0.338,67.0,71.4,138.4,130.0,,,,,,,,,,,,,,,,,,,,,,,,,,,,,away,6.0,-108.0,0.0719901280111947,0.0777493320321437,0.5566102373669574,5.661023736695736,0.0194373330080359,spread,ncaam,-6.0,6.0,-108.0,-108.0,1.925926,1.925926,0.4433897626330426,0.5566102373669574,2.2553520272131724,1.796589305885742,2.4808872299344897,1.9762482364743164,148.0,-102.0,0.5192307492603558,0.5192307492603558,0.5,0.5,-0.1460641280111948,0.0719901280111947,-0.0566102373669574,0.0566102373669573,0.0,0.0777493320321437,-14.606412801119484,7.199012801119475,-5.661023736695742,5.661023736695736,,,,,,,,,,,,,,,,,,,,,,,,,65.0,56.0,Loss,-1.0,-0.0194373330080359,NCAAM,AWAY,0.05_to_0.0749,5_to_7pp,5_to_10pct,0.50_to_0.60,minus_109_to_minus_101,6.0_to_6.9,UNBUCKETED,FRI,NOV
Basketball,NCAAM,NCAAM_2025_11_21_Tulane_Green_Wave_Utah_State_Aggies,2025_11_21,12:00 PM,Tulane Green Wave,Utah State Aggies,0.176,0.824,79.9,69.4,149.3,151.0,,,,,,,,,,,,,,,,,,,,,,,,,,,,,under,151.0,-110.0,0.0273797938946191,0.0301177702723042,0.5381512949852151,3.815129498521508,0.007529442568076,total,ncaam,,,,,,,,,,,,,,,,,,,,,,,,,,,,,-110.0,-110.0,1.909091,1.909091,0.4618487050147849,0.5381512949852151,2.165211224242769,1.858213497428216,2.230167560970052,1.9139599023510625,0.5238094988662143,0.5238094988662143,0.5,0.5,-0.1182887938946192,0.0273797938946191,-0.038151294985215,0.038151294985215,0.0,0.0301177702723042,-11.82887938946192,2.73797938946192,-3.815129498521508,3.815129498521508,75.0,96.0,Loss,-1.0,-0.007529442568076,NCAAM,UNDER,0.02_to_0.0299,3_to_5pp,2.5_to_5pct,0.50_to_0.60,minus_124_to_minus_110,UNBUCKETED,150_to_154.9,FRI,NOV
Basketball,NCAAM,NCAAM_2025_11_22_Boston_University_Terriers_Harvard_Crimson,2025_11_22,12:00 PM,Boston University Terriers,Harvard Crimson,0.471,0.529,66.3,66.9,133.2,135.0,,,,,,,,,,,,,,,,,,,,,,,,,,,,,home,6.0,-110.0,0.3774193517473123,0.415161245405919,0.7215053403673855,22.150534036738545,0.05,spread,ncaam,6.0,-6.0,-110.0,-110.0,1.909091,1.909091,0.7215053403673855,0.2784946596326145,1.3859911272324152,3.590733126872821,1.5245902399556568,3.949806439560103,-190.0,294.0,0.5238094988662143,0.5238094988662143,0.5,0.5,0.3774193517473123,-0.4683283517473123,0.2215053403673854,-0.2215053403673855,0.415161245405919,0.0,37.74193517473123,-46.83283517473124,22.150534036738545,-22.150534036738552,,,,,,,,,,,,,,,,,,,,,,,,,74.0,75.0,Win,0.9090909090909092,0.0454545454545454,NCAAM,HOME,0.10_plus,10pp_plus,20pct_plus,0.70_to_0.80,minus_124_to_minus_110,6.0_to_6.9,UNBUCKETED,SAT,NOV
Basketball,NCAAM,NCAAM_2025_11_22_California_State_Bakersfield_Roadrunners_Mississippi_Valley_State_Delta_Devils,2025_11_22,12:00 PM,California State Bakersfield Roadrunners,Mississippi Valley State Delta Devils,0.981,0.019,56.0,79.5,135.5,138.5,,,,,,,,,,,,,,,,,,,,,,,,,,,,,away,24.5,-110.0,0.0222307613842629,0.0244538350773057,0.5354541828463195,3.5454182846319515,0.0061134587693264,spread,ncaam,-24.5,24.5,-110.0,-110.0,1.909091,1.909091,0.4645458171536805,0.5354541828463195,2.1526401983922745,1.867573420912111,2.367904218231502,2.0543307630033225,136.0,105.0,0.5238094988662143,0.5238094988662143,0.5,0.5,-0.1131397613842629,0.0222307613842629,-0.0354541828463195,0.0354541828463195,0.0,0.0244538350773057,-11.313976138426296,2.2230761384262943,-3.5454182846319515,3.5454182846319515,,,,,,,,,,,,,,,,,,,,,,,,,86.0,70.0,Win,0.9090909090909092,0.0055576897902967,NCAAM,AWAY,0.02_to_0.0299,3_to_5pp,0.0_to_2.5pct,0.50_to_0.60,minus_124_to_minus_110,15.0_plus,UNBUCKETED,SAT,NOV
Basketball,NCAAM,NCAAM_2025_11_22_Duquesne_Dukes_Northeastern_Huskies,2025_11_22,12:00 PM,Duquesne Dukes,Northeastern Huskies,0.735,0.265,63.8,70.5,134.3,146.5,,,,,,,,,,,,,,,,,,,,,,,,,,,,,away,8.0,-108.0,0.0516490869949384,0.0557810094920527,0.5460485433993509,4.263790571646508,0.0139452523730131,spread,ncaam,-8.0,8.0,-105.0,-108.0,1.952381,1.925926,0.453951456600649,0.5460485433993509,2.2028787119406066,1.8313390120494344,2.423166583134668,2.014472913254378,142.0,101.0,0.5121951094586559,0.5192307492603558,0.4965893623171141,0.5034106376828859,-0.1137138012105682,0.0516490869949384,-0.042637905716465,0.042637905716465,0.0,0.0557810094920527,-11.371380121056829,5.164908699493842,-4.263790571646508,4.263790571646508,,,,,,,,,,,,,,,,,,,,,,,,,86.0,93.0,Win,0.925925925925926,0.0129122707157528,NCAAM,AWAY,0.05_to_0.0749,3_to_5pp,5_to_10pct,0.50_to_0.60,minus_109_to_minus_101,8.0_to_8.9,UNBUCKETED,SAT,NOV
Basketball,NCAAM,NCAAM_2025_11_22_Indiana_State_Sycamores_Ball_State_Cardinals,2025_11_22,12:00 PM,Indiana State Sycamores,Ball State Cardinals,0.736,0.264,75.2,82.0,157.2,153.5,,,,,,,,,,,,,,,,,,,,,,,,,,,,,away,7.5,-108.0,0.010792650787091,0.0116560619175734,0.5248346254150424,2.371391711392634,0.0029140154793933,spread,ncaam,-7.5,7.5,-107.0,-108.0,1.934579,1.925926,0.4751653745849575,0.5248346254150424,2.104530450842445,1.9053620923146863,2.3149834959266897,2.095898301546155,131.0,109.0,0.516908329926046,0.5192307492603558,0.4988792916988839,0.5011207083011161,-0.0807550448008075,0.010792650787091,-0.0237139171139263,0.0237139171139263,0.0,0.0116560619175734,-8.075504480080753,1.0792650787091018,-2.37139171139264,2.371391711392634,,,,,,,,,,,,,,,,,,,,,,,,,70.0,52.0,Loss,-1.0,-0.0029140154793933,NCAAM,AWAY,0.01_to_0.0199,2_to_3pp,0.0_to_2.5pct,0.50_to_0.60,minus_109_to_minus_101,7.0_to_7.9,UNBUCKETED,SAT,NOV
Basketball,NCAAM,NCAAM_2025_11_23_Georgia_Tech_Yellow_Jackets_West_Georgia_Wolves,2025_11_23,12:00 PM,Georgia Tech Yellow Jackets,West Georgia Wolves,0.952,0.048,64.8,81.6,146.4,144.0,,,,,,,,,,,,,,,,,,,,,,,,,,,,,away,18.5,-110.0,0.0693243681991275,0.0762567973933604,0.5601222614318162,6.01222614318162,0.0190641993483401,spread,ncaam,-18.5,18.5,-110.0,-110.0,1.909091,1.909091,0.4398777385681838,0.5601222614318162,2.273358963913546,1.7853245065528076,2.500694860304901,1.9638569572080888,150.0,-103.0,0.5238094988662143,0.5238094988662143,0.5,0.5,-0.1602333681991273,0.0693243681991275,-0.0601222614318162,0.0601222614318162,0.0,0.0762567973933604,-16.023336819912736,6.932436819912757,-6.01222614318162,6.01222614318162,,,,,,,,,,,,,,,,,,,,,,,,,82.0,66.0,Win,0.9090909090909092,0.0173310903166728,NCAAM,AWAY,0.05_to_0.0749,5_to_7pp,5_to_10pct,0.50_to_0.60,minus_124_to_minus_110,15.0_plus,UNBUCKETED,SUN,NOV
Basketball,NCAAM,NCAAM_2025_11_23_North_Florida_Ospreys_Prairie_View_AM_Panthers,2025_11_23,12:00 PM,North Florida Ospreys,Prairie View AM Panthers,0.742,0.258,78.1,85.0,163.1,160.0,,,,,,,,,,,,,,,,,,,,,,,,,,,,,home,3.0,-115.0,0.5159094292427111,0.5932959919531158,0.8108353703897491,30.00010990525821,0.05,spread,ncaam,3.0,-3.0,-115.0,-105.0,1.869565,1.952381,0.8108353703897491,0.1891646296102509,1.2332959766164666,5.286400539362828,1.3566255742781137,5.815040593299111,-280.0,481.0,0.5348837831260214,0.5121951094586559,0.510834271337167,0.489165728662833,0.5159094292427111,-0.6306785712769087,0.3000010990525821,-0.3000010990525821,0.5932959919531158,0.0,51.59094292427111,-63.06785712769087,30.00010990525821,-30.00010990525821,,,,,,,,,,,,,,,,,,,,,,,,,82.0,85.0,Push,0.0,0.0,NCAAM,HOME,0.10_plus,10pp_plus,20pct_plus,0.80_to_0.90,minus_124_to_minus_110,3.0_to_3.9,UNBUCKETED,SUN,NOV
Basketball,NCAAM,NCAAM_2025_11_23_Southern_Illinois_Salukis_Delaware_Fightin_Blue_Hens,2025_11_23,12:00 PM,Southern Illinois Salukis,Delaware Fightin Blue Hens,0.708,0.292,72.4,77.9,150.3,152.5,,,,,,,,,,,,,,,,,,,,,,,,,,,,,under,152.5,-110.0,0.0487046193787867,0.0535750759591578,0.5493214411354863,4.932144113548631,0.0133937689897894,total,ncaam,,,,,,,,,,,,,,,,,,,,,,,,,,,,,-110.0,-110.0,1.909091,1.909091,0.4506785588645137,0.5493214411354863,2.2188763595044407,1.8204277588963744,2.285442650289574,1.8750405916632653,0.5238094988662143,0.5238094988662143,0.5,0.5,-0.1396136193787867,0.0487046193787867,-0.0493214411354863,0.0493214411354863,0.0,0.0535750759591578,-13.961361937878667,4.870461937878678,-4.932144113548631,4.932144113548631,79.0,59.0,Win,0.9090909090909092,0.0121761536270812,NCAAM,UNDER,0.04_to_0.0499,3_to_5pp,5_to_10pct,0.50_to_0.60,minus_124_to_minus_110,UNBUCKETED,150_to_154.9,SUN,NOV
Basketball,NCAAM,NCAAM_2025_11_24_Appalachian_State_Mountaineers_Elon_Phoenix,2025_11_24,12:00 PM,Appalachian State Mountaineers,Elon Phoenix,0.657,0.343,65.0,69.4,134.4,143.5,,,,,,,,,,,,,,,,,,,,,,,,,,,,,away,6.0,-108.0,0.0719901280111947,0.0777493320321437,0.5566102373669574,5.880514289149607,0.0194373330080359,spread,ncaam,-6.0,6.0,-110.0,-108.0,1.909091,1.925926,0.4433897626330426,0.5566102373669574,2.2553520272131724,1.796589305885742,2.4808872299344897,1.9762482364743164,148.0,-102.0,0.5238094988662143,0.5192307492603558,0.5021949055245387,0.4978050944754613,-0.153528594665122,0.0719901280111947,-0.0588051428914961,0.058805142891496,0.0,0.0777493320321437,-15.352859466512204,7.199012801119475,-5.880514289149613,5.880514289149607,,,,,,,,,,,,,,,,,,,,,,,,,53.0,88.0,Win,0.925925925925926,0.0179975305629962,NCAAM,AWAY,0.05_to_0.0749,5_to_7pp,5_to_10pct,0.50_to_0.60,minus_109_to_minus_101,6.0_to_6.9,UNBUCKETED,MON,NOV
Basketball,NCAAM,NCAAM_2025_11_24_Stony_Brook_Seawolves_Pacific_Tigers,2025_11_24,12:00 PM,Stony Brook Seawolves,Pacific Tigers,0.399,0.601,69.3,72.2,141.5,144.5,,,,,,,,,,,,,,,,,,,,,,,,,,,,,home,4.0,-108.0,0.4066915003810474,0.4392267852733882,0.7303974817210253,23.039748172102527,0.05,spread,ncaam,4.0,-4.0,-108.0,-108.0,1.925926,1.925926,0.7303974817210253,0.2696025182789747,1.3691175353503604,3.709164166505437,1.5060292888853966,4.08008058315598,-197.0,308.0,0.5192307492603558,0.5192307492603558,0.5,0.5,0.4066915003810474,-0.4807655003810474,0.2303974817210252,-0.2303974817210253,0.4392267852733882,0.0,40.66915003810474,-48.076550038104735,23.039748172102527,-23.03974817210253,,,,,,,,,,,,,,,,,,,,,,,,,86.0,58.0,Win,0.925925925925926,0.0462962962962963,NCAAM,HOME,0.10_plus,10pp_plus,20pct_plus,0.70_to_0.80,minus_109_to_minus_101,4.0_to_4.9,UNBUCKETED,MON,NOV
Basketball,NCAAM,NCAAM_2025_11_24_Texas_Longhorns_Arizona_State_Sun_Devils,2025_11_24,12:00 PM,Texas Longhorns,Arizona State Sun Devils,0.688,0.312,72.8,78.0,150.8,152.5,,,,,,,,,,,,,,,,,,,,,,,,,,,,,under,152.5,-110.0,0.0273797938946191,0.0301177702723042,0.5381512949852151,3.5956389460676363,0.007529442568076,total,ncaam,,,,,,,,,,,,,,,,,,,,,,,,,,,,,-108.0,-110.0,1.925926,1.909091,0.4618487050147849,0.5381512949852151,2.165211224242769,1.858213497428216,2.230167560970052,1.9139599023510625,0.5192307492603558,0.5238094988662143,0.4978050944754613,0.5021949055245387,-0.1105135709456953,0.0273797938946191,-0.0359563894606763,0.0359563894606763,0.0,0.0301177702723042,-11.051357094569536,2.73797938946192,-3.5956389460676363,3.5956389460676363,86.0,87.0,Loss,-1.0,-0.007529442568076,NCAAM,UNDER,0.02_to_0.0299,3_to_5pp,2.5_to_5pct,0.50_to_0.60,minus_124_to_minus_110,UNBUCKETED,150_to_154.9,MON,NOV
Basketball,NCAAM,NCAAM_2025_11_25_UNC_Asheville_Bulldogs_Tennessee_State_Tigers,2025_11_25,12:00 PM,UNC Asheville Bulldogs,Tennessee State Tigers,0.646,0.354,75.9,79.9,155.8,163.0,,,,,,,,,,,,,,,,,,,,,,,,,,,,,away,6.0,-110.0,0.0893825026413581,0.0983207430734197,0.5706289027821922,7.062890278219225,0.0245801857683549,spread,ncaam,-6.0,6.0,-110.0,-110.0,1.909091,1.909091,0.4293710972178077,0.5706289027821922,2.328987690321243,1.752452417191524,2.561886459353368,1.927697658910677,156.0,-107.0,0.5238094988662143,0.5238094988662143,0.5,0.5,-0.1802915026413583,0.0893825026413581,-0.0706289027821923,0.0706289027821922,0.0,0.0983207430734197,-18.02915026413583,8.938250264135817,-7.06289027821923,7.062890278219225,,,,,,,,,,,,,,,,,,,,,,,,,73.0,75.0,Win,0.9090909090909092,0.0223456234257771,NCAAM,AWAY,0.075_to_0.0999,7_to_10pp,5_to_10pct,0.50_to_0.60,minus_124_to_minus_110,6.0_to_6.9,UNBUCKETED,TUE,NOV
Basketball,NCAAM,NCAAM_2025_11_25_Marist_Red_Foxes_Lehigh_Mountain_Hawks,2025_11_25,12:00 PM,Marist Red Foxes,Lehigh Mountain Hawks,0.734,0.266,61.3,68.0,129.3,131.5,,,,,,,,,,,,,,,,,,,,,,,,,,,,,away,7.5,-109.0,0.0131260829738237,0.0143074334460288,0.5283768140672721,2.3861090822835385,0.0035768583615072,spread,ncaam,-7.5,7.5,-105.0,-109.0,1.952381,1.917431,0.4716231859327279,0.5283768140672721,2.1203368066442763,1.8925887233815704,2.332370487308704,2.081847595719728,133.0,108.0,0.5121951094586559,0.5215311528811206,0.4954842767555633,0.5045157232444367,-0.0792118526254748,0.0131260829738237,-0.0238610908228353,0.0238610908228353,0.0,0.0143074334460288,-7.921185262547481,1.3126082973823785,-2.3861090822835385,2.3861090822835385,,,,,,,,,,,,,,,,,,,,,,,,,78.0,55.0,Loss,-1.0,-0.0035768583615072,NCAAM,AWAY,0.01_to_0.0199,2_to_3pp,0.0_to_2.5pct,0.50_to_0.60,minus_109_to_minus_101,7.0_to_7.9,UNBUCKETED,TUE,NOV
Basketball,NCAAM,NCAAM_2025_11_25_UCF_Knights_Quinnipiac_Bobcats,2025_11_25,12:00 PM,UCF Knights,Quinnipiac Bobcats,0.895,0.105,70.7,82.7,153.4,160.5,,,,,,,,,,,,,,,,,,,,,,,,,,,,,away,13.5,-108.0,0.0652176542398279,0.0704350609442093,0.5530937607363045,5.742354328744703,0.0176087652360523,spread,ncaam,-13.5,13.5,-112.0,-108.0,1.892857,1.925926,0.4469062392636955,0.5530937607363045,2.237605815590221,1.8080117169804133,2.461366397149243,1.9888128886784555,146.0,-101.0,0.5283019266642963,0.5192307492603558,0.5043297825511426,0.4956702174488574,-0.1540703966660391,0.0652176542398279,-0.057423543287447,0.057423543287447,0.0,0.0704350609442093,-15.407039666603916,6.521765423982795,-5.7423543287447085,5.742354328744703,,,,,,,,,,,,,,,,,,,,,,,,,102.0,91.0,Win,0.925925925925926,0.0163044122556039,NCAAM,AWAY,0.05_to_0.0749,5_to_7pp,5_to_10pct,0.50_to_0.60,minus_109_to_minus_101,12.0_to_14.9,UNBUCKETED,TUE,NOV
Basketball,NCAAM,NCAAM_2025_11_25_Austin_Peay_Governors_Northern_Illinois_Huskies,2025_11_25,12:00 PM,Austin Peay Governors,Northern Illinois Huskies,0.67,0.33,71.3,76.2,147.5,147.0,,,,,,,,,,,,,,,,,,,,,,,,,,,,,away,6.5,-105.0,0.0867152518407374,0.0910510098802239,0.5566102373669574,6.539562681802725,0.0227627524700559,spread,ncaam,-6.5,6.5,-113.0,-105.0,1.884956,1.952381,0.4433897626330426,0.5566102373669574,2.2553520272131724,1.796589305885742,2.4808872299344897,1.9762482364743164,148.0,-102.0,0.5305163621856425,0.5121951094586559,0.5087853894510698,0.4912146105489301,-0.1642298065862705,0.0867152518407374,-0.0653956268180271,0.0653956268180272,0.0,0.0910510098802239,-16.42298065862705,8.671525184073747,-6.539562681802718,6.539562681802725,,,,,,,,,,,,,,,,,,,,,,,,,77.0,59.0,Loss,-1.0,-0.0227627524700559,NCAAM,AWAY,0.075_to_0.0999,5_to_7pp,5_to_10pct,0.50_to_0.60,minus_109_to_minus_101,6.0_to_6.9,UNBUCKETED,TUE,NOV
Basketball,NCAAM,NCAAM_2025_11_25_Arizona_State_Sun_Devils_Washington_State_Cougars,2025_11_25,12:00 PM,Arizona State Sun Devils,Washington State Cougars,0.712,0.288,75.0,80.8,155.8,157.0,,,,,,,,,,,,,,,,,,,,,,,,,,,,,under,157.0,-102.0,0.0435694908423096,0.0444408877696978,0.526950972758075,4.333792869369379,0.0111102219424244,total,ncaam,,,,,,,,,,,,,,,,,,,,,,,,,,,,,-117.0,-102.0,1.854701,1.980392,0.473049027241925,0.526950972758075,2.113945790842064,1.8977097523247264,2.1773641645673254,1.954641044894468,0.5391704646732816,0.504950535045587,0.5163869559356188,0.4836130440643812,-0.1226354961253745,0.0435694908423096,-0.0433379286936937,0.0433379286936937,0.0,0.0444408877696978,-12.26354961253745,4.3569490842309655,-4.333792869369379,4.333792869369379,100.0,94.0,Loss,-1.0,-0.0111102219424244,NCAAM,UNDER,0.04_to_0.0499,3_to_5pp,2.5_to_5pct,0.50_to_0.60,minus_109_to_minus_101,UNBUCKETED,155_to_159.9,TUE,NOV
Basketball,NCAAM,NCAAM_2025_11_26_Bucknell_Bison_Buffalo_Bulls,2025_11_26,12:00 PM,Bucknell Bison,Buffalo Bulls,0.45,0.55,73.2,74.7,147.9,146.0,,,,,,,,,,,,,,,,,,,,,,,,,,,,,home,4.5,-110.0,0.3426710235559755,0.3769380882177643,0.7033038359910426,20.330383599104263,0.05,spread,ncaam,4.5,-4.5,-110.0,-110.0,1.909091,1.909091,0.7033038359910426,0.2966961640089574,1.421860579774708,3.370451395420837,1.564046637752179,3.7074965349629214,-177.0,270.0,0.5238094988662143,0.5238094988662143,0.5,0.5,0.3426710235559755,-0.4335800235559756,0.2033038359910426,-0.2033038359910426,0.3769380882177643,0.0,34.26710235559756,-43.35800235559756,20.330383599104263,-20.330383599104263,,,,,,,,,,,,,,,,,,,,,,,,,73.0,71.0,Win,0.9090909090909092,0.0454545454545454,NCAAM,HOME,0.10_plus,10pp_plus,20pct_plus,0.70_to_0.80,minus_124_to_minus_110,4.0_to_4.9,UNBUCKETED,WED,NOV
Basketball,NCAAM,NCAAM_2025_11_26_Toledo_Rockets_Belmont_Bruins,2025_11_26,12:00 PM,Toledo Rockets,Belmont Bruins,0.281,0.719,78.7,84.8,163.5,161.5,,,,,,,,,,,,,,,,,,,,,,,,,,,,,home,4.0,-110.0,0.557081572804305,0.6127896688057687,0.8156141183444399,31.561411834443987,0.05,spread,ncaam,4.0,-4.0,-110.0,-110.0,1.909091,1.909091,0.8156141183444399,0.1843858816555601,1.226069997451531,5.423408728592562,1.348676997196684,5.965749601451818,-286.0,496.0,0.5238094988662143,0.5238094988662143,0.5,0.5,0.557081572804305,-0.647990572804305,0.3156141183444398,-0.3156141183444398,0.6127896688057687,0.0,55.708157280430505,-64.7990572804305,31.561411834443987,-31.561411834443987,,,,,,,,,,,,,,,,,,,,,,,,,87.0,72.0,Win,0.9090909090909092,0.0454545454545454,NCAAM,HOME,0.10_plus,10pp_plus,20pct_plus,0.80_to_0.90,minus_124_to_minus_110,4.0_to_4.9,UNBUCKETED,WED,NOV
Basketball,NCAAM,NCAAM_2025_11_26_Oral_Roberts_Golden_Eagles_Rice_Owls,2025_11_26,12:00 PM,Oral Roberts Golden Eagles,Rice Owls,0.262,0.738,71.1,77.9,149.0,150.0,,,,,,,,,,,,,,,,,,,,,,,,,,,,,home,4.5,-110.0,0.6087657489881162,0.6696422569227022,0.8426867807705951,34.26867807705951,0.05,spread,ncaam,4.5,-4.5,-110.0,-110.0,1.909091,1.909091,0.8426867807705951,0.1573132192294049,1.186680535187166,6.356744874324463,1.3053485887058829,6.99241936175691,-327.0,599.0,0.5238094988662143,0.5238094988662143,0.5,0.5,0.6087657489881162,-0.6996747489881161,0.3426867807705951,-0.3426867807705951,0.6696422569227022,0.0,60.87657489881162,-69.96747489881162,34.26867807705951,-34.26867807705951,,,,,,,,,,,,,,,,,,,,,,,,,81.0,62.0,Win,0.9090909090909092,0.0454545454545454,NCAAM,HOME,0.10_plus,10pp_plus,20pct_plus,0.80_to_0.90,minus_124_to_minus_110,4.0_to_4.9,UNBUCKETED,WED,NOV
Basketball,NCAAM,NCAAM_2025_11_26_Utah_Valley_Wolverines_Samford_Bulldogs,2025_11_26,12:00 PM,Utah Valley Wolverines,Samford Bulldogs,0.742,0.258,72.1,79.1,151.2,148.0,,,,,,,,,,,,,,,,,,,,,,,,,,,,,away,7.5,-104.0,0.0155757772871127,0.0161988161540291,0.5177446357333444,2.974809792164901,0.0040497040385072,spread,ncaam,-7.5,7.5,-115.0,-104.0,1.869565,1.961538,0.4822553642666556,0.5177446357333444,2.073590205721518,1.931454101081277,2.2809492262936697,2.124599511189405,128.0,112.0,0.5348837831260214,0.5098040415225196,0.5120034621883045,0.4879965378116954,-0.0983922499048101,0.0155757772871127,-0.0297480979216488,0.029748097921649,0.0,0.0161988161540291,-9.83922499048101,1.557577728711279,-2.9748097921648897,2.974809792164901,,,,,,,,,,,,,,,,,,,,,,,,,89.0,45.0,Loss,-1.0,-0.0040497040385072,NCAAM,AWAY,0.01_to_0.0199,2_to_3pp,0.0_to_2.5pct,0.50_to_0.60,minus_109_to_minus_101,7.0_to_7.9,UNBUCKETED,WED,NOV
Basketball,NCAAM,NCAAM_2025_11_26_Wyoming_Cowboys_Denver_Pioneers,2025_11_26,12:00 PM,Wyoming Cowboys,Denver Pioneers,0.816,0.184,66.4,75.5,141.9,152.5,,,,,,,,,,,,,,,,,,,,,,,,,,,,,away,10.0,-110.0,0.0154774982113032,0.0170252463299089,0.5319167594479798,2.63113840885314,0.0042563115824772,spread,ncaam,-10.0,10.0,-105.0,-110.0,1.952381,1.909091,0.4680832405520202,0.5319167594479798,2.136372152142596,1.8799934054301928,2.350009367356856,2.067992745973212,135.0,106.0,0.5121951094586559,0.5238094988662143,0.4943946246405516,0.5056053753594484,-0.0861231747278062,0.0154774982113032,-0.0263113840885313,0.0263113840885313,0.0,0.0170252463299089,-8.612317472780628,1.5477498211303289,-2.63113840885314,2.63113840885314,,,,,,,,,,,,,,,,,,,,,,,,,101.0,59.0,Loss,-1.0,-0.0042563115824772,NCAAM,AWAY,0.01_to_0.0199,2_to_3pp,0.0_to_2.5pct,0.50_to_0.60,minus_124_to_minus_110,10.0_to_11.9,UNBUCKETED,WED,NOV
Basketball,NCAAM,NCAAM_2025_11_26_Oral_Roberts_Golden_Eagles_Rice_Owls,2025_11_26,12:00 PM,Oral Roberts Golden Eagles,Rice Owls,0.262,0.738,71.1,77.9,149.0,150.0,,,,,,,,,,,,,,,,,,,,,,,,,,,,,under,150.0,-105.0,0.0200495086090028,0.0210519829868538,0.5224643697152364,3.329864105240338,0.0052629957467134,total,ncaam,,,,,,,,,,,,,,,,,,,,,,,,,,,,,-115.0,-105.0,1.869565,1.952381,0.4775356302847636,0.5224643697152364,2.0940845804608985,1.914006117862237,2.156907117874725,1.971426301398104,0.5348837831260214,0.5121951094586559,0.510834271337167,0.489165728662833,-0.1072160993666659,0.0200495086090028,-0.0332986410524033,0.0332986410524033,0.0,0.0210519829868538,-10.7216099366666,2.0049508609002897,-3.329864105240338,3.329864105240338,81.0,62.0,Win,0.9523809523809524,0.0050123769016318,NCAAM,UNDER,0.02_to_0.0299,3_to_5pp,0.0_to_2.5pct,0.50_to_0.60,minus_109_to_minus_101,UNBUCKETED,150_to_154.9,WED,NOV
Basketball,NCAAM,NCAAM_2025_11_26_VMI_Keydets_Bowling_Green_Falcons,2025_11_26,12:00 PM,VMI Keydets,Bowling Green Falcons,0.15,0.85,79.9,68.6,148.5,150.5,,,,,,,,,,,,,,,,,,,,,,,,,,,,,under,150.5,-110.0,0.0401826754327558,0.0442009385559376,0.5448575659477499,4.485756594774992,0.0110502346389844,total,ncaam,,,,,,,,,,,,,,,,,,,,,,,,,,,,,-110.0,-110.0,1.909091,1.909091,0.4551424340522501,0.5448575659477499,2.1971144089922423,1.835342046247545,2.263027841262009,1.890402307634972,0.5238094988662143,0.5238094988662143,0.5,0.5,-0.1310916754327558,0.0401826754327558,-0.0448575659477499,0.0448575659477499,0.0,0.0442009385559376,-13.10916754327558,4.018267543275589,-4.485756594774992,4.485756594774992,48.0,81.0,Win,0.9090909090909092,0.0100456678536221,NCAAM,UNDER,0.04_to_0.0499,3_to_5pp,2.5_to_5pct,0.50_to_0.60,minus_124_to_minus_110,UNBUCKETED,150_to_154.9,WED,NOV
Basketball,NCAAM,NCAAM_2025_11_28_Butler_Bulldogs_Wright_State_Raiders,2025_11_28,12:00 PM,Butler Bulldogs,Wright State Raiders,0.923,0.077,69.4,83.4,152.8,150.5,,,,,,,,,,,,,,,,,,,,,,,,,,,,,away,14.5,-104.0,0.0155757772871127,0.0161988161540291,0.5177446357333444,2.2324999692985017,0.0040497040385072,spread,ncaam,-14.5,14.5,-108.0,-104.0,1.925926,1.961538,0.4822553642666556,0.5177446357333444,2.073590205721518,1.931454101081277,2.2809492262936697,2.124599511189405,128.0,112.0,0.5192307492603558,0.5098040415225196,0.5045803639596406,0.4954196360403594,-0.071211855319377,0.0155757772871127,-0.0223249996929849,0.022324999692985,0.0,0.0161988161540291,-7.1211855319377015,1.557577728711279,-2.232499969298496,2.2324999692985017,,,,,,,,,,,,,,,,,,,,,,,,,94.0,69.0,Loss,-1.0,-0.0040497040385072,NCAAM,AWAY,0.01_to_0.0199,2_to_3pp,0.0_to_2.5pct,0.50_to_0.60,minus_109_to_minus_101,12.0_to_14.9,UNBUCKETED,FRI,NOV
Basketball,NCAAM,NCAAM_2025_11_28_Albany_Great_Danes_Colgate_Raiders,2025_11_28,12:00 PM,Albany Great Danes,Colgate Raiders,0.261,0.739,69.0,75.9,144.9,140.5,,,,,,,,,,,,,,,,,,,,,,,,,,,,,home,7.0,-110.0,0.7028012126562322,0.7730812566137296,0.891943449870243,39.1943449870243,0.05,spread,ncaam,7.0,-7.0,-110.0,-110.0,1.909091,1.909091,0.891943449870243,0.108056550129757,1.1211473105671406,9.254413534387089,1.2332620416238549,10.179854887825796,-428.0,917.0,0.5238094988662143,0.5238094988662143,0.5,0.5,0.7028012126562322,-0.7937102126562321,0.391943449870243,-0.391943449870243,0.7730812566137296,0.0,70.28012126562322,-79.37102126562321,39.1943449870243,-39.1943449870243,,,,,,,,,,,,,,,,,,,,,,,,,69.0,67.0,Win,0.9090909090909092,0.0454545454545454,NCAAM,HOME,0.10_plus,10pp_plus,20pct_plus,0.80_to_0.90,minus_124_to_minus_110,7.0_to_7.9,UNBUCKETED,FRI,NOV
Basketball,NCAAM,NCAAM_2025_11_28_Loyola_Marymount_Lions_Stony_Brook_Seawolves,2025_11_28,12:00 PM,Loyola Marymount Lions,Stony Brook Seawolves,0.849,0.151,65.3,75.5,140.8,138.5,,,,,,,,,,,,,,,,,,,,,,,,,,,,,away,11.0,-108.0,0.0176146440093252,0.0190238140081659,0.5283768140672721,3.057171959181082,0.0047559535020414,spread,ncaam,-11.0,11.0,-110.0,-108.0,1.909091,1.925926,0.4716231859327279,0.5283768140672721,2.1203368066442763,1.8925887233815704,2.332370487308704,2.081847595719728,133.0,108.0,0.5238094988662143,0.5192307492603558,0.5021949055245387,0.4978050944754613,-0.0996284203445024,0.0176146440093252,-0.0305717195918108,0.0305717195918108,0.0,0.0190238140081659,-9.962842034450247,1.761464400932522,-3.057171959181082,3.057171959181082,,,,,,,,,,,,,,,,,,,,,,,,,68.0,71.0,Win,0.925925925925926,0.0044036606500383,NCAAM,AWAY,0.01_to_0.0199,3_to_5pp,0.0_to_2.5pct,0.50_to_0.60,minus_109_to_minus_101,10.0_to_11.9,UNBUCKETED,FRI,NOV
Basketball,NCAAM,NCAAM_2025_11_28_Wake_Forest_Demon_Deacons_Northeastern_Huskies,2025_11_28,12:00 PM,Wake Forest Demon Deacons,Northeastern Huskies,0.953,0.047,60.9,77.7,138.6,153.5,,,,,,,,,,,,,,,,,,,,,,,,,,,,,away,18.5,-110.0,0.0693243681991271,0.0762567973933599,0.560122261431816,6.012226143181598,0.0190641993483399,spread,ncaam,-18.5,18.5,-110.0,-110.0,1.909091,1.909091,0.439877738568184,0.560122261431816,2.273358963913545,1.7853245065528085,2.5006948603048995,1.9638569572080893,150.0,-103.0,0.5238094988662143,0.5238094988662143,0.5,0.5,-0.1602333681991269,0.0693243681991271,-0.0601222614318159,0.0601222614318159,0.0,0.0762567973933599,-16.023336819912693,6.932436819912713,-6.012226143181598,6.012226143181598,,,,,,,,,,,,,,,,,,,,,,,,,86.0,73.0,Win,0.9090909090909092,0.0173310903166726,NCAAM,AWAY,0.05_to_0.0749,5_to_7pp,5_to_10pct,0.50_to_0.60,minus_124_to_minus_110,15.0_plus,UNBUCKETED,FRI,NOV
Basketball,NCAAM,NCAAM_2025_11_28_La_Salle_Explorers_Hofstra_Pride,2025_11_28,12:00 PM,La Salle Explorers,Hofstra Pride,0.458,0.542,69.7,67.2,136.9,138.5,,,,,,,,,,,,,,,,,,,,,,,,,,,,,under,138.5,-110.0,0.0231073782460204,0.0254181135288112,0.5359133630853744,3.591336308537441,0.0063545283822028,total,ncaam,,,,,,,,,,,,,,,,,,,,,,,,,,,,,-110.0,-110.0,1.909091,1.909091,0.4640866369146256,0.5359133630853744,2.1547700805355494,1.8659732503081727,2.219413182951616,1.921952447817418,0.5238094988662143,0.5238094988662143,0.5,0.5,-0.1140163782460205,0.0231073782460204,-0.0359133630853744,0.0359133630853744,0.0,0.0254181135288112,-11.401637824602052,2.3107378246020494,-3.591336308537441,3.591336308537441,58.0,63.0,Win,0.9090909090909092,0.0057768439838207,NCAAM,UNDER,0.02_to_0.0299,3_to_5pp,2.5_to_5pct,0.50_to_0.60,minus_124_to_minus_110,UNBUCKETED,135_to_139.9,FRI,NOV
Basketball,NCAAM,NCAAM_2025_11_29_Oregon_State_Beavers_California_Baptist_Lancers,2025_11_29,12:00 PM,Oregon State Beavers,California Baptist Lancers,0.552,0.448,69.4,70.8,140.2,137.5,-118.0,-102.0,1.847458,1.980392,1.9803921568627447,1.847457627118644,0.504950495049505,0.5412844036697247,0.4826358742837298,0.5173641257162701,0.552,0.448,2.232142857142857,1.8115942028985503,2.265625,1.8387681159420288,126.0,-119.0,0.0197968160000001,-0.112784384,0.0346358742837299,-0.0346358742837297,0.0233602326014977,0.0,1.979681600000016,-11.278438400000002,3.463587428372994,-3.463587428372977,home,-118.0,-118.0,0.0197968160000001,0.0233602326014977,0.552,3.463587428372994,0.0058400581503744,moneyline,ncaam,,,,,,,,,,,,,,,,,,,,,,,,,,,,,,,,,,,,,,,,,,,,,,,,,,,,,69.0,75.0,Loss,-1.0,-0.0058400581503744,NCAAM,HOME,0.01_to_0.0199,3_to_5pp,0.0_to_2.5pct,0.50_to_0.60,minus_124_to_minus_110,UNBUCKETED,UNBUCKETED,SAT,NOV
Basketball,NCAAM,NCAAM_2025_11_29_High_Point_Panthers_Western_Carolina_Catamounts,2025_11_29,12:00 PM,High Point Panthers,Western Carolina Catamounts,0.939,0.061,69.4,84.8,154.2,159.5,,,,,,,,,,,,,,,,,,,,,,,,,,,,,away,17.0,-110.0,0.0626195946651229,0.0688815472434804,0.5566102373669578,5.66102373669578,0.0172203868108701,spread,ncaam,-17.0,17.0,-110.0,-110.0,1.909091,1.909091,0.4433897626330422,0.5566102373669578,2.255352027213174,1.7965893058857405,2.4808872299344924,1.9762482364743148,148.0,-102.0,0.5238094988662143,0.5238094988662143,0.5,0.5,-0.1535285946651228,0.0626195946651229,-0.0566102373669578,0.0566102373669578,0.0,0.0688815472434804,-15.352859466512282,6.26195946651229,-5.66102373669578,5.66102373669578,,,,,,,,,,,,,,,,,,,,,,,,,93.0,73.0,Loss,-1.0,-0.0172203868108701,NCAAM,AWAY,0.05_to_0.0749,5_to_7pp,5_to_10pct,0.50_to_0.60,minus_124_to_minus_110,15.0_plus,UNBUCKETED,SAT,NOV
Basketball,NCAAM,NCAAM_2025_11_29_Utah_Tech_Trailblazers_UC_Riverside_Highlanders,2025_11_29,12:00 PM,Utah Tech Trailblazers,UC Riverside Highlanders,0.693,0.307,71.6,76.8,148.4,145.5,,,,,,,,,,,,,,,,,,,,,,,,,,,,,away,6.0,-106.0,0.0268453869510802,0.0284561169976131,0.5283768140672721,3.28291327902166,0.0071140292494032,spread,ncaam,-6.0,6.0,-110.0,-106.0,1.909091,1.943396,0.4716231859327279,0.5283768140672721,2.1203368066442763,1.8925887233815704,2.332370487308704,2.081847595719728,133.0,108.0,0.5238094988662143,0.5145631667452233,0.5044523187229444,0.4955476812770555,-0.0996284203445024,0.0268453869510802,-0.0328291327902164,0.0328291327902166,0.0,0.0284561169976131,-9.962842034450247,2.6845386951080297,-3.2829132790216486,3.28291327902166,,,,,,,,,,,,,,,,,,,,,,,,,77.0,69.0,Loss,-1.0,-0.0071140292494032,NCAAM,AWAY,0.02_to_0.0299,3_to_5pp,2.5_to_5pct,0.50_to_0.60,minus_109_to_minus_101,6.0_to_6.9,UNBUCKETED,SAT,NOV
Basketball,NCAAM,NCAAM_2025_11_29_Penn_State_Nittany_Lions_Sacred_Heart_Pioneers,2025_11_29,12:00 PM,Penn State Nittany Lions,Sacred Heart Pioneers,0.94,0.06,71.2,86.8,158.0,160.0,,,,,,,,,,,,,,,,,,,,,,,,,,,,,under,160.0,-112.0,0.0313374577071601,0.0350979582476925,0.5448575659477499,4.052778339660734,0.0087744895619231,total,ncaam,,,,,,,,,,,,,,,,,,,,,,,,,,,,,-108.0,-112.0,1.925926,1.892857,0.4551424340522501,0.5448575659477499,2.1971144089922423,1.835342046247545,2.263027841262009,1.890402307634972,0.5192307492603558,0.5283019266642963,0.4956702174488574,0.5043297825511426,-0.1234293525554861,0.0313374577071601,-0.0405277833966073,0.0405277833966073,0.0,0.0350979582476925,-12.342935255548614,3.133745770716012,-4.052778339660734,4.052778339660734,90.0,59.0,Win,0.8928571428571428,0.0078343656802884,NCAAM,UNDER,0.03_to_0.0399,3_to_5pp,2.5_to_5pct,0.50_to_0.60,minus_124_to_minus_110,UNBUCKETED,160_to_164.9,SAT,NOV
Basketball,NCAAM,NCAAM_2025_11_29_Navy_Midshipmen_Southeastern_Louisiana_Lions,2025_11_29,12:00 PM,Navy Midshipmen,Southeastern Louisiana Lions,0.515,0.485,69.0,67.8,136.8,139.0,,,,,,,,,,,,,,,,,,,,,,,,,,,,,under,139.0,-110.0,0.0487046193787867,0.0535750759591578,0.5493214411354863,4.932144113548631,0.0133937689897894,total,ncaam,,,,,,,,,,,,,,,,,,,,,,,,,,,,,-110.0,-110.0,1.909091,1.909091,0.4506785588645137,0.5493214411354863,2.2188763595044407,1.8204277588963744,2.285442650289574,1.8750405916632653,0.5238094988662143,0.5238094988662143,0.5,0.5,-0.1396136193787867,0.0487046193787867,-0.0493214411354863,0.0493214411354863,0.0,0.0535750759591578,-13.961361937878667,4.870461937878678,-4.932144113548631,4.932144113548631,69.0,65.0,Win,0.9090909090909092,0.0121761536270812,NCAAM,UNDER,0.04_to_0.0499,3_to_5pp,5_to_10pct,0.50_to_0.60,minus_124_to_minus_110,UNBUCKETED,135_to_139.9,SAT,NOV
Basketball,NCAAM,NCAAM_2025_11_30_Princeton_Tigers_Saint_Josephs_Hawks,2025_11_30,12:00 PM,Princeton Tigers,Saint Josephs Hawks,0.32,0.68,70.4,75.5,145.9,146.0,,,,,,,,,,,,,,,,,,,,,,,,,,,,,home,3.0,-110.0,0.4594694974686524,0.5054163966738779,0.7644839860795805,26.448398607958048,0.05,spread,ncaam,3.0,-3.0,-110.0,-110.0,1.909091,1.909091,0.7644839860795805,0.2355160139204195,1.308071873589126,4.245995774783698,1.4388790609480386,4.670595352262069,-227.0,367.0,0.5238094988662143,0.5238094988662143,0.5,0.5,0.4594694974686524,-0.5503784974686524,0.2644839860795804,-0.2644839860795805,0.5054163966738779,0.0,45.94694974686524,-55.03784974686524,26.448398607958048,-26.44839860795805,,,,,,,,,,,,,,,,,,,,,,,,,60.0,58.0,Win,0.9090909090909092,0.0454545454545454,NCAAM,HOME,0.10_plus,10pp_plus,20pct_plus,0.70_to_0.80,minus_124_to_minus_110,3.0_to_3.9,UNBUCKETED,SUN,NOV
Basketball,NCAAM,NCAAM_2025_11_30_Fairfield_Stags_New_Hampshire_Wildcats,2025_11_30,12:00 PM,Fairfield Stags,New Hampshire Wildcats,0.876,0.124,65.0,76.0,141.0,147.0,,,,,,,,,,,,,,,,,,,,,,,,,,,,,away,12.0,-110.0,0.0222307613842629,0.0244538350773057,0.5354541828463195,3.5454182846319515,0.0061134587693264,spread,ncaam,-12.0,12.0,-110.0,-110.0,1.909091,1.909091,0.4645458171536805,0.5354541828463195,2.1526401983922745,1.867573420912111,2.367904218231502,2.0543307630033225,136.0,105.0,0.5238094988662143,0.5238094988662143,0.5,0.5,-0.1131397613842629,0.0222307613842629,-0.0354541828463195,0.0354541828463195,0.0,0.0244538350773057,-11.313976138426296,2.2230761384262943,-3.5454182846319515,3.5454182846319515,,,,,,,,,,,,,,,,,,,,,,,,,72.0,68.0,Win,0.9090909090909092,0.0055576897902967,NCAAM,AWAY,0.02_to_0.0299,3_to_5pp,0.0_to_2.5pct,0.50_to_0.60,minus_124_to_minus_110,12.0_to_14.9,UNBUCKETED,SUN,NOV
Basketball,NCAAM,NCAAM_2025_11_30_Texas_Tech_Red_Raiders_Wyoming_Cowboys,2025_11_30,12:00 PM,Texas Tech Red Raiders,Wyoming Cowboys,0.965,0.035,63.2,82.1,145.3,152.0,,,,,,,,,,,,,,,,,,,,,,,,,,,,,away,21.0,-110.0,0.0960481018324912,0.1056529014504502,0.5741204069541427,7.412040695414268,0.0264132253626125,spread,ncaam,-21.0,21.0,-110.0,-110.0,1.909091,1.909091,0.4258795930458573,0.5741204069541427,2.348081514890344,1.7417949055412587,2.582889666379379,1.9159743960953848,158.0,-109.0,0.5238094988662143,0.5238094988662143,0.5,0.5,-0.1869571018324911,0.0960481018324912,-0.0741204069541426,0.0741204069541426,0.0,0.1056529014504502,-18.695710183249115,9.604810183249125,-7.412040695414268,7.412040695414268,,,,,,,,,,,,,,,,,,,,,,,,,76.0,72.0,Win,0.9090909090909092,0.0240120230569204,NCAAM,AWAY,0.075_to_0.0999,7_to_10pp,10_to_20pct,0.50_to_0.60,minus_124_to_minus_110,15.0_plus,UNBUCKETED,SUN,NOV
Basketball,NCAAM,NCAAM_2025_11_30_Coastal_Carolina_Chanticleers_Alabama_AM_Bulldogs,2025_11_30,12:00 PM,Coastal Carolina Chanticleers,Alabama AM Bulldogs,0.705,0.295,67.7,73.1,140.8,139.0,,,,,,,,,,,,,,,,,,,,,,,,,,,,,away,7.5,-113.0,0.0821917058106529,0.0928766015605895,0.5741204069541427,6.533501750307291,0.0232191503901473,spread,ncaam,-7.5,7.5,-105.0,-113.0,1.952381,1.884956,0.4258795930458573,0.5741204069541427,2.348081514890344,1.7417949055412587,2.582889666379379,1.9159743960953848,158.0,-109.0,0.5121951094586559,0.5305163621856425,0.4912146105489301,0.5087853894510698,-0.168520774249536,0.0821917058106529,-0.0653350175030728,0.0653350175030729,0.0,0.0928766015605895,-16.852077424953606,8.219170581065294,-6.5335017503072805,6.533501750307291,,,,,,,,,,,,,,,,,,,,,,,,,67.0,60.0,Win,0.8849557522123894,0.0205479206992454,NCAAM,AWAY,0.075_to_0.0999,5_to_7pp,5_to_10pct,0.50_to_0.60,minus_124_to_minus_110,7.0_to_7.9,UNBUCKETED,SUN,NOV
Basketball,NCAAM,NCAAM_2025_11_30_San_Jose_State_Spartans_UC_Irvine_Anteaters,2025_11_30,12:00 PM,San Jose State Spartans,UC Irvine Anteaters,0.43,0.57,69.3,66.0,135.3,137.5,,,,,,,,,,,,,,,,,,,,,,,,,,,,,under,137.5,-110.0,0.0487046193787867,0.0535750759591578,0.5493214411354863,4.932144113548631,0.0133937689897894,total,ncaam,,,,,,,,,,,,,,,,,,,,,,,,,,,,,-110.0,-110.0,1.909091,1.909091,0.4506785588645137,0.5493214411354863,2.2188763595044407,1.8204277588963744,2.285442650289574,1.8750405916632653,0.5238094988662143,0.5238094988662143,0.5,0.5,-0.1396136193787867,0.0487046193787867,-0.0493214411354863,0.0493214411354863,0.0,0.0535750759591578,-13.961361937878667,4.870461937878678,-4.932144113548631,4.932144113548631,63.0,72.0,Win,0.9090909090909092,0.0121761536270812,NCAAM,UNDER,0.04_to_0.0499,3_to_5pp,5_to_10pct,0.50_to_0.60,minus_124_to_minus_110,UNBUCKETED,135_to_139.9,SUN,NOV
Basketball,NCAAM,NCAAM_2025_12_01_Jacksonville_State_Gamecocks_North_Alabama_Lions,2025_12_01,12:00 PM,Jacksonville State Gamecocks,North Alabama Lions,0.687,0.313,66.8,71.9,138.7,134.5,,,,,,,,,,,,,,,,,,,,,,,,,,,,,away,7.0,-110.0,0.082706338416955,0.0909769631609542,0.567131864545459,6.713186454545905,0.0227442407902385,spread,ncaam,-7.0,7.0,-110.0,-110.0,1.909091,1.909091,0.4328681354545409,0.567131864545459,2.31017235525995,1.7632583575628802,2.541189590785945,1.9395841933191684,154.0,-106.0,0.5238094988662143,0.5238094988662143,0.5,0.5,-0.1736153384169549,0.082706338416955,-0.0671318645454591,0.067131864545459,0.0,0.0909769631609542,-17.361533841695497,8.270633841695506,-6.713186454545911,6.713186454545905,,,,,,,,,,,,,,,,,,,,,,,,,66.0,73.0,Win,0.9090909090909092,0.0206765825365804,NCAAM,AWAY,0.075_to_0.0999,5_to_7pp,5_to_10pct,0.50_to_0.60,minus_124_to_minus_110,7.0_to_7.9,UNBUCKETED,MON,DEC
Basketball,NCAAM,NCAAM_2025_12_01_Incarnate_Word_Cardinals_McNeese_State_Cowboys,2025_12_01,12:00 PM,Incarnate Word Cardinals,McNeese State Cowboys,0.228,0.772,75.4,66.5,141.9,144.0,,,,,,,,,,,,,,,,,,,,,,,,,,,,,away,-7.0,-110.0,0.0827063384169559,0.0909769631609551,0.5671318645454595,6.71318645454595,0.0227442407902387,spread,ncaam,7.0,-7.0,-110.0,-110.0,1.909091,1.909091,0.4328681354545405,0.5671318645454595,2.3101723552599527,1.7632583575628789,2.5411895907859483,1.9395841933191669,154.0,-106.0,0.5238094988662143,0.5238094988662143,0.5,0.5,-0.1736153384169557,0.0827063384169559,-0.0671318645454595,0.0671318645454595,0.0,0.0909769631609551,-17.361533841695575,8.270633841695595,-6.71318645454595,6.71318645454595,,,,,,,,,,,,,,,,,,,,,,,,,71.0,67.0,Loss,-1.0,-0.0227442407902387,NCAAM,AWAY,0.075_to_0.0999,5_to_7pp,5_to_10pct,0.50_to_0.60,minus_124_to_minus_110,7.0_to_7.9,UNBUCKETED,MON,DEC
Basketball,NCAAM,NCAAM_2025_12_02_George_Mason_Patriots_Cornell_Big_Red,2025_12_02,12:00 PM,George Mason Patriots,Cornell Big Red,0.813,0.187,70.1,79.0,149.1,153.5,,,,,,,,,,,,,,,,,,,,,,,,,,,,,away,10.5,-110.0,0.062619594665122,0.0688815472434794,0.5566102373669574,5.661023736695736,0.0172203868108698,spread,ncaam,-10.5,10.5,-110.0,-110.0,1.909091,1.909091,0.4433897626330426,0.5566102373669574,2.2553520272131724,1.796589305885742,2.4808872299344897,1.9762482364743164,148.0,-102.0,0.5238094988662143,0.5238094988662143,0.5,0.5,-0.153528594665122,0.062619594665122,-0.0566102373669574,0.0566102373669573,0.0,0.0688815472434794,-15.352859466512204,6.261959466512201,-5.661023736695742,5.661023736695736,,,,,,,,,,,,,,,,,,,,,,,,,99.0,81.0,Loss,-1.0,-0.0172203868108698,NCAAM,AWAY,0.05_to_0.0749,5_to_7pp,5_to_10pct,0.50_to_0.60,minus_124_to_minus_110,10.0_to_11.9,UNBUCKETED,TUE,DEC
Basketball,NCAAM,NCAAM_2025_12_02_Arkansas_State_Red_Wolves_UT_Arlington_Mavericks,2025_12_02,12:00 PM,Arkansas State Red Wolves,UT Arlington Mavericks,0.666,0.334,71.9,76.6,148.5,151.5,,,,,,,,,,,,,,,,,,,,,,,,,,,,,away,6.0,-107.0,0.0563740450409737,0.0603202565443626,0.5460485433993514,4.936412460169187,0.0150800641360906,spread,ncaam,-6.0,6.0,-110.0,-107.0,1.909091,1.934579,0.4539514566006486,0.5460485433993514,2.202878711940609,1.8313390120494328,2.42316658313467,2.014472913254376,142.0,101.0,0.5238094988662143,0.516908329926046,0.5033155812023404,0.4966844187976595,-0.133365359766811,0.0563740450409737,-0.0493641246016918,0.0493641246016918,0.0,0.0603202565443626,-13.336535976681107,5.637404504097376,-4.936412460169182,4.936412460169187,,,,,,,,,,,,,,,,,,,,,,,,,83.0,63.0,Loss,-1.0,-0.0150800641360906,NCAAM,AWAY,0.05_to_0.0749,3_to_5pp,5_to_10pct,0.50_to_0.60,minus_109_to_minus_101,6.0_to_6.9,UNBUCKETED,TUE,DEC
Basketball,NCAAM,NCAAM_2025_12_02_Murray_State_Racers_Morehead_State_Eagles,2025_12_02,12:00 PM,Murray State Racers,Morehead State Eagles,0.935,0.065,64.3,79.4,143.7,158.0,,,,,,,,,,,,,,,,,,,,,,,,,,,,,away,17.5,-115.0,0.0928711387652103,0.1068018362804511,0.5845590491719788,7.372477783481179,0.0267004590701127,spread,ncaam,-17.5,17.5,-105.0,-115.0,1.952381,1.869565,0.4154409508280212,0.5845590491719788,2.4070809533987583,1.710691163564209,2.6477890487386344,1.88176027992063,164.0,-113.0,0.5121951094586559,0.5348837831260214,0.489165728662833,0.510834271337167,-0.1889009809814372,0.0928711387652103,-0.0737247778348118,0.0737247778348118,0.0,0.1068018362804511,-18.890098098143724,9.287113876521037,-7.372477783481179,7.372477783481179,,,,,,,,,,,,,,,,,,,,,,,,,84.0,52.0,Loss,-1.0,-0.0267004590701127,NCAAM,AWAY,0.075_to_0.0999,7_to_10pp,10_to_20pct,0.50_to_0.60,minus_124_to_minus_110,15.0_plus,UNBUCKETED,TUE,DEC
Basketball,NCAAM,NCAAM_2025_12_02_California_Golden_Bears_Utah_Utes,2025_12_02,12:00 PM,California Golden Bears,Utah Utes,0.774,0.226,71.9,79.6,151.5,153.5,,,,,,,,,,,,,,,,,,,,,,,,,,,,,away,8.5,-108.0,0.0176146440093258,0.0190238140081668,0.5283768140672725,3.0571719591811264,0.0047559535020417,spread,ncaam,-8.5,8.5,-110.0,-108.0,1.909091,1.925926,0.4716231859327274,0.5283768140672725,2.120336806644278,1.892588723381569,2.332370487308706,2.081847595719726,133.0,108.0,0.5238094988662143,0.5192307492603558,0.5021949055245387,0.4978050944754613,-0.0996284203445034,0.0176146440093258,-0.0305717195918113,0.0305717195918112,0.0,0.0190238140081668,-9.962842034450349,1.7614644009325886,-3.057171959181132,3.0571719591811264,,,,,,,,,,,,,,,,,,,,,,,,,79.0,72.0,Win,0.925925925925926,0.0044036606500386,NCAAM,AWAY,0.01_to_0.0199,3_to_5pp,0.0_to_2.5pct,0.50_to_0.60,minus_109_to_minus_101,8.0_to_8.9,UNBUCKETED,TUE,DEC
Basketball,NCAAM,NCAAM_2025_12_02_Loyola_Marymount_Lions_Saint_Louis_Billikens,2025_12_02,12:00 PM,Loyola Marymount Lions,Saint Louis Billikens,0.307,0.693,76.6,70.1,146.7,149.5,,,,,,,,,,,,,,,,,,,,,,,,,,,,,home,7.5,-110.0,0.0222307613842629,0.0244538350773057,0.5354541828463195,3.32592773217808,0.0061134587693264,spread,ncaam,7.5,-7.5,-110.0,-108.0,1.909091,1.925926,0.5354541828463195,0.4645458171536805,1.867573420912111,2.1526401983922745,2.0543307630033225,2.367904218231502,105.0,136.0,0.5238094988662143,0.5192307492603558,0.5021949055245387,0.4978050944754613,0.0222307613842629,-0.1053191325524807,0.0332592773217808,-0.0332592773217808,0.0244538350773057,0.0,2.2230761384262943,-10.531913255248073,3.32592773217808,-3.32592773217808,,,,,,,,,,,,,,,,,,,,,,,,,70.0,91.0,Loss,-1.0,-0.0061134587693264,NCAAM,HOME,0.02_to_0.0299,3_to_5pp,0.0_to_2.5pct,0.50_to_0.60,minus_124_to_minus_110,7.0_to_7.9,UNBUCKETED,TUE,DEC
Basketball,NCAAM,NCAAM_2025_12_02_Tennessee_Martin_Skyhawks_Charleston_Southern_Buccaneers,2025_12_02,12:00 PM,Tennessee Martin Skyhawks,Charleston Southern Buccaneers,0.695,0.305,70.4,75.7,146.1,147.5,,,,,,,,,,,,,,,,,,,,,,,,,,,,,away,6.5,-105.0,0.0592064271769978,0.0621667454275104,0.5425203519072342,5.335462324440127,0.0155416863568776,spread,ncaam,-6.5,6.5,-115.0,-105.0,1.869565,1.952381,0.4574796480927657,0.5425203519072342,2.1858895891194363,1.843248822803592,2.40447854803138,2.027573705083951,140.0,102.0,0.5348837831260214,0.5121951094586559,0.510834271337167,0.489165728662833,-0.1447120617134485,0.0592064271769978,-0.0533546232444012,0.0533546232444012,0.0,0.0621667454275104,-14.471206171344852,5.920642717699787,-5.335462324440127,5.335462324440127,,,,,,,,,,,,,,,,,,,,,,,,,73.0,56.0,Loss,-1.0,-0.0155416863568776,NCAAM,AWAY,0.05_to_0.0749,5_to_7pp,5_to_10pct,0.50_to_0.60,minus_109_to_minus_101,6.0_to_6.9,UNBUCKETED,TUE,DEC
Basketball,NCAAM,NCAAM_2025_12_02_Butler_Bulldogs_Eastern_Michigan_Eagles,2025_12_02,12:00 PM,Butler Bulldogs,Eastern Michigan Eagles,0.916,0.084,67.5,81.0,148.5,150.5,,,,,,,,,,,,,,,,,,,,,,,,,,,,,under,150.5,-110.0,0.0401826754327558,0.0442009385559376,0.5448575659477499,4.485756594774992,0.0110502346389844,total,ncaam,,,,,,,,,,,,,,,,,,,,,,,,,,,,,-110.0,-110.0,1.909091,1.909091,0.4551424340522501,0.5448575659477499,2.1971144089922423,1.835342046247545,2.263027841262009,1.890402307634972,0.5238094988662143,0.5238094988662143,0.5,0.5,-0.1310916754327558,0.0401826754327558,-0.0448575659477499,0.0448575659477499,0.0,0.0442009385559376,-13.10916754327558,4.018267543275589,-4.485756594774992,4.485756594774992,84.0,68.0,Loss,-1.0,-0.0110502346389844,NCAAM,UNDER,0.04_to_0.0499,3_to_5pp,2.5_to_5pct,0.50_to_0.60,minus_124_to_minus_110,UNBUCKETED,150_to_154.9,TUE,DEC
Basketball,NCAAM,NCAAM_2025_12_02_California_Golden_Bears_Utah_Utes,2025_12_02,12:00 PM,California Golden Bears,Utah Utes,0.774,0.226,71.9,79.6,151.5,153.5,,,,,,,,,,,,,,,,,,,,,,,,,,,,,under,153.5,-110.0,0.0401826754327558,0.0442009385559376,0.5448575659477499,4.485756594774992,0.0110502346389844,total,ncaam,,,,,,,,,,,,,,,,,,,,,,,,,,,,,-110.0,-110.0,1.909091,1.909091,0.4551424340522501,0.5448575659477499,2.1971144089922423,1.835342046247545,2.263027841262009,1.890402307634972,0.5238094988662143,0.5238094988662143,0.5,0.5,-0.1310916754327558,0.0401826754327558,-0.0448575659477499,0.0448575659477499,0.0,0.0442009385559376,-13.10916754327558,4.018267543275589,-4.485756594774992,4.485756594774992,79.0,72.0,Win,0.9090909090909092,0.0100456678536221,NCAAM,UNDER,0.04_to_0.0499,3_to_5pp,2.5_to_5pct,0.50_to_0.60,minus_124_to_minus_110,UNBUCKETED,150_to_154.9,TUE,DEC
Basketball,NCAAM,NCAAM_2025_12_03_High_Point_Panthers_Southern_Illinois_Salukis,2025_12_03,12:00 PM,High Point Panthers,Southern Illinois Salukis,0.778,0.222,74.2,81.9,156.1,161.5,,,,,,,,,,,,,,,,,,,,,,,,,,,,,away,9.0,-103.0,0.0761928769236524,0.0784786459660598,0.5460485433993509,5.614461375207486,0.0196196614915149,spread,ncaam,-9.0,9.0,-112.0,-103.0,1.892857,1.970874,0.453951456600649,0.5460485433993509,2.2028787119406066,1.8313390120494344,2.423166583134668,2.014472913254378,142.0,101.0,0.5283019266642963,0.5073891075735942,0.5100960703527238,0.4899039296472761,-0.1407348077132653,0.0761928769236524,-0.0561446137520747,0.0561446137520748,0.0,0.0784786459660598,-14.07348077132653,7.61928769236524,-5.614461375207474,5.614461375207486,,,,,,,,,,,,,,,,,,,,,,,,,84.0,86.0,Win,0.970873786407767,0.0190482150403057,NCAAM,AWAY,0.075_to_0.0999,5_to_7pp,5_to_10pct,0.50_to_0.60,minus_109_to_minus_101,9.0_to_9.9,UNBUCKETED,WED,DEC
Basketball,NCAAM,NCAAM_2025_12_03_Queens_Royals_Gardner_Webb_Runnin_Bulldogs,2025_12_03,12:00 PM,Queens Royals,Gardner Webb Runnin Bulldogs,0.87,0.13,74.6,85.4,160.0,160.5,,,,,,,,,,,,,,,,,,,,,,,,,,,,,away,13.0,-115.0,0.0798721666369282,0.091853014595721,0.5776061097832534,6.677183844608647,0.0229632536489302,spread,ncaam,-13.0,13.0,-105.0,-115.0,1.952381,1.869565,0.4223938902167465,0.5776061097832534,2.3674584864067554,1.7312836257484356,2.604204335047432,1.9044119883232795,160.0,-110.0,0.5121951094586559,0.5348837831260214,0.489165728662833,0.510834271337167,-0.1753261942247382,0.0798721666369282,-0.0667718384460864,0.0667718384460864,0.0,0.091853014595721,-17.53261942247383,7.98721666369282,-6.677183844608647,6.677183844608647,,,,,,,,,,,,,,,,,,,,,,,,,107.0,74.0,Loss,-1.0,-0.0229632536489302,NCAAM,AWAY,0.075_to_0.0999,5_to_7pp,5_to_10pct,0.50_to_0.60,minus_124_to_minus_110,12.0_to_14.9,UNBUCKETED,WED,DEC
Basketball,NCAAM,NCAAM_2025_12_03_UNC_Wilmington_Seahawks_Marshall_Thundering_Herd,2025_12_03,12:00 PM,UNC Wilmington Seahawks,Marshall Thundering Herd,0.748,0.252,70.5,77.6,148.1,150.0,,,,,,,,,,,,,,,,,,,,,,,,,,,,,away,8.5,-108.0,0.0584371312396729,0.063112096689879,0.5495731046985569,5.176801022309563,0.0157780241724697,spread,ncaam,-8.5,8.5,-110.0,-108.0,1.909091,1.925926,0.4504268953014431,0.5495731046985569,2.220116095267272,1.819594138524126,2.442127704794,2.001553552376539,144.0,100.0,0.5238094988662143,0.5192307492603558,0.5021949055245387,0.4978050944754613,-0.1400940680220727,0.0584371312396729,-0.0517680102230956,0.0517680102230956,0.0,0.063112096689879,-14.00940680220727,5.843713123967298,-5.176801022309563,5.176801022309563,,,,,,,,,,,,,,,,,,,,,,,,,70.0,69.0,Win,0.925925925925926,0.0146092816411756,NCAAM,AWAY,0.05_to_0.0749,5_to_7pp,5_to_10pct,0.50_to_0.60,minus_109_to_minus_101,8.0_to_8.9,UNBUCKETED,WED,DEC
Basketball,NCAAM,NCAAM_2025_12_03_Weber_State_Wildcats_Oral_Roberts_Golden_Eagles,2025_12_03,12:00 PM,Weber State Wildcats,Oral Roberts Golden Eagles,0.752,0.248,73.4,80.6,154.0,157.5,,,,,,,,,,,,,,,,,,,,,,,,,,,,,away,7.5,-102.0,0.0112852529080624,0.0115109598079773,0.5106490295396379,1.421025720266339,0.0028777399519943,spread,ncaam,-7.5,7.5,-105.0,-102.0,1.952381,1.980392,0.4893509704603621,0.5106490295396379,2.0435230751851567,1.958292177508932,2.247875382703673,2.1541213952598244,124.0,115.0,0.5121951094586559,0.504950535045587,0.5035612276630256,0.4964387723369745,-0.0446004629416278,0.0112852529080624,-0.0142102572026635,0.0142102572026633,0.0,0.0115109598079773,-4.460046294162789,1.1285252908062482,-1.42102572026635,1.421025720266339,,,,,,,,,,,,,,,,,,,,,,,,,92.0,66.0,Loss,-1.0,-0.0028777399519943,NCAAM,AWAY,0.01_to_0.0199,1_to_2pp,0.0_to_2.5pct,0.50_to_0.60,minus_109_to_minus_101,7.0_to_7.9,UNBUCKETED,WED,DEC
Basketball,NCAAM,NCAAM_2025_12_03_Lipscomb_Bisons_Tennessee_Tech_Golden_Eagles,2025_12_03,12:00 PM,Lipscomb Bisons,Tennessee Tech Golden Eagles,0.806,0.194,70.3,78.9,149.2,150.5,,,,,,,,,,,,,,,,,,,,,,,,,,,,,away,10.5,-110.0,0.082706338416955,0.0909769631609542,0.567131864545459,6.152648918601066,0.0227442407902385,spread,ncaam,-10.5,10.5,-105.0,-110.0,1.952381,1.909091,0.4328681354545409,0.567131864545459,2.31017235525995,1.7632583575628802,2.541189590785945,1.9395841933191684,154.0,-106.0,0.5121951094586559,0.5238094988662143,0.4943946246405516,0.5056053753594484,-0.154876476833128,0.082706338416955,-0.0615264891860107,0.0615264891860106,0.0,0.0909769631609542,-15.4876476833128,8.270633841695506,-6.152648918601073,6.152648918601066,,,,,,,,,,,,,,,,,,,,,,,,,83.0,80.0,Win,0.9090909090909092,0.0206765825365804,NCAAM,AWAY,0.075_to_0.0999,5_to_7pp,5_to_10pct,0.50_to_0.60,minus_124_to_minus_110,10.0_to_11.9,UNBUCKETED,WED,DEC
Basketball,NCAAM,NCAAM_2025_12_03_UNC_Wilmington_Seahawks_Marshall_Thundering_Herd,2025_12_03,12:00 PM,UNC Wilmington Seahawks,Marshall Thundering Herd,0.748,0.252,70.5,77.6,148.1,150.0,,,,,,,,,,,,,,,,,,,,,,,,,,,,,under,150.0,-110.0,0.035917576593113,0.0395093303014912,0.5426234666619417,4.042856113740301,0.0098773325753728,total,ncaam,,,,,,,,,,,,,,,,,,,,,,,,,,,,,-108.0,-110.0,1.925926,1.909091,0.4573765333380583,0.5426234666619417,2.186382394176912,1.8428985501709,2.25197386600222,1.898185506676027,0.5192307492603558,0.5238094988662143,0.4978050944754613,0.5021949055245387,-0.1191266426543667,0.035917576593113,-0.040428561137403,0.040428561137403,0.0,0.0395093303014912,-11.912664265436678,3.591757659311301,-4.042856113740301,4.042856113740301,70.0,69.0,Win,0.9090909090909092,0.0089793932503389,NCAAM,UNDER,0.03_to_0.0399,3_to_5pp,2.5_to_5pct,0.50_to_0.60,minus_124_to_minus_110,UNBUCKETED,150_to_154.9,WED,DEC
Basketball,NCAAM,NCAAM_2025_12_03_Northern_Arizona_Lumberjacks_South_Dakota_State_Jackrabbits,2025_12_03,12:00 PM,Northern Arizona Lumberjacks,South Dakota State Jackrabbits,0.495,0.505,75.6,74.7,150.3,148.5,,,,,,,,,,,,,,,,,,,,,,,,,,,,,over,148.5,-108.0,0.0407473370607829,0.0440071205050759,0.5403880196127904,4.258292513732909,0.0110017801262689,total,ncaam,,,,,,,,,,,,,,,,,,,,,,,,,,,,,-108.0,-110.0,1.925926,1.909091,0.5403880196127904,0.4596119803872096,1.850522150207068,2.175748332664282,1.90603781471328,2.2410207826442106,0.5192307492603558,0.5238094988662143,0.4978050944754613,0.5021949055245387,0.0407473370607829,-0.1225589047506016,0.042582925137329,-0.0425829251373291,0.0440071205050759,0.0,4.074733706078293,-12.25589047506016,4.258292513732909,-4.258292513732914,62.0,75.0,Loss,-1.0,-0.0110017801262689,NCAAM,OVER,0.04_to_0.0499,3_to_5pp,2.5_to_5pct,0.50_to_0.60,minus_109_to_minus_101,UNBUCKETED,145_to_149.9,WED,DEC
Basketball,NCAAM,NCAAM_2025_12_03_UMKC_Kangaroos_Idaho_State_Bengals,2025_12_03,12:00 PM,UMKC Kangaroos,Idaho State Bengals,0.274,0.726,73.6,65.9,139.5,137.5,,,,,,,,,,,,,,,,,,,,,,,,,,,,,over,137.5,-108.0,0.0493553525554861,0.0533037764956229,0.5448575659477499,4.705247147228864,0.0133259441239057,total,ncaam,,,,,,,,,,,,,,,,,,,,,,,,,,,,,-108.0,-110.0,1.925926,1.909091,0.5448575659477499,0.45514243405225,1.835342046247545,2.1971144089922423,1.890402307634972,2.263027841262009,0.5192307492603558,0.5238094988662143,0.4978050944754613,0.5021949055245387,0.0493553525554861,-0.1310916754327559,0.0470524714722886,-0.0470524714722886,0.0533037764956229,0.0,4.935535255548618,-13.109167543275593,4.705247147228864,-4.705247147228869,59.0,68.0,Loss,-1.0,-0.0133259441239057,NCAAM,OVER,0.04_to_0.0499,3_to_5pp,5_to_10pct,0.50_to_0.60,minus_109_to_minus_101,UNBUCKETED,135_to_139.9,WED,DEC
Basketball,NCAAM,NCAAM_2025_12_04_South_Florida_Bulls_Utah_State_Aggies,2025_12_04,12:00 PM,South Florida Bulls,Utah State Aggies,0.41,0.59,83.9,80.1,164.0,162.0,,,,,,,,,,,,,,,,,,,,,,,,,,,,,over,162.0,-108.0,0.0493553525554861,0.0533037764956229,0.5448575659477499,4.705247147228864,0.0133259441239057,total,ncaam,,,,,,,,,,,,,,,,,,,,,,,,,,,,,-108.0,-110.0,1.925926,1.909091,0.5448575659477499,0.45514243405225,1.835342046247545,2.1971144089922423,1.890402307634972,2.263027841262009,0.5192307492603558,0.5238094988662143,0.4978050944754613,0.5021949055245387,0.0493553525554861,-0.1310916754327559,0.0470524714722886,-0.0470524714722886,0.0533037764956229,0.0,4.935535255548618,-13.109167543275593,4.705247147228864,-4.705247147228869,74.0,61.0,Loss,-1.0,-0.0133259441239057,NCAAM,OVER,0.04_to_0.0499,3_to_5pp,5_to_10pct,0.50_to_0.60,minus_109_to_minus_101,UNBUCKETED,160_to_164.9,THU,DEC
Basketball,NCAAM,NCAAM_2025_12_05_Drake_Bulldogs_UAB_Blazers,2025_12_05,12:00 PM,Drake Bulldogs,UAB Blazers,0.572,0.428,72.4,74.5,146.9,146.5,-128.0,108.0,1.78125,2.08,2.08,1.78125,0.4807692307692307,0.5614035087719298,0.4613143412107477,0.5386856587892521,0.572,0.428,2.336448598130841,1.7482517482517483,2.3714953271028034,1.7744755244755244,137.0,-129.0,0.0188749999999999,-0.1097599999999999,0.0333143412107478,-0.0333143412107477,0.0241599999999998,0.0,1.8874999999999973,-10.975999999999996,3.331434121074784,-3.331434121074772,home,-128.0,-128.0,0.0188749999999999,0.0241599999999998,0.572,3.331434121074784,0.0060399999999999,moneyline,ncaam,,,,,,,,,,,,,,,,,,,,,,,,,,,,,,,,,,,,,,,,,,,,,,,,,,,,,69.0,74.0,Loss,-1.0,-0.0060399999999999,NCAAM,HOME,0.01_to_0.0199,3_to_5pp,0.0_to_2.5pct,0.50_to_0.60,minus_149_to_minus_125,UNBUCKETED,UNBUCKETED,FRI,DEC
Basketball,NCAAM,NCAAM_2025_12_05_Marist_Red_Foxes_Mount_St_Marys_Mountaineers,2025_12_05,12:00 PM,Marist Red Foxes,Mount St Marys Mountaineers,0.803,0.197,61.9,70.3,132.2,131.5,,,,,,,,,,,,,,,,,,,,,,,,,,,,,away,9.5,-105.0,0.0523115043385216,0.0549270768090938,0.5389888061492719,4.982307748643894,0.0137317692022734,spread,ncaam,-9.5,9.5,-115.0,-105.0,1.869565,1.952381,0.4610111938507281,0.5389888061492719,2.169144726502655,1.8553261006371475,2.3860591991529208,2.040858710700862,138.0,104.0,0.5348837831260214,0.5121951094586559,0.510834271337167,0.489165728662833,-0.1381096073684635,0.0523115043385216,-0.0498230774864388,0.0498230774864389,0.0,0.0549270768090938,-13.810960736846356,5.231150433852161,-4.982307748643889,4.982307748643894,,,,,,,,,,,,,,,,,,,,,,,,,64.0,56.0,Win,0.9523809523809524,0.0130778754307365,NCAAM,AWAY,0.05_to_0.0749,3_to_5pp,5_to_10pct,0.50_to_0.60,minus_109_to_minus_101,9.0_to_9.9,UNBUCKETED,FRI,DEC
Basketball,NCAAM,NCAAM_2025_12_05_Saint_Peters_Peacocks_Canisius_Golden_Griffins,2025_12_05,12:00 PM,Saint Peters Peacocks,Canisius Golden Griffins,0.778,0.222,61.9,69.8,131.7,128.5,,,,,,,,,,,,,,,,,,,,,,,,,,,,,away,9.5,-108.0,0.0719901280111952,0.0777493320321442,0.5566102373669576,6.094001991810016,0.019437333008036,spread,ncaam,-9.5,9.5,-112.0,-108.0,1.892857,1.925926,0.4433897626330424,0.5566102373669576,2.2553520272131733,1.7965893058857412,2.48088722993449,1.976248236474316,148.0,-102.0,0.5283019266642963,0.5192307492603558,0.5043297825511426,0.4956702174488574,-0.1607265840717072,0.0719901280111952,-0.0609400199181001,0.0609400199181001,0.0,0.0777493320321442,-16.072658407170724,7.19901280111952,-6.094001991810016,6.094001991810016,,,,,,,,,,,,,,,,,,,,,,,,,69.0,57.0,Loss,-1.0,-0.019437333008036,NCAAM,AWAY,0.05_to_0.0749,5_to_7pp,5_to_10pct,0.50_to_0.60,minus_109_to_minus_101,9.0_to_9.9,UNBUCKETED,FRI,DEC
Basketball,NCAAM,NCAAM_2025_12_05_Siena_Saints_Niagara_Purple_Eagles,2025_12_05,12:00 PM,Siena Saints,Niagara Purple Eagles,0.91,0.09,59.5,72.4,131.9,132.0,,,,,,,,,,,,,,,,,,,,,,,,,,,,,away,14.0,-110.0,0.0289786789203192,0.0318765436246968,0.5389888061492717,3.898880614927169,0.0079691359061742,spread,ncaam,-14.0,14.0,-110.0,-110.0,1.909091,1.909091,0.4610111938507283,0.5389888061492717,2.1691447265026538,1.855326100637148,2.3860591991529194,2.040858710700863,138.0,104.0,0.5238094988662143,0.5238094988662143,0.5,0.5,-0.1198876789203191,0.0289786789203192,-0.0389888061492716,0.0389888061492716,0.0,0.0318765436246968,-11.988767892031916,2.8978678920319245,-3.898880614927169,3.898880614927169,,,,,,,,,,,,,,,,,,,,,,,,,83.0,54.0,Loss,-1.0,-0.0079691359061742,NCAAM,AWAY,0.02_to_0.0299,3_to_5pp,2.5_to_5pct,0.50_to_0.60,minus_124_to_minus_110,12.0_to_14.9,UNBUCKETED,FRI,DEC
Basketball,NCAAM,NCAAM_2025_12_06_Miami_RedHawks_Maine_Black_Bears,2025_12_06,12:00 PM,Miami RedHawks,Maine Black Bears,0.938,0.062,61.1,76.5,137.6,138.0,,,,,,,,,,,,,,,,,,,,,,,,,,,,,away,17.5,-110.0,0.0960481018324908,0.1056529014504497,0.5741204069541425,7.412040695414246,0.0264132253626124,spread,ncaam,-17.5,17.5,-110.0,-110.0,1.909091,1.909091,0.4258795930458575,0.5741204069541425,2.348081514890343,1.7417949055412594,2.582889666379377,1.9159743960953848,158.0,-109.0,0.5238094988662143,0.5238094988662143,0.5,0.5,-0.1869571018324908,0.0960481018324908,-0.0741204069541425,0.0741204069541424,0.0,0.1056529014504497,-18.69571018324908,9.60481018324908,-7.412040695414252,7.412040695414246,,,,,,,,,,,,,,,,,,,,,,,,,93.0,61.0,Loss,-1.0,-0.0264132253626124,NCAAM,AWAY,0.075_to_0.0999,7_to_10pp,10_to_20pct,0.50_to_0.60,minus_124_to_minus_110,15.0_plus,UNBUCKETED,SAT,DEC
Basketball,NCAAM,NCAAM_2025_12_06_FIU_Golden_Panthers_Jacksonville_Dolphins,2025_12_06,12:00 PM,FIU Golden Panthers,Jacksonville Dolphins,0.668,0.332,69.9,74.6,144.5,144.0,,,,,,,,,,,,,,,,,,,,,,,,,,,,,away,6.5,-110.0,0.076020121900679,0.0836221257285343,0.5636295608227575,6.36295608227575,0.0209055314321335,spread,ncaam,-6.5,6.5,-110.0,-110.0,1.909091,1.909091,0.4363704391772425,0.5636295608227575,2.291630940641755,1.774214962288797,2.520794034705931,1.9516364585176769,152.0,-105.0,0.5238094988662143,0.5238094988662143,0.5,0.5,-0.1669291219006788,0.076020121900679,-0.0636295608227575,0.0636295608227575,0.0,0.0836221257285343,-16.692912190067887,7.602012190067908,-6.36295608227575,6.36295608227575,,,,,,,,,,,,,,,,,,,,,,,,,88.0,65.0,Loss,-1.0,-0.0209055314321335,NCAAM,AWAY,0.075_to_0.0999,5_to_7pp,5_to_10pct,0.50_to_0.60,minus_124_to_minus_110,6.0_to_6.9,UNBUCKETED,SAT,DEC
Basketball,NCAAM,NCAAM_2025_12_06_Murray_State_Racers_Bellarmine_Knights,2025_12_06,12:00 PM,Murray State Racers,Bellarmine Knights,0.92,0.08,72.0,85.8,157.8,156.5,,,,,,,,,,,,,,,,,,,,,,,,,,,,,away,15.5,-110.0,0.0693243681991275,0.0762567973933604,0.5601222614318162,6.01222614318162,0.0190641993483401,spread,ncaam,-15.5,15.5,-110.0,-110.0,1.909091,1.909091,0.4398777385681838,0.5601222614318162,2.273358963913546,1.7853245065528076,2.500694860304901,1.9638569572080888,150.0,-103.0,0.5238094988662143,0.5238094988662143,0.5,0.5,-0.1602333681991273,0.0693243681991275,-0.0601222614318162,0.0601222614318162,0.0,0.0762567973933604,-16.023336819912736,6.932436819912757,-6.01222614318162,6.01222614318162,,,,,,,,,,,,,,,,,,,,,,,,,81.0,68.0,Win,0.9090909090909092,0.0173310903166728,NCAAM,AWAY,0.05_to_0.0749,5_to_7pp,5_to_10pct,0.50_to_0.60,minus_124_to_minus_110,15.0_plus,UNBUCKETED,SAT,DEC
Basketball,NCAAM,NCAAM_2025_12_06_South_Dakota_State_Jackrabbits_Idaho_Vandals,2025_12_06,12:00 PM,South Dakota State Jackrabbits,Idaho Vandals,0.695,0.305,71.2,76.4,147.6,147.0,,,,,,,,,,,,,,,,,,,,,,,,,,,,,away,6.0,-108.0,0.0176146440093252,0.0190238140081659,0.5283768140672721,2.496617638438625,0.0047559535020414,spread,ncaam,-6.0,6.0,-105.0,-108.0,1.952381,1.925926,0.4716231859327279,0.5283768140672721,2.1203368066442763,1.8925887233815704,2.332370487308704,2.081847595719728,133.0,108.0,0.5121951094586559,0.5192307492603558,0.4965893623171141,0.5034106376828859,-0.0792118526254748,0.0176146440093252,-0.0249661763843861,0.0249661763843862,0.0,0.0190238140081659,-7.921185262547481,1.761464400932522,-2.49661763843862,2.496617638438625,,,,,,,,,,,,,,,,,,,,,,,,,81.0,84.0,Win,0.925925925925926,0.0044036606500383,NCAAM,AWAY,0.01_to_0.0199,2_to_3pp,0.0_to_2.5pct,0.50_to_0.60,minus_109_to_minus_101,6.0_to_6.9,UNBUCKETED,SAT,DEC
Basketball,NCAAM,NCAAM_2025_12_06_Tulsa_Golden_Hurricane_Missouri_State_Bears,2025_12_06,12:00 PM,Tulsa Golden Hurricane,Missouri State Bears,0.842,0.158,65.4,75.2,140.6,142.5,,,,,,,,,,,,,,,,,,,,,,,,,,,,,away,11.5,-105.0,0.0935720608965107,0.0982506590288033,0.5601222614318162,7.0956532768983225,0.0245626647572008,spread,ncaam,-11.5,11.5,-115.0,-105.0,1.869565,1.952381,0.4398777385681838,0.5601222614318162,2.273358963913546,1.7853245065528076,2.500694860304901,1.9638569572080888,150.0,-103.0,0.5348837831260214,0.5121951094586559,0.510834271337167,0.489165728662833,-0.1776199756937735,0.0935720608965107,-0.0709565327689831,0.0709565327689832,0.0,0.0982506590288033,-17.761997569377353,9.357206089651072,-7.095653276898317,7.0956532768983225,,,,,,,,,,,,,,,,,,,,,,,,,98.0,74.0,Loss,-1.0,-0.0245626647572008,NCAAM,AWAY,0.075_to_0.0999,7_to_10pp,5_to_10pct,0.50_to_0.60,minus_109_to_minus_101,10.0_to_11.9,UNBUCKETED,SAT,DEC
Basketball,NCAAM,NCAAM_2025_12_06_Northern_Colorado_Bears_South_Dakota_Coyotes,2025_12_06,12:00 PM,Northern Colorado Bears,South Dakota Coyotes,0.767,0.233,78.1,85.6,163.7,161.5,,,,,,,,,,,,,,,,,,,,,,,,,,,,,away,10.0,-116.0,0.0949445355988993,0.1101356568892968,0.5880257582285615,8.179133698947327,0.0275339142223242,spread,ncaam,-10.0,10.0,-110.0,-116.0,1.909091,1.862069,0.4119742417714385,0.5880257582285615,2.427336223012689,1.7006057745030057,2.670069845313958,1.8706663519533064,167.0,-114.0,0.5238094988662143,0.5370370270919069,0.4937655787609117,0.5062344212390882,-0.2135036828023226,0.0949445355988993,-0.0817913369894732,0.0817913369894732,0.0,0.1101356568892968,-21.350368280232267,9.494453559889935,-8.179133698947322,8.179133698947327,,,,,,,,,,,,,,,,,,,,,,,,,89.0,87.0,Win,0.8620689655172413,0.0237361329502794,NCAAM,AWAY,0.075_to_0.0999,7_to_10pp,10_to_20pct,0.50_to_0.60,minus_124_to_minus_110,10.0_to_11.9,UNBUCKETED,SAT,DEC
Basketball,NCAAM,NCAAM_2025_12_06_Memphis_Tigers_Baylor_Bears,2025_12_06,12:00 PM,Memphis Tigers,Baylor Bears,0.393,0.607,79.9,75.9,155.8,158.0,,,,,,,,,,,,,,,,,,,,,,,,,,,,,under,158.0,-110.0,0.0487046193787867,0.0535750759591578,0.5493214411354863,4.71265356109476,0.0133937689897894,total,ncaam,,,,,,,,,,,,,,,,,,,,,,,,,,,,,-108.0,-110.0,1.925926,1.909091,0.4506785588645137,0.5493214411354863,2.2188763595044407,1.8204277588963744,2.285442650289574,1.8750405916632653,0.5192307492603558,0.5238094988662143,0.4978050944754613,0.5021949055245387,-0.1320264458403025,0.0487046193787867,-0.0471265356109475,0.0471265356109475,0.0,0.0535750759591578,-13.202644584030256,4.870461937878678,-4.71265356109476,4.71265356109476,78.0,71.0,Win,0.9090909090909092,0.0121761536270812,NCAAM,UNDER,0.04_to_0.0499,3_to_5pp,5_to_10pct,0.50_to_0.60,minus_124_to_minus_110,UNBUCKETED,155_to_159.9,SAT,DEC
Basketball,NCAAM,NCAAM_2025_12_06_Lamar_Cardinals_Texas_AM_Corpus_Christi_Islanders,2025_12_06,12:00 PM,Lamar Cardinals,Texas AM Corpus Christi Islanders,0.642,0.358,65.4,69.4,134.8,136.0,,,,,,,,,,,,,,,,,,,,,,,,,,,,,under,136.0,-105.0,0.0288090671443832,0.0302495189891264,0.526950972758075,3.778524409524203,0.0075623797472816,total,ncaam,,,,,,,,,,,,,,,,,,,,,,,,,,,,,-115.0,-105.0,1.869565,1.952381,0.473049027241925,0.526950972758075,2.113945790842064,1.8977097523247264,2.1773641645673254,1.954641044894468,0.5348837831260214,0.5121951094586559,0.510834271337167,0.489165728662833,-0.1156040953844504,0.0288090671443832,-0.0377852440952419,0.037785244095242,0.0,0.0302495189891264,-11.560409538445048,2.880906714438325,-3.7785244095241977,3.778524409524203,49.0,57.0,Win,0.9523809523809524,0.0072022664259824,NCAAM,UNDER,0.02_to_0.0299,3_to_5pp,2.5_to_5pct,0.50_to_0.60,minus_109_to_minus_101,UNBUCKETED,135_to_139.9,SAT,DEC
Basketball,NCAAM,NCAAM_2025_12_07_Florida_Gulf_Coast_Eagles_Florida_Atlantic_Owls,2025_12_07,12:00 PM,Florida Gulf Coast Eagles,Florida Atlantic Owls,0.415,0.585,79.5,75.9,155.4,149.0,110.0,-130.0,2.1,1.769231,1.7692307692307692,2.1,0.5652173913043479,0.4761904761904761,0.5427435387673957,0.4572564612326044,0.415,0.585,1.7094017094017095,2.409638554216868,1.735042735042735,2.4457831325301203,-136.0,144.0,-0.1285,0.0350001349999999,-0.0422564612326044,0.0422564612326042,0.0,0.0455001618499513,-12.850000000000003,3.500013499999999,-4.22564612326044,4.225646123260429,away,-130.0,-130.0,0.0350001349999999,0.0455001618499513,0.585,4.225646123260429,0.0113750404624878,moneyline,ncaam,,,,,,,,,,,,,,,,,,,,,,,,,,,,,,,,,,,,,,,,,,,,,,,,,,,,,76.0,81.0,Win,0.7692307692307692,0.0087500311249906,NCAAM,AWAY,0.03_to_0.0399,3_to_5pp,2.5_to_5pct,0.50_to_0.60,minus_149_to_minus_125,UNBUCKETED,UNBUCKETED,SUN,DEC
Basketball,NCAAM,NCAAM_2025_12_07_Charlotte_49ers_Utah_State_Aggies,2025_12_07,12:00 PM,Charlotte 49ers,Utah State Aggies,0.14,0.86,77.2,65.5,142.7,138.5,,,,,,,,,,,,,,,,,,,,,,,,,,,,,away,-10.5,-106.0,0.0543318818151112,0.0575918085460521,0.5425203519072342,4.697267063017874,0.014397952136513,spread,ncaam,10.5,-10.5,-110.0,-106.0,1.909091,1.943396,0.4574796480927657,0.5425203519072342,2.1858895891194363,1.843248822803592,2.40447854803138,2.027573705083951,140.0,102.0,0.5238094988662143,0.5145631667452233,0.5044523187229444,0.4955476812770555,-0.1266297211429338,0.0543318818151112,-0.0469726706301786,0.0469726706301787,0.0,0.0575918085460521,-12.66297211429338,5.433188181511128,-4.697267063017868,4.697267063017874,,,,,,,,,,,,,,,,,,,,,,,,,53.0,79.0,Win,0.9433962264150944,0.0135829737136915,NCAAM,AWAY,0.05_to_0.0749,3_to_5pp,5_to_10pct,0.50_to_0.60,minus_109_to_minus_101,10.0_to_11.9,UNBUCKETED,SUN,DEC
Basketball,NCAAM,NCAAM_2025_12_07_Quinnipiac_Bobcats_Rider_Broncs,2025_12_07,12:00 PM,Quinnipiac Bobcats,Rider Broncs,0.908,0.092,65.3,78.1,143.4,149.0,,,,,,,,,,,,,,,,,,,,,,,,,,,,,away,14.5,-111.0,0.0647369668780009,0.0718580253301981,0.5601222614318162,5.904745602540062,0.0179645063325495,spread,ncaam,-14.5,14.5,-110.0,-111.0,1.909091,1.900901,0.4398777385681838,0.5601222614318162,2.273358963913546,1.7853245065528076,2.500694860304901,1.9638569572080888,150.0,-103.0,0.5238094988662143,0.526066323285642,0.4989251945935844,0.5010748054064156,-0.1602333681991273,0.0647369668780009,-0.0590474560254006,0.0590474560254006,0.0,0.0718580253301981,-16.023336819912736,6.47369668780009,-5.904745602540062,5.904745602540062,,,,,,,,,,,,,,,,,,,,,,,,,72.0,58.0,Win,0.900900900900901,0.0161842399392337,NCAAM,AWAY,0.05_to_0.0749,5_to_7pp,5_to_10pct,0.50_to_0.60,minus_124_to_minus_110,12.0_to_14.9,UNBUCKETED,SUN,DEC
Basketball,NCAAM,NCAAM_2025_12_07_Yale_Bulldogs_Illinois_Chicago,2025_12_07,12:00 PM,Yale Bulldogs,Illinois Chicago,0.893,0.107,70.8,82.6,153.4,147.5,,,,,,,,,,,,,,,,,,,,,,,,,,,,,away,13.5,-110.0,0.0693243681991275,0.0762567973933604,0.5601222614318162,5.451688607236783,0.0190641993483401,spread,ncaam,-13.5,13.5,-105.0,-110.0,1.952381,1.909091,0.4398777385681838,0.5601222614318162,2.273358963913546,1.7853245065528076,2.500694860304901,1.9638569572080888,150.0,-103.0,0.5121951094586559,0.5238094988662143,0.4943946246405516,0.5056053753594484,-0.1411910608965108,0.0693243681991275,-0.0545168860723678,0.0545168860723678,0.0,0.0762567973933604,-14.11910608965108,6.932436819912757,-5.451688607236783,5.451688607236783,,,,,,,,,,,,,,,,,,,,,,,,,80.0,66.0,Loss,-1.0,-0.0190641993483401,NCAAM,AWAY,0.05_to_0.0749,5_to_7pp,5_to_10pct,0.50_to_0.60,minus_124_to_minus_110,12.0_to_14.9,UNBUCKETED,SUN,DEC
Basketball,NCAAM,NCAAM_2025_12_07_UCF_Knights_Towson_Tigers,2025_12_07,12:00 PM,UCF Knights,Towson Tigers,0.794,0.206,70.2,78.4,148.6,145.0,,,,,,,,,,,,,,,,,,,,,,,,,,,,,away,9.5,-108.0,0.0516490869949384,0.0557810094920527,0.5460485433993509,4.715369704497896,0.0139452523730131,spread,ncaam,-9.5,9.5,-109.0,-108.0,1.917431,1.925926,0.453951456600649,0.5460485433993509,2.2028787119406066,1.8313390120494344,2.423166583134668,2.014472913254378,142.0,101.0,0.5215311528811206,0.5192307492603558,0.501105153645628,0.498894846354372,-0.1295794046187609,0.0516490869949384,-0.047153697044979,0.0471536970449789,0.0,0.0557810094920527,-12.957940461876094,5.164908699493842,-4.715369704497902,4.715369704497896,,,,,,,,,,,,,,,,,,,,,,,,,86.0,61.0,Loss,-1.0,-0.0139452523730131,NCAAM,AWAY,0.05_to_0.0749,3_to_5pp,5_to_10pct,0.50_to_0.60,minus_109_to_minus_101,9.0_to_9.9,UNBUCKETED,SUN,DEC
Basketball,NCAAM,NCAAM_2025_12_07_Southeastern_Louisiana_Lions_Northwestern_State_Demons,2025_12_07,12:00 PM,Southeastern Louisiana Lions,Northwestern State Demons,0.731,0.269,64.9,71.4,136.3,133.0,,,,,,,,,,,,,,,,,,,,,,,,,,,,,away,7.5,-109.0,0.0266964492692012,0.0290991358142479,0.5354541828463195,3.6543945299011504,0.0072747839535619,spread,ncaam,-7.5,7.5,-110.0,-109.0,1.909091,1.917431,0.4645458171536805,0.5354541828463195,2.1526401983922745,1.867573420912111,2.367904218231502,2.0543307630033225,136.0,105.0,0.5238094988662143,0.5215311528811206,0.501089762452692,0.498910237547308,-0.1131397613842629,0.0266964492692012,-0.0365439452990115,0.0365439452990115,0.0,0.0290991358142479,-11.313976138426296,2.669644926920123,-3.6543945299011504,3.6543945299011504,,,,,,,,,,,,,,,,,,,,,,,,,68.0,76.0,Win,0.9174311926605504,0.0066741137188641,NCAAM,AWAY,0.02_to_0.0299,3_to_5pp,2.5_to_5pct,0.50_to_0.60,minus_109_to_minus_101,7.0_to_7.9,UNBUCKETED,SUN,DEC
Basketball,NCAAM,NCAAM_2025_12_07_Navy_Midshipmen_Air_Force_Falcons,2025_12_07,12:00 PM,Navy Midshipmen,Air Force Falcons,0.796,0.204,64.4,72.8,137.2,133.0,,,,,,,,,,,,,,,,,,,,,,,,,,,,,away,10.0,-110.0,0.0626195946651229,0.0688815472434804,0.5566102373669578,5.100486200750942,0.0172203868108701,spread,ncaam,-10.0,10.0,-105.0,-110.0,1.952381,1.909091,0.4433897626330422,0.5566102373669578,2.255352027213174,1.7965893058857405,2.4808872299344924,1.9762482364743148,148.0,-102.0,0.5121951094586559,0.5238094988662143,0.4943946246405516,0.5056053753594484,-0.1343342518407384,0.0626195946651229,-0.0510048620075094,0.0510048620075094,0.0,0.0688815472434804,-13.433425184073844,6.26195946651229,-5.100486200750942,5.100486200750942,,,,,,,,,,,,,,,,,,,,,,,,,61.0,56.0,Win,0.9090909090909092,0.015654897100791,NCAAM,AWAY,0.05_to_0.0749,5_to_7pp,5_to_10pct,0.50_to_0.60,minus_124_to_minus_110,10.0_to_11.9,UNBUCKETED,SUN,DEC
Basketball,NCAAM,NCAAM_2025_12_07_Marist_Red_Foxes_Manhattan_Jaspers,2025_12_07,12:00 PM,Marist Red Foxes,Manhattan Jaspers,0.79,0.21,64.9,73.1,138.0,140.0,,,,,,,,,,,,,,,,,,,,,,,,,,,,,under,140.0,-109.0,0.0447267875327601,0.0487522086486723,0.5448575659477499,4.702212366562264,0.012188052162168,total,ncaam,,,,,,,,,,,,,,,,,,,,,,,,,,,,,-111.0,-109.0,1.900901,1.917431,0.4551424340522501,0.5448575659477499,2.1971144089922423,1.835342046247545,2.263027841262009,1.890402307634972,0.526066323285642,0.5215311528811206,0.5021645577178726,0.4978354422821273,-0.1348192919676437,0.0447267875327601,-0.0470221236656225,0.0470221236656226,0.0,0.0487522086486723,-13.481929196764376,4.472678753276016,-4.702212366562253,4.702212366562264,80.0,68.0,Loss,-1.0,-0.012188052162168,NCAAM,UNDER,0.04_to_0.0499,3_to_5pp,2.5_to_5pct,0.50_to_0.60,minus_109_to_minus_101,UNBUCKETED,140_to_144.9,SUN,DEC
Basketball,NCAAM,NCAAM_2025_12_08_New_Orleans_Privateers_Incarnate_Word_Cardinals,2025_12_08,12:00 PM,New Orleans Privateers,Incarnate Word Cardinals,0.505,0.495,74.7,74.2,148.9,151.0,,,,,,,,,,,,,,,,,,,,,,,,,,,,,under,151.0,-110.0,0.0444450675242047,0.0488895693876682,0.547090247413143,4.709024741314305,0.012222392346917,total,ncaam,,,,,,,,,,,,,,,,,,,,,,,,,,,,,-110.0,-110.0,1.909091,1.909091,0.4529097525868569,0.547090247413143,2.2079453893151144,1.827851994672528,2.274183750994568,1.8826875545127035,0.5238094988662143,0.5238094988662143,0.5,0.5,-0.1353540675242047,0.0444450675242047,-0.0470902474131431,0.047090247413143,0.0,0.0488895693876682,-13.535406752420476,4.444506752420474,-4.709024741314311,4.709024741314305,84.0,83.0,Loss,-1.0,-0.012222392346917,NCAAM,UNDER,0.04_to_0.0499,3_to_5pp,2.5_to_5pct,0.50_to_0.60,minus_124_to_minus_110,UNBUCKETED,150_to_154.9,MON,DEC
Basketball,NCAAM,NCAAM_2025_12_09_Providence_Friars_Brown_Bears,2025_12_09,12:00 PM,Providence Friars,Brown Bears,0.957,0.043,65.1,82.7,147.8,146.5,,,,,,,,,,,,,,,,,,,,,,,,,,,,,away,19.5,-108.0,0.0922540033565777,0.0996343156543587,0.567131864545459,6.601115624434295,0.0249085789135896,spread,ncaam,-19.5,19.5,-107.0,-108.0,1.934579,1.925926,0.4328681354545409,0.567131864545459,2.31017235525995,1.7632583575628802,2.541189590785945,1.9395841933191684,154.0,-106.0,0.516908329926046,0.5192307492603558,0.4988792916988839,0.5011207083011161,-0.1625823953804896,0.0922540033565777,-0.066011156244343,0.0660111562443429,0.0,0.0996343156543587,-16.25823953804897,9.225400335657774,-6.601115624434301,6.601115624434295,,,,,,,,,,,,,,,,,,,,,,,,,86.0,79.0,Win,0.925925925925926,0.0230634989940644,NCAAM,AWAY,0.075_to_0.0999,5_to_7pp,5_to_10pct,0.50_to_0.60,minus_109_to_minus_101,15.0_plus,UNBUCKETED,TUE,DEC
Basketball,NCAAM,NCAAM_2025_12_09_Arizona_State_Sun_Devils_Northern_Arizona_Lumberjacks,2025_12_09,12:00 PM,Arizona State Sun Devils,Northern Arizona Lumberjacks,0.933,0.067,69.0,83.8,152.8,154.0,,,,,,,,,,,,,,,,,,,,,,,,,,,,,away,16.5,-114.0,0.0514575883039754,0.0586616494932988,0.5601222614318162,5.145828318134226,0.0146654123733247,spread,ncaam,-16.5,16.5,-106.0,-114.0,1.943396,1.877193,0.4398777385681838,0.5601222614318162,2.273358963913546,1.7853245065528076,2.500694860304901,1.9638569572080888,150.0,-103.0,0.5145631667452233,0.5327102753952311,0.491336021749526,0.5086639782504739,-0.1451433623775458,0.0514575883039754,-0.0514582831813422,0.0514582831813422,0.0,0.0586616494932988,-14.514336237754588,5.14575883039754,-5.145828318134221,5.145828318134226,,,,,,,,,,,,,,,,,,,,,,,,,73.0,48.0,Loss,-1.0,-0.0146654123733247,NCAAM,AWAY,0.05_to_0.0749,5_to_7pp,5_to_10pct,0.50_to_0.60,minus_124_to_minus_110,15.0_plus,UNBUCKETED,TUE,DEC
Basketball,NCAAM,NCAAM_2025_12_09_UMBC_Retrievers_Buffalo_Bulls,2025_12_09,12:00 PM,UMBC Retrievers,Buffalo Bulls,0.331,0.669,76.6,70.5,147.1,145.0,,,,,,,,,,,,,,,,,,,,,,,,,,,,,over,145.0,-109.0,0.0490078001876304,0.0534185134224049,0.547090247413143,4.257452416870633,0.0133546283556012,total,ncaam,,,,,,,,,,,,,,,,,,,,,,,,,,,,,-109.0,-105.0,1.917431,1.952381,0.547090247413143,0.4529097525868569,1.827851994672528,2.2079453893151144,1.8826875545127035,2.274183750994568,0.5215311528811206,0.5121951094586559,0.5045157232444367,0.4954842767555633,0.0490078001876304,-0.1157476043347197,0.0425745241687063,-0.0425745241687063,0.0534185134224049,0.0,4.90078001876304,-11.574760433471976,4.257452416870633,-4.257452416870638,79.0,83.0,Win,0.9174311926605504,0.0122519526198176,NCAAM,OVER,0.04_to_0.0499,3_to_5pp,5_to_10pct,0.50_to_0.60,minus_109_to_minus_101,UNBUCKETED,145_to_149.9,TUE,DEC
Basketball,NCAAM,NCAAM_2025_12_10_Nebraska_Cornhuskers_Wisconsin_Badgers,2025_12_10,12:00 PM,Nebraska Cornhuskers,Wisconsin Badgers,0.563,0.437,77.9,79.7,157.6,158.5,-125.0,105.0,1.8,2.05,2.05,1.8,0.4878048780487805,0.5555555555555556,0.4675324675324676,0.5324675324675325,0.563,0.437,2.288329519450801,1.7761989342806397,2.322654462242563,1.8028419182948487,132.0,-124.0,0.0133999999999998,-0.10415,0.0305324675324674,-0.0305324675324675,0.0167499999999998,0.0,1.3399999999999856,-10.415000000000008,3.053246753246741,-3.053246753246758,home,-125.0,-125.0,0.0133999999999998,0.0167499999999998,0.563,3.053246753246741,0.0041874999999999,moneyline,ncaam,,,,,,,,,,,,,,,,,,,,,,,,,,,,,,,,,,,,,,,,,,,,,,,,,,,,,90.0,60.0,Win,0.8,0.0033499999999999,NCAAM,HOME,0.01_to_0.0199,3_to_5pp,0.0_to_2.5pct,0.50_to_0.60,minus_149_to_minus_125,UNBUCKETED,UNBUCKETED,WED,DEC
Basketball,NCAAM,NCAAM_2025_12_10_Boston_University_Terriers_Maine_Black_Bears,2025_12_10,12:00 PM,Boston University Terriers,Maine Black Bears,0.745,0.255,59.7,66.6,126.3,128.0,,,,,,,,,,,,,,,,,,,,,,,,,,,,,away,9.0,-115.0,0.0733554186272216,0.0843587525109931,0.5741204069541427,6.328613561697571,0.0210896881277482,spread,ncaam,-9.0,9.0,-105.0,-115.0,1.952381,1.869565,0.4258795930458573,0.5741204069541427,2.348081514890344,1.7417949055412587,2.582889666379379,1.9159743960953848,158.0,-109.0,0.5121951094586559,0.5348837831260214,0.489165728662833,0.510834271337167,-0.168520774249536,0.0733554186272216,-0.0632861356169756,0.0632861356169757,0.0,0.0843587525109931,-16.852077424953606,7.335541862722161,-6.328613561697566,6.328613561697571,,,,,,,,,,,,,,,,,,,,,,,,,59.0,69.0,Win,0.8695652173913042,0.0183388592415201,NCAAM,AWAY,0.05_to_0.0749,5_to_7pp,5_to_10pct,0.50_to_0.60,minus_124_to_minus_110,9.0_to_9.9,UNBUCKETED,WED,DEC
Basketball,NCAAM,NCAAM_2025_12_10_Fordham_Rams_Fairleigh_Dickinson_Knights,2025_12_10,12:00 PM,Fordham Rams,Fairleigh Dickinson Knights,0.893,0.107,67.3,79.1,146.4,141.5,,,,,,,,,,,,,,,,,,,,,,,,,,,,,away,13.5,-110.0,0.0693243681991275,0.0762567973933604,0.5601222614318162,6.01222614318162,0.0190641993483401,spread,ncaam,-13.5,13.5,-110.0,-110.0,1.909091,1.909091,0.4398777385681838,0.5601222614318162,2.273358963913546,1.7853245065528076,2.500694860304901,1.9638569572080888,150.0,-103.0,0.5238094988662143,0.5238094988662143,0.5,0.5,-0.1602333681991273,0.0693243681991275,-0.0601222614318162,0.0601222614318162,0.0,0.0762567973933604,-16.023336819912736,6.932436819912757,-6.01222614318162,6.01222614318162,,,,,,,,,,,,,,,,,,,,,,,,,75.0,54.0,Loss,-1.0,-0.0190641993483401,NCAAM,AWAY,0.05_to_0.0749,5_to_7pp,5_to_10pct,0.50_to_0.60,minus_124_to_minus_110,12.0_to_14.9,UNBUCKETED,WED,DEC
Basketball,NCAAM,NCAAM_2025_12_10_Utah_Valley_Wolverines_Idaho_State_Bengals,2025_12_10,12:00 PM,Utah Valley Wolverines,Idaho State Bengals,0.805,0.195,67.0,75.6,142.6,142.5,,,,,,,,,,,,,,,,,,,,,,,,,,,,,away,10.5,-110.0,0.0827063384169559,0.0909769631609551,0.5671318645454595,6.71318645454595,0.0227442407902387,spread,ncaam,-10.5,10.5,-110.0,-110.0,1.909091,1.909091,0.4328681354545405,0.5671318645454595,2.3101723552599527,1.7632583575628789,2.5411895907859483,1.9395841933191669,154.0,-106.0,0.5238094988662143,0.5238094988662143,0.5,0.5,-0.1736153384169557,0.0827063384169559,-0.0671318645454595,0.0671318645454595,0.0,0.0909769631609551,-17.361533841695575,8.270633841695595,-6.71318645454595,6.71318645454595,,,,,,,,,,,,,,,,,,,,,,,,,73.0,69.0,Win,0.9090909090909092,0.0206765825365806,NCAAM,AWAY,0.075_to_0.0999,5_to_7pp,5_to_10pct,0.50_to_0.60,minus_124_to_minus_110,10.0_to_11.9,UNBUCKETED,WED,DEC
Basketball,NCAAM,NCAAM_2025_12_12_UMBC_Retrievers_Army_Black_Knights,2025_12_12,12:00 PM,UMBC Retrievers,Army Black Knights,0.715,0.285,70.6,76.6,147.2,146.0,,,,,,,,,,,,,,,,,,,,,,,,,,,,,away,8.0,-110.0,0.0893825026413581,0.0983207430734197,0.5706289027821922,7.062890278219225,0.0245801857683549,spread,ncaam,-8.0,8.0,-110.0,-110.0,1.909091,1.909091,0.4293710972178077,0.5706289027821922,2.328987690321243,1.752452417191524,2.561886459353368,1.927697658910677,156.0,-107.0,0.5238094988662143,0.5238094988662143,0.5,0.5,-0.1802915026413583,0.0893825026413581,-0.0706289027821923,0.0706289027821922,0.0,0.0983207430734197,-18.02915026413583,8.938250264135817,-7.06289027821923,7.062890278219225,,,,,,,,,,,,,,,,,,,,,,,,,60.0,63.0,Win,0.9090909090909092,0.0223456234257771,NCAAM,AWAY,0.075_to_0.0999,7_to_10pp,5_to_10pct,0.50_to_0.60,minus_124_to_minus_110,8.0_to_8.9,UNBUCKETED,FRI,DEC
Basketball,NCAAM,NCAAM_2025_12_12_North_Carolina_AT_Aggies_Maryland_Eastern_Shore_Hawks,2025_12_12,12:00 PM,North Carolina AT Aggies,Maryland Eastern Shore Hawks,0.749,0.251,63.7,70.8,134.5,132.0,,,,,,,,,,,,,,,,,,,,,,,,,,,,,away,8.5,-109.0,0.0537685077152587,0.058607685717246,0.5495731046985569,5.066286715124891,0.0146519214293115,spread,ncaam,-8.5,8.5,-110.0,-109.0,1.909091,1.917431,0.4504268953014431,0.5495731046985569,2.220116095267272,1.819594138524126,2.442127704794,2.001553552376539,144.0,100.0,0.5238094988662143,0.5215311528811206,0.501089762452692,0.498910237547308,-0.1400940680220727,0.0537685077152587,-0.0506628671512489,0.0506628671512489,0.0,0.058607685717246,-14.00940680220727,5.376850771525876,-5.066286715124891,5.066286715124891,,,,,,,,,,,,,,,,,,,,,,,,,82.0,79.0,Win,0.9174311926605504,0.0134421297516619,NCAAM,AWAY,0.05_to_0.0749,5_to_7pp,5_to_10pct,0.50_to_0.60,minus_109_to_minus_101,8.0_to_8.9,UNBUCKETED,FRI,DEC
Basketball,NCAAM,NCAAM_2025_12_13_Maine_Black_Bears_Canisius_Golden_Griffins,2025_12_13,12:00 PM,Maine Black Bears,Canisius Golden Griffins,0.695,0.305,60.7,65.9,126.6,126.0,,,,,,,,,,,,,,,,,,,,,,,,,,,,,away,7.0,-115.0,0.0537420998795974,0.0618034303123947,0.563629560822757,5.279528948558998,0.0154508575780986,spread,ncaam,-7.0,7.0,-105.0,-115.0,1.952381,1.869565,0.436370439177243,0.563629560822757,2.291630940641752,1.7742149622887988,2.5207940347059274,1.9516364585176789,152.0,-105.0,0.5121951094586559,0.5348837831260214,0.489165728662833,0.510834271337167,-0.1480386455886951,0.0537420998795974,-0.0527952894855899,0.0527952894855899,0.0,0.0618034303123947,-14.803864558869517,5.374209987959744,-5.279528948558998,5.279528948558998,,,,,,,,,,,,,,,,,,,,,,,,,43.0,70.0,Win,0.8695652173913042,0.0134355283287813,NCAAM,AWAY,0.05_to_0.0749,5_to_7pp,5_to_10pct,0.50_to_0.60,minus_124_to_minus_110,7.0_to_7.9,UNBUCKETED,SAT,DEC
Basketball,NCAAM,NCAAM_2025_12_13_NJIT_Highlanders_Sacred_Heart_Pioneers,2025_12_13,12:00 PM,NJIT Highlanders,Sacred Heart Pioneers,0.259,0.741,79.9,71.8,151.7,152.0,,,,,,,,,,,,,,,,,,,,,,,,,,,,,away,-6.0,-110.0,0.0960481018324912,0.1056529014504502,0.5741204069541427,7.412040695414268,0.0264132253626125,spread,ncaam,6.0,-6.0,-110.0,-110.0,1.909091,1.909091,0.4258795930458573,0.5741204069541427,2.348081514890344,1.7417949055412587,2.582889666379379,1.9159743960953848,158.0,-109.0,0.5238094988662143,0.5238094988662143,0.5,0.5,-0.1869571018324911,0.0960481018324912,-0.0741204069541426,0.0741204069541426,0.0,0.1056529014504502,-18.695710183249115,9.604810183249125,-7.412040695414268,7.412040695414268,,,,,,,,,,,,,,,,,,,,,,,,,49.0,65.0,Win,0.9090909090909092,0.0240120230569204,NCAAM,AWAY,0.075_to_0.0999,7_to_10pp,10_to_20pct,0.50_to_0.60,minus_124_to_minus_110,6.0_to_6.9,UNBUCKETED,SAT,DEC
Basketball,NCAAM,NCAAM_2025_12_13_Purdue_Boilermakers_Marquette_Golden_Eagles,2025_12_13,12:00 PM,Purdue Boilermakers,Marquette Golden Eagles,0.95,0.05,70.2,86.7,156.9,154.5,,,,,,,,,,,,,,,,,,,,,,,,,,,,,away,18.0,-110.0,0.0559063207778323,0.0614969467059208,0.5530937607363045,5.309376073630445,0.0153742366764802,spread,ncaam,-18.0,18.0,-110.0,-110.0,1.909091,1.909091,0.4469062392636955,0.5530937607363045,2.237605815590221,1.8080117169804133,2.461366397149243,1.9888128886784555,146.0,-101.0,0.5238094988662143,0.5238094988662143,0.5,0.5,-0.1468153207778322,0.0559063207778323,-0.0530937607363045,0.0530937607363044,0.0,0.0614969467059208,-14.68153207778322,5.590632077783231,-5.3093760736304505,5.309376073630445,,,,,,,,,,,,,,,,,,,,,,,,,79.0,59.0,Loss,-1.0,-0.0153742366764802,NCAAM,AWAY,0.05_to_0.0749,5_to_7pp,5_to_10pct,0.50_to_0.60,minus_124_to_minus_110,15.0_plus,UNBUCKETED,SAT,DEC
Basketball,NCAAM,NCAAM_2025_12_13_Georgetown_Hoyas_Saint_Peters_Peacocks,2025_12_13,12:00 PM,Georgetown Hoyas,Saint Peters Peacocks,0.966,0.034,58.9,78.4,137.3,139.0,,,,,,,,,,,,,,,,,,,,,,,,,,,,,away,21.0,-111.0,0.0513764828774014,0.0570278897208477,0.5530937607363042,5.092920301843162,0.0142569724302119,spread,ncaam,-21.0,21.0,-109.0,-111.0,1.917431,1.900901,0.4469062392636957,0.5530937607363042,2.23760581559022,1.8080117169804144,2.4613663971492423,1.988812888678456,146.0,-101.0,0.5215311528811206,0.526066323285642,0.4978354422821273,0.5021645577178726,-0.1430881227423726,0.0513764828774014,-0.0509292030184315,0.0509292030184316,0.0,0.0570278897208477,-14.308812274237258,5.137648287740149,-5.092920301843157,5.092920301843162,,,,,,,,,,,,,,,,,,,,,,,,,76.0,68.0,Win,0.900900900900901,0.0128441193064972,NCAAM,AWAY,0.05_to_0.0749,5_to_7pp,5_to_10pct,0.50_to_0.60,minus_124_to_minus_110,15.0_plus,UNBUCKETED,SAT,DEC
Basketball,NCAAM,NCAAM_2025_12_13_Binghamton_Bearcats_Central_Connecticut_State_Blue_Devils,2025_12_13,12:00 PM,Binghamton Bearcats,Central Connecticut State Blue Devils,0.206,0.794,72.0,62.5,134.5,133.5,,,,,,,,,,,,,,,,,,,,,,,,,,,,,away,-7.5,-110.0,0.0893825026413581,0.0983207430734197,0.5706289027821922,7.062890278219225,0.0245801857683549,spread,ncaam,7.5,-7.5,-110.0,-110.0,1.909091,1.909091,0.4293710972178077,0.5706289027821922,2.328987690321243,1.752452417191524,2.561886459353368,1.927697658910677,156.0,-107.0,0.5238094988662143,0.5238094988662143,0.5,0.5,-0.1802915026413583,0.0893825026413581,-0.0706289027821923,0.0706289027821922,0.0,0.0983207430734197,-18.02915026413583,8.938250264135817,-7.06289027821923,7.062890278219225,,,,,,,,,,,,,,,,,,,,,,,,,67.0,84.0,Win,0.9090909090909092,0.0223456234257771,NCAAM,AWAY,0.075_to_0.0999,7_to_10pp,5_to_10pct,0.50_to_0.60,minus_124_to_minus_110,7.0_to_7.9,UNBUCKETED,SAT,DEC
Basketball,NCAAM,NCAAM_2025_12_13_Colorado_Buffaloes_UTSA_Roadrunners,2025_12_13,12:00 PM,Colorado Buffaloes,UTSA Roadrunners,0.972,0.028,66.7,87.6,154.3,154.5,,,,,,,,,,,,,,,,,,,,,,,,,,,,,away,23.0,-110.0,0.0960481018324912,0.1056529014504502,0.5741204069541427,7.412040695414268,0.0264132253626125,spread,ncaam,-23.0,23.0,-110.0,-110.0,1.909091,1.909091,0.4258795930458573,0.5741204069541427,2.348081514890344,1.7417949055412587,2.582889666379379,1.9159743960953848,158.0,-109.0,0.5238094988662143,0.5238094988662143,0.5,0.5,-0.1869571018324911,0.0960481018324912,-0.0741204069541426,0.0741204069541426,0.0,0.1056529014504502,-18.695710183249115,9.604810183249125,-7.412040695414268,7.412040695414268,,,,,,,,,,,,,,,,,,,,,,,,,88.0,64.0,Loss,-1.0,-0.0264132253626125,NCAAM,AWAY,0.075_to_0.0999,7_to_10pp,10_to_20pct,0.50_to_0.60,minus_124_to_minus_110,15.0_plus,UNBUCKETED,SAT,DEC
Basketball,NCAAM,NCAAM_2025_12_13_San_Jose_State_Spartans_Stanford_Cardinal,2025_12_13,12:00 PM,San Jose State Spartans,Stanford Cardinal,0.187,0.813,77.4,67.3,144.7,145.0,,,,,,,,,,,,,,,,,,,,,,,,,,,,,away,-8.0,-111.0,0.0913460556995366,0.1013941106731336,0.5741204069541427,7.195584923627008,0.0253485276682834,spread,ncaam,8.0,-8.0,-109.0,-111.0,1.917431,1.900901,0.4258795930458573,0.5741204069541427,2.348081514890344,1.7417949055412587,2.582889666379379,1.9159743960953848,158.0,-109.0,0.5215311528811206,0.526066323285642,0.4978354422821273,0.5021645577178726,-0.1834052660264886,0.0913460556995366,-0.0719558492362699,0.07195584923627,0.0,0.1013941106731336,-18.340526602648865,9.134605569953669,-7.195584923626996,7.195584923627008,,,,,,,,,,,,,,,,,,,,,,,,,82.0,86.0,Loss,-1.0,-0.0253485276682834,NCAAM,AWAY,0.075_to_0.0999,7_to_10pp,10_to_20pct,0.50_to_0.60,minus_124_to_minus_110,8.0_to_8.9,UNBUCKETED,SAT,DEC
Basketball,NCAAM,NCAAM_2025_12_13_Georgia_State_Panthers_Jacksonville_State_Gamecocks,2025_12_13,12:00 PM,Georgia State Panthers,Jacksonville State Gamecocks,0.285,0.715,74.0,66.9,140.9,139.0,,,,,,,,,,,,,,,,,,,,,,,,,,,,,over,139.0,-108.0,0.0450526426543667,0.0486568501741681,0.5426234666619417,4.481837218648044,0.012164212543542,total,ncaam,,,,,,,,,,,,,,,,,,,,,,,,,,,,,-108.0,-110.0,1.925926,1.909091,0.5426234666619417,0.4573765333380583,1.8428985501709,2.186382394176912,1.898185506676027,2.25197386600222,0.5192307492603558,0.5238094988662143,0.4978050944754613,0.5021949055245387,0.0450526426543667,-0.1268265765931129,0.0448183721864804,-0.0448183721864804,0.0486568501741681,0.0,4.50526426543667,-12.682657659311293,4.481837218648044,-4.481837218648044,77.0,73.0,Win,0.925925925925926,0.0112631597625388,NCAAM,OVER,0.04_to_0.0499,3_to_5pp,2.5_to_5pct,0.50_to_0.60,minus_109_to_minus_101,UNBUCKETED,135_to_139.9,SAT,DEC
Basketball,NCAAM,NCAAM_2025_12_13_Georgetown_Hoyas_Saint_Peters_Peacocks,2025_12_13,12:00 PM,Georgetown Hoyas,Saint Peters Peacocks,0.966,0.034,58.9,78.4,137.3,139.0,,,,,,,,,,,,,,,,,,,,,,,,,,,,,under,139.0,-110.0,0.0273797938946191,0.0301177702723042,0.5381512949852151,3.815129498521508,0.007529442568076,total,ncaam,,,,,,,,,,,,,,,,,,,,,,,,,,,,,-110.0,-110.0,1.909091,1.909091,0.4618487050147849,0.5381512949852151,2.165211224242769,1.858213497428216,2.230167560970052,1.9139599023510625,0.5238094988662143,0.5238094988662143,0.5,0.5,-0.1182887938946192,0.0273797938946191,-0.038151294985215,0.038151294985215,0.0,0.0301177702723042,-11.82887938946192,2.73797938946192,-3.815129498521508,3.815129498521508,76.0,68.0,Loss,-1.0,-0.007529442568076,NCAAM,UNDER,0.02_to_0.0299,3_to_5pp,2.5_to_5pct,0.50_to_0.60,minus_124_to_minus_110,UNBUCKETED,135_to_139.9,SAT,DEC
Basketball,NCAAM,NCAAM_2025_12_14_Missouri_Tigers_Bethune_Cookman_Wildcats,2025_12_14,12:00 PM,Missouri Tigers,Bethune Cookman Wildcats,0.97,0.03,65.4,85.7,151.1,146.5,,,,,,,,,,,,,,,,,,,,,,,,,,,,,home,-19.0,-115.0,0.0208732450404074,0.024004237797528,0.5460485433993509,3.521427206218397,0.006001059449382,spread,ncaam,-19.0,19.0,-115.0,-105.0,1.869565,1.952381,0.5460485433993509,0.453951456600649,1.8313390120494344,2.2028787119406066,2.014472913254378,2.423166583134668,101.0,142.0,0.5348837831260214,0.5121951094586559,0.510834271337167,0.489165728662833,0.0208732450404074,-0.1137138012105682,0.0352142720621839,-0.0352142720621839,0.024004237797528,0.0,2.087324504040744,-11.371380121056829,3.521427206218397,-3.521427206218397,,,,,,,,,,,,,,,,,,,,,,,,,82.0,60.0,Win,0.8695652173913042,0.0052183125646799,NCAAM,HOME,0.02_to_0.0299,3_to_5pp,0.0_to_2.5pct,0.50_to_0.60,minus_124_to_minus_110,15.0_plus,UNBUCKETED,SUN,DEC
Basketball,NCAAM,NCAAM_2025_12_14_Vermont_Catamounts_Merrimack_Warriors,2025_12_14,12:00 PM,Vermont Catamounts,Merrimack Warriors,0.687,0.313,64.2,69.3,133.5,135.5,,,,,,,,,,,,,,,,,,,,,,,,,,,,,away,6.5,-105.0,0.0729760877244731,0.0766248882794524,0.5495731046985569,5.51784800580053,0.0191562220698631,spread,ncaam,-6.5,6.5,-110.0,-105.0,1.909091,1.952381,0.4504268953014431,0.5495731046985569,2.220116095267272,1.819594138524126,2.442127704794,2.001553552376539,144.0,100.0,0.5238094988662143,0.5121951094586559,0.5056053753594484,0.4943946246405516,-0.1400940680220727,0.0729760877244731,-0.0551784800580053,0.0551784800580053,0.0,0.0766248882794524,-14.00940680220727,7.297608772447317,-5.51784800580053,5.51784800580053,,,,,,,,,,,,,,,,,,,,,,,,,66.0,59.0,Loss,-1.0,-0.0191562220698631,NCAAM,AWAY,0.05_to_0.0749,5_to_7pp,5_to_10pct,0.50_to_0.60,minus_109_to_minus_101,6.0_to_6.9,UNBUCKETED,SUN,DEC
Basketball,NCAAM,NCAAM_2025_12_14_Charleston_Cougars_Charlotte_49ers,2025_12_14,12:00 PM,Charleston Cougars,Charlotte 49ers,0.656,0.344,72.0,76.5,148.5,142.0,,,,,,,,,,,,,,,,,,,,,,,,,,,,,away,6.0,-105.0,0.0798497496801067,0.0838422329720005,0.5530937607363045,5.869913609575283,0.0209605582430001,spread,ncaam,-6.0,6.0,-110.0,-105.0,1.909091,1.952381,0.4469062392636955,0.5530937607363045,2.237605815590221,1.8080117169804133,2.461366397149243,1.9888128886784555,146.0,-101.0,0.5238094988662143,0.5121951094586559,0.5056053753594484,0.4943946246405516,-0.1468153207778322,0.0798497496801067,-0.0586991360957528,0.0586991360957528,0.0,0.0838422329720005,-14.68153207778322,7.984974968010672,-5.869913609575289,5.869913609575283,,,,,,,,,,,,,,,,,,,,,,,,,74.0,67.0,Loss,-1.0,-0.0209605582430001,NCAAM,AWAY,0.075_to_0.0999,5_to_7pp,5_to_10pct,0.50_to_0.60,minus_109_to_minus_101,6.0_to_6.9,UNBUCKETED,SUN,DEC
Basketball,NCAAM,NCAAM_2025_12_14_Wake_Forest_Demon_Deacons_Queens_Royals,2025_12_14,12:00 PM,Wake Forest Demon Deacons,Queens Royals,0.951,0.049,72.2,88.9,161.1,164.0,,,,,,,,,,,,,,,,,,,,,,,,,,,,,away,18.5,-110.0,0.0760201219006779,0.0836221257285331,0.563629560822757,6.362956082275694,0.0209055314321332,spread,ncaam,-18.5,18.5,-110.0,-110.0,1.909091,1.909091,0.436370439177243,0.563629560822757,2.291630940641752,1.7742149622887988,2.5207940347059274,1.9516364585176789,152.0,-105.0,0.5238094988662143,0.5238094988662143,0.5,0.5,-0.166929121900678,0.0760201219006779,-0.063629560822757,0.0636295608227569,0.0,0.0836221257285331,-16.692912190067798,7.602012190067797,-6.3629560822757005,6.362956082275694,,,,,,,,,,,,,,,,,,,,,,,,,111.0,73.0,Loss,-1.0,-0.0209055314321332,NCAAM,AWAY,0.075_to_0.0999,5_to_7pp,5_to_10pct,0.50_to_0.60,minus_124_to_minus_110,15.0_plus,UNBUCKETED,SUN,DEC
Basketball,NCAAM,NCAAM_2025_12_14_Vermont_Catamounts_Merrimack_Warriors,2025_12_14,12:00 PM,Vermont Catamounts,Merrimack Warriors,0.687,0.313,64.2,69.3,133.5,135.5,,,,,,,,,,,,,,,,,,,,,,,,,,,,,under,135.5,-110.0,0.0401826754327558,0.0442009385559376,0.5448575659477499,4.485756594774992,0.0110502346389844,total,ncaam,,,,,,,,,,,,,,,,,,,,,,,,,,,,,-110.0,-110.0,1.909091,1.909091,0.4551424340522501,0.5448575659477499,2.1971144089922423,1.835342046247545,2.263027841262009,1.890402307634972,0.5238094988662143,0.5238094988662143,0.5,0.5,-0.1310916754327558,0.0401826754327558,-0.0448575659477499,0.0448575659477499,0.0,0.0442009385559376,-13.10916754327558,4.018267543275589,-4.485756594774992,4.485756594774992,66.0,59.0,Win,0.9090909090909092,0.0100456678536221,NCAAM,UNDER,0.04_to_0.0499,3_to_5pp,2.5_to_5pct,0.50_to_0.60,minus_124_to_minus_110,UNBUCKETED,135_to_139.9,SUN,DEC
Basketball,NCAAM,NCAAM_2025_12_15_Houston_Christian_Huskies_McNeese_State_Cowboys,2025_12_15,12:00 PM,Houston Christian Huskies,McNeese State Cowboys,0.079,0.921,76.3,61.2,137.5,137.5,,,,,,,,,,,,,,,,,,,,,,,,,,,,,away,-14.0,-110.0,0.0289786789203192,0.0318765436246968,0.5389888061492717,3.338343078982331,0.0079691359061742,spread,ncaam,14.0,-14.0,-105.0,-110.0,1.952381,1.909091,0.4610111938507283,0.5389888061492717,2.1691447265026538,1.855326100637148,2.3860591991529194,2.040858710700863,138.0,104.0,0.5121951094586559,0.5238094988662143,0.4943946246405516,0.5056053753594484,-0.0999305043385212,0.0289786789203192,-0.0333834307898233,0.0333834307898233,0.0,0.0318765436246968,-9.993050433852124,2.8978678920319245,-3.338343078982331,3.338343078982331,,,,,,,,,,,,,,,,,,,,,,,,,68.0,78.0,Loss,-1.0,-0.0079691359061742,NCAAM,AWAY,0.02_to_0.0299,3_to_5pp,2.5_to_5pct,0.50_to_0.60,minus_124_to_minus_110,12.0_to_14.9,UNBUCKETED,MON,DEC
Basketball,NCAAM,NCAAM_2025_12_17_Wisconsin_Green_Bay_Phoenix_UC_Santa_Barbara_Gauchos,2025_12_17,12:00 PM,Wisconsin Green Bay Phoenix,UC Santa Barbara Gauchos,0.279,0.721,76.7,69.4,146.1,140.5,,,,,,,,,,,,,,,,,,,,,,,,,,,,,away,-6.5,-106.0,0.0268453869510802,0.0284561169976131,0.5283768140672721,3.28291327902166,0.0071140292494032,spread,ncaam,6.5,-6.5,-110.0,-106.0,1.909091,1.943396,0.4716231859327279,0.5283768140672721,2.1203368066442763,1.8925887233815704,2.332370487308704,2.081847595719728,133.0,108.0,0.5238094988662143,0.5145631667452233,0.5044523187229444,0.4955476812770555,-0.0996284203445024,0.0268453869510802,-0.0328291327902164,0.0328291327902166,0.0,0.0284561169976131,-9.962842034450247,2.6845386951080297,-3.2829132790216486,3.28291327902166,,,,,,,,,,,,,,,,,,,,,,,,,67.0,64.0,Loss,-1.0,-0.0071140292494032,NCAAM,AWAY,0.02_to_0.0299,3_to_5pp,2.5_to_5pct,0.50_to_0.60,minus_109_to_minus_101,6.0_to_6.9,UNBUCKETED,WED,DEC
Basketball,NCAAM,NCAAM_2025_12_17_Ole_Miss_Rebels_Alabama_AM_Bulldogs,2025_12_17,12:00 PM,Ole Miss Rebels,Alabama AM Bulldogs,0.964,0.036,60.7,79.5,140.2,134.0,,,,,,,,,,,,,,,,,,,,,,,,,,,,,away,20.5,-110.0,0.0693243681991275,0.0762567973933604,0.5601222614318162,6.01222614318162,0.0190641993483401,spread,ncaam,-20.5,20.5,-110.0,-110.0,1.909091,1.909091,0.4398777385681838,0.5601222614318162,2.273358963913546,1.7853245065528076,2.500694860304901,1.9638569572080888,150.0,-103.0,0.5238094988662143,0.5238094988662143,0.5,0.5,-0.1602333681991273,0.0693243681991275,-0.0601222614318162,0.0601222614318162,0.0,0.0762567973933604,-16.023336819912736,6.932436819912757,-6.01222614318162,6.01222614318162,,,,,,,,,,,,,,,,,,,,,,,,,80.0,66.0,Win,0.9090909090909092,0.0173310903166728,NCAAM,AWAY,0.05_to_0.0749,5_to_7pp,5_to_10pct,0.50_to_0.60,minus_124_to_minus_110,15.0_plus,UNBUCKETED,WED,DEC
Basketball,NCAAM,NCAAM_2025_12_17_San_Diego_State_Aztecs_Air_Force_Falcons,2025_12_17,12:00 PM,San Diego State Aztecs,Air Force Falcons,0.983,0.017,55.0,79.1,134.1,135.5,,,,,,,,,,,,,,,,,,,,,,,,,,,,,away,25.0,-108.0,0.0244323168566098,0.0263869000941866,0.5319167594479798,3.191675944797978,0.0065967250235466,spread,ncaam,-25.0,25.0,-108.0,-108.0,1.925926,1.925926,0.4680832405520202,0.5319167594479798,2.136372152142596,1.8799934054301928,2.350009367356856,2.067992745973212,135.0,106.0,0.5192307492603558,0.5192307492603558,0.5,0.5,-0.0985063168566099,0.0244323168566098,-0.0319167594479797,0.0319167594479797,0.0,0.0263869000941866,-9.850631685660993,2.443231685660985,-3.191675944797978,3.191675944797978,,,,,,,,,,,,,,,,,,,,,,,,,81.0,58.0,Win,0.925925925925926,0.0061080787255061,NCAAM,AWAY,0.02_to_0.0299,3_to_5pp,2.5_to_5pct,0.50_to_0.60,minus_109_to_minus_101,15.0_plus,UNBUCKETED,WED,DEC
Basketball,NCAAM,NCAAM_2025_12_17_Oregon_Ducks_Portland_Pilots,2025_12_17,12:00 PM,Oregon Ducks,Portland Pilots,0.942,0.058,68.8,84.5,153.3,154.5,,,,,,,,,,,,,,,,,,,,,,,,,,,,,away,17.5,-110.0,0.0760201219006779,0.0836221257285331,0.563629560822757,6.362956082275694,0.0209055314321332,spread,ncaam,-17.5,17.5,-110.0,-110.0,1.909091,1.909091,0.436370439177243,0.563629560822757,2.291630940641752,1.7742149622887988,2.5207940347059274,1.9516364585176789,152.0,-105.0,0.5238094988662143,0.5238094988662143,0.5,0.5,-0.166929121900678,0.0760201219006779,-0.063629560822757,0.0636295608227569,0.0,0.0836221257285331,-16.692912190067798,7.602012190067797,-6.3629560822757005,6.362956082275694,,,,,,,,,,,,,,,,,,,,,,,,,94.0,69.0,Loss,-1.0,-0.0209055314321332,NCAAM,AWAY,0.075_to_0.0999,5_to_7pp,5_to_10pct,0.50_to_0.60,minus_124_to_minus_110,15.0_plus,UNBUCKETED,WED,DEC
Basketball,NCAAM,NCAAM_2025_12_17_Middle_Tennessee_Blue_Raiders_Kennesaw_State_Owls,2025_12_17,12:00 PM,Middle Tennessee Blue Raiders,Kennesaw State Owls,0.638,0.362,78.9,82.9,161.8,164.0,,,,,,,,,,,,,,,,,,,,,,,,,,,,,under,164.0,-110.0,0.0487046193787867,0.0535750759591578,0.5493214411354863,4.932144113548631,0.0133937689897894,total,ncaam,,,,,,,,,,,,,,,,,,,,,,,,,,,,,-110.0,-110.0,1.909091,1.909091,0.4506785588645137,0.5493214411354863,2.2188763595044407,1.8204277588963744,2.285442650289574,1.8750405916632653,0.5238094988662143,0.5238094988662143,0.5,0.5,-0.1396136193787867,0.0487046193787867,-0.0493214411354863,0.0493214411354863,0.0,0.0535750759591578,-13.961361937878667,4.870461937878678,-4.932144113548631,4.932144113548631,68.0,67.0,Win,0.9090909090909092,0.0121761536270812,NCAAM,UNDER,0.04_to_0.0499,3_to_5pp,5_to_10pct,0.50_to_0.60,minus_124_to_minus_110,UNBUCKETED,160_to_164.9,WED,DEC
Basketball,NCAAM,NCAAM_2025_12_17_San_Diego_State_Aztecs_Air_Force_Falcons,2025_12_17,12:00 PM,San Diego State Aztecs,Air Force Falcons,0.983,0.017,55.0,79.1,134.1,135.5,,,,,,,,,,,,,,,,,,,,,,,,,,,,,under,135.5,-105.0,0.0375619552900385,0.0394400510825379,0.5314341592599183,3.026435988491849,0.0098600127706344,total,ncaam,,,,,,,,,,,,,,,,,,,,,,,,,,,,,-104.0,-105.0,1.961538,1.952381,0.4685658407400817,0.5314341592599183,2.134171791995205,1.881700644521256,2.1981969457550616,1.9381516638568936,0.5098040415225196,0.5121951094586559,0.4988302006250001,0.5011697993749998,-0.0808902978863816,0.0375619552900385,-0.0302643598849184,0.0302643598849184,0.0,0.0394400510825379,-8.089029788638168,3.7561955290038576,-3.026435988491844,3.026435988491849,81.0,58.0,Loss,-1.0,-0.0098600127706344,NCAAM,UNDER,0.03_to_0.0399,3_to_5pp,2.5_to_5pct,0.50_to_0.60,minus_109_to_minus_101,UNBUCKETED,135_to_139.9,WED,DEC
Basketball,NCAAM,NCAAM_2025_12_17_Oregon_Ducks_Portland_Pilots,2025_12_17,12:00 PM,Oregon Ducks,Portland Pilots,0.942,0.058,68.8,84.5,153.3,154.5,,,,,,,,,,,,,,,,,,,,,,,,,,,,,under,154.5,-105.0,0.0288090671443832,0.0302495189891264,0.526950972758075,3.036161044096092,0.0075623797472816,total,ncaam,,,,,,,,,,,,,,,,,,,,,,,,,,,,,-108.0,-105.0,1.925926,1.952381,0.473049027241925,0.526950972758075,2.113945790842064,1.8977097523247264,2.1773641645673254,1.954641044894468,0.5192307492603558,0.5121951094586559,0.5034106376828859,0.4965893623171141,-0.0889425791600683,0.0288090671443832,-0.0303616104409608,0.0303616104409609,0.0,0.0302495189891264,-8.894257916006831,2.880906714438325,-3.0361610440960862,3.036161044096092,94.0,69.0,Loss,-1.0,-0.0075623797472816,NCAAM,UNDER,0.02_to_0.0299,3_to_5pp,2.5_to_5pct,0.50_to_0.60,minus_109_to_minus_101,UNBUCKETED,150_to_154.9,WED,DEC
Basketball,NCAAM,NCAAM_2025_12_18_Murray_State_Racers_Drake_Bulldogs,2025_12_18,12:00 PM,Murray State Racers,Drake Bulldogs,0.735,0.265,73.6,80.2,153.8,156.0,,,,,,,,,,,,,,,,,,,,,,,,,,,,,away,7.5,-108.0,0.0244323168566089,0.0263869000941857,0.5319167594479793,3.411166497251805,0.0065967250235464,spread,ncaam,-7.5,7.5,-110.0,-108.0,1.909091,1.925926,0.4680832405520206,0.5319167594479793,2.1363721521425942,1.879993405430194,2.350009367356854,2.0679927459732137,135.0,106.0,0.5238094988662143,0.5192307492603558,0.5021949055245387,0.4978050944754613,-0.1063864982113024,0.0244323168566089,-0.0341116649725181,0.034111664972518,0.0,0.0263869000941857,-10.638649821130242,2.443231685660896,-3.411166497251811,3.411166497251805,,,,,,,,,,,,,,,,,,,,,,,,,81.0,72.0,Loss,-1.0,-0.0065967250235464,NCAAM,AWAY,0.02_to_0.0299,3_to_5pp,2.5_to_5pct,0.50_to_0.60,minus_109_to_minus_101,7.0_to_7.9,UNBUCKETED,THU,DEC
Basketball,NCAAM,NCAAM_2025_12_18_Oklahoma_State_Cowboys_UMKC_Kangaroos,2025_12_18,12:00 PM,Oklahoma State Cowboys,UMKC Kangaroos,0.998,0.002,60.3,97.5,157.8,161.0,,,,,,,,,,,,,,,,,,,,,,,,,,,,,home,-29.5,-110.0,0.4382957247679044,0.4821252490321699,0.7533929628120946,25.339296281209457,0.05,spread,ncaam,-29.5,29.5,-110.0,-110.0,1.909091,1.909091,0.7533929628120946,0.2466070371879054,1.3273285647206294,4.055034322633855,1.4600614211926926,4.46053775489724,-217.0,346.0,0.5238094988662143,0.5238094988662143,0.5,0.5,0.4382957247679044,-0.5292047247679045,0.2533929628120945,-0.2533929628120946,0.4821252490321699,0.0,43.829572476790446,-52.92047247679045,25.339296281209457,-25.33929628120946,,,,,,,,,,,,,,,,,,,,,,,,,91.0,79.0,Loss,-1.0,-0.05,NCAAM,HOME,0.10_plus,10pp_plus,20pct_plus,0.70_to_0.80,minus_124_to_minus_110,15.0_plus,UNBUCKETED,THU,DEC
Basketball,NCAAM,NCAAM_2025_12_18_Southern_Miss_Golden_Eagles_Louisiana_Ragin_Cajuns,2025_12_18,12:00 PM,Southern Miss Golden Eagles,Louisiana Ragin Cajuns,0.852,0.148,61.6,71.8,133.4,132.0,,,,,,,,,,,,,,,,,,,,,,,,,,,,,away,12.0,-110.0,0.0760201219006786,0.0836221257285338,0.5636295608227573,6.362956082275728,0.0209055314321334,spread,ncaam,-12.0,12.0,-110.0,-110.0,1.909091,1.909091,0.4363704391772427,0.5636295608227573,2.291630940641754,1.774214962288798,2.5207940347059297,1.951636458517678,152.0,-105.0,0.5238094988662143,0.5238094988662143,0.5,0.5,-0.1669291219006784,0.0760201219006786,-0.0636295608227572,0.0636295608227572,0.0,0.0836221257285338,-16.692912190067844,7.602012190067864,-6.362956082275728,6.362956082275728,,,,,,,,,,,,,,,,,,,,,,,,,62.0,54.0,Win,0.9090909090909092,0.0190050285746667,NCAAM,AWAY,0.075_to_0.0999,5_to_7pp,5_to_10pct,0.50_to_0.60,minus_124_to_minus_110,12.0_to_14.9,UNBUCKETED,THU,DEC
Basketball,NCAAM,NCAAM_2025_12_18_Murray_State_Racers_Drake_Bulldogs,2025_12_18,12:00 PM,Murray State Racers,Drake Bulldogs,0.735,0.265,73.6,80.2,153.8,156.0,,,,,,,,,,,,,,,,,,,,,,,,,,,,,under,156.0,-110.0,0.0487046193787867,0.0535750759591578,0.5493214411354863,4.71265356109476,0.0133937689897894,total,ncaam,,,,,,,,,,,,,,,,,,,,,,,,,,,,,-108.0,-110.0,1.925926,1.909091,0.4506785588645137,0.5493214411354863,2.2188763595044407,1.8204277588963744,2.285442650289574,1.8750405916632653,0.5192307492603558,0.5238094988662143,0.4978050944754613,0.5021949055245387,-0.1320264458403025,0.0487046193787867,-0.0471265356109475,0.0471265356109475,0.0,0.0535750759591578,-13.202644584030256,4.870461937878678,-4.71265356109476,4.71265356109476,81.0,72.0,Win,0.9090909090909092,0.0121761536270812,NCAAM,UNDER,0.04_to_0.0499,3_to_5pp,5_to_10pct,0.50_to_0.60,minus_124_to_minus_110,UNBUCKETED,155_to_159.9,THU,DEC
Basketball,NCAAM,NCAAM_2025_12_19_Western_Kentucky_Hilltoppers_Tulsa_Golden_Hurricane,2025_12_19,12:00 PM,Western Kentucky Hilltoppers,Tulsa Golden Hurricane,0.406,0.594,80.3,76.6,156.9,158.0,130.0,-135.0,2.3,1.740741,1.7407407407407407,2.3,0.574468085106383,0.4347826086956522,0.5692025664527957,0.4307974335472044,0.406,0.594,1.6835016835016836,2.463054187192118,1.7087542087542087,2.5,-141.0,149.0,-0.0662,0.0340001540000001,-0.0247974335472043,0.0247974335472043,0.0,0.0459001918349328,-6.620000000000004,3.400015400000012,-2.479743354720437,2.479743354720432,away,-135.0,-135.0,0.0340001540000001,0.0459001918349328,0.594,2.479743354720432,0.0114750479587332,moneyline,ncaam,,,,,,,,,,,,,,,,,,,,,,,,,,,,,,,,,,,,,,,,,,,,,,,,,,,,,81.0,82.0,Win,0.7407407407407407,0.0085000355249875,NCAAM,AWAY,0.03_to_0.0399,2_to_3pp,2.5_to_5pct,0.50_to_0.60,minus_149_to_minus_125,UNBUCKETED,UNBUCKETED,FRI,DEC
Basketball,NCAAM,NCAAM_2025_12_19_High_Point_Panthers_La_Salle_Explorers,2025_12_19,12:00 PM,High Point Panthers,La Salle Explorers,0.907,0.093,68.9,81.6,150.5,148.5,,,,,,,,,,,,,,,,,,,,,,,,,,,,,away,14.0,-105.0,0.0660948012105691,0.0693995378011205,0.5460485433993514,5.68828147365184,0.0173498844502801,spread,ncaam,-14.0,14.0,-115.0,-105.0,1.869565,1.952381,0.4539514566006486,0.5460485433993514,2.202878711940609,1.8313390120494328,2.42316658313467,2.014472913254376,142.0,101.0,0.5348837831260214,0.5121951094586559,0.510834271337167,0.489165728662833,-0.1513082450404084,0.0660948012105691,-0.0568828147365183,0.0568828147365184,0.0,0.0693995378011205,-15.130824504040842,6.60948012105691,-5.688281473651835,5.68828147365184,,,,,,,,,,,,,,,,,,,,,,,,,84.0,72.0,Win,0.9523809523809524,0.0165236994764572,NCAAM,AWAY,0.05_to_0.0749,5_to_7pp,5_to_10pct,0.50_to_0.60,minus_109_to_minus_101,12.0_to_14.9,UNBUCKETED,FRI,DEC
Basketball,NCAAM,NCAAM_2025_12_19_Tarleton_State_Texans_Florida_AM_Rattlers,2025_12_19,12:00 PM,Tarleton State Texans,Florida AM Rattlers,0.903,0.097,66.8,79.4,146.2,145.0,,,,,,,,,,,,,,,,,,,,,,,,,,,,,away,14.5,-110.0,0.082706338416955,0.0909769631609542,0.567131864545459,6.713186454545905,0.0227442407902385,spread,ncaam,-14.5,14.5,-110.0,-110.0,1.909091,1.909091,0.4328681354545409,0.567131864545459,2.31017235525995,1.7632583575628802,2.541189590785945,1.9395841933191684,154.0,-106.0,0.5238094988662143,0.5238094988662143,0.5,0.5,-0.1736153384169549,0.082706338416955,-0.0671318645454591,0.067131864545459,0.0,0.0909769631609542,-17.361533841695497,8.270633841695506,-6.713186454545911,6.713186454545905,,,,,,,,,,,,,,,,,,,,,,,,,78.0,54.0,Loss,-1.0,-0.0227442407902385,NCAAM,AWAY,0.075_to_0.0999,5_to_7pp,5_to_10pct,0.50_to_0.60,minus_124_to_minus_110,12.0_to_14.9,UNBUCKETED,FRI,DEC
Basketball,NCAAM,NCAAM_2025_12_19_Seattle_Redhawks_Washington_Huskies,2025_12_19,12:00 PM,Seattle Redhawks,Washington Huskies,0.202,0.798,69.4,77.7,147.1,149.5,,,,,,,,,,,,,,,,,,,,,,,,,,,,,home,6.5,100.0,0.8121677139061887,0.8121677139061887,0.9060838569530943,41.5517809605284,0.05,spread,ncaam,6.5,-6.5,100.0,-108.0,2.0,1.925926,0.9060838569530943,0.0939161430469056,1.1036506084135735,10.6477967211724,1.214015669254931,11.71257639328964,-467.0,1071.0,0.5,0.5192307492603558,0.4905660473478104,0.5094339526521896,0.8121677139061887,-0.8191244582862452,0.4155178096052839,-0.415517809605284,0.8121677139061887,0.0,81.21677139061887,-81.91244582862453,41.5517809605284,-41.5517809605284,,,,,,,,,,,,,,,,,,,,,,,,,66.0,70.0,Win,1.0,0.05,NCAAM,HOME,0.10_plus,10pp_plus,20pct_plus,0.90_plus,minus_100_to_plus_100,6.0_to_6.9,UNBUCKETED,FRI,DEC
Basketball,NCAAM,NCAAM_2025_12_20_Virginia_Tech_Hokies_Elon_Phoenix,2025_12_20,12:00 PM,Virginia Tech Hokies,Elon Phoenix,0.933,0.067,68.5,83.5,152.0,158.5,,,,,,,,,,,,,,,,,,,,,,,,,,,,,home,-14.0,-110.0,0.0222307613842629,0.0244538350773057,0.5354541828463195,3.5454182846319515,0.0061134587693264,spread,ncaam,-14.0,14.0,-110.0,-110.0,1.909091,1.909091,0.5354541828463195,0.4645458171536805,1.867573420912111,2.1526401983922745,2.0543307630033225,2.367904218231502,105.0,136.0,0.5238094988662143,0.5238094988662143,0.5,0.5,0.0222307613842629,-0.1131397613842629,0.0354541828463195,-0.0354541828463195,0.0244538350773057,0.0,2.2230761384262943,-11.313976138426296,3.5454182846319515,-3.5454182846319515,,,,,,,,,,,,,,,,,,,,,,,,,82.0,81.0,Loss,-1.0,-0.0061134587693264,NCAAM,HOME,0.02_to_0.0299,3_to_5pp,0.0_to_2.5pct,0.50_to_0.60,minus_124_to_minus_110,12.0_to_14.9,UNBUCKETED,SAT,DEC
Basketball,NCAAM,NCAAM_2025_12_20_Richmond_Spiders_The_Citadel_Bulldogs,2025_12_20,12:00 PM,Richmond Spiders,The Citadel Bulldogs,0.989,0.011,58.8,86.1,144.9,146.5,,,,,,,,,,,,,,,,,,,,,,,,,,,,,home,-20.0,-110.0,0.4165992308634698,0.4582591081239059,0.7420281332128588,24.20281332128588,0.05,spread,ncaam,-20.0,20.0,-110.0,-110.0,1.909091,1.909091,0.7420281332128588,0.2579718667871412,1.3476577979195556,3.8763916874126574,1.4824235777115111,4.264030856153925,-207.0,326.0,0.5238094988662143,0.5238094988662143,0.5,0.5,0.4165992308634698,-0.5075082308634699,0.2420281332128587,-0.2420281332128588,0.4582591081239059,0.0,41.659923086346986,-50.75082308634698,24.20281332128588,-24.20281332128588,,,,,,,,,,,,,,,,,,,,,,,,,80.0,56.0,Win,0.9090909090909092,0.0454545454545454,NCAAM,HOME,0.10_plus,10pp_plus,20pct_plus,0.70_to_0.80,minus_124_to_minus_110,15.0_plus,UNBUCKETED,SAT,DEC
Basketball,NCAAM,NCAAM_2025_12_20_Utah_Utes_Eastern_Washington_Eagles,2025_12_20,12:00 PM,Utah Utes,Eastern Washington Eagles,0.959,0.041,68.8,86.6,155.4,159.5,,,,,,,,,,,,,,,,,,,,,,,,,,,,,home,-11.0,-106.0,0.4137220649897681,0.4385454941400729,0.7274493026587315,22.62961309037774,0.05,spread,ncaam,-11.0,11.0,-106.0,-105.0,1.943396,1.952381,0.7274493026587315,0.2725506973412684,1.3746662431940364,3.669042162632487,1.5121328675134402,4.035946378895736,-195.0,303.0,0.5145631667452233,0.5121951094586559,0.5011531717549541,0.4988468282450459,0.4137220649897681,-0.4678771969741571,0.2262961309037774,-0.2262961309037774,0.4385454941400729,0.0,41.372206498976816,-46.78771969741571,22.62961309037774,-22.62961309037775,,,,,,,,,,,,,,,,,,,,,,,,,101.0,77.0,Win,0.9433962264150944,0.0471698113207547,NCAAM,HOME,0.10_plus,10pp_plus,20pct_plus,0.70_to_0.80,minus_109_to_minus_101,10.0_to_11.9,UNBUCKETED,SAT,DEC
Basketball,NCAAM,NCAAM_2025_12_20_New_Mexico_Lobos_San_Jose_State_Spartans,2025_12_20,12:00 PM,New Mexico Lobos,San Jose State Spartans,0.929,0.071,65.9,80.4,146.3,147.0,,,,,,,,,,,,,,,,,,,,,,,,,,,,,away,16.5,-108.0,0.0989890402196964,0.1069081548846197,0.5706289027821922,7.282380830673096,0.0267270387211549,spread,ncaam,-16.5,16.5,-110.0,-108.0,1.909091,1.925926,0.4293710972178077,0.5706289027821922,2.328987690321243,1.752452417191524,2.561886459353368,1.927697658910677,156.0,-107.0,0.5238094988662143,0.5192307492603558,0.5021949055245387,0.4978050944754613,-0.1802915026413583,0.0989890402196964,-0.072823808306731,0.0728238083067309,0.0,0.1069081548846197,-18.02915026413583,9.898904021969646,-7.282380830673102,7.282380830673096,,,,,,,,,,,,,,,,,,,,,,,,,88.0,65.0,Loss,-1.0,-0.0267270387211549,NCAAM,AWAY,0.075_to_0.0999,7_to_10pp,10_to_20pct,0.50_to_0.60,minus_109_to_minus_101,15.0_plus,UNBUCKETED,SAT,DEC
Basketball,NCAAM,NCAAM_2025_12_20_Weber_State_Wildcats_Utah_Tech_Trailblazers,2025_12_20,12:00 PM,Weber State Wildcats,Utah Tech Trailblazers,0.663,0.337,73.3,78.0,151.3,152.0,,,,,,,,,,,,,,,,,,,,,,,,,,,,,away,6.0,-105.0,0.0660948012105682,0.0693995378011196,0.5460485433993509,5.688281473651796,0.0173498844502799,spread,ncaam,-6.0,6.0,-115.0,-105.0,1.869565,1.952381,0.453951456600649,0.5460485433993509,2.2028787119406066,1.8313390120494344,2.423166583134668,2.014472913254378,142.0,101.0,0.5348837831260214,0.5121951094586559,0.510834271337167,0.489165728662833,-0.1513082450404076,0.0660948012105682,-0.0568828147365179,0.0568828147365179,0.0,0.0693995378011196,-15.130824504040763,6.609480121056821,-5.688281473651796,5.688281473651796,,,,,,,,,,,,,,,,,,,,,,,,,80.0,82.0,Win,0.9523809523809524,0.016523699476457,NCAAM,AWAY,0.05_to_0.0749,5_to_7pp,5_to_10pct,0.50_to_0.60,minus_109_to_minus_101,6.0_to_6.9,UNBUCKETED,SAT,DEC
Basketball,NCAAM,NCAAM_2025_12_20_Michigan_State_Spartans_Oakland_Golden_Grizzlies,2025_12_20,12:00 PM,Michigan State Spartans,Oakland Golden Grizzlies,0.989,0.011,62.7,89.5,152.2,154.0,,,,,,,,,,,,,,,,,,,,,,,,,,,,,home,-20.0,-110.0,0.3887669166620604,0.42764356556391,0.7274493026587315,22.52543971341928,0.05,spread,ncaam,-20.0,20.0,-110.0,-108.0,1.909091,1.925926,0.7274493026587315,0.2725506973412684,1.3746662431940364,3.669042162632487,1.5121328675134402,4.035946378895736,-195.0,303.0,0.5238094988662143,0.5192307492603558,0.5021949055245387,0.4978050944754613,0.3887669166620604,-0.4750875256723202,0.2252543971341928,-0.2252543971341928,0.42764356556391,0.0,38.87669166620604,-47.50875256723203,22.52543971341928,-22.52543971341929,,,,,,,,,,,,,,,,,,,,,,,,,79.0,70.0,Loss,-1.0,-0.05,NCAAM,HOME,0.10_plus,10pp_plus,20pct_plus,0.70_to_0.80,minus_124_to_minus_110,15.0_plus,UNBUCKETED,SAT,DEC
Basketball,NCAAM,NCAAM_2025_12_20_Troy_Trojans_Marshall_Thundering_Herd,2025_12_20,12:00 PM,Troy Trojans,Marshall Thundering Herd,0.559,0.441,75.6,77.2,152.8,154.5,,,,,,,,,,,,,,,,,,,,,,,,,,,,,under,154.5,-110.0,0.0273797938946191,0.0301177702723042,0.5381512949852151,3.815129498521508,0.007529442568076,total,ncaam,,,,,,,,,,,,,,,,,,,,,,,,,,,,,-110.0,-110.0,1.909091,1.909091,0.4618487050147849,0.5381512949852151,2.165211224242769,1.858213497428216,2.230167560970052,1.9139599023510625,0.5238094988662143,0.5238094988662143,0.5,0.5,-0.1182887938946192,0.0273797938946191,-0.038151294985215,0.038151294985215,0.0,0.0301177702723042,-11.82887938946192,2.73797938946192,-3.815129498521508,3.815129498521508,70.0,63.0,Win,0.9090909090909092,0.00684494778916,NCAAM,UNDER,0.02_to_0.0299,3_to_5pp,2.5_to_5pct,0.50_to_0.60,minus_124_to_minus_110,UNBUCKETED,150_to_154.9,SAT,DEC
Basketball,NCAAM,NCAAM_2025_12_20_UMass_Minutemen_Kent_State_Golden_Flashes,2025_12_20,12:00 PM,UMass Minutemen,Kent State Golden Flashes,0.491,0.509,81.4,80.5,161.9,163.0,,,,,,,,,,,,,,,,,,,,,,,,,,,,,under,163.0,-105.0,0.0244300524894025,0.0256515538312949,0.5247080628675461,3.554233420471314,0.0064128884578237,total,ncaam,,,,,,,,,,,,,,,,,,,,,,,,,,,,,-115.0,-105.0,1.869565,1.952381,0.4752919371324539,0.5247080628675461,2.103970048457441,1.9058216764098657,2.167089149911164,1.962996326702162,0.5348837831260214,0.5121951094586559,0.510834271337167,0.489165728662833,-0.1114108295549639,0.0244300524894025,-0.035542334204713,0.0355423342047131,0.0,0.0256515538312949,-11.141082955496396,2.4430052489402554,-3.554233420471309,3.554233420471314,59.0,69.0,Win,0.9523809523809524,0.0061075128169749,NCAAM,UNDER,0.02_to_0.0299,3_to_5pp,2.5_to_5pct,0.50_to_0.60,minus_109_to_minus_101,UNBUCKETED,160_to_164.9,SAT,DEC
Basketball,NCAAM,NCAAM_2025_12_20_Southern_Miss_Golden_Eagles_Arkansas_State_Red_Wolves,2025_12_20,12:00 PM,Southern Miss Golden Eagles,Arkansas State Red Wolves,0.401,0.599,78.6,74.7,153.3,155.0,,,,,,,,,,,,,,,,,,,,,,,,,,,,,under,155.0,-110.0,0.0273797938946191,0.0301177702723042,0.5381512949852151,3.706153253252309,0.007529442568076,total,ncaam,,,,,,,,,,,,,,,,,,,,,,,,,,,,,-109.0,-110.0,1.917431,1.909091,0.4618487050147849,0.5381512949852151,2.165211224242769,1.858213497428216,2.230167560970052,1.9139599023510625,0.5215311528811206,0.5238094988662143,0.498910237547308,0.501089762452692,-0.1144369756947958,0.0273797938946191,-0.037061532532523,0.037061532532523,0.0,0.0301177702723042,-11.443697569479582,2.73797938946192,-3.706153253252309,3.706153253252309,86.0,93.0,Loss,-1.0,-0.007529442568076,NCAAM,UNDER,0.02_to_0.0299,3_to_5pp,2.5_to_5pct,0.50_to_0.60,minus_124_to_minus_110,UNBUCKETED,155_to_159.9,SAT,DEC
Basketball,NCAAM,NCAAM_2025_12_20_St_Thomas_Tommies_UC_Riverside_Highlanders,2025_12_20,12:00 PM,St Thomas Tommies,UC Riverside Highlanders,0.883,0.117,70.0,81.1,151.1,153.0,,,,,,,,,,,,,,,,,,,,,,,,,,,,,under,153.0,-110.0,0.035917576593113,0.0395093303014912,0.5426234666619417,4.262346666194173,0.0098773325753728,total,ncaam,,,,,,,,,,,,,,,,,,,,,,,,,,,,,-110.0,-110.0,1.909091,1.909091,0.4573765333380583,0.5426234666619417,2.186382394176912,1.8428985501709,2.25197386600222,1.898185506676027,0.5238094988662143,0.5238094988662143,0.5,0.5,-0.1268265765931129,0.035917576593113,-0.0426234666619417,0.0426234666619417,0.0,0.0395093303014912,-12.682657659311293,3.591757659311301,-4.262346666194173,4.262346666194173,92.0,78.0,Loss,-1.0,-0.0098773325753728,NCAAM,UNDER,0.03_to_0.0399,3_to_5pp,2.5_to_5pct,0.50_to_0.60,minus_124_to_minus_110,UNBUCKETED,150_to_154.9,SAT,DEC
Basketball,NCAAM,NCAAM_2025_12_20_Kansas_State_Wildcats_South_Dakota_Coyotes,2025_12_20,12:00 PM,Kansas State Wildcats,South Dakota Coyotes,0.972,0.028,74.9,96.0,170.9,172.5,,,,,,,,,,,,,,,,,,,,,,,,,,,,,under,172.5,-105.0,0.0463070677339862,0.0486224186895646,0.5359133630853744,4.151873844482279,0.0121556046723911,total,ncaam,,,,,,,,,,,,,,,,,,,,,,,,,,,,,-110.0,-105.0,1.909091,1.952381,0.4640866369146256,0.5359133630853744,2.1547700805355494,1.8659732503081727,2.219413182951616,1.921952447817418,0.5238094988662143,0.5121951094586559,0.5056053753594484,0.4943946246405516,-0.1140163782460205,0.0463070677339862,-0.0415187384448227,0.0415187384448227,0.0,0.0486224186895646,-11.401637824602052,4.63070677339863,-4.151873844482279,4.151873844482279,106.0,76.0,Loss,-1.0,-0.0121556046723911,NCAAM,UNDER,0.04_to_0.0499,3_to_5pp,2.5_to_5pct,0.50_to_0.60,minus_109_to_minus_101,UNBUCKETED,170_to_174.9,SAT,DEC
Basketball,NCAAM,NCAAM_2025_12_20_Louisville_Cardinals_Montana_Grizzlies,2025_12_20,12:00 PM,Louisville Cardinals,Montana Grizzlies,0.985,0.015,69.6,94.5,164.1,165.0,,,,,,,,,,,,,,,,,,,,,,,,,,,,,under,165.0,-103.0,0.0252880018595005,0.0260466361850255,0.5202199642694056,3.540369481971517,0.0065116590462563,total,ncaam,,,,,,,,,,,,,,,,,,,,,,,,,,,,,-117.0,-103.0,1.854701,1.970874,0.4797800357305943,0.5202199642694056,2.084288477066852,1.9222637897113293,2.1468171313788567,1.979931703402669,0.5391704646732816,0.5073891075735942,0.5151837305503094,0.4848162694496905,-0.110151487950431,0.0252880018595005,-0.0354036948197151,0.0354036948197151,0.0,0.0260466361850255,-11.015148795043109,2.528800185950053,-3.540369481971512,3.540369481971517,94.0,54.0,Win,0.970873786407767,0.0063219990740352,NCAAM,UNDER,0.02_to_0.0299,3_to_5pp,2.5_to_5pct,0.50_to_0.60,minus_109_to_minus_101,UNBUCKETED,165_to_169.9,SAT,DEC
Basketball,NCAAM,NCAAM_2025_12_20_Michigan_State_Spartans_Oakland_Golden_Grizzlies,2025_12_20,12:00 PM,Michigan State Spartans,Oakland Golden Grizzlies,0.989,0.011,62.7,89.5,152.2,154.0,,,,,,,,,,,,,,,,,,,,,,,,,,,,,under,154.0,-110.0,0.0316499047506015,0.0348148917441726,0.5403880196127904,4.038801961279037,0.0087037229360431,total,ncaam,,,,,,,,,,,,,,,,,,,,,,,,,,,,,-110.0,-110.0,1.909091,1.909091,0.4596119803872096,0.5403880196127904,2.175748332664282,1.850522150207068,2.2410207826442106,1.90603781471328,0.5238094988662143,0.5238094988662143,0.5,0.5,-0.1225589047506016,0.0316499047506015,-0.0403880196127904,0.0403880196127903,0.0,0.0348148917441726,-12.25589047506016,3.1649904750601587,-4.0388019612790425,4.038801961279037,79.0,70.0,Win,0.9090909090909092,0.0079124753964028,NCAAM,UNDER,0.03_to_0.0399,3_to_5pp,2.5_to_5pct,0.50_to_0.60,minus_124_to_minus_110,UNBUCKETED,150_to_154.9,SAT,DEC
Basketball,NCAAM,NCAAM_2025_12_22_Tulsa_Golden_Hurricane_Denver_Pioneers,2025_12_22,12:00 PM,Tulsa Golden Hurricane,Denver Pioneers,0.945,0.055,69.5,85.4,154.9,167.5,,,,,,,,,,,,,,,,,,,,,,,,,,,,,away,17.0,-110.0,0.0289786789203192,0.0318765436246968,0.5389888061492717,3.898880614927169,0.0079691359061742,spread,ncaam,-17.0,17.0,-110.0,-110.0,1.909091,1.909091,0.4610111938507283,0.5389888061492717,2.1691447265026538,1.855326100637148,2.3860591991529194,2.040858710700863,138.0,104.0,0.5238094988662143,0.5238094988662143,0.5,0.5,-0.1198876789203191,0.0289786789203192,-0.0389888061492716,0.0389888061492716,0.0,0.0318765436246968,-11.988767892031916,2.8978678920319245,-3.898880614927169,3.898880614927169,,,,,,,,,,,,,,,,,,,,,,,,,90.0,85.0,Win,0.9090909090909092,0.0072446690056129,NCAAM,AWAY,0.02_to_0.0299,3_to_5pp,2.5_to_5pct,0.50_to_0.60,minus_124_to_minus_110,15.0_plus,UNBUCKETED,MON,DEC
Basketball,NCAAM,NCAAM_2025_12_22_UC_Santa_Barbara_Gauchos_Portland_Pilots,2025_12_22,12:00 PM,UC Santa Barbara Gauchos,Portland Pilots,0.77,0.23,72.4,80.1,152.5,147.0,,,,,,,,,,,,,,,,,,,,,,,,,,,,,away,9.5,-108.0,0.0855088255571301,0.0923495242137386,0.5636295608227575,6.473471446838552,0.0230873810534346,spread,ncaam,-9.5,9.5,-109.0,-108.0,1.917431,1.925926,0.4363704391772425,0.5636295608227575,2.291630940641755,1.774214962288797,2.520794034705931,1.9516364585176769,152.0,-105.0,0.5215311528811206,0.5192307492603558,0.501105153645628,0.498894846354372,-0.1632897924379407,0.0855088255571301,-0.0647347144683855,0.0647347144683855,0.0,0.0923495242137386,-16.328979243794073,8.550882555713013,-6.473471446838552,6.473471446838552,,,,,,,,,,,,,,,,,,,,,,,,,79.0,61.0,Loss,-1.0,-0.0230873810534346,NCAAM,AWAY,0.075_to_0.0999,5_to_7pp,5_to_10pct,0.50_to_0.60,minus_109_to_minus_101,9.0_to_9.9,UNBUCKETED,MON,DEC
Basketball,NCAAM,NCAAM_2025_12_22_Indiana_Hoosiers_Siena_Saints,2025_12_22,12:00 PM,Indiana Hoosiers,Siena Saints,0.975,0.025,60.8,82.3,143.1,142.0,,,,,,,,,,,,,,,,,,,,,,,,,,,,,away,22.5,-110.0,0.0222307613842629,0.0244538350773057,0.5354541828463195,3.5454182846319515,0.0061134587693264,spread,ncaam,-22.5,22.5,-110.0,-110.0,1.909091,1.909091,0.4645458171536805,0.5354541828463195,2.1526401983922745,1.867573420912111,2.367904218231502,2.0543307630033225,136.0,105.0,0.5238094988662143,0.5238094988662143,0.5,0.5,-0.1131397613842629,0.0222307613842629,-0.0354541828463195,0.0354541828463195,0.0,0.0244538350773057,-11.313976138426296,2.2230761384262943,-3.5454182846319515,3.5454182846319515,,,,,,,,,,,,,,,,,,,,,,,,,81.0,60.0,Win,0.9090909090909092,0.0055576897902967,NCAAM,AWAY,0.02_to_0.0299,3_to_5pp,0.0_to_2.5pct,0.50_to_0.60,minus_124_to_minus_110,15.0_plus,UNBUCKETED,MON,DEC
Basketball,NCAAM,NCAAM_2025_12_22_VCU_Rams_Rider_Broncs,2025_12_22,12:00 PM,VCU Rams,Rider Broncs,0.999,0.001,49.3,92.5,141.8,145.5,,,,,,,,,,,,,,,,,,,,,,,,,,,,,home,-30.0,-105.0,0.7179592198757365,0.7538571431766661,0.8799303106697599,38.33409483526458,0.05,spread,ncaam,-30.0,30.0,-105.0,-108.0,1.952381,1.925926,0.8799303106697599,0.12006968933024,1.1364536348780268,8.328496605413848,1.2500989983658295,9.161346265955236,-399.0,816.0,0.5121951094586559,0.5192307492603558,0.4965893623171141,0.5034106376828859,0.7179592198757365,-0.7687546635069682,0.3833409483526458,-0.3833409483526458,0.7538571431766661,0.0,71.79592198757365,-76.87546635069683,38.33409483526458,-38.33409483526459,,,,,,,,,,,,,,,,,,,,,,,,,100.0,79.0,Loss,-1.0,-0.05,NCAAM,HOME,0.10_plus,10pp_plus,20pct_plus,0.80_to_0.90,minus_109_to_minus_101,15.0_plus,UNBUCKETED,MON,DEC
Basketball,NCAAM,NCAAM_2025_12_22_Memphis_Tigers_Alabama_State_Hornets,2025_12_22,12:00 PM,Memphis Tigers,Alabama State Hornets,0.972,0.028,66.7,87.5,154.2,151.0,,,,,,,,,,,,,,,,,,,,,,,,,,,,,home,-20.5,100.0,0.0212980590792748,0.0212980590792748,0.5106490295396374,3.332725366719602,0.0053245147698187,spread,ncaam,-20.5,20.5,100.0,-121.0,2.0,1.826446,0.5106490295396374,0.4893509704603626,1.958292177508933,2.043523075185155,2.1541213952598266,2.2478753827036706,115.0,124.0,0.5,0.5475113964497171,0.4773217758724414,0.5226782241275586,0.0212980590792748,-0.1062268774065525,0.033327253667196,-0.033327253667196,0.0212980590792748,0.0,2.1298059079274845,-10.622687740655255,3.332725366719602,-3.332725366719602,,,,,,,,,,,,,,,,,,,,,,,,,88.0,67.0,Win,1.0,0.0053245147698187,NCAAM,HOME,0.02_to_0.0299,3_to_5pp,0.0_to_2.5pct,0.50_to_0.60,minus_100_to_plus_100,15.0_plus,UNBUCKETED,MON,DEC
Basketball,NCAAM,NCAAM_2025_12_22_Cal_State_Northridge_Matadors_Sacramento_State_Hornets,2025_12_22,12:00 PM,Cal State Northridge Matadors,Sacramento State Hornets,0.779,0.221,73.0,80.9,153.9,158.5,,,,,,,,,,,,,,,,,,,,,,,,,,,,,away,9.5,-110.0,0.062619594665122,0.0688815472434794,0.5566102373669574,5.661023736695736,0.0172203868108698,spread,ncaam,-9.5,9.5,-110.0,-110.0,1.909091,1.909091,0.4433897626330426,0.5566102373669574,2.2553520272131724,1.796589305885742,2.4808872299344897,1.9762482364743164,148.0,-102.0,0.5238094988662143,0.5238094988662143,0.5,0.5,-0.153528594665122,0.062619594665122,-0.0566102373669574,0.0566102373669573,0.0,0.0688815472434794,-15.352859466512204,6.261959466512201,-5.661023736695742,5.661023736695736,,,,,,,,,,,,,,,,,,,,,,,,,100.0,88.0,Loss,-1.0,-0.0172203868108698,NCAAM,AWAY,0.05_to_0.0749,5_to_7pp,5_to_10pct,0.50_to_0.60,minus_124_to_minus_110,9.0_to_9.9,UNBUCKETED,MON,DEC
Basketball,NCAAM,NCAAM_2025_12_22_Washington_Huskies_San_Diego_Toreros,2025_12_22,12:00 PM,Washington Huskies,San Diego Toreros,0.968,0.032,65.8,85.6,151.4,159.0,,,,,,,,,,,,,,,,,,,,,,,,,,,,,away,21.5,-110.0,0.0693243681991275,0.0762567973933604,0.5601222614318162,6.01222614318162,0.0190641993483401,spread,ncaam,-21.5,21.5,-110.0,-110.0,1.909091,1.909091,0.4398777385681838,0.5601222614318162,2.273358963913546,1.7853245065528076,2.500694860304901,1.9638569572080888,150.0,-103.0,0.5238094988662143,0.5238094988662143,0.5,0.5,-0.1602333681991273,0.0693243681991275,-0.0601222614318162,0.0601222614318162,0.0,0.0762567973933604,-16.023336819912736,6.932436819912757,-6.01222614318162,6.01222614318162,,,,,,,,,,,,,,,,,,,,,,,,,86.0,56.0,Loss,-1.0,-0.0190641993483401,NCAAM,AWAY,0.05_to_0.0749,5_to_7pp,5_to_10pct,0.50_to_0.60,minus_124_to_minus_110,15.0_plus,UNBUCKETED,MON,DEC
Basketball,NCAAM,NCAAM_2025_12_22_Fordham_Rams_New_Haven_Chargers,2025_12_22,12:00 PM,Fordham Rams,New Haven Chargers,0.898,0.102,61.3,73.4,134.7,126.5,,,,,,,,,,,,,,,,,,,,,,,,,,,,,away,14.0,-108.0,0.0922540033565777,0.0996343156543587,0.567131864545459,6.601115624434295,0.0249085789135896,spread,ncaam,-14.0,14.0,-107.0,-108.0,1.934579,1.925926,0.4328681354545409,0.567131864545459,2.31017235525995,1.7632583575628802,2.541189590785945,1.9395841933191684,154.0,-106.0,0.516908329926046,0.5192307492603558,0.4988792916988839,0.5011207083011161,-0.1625823953804896,0.0922540033565777,-0.066011156244343,0.0660111562443429,0.0,0.0996343156543587,-16.25823953804897,9.225400335657774,-6.601115624434301,6.601115624434295,,,,,,,,,,,,,,,,,,,,,,,,,65.0,47.0,Loss,-1.0,-0.0249085789135896,NCAAM,AWAY,0.075_to_0.0999,5_to_7pp,5_to_10pct,0.50_to_0.60,minus_109_to_minus_101,12.0_to_14.9,UNBUCKETED,MON,DEC
Basketball,NCAAM,NCAAM_2025_12_22_High_Point_Panthers_Bryant_Bulldogs,2025_12_22,12:00 PM,High Point Panthers,Bryant Bulldogs,0.969,0.031,65.5,85.7,151.2,153.0,,,,,,,,,,,,,,,,,,,,,,,,,,,,,under,153.0,-110.0,0.0316499047506015,0.0348148917441726,0.5403880196127904,4.038801961279037,0.0087037229360431,total,ncaam,,,,,,,,,,,,,,,,,,,,,,,,,,,,,-110.0,-110.0,1.909091,1.909091,0.4596119803872096,0.5403880196127904,2.175748332664282,1.850522150207068,2.2410207826442106,1.90603781471328,0.5238094988662143,0.5238094988662143,0.5,0.5,-0.1225589047506016,0.0316499047506015,-0.0403880196127904,0.0403880196127903,0.0,0.0348148917441726,-12.25589047506016,3.1649904750601587,-4.0388019612790425,4.038801961279037,93.0,47.0,Win,0.9090909090909092,0.0079124753964028,NCAAM,UNDER,0.03_to_0.0399,3_to_5pp,2.5_to_5pct,0.50_to_0.60,minus_124_to_minus_110,UNBUCKETED,150_to_154.9,MON,DEC
Basketball,NCAAM,NCAAM_2025_12_23_California_State_Bakersfield_Roadrunners_Idaho_Vandals,2025_12_23,12:00 PM,California State Bakersfield Roadrunners,Idaho Vandals,0.333,0.667,78.0,72.0,150.0,150.0,,,,,,,,,,,,,,,,,,,,,,,,,,,,,home,7.0,-110.0,0.0222307613842629,0.0244538350773057,0.5354541828463195,3.5454182846319515,0.0061134587693264,spread,ncaam,7.0,-7.0,-110.0,-110.0,1.909091,1.909091,0.5354541828463195,0.4645458171536805,1.867573420912111,2.1526401983922745,2.0543307630033225,2.367904218231502,105.0,136.0,0.5238094988662143,0.5238094988662143,0.5,0.5,0.0222307613842629,-0.1131397613842629,0.0354541828463195,-0.0354541828463195,0.0244538350773057,0.0,2.2230761384262943,-11.313976138426296,3.5454182846319515,-3.5454182846319515,,,,,,,,,,,,,,,,,,,,,,,,,64.0,63.0,Win,0.9090909090909092,0.0055576897902967,NCAAM,HOME,0.02_to_0.0299,3_to_5pp,0.0_to_2.5pct,0.50_to_0.60,minus_124_to_minus_110,7.0_to_7.9,UNBUCKETED,TUE,DEC
Basketball,NCAAM,NCAAM_2025_12_23_Campbell_Fighting_Camels_Wisconsin_Green_Bay_Phoenix,2025_12_23,12:00 PM,Campbell Fighting Camels,Wisconsin Green Bay Phoenix,0.664,0.336,71.3,75.9,147.2,145.0,,,,,,,,,,,,,,,,,,,,,,,,,,,,,away,6.0,-104.0,0.0780085286441971,0.0811289087318411,0.5495731046985565,6.157656688686108,0.0202822271829602,spread,ncaam,-6.0,6.0,-115.0,-104.0,1.869565,1.961538,0.4504268953014435,0.5495731046985565,2.2201160952672696,1.819594138524128,2.4421277047939967,2.0015535523765404,144.0,100.0,0.5348837831260214,0.5098040415225196,0.5120034621883045,0.4879965378116954,-0.1578976414857569,0.0780085286441971,-0.061576566886861,0.061576566886861,0.0,0.0811289087318411,-15.789764148575692,7.800852864419716,-6.157656688686103,6.157656688686108,,,,,,,,,,,,,,,,,,,,,,,,,102.0,79.0,Loss,-1.0,-0.0202822271829602,NCAAM,AWAY,0.075_to_0.0999,5_to_7pp,5_to_10pct,0.50_to_0.60,minus_109_to_minus_101,6.0_to_6.9,UNBUCKETED,TUE,DEC
Basketball,NCAAM,NCAAM_2025_12_28_Kansas_State_Wildcats_Louisiana_Monroe_Warhawks,2025_12_28,12:00 PM,Kansas State Wildcats,Louisiana Monroe Warhawks,0.998,0.002,60.2,100.3,160.5,169.0,,,,,,,,,,,,,,,,,,,,,,,,,,,,,home,-30.5,-110.0,0.5340038146917072,0.587404137420464,0.8035257694325242,30.35257694325242,0.05,spread,ncaam,-30.5,30.5,-110.0,-110.0,1.909091,1.909091,0.8035257694325242,0.1964742305674758,1.244515158121478,5.089726001785087,1.368966673933626,5.598698601963597,-271.0,459.0,0.5238094988662143,0.5238094988662143,0.5,0.5,0.5340038146917072,-0.6249128146917071,0.3035257694325242,-0.3035257694325242,0.587404137420464,0.0,53.400381469170725,-62.49128146917072,30.35257694325242,-30.35257694325242,,,,,,,,,,,,,,,,,,,,,,,,,94.0,85.0,Loss,-1.0,-0.05,NCAAM,HOME,0.10_plus,10pp_plus,20pct_plus,0.80_to_0.90,minus_124_to_minus_110,15.0_plus,UNBUCKETED,SUN,DEC
Basketball,NCAAM,NCAAM_2025_12_28_Texas_Tech_Red_Raiders_Winthrop_Eagles,2025_12_28,12:00 PM,Texas Tech Red Raiders,Winthrop Eagles,0.986,0.014,69.4,95.1,164.5,167.0,,,,,,,,,,,,,,,,,,,,,,,,,,,,,home,-18.5,-110.0,0.4110951819134858,0.4522046548843688,0.7391450600906325,23.914506009063253,0.05,spread,ncaam,-18.5,18.5,-110.0,-110.0,1.909091,1.909091,0.7391450600906325,0.2608549399093675,1.3529144061077565,3.833548256158937,1.4882058467185322,4.216903081774831,-204.0,321.0,0.5238094988662143,0.5238094988662143,0.5,0.5,0.4110951819134858,-0.5020041819134857,0.2391450600906325,-0.2391450600906325,0.4522046548843688,0.0,41.109518191348585,-50.200418191348575,23.914506009063253,-23.914506009063253,,,,,,,,,,,,,,,,,,,,,,,,,87.0,57.0,Win,0.9090909090909092,0.0454545454545454,NCAAM,HOME,0.10_plus,10pp_plus,20pct_plus,0.70_to_0.80,minus_124_to_minus_110,15.0_plus,UNBUCKETED,SUN,DEC
Basketball,NCAAM,NCAAM_2025_12_30_Air_Force_Falcons_Wyoming_Cowboys,2025_12_30,12:00 PM,Air Force Falcons,Wyoming Cowboys,0.093,0.907,78.4,64.4,142.8,142.0,,,,,,,,,,,,,,,,,,,,,,,,,,,,,away,-12.5,-108.0,0.0652176542398279,0.0704350609442093,0.5530937607363045,5.528866626084317,0.0176087652360523,spread,ncaam,12.5,-12.5,-110.0,-108.0,1.909091,1.925926,0.4469062392636955,0.5530937607363045,2.237605815590221,1.8080117169804133,2.461366397149243,1.9888128886784555,146.0,-101.0,0.5238094988662143,0.5192307492603558,0.5021949055245387,0.4978050944754613,-0.1468153207778322,0.0652176542398279,-0.0552886662608432,0.0552886662608431,0.0,0.0704350609442093,-14.68153207778322,6.521765423982795,-5.528866626084322,5.528866626084317,,,,,,,,,,,,,,,,,,,,,,,,,56.0,68.0,Loss,-1.0,-0.0176087652360523,NCAAM,AWAY,0.05_to_0.0749,5_to_7pp,5_to_10pct,0.50_to_0.60,minus_109_to_minus_101,12.0_to_14.9,UNBUCKETED,TUE,DEC
Basketball,NCAAM,NCAAM_2025_12_30_Toledo_Rockets_Western_Michigan_Broncos,2025_12_30,12:00 PM,Toledo Rockets,Western Michigan Broncos,0.83,0.17,75.0,84.4,159.4,160.0,,,,,,,,,,,,,,,,,,,,,,,,,,,,,away,10.5,-104.0,0.05724702483643,0.0595369344076157,0.5389888061492717,4.789824589273339,0.0148842336019039,spread,ncaam,-10.5,10.5,-112.0,-104.0,1.892857,1.961538,0.4610111938507283,0.5389888061492717,2.1691447265026538,1.855326100637148,2.3860591991529194,2.040858710700863,138.0,104.0,0.5283019266642963,0.5098040415225196,0.5089094397434617,0.4910905602565383,-0.1273717346412919,0.05724702483643,-0.0478982458927333,0.0478982458927333,0.0,0.0595369344076157,-12.737173464129192,5.724702483643007,-4.789824589273339,4.789824589273339,,,,,,,,,,,,,,,,,,,,,,,,,84.0,79.0,Win,0.9615384615384616,0.0143117630787537,NCAAM,AWAY,0.05_to_0.0749,3_to_5pp,5_to_10pct,0.50_to_0.60,minus_109_to_minus_101,10.0_to_11.9,UNBUCKETED,TUE,DEC
Basketball,NCAAM,NCAAM_2025_12_30_Miami_Hurricanes_Pitt_Panthers,2025_12_30,12:00 PM,Miami Hurricanes,Pitt Panthers,0.832,0.168,69.0,78.5,147.5,144.0,,,,,,,,,,,,,,,,,,,,,,,,,,,,,away,10.5,-110.0,0.0222307613842629,0.0244538350773057,0.5354541828463195,3.5454182846319515,0.0061134587693264,spread,ncaam,-10.5,10.5,-110.0,-110.0,1.909091,1.909091,0.4645458171536805,0.5354541828463195,2.1526401983922745,1.867573420912111,2.367904218231502,2.0543307630033225,136.0,105.0,0.5238094988662143,0.5238094988662143,0.5,0.5,-0.1131397613842629,0.0222307613842629,-0.0354541828463195,0.0354541828463195,0.0,0.0244538350773057,-11.313976138426296,2.2230761384262943,-3.5454182846319515,3.5454182846319515,,,,,,,,,,,,,,,,,,,,,,,,,76.0,69.0,Win,0.9090909090909092,0.0055576897902967,NCAAM,AWAY,0.02_to_0.0299,3_to_5pp,0.0_to_2.5pct,0.50_to_0.60,minus_124_to_minus_110,10.0_to_11.9,UNBUCKETED,TUE,DEC
Basketball,NCAAM,NCAAM_2025_12_30_Nebraska_Cornhuskers_New_Hampshire_Wildcats,2025_12_30,12:00 PM,Nebraska Cornhuskers,New Hampshire Wildcats,0.999,0.001,49.9,97.3,147.2,144.5,,,,,,,,,,,,,,,,,,,,,,,,,,,,,home,-32.0,-110.0,0.7462851867357525,0.8209136233179655,0.914720768541548,41.47207685415481,0.05,spread,ncaam,-32.0,32.0,-110.0,-110.0,1.909091,1.909091,0.914720768541548,0.085279231458452,1.0932297968859102,11.72618447537486,1.2025527765745012,12.898802922912346,-493.0,1189.0,0.5238094988662143,0.5238094988662143,0.5,0.5,0.7462851867357525,-0.8371941867357524,0.414720768541548,-0.414720768541548,0.8209136233179655,0.0,74.62851867357526,-83.71941867357523,41.47207685415481,-41.4720768541548,,,,,,,,,,,,,,,,,,,,,,,,,86.0,55.0,Loss,-1.0,-0.05,NCAAM,HOME,0.10_plus,10pp_plus,20pct_plus,0.90_plus,minus_124_to_minus_110,15.0_plus,UNBUCKETED,TUE,DEC
Basketball,NCAAM,NCAAM_2025_12_30_Creighton_Bluejays_Butler_Bulldogs,2025_12_30,12:00 PM,Creighton Bluejays,Butler Bulldogs,0.655,0.345,74.9,79.3,154.2,156.5,,,,,,,,,,,,,,,,,,,,,,,,,,,,,away,6.0,-106.0,0.0817141088579962,0.0866169761775503,0.5566102373669578,6.319726382219942,0.0216542440443875,spread,ncaam,-6.0,6.0,-112.0,-106.0,1.892857,1.943396,0.4433897626330422,0.5566102373669578,2.255352027213174,1.7965893058857405,2.4808872299344924,1.9762482364743148,148.0,-102.0,0.5283019266642963,0.5145631667452233,0.5065870264552416,0.4934129735447584,-0.1607265840717076,0.0817141088579962,-0.0631972638221993,0.0631972638221994,0.0,0.0866169761775503,-16.07265840717076,8.171410885799624,-6.319726382219937,6.319726382219942,,,,,,,,,,,,,,,,,,,,,,,,,89.0,85.0,Win,0.9433962264150944,0.0204285321173466,NCAAM,AWAY,0.075_to_0.0999,5_to_7pp,5_to_10pct,0.50_to_0.60,minus_109_to_minus_101,6.0_to_6.9,UNBUCKETED,TUE,DEC
Basketball,NCAAM,NCAAM_2025_12_30_San_Jose_State_Spartans_San_Diego_State_Aztecs,2025_12_30,12:00 PM,San Jose State Spartans,San Diego State Aztecs,0.113,0.887,76.5,63.8,140.3,141.5,,,,,,,,,,,,,,,,,,,,,,,,,,,,,away,-11.0,-110.0,0.0693243681991275,0.0762567973933604,0.5601222614318162,6.01222614318162,0.0190641993483401,spread,ncaam,11.0,-11.0,-110.0,-110.0,1.909091,1.909091,0.4398777385681838,0.5601222614318162,2.273358963913546,1.7853245065528076,2.500694860304901,1.9638569572080888,150.0,-103.0,0.5238094988662143,0.5238094988662143,0.5,0.5,-0.1602333681991273,0.0693243681991275,-0.0601222614318162,0.0601222614318162,0.0,0.0762567973933604,-16.023336819912736,6.932436819912757,-6.01222614318162,6.01222614318162,,,,,,,,,,,,,,,,,,,,,,,,,68.0,81.0,Win,0.9090909090909092,0.0173310903166728,NCAAM,AWAY,0.05_to_0.0749,5_to_7pp,5_to_10pct,0.50_to_0.60,minus_124_to_minus_110,10.0_to_11.9,UNBUCKETED,TUE,DEC
Basketball,NCAAM,NCAAM_2025_12_30_Boise_State_Broncos_New_Mexico_Lobos,2025_12_30,12:00 PM,Boise State Broncos,New Mexico Lobos,0.691,0.309,71.5,76.7,148.2,146.5,,,,,,,,,,,,,,,,,,,,,,,,,,,,,over,146.5,-107.0,0.0410961941012024,0.0439729483555723,0.5381512949852151,4.146687618755557,0.010993237088893,total,ncaam,,,,,,,,,,,,,,,,,,,,,,,,,,,,,-107.0,-110.0,1.934579,1.909091,0.5381512949852151,0.4618487050147849,1.858213497428216,2.165211224242769,1.9139599023510625,2.230167560970052,0.516908329926046,0.5238094988662143,0.4966844187976595,0.5033155812023404,0.0410961941012024,-0.1182887938946192,0.0414668761875555,-0.0414668761875555,0.0439729483555723,0.0,4.109619410120247,-11.82887938946192,4.146687618755557,-4.146687618755552,62.0,53.0,Loss,-1.0,-0.010993237088893,NCAAM,OVER,0.04_to_0.0499,3_to_5pp,2.5_to_5pct,0.50_to_0.60,minus_109_to_minus_101,UNBUCKETED,145_to_149.9,TUE,DEC
Basketball,NCAAM,NCAAM_2025_12_31_Richmond_Spiders_George_Washington_Colonials,2025_12_31,12:00 PM,Richmond Spiders,George Washington Colonials,0.381,0.619,82.1,77.7,159.8,162.0,130.0,-150.0,2.3,1.666667,1.6666666666666663,2.3,0.6000000000000001,0.4347826086956522,0.5798319327731092,0.4201680672268907,0.381,0.619,1.6155088852988693,2.6246719160104988,1.6397415185783522,2.664041994750656,-156.0,166.0,-0.1237,0.0316668729999998,-0.0391680672268907,0.0391680672268908,0.0,0.047500285749857,-12.370000000000005,3.1666872999999818,-3.91680672268907,3.916806722689081,away,-150.0,-150.0,0.0316668729999998,0.047500285749857,0.619,3.916806722689081,0.0118750714374642,moneyline,ncaam,,,,,,,,,,,,,,,,,,,,,,,,,,,,,,,,,,,,,,,,,,,,,,,,,,,,,85.0,99.0,Win,0.6666666666666665,0.0079167142916427,NCAAM,AWAY,0.03_to_0.0399,3_to_5pp,2.5_to_5pct,0.60_to_0.70,minus_199_to_minus_150,UNBUCKETED,UNBUCKETED,WED,DEC
Basketball,NCAAM,NCAAM_2025_12_31_Northern_Illinois_Huskies_Buffalo_Bulls,2025_12_31,12:00 PM,Northern Illinois Huskies,Buffalo Bulls,0.269,0.731,78.8,70.9,149.7,153.0,,,,,,,,,,,,,,,,,,,,,,,,,,,,,away,-6.0,-108.0,0.0922540033565777,0.0996343156543587,0.567131864545459,6.823701819108708,0.0249085789135896,spread,ncaam,6.0,-6.0,-109.0,-108.0,1.917431,1.925926,0.4328681354545409,0.567131864545459,2.31017235525995,1.7632583575628802,2.541189590785945,1.9395841933191684,154.0,-106.0,0.5215311528811206,0.5192307492603558,0.501105153645628,0.498894846354372,-0.1700052181672641,0.0922540033565777,-0.0682370181910871,0.068237018191087,0.0,0.0996343156543587,-17.000521816726412,9.225400335657774,-6.823701819108713,6.823701819108708,,,,,,,,,,,,,,,,,,,,,,,,,67.0,81.0,Win,0.925925925925926,0.0230634989940644,NCAAM,AWAY,0.075_to_0.0999,5_to_7pp,5_to_10pct,0.50_to_0.60,minus_109_to_minus_101,6.0_to_6.9,UNBUCKETED,WED,DEC
Basketball,NCAAM,NCAAM_2025_12_31_VCU_Rams_Saint_Bonaventure_Bonnies,2025_12_31,12:00 PM,VCU Rams,Saint Bonaventure Bonnies,0.835,0.165,71.5,81.1,152.6,152.0,,,,,,,,,,,,,,,,,,,,,,,,,,,,,away,10.0,-103.0,0.0134182757296055,0.0138208209609131,0.5141973945212153,2.2159193145687373,0.0034552052402282,spread,ncaam,-10.0,10.0,-110.0,-103.0,1.909091,1.970874,0.4858026054787847,0.5141973945212153,2.058449231688344,1.944778426835729,2.264294154857178,2.1392562695193025,126.0,113.0,0.5238094988662143,0.5073891075735942,0.5079617986244722,0.4920382013755279,-0.0725586181039014,0.0134182757296055,-0.0221591931456875,0.0221591931456873,0.0,0.0138208209609131,-7.25586181039014,1.3418275729605522,-2.2159193145687537,2.2159193145687373,,,,,,,,,,,,,,,,,,,,,,,,,89.0,82.0,Win,0.970873786407767,0.0033545681943963,NCAAM,AWAY,0.01_to_0.0199,2_to_3pp,0.0_to_2.5pct,0.50_to_0.60,minus_109_to_minus_101,10.0_to_11.9,UNBUCKETED,WED,DEC
Basketball,NCAAM,NCAAM_2025_12_31_William_Mary_Tribe_Stony_Brook_Seawolves,2025_12_31,12:00 PM,William Mary Tribe,Stony Brook Seawolves,0.871,0.129,71.0,81.9,152.9,156.0,,,,,,,,,,,,,,,,,,,,,,,,,,,,,away,12.0,-110.0,0.0289786789203192,0.0318765436246968,0.5389888061492717,3.898880614927169,0.0079691359061742,spread,ncaam,-12.0,12.0,-110.0,-110.0,1.909091,1.909091,0.4610111938507283,0.5389888061492717,2.1691447265026538,1.855326100637148,2.3860591991529194,2.040858710700863,138.0,104.0,0.5238094988662143,0.5238094988662143,0.5,0.5,-0.1198876789203191,0.0289786789203192,-0.0389888061492716,0.0389888061492716,0.0,0.0318765436246968,-11.988767892031916,2.8978678920319245,-3.898880614927169,3.898880614927169,,,,,,,,,,,,,,,,,,,,,,,,,76.0,57.0,Loss,-1.0,-0.0079691359061742,NCAAM,AWAY,0.02_to_0.0299,3_to_5pp,2.5_to_5pct,0.50_to_0.60,minus_124_to_minus_110,12.0_to_14.9,UNBUCKETED,WED,DEC
Basketball,NCAAM,NCAAM_2025_12_31_Longwood_Lancers_Winthrop_Eagles,2025_12_31,12:00 PM,Longwood Lancers,Winthrop Eagles,0.2,0.8,84.7,75.2,159.9,161.0,,,,,,,,,,,,,,,,,,,,,,,,,,,,,away,-8.0,-105.0,0.0798497496801067,0.0838422329720005,0.5530937607363045,5.869913609575283,0.0209605582430001,spread,ncaam,8.0,-8.0,-110.0,-105.0,1.909091,1.952381,0.4469062392636955,0.5530937607363045,2.237605815590221,1.8080117169804133,2.461366397149243,1.9888128886784555,146.0,-101.0,0.5238094988662143,0.5121951094586559,0.5056053753594484,0.4943946246405516,-0.1468153207778322,0.0798497496801067,-0.0586991360957528,0.0586991360957528,0.0,0.0838422329720005,-14.68153207778322,7.984974968010672,-5.869913609575289,5.869913609575283,,,,,,,,,,,,,,,,,,,,,,,,,82.0,70.0,Loss,-1.0,-0.0209605582430001,NCAAM,AWAY,0.075_to_0.0999,5_to_7pp,5_to_10pct,0.50_to_0.60,minus_109_to_minus_101,8.0_to_8.9,UNBUCKETED,WED,DEC
Basketball,NCAAM,NCAAM_2025_12_31_Tulsa_Golden_Hurricane_Rice_Owls,2025_12_31,12:00 PM,Tulsa Golden Hurricane,Rice Owls,0.927,0.073,67.4,81.9,149.3,151.0,,,,,,,,,,,,,,,,,,,,,,,,,,,,,under,151.0,-108.0,0.0364395709456952,0.0393547334729722,0.5381512949852151,3.815129498521508,0.009838683368243,total,ncaam,,,,,,,,,,,,,,,,,,,,,,,,,,,,,-108.0,-108.0,1.925926,1.925926,0.4618487050147849,0.5381512949852151,2.165211224242769,1.858213497428216,2.230167560970052,1.9139599023510625,0.5192307492603558,0.5192307492603558,0.5,0.5,-0.1105135709456953,0.0364395709456952,-0.038151294985215,0.038151294985215,0.0,0.0393547334729722,-11.051357094569536,3.643957094569528,-3.815129498521508,3.815129498521508,97.0,48.0,Win,0.925925925925926,0.0091098920076324,NCAAM,UNDER,0.03_to_0.0399,3_to_5pp,2.5_to_5pct,0.50_to_0.60,minus_109_to_minus_101,UNBUCKETED,150_to_154.9,WED,DEC
Basketball,NCAAM,NCAAM_2025_12_31_USC_Upstate_Spartans_Radford_Highlanders,2025_12_31,12:00 PM,USC Upstate Spartans,Radford Highlanders,0.493,0.507,78.9,78.1,157.0,158.5,,,,,,,,,,,,,,,,,,,,,,,,,,,,,under,158.5,-106.0,0.0371404889115827,0.0393689276948204,0.5336742943340332,3.812661305697773,0.0098422319237051,total,ncaam,,,,,,,,,,,,,,,,,,,,,,,,,,,,,-110.0,-106.0,1.909091,1.943396,0.4663257056659667,0.5336742943340332,2.1444239248443,1.873802074817731,2.208756642589629,1.930016137062263,0.5238094988662143,0.5145631667452233,0.5044523187229444,0.4955476812770555,-0.1097417922444539,0.0371404889115827,-0.0381266130569776,0.0381266130569777,0.0,0.0393689276948204,-10.97417922444539,3.714048891158273,-3.812661305697768,3.812661305697773,69.0,76.0,Win,0.9433962264150944,0.0092851244563255,NCAAM,UNDER,0.03_to_0.0399,3_to_5pp,2.5_to_5pct,0.50_to_0.60,minus_109_to_minus_101,UNBUCKETED,155_to_159.9,WED,DEC
Basketball,NCAAM,NCAAM_2026_01_01_Youngstown_State_Penguins_Oakland_Golden_Grizzlies,2026_01_01,12:00 PM,Youngstown State Penguins,Oakland Golden Grizzlies,0.543,0.457,76.1,77.3,153.4,156.5,-115.0,-105.0,1.869565,1.952381,1.9523809523809523,1.869565217391304,0.5121951219512195,0.5348837209302326,0.4891657638136511,0.5108342361863489,0.543,0.457,2.1881838074398248,1.8416206261510129,2.221006564551422,1.8692449355432776,122.0,-115.0,0.0151737949999999,-0.107761883,0.0321657638136511,-0.0321657638136511,0.0174498686124672,0.0,1.5173794999999934,-10.7761883,3.2165763813651105,-3.2165763813651105,home,-115.0,-115.0,0.0151737949999999,0.0174498686124672,0.543,3.2165763813651105,0.0043624671531168,moneyline,ncaam,,,,,,,,,,,,,,,,,,,,,,,,,,,,,,,,,,,,,,,,,,,,,,,,,,,,,83.0,85.0,Loss,-1.0,-0.0043624671531168,NCAAM,HOME,0.01_to_0.0199,3_to_5pp,0.0_to_2.5pct,0.50_to_0.60,minus_124_to_minus_110,UNBUCKETED,UNBUCKETED,THU,JAN
Basketball,NCAAM,NCAAM_2026_01_01_VMI_Keydets_Samford_Bulldogs,2026_01_01,12:00 PM,VMI Keydets,Samford Bulldogs,0.272,0.728,80.2,72.6,152.8,152.0,,,,,,,,,,,,,,,,,,,,,,,,,,,,,away,-6.0,-105.0,0.0867152518407383,0.0910510098802248,0.5566102373669578,6.221561272640619,0.0227627524700562,spread,ncaam,6.0,-6.0,-110.0,-105.0,1.909091,1.952381,0.4433897626330422,0.5566102373669578,2.255352027213174,1.7965893058857405,2.4808872299344924,1.9762482364743148,148.0,-102.0,0.5238094988662143,0.5121951094586559,0.5056053753594484,0.4943946246405516,-0.1535285946651228,0.0867152518407383,-0.0622156127264061,0.0622156127264061,0.0,0.0910510098802248,-15.352859466512282,8.671525184073836,-6.221561272640619,6.221561272640619,,,,,,,,,,,,,,,,,,,,,,,,,58.0,78.0,Win,0.9523809523809524,0.0216788118762439,NCAAM,AWAY,0.075_to_0.0999,5_to_7pp,5_to_10pct,0.50_to_0.60,minus_109_to_minus_101,6.0_to_6.9,UNBUCKETED,THU,JAN
Basketball,NCAAM,NCAAM_2026_01_01_Purdue_Fort_Wayne_Mastodons_Wisconsin_Green_Bay_Phoenix,2026_01_01,12:00 PM,Purdue Fort Wayne Mastodons,Wisconsin Green Bay Phoenix,0.747,0.253,71.3,78.5,149.8,144.5,,,,,,,,,,,,,,,,,,,,,,,,,,,,,away,8.5,-108.0,0.0516490869949384,0.0557810094920527,0.5460485433993509,4.263790571646508,0.0139452523730131,spread,ncaam,-8.5,8.5,-105.0,-108.0,1.952381,1.925926,0.453951456600649,0.5460485433993509,2.2028787119406066,1.8313390120494344,2.423166583134668,2.014472913254378,142.0,101.0,0.5121951094586559,0.5192307492603558,0.4965893623171141,0.5034106376828859,-0.1137138012105682,0.0516490869949384,-0.042637905716465,0.042637905716465,0.0,0.0557810094920527,-11.371380121056829,5.164908699493842,-4.263790571646508,4.263790571646508,,,,,,,,,,,,,,,,,,,,,,,,,54.0,72.0,Win,0.925925925925926,0.0129122707157528,NCAAM,AWAY,0.05_to_0.0749,3_to_5pp,5_to_10pct,0.50_to_0.60,minus_109_to_minus_101,8.0_to_8.9,UNBUCKETED,THU,JAN
Basketball,NCAAM,NCAAM_2026_01_01_Lipscomb_Bisons_Jacksonville_Dolphins,2026_01_01,12:00 PM,Lipscomb Bisons,Jacksonville Dolphins,0.875,0.125,68.0,79.0,147.0,147.0,,,,,,,,,,,,,,,,,,,,,,,,,,,,,away,13.0,-115.0,0.0668278246299891,0.0768520175374919,0.5706289027821922,5.979463144502528,0.0192130043843729,spread,ncaam,-13.0,13.0,-105.0,-115.0,1.952381,1.869565,0.4293710972178077,0.5706289027821922,2.328987690321243,1.752452417191524,2.561886459353368,1.927697658910677,156.0,-107.0,0.5121951094586559,0.5348837831260214,0.489165728662833,0.510834271337167,-0.1617040278427994,0.0668278246299891,-0.0597946314450252,0.0597946314450252,0.0,0.0768520175374919,-16.170402784279947,6.682782462998915,-5.979463144502528,5.979463144502528,,,,,,,,,,,,,,,,,,,,,,,,,76.0,57.0,Loss,-1.0,-0.0192130043843729,NCAAM,AWAY,0.05_to_0.0749,5_to_7pp,5_to_10pct,0.50_to_0.60,minus_124_to_minus_110,12.0_to_14.9,UNBUCKETED,THU,JAN
Basketball,NCAAM,NCAAM_2026_01_01_Northern_Kentucky_Norse_IU_Indianapolis_Jaguars,2026_01_01,12:00 PM,Northern Kentucky Norse,IU Indianapolis Jaguars,0.897,0.103,80.3,92.5,172.8,175.5,,,,,,,,,,,,,,,,,,,,,,,,,,,,,away,14.0,-108.0,0.085508825557129,0.0923495242137374,0.563629560822757,6.021892313987109,0.0230873810534343,spread,ncaam,-14.0,14.0,-105.0,-108.0,1.952381,1.925926,0.436370439177243,0.563629560822757,2.291630940641752,1.7742149622887988,2.5207940347059274,1.9516364585176789,152.0,-105.0,0.5121951094586559,0.5192307492603558,0.4965893623171141,0.5034106376828859,-0.1480386455886951,0.085508825557129,-0.060218923139871,0.060218923139871,0.0,0.0923495242137374,-14.803864558869517,8.550882555712903,-6.021892313987109,6.021892313987109,,,,,,,,,,,,,,,,,,,,,,,,,81.0,72.0,Win,0.925925925925926,0.0213772046791058,NCAAM,AWAY,0.075_to_0.0999,5_to_7pp,5_to_10pct,0.50_to_0.60,minus_109_to_minus_101,12.0_to_14.9,UNBUCKETED,THU,JAN
Basketball,NCAAM,NCAAM_2026_01_01_California_State_Bakersfield_Roadrunners_UC_Irvine_Anteaters,2026_01_01,12:00 PM,California State Bakersfield Roadrunners,UC Irvine Anteaters,0.147,0.853,76.3,64.8,141.1,143.5,,,,,,,,,,,,,,,,,,,,,,,,,,,,,away,-10.0,-110.0,0.0559063207778323,0.0614969467059208,0.5530937607363045,5.309376073630445,0.0153742366764802,spread,ncaam,10.0,-10.0,-110.0,-110.0,1.909091,1.909091,0.4469062392636955,0.5530937607363045,2.237605815590221,1.8080117169804133,2.461366397149243,1.9888128886784555,146.0,-101.0,0.5238094988662143,0.5238094988662143,0.5,0.5,-0.1468153207778322,0.0559063207778323,-0.0530937607363045,0.0530937607363044,0.0,0.0614969467059208,-14.68153207778322,5.590632077783231,-5.3093760736304505,5.309376073630445,,,,,,,,,,,,,,,,,,,,,,,,,77.0,81.0,Loss,-1.0,-0.0153742366764802,NCAAM,AWAY,0.05_to_0.0749,5_to_7pp,5_to_10pct,0.50_to_0.60,minus_124_to_minus_110,10.0_to_11.9,UNBUCKETED,THU,JAN
Basketball,NCAAM,NCAAM_2026_01_01_South_Dakota_State_Jackrabbits_Omaha_Mavericks,2026_01_01,12:00 PM,South Dakota State Jackrabbits,Omaha Mavericks,0.784,0.216,72.4,80.4,152.8,153.0,,,,,,,,,,,,,,,,,,,,,,,,,,,,,away,10.0,-111.0,0.0847090519275719,0.0940270372966308,0.5706289027821922,6.846434506431964,0.0235067593241577,spread,ncaam,-10.0,10.0,-109.0,-111.0,1.917431,1.900901,0.4293710972178077,0.5706289027821922,2.328987690321243,1.752452417191524,2.561886459353368,1.927697658910677,156.0,-107.0,0.5215311528811206,0.526066323285642,0.4978354422821273,0.5021645577178726,-0.1767105476905617,0.0847090519275719,-0.0684643450643195,0.0684643450643196,0.0,0.0940270372966308,-17.67105476905617,8.470905192757193,-6.846434506431959,6.846434506431964,,,,,,,,,,,,,,,,,,,,,,,,,84.0,69.0,Loss,-1.0,-0.0235067593241577,NCAAM,AWAY,0.075_to_0.0999,5_to_7pp,5_to_10pct,0.50_to_0.60,minus_124_to_minus_110,10.0_to_11.9,UNBUCKETED,THU,JAN
Basketball,NCAAM,NCAAM_2026_01_01_Central_Arkansas_Bears_Florida_Gulf_Coast_Eagles,2026_01_01,12:00 PM,Central Arkansas Bears,Florida Gulf Coast Eagles,0.389,0.611,78.9,74.6,153.5,155.5,,,,,,,,,,,,,,,,,,,,,,,,,,,,,under,155.5,-110.0,0.0401826754327558,0.0442009385559376,0.5448575659477499,4.376780349505793,0.0110502346389844,total,ncaam,,,,,,,,,,,,,,,,,,,,,,,,,,,,,-109.0,-110.0,1.917431,1.909091,0.4551424340522501,0.5448575659477499,2.1971144089922423,1.835342046247545,2.263027841262009,1.890402307634972,0.5215311528811206,0.5238094988662143,0.498910237547308,0.501089762452692,-0.12729578753276,0.0401826754327558,-0.0437678034950579,0.0437678034950579,0.0,0.0442009385559376,-12.729578753276003,4.018267543275589,-4.376780349505793,4.376780349505793,85.0,83.0,Loss,-1.0,-0.0110502346389844,NCAAM,UNDER,0.04_to_0.0499,3_to_5pp,2.5_to_5pct,0.50_to_0.60,minus_124_to_minus_110,UNBUCKETED,155_to_159.9,THU,JAN
Basketball,NCAAM,NCAAM_2026_01_01_Belmont_Bruins_Bradley_University_Braves,2026_01_01,12:00 PM,Belmont Bruins,Bradley University Braves,0.698,0.302,73.1,78.3,151.4,153.0,,,,,,,,,,,,,,,,,,,,,,,,,,,,,under,153.0,-110.0,0.0231073782460204,0.0254181135288112,0.5359133630853744,3.591336308537441,0.0063545283822028,total,ncaam,,,,,,,,,,,,,,,,,,,,,,,,,,,,,-110.0,-110.0,1.909091,1.909091,0.4640866369146256,0.5359133630853744,2.1547700805355494,1.8659732503081727,2.219413182951616,1.921952447817418,0.5238094988662143,0.5238094988662143,0.5,0.5,-0.1140163782460205,0.0231073782460204,-0.0359133630853744,0.0359133630853744,0.0,0.0254181135288112,-11.401637824602052,2.3107378246020494,-3.591336308537441,3.591336308537441,88.0,78.0,Loss,-1.0,-0.0063545283822028,NCAAM,UNDER,0.02_to_0.0299,3_to_5pp,2.5_to_5pct,0.50_to_0.60,minus_124_to_minus_110,UNBUCKETED,150_to_154.9,THU,JAN
Basketball,NCAAM,NCAAM_2026_01_01_Illinois_Chicago_Murray_State_Racers,2026_01_01,12:00 PM,Illinois Chicago,Murray State Racers,0.251,0.749,82.8,74.5,157.3,159.5,,,,,,,,,,,,,,,,,,,,,,,,,,,,,under,159.5,-110.0,0.0487046193787867,0.0535750759591578,0.5493214411354863,4.71265356109476,0.0133937689897894,total,ncaam,,,,,,,,,,,,,,,,,,,,,,,,,,,,,-108.0,-110.0,1.925926,1.909091,0.4506785588645137,0.5493214411354863,2.2188763595044407,1.8204277588963744,2.285442650289574,1.8750405916632653,0.5192307492603558,0.5238094988662143,0.4978050944754613,0.5021949055245387,-0.1320264458403025,0.0487046193787867,-0.0471265356109475,0.0471265356109475,0.0,0.0535750759591578,-13.202644584030256,4.870461937878678,-4.71265356109476,4.71265356109476,77.0,81.0,Win,0.9090909090909092,0.0121761536270812,NCAAM,UNDER,0.04_to_0.0499,3_to_5pp,5_to_10pct,0.50_to_0.60,minus_124_to_minus_110,UNBUCKETED,155_to_159.9,THU,JAN
Basketball,NCAAM,NCAAM_2026_01_02_Stonehill_Skyhawks_New_Haven_Chargers,2026_01_02,12:00 PM,Stonehill Skyhawks,New Haven Chargers,0.537,0.463,64.0,65.0,129.0,128.0,-110.0,-110.0,1.909091,1.909091,1.9090909090909087,1.9090909090909087,0.5238095238095238,0.5238095238095238,0.5,0.5,0.537,0.463,2.159827213822894,1.8621973929236493,2.192224622030237,1.8901303538175045,119.0,-112.0,0.0251818670000001,-0.1160908669999999,0.037,-0.0369999999999999,0.027700050929995,0.0,2.518186700000013,-11.609086699999994,3.7000000000000033,-3.6999999999999975,home,-110.0,-110.0,0.0251818670000001,0.027700050929995,0.537,3.7000000000000033,0.0069250127324987,moneyline,ncaam,,,,,,,,,,,,,,,,,,,,,,,,,,,,,,,,,,,,,,,,,,,,,,,,,,,,,55.0,70.0,Loss,-1.0,-0.0069250127324987,NCAAM,HOME,0.02_to_0.0299,3_to_5pp,2.5_to_5pct,0.50_to_0.60,minus_124_to_minus_110,UNBUCKETED,UNBUCKETED,FRI,JAN
Basketball,NCAAM,NCAAM_2026_01_02_Rutgers_Scarlet_Knights_Ohio_State_Buckeyes,2026_01_02,12:00 PM,Rutgers Scarlet Knights,Ohio State Buckeyes,0.172,0.828,79.0,68.4,147.4,152.0,,,,,,,,,,,,,,,,,,,,,,,,,,,,,away,-9.0,-108.0,0.0719901280111947,0.0777493320321437,0.5566102373669574,6.094001991809995,0.0194373330080359,spread,ncaam,9.0,-9.0,-112.0,-108.0,1.892857,1.925926,0.4433897626330426,0.5566102373669574,2.2553520272131724,1.796589305885742,2.4808872299344897,1.9762482364743164,148.0,-102.0,0.5283019266642963,0.5192307492603558,0.5043297825511426,0.4956702174488574,-0.1607265840717069,0.0719901280111947,-0.0609400199181,0.0609400199180999,0.0,0.0777493320321437,-16.072658407170692,7.199012801119475,-6.09400199181,6.094001991809995,,,,,,,,,,,,,,,,,,,,,,,,,73.0,80.0,Loss,-1.0,-0.0194373330080359,NCAAM,AWAY,0.05_to_0.0749,5_to_7pp,5_to_10pct,0.50_to_0.60,minus_109_to_minus_101,9.0_to_9.9,UNBUCKETED,FRI,JAN
Basketball,NCAAM,NCAAM_2026_01_02_Iowa_State_Cyclones_West_Virginia_Mountaineers,2026_01_02,12:00 PM,Iowa State Cyclones,West Virginia Mountaineers,0.991,0.009,55.9,83.7,139.6,142.0,,,,,,,,,,,,,,,,,,,,,,,,,,,,,home,-16.5,-110.0,0.608765748988116,0.669642256922702,0.842686780770595,34.2686780770595,0.05,spread,ncaam,-16.5,16.5,-110.0,-110.0,1.909091,1.909091,0.842686780770595,0.157313219229405,1.1866805351871663,6.356744874324458,1.305348588705883,6.992419361756904,-327.0,599.0,0.5238094988662143,0.5238094988662143,0.5,0.5,0.608765748988116,-0.699674748988116,0.342686780770595,-0.342686780770595,0.669642256922702,0.0,60.8765748988116,-69.9674748988116,34.2686780770595,-34.2686780770595,,,,,,,,,,,,,,,,,,,,,,,,,80.0,59.0,Win,0.9090909090909092,0.0454545454545454,NCAAM,HOME,0.10_plus,10pp_plus,20pct_plus,0.80_to_0.90,minus_124_to_minus_110,15.0_plus,UNBUCKETED,FRI,JAN
Basketball,NCAAM,NCAAM_2026_01_02_Canisius_Golden_Griffins_Fairfield_Stags,2026_01_02,12:00 PM,Canisius Golden Griffins,Fairfield Stags,0.31,0.69,70.9,64.4,135.3,137.5,,,,,,,,,,,,,,,,,,,,,,,,,,,,,under,137.5,-110.0,0.0487046193787867,0.0535750759591578,0.5493214411354863,4.932144113548631,0.0133937689897894,total,ncaam,,,,,,,,,,,,,,,,,,,,,,,,,,,,,-110.0,-110.0,1.909091,1.909091,0.4506785588645137,0.5493214411354863,2.2188763595044407,1.8204277588963744,2.285442650289574,1.8750405916632653,0.5238094988662143,0.5238094988662143,0.5,0.5,-0.1396136193787867,0.0487046193787867,-0.0493214411354863,0.0493214411354863,0.0,0.0535750759591578,-13.961361937878667,4.870461937878678,-4.932144113548631,4.932144113548631,85.0,81.0,Loss,-1.0,-0.0133937689897894,NCAAM,UNDER,0.04_to_0.0499,3_to_5pp,5_to_10pct,0.50_to_0.60,minus_124_to_minus_110,UNBUCKETED,135_to_139.9,FRI,JAN
Basketball,NCAAM,NCAAM_2026_01_02_San_Francisco_Dons_San_Diego_Toreros,2026_01_02,12:00 PM,San Francisco Dons,San Diego Toreros,0.893,0.107,68.3,80.2,148.5,150.5,,,,,,,,,,,,,,,,,,,,,,,,,,,,,under,150.5,-110.0,0.0401826754327558,0.0442009385559376,0.5448575659477499,4.485756594774992,0.0110502346389844,total,ncaam,,,,,,,,,,,,,,,,,,,,,,,,,,,,,-110.0,-110.0,1.909091,1.909091,0.4551424340522501,0.5448575659477499,2.1971144089922423,1.835342046247545,2.263027841262009,1.890402307634972,0.5238094988662143,0.5238094988662143,0.5,0.5,-0.1310916754327558,0.0401826754327558,-0.0448575659477499,0.0448575659477499,0.0,0.0442009385559376,-13.10916754327558,4.018267543275589,-4.485756594774992,4.485756594774992,74.0,64.0,Win,0.9090909090909092,0.0100456678536221,NCAAM,UNDER,0.04_to_0.0499,3_to_5pp,2.5_to_5pct,0.50_to_0.60,minus_124_to_minus_110,UNBUCKETED,150_to_154.9,FRI,JAN
Basketball,NCAAM,NCAAM_2026_01_03_Montana_Grizzlies_Northern_Colorado_Bears,2026_01_03,12:00 PM,Montana Grizzlies,Northern Colorado Bears,0.542,0.458,80.6,81.8,162.4,161.0,-115.0,-105.0,1.869565,1.952381,1.9523809523809523,1.869565217391304,0.5121951219512195,0.5348837209302326,0.4891657638136511,0.5108342361863489,0.542,0.458,2.1834061135371177,1.8450184501845013,2.216157205240174,1.872693726937269,121.0,-114.0,0.0133042299999999,-0.105809502,0.0311657638136511,-0.0311657638136511,0.0152998683249671,0.0,1.3304229999999917,-10.580950200000006,3.1165763813651104,-3.1165763813651104,home,-115.0,-115.0,0.0133042299999999,0.0152998683249671,0.542,3.1165763813651104,0.0038249670812417,moneyline,ncaam,,,,,,,,,,,,,,,,,,,,,,,,,,,,,,,,,,,,,,,,,,,,,,,,,,,,,88.0,79.0,Win,0.8695652173913042,0.0033260583315145,NCAAM,HOME,0.01_to_0.0199,3_to_5pp,0.0_to_2.5pct,0.50_to_0.60,minus_124_to_minus_110,UNBUCKETED,UNBUCKETED,SAT,JAN
Basketball,NCAAM,NCAAM_2026_01_03_Kent_State_Golden_Flashes_Northern_Illinois_Huskies,2026_01_03,12:00 PM,Kent State Golden Flashes,Northern Illinois Huskies,0.935,0.065,70.8,86.0,156.8,157.5,,,,,,,,,,,,,,,,,,,,,,,,,,,,,away,17.0,-110.0,0.0760201219006779,0.0836221257285331,0.563629560822757,6.362956082275694,0.0209055314321332,spread,ncaam,-17.0,17.0,-110.0,-110.0,1.909091,1.909091,0.436370439177243,0.563629560822757,2.291630940641752,1.7742149622887988,2.5207940347059274,1.9516364585176789,152.0,-105.0,0.5238094988662143,0.5238094988662143,0.5,0.5,-0.166929121900678,0.0760201219006779,-0.063629560822757,0.0636295608227569,0.0,0.0836221257285331,-16.692912190067798,7.602012190067797,-6.3629560822757005,6.362956082275694,,,,,,,,,,,,,,,,,,,,,,,,,77.0,73.0,Win,0.9090909090909092,0.0190050285746665,NCAAM,AWAY,0.075_to_0.0999,5_to_7pp,5_to_10pct,0.50_to_0.60,minus_124_to_minus_110,15.0_plus,UNBUCKETED,SAT,JAN
Basketball,NCAAM,NCAAM_2026_01_03_High_Point_Panthers_Longwood_Lancers,2026_01_03,12:00 PM,High Point Panthers,Longwood Lancers,0.941,0.059,70.4,86.0,156.4,159.5,,,,,,,,,,,,,,,,,,,,,,,,,,,,,away,17.0,-105.0,0.0729760877244731,0.0766248882794524,0.5495731046985569,6.040737603572394,0.0191562220698631,spread,ncaam,-17.0,17.0,-115.0,-105.0,1.869565,1.952381,0.4504268953014431,0.5495731046985569,2.220116095267272,1.819594138524126,2.442127704794,2.001553552376539,144.0,100.0,0.5348837831260214,0.5121951094586559,0.510834271337167,0.489165728662833,-0.1578976414857575,0.0729760877244731,-0.0604073760357238,0.0604073760357239,0.0,0.0766248882794524,-15.789764148575758,7.297608772447317,-6.0407376035723885,6.040737603572394,,,,,,,,,,,,,,,,,,,,,,,,,80.0,67.0,Win,0.9523809523809524,0.0182440210189172,NCAAM,AWAY,0.05_to_0.0749,5_to_7pp,5_to_10pct,0.50_to_0.60,minus_109_to_minus_101,15.0_plus,UNBUCKETED,SAT,JAN
Basketball,NCAAM,NCAAM_2026_01_03_Central_Michigan_Chippewas_Toledo_Rockets,2026_01_03,12:00 PM,Central Michigan Chippewas,Toledo Rockets,0.243,0.757,81.7,73.2,154.9,158.0,,,,,,,,,,,,,,,,,,,,,,,,,,,,,away,-7.5,-110.0,0.0222307613842629,0.0244538350773057,0.5354541828463195,2.628831170097712,0.0061134587693264,spread,ncaam,7.5,-7.5,-102.0,-110.0,1.980392,1.909091,0.4645458171536805,0.5354541828463195,2.1526401983922745,1.867573420912111,2.367904218231502,2.0543307630033225,136.0,105.0,0.504950535045587,0.5238094988662143,0.4908341288546575,0.5091658711453424,-0.0800171800753883,0.0222307613842629,-0.026288311700977,0.0262883117009771,0.0,0.0244538350773057,-8.001718007538837,2.2230761384262943,-2.6288311700977007,2.628831170097712,,,,,,,,,,,,,,,,,,,,,,,,,75.0,78.0,Loss,-1.0,-0.0061134587693264,NCAAM,AWAY,0.02_to_0.0299,2_to_3pp,0.0_to_2.5pct,0.50_to_0.60,minus_124_to_minus_110,7.0_to_7.9,UNBUCKETED,SAT,JAN
Basketball,NCAAM,NCAAM_2026_01_03_Winthrop_Eagles_Gardner_Webb_Runnin_Bulldogs,2026_01_03,12:00 PM,Winthrop Eagles,Gardner Webb Runnin Bulldogs,0.977,0.023,70.6,92.7,163.3,164.0,,,,,,,,,,,,,,,,,,,,,,,,,,,,,away,24.5,-120.0,0.0716913952956113,0.0860297087666172,0.5845590491719788,6.28198733685722,0.0215074271916543,spread,ncaam,-24.5,24.5,100.0,-120.0,2.0,1.833333,0.4154409508280212,0.5845590491719788,2.4070809533987583,1.710691163564209,2.6477890487386344,1.88176027992063,164.0,-113.0,0.5,0.5454546446281172,0.4782608241965934,0.5217391758034066,-0.1691180983439576,0.0716913952956113,-0.0628198733685722,0.0628198733685722,0.0,0.0860297087666172,-16.911809834395765,7.16913952956113,-6.28198733685722,6.28198733685722,,,,,,,,,,,,,,,,,,,,,,,,,88.0,77.0,Win,0.8333333333333335,0.0179228559930452,NCAAM,AWAY,0.05_to_0.0749,5_to_7pp,5_to_10pct,0.50_to_0.60,minus_124_to_minus_110,15.0_plus,UNBUCKETED,SAT,JAN
Basketball,NCAAM,NCAAM_2026_01_03_Maryland_Eastern_Shore_Hawks_Morgan_State_Bears,2026_01_03,12:00 PM,Maryland Eastern Shore Hawks,Morgan State Bears,0.666,0.334,67.3,72.0,139.3,137.5,,,,,,,,,,,,,,,,,,,,,,,,,,,,,away,6.5,-110.0,0.0760201219006779,0.0836221257285331,0.563629560822757,6.362956082275694,0.0209055314321332,spread,ncaam,-6.5,6.5,-110.0,-110.0,1.909091,1.909091,0.436370439177243,0.563629560822757,2.291630940641752,1.7742149622887988,2.5207940347059274,1.9516364585176789,152.0,-105.0,0.5238094988662143,0.5238094988662143,0.5,0.5,-0.166929121900678,0.0760201219006779,-0.063629560822757,0.0636295608227569,0.0,0.0836221257285331,-16.692912190067798,7.602012190067797,-6.3629560822757005,6.362956082275694,,,,,,,,,,,,,,,,,,,,,,,,,66.0,49.0,Loss,-1.0,-0.0209055314321332,NCAAM,AWAY,0.075_to_0.0999,5_to_7pp,5_to_10pct,0.50_to_0.60,minus_124_to_minus_110,6.0_to_6.9,UNBUCKETED,SAT,JAN
Basketball,NCAAM,NCAAM_2026_01_03_Southeast_Missouri_State_Redhawks_Western_Illinois_Leathernecks,2026_01_03,12:00 PM,Southeast Missouri State Redhawks,Western Illinois Leathernecks,0.918,0.082,65.8,79.3,145.1,147.5,,,,,,,,,,,,,,,,,,,,,,,,,,,,,away,14.5,-110.0,0.0222307613842629,0.0244538350773057,0.5354541828463195,3.5454182846319515,0.0061134587693264,spread,ncaam,-14.5,14.5,-110.0,-110.0,1.909091,1.909091,0.4645458171536805,0.5354541828463195,2.1526401983922745,1.867573420912111,2.367904218231502,2.0543307630033225,136.0,105.0,0.5238094988662143,0.5238094988662143,0.5,0.5,-0.1131397613842629,0.0222307613842629,-0.0354541828463195,0.0354541828463195,0.0,0.0244538350773057,-11.313976138426296,2.2230761384262943,-3.5454182846319515,3.5454182846319515,,,,,,,,,,,,,,,,,,,,,,,,,73.0,50.0,Loss,-1.0,-0.0061134587693264,NCAAM,AWAY,0.02_to_0.0299,3_to_5pp,0.0_to_2.5pct,0.50_to_0.60,minus_124_to_minus_110,12.0_to_14.9,UNBUCKETED,SAT,JAN
Basketball,NCAAM,NCAAM_2026_01_03_Austin_Peay_Governors_Jacksonville_Dolphins,2026_01_03,12:00 PM,Austin Peay Governors,Jacksonville Dolphins,0.808,0.192,66.3,75.0,141.3,140.5,,,,,,,,,,,,,,,,,,,,,,,,,,,,,away,10.5,-110.0,0.0760201219006779,0.0836221257285331,0.563629560822757,6.362956082275694,0.0209055314321332,spread,ncaam,-10.5,10.5,-110.0,-110.0,1.909091,1.909091,0.436370439177243,0.563629560822757,2.291630940641752,1.7742149622887988,2.5207940347059274,1.9516364585176789,152.0,-105.0,0.5238094988662143,0.5238094988662143,0.5,0.5,-0.166929121900678,0.0760201219006779,-0.063629560822757,0.0636295608227569,0.0,0.0836221257285331,-16.692912190067798,7.602012190067797,-6.3629560822757005,6.362956082275694,,,,,,,,,,,,,,,,,,,,,,,,,71.0,68.0,Win,0.9090909090909092,0.0190050285746665,NCAAM,AWAY,0.075_to_0.0999,5_to_7pp,5_to_10pct,0.50_to_0.60,minus_124_to_minus_110,10.0_to_11.9,UNBUCKETED,SAT,JAN
Basketball,NCAAM,NCAAM_2026_01_03_Southern_University_Jaguars_Texas_Southern_Tigers,2026_01_03,12:00 PM,Southern University Jaguars,Texas Southern Tigers,0.697,0.303,72.0,77.4,149.4,153.0,,,,,,,,,,,,,,,,,,,,,,,,,,,,,away,7.0,-110.0,0.062619594665122,0.0688815472434794,0.5566102373669574,5.661023736695736,0.0172203868108698,spread,ncaam,-7.0,7.0,-110.0,-110.0,1.909091,1.909091,0.4433897626330426,0.5566102373669574,2.2553520272131724,1.796589305885742,2.4808872299344897,1.9762482364743164,148.0,-102.0,0.5238094988662143,0.5238094988662143,0.5,0.5,-0.153528594665122,0.062619594665122,-0.0566102373669574,0.0566102373669573,0.0,0.0688815472434794,-15.352859466512204,6.261959466512201,-5.661023736695742,5.661023736695736,,,,,,,,,,,,,,,,,,,,,,,,,84.0,73.0,Loss,-1.0,-0.0172203868108698,NCAAM,AWAY,0.05_to_0.0749,5_to_7pp,5_to_10pct,0.50_to_0.60,minus_124_to_minus_110,7.0_to_7.9,UNBUCKETED,SAT,JAN
Basketball,NCAAM,NCAAM_2026_01_03_Grand_Canyon_Antelopes_Colorado_State_Rams,2026_01_03,12:00 PM,Grand Canyon Antelopes,Colorado State Rams,0.689,0.311,71.5,76.5,148.0,142.5,,,,,,,,,,,,,,,,,,,,,,,,,,,,,away,6.5,-105.0,0.0798497496801067,0.0838422329720005,0.5530937607363045,6.392803207347147,0.0209605582430001,spread,ncaam,-6.5,6.5,-115.0,-105.0,1.869565,1.952381,0.4469062392636955,0.5530937607363045,2.237605815590221,1.8080117169804133,2.461366397149243,1.9888128886784555,146.0,-101.0,0.5348837831260214,0.5121951094586559,0.510834271337167,0.489165728662833,-0.1644797367909691,0.0798497496801067,-0.0639280320734714,0.0639280320734714,0.0,0.0838422329720005,-16.44797367909692,7.984974968010672,-6.392803207347147,6.392803207347147,,,,,,,,,,,,,,,,,,,,,,,,,60.0,70.0,Win,0.9523809523809524,0.0199624364219048,NCAAM,AWAY,0.075_to_0.0999,5_to_7pp,5_to_10pct,0.50_to_0.60,minus_109_to_minus_101,6.0_to_6.9,UNBUCKETED,SAT,JAN
Basketball,NCAAM,NCAAM_2026_01_03_Montana_State_Bobcats_Northern_Arizona_Lumberjacks,2026_01_03,12:00 PM,Montana State Bobcats,Northern Arizona Lumberjacks,0.836,0.164,66.9,76.7,143.6,141.5,,,,,,,,,,,,,,,,,,,,,,,,,,,,,away,10.5,-104.0,0.0294830614673715,0.0306623986440177,0.5248346254150424,2.9414989374683067,0.0076655996610044,spread,ncaam,-10.5,10.5,-108.0,-104.0,1.925926,1.961538,0.4751653745849575,0.5248346254150424,2.104530450842445,1.9053620923146863,2.3149834959266897,2.095898301546155,131.0,109.0,0.5192307492603558,0.5098040415225196,0.5045803639596406,0.4954196360403594,-0.0848666507870911,0.0294830614673715,-0.029414989374683,0.029414989374683,0.0,0.0306623986440177,-8.48666507870911,2.9483061467371563,-2.9414989374683067,2.9414989374683067,,,,,,,,,,,,,,,,,,,,,,,,,77.0,68.0,Win,0.9615384615384616,0.0073707689048119,NCAAM,AWAY,0.02_to_0.0299,2_to_3pp,2.5_to_5pct,0.50_to_0.60,minus_109_to_minus_101,10.0_to_11.9,UNBUCKETED,SAT,JAN
Basketball,NCAAM,NCAAM_2026_01_03_Missouri_Tigers_Florida_Gators,2026_01_03,12:00 PM,Missouri Tigers,Florida Gators,0.247,0.753,84.1,75.7,159.8,156.0,,,,,,,,,,,,,,,,,,,,,,,,,,,,,away,-7.0,-104.0,0.0780085286441971,0.0811289087318411,0.5495731046985565,6.258032536741709,0.0202822271829602,spread,ncaam,7.0,-7.0,-116.0,-104.0,1.862069,1.961538,0.4504268953014435,0.5495731046985565,2.2201160952672696,1.819594138524128,2.4421277047939967,2.0015535523765404,144.0,100.0,0.5370370270919069,0.5098040415225196,0.5130072206688606,0.4869927793311394,-0.1612740414929364,0.0780085286441971,-0.0625803253674171,0.062580325367417,0.0,0.0811289087318411,-16.127404149293646,7.800852864419716,-6.258032536741714,6.258032536741709,,,,,,,,,,,,,,,,,,,,,,,,,76.0,74.0,Loss,-1.0,-0.0202822271829602,NCAAM,AWAY,0.075_to_0.0999,5_to_7pp,5_to_10pct,0.50_to_0.60,minus_109_to_minus_101,7.0_to_7.9,UNBUCKETED,SAT,JAN
Basketball,NCAAM,NCAAM_2026_01_03_Wake_Forest_Demon_Deacons_Virginia_Tech_Hokies,2026_01_03,12:00 PM,Wake Forest Demon Deacons,Virginia Tech Hokies,0.668,0.332,73.8,78.4,152.2,153.0,,,,,,,,,,,,,,,,,,,,,,,,,,,,,away,6.0,-102.0,0.0883701799601837,0.0901375979814029,0.5495731046985565,6.693716023887298,0.0225343994953507,spread,ncaam,-6.0,6.0,-118.0,-102.0,1.847458,1.980392,0.4504268953014435,0.5495731046985565,2.2201160952672696,1.819594138524128,2.4421277047939967,2.0015535523765404,144.0,100.0,0.5412842944196837,0.504950535045587,0.5173640555403163,0.4826359444596835,-0.1678552288601857,0.0883701799601837,-0.0669371602388728,0.0669371602388729,0.0,0.0901375979814029,-16.785522886018576,8.837017996018371,-6.693716023887281,6.693716023887298,,,,,,,,,,,,,,,,,,,,,,,,,81.0,78.0,Win,0.9803921568627452,0.0220925485248536,NCAAM,AWAY,0.075_to_0.0999,5_to_7pp,5_to_10pct,0.50_to_0.60,minus_109_to_minus_101,6.0_to_6.9,UNBUCKETED,SAT,JAN
Basketball,NCAAM,NCAAM_2026_01_03_George_Washington_Colonials_La_Salle_Explorers,2026_01_03,12:00 PM,George Washington Colonials,La Salle Explorers,0.951,0.049,67.2,83.8,151.0,153.0,,,,,,,,,,,,,,,,,,,,,,,,,,,,,under,153.0,-110.0,0.0401826754327558,0.0442009385559376,0.5448575659477499,4.485756594774992,0.0110502346389844,total,ncaam,,,,,,,,,,,,,,,,,,,,,,,,,,,,,-110.0,-110.0,1.909091,1.909091,0.4551424340522501,0.5448575659477499,2.1971144089922423,1.835342046247545,2.263027841262009,1.890402307634972,0.5238094988662143,0.5238094988662143,0.5,0.5,-0.1310916754327558,0.0401826754327558,-0.0448575659477499,0.0448575659477499,0.0,0.0442009385559376,-13.10916754327558,4.018267543275589,-4.485756594774992,4.485756594774992,77.0,55.0,Win,0.9090909090909092,0.0100456678536221,NCAAM,UNDER,0.04_to_0.0499,3_to_5pp,2.5_to_5pct,0.50_to_0.60,minus_124_to_minus_110,UNBUCKETED,150_to_154.9,SAT,JAN
Basketball,NCAAM,NCAAM_2026_01_03_Cal_State_Northridge_Matadors_UC_Santa_Barbara_Gauchos,2026_01_03,12:00 PM,Cal State Northridge Matadors,UC Santa Barbara Gauchos,0.473,0.527,77.9,76.1,154.0,156.0,,,,,,,,,,,,,,,,,,,,,,,,,,,,,under,156.0,-110.0,0.0401826754327558,0.0442009385559376,0.5448575659477499,4.266266042321121,0.0110502346389844,total,ncaam,,,,,,,,,,,,,,,,,,,,,,,,,,,,,-108.0,-110.0,1.925926,1.909091,0.4551424340522501,0.5448575659477499,2.1971144089922423,1.835342046247545,2.263027841262009,1.890402307634972,0.5192307492603558,0.5238094988662143,0.4978050944754613,0.5021949055245387,-0.1234293525554861,0.0401826754327558,-0.0426626604232112,0.0426626604232112,0.0,0.0442009385559376,-12.342935255548614,4.018267543275589,-4.266266042321121,4.266266042321121,74.0,65.0,Win,0.9090909090909092,0.0100456678536221,NCAAM,UNDER,0.04_to_0.0499,3_to_5pp,2.5_to_5pct,0.50_to_0.60,minus_124_to_minus_110,UNBUCKETED,155_to_159.9,SAT,JAN
Basketball,NCAAM,NCAAM_2026_01_03_Furman_Paladins_Western_Carolina_Catamounts,2026_01_03,12:00 PM,Furman Paladins,Western Carolina Catamounts,0.866,0.134,71.3,82.1,153.4,155.5,,,,,,,,,,,,,,,,,,,,,,,,,,,,,under,155.5,-115.0,0.0228207784049527,0.026243901726671,0.547090247413143,3.625597607597608,0.0065609754316677,total,ncaam,,,,,,,,,,,,,,,,,,,,,,,,,,,,,-105.0,-115.0,1.952381,1.869565,0.4529097525868569,0.547090247413143,2.2079453893151144,1.827851994672528,2.274183750994568,1.8826875545127035,0.5121951094586559,0.5348837831260214,0.489165728662833,0.510834271337167,-0.1157476043347197,0.0228207784049527,-0.036255976075976,0.036255976075976,0.0,0.026243901726671,-11.574760433471976,2.282077840495278,-3.625597607597608,3.625597607597608,77.0,80.0,Loss,-1.0,-0.0065609754316677,NCAAM,UNDER,0.02_to_0.0299,3_to_5pp,2.5_to_5pct,0.50_to_0.60,minus_124_to_minus_110,UNBUCKETED,155_to_159.9,SAT,JAN
Basketball,NCAAM,NCAAM_2026_01_03_Southeastern_Louisiana_Lions_Stephen_F_Austin_Lumberjacks,2026_01_03,12:00 PM,Southeastern Louisiana Lions,Stephen F Austin Lumberjacks,0.186,0.814,72.4,62.3,134.7,136.5,,,,,,,,,,,,,,,,,,,,,,,,,,,,,under,136.5,-110.0,0.0316499047506015,0.0348148917441726,0.5403880196127904,4.038801961279037,0.0087037229360431,total,ncaam,,,,,,,,,,,,,,,,,,,,,,,,,,,,,-110.0,-110.0,1.909091,1.909091,0.4596119803872096,0.5403880196127904,2.175748332664282,1.850522150207068,2.2410207826442106,1.90603781471328,0.5238094988662143,0.5238094988662143,0.5,0.5,-0.1225589047506016,0.0316499047506015,-0.0403880196127904,0.0403880196127903,0.0,0.0348148917441726,-12.25589047506016,3.1649904750601587,-4.0388019612790425,4.038801961279037,63.0,73.0,Win,0.9090909090909092,0.0079124753964028,NCAAM,UNDER,0.03_to_0.0399,3_to_5pp,2.5_to_5pct,0.50_to_0.60,minus_124_to_minus_110,UNBUCKETED,135_to_139.9,SAT,JAN
Basketball,NCAAM,NCAAM_2026_01_03_Delaware_State_Hornets_Coppin_State_Eagles,2026_01_03,12:00 PM,Delaware State Hornets,Coppin State Eagles,0.851,0.149,63.9,74.0,137.9,138.5,,,,,,,,,,,,,,,,,,,,,,,,,,,,,under,138.5,100.0,0.0269663696584563,0.0269663696584563,0.5134831848292282,2.4021851623869885,0.006741592414614,total,ncaam,,,,,,,,,,,,,,,,,,,,,,,,,,,,,-109.0,100.0,1.917431,2.0,0.4865168151707718,0.5134831848292282,2.0554274154922907,1.9474834416098263,2.1170902379570595,2.0059079448581216,0.5215311528811206,0.5,0.5105386667946417,0.4894613332053583,-0.0671375765702918,0.0269663696584563,-0.0240218516238698,0.0240218516238698,0.0,0.0269663696584563,-6.713757657029184,2.696636965845633,-2.4021851623869885,2.4021851623869885,51.0,53.0,Win,1.0,0.006741592414614,NCAAM,UNDER,0.02_to_0.0299,2_to_3pp,2.5_to_5pct,0.50_to_0.60,minus_100_to_plus_100,UNBUCKETED,135_to_139.9,SAT,JAN
Basketball,NCAAM,NCAAM_2026_01_03_Texas_Longhorns_Mississippi_State_Bulldogs,2026_01_03,12:00 PM,Texas Longhorns,Mississippi State Bulldogs,0.736,0.264,74.2,81.0,155.2,157.0,,,,,,,,,,,,,,,,,,,,,,,,,,,,,under,157.0,-110.0,0.0316499047506015,0.0348148917441726,0.5403880196127904,3.8193114088251656,0.0087037229360431,total,ncaam,,,,,,,,,,,,,,,,,,,,,,,,,,,,,-108.0,-110.0,1.925926,1.909091,0.4596119803872096,0.5403880196127904,2.175748332664282,1.850522150207068,2.2410207826442106,1.90603781471328,0.5192307492603558,0.5238094988662143,0.4978050944754613,0.5021949055245387,-0.114821337060783,0.0316499047506015,-0.0381931140882517,0.0381931140882516,0.0,0.0348148917441726,-11.4821337060783,3.1649904750601587,-3.819311408825171,3.8193114088251656,98.0,101.0,Loss,-1.0,-0.0087037229360431,NCAAM,UNDER,0.03_to_0.0399,3_to_5pp,2.5_to_5pct,0.50_to_0.60,minus_124_to_minus_110,UNBUCKETED,155_to_159.9,SAT,JAN
Basketball,NCAAM,NCAAM_2026_01_03_UNC_Wilmington_Seahawks_Hampton_Pirates,2026_01_03,12:00 PM,UNC Wilmington Seahawks,Hampton Pirates,0.91,0.09,62.4,75.3,137.7,139.5,,,,,,,,,,,,,,,,,,,,,,,,,,,,,under,139.5,-110.0,0.0316499047506015,0.0348148917441726,0.5403880196127904,4.038801961279037,0.0087037229360431,total,ncaam,,,,,,,,,,,,,,,,,,,,,,,,,,,,,-110.0,-110.0,1.909091,1.909091,0.4596119803872096,0.5403880196127904,2.175748332664282,1.850522150207068,2.2410207826442106,1.90603781471328,0.5238094988662143,0.5238094988662143,0.5,0.5,-0.1225589047506016,0.0316499047506015,-0.0403880196127904,0.0403880196127903,0.0,0.0348148917441726,-12.25589047506016,3.1649904750601587,-4.0388019612790425,4.038801961279037,49.0,45.0,Win,0.9090909090909092,0.0079124753964028,NCAAM,UNDER,0.03_to_0.0399,3_to_5pp,2.5_to_5pct,0.50_to_0.60,minus_124_to_minus_110,UNBUCKETED,135_to_139.9,SAT,JAN
Basketball,NCAAM,NCAAM_2026_01_04_South_Florida_Bulls_UAB_Blazers,2026_01_04,12:00 PM,South Florida Bulls,UAB Blazers,0.755,0.245,78.9,86.1,165.0,163.0,,,,,,,,,,,,,,,,,,,,,,,,,,,,,away,9.0,-110.0,0.076020121900679,0.0836221257285343,0.5636295608227575,6.36295608227575,0.0209055314321335,spread,ncaam,-9.0,9.0,-110.0,-110.0,1.909091,1.909091,0.4363704391772425,0.5636295608227575,2.291630940641755,1.774214962288797,2.520794034705931,1.9516364585176769,152.0,-105.0,0.5238094988662143,0.5238094988662143,0.5,0.5,-0.1669291219006788,0.076020121900679,-0.0636295608227575,0.0636295608227575,0.0,0.0836221257285343,-16.692912190067887,7.602012190067908,-6.36295608227575,6.36295608227575,,,,,,,,,,,,,,,,,,,,,,,,,106.0,109.0,Win,0.9090909090909092,0.0190050285746668,NCAAM,AWAY,0.075_to_0.0999,5_to_7pp,5_to_10pct,0.50_to_0.60,minus_124_to_minus_110,9.0_to_9.9,UNBUCKETED,SUN,JAN
Basketball,NCAAM,NCAAM_2026_01_04_St_Thomas_Tommies_Denver_Pioneers,2026_01_04,12:00 PM,St Thomas Tommies,Denver Pioneers,0.856,0.144,74.1,84.4,158.5,163.0,,,,,,,,,,,,,,,,,,,,,,,,,,,,,away,11.5,-103.0,0.0692392560448174,0.0713164180365498,0.5425203519072337,5.3661662597798365,0.0178291045091374,spread,ncaam,-11.5,11.5,-113.0,-103.0,1.884956,1.970874,0.4574796480927663,0.5425203519072337,2.1858895891194337,1.843248822803594,2.4044785480313773,2.0275737050839533,140.0,102.0,0.5305163621856425,0.5073891075735942,0.5111413106905647,0.4888586893094353,-0.1376709924496515,0.0692392560448174,-0.0536616625977983,0.0536616625977983,0.0,0.0713164180365498,-13.767099244965152,6.92392560448174,-5.3661662597798365,5.3661662597798365,,,,,,,,,,,,,,,,,,,,,,,,,92.0,88.0,Win,0.970873786407767,0.017309810203046,NCAAM,AWAY,0.05_to_0.0749,5_to_7pp,5_to_10pct,0.50_to_0.60,minus_109_to_minus_101,10.0_to_11.9,UNBUCKETED,SUN,JAN
Basketball,NCAAM,NCAAM_2026_01_04_Connecticut_Huskies_Marquette_Golden_Eagles,2026_01_04,12:00 PM,Connecticut Huskies,Marquette Golden Eagles,0.988,0.012,59.3,86.0,145.3,144.5,,,,,,,,,,,,,,,,,,,,,,,,,,,,,home,-20.5,-110.0,0.3543689389029105,0.3898057938126222,0.7094313151667,20.94313151667,0.05,spread,ncaam,-20.5,20.5,-110.0,-110.0,1.909091,1.909091,0.7094313151667,0.2905686848333,1.409579727623136,3.44152708876286,1.5505377003854497,3.7856797976391454,-181.0,278.0,0.5238094988662143,0.5238094988662143,0.5,0.5,0.3543689389029105,-0.4452779389029104,0.2094313151667,-0.2094313151667,0.3898057938126222,0.0,35.43689389029105,-44.52779389029104,20.94313151667,-20.94313151667,,,,,,,,,,,,,,,,,,,,,,,,,73.0,57.0,Loss,-1.0,-0.05,NCAAM,HOME,0.10_plus,10pp_plus,20pct_plus,0.70_to_0.80,minus_124_to_minus_110,15.0_plus,UNBUCKETED,SUN,JAN
Basketball,NCAAM,NCAAM_2026_01_04_Purdue_Fort_Wayne_Mastodons_Cleveland_State_Vikings,2026_01_04,12:00 PM,Purdue Fort Wayne Mastodons,Cleveland State Vikings,0.817,0.183,75.0,84.0,159.0,158.5,,,,,,,,,,,,,,,,,,,,,,,,,,,,,away,11.5,-115.0,0.0993523766825805,0.1142552617487831,0.5880257582285615,7.7191486891394545,0.0285638154371957,spread,ncaam,-11.5,11.5,-105.0,-115.0,1.952381,1.869565,0.4119742417714385,0.5880257582285615,2.427336223012689,1.7006057745030057,2.670069845313958,1.8706663519533064,167.0,-114.0,0.5121951094586559,0.5348837831260214,0.489165728662833,0.510834271337167,-0.1956693178760371,0.0993523766825805,-0.0771914868913944,0.0771914868913945,0.0,0.1142552617487831,-19.56693178760372,9.935237668258058,-7.719148689139449,7.7191486891394545,,,,,,,,,,,,,,,,,,,,,,,,,74.0,71.0,Win,0.8695652173913042,0.0248381003801701,NCAAM,AWAY,0.075_to_0.0999,7_to_10pp,10_to_20pct,0.50_to_0.60,minus_124_to_minus_110,10.0_to_11.9,UNBUCKETED,SUN,JAN
Basketball,NCAAM,NCAAM_2026_01_04_Western_Kentucky_Hilltoppers_Louisiana_Tech_Bulldogs,2026_01_04,12:00 PM,Western Kentucky Hilltoppers,Louisiana Tech Bulldogs,0.782,0.218,68.6,76.5,145.1,141.0,,,,,,,,,,,,,,,,,,,,,,,,,,,,,away,10.0,-111.0,0.0913460556995358,0.1013941106731327,0.5741204069541422,7.195584923626964,0.0253485276682831,spread,ncaam,-10.0,10.0,-109.0,-111.0,1.917431,1.900901,0.4258795930458577,0.5741204069541422,2.348081514890342,1.74179490554126,2.5828896663793763,1.915974396095386,158.0,-109.0,0.5215311528811206,0.526066323285642,0.4978354422821273,0.5021645577178726,-0.183405266026488,0.0913460556995358,-0.0719558492362695,0.0719558492362696,0.0,0.1013941106731327,-18.3405266026488,9.13460556995358,-7.195584923626957,7.195584923626964,,,,,,,,,,,,,,,,,,,,,,,,,66.0,61.0,Win,0.900900900900901,0.0228365114128676,NCAAM,AWAY,0.075_to_0.0999,7_to_10pp,10_to_20pct,0.50_to_0.60,minus_124_to_minus_110,10.0_to_11.9,UNBUCKETED,SUN,JAN
Basketball,NCAAM,NCAAM_2026_01_04_Washington_State_Cougars_Oregon_State_Beavers,2026_01_04,12:00 PM,Washington State Cougars,Oregon State Beavers,0.698,0.302,70.7,75.9,146.6,140.0,,,,,,,,,,,,,,,,,,,,,,,,,,,,,away,7.0,-108.0,0.085508825557129,0.0923495242137374,0.563629560822757,6.582446634729566,0.0230873810534343,spread,ncaam,-7.0,7.0,-110.0,-108.0,1.909091,1.925926,0.436370439177243,0.563629560822757,2.291630940641752,1.7742149622887988,2.5207940347059274,1.9516364585176789,152.0,-105.0,0.5238094988662143,0.5192307492603558,0.5021949055245387,0.4978050944754613,-0.166929121900678,0.085508825557129,-0.0658244663472957,0.0658244663472956,0.0,0.0923495242137374,-16.692912190067798,8.550882555712903,-6.582446634729572,6.582446634729566,,,,,,,,,,,,,,,,,,,,,,,,,81.0,67.0,Loss,-1.0,-0.0230873810534343,NCAAM,AWAY,0.075_to_0.0999,5_to_7pp,5_to_10pct,0.50_to_0.60,minus_109_to_minus_101,7.0_to_7.9,UNBUCKETED,SUN,JAN
Basketball,NCAAM,NCAAM_2026_01_04_Indiana_Hoosiers_Washington_Huskies,2026_01_04,12:00 PM,Indiana Hoosiers,Washington Huskies,0.774,0.226,72.5,80.2,152.7,153.0,,,,,,,,,,,,,,,,,,,,,,,,,,,,,away,9.0,-108.0,0.0516490869949384,0.0557810094920527,0.5460485433993509,4.263790571646508,0.0139452523730131,spread,ncaam,-9.0,9.0,-105.0,-108.0,1.952381,1.925926,0.453951456600649,0.5460485433993509,2.2028787119406066,1.8313390120494344,2.423166583134668,2.014472913254378,142.0,101.0,0.5121951094586559,0.5192307492603558,0.4965893623171141,0.5034106376828859,-0.1137138012105682,0.0516490869949384,-0.042637905716465,0.042637905716465,0.0,0.0557810094920527,-11.371380121056829,5.164908699493842,-4.263790571646508,4.263790571646508,,,,,,,,,,,,,,,,,,,,,,,,,90.0,80.0,Loss,-1.0,-0.0139452523730131,NCAAM,AWAY,0.05_to_0.0749,3_to_5pp,5_to_10pct,0.50_to_0.60,minus_109_to_minus_101,9.0_to_9.9,UNBUCKETED,SUN,JAN
Basketball,NCAAM,NCAAM_2026_01_04_Middle_Tennessee_Blue_Raiders_Sam_Houston_State_Bearkats,2026_01_04,12:00 PM,Middle Tennessee Blue Raiders,Sam Houston State Bearkats,0.678,0.322,74.9,80.0,154.9,157.0,,,,,,,,,,,,,,,,,,,,,,,,,,,,,under,157.0,-110.0,0.0444450675242047,0.0488895693876682,0.547090247413143,4.709024741314305,0.012222392346917,total,ncaam,,,,,,,,,,,,,,,,,,,,,,,,,,,,,-110.0,-110.0,1.909091,1.909091,0.4529097525868569,0.547090247413143,2.2079453893151144,1.827851994672528,2.274183750994568,1.8826875545127035,0.5238094988662143,0.5238094988662143,0.5,0.5,-0.1353540675242047,0.0444450675242047,-0.0470902474131431,0.047090247413143,0.0,0.0488895693876682,-13.535406752420476,4.444506752420474,-4.709024741314311,4.709024741314305,68.0,67.0,Win,0.9090909090909092,0.0111112657699245,NCAAM,UNDER,0.04_to_0.0499,3_to_5pp,2.5_to_5pct,0.50_to_0.60,minus_124_to_minus_110,UNBUCKETED,155_to_159.9,SUN,JAN
Basketball,NCAAM,NCAAM_2026_01_04_FIU_Golden_Panthers_UTEP_Miners,2026_01_04,12:00 PM,FIU Golden Panthers,UTEP Miners,0.791,0.209,70.2,78.3,148.5,150.5,,,,,,,,,,,,,,,,,,,,,,,,,,,,,under,150.5,-110.0,0.0401826754327558,0.0442009385559376,0.5448575659477499,4.485756594774992,0.0110502346389844,total,ncaam,,,,,,,,,,,,,,,,,,,,,,,,,,,,,-110.0,-110.0,1.909091,1.909091,0.4551424340522501,0.5448575659477499,2.1971144089922423,1.835342046247545,2.263027841262009,1.890402307634972,0.5238094988662143,0.5238094988662143,0.5,0.5,-0.1310916754327558,0.0401826754327558,-0.0448575659477499,0.0448575659477499,0.0,0.0442009385559376,-13.10916754327558,4.018267543275589,-4.485756594774992,4.485756594774992,76.0,64.0,Win,0.9090909090909092,0.0100456678536221,NCAAM,UNDER,0.04_to_0.0499,3_to_5pp,2.5_to_5pct,0.50_to_0.60,minus_124_to_minus_110,UNBUCKETED,150_to_154.9,SUN,JAN
Basketball,NCAAM,NCAAM_2026_01_04_Belmont_Bruins_Southern_Illinois_Salukis,2026_01_04,12:00 PM,Belmont Bruins,Southern Illinois Salukis,0.762,0.238,74.6,82.1,156.7,158.5,,,,,,,,,,,,,,,,,,,,,,,,,,,,,under,158.5,-110.0,0.0316499047506015,0.0348148917441726,0.5403880196127904,4.038801961279037,0.0087037229360431,total,ncaam,,,,,,,,,,,,,,,,,,,,,,,,,,,,,-110.0,-110.0,1.909091,1.909091,0.4596119803872096,0.5403880196127904,2.175748332664282,1.850522150207068,2.2410207826442106,1.90603781471328,0.5238094988662143,0.5238094988662143,0.5,0.5,-0.1225589047506016,0.0316499047506015,-0.0403880196127904,0.0403880196127903,0.0,0.0348148917441726,-12.25589047506016,3.1649904750601587,-4.0388019612790425,4.038801961279037,67.0,68.0,Win,0.9090909090909092,0.0079124753964028,NCAAM,UNDER,0.03_to_0.0399,3_to_5pp,2.5_to_5pct,0.50_to_0.60,minus_124_to_minus_110,UNBUCKETED,155_to_159.9,SUN,JAN
Basketball,NCAAM,NCAAM_2026_01_05_McNeese_State_Cowboys_Stephen_F_Austin_Lumberjacks,2026_01_05,12:00 PM,McNeese State Cowboys,Stephen F Austin Lumberjacks,0.81,0.19,66.0,74.7,140.7,143.5,,,,,,,,,,,,,,,,,,,,,,,,,,,,,away,10.5,-110.0,0.0760201219006779,0.0836221257285331,0.563629560822757,6.362956082275694,0.0209055314321332,spread,ncaam,-10.5,10.5,-110.0,-110.0,1.909091,1.909091,0.436370439177243,0.563629560822757,2.291630940641752,1.7742149622887988,2.5207940347059274,1.9516364585176789,152.0,-105.0,0.5238094988662143,0.5238094988662143,0.5,0.5,-0.166929121900678,0.0760201219006779,-0.063629560822757,0.0636295608227569,0.0,0.0836221257285331,-16.692912190067798,7.602012190067797,-6.3629560822757005,6.362956082275694,,,,,,,,,,,,,,,,,,,,,,,,,66.0,64.0,Win,0.9090909090909092,0.0190050285746665,NCAAM,AWAY,0.075_to_0.0999,5_to_7pp,5_to_10pct,0.50_to_0.60,minus_124_to_minus_110,10.0_to_11.9,UNBUCKETED,MON,JAN
Basketball,NCAAM,NCAAM_2026_01_05_Nicholls_State_Colonels_Northwestern_State_Demons,2026_01_05,12:00 PM,Nicholls State Colonels,Northwestern State Demons,0.775,0.225,66.2,74.0,140.2,144.5,,,,,,,,,,,,,,,,,,,,,,,,,,,,,away,8.5,-104.0,0.0294830614673715,0.0306623986440177,0.5248346254150424,3.160962245040805,0.0076655996610044,spread,ncaam,-8.5,8.5,-110.0,-104.0,1.909091,1.961538,0.4751653745849575,0.5248346254150424,2.104530450842445,1.9053620923146863,2.3149834959266897,2.095898301546155,131.0,109.0,0.5238094988662143,0.5098040415225196,0.5067749970353655,0.4932250029646344,-0.0928660598682288,0.0294830614673715,-0.031609622450408,0.031609622450408,0.0,0.0306623986440177,-9.286605986822885,2.9483061467371563,-3.160962245040805,3.160962245040805,,,,,,,,,,,,,,,,,,,,,,,,,74.0,72.0,Win,0.9615384615384616,0.0073707689048119,NCAAM,AWAY,0.02_to_0.0299,3_to_5pp,2.5_to_5pct,0.50_to_0.60,minus_109_to_minus_101,8.0_to_8.9,UNBUCKETED,MON,JAN
Basketball,NCAAM,NCAAM_2026_01_05_Southeastern_Louisiana_Lions_Lamar_Cardinals,2026_01_05,12:00 PM,Southeastern Louisiana Lions,Lamar Cardinals,0.419,0.581,68.7,65.1,133.8,135.5,,,,,,,,,,,,,,,,,,,,,,,,,,,,,under,135.5,-110.0,0.0273797938946191,0.0301177702723042,0.5381512949852151,3.815129498521508,0.007529442568076,total,ncaam,,,,,,,,,,,,,,,,,,,,,,,,,,,,,-110.0,-110.0,1.909091,1.909091,0.4618487050147849,0.5381512949852151,2.165211224242769,1.858213497428216,2.230167560970052,1.9139599023510625,0.5238094988662143,0.5238094988662143,0.5,0.5,-0.1182887938946192,0.0273797938946191,-0.038151294985215,0.038151294985215,0.0,0.0301177702723042,-11.82887938946192,2.73797938946192,-3.815129498521508,3.815129498521508,60.0,52.0,Win,0.9090909090909092,0.00684494778916,NCAAM,UNDER,0.02_to_0.0299,3_to_5pp,2.5_to_5pct,0.50_to_0.60,minus_124_to_minus_110,UNBUCKETED,135_to_139.9,MON,JAN
Basketball,NCAAM,NCAAM_2026_01_06_West_Virginia_Mountaineers_Cincinnati_Bearcats,2026_01_06,12:00 PM,West Virginia Mountaineers,Cincinnati Bearcats,0.592,0.408,65.5,68.0,133.5,132.0,-145.0,125.0,1.689655,2.25,2.25,1.6896551724137931,0.4444444444444444,0.5918367346938775,0.4288840262582056,0.5711159737417943,0.592,0.408,2.450980392156863,1.6891891891891893,2.487745098039216,1.714527027027027,148.0,-139.0,0.0002757599999998,-0.082,0.0208840262582056,-0.0208840262582056,0.0003998520999628,0.0,0.0275759999999847,-8.200000000000006,2.0884026258205624,-2.0884026258205624,home,-145.0,-145.0,0.0002757599999998,0.0003998520999628,0.592,2.0884026258205624,9.99630249907e-05,moneyline,ncaam,,,,,,,,,,,,,,,,,,,,,,,,,,,,,,,,,,,,,,,,,,,,,,,,,,,,,62.0,60.0,Win,0.6896551724137931,6.894001723496552e-05,NCAAM,HOME,0.00_to_0.0099,2_to_3pp,0.0_to_2.5pct,0.50_to_0.60,minus_149_to_minus_125,UNBUCKETED,UNBUCKETED,TUE,JAN
Basketball,NCAAM,NCAAM_2026_01_06_Northern_Illinois_Huskies_Toledo_Rockets,2026_01_06,12:00 PM,Northern Illinois Huskies,Toledo Rockets,0.253,0.747,83.0,74.7,157.7,160.0,,,,,,,,,,,,,,,,,,,,,,,,,,,,,away,-6.5,-110.0,0.0760201219006779,0.0836221257285331,0.563629560822757,6.362956082275694,0.0209055314321332,spread,ncaam,6.5,-6.5,-110.0,-110.0,1.909091,1.909091,0.436370439177243,0.563629560822757,2.291630940641752,1.7742149622887988,2.5207940347059274,1.9516364585176789,152.0,-105.0,0.5238094988662143,0.5238094988662143,0.5,0.5,-0.166929121900678,0.0760201219006779,-0.063629560822757,0.0636295608227569,0.0,0.0836221257285331,-16.692912190067798,7.602012190067797,-6.3629560822757005,6.362956082275694,,,,,,,,,,,,,,,,,,,,,,,,,61.0,75.0,Win,0.9090909090909092,0.0190050285746665,NCAAM,AWAY,0.075_to_0.0999,5_to_7pp,5_to_10pct,0.50_to_0.60,minus_124_to_minus_110,6.0_to_6.9,UNBUCKETED,TUE,JAN
Basketball,NCAAM,NCAAM_2026_01_06_Air_Force_Falcons_Utah_State_Aggies,2026_01_06,12:00 PM,Air Force Falcons,Utah State Aggies,0.021,0.979,81.6,57.8,139.4,139.0,,,,,,,,,,,,,,,,,,,,,,,,,,,,,away,-22.0,-108.0,0.085508825557129,0.0923495242137374,0.563629560822757,5.904919686311638,0.0230873810534343,spread,ncaam,22.0,-22.0,-104.0,-108.0,1.961538,1.925926,0.436370439177243,0.563629560822757,2.291630940641752,1.7742149622887988,2.5207940347059274,1.9516364585176789,152.0,-105.0,0.5098040415225196,0.5192307492603558,0.4954196360403594,0.5045803639596406,-0.1440428014771491,0.085508825557129,-0.0590491968631163,0.0590491968631163,0.0,0.0923495242137374,-14.40428014771491,8.550882555712903,-5.904919686311638,5.904919686311638,,,,,,,,,,,,,,,,,,,,,,,,,62.0,99.0,Win,0.925925925925926,0.0213772046791058,NCAAM,AWAY,0.075_to_0.0999,5_to_7pp,5_to_10pct,0.50_to_0.60,minus_109_to_minus_101,15.0_plus,UNBUCKETED,TUE,JAN
Basketball,NCAAM,NCAAM_2026_01_06_Tennessee_Volunteers_Texas_Longhorns,2026_01_06,12:00 PM,Tennessee Volunteers,Texas Longhorns,0.864,0.136,69.3,79.9,149.2,152.0,,,,,,,,,,,,,,,,,,,,,,,,,,,,,away,12.0,-102.0,0.0883701799601837,0.0901375979814029,0.5495731046985565,6.3966382337761365,0.0225343994953507,spread,ncaam,-12.0,12.0,-115.0,-102.0,1.869565,1.980392,0.4504268953014435,0.5495731046985565,2.2201160952672696,1.819594138524128,2.4421277047939967,2.0015535523765404,144.0,100.0,0.5348837831260214,0.504950535045587,0.5143932776392048,0.4856067223607951,-0.1578976414857569,0.0883701799601837,-0.0639663823377613,0.0639663823377613,0.0,0.0901375979814029,-15.789764148575692,8.837017996018371,-6.3966382337761365,6.3966382337761365,,,,,,,,,,,,,,,,,,,,,,,,,85.0,71.0,Loss,-1.0,-0.0225343994953507,NCAAM,AWAY,0.075_to_0.0999,5_to_7pp,5_to_10pct,0.50_to_0.60,minus_109_to_minus_101,12.0_to_14.9,UNBUCKETED,TUE,JAN
Basketball,NCAAM,NCAAM_2026_01_07_Winthrop_Eagles_Charleston_Southern_Buccaneers,2026_01_07,12:00 PM,Winthrop Eagles,Charleston Southern Buccaneers,0.777,0.223,79.1,86.9,166.0,165.5,,,,,,,,,,,,,,,,,,,,,,,,,,,,,away,9.0,-105.0,0.0592064271769967,0.0621667454275093,0.5425203519072337,5.335462324440071,0.0155416863568773,spread,ncaam,-9.0,9.0,-115.0,-105.0,1.869565,1.952381,0.4574796480927663,0.5425203519072337,2.1858895891194337,1.843248822803594,2.4044785480313773,2.0275737050839533,140.0,102.0,0.5348837831260214,0.5121951094586559,0.510834271337167,0.489165728662833,-0.1447120617134474,0.0592064271769967,-0.0533546232444006,0.0533546232444007,0.0,0.0621667454275093,-14.471206171344742,5.920642717699676,-5.335462324440066,5.335462324440071,,,,,,,,,,,,,,,,,,,,,,,,,81.0,77.0,Win,0.9523809523809524,0.0148016060541688,NCAAM,AWAY,0.05_to_0.0749,5_to_7pp,5_to_10pct,0.50_to_0.60,minus_109_to_minus_101,9.0_to_9.9,UNBUCKETED,WED,JAN
Basketball,NCAAM,NCAAM_2026_01_07_East_Tennessee_State_Buccaneers_VMI_Keydets,2026_01_07,12:00 PM,East Tennessee State Buccaneers,VMI Keydets,0.939,0.061,65.7,81.1,146.8,146.0,,,,,,,,,,,,,,,,,,,,,,,,,,,,,away,17.0,-108.0,0.0719901280111956,0.0777493320321447,0.5566102373669578,5.880514289149652,0.0194373330080361,spread,ncaam,-17.0,17.0,-110.0,-108.0,1.909091,1.925926,0.4433897626330422,0.5566102373669578,2.255352027213174,1.7965893058857405,2.4808872299344924,1.9762482364743148,148.0,-102.0,0.5238094988662143,0.5192307492603558,0.5021949055245387,0.4978050944754613,-0.1535285946651228,0.0719901280111956,-0.0588051428914965,0.0588051428914965,0.0,0.0777493320321447,-15.352859466512282,7.199012801119564,-5.880514289149652,5.880514289149652,,,,,,,,,,,,,,,,,,,,,,,,,81.0,67.0,Win,0.925925925925926,0.0179975305629963,NCAAM,AWAY,0.05_to_0.0749,5_to_7pp,5_to_10pct,0.50_to_0.60,minus_109_to_minus_101,15.0_plus,UNBUCKETED,WED,JAN
Basketball,NCAAM,NCAAM_2026_01_07_Radford_Highlanders_Presbyterian_Blue_Hose,2026_01_07,12:00 PM,Radford Highlanders,Presbyterian Blue Hose,0.682,0.318,70.1,75.2,145.3,148.0,,,,,,,,,,,,,,,,,,,,,,,,,,,,,away,7.0,-110.0,0.082706338416955,0.0909769631609542,0.567131864545459,6.493695902092034,0.0227442407902385,spread,ncaam,-7.0,7.0,-108.0,-110.0,1.925926,1.909091,0.4328681354545409,0.567131864545459,2.31017235525995,1.7632583575628802,2.541189590785945,1.9395841933191684,154.0,-106.0,0.5192307492603558,0.5238094988662143,0.4978050944754613,0.5021949055245387,-0.1663280033565778,0.082706338416955,-0.0649369590209203,0.0649369590209203,0.0,0.0909769631609542,-16.632800335657784,8.270633841695506,-6.493695902092039,6.493695902092034,,,,,,,,,,,,,,,,,,,,,,,,,80.0,61.0,Loss,-1.0,-0.0227442407902385,NCAAM,AWAY,0.075_to_0.0999,5_to_7pp,5_to_10pct,0.50_to_0.60,minus_124_to_minus_110,7.0_to_7.9,UNBUCKETED,WED,JAN
Basketball,NCAAM,NCAAM_2026_01_07_Temple_Owls_East_Carolina_Pirates,2026_01_07,12:00 PM,Temple Owls,East Carolina Pirates,0.776,0.224,67.4,75.1,142.5,143.0,,,,,,,,,,,,,,,,,,,,,,,,,,,,,away,9.5,-115.0,0.0537420998795985,0.0618034303123959,0.5636295608227575,5.2795289485590535,0.0154508575780989,spread,ncaam,-9.5,9.5,-105.0,-115.0,1.952381,1.869565,0.4363704391772425,0.5636295608227575,2.291630940641755,1.774214962288797,2.520794034705931,1.9516364585176769,152.0,-105.0,0.5121951094586559,0.5348837831260214,0.489165728662833,0.510834271337167,-0.1480386455886961,0.0537420998795985,-0.0527952894855904,0.0527952894855905,0.0,0.0618034303123959,-14.803864558869616,5.374209987959855,-5.279528948559048,5.2795289485590535,,,,,,,,,,,,,,,,,,,,,,,,,75.0,67.0,Win,0.8695652173913042,0.0134355283287816,NCAAM,AWAY,0.05_to_0.0749,5_to_7pp,5_to_10pct,0.50_to_0.60,minus_124_to_minus_110,9.0_to_9.9,UNBUCKETED,WED,JAN
Basketball,NCAAM,NCAAM_2026_01_07_Wichita_State_Shockers_Rice_Owls,2026_01_07,12:00 PM,Wichita State Shockers,Rice Owls,0.888,0.112,67.1,78.4,145.5,142.0,,,,,,,,,,,,,,,,,,,,,,,,,,,,,away,13.0,-107.0,0.0836007643985008,0.0894528599492399,0.5601222614318158,6.343784263415625,0.0223632149873099,spread,ncaam,-13.0,13.0,-110.0,-107.0,1.909091,1.934579,0.4398777385681842,0.5601222614318158,2.273358963913544,1.7853245065528092,2.500694860304898,1.9638569572080904,150.0,-103.0,0.5238094988662143,0.516908329926046,0.5033155812023404,0.4966844187976595,-0.1602333681991266,0.0836007643985008,-0.0634378426341562,0.0634378426341562,0.0,0.0894528599492399,-16.023336819912657,8.360076439850083,-6.343784263415625,6.343784263415625,,,,,,,,,,,,,,,,,,,,,,,,,64.0,66.0,Win,0.9345794392523366,0.0209002009227195,NCAAM,AWAY,0.075_to_0.0999,5_to_7pp,5_to_10pct,0.50_to_0.60,minus_109_to_minus_101,12.0_to_14.9,UNBUCKETED,WED,JAN
Basketball,NCAAM,NCAAM_2026_01_07_Valparaiso_Beacons_Illinois_State_Redbirds,2026_01_07,12:00 PM,Valparaiso Beacons,Illinois State Redbirds,0.263,0.737,74.0,65.9,139.9,138.0,,,,,,,,,,,,,,,,,,,,,,,,,,,,,away,-6.5,-108.0,0.0719901280111947,0.0777493320321437,0.5566102373669574,5.319959968407151,0.0194373330080359,spread,ncaam,6.5,-6.5,-105.0,-108.0,1.952381,1.925926,0.4433897626330426,0.5566102373669574,2.2553520272131724,1.796589305885742,2.4808872299344897,1.9762482364743164,148.0,-102.0,0.5121951094586559,0.5192307492603558,0.4965893623171141,0.5034106376828859,-0.1343342518407377,0.0719901280111947,-0.0531995996840715,0.0531995996840715,0.0,0.0777493320321437,-13.433425184073776,7.199012801119475,-5.319959968407151,5.319959968407151,,,,,,,,,,,,,,,,,,,,,,,,,77.0,71.0,Loss,-1.0,-0.0194373330080359,NCAAM,AWAY,0.05_to_0.0749,5_to_7pp,5_to_10pct,0.50_to_0.60,minus_109_to_minus_101,6.0_to_6.9,UNBUCKETED,WED,JAN
Basketball,NCAAM,NCAAM_2026_01_08_Sam_Houston_State_Bearkats_Delaware_Fightin_Blue_Hens,2026_01_08,12:00 PM,Sam Houston State Bearkats,Delaware Fightin Blue Hens,0.87,0.13,67.7,78.6,146.3,144.5,,,,,,,,,,,,,,,,,,,,,,,,,,,,,away,12.0,-112.0,0.0202287346412928,0.0226561864232377,0.5389888061492721,3.124884310927312,0.0056640466058094,spread,ncaam,-12.0,12.0,-105.0,-112.0,1.952381,1.892857,0.4610111938507278,0.5389888061492721,2.169144726502656,1.8553261006371464,2.3860591991529216,2.0408587107008613,138.0,104.0,0.5121951094586559,0.5283019266642963,0.4922600369600009,0.507739963039999,-0.0999305043385222,0.0202287346412928,-0.0312488431092731,0.0312488431092731,0.0,0.0226561864232377,-9.993050433852224,2.0228734641292823,-3.124884310927312,3.124884310927312,,,,,,,,,,,,,,,,,,,,,,,,,72.0,60.0,Push,0.0,0.0,NCAAM,AWAY,0.02_to_0.0299,3_to_5pp,0.0_to_2.5pct,0.50_to_0.60,minus_124_to_minus_110,12.0_to_14.9,UNBUCKETED,THU,JAN
Basketball,NCAAM,NCAAM_2026_01_08_Omaha_Mavericks_North_Dakota_Fighting_Hawks,2026_01_08,12:00 PM,Omaha Mavericks,North Dakota Fighting Hawks,0.703,0.297,72.7,78.1,150.8,146.0,,,,,,,,,,,,,,,,,,,,,,,,,,,,,away,6.0,-105.0,0.0177576144471391,0.0186454942372214,0.521290472734133,2.129047273413298,0.0046613735593053,spread,ncaam,-6.0,6.0,-105.0,-105.0,1.952381,1.952381,0.478709527265867,0.521290472734133,2.088949442288031,1.9183162791275816,2.2978443865168345,2.11014790704034,129.0,111.0,0.5121951094586559,0.5121951094586559,0.5,0.5,-0.0653766144471392,0.0177576144471391,-0.0212904727341329,0.0212904727341329,0.0,0.0186454942372214,-6.537661444713927,1.7757614447139192,-2.129047273413298,2.129047273413298,,,,,,,,,,,,,,,,,,,,,,,,,90.0,79.0,Loss,-1.0,-0.0046613735593053,NCAAM,AWAY,0.01_to_0.0199,2_to_3pp,0.0_to_2.5pct,0.50_to_0.60,minus_109_to_minus_101,6.0_to_6.9,UNBUCKETED,THU,JAN
Basketball,NCAAM,NCAAM_2026_01_08_South_Dakota_State_Jackrabbits_Denver_Pioneers,2026_01_08,12:00 PM,South Dakota State Jackrabbits,Denver Pioneers,0.773,0.227,75.8,83.4,159.2,161.5,,,,,,,,,,,,,,,,,,,,,,,,,,,,,away,8.5,-110.0,0.0154774982113023,0.0170252463299079,0.5319167594479793,3.1916759447979337,0.0042563115824769,spread,ncaam,-8.5,8.5,-110.0,-110.0,1.909091,1.909091,0.4680832405520206,0.5319167594479793,2.1363721521425942,1.879993405430194,2.350009367356854,2.0679927459732137,135.0,106.0,0.5238094988662143,0.5238094988662143,0.5,0.5,-0.1063864982113024,0.0154774982113023,-0.0319167594479793,0.0319167594479793,0.0,0.0170252463299079,-10.638649821130242,1.5477498211302398,-3.1916759447979395,3.1916759447979337,,,,,,,,,,,,,,,,,,,,,,,,,87.0,79.0,Win,0.9090909090909092,0.003869374165888,NCAAM,AWAY,0.01_to_0.0199,3_to_5pp,0.0_to_2.5pct,0.50_to_0.60,minus_124_to_minus_110,8.0_to_8.9,UNBUCKETED,THU,JAN
Basketball,NCAAM,NCAAM_2026_01_08_UMKC_Kangaroos_North_Dakota_State_Bison,2026_01_08,12:00 PM,UMKC Kangaroos,North Dakota State Bison,0.178,0.822,79.8,69.4,149.2,144.5,,,,,,,,,,,,,,,,,,,,,,,,,,,,,away,-9.5,-108.0,0.0244323168566089,0.0263869000941857,0.5319167594479793,3.411166497251805,0.0065967250235464,spread,ncaam,9.5,-9.5,-110.0,-108.0,1.909091,1.925926,0.4680832405520206,0.5319167594479793,2.1363721521425942,1.879993405430194,2.350009367356854,2.0679927459732137,135.0,106.0,0.5238094988662143,0.5192307492603558,0.5021949055245387,0.4978050944754613,-0.1063864982113024,0.0244323168566089,-0.0341116649725181,0.034111664972518,0.0,0.0263869000941857,-10.638649821130242,2.443231685660896,-3.411166497251811,3.411166497251805,,,,,,,,,,,,,,,,,,,,,,,,,73.0,97.0,Win,0.925925925925926,0.0061080787255059,NCAAM,AWAY,0.02_to_0.0299,3_to_5pp,2.5_to_5pct,0.50_to_0.60,minus_109_to_minus_101,9.0_to_9.9,UNBUCKETED,THU,JAN
Basketball,NCAAM,NCAAM_2026_01_08_Western_Illinois_Leathernecks_Tennessee_State_Tigers,2026_01_08,12:00 PM,Western Illinois Leathernecks,Tennessee State Tigers,0.283,0.717,75.4,68.2,143.6,145.5,,,,,,,,,,,,,,,,,,,,,,,,,,,,,away,-6.5,-105.0,0.0246771508024459,0.0259110070470178,0.5248346254150424,2.4834625415042444,0.0064777517617544,spread,ncaam,6.5,-6.5,-105.0,-105.0,1.952381,1.952381,0.4751653745849575,0.5248346254150424,2.104530450842445,1.9053620923146863,2.3149834959266897,2.095898301546155,131.0,109.0,0.5121951094586559,0.5121951094586559,0.5,0.5,-0.0722961508024461,0.0246771508024459,-0.0248346254150425,0.0248346254150424,0.0,0.0259110070470178,-7.229615080244612,2.4677150802445924,-2.4834625415042497,2.4834625415042444,,,,,,,,,,,,,,,,,,,,,,,,,68.0,90.0,Win,0.9523809523809524,0.006169287392147,NCAAM,AWAY,0.02_to_0.0299,2_to_3pp,2.5_to_5pct,0.50_to_0.60,minus_109_to_minus_101,6.0_to_6.9,UNBUCKETED,THU,JAN
Basketball,NCAAM,NCAAM_2026_01_08_UC_San_Diego_Tritons_Cal_State_Fullerton_Titans,2026_01_08,12:00 PM,UC San Diego Tritons,Cal State Fullerton Titans,0.893,0.107,75.4,87.4,162.8,167.5,,,,,,,,,,,,,,,,,,,,,,,,,,,,,away,13.0,-110.0,0.0222307613842629,0.0244538350773057,0.5354541828463195,3.5454182846319515,0.0061134587693264,spread,ncaam,-13.0,13.0,-110.0,-110.0,1.909091,1.909091,0.4645458171536805,0.5354541828463195,2.1526401983922745,1.867573420912111,2.367904218231502,2.0543307630033225,136.0,105.0,0.5238094988662143,0.5238094988662143,0.5,0.5,-0.1131397613842629,0.0222307613842629,-0.0354541828463195,0.0354541828463195,0.0,0.0244538350773057,-11.313976138426296,2.2230761384262943,-3.5454182846319515,3.5454182846319515,,,,,,,,,,,,,,,,,,,,,,,,,71.0,88.0,Win,0.9090909090909092,0.0055576897902967,NCAAM,AWAY,0.02_to_0.0299,3_to_5pp,0.0_to_2.5pct,0.50_to_0.60,minus_124_to_minus_110,12.0_to_14.9,UNBUCKETED,THU,JAN
Basketball,NCAAM,NCAAM_2026_01_08_New_Mexico_State_Aggies_Western_Kentucky_Hilltoppers,2026_01_08,12:00 PM,New Mexico State Aggies,Western Kentucky Hilltoppers,0.643,0.357,74.0,78.0,152.0,154.0,,,,,,,,,,,,,,,,,,,,,,,,,,,,,under,154.0,-110.0,0.0401826754327558,0.0442009385559376,0.5448575659477499,4.485756594774992,0.0110502346389844,total,ncaam,,,,,,,,,,,,,,,,,,,,,,,,,,,,,-110.0,-110.0,1.909091,1.909091,0.4551424340522501,0.5448575659477499,2.1971144089922423,1.835342046247545,2.263027841262009,1.890402307634972,0.5238094988662143,0.5238094988662143,0.5,0.5,-0.1310916754327558,0.0401826754327558,-0.0448575659477499,0.0448575659477499,0.0,0.0442009385559376,-13.10916754327558,4.018267543275589,-4.485756594774992,4.485756594774992,80.0,64.0,Win,0.9090909090909092,0.0100456678536221,NCAAM,UNDER,0.04_to_0.0499,3_to_5pp,2.5_to_5pct,0.50_to_0.60,minus_124_to_minus_110,UNBUCKETED,150_to_154.9,THU,JAN
Basketball,NCAAM,NCAAM_2026_01_09_Bowling_Green_Falcons_Akron_Zips,2026_01_09,12:00 PM,Bowling Green Falcons,Akron Zips,0.389,0.611,83.1,78.8,161.9,162.5,125.0,-145.0,2.25,1.689655,1.6896551724137931,2.25,0.5918367346938775,0.4444444444444444,0.5711159737417943,0.4288840262582056,0.389,0.611,1.6366612111292962,2.570694087403599,1.6612111292962355,2.6092544987146526,-151.0,160.0,-0.1247499999999999,0.032379205,-0.0398840262582055,0.0398840262582056,0.0,0.0469498589874646,-12.47499999999999,3.237920500000002,-3.988402625820559,3.988402625820564,away,-145.0,-145.0,0.032379205,0.0469498589874646,0.611,3.988402625820564,0.0117374647468661,moneyline,ncaam,,,,,,,,,,,,,,,,,,,,,,,,,,,,,,,,,,,,,,,,,,,,,,,,,,,,,67.0,77.0,Win,0.6896551724137931,0.0080948032737007,NCAAM,AWAY,0.03_to_0.0399,3_to_5pp,2.5_to_5pct,0.60_to_0.70,minus_149_to_minus_125,UNBUCKETED,UNBUCKETED,FRI,JAN
Basketball,NCAAM,NCAAM_2026_01_10_Jacksonville_Dolphins_West_Georgia_Wolves,2026_01_10,12:00 PM,Jacksonville Dolphins,West Georgia Wolves,0.547,0.453,71.1,72.4,143.5,142.5,-120.0,100.0,1.833333,2.0,2.0,1.8333333333333333,0.5,0.5454545454545454,0.4782608695652174,0.5217391304347826,0.547,0.453,2.2075055187637966,1.828153564899452,2.240618101545253,1.8555758683729429,124.0,-116.0,0.0028331510000001,-0.0939999999999999,0.0252608695652174,-0.0252608695652173,0.0033997825599131,0.0,0.2833151000000145,-9.399999999999997,2.5260869565217448,-2.5260869565217394,home,-120.0,-120.0,0.0028331510000001,0.0033997825599131,0.547,2.5260869565217448,0.0008499456399782,moneyline,ncaam,,,,,,,,,,,,,,,,,,,,,,,,,,,,,,,,,,,,,,,,,,,,,,,,,,,,,75.0,43.0,Win,0.8333333333333335,0.0007082880333151,NCAAM,HOME,0.00_to_0.0099,2_to_3pp,0.0_to_2.5pct,0.50_to_0.60,minus_124_to_minus_110,UNBUCKETED,UNBUCKETED,SAT,JAN
Basketball,NCAAM,NCAAM_2026_01_10_Notre_Dame_Fighting_Irish_Clemson_Tigers,2026_01_10,12:00 PM,Notre Dame Fighting Irish,Clemson Tigers,0.415,0.585,69.6,65.8,135.4,133.5,110.0,-130.0,2.1,1.769231,1.7692307692307692,2.1,0.5652173913043479,0.4761904761904761,0.5427435387673957,0.4572564612326044,0.415,0.585,1.7094017094017095,2.409638554216868,1.735042735042735,2.4457831325301203,-136.0,144.0,-0.1285,0.0350001349999999,-0.0422564612326044,0.0422564612326042,0.0,0.0455001618499513,-12.850000000000003,3.500013499999999,-4.22564612326044,4.225646123260429,away,-130.0,-130.0,0.0350001349999999,0.0455001618499513,0.585,4.225646123260429,0.0113750404624878,moneyline,ncaam,,,,,,,,,,,,,,,,,,,,,,,,,,,,,,,,,,,,,,,,,,,,,,,,,,,,,61.0,76.0,Win,0.7692307692307692,0.0087500311249906,NCAAM,AWAY,0.03_to_0.0399,3_to_5pp,2.5_to_5pct,0.50_to_0.60,minus_149_to_minus_125,UNBUCKETED,UNBUCKETED,SAT,JAN
Basketball,NCAAM,NCAAM_2026_01_10_Charleston_Southern_Buccaneers_High_Point_Panthers,2026_01_10,12:00 PM,Charleston Southern Buccaneers,High Point Panthers,0.17,0.83,86.8,76.2,163.0,163.0,,,,,,,,,,,,,,,,,,,,,,,,,,,,,away,-8.0,-117.0,0.0970289543114479,0.1135238572453384,0.5914856110561476,8.426018520902323,0.0283809643113346,spread,ncaam,8.0,-8.0,-110.0,-117.0,1.909091,1.854701,0.4085143889438524,0.5914856110561476,2.447894191892084,1.6906582025121717,2.6926836110812924,1.859724022763389,169.0,-116.0,0.5238094988662143,0.5391704646732816,0.4927745741528756,0.5072254258471244,-0.2201088566967918,0.0970289543114479,-0.0842601852090232,0.0842601852090232,0.0,0.1135238572453384,-22.01088566967918,9.702895431144798,-8.426018520902323,8.426018520902323,,,,,,,,,,,,,,,,,,,,,,,,,82.0,84.0,Loss,-1.0,-0.0283809643113346,NCAAM,AWAY,0.075_to_0.0999,7_to_10pp,10_to_20pct,0.50_to_0.60,minus_124_to_minus_110,8.0_to_8.9,UNBUCKETED,SAT,JAN
Basketball,NCAAM,NCAAM_2026_01_10_Furman_Paladins_VMI_Keydets,2026_01_10,12:00 PM,Furman Paladins,VMI Keydets,0.923,0.077,67.5,81.5,149.0,149.0,,,,,,,,,,,,,,,,,,,,,,,,,,,,,home,-13.0,-110.0,0.0222307613842629,0.0244538350773057,0.5354541828463195,2.984880748687113,0.0061134587693264,spread,ncaam,-13.0,13.0,-110.0,-105.0,1.909091,1.952381,0.5354541828463195,0.4645458171536805,1.867573420912111,2.1526401983922745,2.0543307630033225,2.367904218231502,105.0,136.0,0.5238094988662143,0.5121951094586559,0.5056053753594484,0.4943946246405516,0.0222307613842629,-0.0930295729596801,0.0298488074868711,-0.0298488074868711,0.0244538350773057,0.0,2.2230761384262943,-9.302957295968016,2.984880748687113,-2.984880748687113,,,,,,,,,,,,,,,,,,,,,,,,,69.0,48.0,Win,0.9090909090909092,0.0055576897902967,NCAAM,HOME,0.02_to_0.0299,2_to_3pp,0.0_to_2.5pct,0.50_to_0.60,minus_124_to_minus_110,12.0_to_14.9,UNBUCKETED,SAT,JAN
Basketball,NCAAM,NCAAM_2026_01_10_Purdue_Boilermakers_Penn_State_Nittany_Lions,2026_01_10,12:00 PM,Purdue Boilermakers,Penn State Nittany Lions,0.992,0.008,62.6,91.3,153.9,151.5,,,,,,,,,,,,,,,,,,,,,,,,,,,,,home,-22.5,-110.0,0.3543689389029101,0.3898057938126217,0.7094313151666998,20.49789964437554,0.05,spread,ncaam,-22.5,22.5,-110.0,-106.0,1.909091,1.943396,0.7094313151666998,0.2905686848333002,1.4095797276231363,3.4415270887628573,1.55053770038545,3.785679797639143,-181.0,278.0,0.5238094988662143,0.5145631667452233,0.5044523187229444,0.4955476812770555,0.3543689389029101,-0.4353099801697038,0.2049789964437554,-0.2049789964437553,0.3898057938126217,0.0,35.43689389029101,-43.53099801697038,20.49789964437554,-20.497899644375533,,,,,,,,,,,,,,,,,,,,,,,,,93.0,85.0,Loss,-1.0,-0.05,NCAAM,HOME,0.10_plus,10pp_plus,20pct_plus,0.70_to_0.80,minus_124_to_minus_110,15.0_plus,UNBUCKETED,SAT,JAN
Basketball,NCAAM,NCAAM_2026_01_10_Stetson_Hatters_Austin_Peay_Governors,2026_01_10,12:00 PM,Stetson Hatters,Austin Peay Governors,0.205,0.795,78.3,68.8,147.1,148.0,,,,,,,,,,,,,,,,,,,,,,,,,,,,,away,-8.0,-110.0,0.0559063207778323,0.0614969467059208,0.5530937607363045,5.309376073630445,0.0153742366764802,spread,ncaam,8.0,-8.0,-110.0,-110.0,1.909091,1.909091,0.4469062392636955,0.5530937607363045,2.237605815590221,1.8080117169804133,2.461366397149243,1.9888128886784555,146.0,-101.0,0.5238094988662143,0.5238094988662143,0.5,0.5,-0.1468153207778322,0.0559063207778323,-0.0530937607363045,0.0530937607363044,0.0,0.0614969467059208,-14.68153207778322,5.590632077783231,-5.3093760736304505,5.309376073630445,,,,,,,,,,,,,,,,,,,,,,,,,69.0,81.0,Win,0.9090909090909092,0.0139765787968001,NCAAM,AWAY,0.05_to_0.0749,5_to_7pp,5_to_10pct,0.50_to_0.60,minus_124_to_minus_110,8.0_to_8.9,UNBUCKETED,SAT,JAN
Basketball,NCAAM,NCAAM_2026_01_10_Air_Force_Falcons_New_Mexico_Lobos,2026_01_10,12:00 PM,Air Force Falcons,New Mexico Lobos,0.042,0.958,78.2,59.4,137.6,136.5,,,,,,,,,,,,,,,,,,,,,,,,,,,,,away,-17.0,-107.0,0.090385912146929,0.0967129714523106,0.5636295608227573,7.0125508627922,0.0241782428630776,spread,ncaam,17.0,-17.0,-113.0,-107.0,1.884956,1.934579,0.4363704391772427,0.5636295608227573,2.291630940641754,1.774214962288798,2.5207940347059297,1.951636458517678,152.0,-105.0,0.5305163621856425,0.516908329926046,0.5064959478051648,0.4935040521948353,-0.1774609224502212,0.090385912146929,-0.0701255086279221,0.070125508627922,0.0,0.0967129714523106,-17.746092245022126,9.038591214692904,-7.01255086279221,7.0125508627922,,,,,,,,,,,,,,,,,,,,,,,,,49.0,91.0,Win,0.9345794392523366,0.0225964886570818,NCAAM,AWAY,0.075_to_0.0999,7_to_10pp,5_to_10pct,0.50_to_0.60,minus_109_to_minus_101,15.0_plus,UNBUCKETED,SAT,JAN
Basketball,NCAAM,NCAAM_2026_01_10_George_Washington_Colonials_Loyola_Chicago_Ramblers,2026_01_10,12:00 PM,George Washington Colonials,Loyola Chicago Ramblers,0.915,0.085,68.9,82.1,151.0,154.5,,,,,,,,,,,,,,,,,,,,,,,,,,,,,away,14.5,-104.0,0.0710949677224768,0.0739388019220009,0.5460485433993514,5.282354043471699,0.0184847004805002,spread,ncaam,-14.5,14.5,-110.0,-104.0,1.909091,1.961538,0.4539514566006486,0.5460485433993514,2.202878711940609,1.8313390120494328,2.42316658313467,2.014472913254376,142.0,101.0,0.5238094988662143,0.5098040415225196,0.5067749970353655,0.4932250029646344,-0.133365359766811,0.0710949677224768,-0.0528235404347169,0.0528235404347169,0.0,0.0739388019220009,-13.336535976681107,7.109496772247681,-5.282354043471694,5.282354043471699,,,,,,,,,,,,,,,,,,,,,,,,,101.0,66.0,Loss,-1.0,-0.0184847004805002,NCAAM,AWAY,0.05_to_0.0749,5_to_7pp,5_to_10pct,0.50_to_0.60,minus_109_to_minus_101,12.0_to_14.9,UNBUCKETED,SAT,JAN
Basketball,NCAAM,NCAAM_2026_01_10_Louisiana_Tech_Bulldogs_Delaware_Fightin_Blue_Hens,2026_01_10,12:00 PM,Louisiana Tech Bulldogs,Delaware Fightin Blue Hens,0.7,0.3,61.8,67.0,128.8,123.5,,,,,,,,,,,,,,,,,,,,,,,,,,,,,away,6.5,-107.0,0.0563740450409728,0.0603202565443616,0.5460485433993509,4.936412460169143,0.0150800641360904,spread,ncaam,-6.5,6.5,-110.0,-107.0,1.909091,1.934579,0.453951456600649,0.5460485433993509,2.2028787119406066,1.8313390120494344,2.423166583134668,2.014472913254378,142.0,101.0,0.5238094988662143,0.516908329926046,0.5033155812023404,0.4966844187976595,-0.1333653597668103,0.0563740450409728,-0.0493641246016914,0.0493641246016914,0.0,0.0603202565443616,-13.33653597668103,5.637404504097288,-4.936412460169143,4.936412460169143,,,,,,,,,,,,,,,,,,,,,,,,,70.0,68.0,Win,0.9345794392523366,0.0140935178841966,NCAAM,AWAY,0.05_to_0.0749,3_to_5pp,5_to_10pct,0.50_to_0.60,minus_109_to_minus_101,6.0_to_6.9,UNBUCKETED,SAT,JAN
Basketball,NCAAM,NCAAM_2026_01_10_East_Tennessee_State_Buccaneers_UNC_Greensboro_Spartans,2026_01_10,12:00 PM,East Tennessee State Buccaneers,UNC Greensboro Spartans,0.869,0.131,67.8,78.6,146.4,148.0,,,,,,,,,,,,,,,,,,,,,,,,,,,,,away,12.5,-110.0,0.0693243681991275,0.0762567973933604,0.5601222614318162,6.01222614318162,0.0190641993483401,spread,ncaam,-12.5,12.5,-110.0,-110.0,1.909091,1.909091,0.4398777385681838,0.5601222614318162,2.273358963913546,1.7853245065528076,2.500694860304901,1.9638569572080888,150.0,-103.0,0.5238094988662143,0.5238094988662143,0.5,0.5,-0.1602333681991273,0.0693243681991275,-0.0601222614318162,0.0601222614318162,0.0,0.0762567973933604,-16.023336819912736,6.932436819912757,-6.01222614318162,6.01222614318162,,,,,,,,,,,,,,,,,,,,,,,,,86.0,60.0,Loss,-1.0,-0.0190641993483401,NCAAM,AWAY,0.05_to_0.0749,5_to_7pp,5_to_10pct,0.50_to_0.60,minus_124_to_minus_110,12.0_to_14.9,UNBUCKETED,SAT,JAN
Basketball,NCAAM,NCAAM_2026_01_10_Virginia_Tech_Hokies_California_Golden_Bears,2026_01_10,12:00 PM,Virginia Tech Hokies,California Golden Bears,0.635,0.365,73.1,77.0,150.1,146.0,,,,,,,,,,,,,,,,,,,,,,,,,,,,,away,6.0,-110.0,0.0960481018324903,0.1056529014504493,0.5741204069541422,7.412040695414223,0.0264132253626123,spread,ncaam,-6.0,6.0,-110.0,-110.0,1.909091,1.909091,0.4258795930458577,0.5741204069541422,2.348081514890342,1.74179490554126,2.5828896663793763,1.915974396095386,158.0,-109.0,0.5238094988662143,0.5238094988662143,0.5,0.5,-0.1869571018324903,0.0960481018324903,-0.0741204069541422,0.0741204069541422,0.0,0.1056529014504493,-18.69571018324904,9.604810183249036,-7.412040695414229,7.412040695414223,,,,,,,,,,,,,,,,,,,,,,,,,78.0,75.0,Win,0.9090909090909092,0.0240120230569202,NCAAM,AWAY,0.075_to_0.0999,7_to_10pp,10_to_20pct,0.50_to_0.60,minus_124_to_minus_110,6.0_to_6.9,UNBUCKETED,SAT,JAN
Basketball,NCAAM,NCAAM_2026_01_10_Lindenwood_Lions_Little_Rock_Trojans,2026_01_10,12:00 PM,Lindenwood Lions,Little Rock Trojans,0.683,0.317,69.1,74.0,143.1,148.0,,,,,,,,,,,,,,,,,,,,,,,,,,,,,away,6.5,-108.0,0.0719901280111947,0.0777493320321437,0.5566102373669574,5.880514289149607,0.0194373330080359,spread,ncaam,-6.5,6.5,-110.0,-108.0,1.909091,1.925926,0.4433897626330426,0.5566102373669574,2.2553520272131724,1.796589305885742,2.4808872299344897,1.9762482364743164,148.0,-102.0,0.5238094988662143,0.5192307492603558,0.5021949055245387,0.4978050944754613,-0.153528594665122,0.0719901280111947,-0.0588051428914961,0.058805142891496,0.0,0.0777493320321437,-15.352859466512204,7.199012801119475,-5.880514289149613,5.880514289149607,,,,,,,,,,,,,,,,,,,,,,,,,74.0,82.0,Win,0.925925925925926,0.0179975305629962,NCAAM,AWAY,0.05_to_0.0749,5_to_7pp,5_to_10pct,0.50_to_0.60,minus_109_to_minus_101,6.0_to_6.9,UNBUCKETED,SAT,JAN
Basketball,NCAAM,NCAAM_2026_01_10_Charleston_Cougars_Hampton_Pirates,2026_01_10,12:00 PM,Charleston Cougars,Hampton Pirates,0.828,0.172,66.3,75.7,142.0,145.0,,,,,,,,,,,,,,,,,,,,,,,,,,,,,away,10.5,-110.0,0.0289786789203192,0.0318765436246968,0.5389888061492717,3.898880614927169,0.0079691359061742,spread,ncaam,-10.5,10.5,-110.0,-110.0,1.909091,1.909091,0.4610111938507283,0.5389888061492717,2.1691447265026538,1.855326100637148,2.3860591991529194,2.040858710700863,138.0,104.0,0.5238094988662143,0.5238094988662143,0.5,0.5,-0.1198876789203191,0.0289786789203192,-0.0389888061492716,0.0389888061492716,0.0,0.0318765436246968,-11.988767892031916,2.8978678920319245,-3.898880614927169,3.898880614927169,,,,,,,,,,,,,,,,,,,,,,,,,74.0,70.0,Win,0.9090909090909092,0.0072446690056129,NCAAM,AWAY,0.02_to_0.0299,3_to_5pp,2.5_to_5pct,0.50_to_0.60,minus_124_to_minus_110,10.0_to_11.9,UNBUCKETED,SAT,JAN
Basketball,NCAAM,NCAAM_2026_01_10_Kennesaw_State_Owls_Jacksonville_State_Gamecocks,2026_01_10,12:00 PM,Kennesaw State Owls,Jacksonville State Gamecocks,0.686,0.314,71.9,76.9,148.8,149.0,,,,,,,,,,,,,,,,,,,,,,,,,,,,,away,6.0,-110.0,0.0222307613842629,0.0244538350773057,0.5354541828463195,3.5454182846319515,0.0061134587693264,spread,ncaam,-6.0,6.0,-110.0,-110.0,1.909091,1.909091,0.4645458171536805,0.5354541828463195,2.1526401983922745,1.867573420912111,2.367904218231502,2.0543307630033225,136.0,105.0,0.5238094988662143,0.5238094988662143,0.5,0.5,-0.1131397613842629,0.0222307613842629,-0.0354541828463195,0.0354541828463195,0.0,0.0244538350773057,-11.313976138426296,2.2230761384262943,-3.5454182846319515,3.5454182846319515,,,,,,,,,,,,,,,,,,,,,,,,,88.0,82.0,Push,0.0,0.0,NCAAM,AWAY,0.02_to_0.0299,3_to_5pp,0.0_to_2.5pct,0.50_to_0.60,minus_124_to_minus_110,6.0_to_6.9,UNBUCKETED,SAT,JAN
Basketball,NCAAM,NCAAM_2026_01_10_Alabama_AM_Bulldogs_Alcorn_State_Braves,2026_01_10,12:00 PM,Alabama AM Bulldogs,Alcorn State Braves,0.781,0.219,68.3,76.3,144.6,140.0,,,,,,,,,,,,,,,,,,,,,,,,,,,,,away,10.0,-113.0,0.0756103740727101,0.0854396987790466,0.5706289027821922,6.184351333112248,0.0213599246947616,spread,ncaam,-10.0,10.0,-105.0,-113.0,1.952381,1.884956,0.4293710972178077,0.5706289027821922,2.328987690321243,1.752452417191524,2.561886459353368,1.927697658910677,156.0,-107.0,0.5121951094586559,0.5305163621856425,0.4912146105489301,0.5087853894510698,-0.1617040278427994,0.0756103740727101,-0.0618435133311224,0.0618435133311224,0.0,0.0854396987790466,-16.170402784279947,7.56103740727101,-6.184351333112242,6.184351333112248,,,,,,,,,,,,,,,,,,,,,,,,,62.0,64.0,Win,0.8849557522123894,0.0189025882254527,NCAAM,AWAY,0.075_to_0.0999,5_to_7pp,5_to_10pct,0.50_to_0.60,minus_124_to_minus_110,10.0_to_11.9,UNBUCKETED,SAT,JAN
Basketball,NCAAM,NCAAM_2026_01_10_Prairie_View_AM_Panthers_Mississippi_Valley_State_Delta_Devils,2026_01_10,12:00 PM,Prairie View AM Panthers,Mississippi Valley State Delta Devils,0.945,0.055,67.6,83.7,151.3,153.0,,,,,,,,,,,,,,,,,,,,,,,,,,,,,away,18.0,-115.0,0.060289884338931,0.0693333843231168,0.567131864545459,5.6297593208292085,0.0173333460807792,spread,ncaam,-18.0,18.0,-105.0,-115.0,1.952381,1.869565,0.4328681354545409,0.567131864545459,2.31017235525995,1.7632583575628802,2.541189590785945,1.9395841933191684,154.0,-106.0,0.5121951094586559,0.5348837831260214,0.489165728662833,0.510834271337167,-0.154876476833128,0.060289884338931,-0.056297593208292,0.056297593208292,0.0,0.0693333843231168,-15.4876476833128,6.028988433893101,-5.6297593208292085,5.6297593208292085,,,,,,,,,,,,,,,,,,,,,,,,,70.0,69.0,Win,0.8695652173913042,0.0150724748528514,NCAAM,AWAY,0.05_to_0.0749,5_to_7pp,5_to_10pct,0.50_to_0.60,minus_124_to_minus_110,15.0_plus,UNBUCKETED,SAT,JAN
Basketball,NCAAM,NCAAM_2026_01_10_North_Carolina_Tar_Heels_Wake_Forest_Demon_Deacons,2026_01_10,12:00 PM,North Carolina Tar Heels,Wake Forest Demon Deacons,0.844,0.156,71.4,81.3,152.7,150.0,,,,,,,,,,,,,,,,,,,,,,,,,,,,,away,10.5,-105.0,0.0177576144471391,0.0186454942372214,0.521290472734133,2.6895848093581365,0.0046613735593053,spread,ncaam,-10.5,10.5,-110.0,-105.0,1.909091,1.952381,0.478709527265867,0.521290472734133,2.088949442288031,1.9183162791275816,2.2978443865168345,2.11014790704034,129.0,111.0,0.5238094988662143,0.5121951094586559,0.5056053753594484,0.4943946246405516,-0.0860999498824786,0.0177576144471391,-0.0268958480935813,0.0268958480935813,0.0,0.0186454942372214,-8.609994988247859,1.7757614447139192,-2.6895848093581365,2.6895848093581365,,,,,,,,,,,,,,,,,,,,,,,,,87.0,84.0,Win,0.9523809523809524,0.0044394033898145,NCAAM,AWAY,0.01_to_0.0199,2_to_3pp,0.0_to_2.5pct,0.50_to_0.60,minus_109_to_minus_101,10.0_to_11.9,UNBUCKETED,SAT,JAN
Basketball,NCAAM,NCAAM_2026_01_10_Pacific_Tigers_San_Diego_Toreros,2026_01_10,12:00 PM,Pacific Tigers,San Diego Toreros,0.751,0.249,69.8,76.9,146.7,147.0,,,,,,,,,,,,,,,,,,,,,,,,,,,,,away,8.5,-108.0,0.058437131239672,0.0631120966898781,0.5495731046985565,4.957310469855647,0.0157780241724695,spread,ncaam,-8.5,8.5,-108.0,-108.0,1.925926,1.925926,0.4504268953014435,0.5495731046985565,2.2201160952672696,1.819594138524128,2.4421277047939967,2.0015535523765404,144.0,100.0,0.5192307492603558,0.5192307492603558,0.5,0.5,-0.1325111312396721,0.058437131239672,-0.0495731046985565,0.0495731046985564,0.0,0.0631120966898781,-13.251113123967215,5.843713123967209,-4.957310469855653,4.957310469855647,,,,,,,,,,,,,,,,,,,,,,,,,77.0,70.0,Win,0.925925925925926,0.0146092816411754,NCAAM,AWAY,0.05_to_0.0749,3_to_5pp,5_to_10pct,0.50_to_0.60,minus_109_to_minus_101,8.0_to_8.9,UNBUCKETED,SAT,JAN
Basketball,NCAAM,NCAAM_2026_01_10_Northern_Colorado_Bears_Weber_State_Wildcats,2026_01_10,12:00 PM,Northern Colorado Bears,Weber State Wildcats,0.69,0.31,77.2,82.3,159.5,163.0,,,,,,,,,,,,,,,,,,,,,,,,,,,,,away,6.5,-105.0,0.0729760877244731,0.0766248882794524,0.5495731046985569,5.072627645351102,0.0191562220698631,spread,ncaam,-6.5,6.5,-106.0,-105.0,1.943396,1.952381,0.4504268953014431,0.5495731046985569,2.220116095267272,1.819594138524126,2.442127704794,2.001553552376539,144.0,100.0,0.5145631667452233,0.5121951094586559,0.5011531717549541,0.4988468282450459,-0.1246421733787567,0.0729760877244731,-0.050726276453511,0.050726276453511,0.0,0.0766248882794524,-12.464217337875672,7.297608772447317,-5.072627645351102,5.072627645351102,,,,,,,,,,,,,,,,,,,,,,,,,71.0,76.0,Win,0.9523809523809524,0.0182440210189172,NCAAM,AWAY,0.05_to_0.0749,5_to_7pp,5_to_10pct,0.50_to_0.60,minus_109_to_minus_101,6.0_to_6.9,UNBUCKETED,SAT,JAN
Basketball,NCAAM,NCAAM_2026_01_10_Oral_Roberts_Golden_Eagles_St_Thomas_Tommies,2026_01_10,12:00 PM,Oral Roberts Golden Eagles,St Thomas Tommies,0.196,0.804,80.7,70.8,151.5,151.0,,,,,,,,,,,,,,,,,,,,,,,,,,,,,away,-8.0,-110.0,0.0827063384169559,0.0909769631609551,0.5671318645454595,6.71318645454595,0.0227442407902387,spread,ncaam,8.0,-8.0,-110.0,-110.0,1.909091,1.909091,0.4328681354545405,0.5671318645454595,2.3101723552599527,1.7632583575628789,2.5411895907859483,1.9395841933191669,154.0,-106.0,0.5238094988662143,0.5238094988662143,0.5,0.5,-0.1736153384169557,0.0827063384169559,-0.0671318645454595,0.0671318645454595,0.0,0.0909769631609551,-17.361533841695575,8.270633841695595,-6.71318645454595,6.71318645454595,,,,,,,,,,,,,,,,,,,,,,,,,71.0,82.0,Win,0.9090909090909092,0.0206765825365806,NCAAM,AWAY,0.075_to_0.0999,5_to_7pp,5_to_10pct,0.50_to_0.60,minus_124_to_minus_110,8.0_to_8.9,UNBUCKETED,SAT,JAN
Basketball,NCAAM,NCAAM_2026_01_10_Pepperdine_Waves_San_Francisco_Dons,2026_01_10,12:00 PM,Pepperdine Waves,San Francisco Dons,0.209,0.791,74.7,65.2,139.9,138.5,,,,,,,,,,,,,,,,,,,,,,,,,,,,,away,-7.5,-109.0,0.0941415476905618,0.102614308531717,0.5706289027821922,7.171866523488424,0.0256535771329292,spread,ncaam,7.5,-7.5,-110.0,-109.0,1.909091,1.917431,0.4293710972178077,0.5706289027821922,2.328987690321243,1.752452417191524,2.561886459353368,1.927697658910677,156.0,-107.0,0.5238094988662143,0.5215311528811206,0.501089762452692,0.498910237547308,-0.1802915026413583,0.0941415476905618,-0.0717186652348843,0.0717186652348842,0.0,0.102614308531717,-18.02915026413583,9.414154769056182,-7.171866523488429,7.171866523488424,,,,,,,,,,,,,,,,,,,,,,,,,60.0,80.0,Win,0.9174311926605504,0.0235353918650726,NCAAM,AWAY,0.075_to_0.0999,7_to_10pp,10_to_20pct,0.50_to_0.60,minus_109_to_minus_101,7.0_to_7.9,UNBUCKETED,SAT,JAN
Basketball,NCAAM,NCAAM_2026_01_10_UC_Riverside_Highlanders_UC_San_Diego_Tritons,2026_01_10,12:00 PM,UC Riverside Highlanders,UC San Diego Tritons,0.145,0.855,80.0,68.6,148.6,153.0,,,,,,,,,,,,,,,,,,,,,,,,,,,,,away,-10.5,-108.0,0.0244323168566098,0.0263869000941866,0.5319167594479798,3.4111664972518496,0.0065967250235466,spread,ncaam,10.5,-10.5,-110.0,-108.0,1.909091,1.925926,0.4680832405520202,0.5319167594479798,2.136372152142596,1.8799934054301928,2.350009367356856,2.067992745973212,135.0,106.0,0.5238094988662143,0.5192307492603558,0.5021949055245387,0.4978050944754613,-0.106386498211303,0.0244323168566098,-0.0341116649725184,0.0341116649725184,0.0,0.0263869000941866,-10.638649821130308,2.443231685660985,-3.4111664972518496,3.4111664972518496,,,,,,,,,,,,,,,,,,,,,,,,,66.0,69.0,Loss,-1.0,-0.0065967250235466,NCAAM,AWAY,0.02_to_0.0299,3_to_5pp,2.5_to_5pct,0.50_to_0.60,minus_109_to_minus_101,10.0_to_11.9,UNBUCKETED,SAT,JAN
Basketball,NCAAM,NCAAM_2026_01_10_Connecticut_Huskies_DePaul_Blue_Demons,2026_01_10,12:00 PM,Connecticut Huskies,DePaul Blue Demons,0.99,0.01,55.2,82.4,137.6,136.5,,,,,,,,,,,,,,,,,,,,,,,,,,,,,home,-19.5,-107.0,0.4574982046040592,0.4895233090022984,0.7533929628120946,24.50793668720969,0.05,spread,ncaam,-19.5,19.5,-107.0,100.0,1.934579,2.0,0.7533929628120946,0.2466070371879054,1.3273285647206294,4.055034322633855,1.4600614211926926,4.46053775489724,-217.0,346.0,0.516908329926046,0.5,0.5083135959399977,0.4916864040600023,0.4574982046040592,-0.5067859256241892,0.2450793668720968,-0.2450793668720969,0.4895233090022984,0.0,45.74982046040592,-50.67859256241892,24.50793668720969,-24.507936687209693,,,,,,,,,,,,,,,,,,,,,,,,,72.0,60.0,Loss,-1.0,-0.05,NCAAM,HOME,0.10_plus,10pp_plus,20pct_plus,0.70_to_0.80,minus_109_to_minus_101,15.0_plus,UNBUCKETED,SAT,JAN
Basketball,NCAAM,NCAAM_2026_01_10_Michigan_Wolverines_Wisconsin_Badgers,2026_01_10,12:00 PM,Michigan Wolverines,Wisconsin Badgers,0.962,0.038,72.1,90.3,162.4,164.0,,,,,,,,,,,,,,,,,,,,,,,,,,,,,under,164.0,-110.0,0.0231073782460204,0.0254181135288112,0.5359133630853744,3.591336308537441,0.0063545283822028,total,ncaam,,,,,,,,,,,,,,,,,,,,,,,,,,,,,-110.0,-110.0,1.909091,1.909091,0.4640866369146256,0.5359133630853744,2.1547700805355494,1.8659732503081727,2.219413182951616,1.921952447817418,0.5238094988662143,0.5238094988662143,0.5,0.5,-0.1140163782460205,0.0231073782460204,-0.0359133630853744,0.0359133630853744,0.0,0.0254181135288112,-11.401637824602052,2.3107378246020494,-3.591336308537441,3.591336308537441,88.0,91.0,Loss,-1.0,-0.0063545283822028,NCAAM,UNDER,0.02_to_0.0299,3_to_5pp,2.5_to_5pct,0.50_to_0.60,minus_124_to_minus_110,UNBUCKETED,160_to_164.9,SAT,JAN
Basketball,NCAAM,NCAAM_2026_01_10_Hofstra_Pride_Monmouth_Hawks,2026_01_10,12:00 PM,Hofstra Pride,Monmouth Hawks,0.802,0.198,64.4,73.0,137.4,139.0,,,,,,,,,,,,,,,,,,,,,,,,,,,,,under,139.0,-110.0,0.0231073782460204,0.0254181135288112,0.5359133630853744,3.591336308537441,0.0063545283822028,total,ncaam,,,,,,,,,,,,,,,,,,,,,,,,,,,,,-110.0,-110.0,1.909091,1.909091,0.4640866369146256,0.5359133630853744,2.1547700805355494,1.8659732503081727,2.219413182951616,1.921952447817418,0.5238094988662143,0.5238094988662143,0.5,0.5,-0.1140163782460205,0.0231073782460204,-0.0359133630853744,0.0359133630853744,0.0,0.0254181135288112,-11.401637824602052,2.3107378246020494,-3.591336308537441,3.591336308537441,67.0,64.0,Win,0.9090909090909092,0.0057768439838207,NCAAM,UNDER,0.02_to_0.0299,3_to_5pp,2.5_to_5pct,0.50_to_0.60,minus_124_to_minus_110,UNBUCKETED,135_to_139.9,SAT,JAN
Basketball,NCAAM,NCAAM_2026_01_10_Mercer_Bears_Wofford_Terriers,2026_01_10,12:00 PM,Mercer Bears,Wofford Terriers,0.624,0.376,75.0,78.3,153.3,155.5,,,,,,,,,,,,,,,,,,,,,,,,,,,,,under,155.5,-110.0,0.0487046193787867,0.0535750759591578,0.5493214411354863,4.932144113548631,0.0133937689897894,total,ncaam,,,,,,,,,,,,,,,,,,,,,,,,,,,,,-110.0,-110.0,1.909091,1.909091,0.4506785588645137,0.5493214411354863,2.2188763595044407,1.8204277588963744,2.285442650289574,1.8750405916632653,0.5238094988662143,0.5238094988662143,0.5,0.5,-0.1396136193787867,0.0487046193787867,-0.0493214411354863,0.0493214411354863,0.0,0.0535750759591578,-13.961361937878667,4.870461937878678,-4.932144113548631,4.932144113548631,109.0,97.0,Loss,-1.0,-0.0133937689897894,NCAAM,UNDER,0.04_to_0.0499,3_to_5pp,5_to_10pct,0.50_to_0.60,minus_124_to_minus_110,UNBUCKETED,155_to_159.9,SAT,JAN
Basketball,NCAAM,NCAAM_2026_01_10_La_Salle_Explorers_Saint_Louis_Billikens,2026_01_10,12:00 PM,La Salle Explorers,Saint Louis Billikens,0.039,0.961,84.9,65.6,150.5,152.5,,,,,,,,,,,,,,,,,,,,,,,,,,,,,under,152.5,-110.0,0.0401826754327558,0.0442009385559376,0.5448575659477499,4.266266042321121,0.0110502346389844,total,ncaam,,,,,,,,,,,,,,,,,,,,,,,,,,,,,-108.0,-110.0,1.925926,1.909091,0.4551424340522501,0.5448575659477499,2.1971144089922423,1.835342046247545,2.263027841262009,1.890402307634972,0.5192307492603558,0.5238094988662143,0.4978050944754613,0.5021949055245387,-0.1234293525554861,0.0401826754327558,-0.0426626604232112,0.0426626604232112,0.0,0.0442009385559376,-12.342935255548614,4.018267543275589,-4.266266042321121,4.266266042321121,72.0,84.0,Loss,-1.0,-0.0110502346389844,NCAAM,UNDER,0.04_to_0.0499,3_to_5pp,2.5_to_5pct,0.50_to_0.60,minus_124_to_minus_110,UNBUCKETED,150_to_154.9,SAT,JAN
Basketball,NCAAM,NCAAM_2026_01_10_Texas_Southern_Tigers_Arkansas_Pine_Bluff_Golden_Lions,2026_01_10,12:00 PM,Texas Southern Tigers,Arkansas Pine Bluff Golden Lions,0.466,0.534,80.9,78.9,159.8,161.5,,,,,,,,,,,,,,,,,,,,,,,,,,,,,under,161.5,-110.0,0.0273797938946191,0.0301177702723042,0.5381512949852151,3.815129498521508,0.007529442568076,total,ncaam,,,,,,,,,,,,,,,,,,,,,,,,,,,,,-110.0,-110.0,1.909091,1.909091,0.4618487050147849,0.5381512949852151,2.165211224242769,1.858213497428216,2.230167560970052,1.9139599023510625,0.5238094988662143,0.5238094988662143,0.5,0.5,-0.1182887938946192,0.0273797938946191,-0.038151294985215,0.038151294985215,0.0,0.0301177702723042,-11.82887938946192,2.73797938946192,-3.815129498521508,3.815129498521508,66.0,74.0,Win,0.9090909090909092,0.00684494778916,NCAAM,UNDER,0.02_to_0.0299,3_to_5pp,2.5_to_5pct,0.50_to_0.60,minus_124_to_minus_110,UNBUCKETED,160_to_164.9,SAT,JAN
Basketball,NCAAM,NCAAM_2026_01_10_Prairie_View_AM_Panthers_Mississippi_Valley_State_Delta_Devils,2026_01_10,12:00 PM,Prairie View AM Panthers,Mississippi Valley State Delta Devils,0.945,0.055,67.6,83.7,151.3,153.0,,,,,,,,,,,,,,,,,,,,,,,,,,,,,under,153.0,-110.0,0.0273797938946191,0.0301177702723042,0.5381512949852151,3.254591962576669,0.007529442568076,total,ncaam,,,,,,,,,,,,,,,,,,,,,,,,,,,,,-105.0,-110.0,1.952381,1.909091,0.4618487050147849,0.5381512949852151,2.165211224242769,1.858213497428216,2.230167560970052,1.9139599023510625,0.5121951094586559,0.5238094988662143,0.4943946246405516,0.5056053753594484,-0.0982953634545292,0.0273797938946191,-0.0325459196257666,0.0325459196257666,0.0,0.0301177702723042,-9.829536345452928,2.73797938946192,-3.254591962576669,3.254591962576669,70.0,69.0,Win,0.9090909090909092,0.00684494778916,NCAAM,UNDER,0.02_to_0.0299,3_to_5pp,2.5_to_5pct,0.50_to_0.60,minus_124_to_minus_110,UNBUCKETED,150_to_154.9,SAT,JAN
Basketball,NCAAM,NCAAM_2026_01_10_New_Orleans_Privateers_Nicholls_State_Colonels,2026_01_10,12:00 PM,New Orleans Privateers,Nicholls State Colonels,0.556,0.444,73.8,75.5,149.3,151.5,,,,,,,,,,,,,,,,,,,,,,,,,,,,,under,151.5,-110.0,0.0487046193787867,0.0535750759591578,0.5493214411354863,4.932144113548631,0.0133937689897894,total,ncaam,,,,,,,,,,,,,,,,,,,,,,,,,,,,,-110.0,-110.0,1.909091,1.909091,0.4506785588645137,0.5493214411354863,2.2188763595044407,1.8204277588963744,2.285442650289574,1.8750405916632653,0.5238094988662143,0.5238094988662143,0.5,0.5,-0.1396136193787867,0.0487046193787867,-0.0493214411354863,0.0493214411354863,0.0,0.0535750759591578,-13.961361937878667,4.870461937878678,-4.932144113548631,4.932144113548631,77.0,90.0,Loss,-1.0,-0.0133937689897894,NCAAM,UNDER,0.04_to_0.0499,3_to_5pp,5_to_10pct,0.50_to_0.60,minus_124_to_minus_110,UNBUCKETED,150_to_154.9,SAT,JAN
Basketball,NCAAM,NCAAM_2026_01_10_Elon_Phoenix_Campbell_Fighting_Camels,2026_01_10,12:00 PM,Elon Phoenix,Campbell Fighting Camels,0.606,0.394,77.8,80.7,158.5,161.0,,,,,,,,,,,,,,,,,,,,,,,,,,,,,under,161.0,-115.0,0.0394882333555792,0.045411479711786,0.5560053987722167,4.51711274350497,0.0113528699279465,total,ncaam,,,,,,,,,,,,,,,,,,,,,,,,,,,,,-105.0,-115.0,1.952381,1.869565,0.4439946012277833,0.5560053987722167,2.2522796386142727,1.798543687180416,2.319848027772701,1.8524999977958283,0.5121951094586559,0.5348837831260214,0.489165728662833,0.510834271337167,-0.1331533764602992,0.0394882333555792,-0.0451711274350496,0.0451711274350496,0.0,0.045411479711786,-13.315337646029924,3.948823335557927,-4.51711274350497,4.51711274350497,83.0,82.0,Loss,-1.0,-0.0113528699279465,NCAAM,UNDER,0.03_to_0.0399,3_to_5pp,2.5_to_5pct,0.50_to_0.60,minus_124_to_minus_110,UNBUCKETED,160_to_164.9,SAT,JAN
Basketball,NCAAM,NCAAM_2026_01_10_Lamar_Cardinals_Incarnate_Word_Cardinals,2026_01_10,12:00 PM,Lamar Cardinals,Incarnate Word Cardinals,0.534,0.466,69.0,69.8,138.8,140.0,,,,,,,,,,,,,,,,,,,,,,,,,,,,,under,140.0,-105.0,0.0288090671443832,0.0302495189891264,0.526950972758075,3.778524409524203,0.0075623797472816,total,ncaam,,,,,,,,,,,,,,,,,,,,,,,,,,,,,-115.0,-105.0,1.869565,1.952381,0.473049027241925,0.526950972758075,2.113945790842064,1.8977097523247264,2.1773641645673254,1.954641044894468,0.5348837831260214,0.5121951094586559,0.510834271337167,0.489165728662833,-0.1156040953844504,0.0288090671443832,-0.0377852440952419,0.037785244095242,0.0,0.0302495189891264,-11.560409538445048,2.880906714438325,-3.7785244095241977,3.778524409524203,63.0,51.0,Win,0.9523809523809524,0.0072022664259824,NCAAM,UNDER,0.02_to_0.0299,3_to_5pp,2.5_to_5pct,0.50_to_0.60,minus_109_to_minus_101,UNBUCKETED,140_to_144.9,SAT,JAN
Basketball,NCAAM,NCAAM_2026_01_13_Belmont_Bruins_Valparaiso_Beacons,2026_01_13,12:00 PM,Belmont Bruins,Valparaiso Beacons,0.831,0.169,69.7,79.3,149.0,147.0,,,,,,,,,,,,,,,,,,,,,,,,,,,,,away,11.5,-108.0,0.0922540033565786,0.0996343156543596,0.5671318645454595,7.146164709660208,0.0249085789135899,spread,ncaam,-11.5,11.5,-112.0,-108.0,1.892857,1.925926,0.4328681354545405,0.5671318645454595,2.3101723552599527,1.7632583575628789,2.5411895907859483,1.9395841933191669,154.0,-106.0,0.5283019266642963,0.5192307492603558,0.5043297825511426,0.4956702174488574,-0.1806425197279247,0.0922540033565786,-0.071461647096602,0.071461647096602,0.0,0.0996343156543596,-18.06425197279248,9.225400335657865,-7.146164709660208,7.146164709660208,,,,,,,,,,,,,,,,,,,,,,,,,78.0,74.0,Win,0.925925925925926,0.0230634989940647,NCAAM,AWAY,0.075_to_0.0999,7_to_10pp,5_to_10pct,0.50_to_0.60,minus_109_to_minus_101,10.0_to_11.9,UNBUCKETED,TUE,JAN
Basketball,NCAAM,NCAAM_2026_01_13_Houston_Cougars_West_Virginia_Mountaineers,2026_01_13,12:00 PM,Houston Cougars,West Virginia Mountaineers,0.895,0.105,58.5,70.7,129.2,127.0,,,,,,,,,,,,,,,,,,,,,,,,,,,,,away,13.5,-102.0,0.0813901669597274,0.0830179835817992,0.5460485433993509,4.960977106237646,0.0207544958954498,spread,ncaam,-13.5,13.5,-105.0,-102.0,1.952381,1.980392,0.453951456600649,0.5460485433993509,2.2028787119406066,1.8313390120494344,2.423166583134668,2.014472913254378,142.0,101.0,0.5121951094586559,0.504950535045587,0.5035612276630256,0.4964387723369745,-0.1137138012105682,0.0813901669597274,-0.0496097710623765,0.0496097710623764,0.0,0.0830179835817992,-11.371380121056829,8.139016695972746,-4.9609771062376575,4.960977106237646,,,,,,,,,,,,,,,,,,,,,,,,,77.0,48.0,Loss,-1.0,-0.0207544958954498,NCAAM,AWAY,0.075_to_0.0999,3_to_5pp,5_to_10pct,0.50_to_0.60,minus_109_to_minus_101,12.0_to_14.9,UNBUCKETED,TUE,JAN
Basketball,NCAAM,NCAAM_2026_01_13_Syracuse_Orange_Florida_State_Seminoles,2026_01_13,12:00 PM,Syracuse Orange,Florida State Seminoles,0.745,0.255,74.4,81.4,155.8,158.5,,,,,,,,,,,,,,,,,,,,,,,,,,,,,away,8.0,-110.0,0.0222307613842629,0.0244538350773057,0.5354541828463195,3.5454182846319515,0.0061134587693264,spread,ncaam,-8.0,8.0,-110.0,-110.0,1.909091,1.909091,0.4645458171536805,0.5354541828463195,2.1526401983922745,1.867573420912111,2.367904218231502,2.0543307630033225,136.0,105.0,0.5238094988662143,0.5238094988662143,0.5,0.5,-0.1131397613842629,0.0222307613842629,-0.0354541828463195,0.0354541828463195,0.0,0.0244538350773057,-11.313976138426296,2.2230761384262943,-3.5454182846319515,3.5454182846319515,,,,,,,,,,,,,,,,,,,,,,,,,94.0,86.0,Push,0.0,0.0,NCAAM,AWAY,0.02_to_0.0299,3_to_5pp,0.0_to_2.5pct,0.50_to_0.60,minus_124_to_minus_110,8.0_to_8.9,UNBUCKETED,TUE,JAN
Basketball,NCAAM,NCAAM_2026_01_13_Duquesne_Dukes_Dayton_Flyers,2026_01_13,12:00 PM,Duquesne Dukes,Dayton Flyers,0.36,0.64,77.9,72.7,150.6,152.5,,,,,,,,,,,,,,,,,,,,,,,,,,,,,under,152.5,-110.0,0.035917576593113,0.0395093303014912,0.5426234666619417,4.262346666194173,0.0098773325753728,total,ncaam,,,,,,,,,,,,,,,,,,,,,,,,,,,,,-110.0,-110.0,1.909091,1.909091,0.4573765333380583,0.5426234666619417,2.186382394176912,1.8428985501709,2.25197386600222,1.898185506676027,0.5238094988662143,0.5238094988662143,0.5,0.5,-0.1268265765931129,0.035917576593113,-0.0426234666619417,0.0426234666619417,0.0,0.0395093303014912,-12.682657659311293,3.591757659311301,-4.262346666194173,4.262346666194173,65.0,71.0,Win,0.9090909090909092,0.0089793932503389,NCAAM,UNDER,0.03_to_0.0399,3_to_5pp,2.5_to_5pct,0.50_to_0.60,minus_124_to_minus_110,UNBUCKETED,150_to_154.9,TUE,JAN
Basketball,NCAAM,NCAAM_2026_01_13_Creighton_Bluejays_Georgetown_Hoyas,2026_01_13,12:00 PM,Creighton Bluejays,Georgetown Hoyas,0.793,0.207,70.4,78.6,149.0,147.0,,,,,,,,,,,,,,,,,,,,,,,,,,,,,over,147.0,-108.0,0.0493553525554861,0.0533037764956229,0.5448575659477499,4.705247147228864,0.0133259441239057,total,ncaam,,,,,,,,,,,,,,,,,,,,,,,,,,,,,-108.0,-110.0,1.925926,1.909091,0.5448575659477499,0.45514243405225,1.835342046247545,2.1971144089922423,1.890402307634972,2.263027841262009,0.5192307492603558,0.5238094988662143,0.4978050944754613,0.5021949055245387,0.0493553525554861,-0.1310916754327559,0.0470524714722886,-0.0470524714722886,0.0533037764956229,0.0,4.935535255548618,-13.109167543275593,4.705247147228864,-4.705247147228869,86.0,83.0,Win,0.925925925925926,0.0123388371517645,NCAAM,OVER,0.04_to_0.0499,3_to_5pp,5_to_10pct,0.50_to_0.60,minus_109_to_minus_101,UNBUCKETED,145_to_149.9,TUE,JAN
Basketball,NCAAM,NCAAM_2026_01_14_Holy_Cross_Crusaders_Army_Black_Knights,2026_01_14,12:00 PM,Holy Cross Crusaders,Army Black Knights,0.682,0.318,68.5,73.5,142.0,142.5,,,,,,,,,,,,,,,,,,,,,,,,,,,,,away,6.5,-105.0,0.0798497496801067,0.0838422329720005,0.5530937607363045,6.392803207347147,0.0209605582430001,spread,ncaam,-6.5,6.5,-115.0,-105.0,1.869565,1.952381,0.4469062392636955,0.5530937607363045,2.237605815590221,1.8080117169804133,2.461366397149243,1.9888128886784555,146.0,-101.0,0.5348837831260214,0.5121951094586559,0.510834271337167,0.489165728662833,-0.1644797367909691,0.0798497496801067,-0.0639280320734714,0.0639280320734714,0.0,0.0838422329720005,-16.44797367909692,7.984974968010672,-6.392803207347147,6.392803207347147,,,,,,,,,,,,,,,,,,,,,,,,,82.0,75.0,Loss,-1.0,-0.0209605582430001,NCAAM,AWAY,0.075_to_0.0999,5_to_7pp,5_to_10pct,0.50_to_0.60,minus_109_to_minus_101,6.0_to_6.9,UNBUCKETED,WED,JAN
Basketball,NCAAM,NCAAM_2026_01_14_Western_Carolina_Catamounts_East_Tennessee_State_Buccaneers,2026_01_14,12:00 PM,Western Carolina Catamounts,East Tennessee State Buccaneers,0.24,0.76,78.8,70.1,148.9,147.5,,,,,,,,,,,,,,,,,,,,,,,,,,,,,away,-7.0,-105.0,0.0935720608965107,0.0982506590288033,0.5601222614318162,6.353289911470212,0.0245626647572008,spread,ncaam,7.0,-7.0,-108.0,-105.0,1.925926,1.952381,0.4398777385681838,0.5601222614318162,2.273358963913546,1.7853245065528076,2.500694860304901,1.9638569572080888,150.0,-103.0,0.5192307492603558,0.5121951094586559,0.5034106376828859,0.4965893623171141,-0.152828026470332,0.0935720608965107,-0.063532899114702,0.0635328991147021,0.0,0.0982506590288033,-15.2828026470332,9.357206089651072,-6.353289911470206,6.353289911470212,,,,,,,,,,,,,,,,,,,,,,,,,72.0,68.0,Loss,-1.0,-0.0245626647572008,NCAAM,AWAY,0.075_to_0.0999,5_to_7pp,5_to_10pct,0.50_to_0.60,minus_109_to_minus_101,7.0_to_7.9,UNBUCKETED,WED,JAN
Basketball,NCAAM,NCAAM_2026_01_14_Wofford_Terriers_Chattanooga_Mocs,2026_01_14,12:00 PM,Wofford Terriers,Chattanooga Mocs,0.667,0.333,73.3,78.1,151.4,154.0,,,,,,,,,,,,,,,,,,,,,,,,,,,,,away,6.5,-110.0,0.0693243681991275,0.0762567973933604,0.5601222614318162,6.01222614318162,0.0190641993483401,spread,ncaam,-6.5,6.5,-110.0,-110.0,1.909091,1.909091,0.4398777385681838,0.5601222614318162,2.273358963913546,1.7853245065528076,2.500694860304901,1.9638569572080888,150.0,-103.0,0.5238094988662143,0.5238094988662143,0.5,0.5,-0.1602333681991273,0.0693243681991275,-0.0601222614318162,0.0601222614318162,0.0,0.0762567973933604,-16.023336819912736,6.932436819912757,-6.01222614318162,6.01222614318162,,,,,,,,,,,,,,,,,,,,,,,,,67.0,76.0,Win,0.9090909090909092,0.0173310903166728,NCAAM,AWAY,0.05_to_0.0749,5_to_7pp,5_to_10pct,0.50_to_0.60,minus_124_to_minus_110,6.0_to_6.9,UNBUCKETED,WED,JAN
Basketball,NCAAM,NCAAM_2026_01_14_Fairfield_Stags_Manhattan_Jaspers,2026_01_14,12:00 PM,Fairfield Stags,Manhattan Jaspers,0.67,0.33,74.0,78.7,152.7,158.0,,,,,,,,,,,,,,,,,,,,,,,,,,,,,away,6.5,-110.0,0.0760201219006779,0.0836221257285331,0.563629560822757,6.362956082275694,0.0209055314321332,spread,ncaam,-6.5,6.5,-110.0,-110.0,1.909091,1.909091,0.436370439177243,0.563629560822757,2.291630940641752,1.7742149622887988,2.5207940347059274,1.9516364585176789,152.0,-105.0,0.5238094988662143,0.5238094988662143,0.5,0.5,-0.166929121900678,0.0760201219006779,-0.063629560822757,0.0636295608227569,0.0,0.0836221257285331,-16.692912190067798,7.602012190067797,-6.3629560822757005,6.362956082275694,,,,,,,,,,,,,,,,,,,,,,,,,98.0,62.0,Loss,-1.0,-0.0209055314321332,NCAAM,AWAY,0.075_to_0.0999,5_to_7pp,5_to_10pct,0.50_to_0.60,minus_124_to_minus_110,6.0_to_6.9,UNBUCKETED,WED,JAN
Basketball,NCAAM,NCAAM_2026_01_14_George_Washington_Colonials_Davidson_Wildcats,2026_01_14,12:00 PM,George Washington Colonials,Davidson Wildcats,0.835,0.165,69.0,78.5,147.5,150.0,,,,,,,,,,,,,,,,,,,,,,,,,,,,,away,11.0,-110.0,0.0559063207778323,0.0614969467059208,0.5530937607363045,5.309376073630445,0.0153742366764802,spread,ncaam,-11.0,11.0,-110.0,-110.0,1.909091,1.909091,0.4469062392636955,0.5530937607363045,2.237605815590221,1.8080117169804133,2.461366397149243,1.9888128886784555,146.0,-101.0,0.5238094988662143,0.5238094988662143,0.5,0.5,-0.1468153207778322,0.0559063207778323,-0.0530937607363045,0.0530937607363044,0.0,0.0614969467059208,-14.68153207778322,5.590632077783231,-5.3093760736304505,5.309376073630445,,,,,,,,,,,,,,,,,,,,,,,,,79.0,84.0,Win,0.9090909090909092,0.0139765787968001,NCAAM,AWAY,0.05_to_0.0749,5_to_7pp,5_to_10pct,0.50_to_0.60,minus_124_to_minus_110,10.0_to_11.9,UNBUCKETED,WED,JAN
Basketball,NCAAM,NCAAM_2026_01_14_Georgia_Bulldogs_Ole_Miss_Rebels,2026_01_14,12:00 PM,Georgia Bulldogs,Ole Miss Rebels,0.839,0.161,74.6,84.4,159.0,158.5,,,,,,,,,,,,,,,,,,,,,,,,,,,,,away,11.0,-105.0,0.0592064271769967,0.0621667454275093,0.5425203519072337,4.481031630100158,0.0155416863568773,spread,ncaam,-11.0,11.0,-107.0,-105.0,1.934579,1.952381,0.4574796480927663,0.5425203519072337,2.1858895891194337,1.843248822803594,2.4044785480313773,2.0275737050839533,140.0,102.0,0.516908329926046,0.5121951094586559,0.5022899643937679,0.4977100356062321,-0.1149694798723441,0.0592064271769967,-0.0448103163010016,0.0448103163010015,0.0,0.0621667454275093,-11.496947987234416,5.920642717699676,-4.481031630100163,4.481031630100158,,,,,,,,,,,,,,,,,,,,,,,,,95.0,97.0,Win,0.9523809523809524,0.0148016060541688,NCAAM,AWAY,0.05_to_0.0749,3_to_5pp,5_to_10pct,0.50_to_0.60,minus_109_to_minus_101,10.0_to_11.9,UNBUCKETED,WED,JAN
Basketball,NCAAM,NCAAM_2026_01_14_Loyola_Maryland_Greyhounds_Colgate_Raiders,2026_01_14,12:00 PM,Loyola Maryland Greyhounds,Colgate Raiders,0.186,0.814,78.9,68.7,147.6,150.5,,,,,,,,,,,,,,,,,,,,,,,,,,,,,away,-8.5,-110.0,0.0693243681991275,0.0762567973933604,0.5601222614318162,6.01222614318162,0.0190641993483401,spread,ncaam,8.5,-8.5,-110.0,-110.0,1.909091,1.909091,0.4398777385681838,0.5601222614318162,2.273358963913546,1.7853245065528076,2.500694860304901,1.9638569572080888,150.0,-103.0,0.5238094988662143,0.5238094988662143,0.5,0.5,-0.1602333681991273,0.0693243681991275,-0.0601222614318162,0.0601222614318162,0.0,0.0762567973933604,-16.023336819912736,6.932436819912757,-6.01222614318162,6.01222614318162,,,,,,,,,,,,,,,,,,,,,,,,,80.0,86.0,Loss,-1.0,-0.0190641993483401,NCAAM,AWAY,0.05_to_0.0749,5_to_7pp,5_to_10pct,0.50_to_0.60,minus_124_to_minus_110,8.0_to_8.9,UNBUCKETED,WED,JAN
Basketball,NCAAM,NCAAM_2026_01_14_Marshall_Thundering_Herd_Coastal_Carolina_Chanticleers,2026_01_14,12:00 PM,Marshall Thundering Herd,Coastal Carolina Chanticleers,0.784,0.216,70.1,78.2,148.3,150.5,,,,,,,,,,,,,,,,,,,,,,,,,,,,,away,9.5,-105.0,0.0729760877244722,0.0766248882794514,0.5495731046985565,5.517848005800485,0.0191562220698628,spread,ncaam,-9.5,9.5,-110.0,-105.0,1.909091,1.952381,0.4504268953014435,0.5495731046985565,2.2201160952672696,1.819594138524128,2.4421277047939967,2.0015535523765404,144.0,100.0,0.5238094988662143,0.5121951094586559,0.5056053753594484,0.4943946246405516,-0.1400940680220719,0.0729760877244722,-0.0551784800580049,0.0551784800580048,0.0,0.0766248882794514,-14.009406802207192,7.297608772447228,-5.517848005800491,5.517848005800485,,,,,,,,,,,,,,,,,,,,,,,,,83.0,85.0,Win,0.9523809523809524,0.0182440210189169,NCAAM,AWAY,0.05_to_0.0749,5_to_7pp,5_to_10pct,0.50_to_0.60,minus_109_to_minus_101,9.0_to_9.9,UNBUCKETED,WED,JAN
Basketball,NCAAM,NCAAM_2026_01_14_Western_Kentucky_Hilltoppers_Missouri_State_Bears,2026_01_14,12:00 PM,Western Kentucky Hilltoppers,Missouri State Bears,0.675,0.325,71.8,76.7,148.5,147.5,,,,,,,,,,,,,,,,,,,,,,,,,,,,,away,7.0,-115.0,0.0733554186272209,0.0843587525109921,0.5741204069541422,6.889024046108228,0.021089688127748,spread,ncaam,-7.0,7.0,-110.0,-115.0,1.909091,1.869565,0.4258795930458577,0.5741204069541422,2.348081514890342,1.74179490554126,2.5828896663793763,1.915974396095386,158.0,-109.0,0.5238094988662143,0.5348837831260214,0.49476983350694,0.50523016649306,-0.1869571018324903,0.0733554186272209,-0.0688902404610822,0.0688902404610822,0.0,0.0843587525109921,-18.69571018324904,7.335541862722095,-6.889024046108228,6.889024046108228,,,,,,,,,,,,,,,,,,,,,,,,,87.0,72.0,Loss,-1.0,-0.021089688127748,NCAAM,AWAY,0.05_to_0.0749,5_to_7pp,5_to_10pct,0.50_to_0.60,minus_124_to_minus_110,7.0_to_7.9,UNBUCKETED,WED,JAN
Basketball,NCAAM,NCAAM_2026_01_14_Memphis_Tigers_Temple_Owls,2026_01_14,12:00 PM,Memphis Tigers,Temple Owls,0.743,0.257,69.7,76.7,146.4,144.0,,,,,,,,,,,,,,,,,,,,,,,,,,,,,away,8.0,-110.0,0.0222307613842629,0.0244538350773057,0.5354541828463195,3.5454182846319515,0.0061134587693264,spread,ncaam,-8.0,8.0,-110.0,-110.0,1.909091,1.909091,0.4645458171536805,0.5354541828463195,2.1526401983922745,1.867573420912111,2.367904218231502,2.0543307630033225,136.0,105.0,0.5238094988662143,0.5238094988662143,0.5,0.5,-0.1131397613842629,0.0222307613842629,-0.0354541828463195,0.0354541828463195,0.0,0.0244538350773057,-11.313976138426296,2.2230761384262943,-3.5454182846319515,3.5454182846319515,,,,,,,,,,,,,,,,,,,,,,,,,55.0,53.0,Win,0.9090909090909092,0.0055576897902967,NCAAM,AWAY,0.02_to_0.0299,3_to_5pp,0.0_to_2.5pct,0.50_to_0.60,minus_124_to_minus_110,8.0_to_8.9,UNBUCKETED,WED,JAN
Basketball,NCAAM,NCAAM_2026_01_14_Southern_Illinois_Salukis_Drake_Bulldogs,2026_01_14,12:00 PM,Southern Illinois Salukis,Drake Bulldogs,0.66,0.34,70.7,75.1,145.8,144.0,,,,,,,,,,,,,,,,,,,,,,,,,,,,,away,6.0,-110.0,0.0626195946651229,0.0688815472434804,0.5566102373669578,5.66102373669578,0.0172203868108701,spread,ncaam,-6.0,6.0,-110.0,-110.0,1.909091,1.909091,0.4433897626330422,0.5566102373669578,2.255352027213174,1.7965893058857405,2.4808872299344924,1.9762482364743148,148.0,-102.0,0.5238094988662143,0.5238094988662143,0.5,0.5,-0.1535285946651228,0.0626195946651229,-0.0566102373669578,0.0566102373669578,0.0,0.0688815472434804,-15.352859466512282,6.26195946651229,-5.66102373669578,5.66102373669578,,,,,,,,,,,,,,,,,,,,,,,,,73.0,76.0,Win,0.9090909090909092,0.015654897100791,NCAAM,AWAY,0.05_to_0.0749,5_to_7pp,5_to_10pct,0.50_to_0.60,minus_124_to_minus_110,6.0_to_6.9,UNBUCKETED,WED,JAN
Basketball,NCAAM,NCAAM_2026_01_14_Texas_State_Bobcats_Louisiana_Ragin_Cajuns,2026_01_14,12:00 PM,Texas State Bobcats,Louisiana Ragin Cajuns,0.798,0.202,61.6,69.9,131.5,131.0,,,,,,,,,,,,,,,,,,,,,,,,,,,,,away,9.0,-104.0,0.0294830614673711,0.0306623986440173,0.5248346254150422,3.160962245040783,0.0076655996610043,spread,ncaam,-9.0,9.0,-110.0,-104.0,1.909091,1.961538,0.4751653745849578,0.5248346254150422,2.104530450842444,1.9053620923146872,2.3149834959266884,2.095898301546156,131.0,109.0,0.5238094988662143,0.5098040415225196,0.5067749970353655,0.4932250029646344,-0.0928660598682283,0.0294830614673711,-0.0316096224504077,0.0316096224504078,0.0,0.0306623986440173,-9.286605986822838,2.948306146737112,-3.160962245040777,3.160962245040783,,,,,,,,,,,,,,,,,,,,,,,,,59.0,54.0,Win,0.9615384615384616,0.0073707689048118,NCAAM,AWAY,0.02_to_0.0299,3_to_5pp,2.5_to_5pct,0.50_to_0.60,minus_109_to_minus_101,9.0_to_9.9,UNBUCKETED,WED,JAN
Basketball,NCAAM,NCAAM_2026_01_14_Denver_Pioneers_Oral_Roberts_Golden_Eagles,2026_01_14,12:00 PM,Denver Pioneers,Oral Roberts Golden Eagles,0.742,0.258,75.2,82.1,157.3,156.5,,,,,,,,,,,,,,,,,,,,,,,,,,,,,away,8.5,-110.0,0.0626195946651229,0.0688815472434804,0.5566102373669578,5.100486200750942,0.0172203868108701,spread,ncaam,-8.5,8.5,-105.0,-110.0,1.952381,1.909091,0.4433897626330422,0.5566102373669578,2.255352027213174,1.7965893058857405,2.4808872299344924,1.9762482364743148,148.0,-102.0,0.5121951094586559,0.5238094988662143,0.4943946246405516,0.5056053753594484,-0.1343342518407384,0.0626195946651229,-0.0510048620075094,0.0510048620075094,0.0,0.0688815472434804,-13.433425184073844,6.26195946651229,-5.100486200750942,5.100486200750942,,,,,,,,,,,,,,,,,,,,,,,,,98.0,87.0,Loss,-1.0,-0.0172203868108701,NCAAM,AWAY,0.05_to_0.0749,5_to_7pp,5_to_10pct,0.50_to_0.60,minus_124_to_minus_110,8.0_to_8.9,UNBUCKETED,WED,JAN
Basketball,NCAAM,NCAAM_2026_01_14_Santa_Clara_Broncos_Pacific_Tigers,2026_01_14,12:00 PM,Santa Clara Broncos,Pacific Tigers,0.897,0.103,68.4,80.7,149.1,153.5,,,,,,,,,,,,,,,,,,,,,,,,,,,,,away,13.0,-108.0,0.010792650787091,0.0116560619175734,0.5248346254150424,2.702953093958116,0.0029140154793933,spread,ncaam,-13.0,13.0,-110.0,-108.0,1.909091,1.925926,0.4751653745849575,0.5248346254150424,2.104530450842445,1.9053620923146863,2.3149834959266897,2.095898301546155,131.0,109.0,0.5238094988662143,0.5192307492603558,0.5021949055245387,0.4978050944754613,-0.0928660598682288,0.010792650787091,-0.0270295309395812,0.0270295309395811,0.0,0.0116560619175734,-9.286605986822885,1.0792650787091018,-2.702953093958121,2.702953093958116,,,,,,,,,,,,,,,,,,,,,,,,,85.0,69.0,Loss,-1.0,-0.0029140154793933,NCAAM,AWAY,0.01_to_0.0199,2_to_3pp,0.0_to_2.5pct,0.50_to_0.60,minus_109_to_minus_101,12.0_to_14.9,UNBUCKETED,WED,JAN
Basketball,NCAAM,NCAAM_2026_01_14_Brigham_Young_Cougars_TCU_Horned_Frogs,2026_01_14,12:00 PM,Brigham Young Cougars,TCU Horned Frogs,0.91,0.09,71.1,83.9,155.0,159.0,,,,,,,,,,,,,,,,,,,,,,,,,,,,,away,13.5,-108.0,0.0107926507870901,0.0116560619175724,0.524834625415042,2.4834625415042,0.0029140154793931,spread,ncaam,-13.5,13.5,-108.0,-108.0,1.925926,1.925926,0.475165374584958,0.524834625415042,2.104530450842443,1.905362092314688,2.3149834959266875,2.095898301546157,131.0,109.0,0.5192307492603558,0.5192307492603558,0.5,0.5,-0.0848666507870902,0.0107926507870901,-0.024834625415042,0.024834625415042,0.0,0.0116560619175724,-8.486665078709022,1.079265078709013,-2.4834625415042,2.4834625415042,,,,,,,,,,,,,,,,,,,,,,,,,76.0,70.0,Win,0.925925925925926,0.0026981624809195,NCAAM,AWAY,0.01_to_0.0199,2_to_3pp,0.0_to_2.5pct,0.50_to_0.60,minus_109_to_minus_101,12.0_to_14.9,UNBUCKETED,WED,JAN
Basketball,NCAAM,NCAAM_2026_01_14_Gardner_Webb_Runnin_Bulldogs_Radford_Highlanders,2026_01_14,12:00 PM,Gardner Webb Runnin Bulldogs,Radford Highlanders,0.126,0.874,87.6,75.6,163.2,165.0,,,,,,,,,,,,,,,,,,,,,,,,,,,,,under,165.0,-110.0,0.0316499047506015,0.0348148917441726,0.5403880196127904,4.038801961279037,0.0087037229360431,total,ncaam,,,,,,,,,,,,,,,,,,,,,,,,,,,,,-110.0,-110.0,1.909091,1.909091,0.4596119803872096,0.5403880196127904,2.175748332664282,1.850522150207068,2.2410207826442106,1.90603781471328,0.5238094988662143,0.5238094988662143,0.5,0.5,-0.1225589047506016,0.0316499047506015,-0.0403880196127904,0.0403880196127903,0.0,0.0348148917441726,-12.25589047506016,3.1649904750601587,-4.0388019612790425,4.038801961279037,80.0,89.0,Loss,-1.0,-0.0087037229360431,NCAAM,UNDER,0.03_to_0.0399,3_to_5pp,2.5_to_5pct,0.50_to_0.60,minus_124_to_minus_110,UNBUCKETED,165_to_169.9,WED,JAN
Basketball,NCAAM,NCAAM_2026_01_14_Missouri_Tigers_Auburn_Tigers,2026_01_14,12:00 PM,Missouri Tigers,Auburn Tigers,0.511,0.489,79.0,79.0,158.0,156.5,,,,,,,,,,,,,,,,,,,,,,,,,,,,,over,156.5,-105.0,0.0419355524461741,0.0440323278668664,0.5336742943340332,4.450856567120026,0.0110080819667166,total,ncaam,,,,,,,,,,,,,,,,,,,,,,,,,,,,,-105.0,-115.0,1.952381,1.869565,0.5336742943340332,0.4663257056659667,1.873802074817731,2.1444239248443,1.930016137062263,2.208756642589629,0.5121951094586559,0.5348837831260214,0.489165728662833,0.510834271337167,0.0419355524461741,-0.128173782086607,0.0445085656712002,-0.0445085656712002,0.0440323278668664,0.0,4.19355524461742,-12.8173782086607,4.450856567120026,-4.450856567120026,84.0,74.0,Win,0.9523809523809524,0.0104838875873491,NCAAM,OVER,0.04_to_0.0499,3_to_5pp,2.5_to_5pct,0.50_to_0.60,minus_109_to_minus_101,UNBUCKETED,155_to_159.9,WED,JAN
Basketball,NCAAM,NCAAM_2026_01_14_Tulane_Green_Wave_UAB_Blazers,2026_01_14,12:00 PM,Tulane Green Wave,UAB Blazers,0.423,0.577,78.1,74.6,152.7,153.0,,,,,,,,,,,,,,,,,,,,,,,,,,,,,under,153.0,103.0,0.0286873873392137,0.0278518323681686,0.5067425553395142,2.2089877856308004,0.0069629580920421,total,ncaam,,,,,,,,,,,,,,,,,,,,,,,,,,,,,-110.0,103.0,1.909091,2.03,0.4932574446604858,0.5067425553395142,2.0273388893061925,1.9733886358330543,2.088159055985378,2.0325902949080463,0.5238094988662143,0.4926108374384237,0.5153473225167938,0.4846526774832062,-0.0583266517156684,0.0286873873392137,-0.022089877856308,0.022089877856308,0.0,0.0278518323681686,-5.832665171566842,2.868738733921372,-2.2089877856308004,2.2089877856308004,69.0,82.0,Win,1.0300000000000002,0.0071718468348033,NCAAM,UNDER,0.02_to_0.0299,2_to_3pp,2.5_to_5pct,0.50_to_0.60,plus_101_to_plus_125,UNBUCKETED,150_to_154.9,WED,JAN
Basketball,NCAAM,NCAAM_2026_01_15_Georgia_Southern_Eagles_Old_Dominion_Monarchs,2026_01_15,12:00 PM,Georgia Southern Eagles,Old Dominion Monarchs,0.692,0.308,77.0,82.1,159.1,162.0,,,,,,,,,,,,,,,,,,,,,,,,,,,,,away,6.0,-108.0,0.0244323168566098,0.0263869000941866,0.5319167594479798,3.4111664972518496,0.0065967250235466,spread,ncaam,-6.0,6.0,-110.0,-108.0,1.909091,1.925926,0.4680832405520202,0.5319167594479798,2.136372152142596,1.8799934054301928,2.350009367356856,2.067992745973212,135.0,106.0,0.5238094988662143,0.5192307492603558,0.5021949055245387,0.4978050944754613,-0.106386498211303,0.0244323168566098,-0.0341116649725184,0.0341116649725184,0.0,0.0263869000941866,-10.638649821130308,2.443231685660985,-3.4111664972518496,3.4111664972518496,,,,,,,,,,,,,,,,,,,,,,,,,87.0,84.0,Win,0.925925925925926,0.0061080787255061,NCAAM,AWAY,0.02_to_0.0299,3_to_5pp,2.5_to_5pct,0.50_to_0.60,minus_109_to_minus_101,6.0_to_6.9,UNBUCKETED,THU,JAN
Basketball,NCAAM,NCAAM_2026_01_15_Vermont_Catamounts_Maine_Black_Bears,2026_01_15,12:00 PM,Vermont Catamounts,Maine Black Bears,0.91,0.09,57.5,70.4,127.9,129.0,,,,,,,,,,,,,,,,,,,,,,,,,,,,,away,14.0,-110.0,0.0289786789203192,0.0318765436246968,0.5389888061492717,3.898880614927169,0.0079691359061742,spread,ncaam,-14.0,14.0,-110.0,-110.0,1.909091,1.909091,0.4610111938507283,0.5389888061492717,2.1691447265026538,1.855326100637148,2.3860591991529194,2.040858710700863,138.0,104.0,0.5238094988662143,0.5238094988662143,0.5,0.5,-0.1198876789203191,0.0289786789203192,-0.0389888061492716,0.0389888061492716,0.0,0.0318765436246968,-11.988767892031916,2.8978678920319245,-3.898880614927169,3.898880614927169,,,,,,,,,,,,,,,,,,,,,,,,,67.0,62.0,Win,0.9090909090909092,0.0072446690056129,NCAAM,AWAY,0.02_to_0.0299,3_to_5pp,2.5_to_5pct,0.50_to_0.60,minus_124_to_minus_110,12.0_to_14.9,UNBUCKETED,THU,JAN
Basketball,NCAAM,NCAAM_2026_01_15_Austin_Peay_Governors_Eastern_Kentucky_Colonels,2026_01_15,12:00 PM,Austin Peay Governors,Eastern Kentucky Colonels,0.73,0.27,73.8,80.2,154.0,153.0,,,,,,,,,,,,,,,,,,,,,,,,,,,,,away,7.5,-110.0,0.0289786789203192,0.0318765436246968,0.5389888061492717,3.898880614927169,0.0079691359061742,spread,ncaam,-7.5,7.5,-110.0,-110.0,1.909091,1.909091,0.4610111938507283,0.5389888061492717,2.1691447265026538,1.855326100637148,2.3860591991529194,2.040858710700863,138.0,104.0,0.5238094988662143,0.5238094988662143,0.5,0.5,-0.1198876789203191,0.0289786789203192,-0.0389888061492716,0.0389888061492716,0.0,0.0318765436246968,-11.988767892031916,2.8978678920319245,-3.898880614927169,3.898880614927169,,,,,,,,,,,,,,,,,,,,,,,,,74.0,72.0,Win,0.9090909090909092,0.0072446690056129,NCAAM,AWAY,0.02_to_0.0299,3_to_5pp,2.5_to_5pct,0.50_to_0.60,minus_124_to_minus_110,7.0_to_7.9,UNBUCKETED,THU,JAN
Basketball,NCAAM,NCAAM_2026_01_15_Little_Rock_Trojans_Eastern_Illinois_Panthers,2026_01_15,12:00 PM,Little Rock Trojans,Eastern Illinois Panthers,0.697,0.303,65.4,70.7,136.1,133.5,,,,,,,,,,,,,,,,,,,,,,,,,,,,,away,7.0,-108.0,0.0787540264703321,0.0850543417836112,0.5601222614318162,5.671162374893035,0.0212635854459028,spread,ncaam,-7.0,7.0,-105.0,-108.0,1.952381,1.925926,0.4398777385681838,0.5601222614318162,2.273358963913546,1.7853245065528076,2.500694860304901,1.9638569572080888,150.0,-103.0,0.5121951094586559,0.5192307492603558,0.4965893623171141,0.5034106376828859,-0.1411910608965108,0.0787540264703321,-0.0567116237489302,0.0567116237489303,0.0,0.0850543417836112,-14.11910608965108,7.875402647033214,-5.671162374893029,5.671162374893035,,,,,,,,,,,,,,,,,,,,,,,,,74.0,63.0,Loss,-1.0,-0.0212635854459028,NCAAM,AWAY,0.075_to_0.0999,5_to_7pp,5_to_10pct,0.50_to_0.60,minus_109_to_minus_101,7.0_to_7.9,UNBUCKETED,THU,JAN
Basketball,NCAAM,NCAAM_2026_01_15_Tennessee_State_Tigers_Morehead_State_Eagles,2026_01_15,12:00 PM,Tennessee State Tigers,Morehead State Eagles,0.751,0.249,69.9,77.1,147.0,148.5,,,,,,,,,,,,,,,,,,,,,,,,,,,,,away,8.0,-108.0,0.0176146440093258,0.0190238140081668,0.5283768140672725,2.837681406727255,0.0047559535020417,spread,ncaam,-8.0,8.0,-108.0,-108.0,1.925926,1.925926,0.4716231859327274,0.5283768140672725,2.120336806644278,1.892588723381569,2.332370487308706,2.081847595719726,133.0,108.0,0.5192307492603558,0.5192307492603558,0.5,0.5,-0.091688644009326,0.0176146440093258,-0.0283768140672726,0.0283768140672725,0.0,0.0190238140081668,-9.168864400932607,1.7614644009325886,-2.8376814067272607,2.837681406727255,,,,,,,,,,,,,,,,,,,,,,,,,105.0,100.0,Win,0.925925925925926,0.0044036606500386,NCAAM,AWAY,0.01_to_0.0199,2_to_3pp,0.0_to_2.5pct,0.50_to_0.60,minus_109_to_minus_101,8.0_to_8.9,UNBUCKETED,THU,JAN
Basketball,NCAAM,NCAAM_2026_01_15_Tennessee_Martin_Skyhawks_SIU_Edwardsville_Cougars,2026_01_15,12:00 PM,Tennessee Martin Skyhawks,SIU Edwardsville Cougars,0.75,0.25,62.9,70.1,133.0,131.0,,,,,,,,,,,,,,,,,,,,,,,,,,,,,away,8.0,-108.0,0.0176146440093254,0.0190238140081664,0.5283768140672723,2.496617638438648,0.0047559535020416,spread,ncaam,-8.0,8.0,-105.0,-108.0,1.952381,1.925926,0.4716231859327277,0.5283768140672723,2.120336806644277,1.8925887233815697,2.332370487308705,2.0818475957197267,133.0,108.0,0.5121951094586559,0.5192307492603558,0.4965893623171141,0.5034106376828859,-0.0792118526254752,0.0176146440093254,-0.0249661763843864,0.0249661763843864,0.0,0.0190238140081664,-7.921185262547525,1.7614644009325442,-2.496617638438642,2.496617638438648,,,,,,,,,,,,,,,,,,,,,,,,,65.0,59.0,Win,0.925925925925926,0.0044036606500385,NCAAM,AWAY,0.01_to_0.0199,2_to_3pp,0.0_to_2.5pct,0.50_to_0.60,minus_109_to_minus_101,8.0_to_8.9,UNBUCKETED,THU,JAN
Basketball,NCAAM,NCAAM_2026_01_15_Southeast_Missouri_State_Redhawks_Lindenwood_Lions,2026_01_15,12:00 PM,Southeast Missouri State Redhawks,Lindenwood Lions,0.687,0.313,73.4,78.5,151.9,154.0,,,,,,,,,,,,,,,,,,,,,,,,,,,,,away,6.5,-108.0,0.0584371312396729,0.063112096689879,0.5495731046985569,5.176801022309563,0.0157780241724697,spread,ncaam,-6.5,6.5,-110.0,-108.0,1.909091,1.925926,0.4504268953014431,0.5495731046985569,2.220116095267272,1.819594138524126,2.442127704794,2.001553552376539,144.0,100.0,0.5238094988662143,0.5192307492603558,0.5021949055245387,0.4978050944754613,-0.1400940680220727,0.0584371312396729,-0.0517680102230956,0.0517680102230956,0.0,0.063112096689879,-14.00940680220727,5.843713123967298,-5.176801022309563,5.176801022309563,,,,,,,,,,,,,,,,,,,,,,,,,76.0,88.0,Win,0.925925925925926,0.0146092816411756,NCAAM,AWAY,0.05_to_0.0749,5_to_7pp,5_to_10pct,0.50_to_0.60,minus_109_to_minus_101,6.0_to_6.9,UNBUCKETED,THU,JAN
Basketball,NCAAM,NCAAM_2026_01_15_California_State_Bakersfield_Roadrunners_UC_Santa_Barbara_Gauchos,2026_01_15,12:00 PM,California State Bakersfield Roadrunners,UC Santa Barbara Gauchos,0.254,0.746,77.6,69.4,147.0,144.5,,,,,,,,,,,,,,,,,,,,,,,,,,,,,away,-6.5,-110.0,0.0693243681991266,0.0762567973933596,0.5601222614318158,6.012226143181576,0.0190641993483399,spread,ncaam,6.5,-6.5,-110.0,-110.0,1.909091,1.909091,0.4398777385681842,0.5601222614318158,2.273358963913544,1.7853245065528092,2.500694860304898,1.9638569572080904,150.0,-103.0,0.5238094988662143,0.5238094988662143,0.5,0.5,-0.1602333681991266,0.0693243681991266,-0.0601222614318158,0.0601222614318157,0.0,0.0762567973933596,-16.023336819912657,6.9324368199126685,-6.012226143181581,6.012226143181576,,,,,,,,,,,,,,,,,,,,,,,,,69.0,75.0,Loss,-1.0,-0.0190641993483399,NCAAM,AWAY,0.05_to_0.0749,5_to_7pp,5_to_10pct,0.50_to_0.60,minus_124_to_minus_110,6.0_to_6.9,UNBUCKETED,THU,JAN
Basketball,NCAAM,NCAAM_2026_01_15_Lipscomb_Bisons_Bellarmine_Knights,2026_01_15,12:00 PM,Lipscomb Bisons,Bellarmine Knights,0.815,0.185,74.4,83.5,157.9,160.0,,,,,,,,,,,,,,,,,,,,,,,,,,,,,under,160.0,-110.0,0.0444450675242047,0.0488895693876682,0.547090247413143,4.709024741314305,0.012222392346917,total,ncaam,,,,,,,,,,,,,,,,,,,,,,,,,,,,,-110.0,-110.0,1.909091,1.909091,0.4529097525868569,0.547090247413143,2.2079453893151144,1.827851994672528,2.274183750994568,1.8826875545127035,0.5238094988662143,0.5238094988662143,0.5,0.5,-0.1353540675242047,0.0444450675242047,-0.0470902474131431,0.047090247413143,0.0,0.0488895693876682,-13.535406752420476,4.444506752420474,-4.709024741314311,4.709024741314305,81.0,71.0,Win,0.9090909090909092,0.0111112657699245,NCAAM,UNDER,0.04_to_0.0499,3_to_5pp,2.5_to_5pct,0.50_to_0.60,minus_124_to_minus_110,UNBUCKETED,160_to_164.9,THU,JAN
Basketball,NCAAM,NCAAM_2026_01_16_Dayton_Flyers_Loyola_Chicago_Ramblers,2026_01_16,12:00 PM,Dayton Flyers,Loyola Chicago Ramblers,0.935,0.065,64.6,79.8,144.4,141.5,,,,,,,,,,,,,,,,,,,,,,,,,,,,,away,17.0,-109.0,0.0807207924379398,0.0879856822343475,0.563629560822757,6.579411854062967,0.0219964205585868,spread,ncaam,-17.0,17.0,-111.0,-109.0,1.900901,1.917431,0.436370439177243,0.563629560822757,2.291630940641752,1.7742149622887988,2.5207940347059274,1.9516364585176789,152.0,-105.0,0.526066323285642,0.5215311528811206,0.5021645577178726,0.4978354422821273,-0.1705029957975395,0.0807207924379398,-0.0657941185406296,0.0657941185406296,0.0,0.0879856822343475,-17.050299579753958,8.072079243793983,-6.579411854062961,6.579411854062967,,,,,,,,,,,,,,,,,,,,,,,,,78.0,51.0,Loss,-1.0,-0.0219964205585868,NCAAM,AWAY,0.075_to_0.0999,5_to_7pp,5_to_10pct,0.50_to_0.60,minus_109_to_minus_101,15.0_plus,UNBUCKETED,FRI,JAN
Basketball,NCAAM,NCAAM_2026_01_18_UAB_Blazers_Tulsa_Golden_Hurricane,2026_01_18,12:00 PM,UAB Blazers,Tulsa Golden Hurricane,0.577,0.423,77.7,79.8,157.5,159.5,-130.0,110.0,1.769231,2.1,2.1,1.7692307692307692,0.4761904761904761,0.5652173913043479,0.4572564612326044,0.5427435387673957,0.577,0.423,2.364066193853428,1.733102253032929,2.399527186761229,1.7590987868284227,139.0,-131.0,0.0208462869999999,-0.1117,0.0342564612326042,-0.0342564612326043,0.0271001649699503,0.0,2.084628699999991,-11.170000000000002,3.4256461232604285,-3.42564612326044,home,-130.0,-130.0,0.0208462869999999,0.0271001649699503,0.577,3.4256461232604285,0.0067750412424875,moneyline,ncaam,,,,,,,,,,,,,,,,,,,,,,,,,,,,,,,,,,,,,,,,,,,,,,,,,,,,,77.0,99.0,Loss,-1.0,-0.0067750412424875,NCAAM,HOME,0.02_to_0.0299,3_to_5pp,2.5_to_5pct,0.50_to_0.60,minus_149_to_minus_125,UNBUCKETED,UNBUCKETED,SUN,JAN
Basketball,NCAAM,NCAAM_2026_01_18_East_Carolina_Pirates_Charlotte_49ers,2026_01_18,12:00 PM,East Carolina Pirates,Charlotte 49ers,0.437,0.563,72.2,69.2,141.4,139.5,,,,,,,,,,,,,,,,,,,,,,,,,,,,,over,139.5,-108.0,0.0450526426543667,0.0486568501741681,0.5426234666619417,4.481837218648044,0.012164212543542,total,ncaam,,,,,,,,,,,,,,,,,,,,,,,,,,,,,-108.0,-110.0,1.925926,1.909091,0.5426234666619417,0.4573765333380583,1.8428985501709,2.186382394176912,1.898185506676027,2.25197386600222,0.5192307492603558,0.5238094988662143,0.4978050944754613,0.5021949055245387,0.0450526426543667,-0.1268265765931129,0.0448183721864804,-0.0448183721864804,0.0486568501741681,0.0,4.50526426543667,-12.682657659311293,4.481837218648044,-4.481837218648044,70.0,73.0,Win,0.925925925925926,0.0112631597625388,NCAAM,OVER,0.04_to_0.0499,3_to_5pp,2.5_to_5pct,0.50_to_0.60,minus_109_to_minus_101,UNBUCKETED,135_to_139.9,SUN,JAN
Basketball,NCAAM,NCAAM_2026_01_18_Tulane_Green_Wave_North_Texas_Mean_Green,2026_01_18,12:00 PM,Tulane Green Wave,North Texas Mean Green,0.529,0.471,67.3,68.0,135.3,136.5,,,,,,,,,,,,,,,,,,,,,,,,,,,,,under,136.5,-105.0,0.0288090671443832,0.0302495189891264,0.526950972758075,3.778524409524203,0.0075623797472816,total,ncaam,,,,,,,,,,,,,,,,,,,,,,,,,,,,,-115.0,-105.0,1.869565,1.952381,0.473049027241925,0.526950972758075,2.113945790842064,1.8977097523247264,2.1773641645673254,1.954641044894468,0.5348837831260214,0.5121951094586559,0.510834271337167,0.489165728662833,-0.1156040953844504,0.0288090671443832,-0.0377852440952419,0.037785244095242,0.0,0.0302495189891264,-11.560409538445048,2.880906714438325,-3.7785244095241977,3.778524409524203,63.0,71.0,Win,0.9523809523809524,0.0072022664259824,NCAAM,UNDER,0.02_to_0.0299,3_to_5pp,2.5_to_5pct,0.50_to_0.60,minus_109_to_minus_101,UNBUCKETED,135_to_139.9,SUN,JAN
Basketball,NCAAM,NCAAM_2026_01_19_Maine_Black_Bears_New_Hampshire_Wildcats,2026_01_19,12:00 PM,Maine Black Bears,New Hampshire Wildcats,0.571,0.429,63.5,65.7,129.2,129.5,-130.0,120.0,1.769231,2.2,2.2,1.7692307692307692,0.4545454545454545,0.5652173913043479,0.4457364341085271,0.5542635658914729,0.571,0.429,2.331002331002331,1.7513134851138354,2.3659673659673657,1.7775831873905428,136.0,-128.0,0.0102309009999999,-0.0561999999999999,0.0167364341085271,-0.0167364341085271,0.0133001673099496,0.0,1.0230900999999903,-5.619999999999992,1.6736434108527098,-1.6736434108527098,home,-130.0,-130.0,0.0102309009999999,0.0133001673099496,0.571,1.6736434108527098,0.0033250418274874,moneyline,ncaam,,,,,,,,,,,,,,,,,,,,,,,,,,,,,,,,,,,,,,,,,,,,,,,,,,,,,48.0,65.0,Loss,-1.0,-0.0033250418274874,NCAAM,HOME,0.01_to_0.0199,1_to_2pp,0.0_to_2.5pct,0.50_to_0.60,minus_149_to_minus_125,UNBUCKETED,UNBUCKETED,MON,JAN
Basketball,NCAAM,NCAAM_2026_01_19_Hampton_Pirates_North_Carolina_AT_Aggies,2026_01_19,12:00 PM,Hampton Pirates,North Carolina AT Aggies,0.684,0.316,67.7,72.9,140.6,143.0,,,,,,,,,,,,,,,,,,,,,,,,,,,,,away,6.5,-106.0,0.061188555048125,0.0648598839173845,0.5460485433993509,5.050086212229543,0.0162149709793461,spread,ncaam,-6.5,6.5,-110.0,-106.0,1.909091,1.943396,0.453951456600649,0.5460485433993509,2.2028787119406066,1.8313390120494344,2.423166583134668,2.014472913254378,142.0,101.0,0.5238094988662143,0.5145631667452233,0.5044523187229444,0.4955476812770555,-0.1333653597668103,0.061188555048125,-0.0505008621222953,0.0505008621222954,0.0,0.0648598839173845,-13.33653597668103,6.118855504812504,-5.050086212229537,5.050086212229543,,,,,,,,,,,,,,,,,,,,,,,,,82.0,61.0,Loss,-1.0,-0.0162149709793461,NCAAM,AWAY,0.05_to_0.0749,5_to_7pp,5_to_10pct,0.50_to_0.60,minus_109_to_minus_101,6.0_to_6.9,UNBUCKETED,MON,JAN
Basketball,NCAAM,NCAAM_2026_01_19_Texas_AM_Corpus_Christi_Islanders_McNeese_State_Cowboys,2026_01_19,12:00 PM,Texas AM Corpus Christi Islanders,McNeese State Cowboys,0.235,0.765,73.9,65.2,139.1,139.5,,,,,,,,,,,,,,,,,,,,,,,,,,,,,under,139.5,103.0,0.0332491740095299,0.032280751465563,0.5089897408913941,2.4337063408187976,0.0080701878663907,total,ncaam,,,,,,,,,,,,,,,,,,,,,,,,,,,,,-110.0,103.0,1.909091,2.03,0.4910102591086058,0.5089897408913941,2.036617324076749,1.9646761411118008,2.0977158437990515,2.023616425345156,0.5238094988662143,0.4926108374384237,0.5153473225167938,0.4846526774832062,-0.0626167334280926,0.0332491740095299,-0.024337063408188,0.0243370634081879,0.0,0.032280751465563,-6.26167334280926,3.324917400952998,-2.433706340818804,2.4337063408187976,53.0,69.0,Win,1.0300000000000002,0.0083122935023824,NCAAM,UNDER,0.03_to_0.0399,2_to_3pp,2.5_to_5pct,0.50_to_0.60,plus_101_to_plus_125,UNBUCKETED,135_to_139.9,MON,JAN
Basketball,NCAAM,NCAAM_2026_01_23_North_Texas_Mean_Green_East_Carolina_Pirates,2026_01_23,12:00 PM,North Texas Mean Green,East Carolina Pirates,0.815,0.185,63.0,71.9,134.9,134.5,,,,,,,,,,,,,,,,,,,,,,,,,,,,,away,10.5,-119.0,0.0243498577949567,0.0289763354122123,0.5566102373669574,3.828179315423141,0.007244083853053,spread,ncaam,-10.5,10.5,-102.0,-119.0,1.980392,1.840336,0.4433897626330426,0.5566102373669574,2.2553520272131724,1.796589305885742,2.4808872299344897,1.9762482364743164,148.0,-102.0,0.504950535045587,0.5433790351327149,0.4816715557872741,0.518328444212726,-0.1219144611996235,0.0243498577949567,-0.0382817931542315,0.0382817931542314,0.0,0.0289763354122123,-12.191446119962356,2.43498577949568,-3.828179315423153,3.828179315423141,,,,,,,,,,,,,,,,,,,,,,,,,59.0,63.0,Win,0.8403361344537816,0.0060874654227336,NCAAM,AWAY,0.02_to_0.0299,3_to_5pp,2.5_to_5pct,0.50_to_0.60,minus_124_to_minus_110,10.0_to_11.9,UNBUCKETED,FRI,JAN
Basketball,NCAAM,NCAAM_2026_01_23_Radford_Highlanders_High_Point_Panthers,2026_01_23,12:00 PM,Radford Highlanders,High Point Panthers,0.214,0.786,86.1,76.9,163.0,167.5,,,,,,,,,,,,,,,,,,,,,,,,,,,,,away,-7.5,-110.0,0.0693243681991266,0.0762567973933596,0.5601222614318158,6.012226143181576,0.0190641993483399,spread,ncaam,7.5,-7.5,-110.0,-110.0,1.909091,1.909091,0.4398777385681842,0.5601222614318158,2.273358963913544,1.7853245065528092,2.500694860304898,1.9638569572080904,150.0,-103.0,0.5238094988662143,0.5238094988662143,0.5,0.5,-0.1602333681991266,0.0693243681991266,-0.0601222614318158,0.0601222614318157,0.0,0.0762567973933596,-16.023336819912657,6.9324368199126685,-6.012226143181581,6.012226143181576,,,,,,,,,,,,,,,,,,,,,,,,,83.0,93.0,Win,0.9090909090909092,0.0173310903166726,NCAAM,AWAY,0.05_to_0.0749,5_to_7pp,5_to_10pct,0.50_to_0.60,minus_124_to_minus_110,7.0_to_7.9,UNBUCKETED,FRI,JAN
Basketball,NCAAM,NCAAM_2026_01_23_Ohio_Bobcats_Akron_Zips,2026_01_23,12:00 PM,Ohio Bobcats,Akron Zips,0.243,0.757,86.9,78.4,165.3,167.5,,,,,,,,,,,,,,,,,,,,,,,,,,,,,away,-7.0,-105.0,0.0798497496801067,0.0838422329720005,0.5530937607363045,5.650439841919036,0.0209605582430001,spread,ncaam,7.0,-7.0,-108.0,-105.0,1.925926,1.952381,0.4469062392636955,0.5530937607363045,2.237605815590221,1.8080117169804133,2.461366397149243,1.9888128886784555,146.0,-101.0,0.5192307492603558,0.5121951094586559,0.5034106376828859,0.4965893623171141,-0.139291654239828,0.0798497496801067,-0.0565043984191903,0.0565043984191903,0.0,0.0838422329720005,-13.929165423982804,7.984974968010672,-5.650439841919036,5.650439841919036,,,,,,,,,,,,,,,,,,,,,,,,,65.0,86.0,Win,0.9523809523809524,0.0199624364219048,NCAAM,AWAY,0.075_to_0.0999,5_to_7pp,5_to_10pct,0.50_to_0.60,minus_109_to_minus_101,7.0_to_7.9,UNBUCKETED,FRI,JAN
Basketball,NCAAM,NCAAM_2026_01_24_Robert_Morris_Colonials_Wisconsin_Green_Bay_Phoenix,2026_01_24,12:00 PM,Robert Morris Colonials,Wisconsin Green Bay Phoenix,0.708,0.292,69.8,75.3,145.1,145.0,,,,,,,,,,,,,,,,,,,,,,,,,,,,,away,7.0,-105.0,0.0798497496801067,0.0838422329720005,0.5530937607363045,5.650439841919036,0.0209605582430001,spread,ncaam,-7.0,7.0,-108.0,-105.0,1.925926,1.952381,0.4469062392636955,0.5530937607363045,2.237605815590221,1.8080117169804133,2.461366397149243,1.9888128886784555,146.0,-101.0,0.5192307492603558,0.5121951094586559,0.5034106376828859,0.4965893623171141,-0.139291654239828,0.0798497496801067,-0.0565043984191903,0.0565043984191903,0.0,0.0838422329720005,-13.929165423982804,7.984974968010672,-5.650439841919036,5.650439841919036,,,,,,,,,,,,,,,,,,,,,,,,,67.0,71.0,Win,0.9523809523809524,0.0199624364219048,NCAAM,AWAY,0.075_to_0.0999,5_to_7pp,5_to_10pct,0.50_to_0.60,minus_109_to_minus_101,7.0_to_7.9,UNBUCKETED,SAT,JAN
Basketball,NCAAM,NCAAM_2026_01_24_UTSA_Roadrunners_Temple_Owls,2026_01_24,12:00 PM,UTSA Roadrunners,Temple Owls,0.161,0.839,78.7,67.7,146.4,145.5,,,,,,,,,,,,,,,,,,,,,,,,,,,,,away,-10.0,-111.0,0.0178453916267515,0.0198083825267721,0.5354541828463195,3.1063858819079138,0.004952095631693,spread,ncaam,10.0,-10.0,-107.0,-111.0,1.934579,1.900901,0.4645458171536805,0.5354541828463195,2.1526401983922745,1.867573420912111,2.367904218231502,2.0543307630033225,136.0,105.0,0.516908329926046,0.526066323285642,0.4956096759727596,0.5043903240272404,-0.1012994175966499,0.0178453916267515,-0.0310638588190791,0.0310638588190791,0.0,0.0198083825267721,-10.129941759664996,1.7845391626751583,-3.1063858819079138,3.1063858819079138,,,,,,,,,,,,,,,,,,,,,,,,,64.0,70.0,Loss,-1.0,-0.004952095631693,NCAAM,AWAY,0.01_to_0.0199,3_to_5pp,0.0_to_2.5pct,0.50_to_0.60,minus_124_to_minus_110,10.0_to_11.9,UNBUCKETED,SAT,JAN
Basketball,NCAAM,NCAAM_2026_01_24_Norfolk_State_Spartans_Coppin_State_Eagles,2026_01_24,12:00 PM,Norfolk State Spartans,Coppin State Eagles,0.891,0.109,63.4,75.2,138.6,143.0,,,,,,,,,,,,,,,,,,,,,,,,,,,,,away,13.5,-110.0,0.0693243681991271,0.0762567973933599,0.560122261431816,6.012226143181598,0.0190641993483399,spread,ncaam,-13.5,13.5,-110.0,-110.0,1.909091,1.909091,0.439877738568184,0.560122261431816,2.273358963913545,1.7853245065528085,2.5006948603048995,1.9638569572080893,150.0,-103.0,0.5238094988662143,0.5238094988662143,0.5,0.5,-0.1602333681991269,0.0693243681991271,-0.0601222614318159,0.0601222614318159,0.0,0.0762567973933599,-16.023336819912693,6.932436819912713,-6.012226143181598,6.012226143181598,,,,,,,,,,,,,,,,,,,,,,,,,103.0,76.0,Loss,-1.0,-0.0190641993483399,NCAAM,AWAY,0.05_to_0.0749,5_to_7pp,5_to_10pct,0.50_to_0.60,minus_124_to_minus_110,12.0_to_14.9,UNBUCKETED,SAT,JAN
Basketball,NCAAM,NCAAM_2026_01_24_Xavier_Musketeers_St_Johns_Red_Storm,2026_01_24,12:00 PM,Xavier Musketeers,St. Johns Red Storm,0.197,0.803,84.5,74.9,159.4,159.5,,,,,,,,,,,,,,,,,,,,,,,,,,,,,away,-8.0,-110.0,0.062619594665122,0.0688815472434794,0.5566102373669574,5.661023736695736,0.0172203868108698,spread,ncaam,8.0,-8.0,-110.0,-110.0,1.909091,1.909091,0.4433897626330426,0.5566102373669574,2.2553520272131724,1.796589305885742,2.4808872299344897,1.9762482364743164,148.0,-102.0,0.5238094988662143,0.5238094988662143,0.5,0.5,-0.153528594665122,0.062619594665122,-0.0566102373669574,0.0566102373669573,0.0,0.0688815472434794,-15.352859466512204,6.261959466512201,-5.661023736695742,5.661023736695736,,,,,,,,,,,,,,,,,,,,,,,,,83.0,88.0,Loss,-1.0,-0.0172203868108698,NCAAM,AWAY,0.05_to_0.0749,5_to_7pp,5_to_10pct,0.50_to_0.60,minus_124_to_minus_110,8.0_to_8.9,UNBUCKETED,SAT,JAN
Basketball,NCAAM,NCAAM_2026_01_24_Maine_Black_Bears_Binghamton_Bearcats,2026_01_24,12:00 PM,Maine Black Bears,Binghamton Bearcats,0.67,0.33,60.7,65.5,126.2,124.0,,,,,,,,,,,,,,,,,,,,,,,,,,,,,away,6.0,-105.0,0.0592064271769978,0.0621667454275104,0.5425203519072342,4.812572726668263,0.0155416863568776,spread,ncaam,-6.0,6.0,-110.0,-105.0,1.909091,1.952381,0.4574796480927657,0.5425203519072342,2.1858895891194363,1.843248822803592,2.40447854803138,2.027573705083951,140.0,102.0,0.5238094988662143,0.5121951094586559,0.5056053753594484,0.4943946246405516,-0.1266297211429338,0.0592064271769978,-0.0481257272666826,0.0481257272666826,0.0,0.0621667454275104,-12.66297211429338,5.920642717699787,-4.812572726668268,4.812572726668263,,,,,,,,,,,,,,,,,,,,,,,,,79.0,63.0,Loss,-1.0,-0.0155416863568776,NCAAM,AWAY,0.05_to_0.0749,3_to_5pp,5_to_10pct,0.50_to_0.60,minus_109_to_minus_101,6.0_to_6.9,UNBUCKETED,SAT,JAN
Basketball,NCAAM,NCAAM_2026_01_24_SIU_Edwardsville_Cougars_Tennessee_Tech_Golden_Eagles,2026_01_24,12:00 PM,SIU Edwardsville Cougars,Tennessee Tech Golden Eagles,0.724,0.276,65.3,71.5,136.8,135.5,,,,,,,,,,,,,,,,,,,,,,,,,,,,,away,8.0,-110.0,0.0760201219006779,0.0836221257285331,0.563629560822757,6.362956082275694,0.0209055314321332,spread,ncaam,-8.0,8.0,-110.0,-110.0,1.909091,1.909091,0.436370439177243,0.563629560822757,2.291630940641752,1.7742149622887988,2.5207940347059274,1.9516364585176789,152.0,-105.0,0.5238094988662143,0.5238094988662143,0.5,0.5,-0.166929121900678,0.0760201219006779,-0.063629560822757,0.0636295608227569,0.0,0.0836221257285331,-16.692912190067798,7.602012190067797,-6.3629560822757005,6.362956082275694,,,,,,,,,,,,,,,,,,,,,,,,,62.0,58.0,Win,0.9090909090909092,0.0190050285746665,NCAAM,AWAY,0.075_to_0.0999,5_to_7pp,5_to_10pct,0.50_to_0.60,minus_124_to_minus_110,8.0_to_8.9,UNBUCKETED,SAT,JAN
Basketball,NCAAM,NCAAM_2026_01_24_West_Georgia_Wolves_Queens_Royals,2026_01_24,12:00 PM,West Georgia Wolves,Queens Royals,0.218,0.782,86.5,77.5,164.0,161.5,,,,,,,,,,,,,,,,,,,,,,,,,,,,,away,-7.5,-110.0,0.0559063207778323,0.0614969467059208,0.5530937607363045,5.309376073630445,0.0153742366764802,spread,ncaam,7.5,-7.5,-110.0,-110.0,1.909091,1.909091,0.4469062392636955,0.5530937607363045,2.237605815590221,1.8080117169804133,2.461366397149243,1.9888128886784555,146.0,-101.0,0.5238094988662143,0.5238094988662143,0.5,0.5,-0.1468153207778322,0.0559063207778323,-0.0530937607363045,0.0530937607363044,0.0,0.0614969467059208,-14.68153207778322,5.590632077783231,-5.3093760736304505,5.309376073630445,,,,,,,,,,,,,,,,,,,,,,,,,74.0,66.0,Loss,-1.0,-0.0153742366764802,NCAAM,AWAY,0.05_to_0.0749,5_to_7pp,5_to_10pct,0.50_to_0.60,minus_124_to_minus_110,7.0_to_7.9,UNBUCKETED,SAT,JAN
Basketball,NCAAM,NCAAM_2026_01_24_SMU_Mustangs_Florida_State_Seminoles,2026_01_24,12:00 PM,SMU Mustangs,Florida State Seminoles,0.841,0.159,79.2,89.1,168.3,164.0,,,,,,,,,,,,,,,,,,,,,,,,,,,,,away,12.0,-110.0,0.0960481018324912,0.1056529014504502,0.5741204069541427,7.412040695414268,0.0264132253626125,spread,ncaam,-12.0,12.0,-110.0,-110.0,1.909091,1.909091,0.4258795930458573,0.5741204069541427,2.348081514890344,1.7417949055412587,2.582889666379379,1.9159743960953848,158.0,-109.0,0.5238094988662143,0.5238094988662143,0.5,0.5,-0.1869571018324911,0.0960481018324912,-0.0741204069541426,0.0741204069541426,0.0,0.1056529014504502,-18.695710183249115,9.604810183249125,-7.412040695414268,7.412040695414268,,,,,,,,,,,,,,,,,,,,,,,,,83.0,80.0,Win,0.9090909090909092,0.0240120230569204,NCAAM,AWAY,0.075_to_0.0999,7_to_10pp,10_to_20pct,0.50_to_0.60,minus_124_to_minus_110,12.0_to_14.9,UNBUCKETED,SAT,JAN
Basketball,NCAAM,NCAAM_2026_01_24_Arkansas_Razorbacks_LSU_Tigers,2026_01_24,12:00 PM,Arkansas Razorbacks,LSU Tigers,0.81,0.19,78.0,86.9,164.9,162.0,,,,,,,,,,,,,,,,,,,,,,,,,,,,,away,11.0,-110.0,0.0960481018324903,0.1056529014504493,0.5741204069541422,7.412040695414223,0.0264132253626123,spread,ncaam,-11.0,11.0,-110.0,-110.0,1.909091,1.909091,0.4258795930458577,0.5741204069541422,2.348081514890342,1.74179490554126,2.5828896663793763,1.915974396095386,158.0,-109.0,0.5238094988662143,0.5238094988662143,0.5,0.5,-0.1869571018324903,0.0960481018324903,-0.0741204069541422,0.0741204069541422,0.0,0.1056529014504493,-18.69571018324904,9.604810183249036,-7.412040695414229,7.412040695414223,,,,,,,,,,,,,,,,,,,,,,,,,85.0,81.0,Win,0.9090909090909092,0.0240120230569202,NCAAM,AWAY,0.075_to_0.0999,7_to_10pp,10_to_20pct,0.50_to_0.60,minus_124_to_minus_110,10.0_to_11.9,UNBUCKETED,SAT,JAN
Basketball,NCAAM,NCAAM_2026_01_24_Eastern_Washington_Eagles_Sacramento_State_Hornets,2026_01_24,12:00 PM,Eastern Washington Eagles,Sacramento State Hornets,0.704,0.296,77.1,82.5,159.6,163.0,,,,,,,,,,,,,,,,,,,,,,,,,,,,,away,6.5,-110.0,0.0289786789203192,0.0318765436246968,0.5389888061492717,3.898880614927169,0.0079691359061742,spread,ncaam,-6.5,6.5,-110.0,-110.0,1.909091,1.909091,0.4610111938507283,0.5389888061492717,2.1691447265026538,1.855326100637148,2.3860591991529194,2.040858710700863,138.0,104.0,0.5238094988662143,0.5238094988662143,0.5,0.5,-0.1198876789203191,0.0289786789203192,-0.0389888061492716,0.0389888061492716,0.0,0.0318765436246968,-11.988767892031916,2.8978678920319245,-3.898880614927169,3.898880614927169,,,,,,,,,,,,,,,,,,,,,,,,,75.0,67.0,Loss,-1.0,-0.0079691359061742,NCAAM,AWAY,0.02_to_0.0299,3_to_5pp,2.5_to_5pct,0.50_to_0.60,minus_124_to_minus_110,6.0_to_6.9,UNBUCKETED,SAT,JAN
Basketball,NCAAM,NCAAM_2026_01_24_UCLA_Bruins_Northwestern_Wildcats,2026_01_24,12:00 PM,UCLA Bruins,Northwestern Wildcats,0.728,0.272,69.1,75.6,144.7,143.0,,,,,,,,,,,,,,,,,,,,,,,,,,,,,away,8.5,-108.0,0.0989890402196964,0.1069081548846197,0.5706289027821922,7.282380830673096,0.0267270387211549,spread,ncaam,-8.5,8.5,-110.0,-108.0,1.909091,1.925926,0.4293710972178077,0.5706289027821922,2.328987690321243,1.752452417191524,2.561886459353368,1.927697658910677,156.0,-107.0,0.5238094988662143,0.5192307492603558,0.5021949055245387,0.4978050944754613,-0.1802915026413583,0.0989890402196964,-0.072823808306731,0.0728238083067309,0.0,0.1069081548846197,-18.02915026413583,9.898904021969646,-7.282380830673102,7.282380830673096,,,,,,,,,,,,,,,,,,,,,,,,,71.0,64.0,Win,0.925925925925926,0.0247472580751434,NCAAM,AWAY,0.075_to_0.0999,7_to_10pp,10_to_20pct,0.50_to_0.60,minus_109_to_minus_101,8.0_to_8.9,UNBUCKETED,SAT,JAN
Basketball,NCAAM,NCAAM_2026_01_24_Gonzaga_Bulldogs_San_Francisco_Dons,2026_01_24,12:00 PM,Gonzaga Bulldogs,San Francisco Dons,0.939,0.061,68.1,83.5,151.6,149.5,,,,,,,,,,,,,,,,,,,,,,,,,,,,,away,17.0,-110.0,0.062619594665122,0.0688815472434794,0.5566102373669574,5.661023736695736,0.0172203868108698,spread,ncaam,-17.0,17.0,-110.0,-110.0,1.909091,1.909091,0.4433897626330426,0.5566102373669574,2.2553520272131724,1.796589305885742,2.4808872299344897,1.9762482364743164,148.0,-102.0,0.5238094988662143,0.5238094988662143,0.5,0.5,-0.153528594665122,0.062619594665122,-0.0566102373669574,0.0566102373669573,0.0,0.0688815472434794,-15.352859466512204,6.261959466512201,-5.661023736695742,5.661023736695736,,,,,,,,,,,,,,,,,,,,,,,,,68.0,66.0,Win,0.9090909090909092,0.0156548971007907,NCAAM,AWAY,0.05_to_0.0749,5_to_7pp,5_to_10pct,0.50_to_0.60,minus_124_to_minus_110,15.0_plus,UNBUCKETED,SAT,JAN
Basketball,NCAAM,NCAAM_2026_01_24_Northern_Arizona_Lumberjacks_Northern_Colorado_Bears,2026_01_24,12:00 PM,Northern Arizona Lumberjacks,Northern Colorado Bears,0.275,0.725,79.0,71.4,150.4,149.0,,,,,,,,,,,,,,,,,,,,,,,,,,,,,away,-6.0,-105.0,0.0867152518407374,0.0910510098802239,0.5566102373669574,6.221561272640575,0.0227627524700559,spread,ncaam,6.0,-6.0,-110.0,-105.0,1.909091,1.952381,0.4433897626330426,0.5566102373669574,2.2553520272131724,1.796589305885742,2.4808872299344897,1.9762482364743164,148.0,-102.0,0.5238094988662143,0.5121951094586559,0.5056053753594484,0.4943946246405516,-0.153528594665122,0.0867152518407374,-0.0622156127264058,0.0622156127264057,0.0,0.0910510098802239,-15.352859466512204,8.671525184073747,-6.22156127264058,6.221561272640575,,,,,,,,,,,,,,,,,,,,,,,,,81.0,77.0,Loss,-1.0,-0.0227627524700559,NCAAM,AWAY,0.075_to_0.0999,5_to_7pp,5_to_10pct,0.50_to_0.60,minus_109_to_minus_101,6.0_to_6.9,UNBUCKETED,SAT,JAN
Basketball,NCAAM,NCAAM_2026_01_24_Stanford_Cardinal_California_Golden_Bears,2026_01_24,12:00 PM,Stanford Cardinal,California Golden Bears,0.715,0.285,69.7,75.7,145.4,146.0,,,,,,,,,,,,,,,,,,,,,,,,,,,,,home,-5.0,-110.0,0.0222307613842629,0.0244538350773057,0.5354541828463195,3.5454182846319515,0.0061134587693264,spread,ncaam,-5.0,5.0,-110.0,-110.0,1.909091,1.909091,0.5354541828463195,0.4645458171536805,1.867573420912111,2.1526401983922745,2.0543307630033225,2.367904218231502,105.0,136.0,0.5238094988662143,0.5238094988662143,0.5,0.5,0.0222307613842629,-0.1131397613842629,0.0354541828463195,-0.0354541828463195,0.0244538350773057,0.0,2.2230761384262943,-11.313976138426296,3.5454182846319515,-3.5454182846319515,,,,,,,,,,,,,,,,,,,,,,,,,66.0,78.0,Loss,-1.0,-0.0061134587693264,NCAAM,HOME,0.02_to_0.0299,3_to_5pp,0.0_to_2.5pct,0.50_to_0.60,minus_124_to_minus_110,5.0_to_5.9,UNBUCKETED,SAT,JAN
Basketball,NCAAM,NCAAM_2026_01_24_North_Carolina_AT_Aggies_Towson_Tigers,2026_01_24,12:00 PM,North Carolina AT Aggies,Towson Tigers,0.225,0.775,74.5,65.5,140.0,138.5,,,,,,,,,,,,,,,,,,,,,,,,,,,,,away,-7.0,-110.0,0.0893825026413581,0.0983207430734197,0.5706289027821922,7.062890278219225,0.0245801857683549,spread,ncaam,7.0,-7.0,-110.0,-110.0,1.909091,1.909091,0.4293710972178077,0.5706289027821922,2.328987690321243,1.752452417191524,2.561886459353368,1.927697658910677,156.0,-107.0,0.5238094988662143,0.5238094988662143,0.5,0.5,-0.1802915026413583,0.0893825026413581,-0.0706289027821923,0.0706289027821922,0.0,0.0983207430734197,-18.02915026413583,8.938250264135817,-7.06289027821923,7.062890278219225,,,,,,,,,,,,,,,,,,,,,,,,,80.0,73.0,Loss,-1.0,-0.0245801857683549,NCAAM,AWAY,0.075_to_0.0999,7_to_10pp,5_to_10pct,0.50_to_0.60,minus_124_to_minus_110,7.0_to_7.9,UNBUCKETED,SAT,JAN
Basketball,NCAAM,NCAAM_2026_01_24_Pitt_Panthers_NC_State_Wolfpack,2026_01_24,12:00 PM,Pitt Panthers,NC State Wolfpack,0.264,0.736,76.5,68.4,144.9,144.0,,,,,,,,,,,,,,,,,,,,,,,,,,,,,away,-6.0,-113.0,0.0821917058106522,0.0928766015605885,0.5741204069541422,6.762445914897741,0.0232191503901471,spread,ncaam,6.0,-6.0,-107.0,-113.0,1.934579,1.884956,0.4258795930458577,0.5741204069541422,2.348081514890342,1.74179490554126,2.5828896663793763,1.915974396095386,158.0,-109.0,0.516908329926046,0.5305163621856425,0.4935040521948353,0.5064959478051648,-0.1761022827649376,0.0821917058106522,-0.0676244591489775,0.0676244591489774,0.0,0.0928766015605885,-17.610228276493768,8.219170581065228,-6.762445914897758,6.762445914897741,,,,,,,,,,,,,,,,,,,,,,,,,72.0,81.0,Win,0.8849557522123894,0.0205479206992452,NCAAM,AWAY,0.075_to_0.0999,5_to_7pp,5_to_10pct,0.50_to_0.60,minus_124_to_minus_110,6.0_to_6.9,UNBUCKETED,SAT,JAN
Basketball,NCAAM,NCAAM_2026_01_24_Sacred_Heart_Pioneers_Niagara_Purple_Eagles,2026_01_24,12:00 PM,Sacred Heart Pioneers,Niagara Purple Eagles,0.79,0.21,65.3,73.5,138.8,140.0,,,,,,,,,,,,,,,,,,,,,,,,,,,,,away,9.5,-108.0,0.0516490869949384,0.0557810094920527,0.5460485433993509,4.824344892388965,0.0139452523730131,spread,ncaam,-9.5,9.5,-110.0,-108.0,1.909091,1.925926,0.453951456600649,0.5460485433993509,2.2028787119406066,1.8313390120494344,2.423166583134668,2.014472913254378,142.0,101.0,0.5238094988662143,0.5192307492603558,0.5021949055245387,0.4978050944754613,-0.1333653597668103,0.0516490869949384,-0.0482434489238897,0.0482434489238896,0.0,0.0557810094920527,-13.33653597668103,5.164908699493842,-4.824344892388971,4.824344892388965,,,,,,,,,,,,,,,,,,,,,,,,,71.0,70.0,Win,0.925925925925926,0.0129122707157528,NCAAM,AWAY,0.05_to_0.0749,3_to_5pp,5_to_10pct,0.50_to_0.60,minus_109_to_minus_101,9.0_to_9.9,UNBUCKETED,SAT,JAN
Basketball,NCAAM,NCAAM_2026_01_24_Bryant_Bulldogs_Vermont_Catamounts,2026_01_24,12:00 PM,Bryant Bulldogs,Vermont Catamounts,0.215,0.785,71.9,62.6,134.5,136.5,,,,,,,,,,,,,,,,,,,,,,,,,,,,,under,136.5,-110.0,0.0401826754327558,0.0442009385559376,0.5448575659477499,4.485756594774992,0.0110502346389844,total,ncaam,,,,,,,,,,,,,,,,,,,,,,,,,,,,,-110.0,-110.0,1.909091,1.909091,0.4551424340522501,0.5448575659477499,2.1971144089922423,1.835342046247545,2.263027841262009,1.890402307634972,0.5238094988662143,0.5238094988662143,0.5,0.5,-0.1310916754327558,0.0401826754327558,-0.0448575659477499,0.0448575659477499,0.0,0.0442009385559376,-13.10916754327558,4.018267543275589,-4.485756594774992,4.485756594774992,52.0,62.0,Win,0.9090909090909092,0.0100456678536221,NCAAM,UNDER,0.04_to_0.0499,3_to_5pp,2.5_to_5pct,0.50_to_0.60,minus_124_to_minus_110,UNBUCKETED,135_to_139.9,SAT,JAN
Basketball,NCAAM,NCAAM_2026_01_24_Marist_Red_Foxes_Quinnipiac_Bobcats,2026_01_24,12:00 PM,Marist Red Foxes,Quinnipiac Bobcats,0.593,0.407,67.6,70.2,137.8,140.0,,,,,,,,,,,,,,,,,,,,,,,,,,,,,under,140.0,-110.0,0.0487046193787867,0.0535750759591578,0.5493214411354863,4.932144113548631,0.0133937689897894,total,ncaam,,,,,,,,,,,,,,,,,,,,,,,,,,,,,-110.0,-110.0,1.909091,1.909091,0.4506785588645137,0.5493214411354863,2.2188763595044407,1.8204277588963744,2.285442650289574,1.8750405916632653,0.5238094988662143,0.5238094988662143,0.5,0.5,-0.1396136193787867,0.0487046193787867,-0.0493214411354863,0.0493214411354863,0.0,0.0535750759591578,-13.961361937878667,4.870461937878678,-4.932144113548631,4.932144113548631,71.0,64.0,Win,0.9090909090909092,0.0121761536270812,NCAAM,UNDER,0.04_to_0.0499,3_to_5pp,5_to_10pct,0.50_to_0.60,minus_124_to_minus_110,UNBUCKETED,140_to_144.9,SAT,JAN
Basketball,NCAAM,NCAAM_2026_01_24_Loyola_Chicago_Ramblers_Duquesne_Dukes,2026_01_24,12:00 PM,Loyola Chicago Ramblers,Duquesne Dukes,0.318,0.682,78.0,71.8,149.8,152.0,,,,,,,,,,,,,,,,,,,,,,,,,,,,,under,152.0,-110.0,0.0487046193787867,0.0535750759591578,0.5493214411354863,4.71265356109476,0.0133937689897894,total,ncaam,,,,,,,,,,,,,,,,,,,,,,,,,,,,,-108.0,-110.0,1.925926,1.909091,0.4506785588645137,0.5493214411354863,2.2188763595044407,1.8204277588963744,2.285442650289574,1.8750405916632653,0.5192307492603558,0.5238094988662143,0.4978050944754613,0.5021949055245387,-0.1320264458403025,0.0487046193787867,-0.0471265356109475,0.0471265356109475,0.0,0.0535750759591578,-13.202644584030256,4.870461937878678,-4.71265356109476,4.71265356109476,59.0,71.0,Win,0.9090909090909092,0.0121761536270812,NCAAM,UNDER,0.04_to_0.0499,3_to_5pp,5_to_10pct,0.50_to_0.60,minus_124_to_minus_110,UNBUCKETED,150_to_154.9,SAT,JAN
Basketball,NCAAM,NCAAM_2026_01_24_Syracuse_Orange_Miami_Hurricanes,2026_01_24,12:00 PM,Syracuse Orange,Miami Hurricanes,0.418,0.582,76.1,72.6,148.7,150.5,,,,,,,,,,,,,,,,,,,,,,,,,,,,,under,150.5,-110.0,0.0316499047506015,0.0348148917441726,0.5403880196127904,4.038801961279037,0.0087037229360431,total,ncaam,,,,,,,,,,,,,,,,,,,,,,,,,,,,,-110.0,-110.0,1.909091,1.909091,0.4596119803872096,0.5403880196127904,2.175748332664282,1.850522150207068,2.2410207826442106,1.90603781471328,0.5238094988662143,0.5238094988662143,0.5,0.5,-0.1225589047506016,0.0316499047506015,-0.0403880196127904,0.0403880196127903,0.0,0.0348148917441726,-12.25589047506016,3.1649904750601587,-4.0388019612790425,4.038801961279037,76.0,85.0,Loss,-1.0,-0.0087037229360431,NCAAM,UNDER,0.03_to_0.0399,3_to_5pp,2.5_to_5pct,0.50_to_0.60,minus_124_to_minus_110,UNBUCKETED,150_to_154.9,SAT,JAN
Basketball,NCAAM,NCAAM_2026_01_24_Mount_St_Marys_Mountaineers_Rider_Broncs,2026_01_24,12:00 PM,Mount St Marys Mountaineers,Rider Broncs,0.794,0.206,63.9,72.2,136.1,138.0,,,,,,,,,,,,,,,,,,,,,,,,,,,,,under,138.0,-110.0,0.035917576593113,0.0395093303014912,0.5426234666619417,4.262346666194173,0.0098773325753728,total,ncaam,,,,,,,,,,,,,,,,,,,,,,,,,,,,,-110.0,-110.0,1.909091,1.909091,0.4573765333380583,0.5426234666619417,2.186382394176912,1.8428985501709,2.25197386600222,1.898185506676027,0.5238094988662143,0.5238094988662143,0.5,0.5,-0.1268265765931129,0.035917576593113,-0.0426234666619417,0.0426234666619417,0.0,0.0395093303014912,-12.682657659311293,3.591757659311301,-4.262346666194173,4.262346666194173,71.0,61.0,Win,0.9090909090909092,0.0089793932503389,NCAAM,UNDER,0.03_to_0.0399,3_to_5pp,2.5_to_5pct,0.50_to_0.60,minus_124_to_minus_110,UNBUCKETED,135_to_139.9,SAT,JAN
Basketball,NCAAM,NCAAM_2026_01_24_Rice_Owls_Tulsa_Golden_Hurricane,2026_01_24,12:00 PM,Rice Owls,Tulsa Golden Hurricane,0.195,0.805,79.7,70.0,149.7,151.5,,,,,,,,,,,,,,,,,,,,,,,,,,,,,under,151.5,-110.0,0.0316499047506015,0.0348148917441726,0.5403880196127904,4.038801961279037,0.0087037229360431,total,ncaam,,,,,,,,,,,,,,,,,,,,,,,,,,,,,-110.0,-110.0,1.909091,1.909091,0.4596119803872096,0.5403880196127904,2.175748332664282,1.850522150207068,2.2410207826442106,1.90603781471328,0.5238094988662143,0.5238094988662143,0.5,0.5,-0.1225589047506016,0.0316499047506015,-0.0403880196127904,0.0403880196127903,0.0,0.0348148917441726,-12.25589047506016,3.1649904750601587,-4.0388019612790425,4.038801961279037,81.0,87.0,Loss,-1.0,-0.0087037229360431,NCAAM,UNDER,0.03_to_0.0399,3_to_5pp,2.5_to_5pct,0.50_to_0.60,minus_124_to_minus_110,UNBUCKETED,150_to_154.9,SAT,JAN
Basketball,NCAAM,NCAAM_2026_01_24_Montana_Grizzlies_Idaho_State_Bengals,2026_01_24,12:00 PM,Montana Grizzlies,Idaho State Bengals,0.633,0.367,73.8,77.4,151.2,153.0,,,,,,,,,,,,,,,,,,,,,,,,,,,,,under,153.0,-110.0,0.0316499047506015,0.0348148917441726,0.5403880196127904,4.038801961279037,0.0087037229360431,total,ncaam,,,,,,,,,,,,,,,,,,,,,,,,,,,,,-110.0,-110.0,1.909091,1.909091,0.4596119803872096,0.5403880196127904,2.175748332664282,1.850522150207068,2.2410207826442106,1.90603781471328,0.5238094988662143,0.5238094988662143,0.5,0.5,-0.1225589047506016,0.0316499047506015,-0.0403880196127904,0.0403880196127903,0.0,0.0348148917441726,-12.25589047506016,3.1649904750601587,-4.0388019612790425,4.038801961279037,69.0,60.0,Win,0.9090909090909092,0.0079124753964028,NCAAM,UNDER,0.03_to_0.0399,3_to_5pp,2.5_to_5pct,0.50_to_0.60,minus_124_to_minus_110,UNBUCKETED,150_to_154.9,SAT,JAN
Basketball,NCAAM,NCAAM_2026_01_24_San_Diego_Toreros_Santa_Clara_Broncos,2026_01_24,12:00 PM,San Diego Toreros,Santa Clara Broncos,0.106,0.894,85.9,72.7,158.6,160.5,,,,,,,,,,,,,,,,,,,,,,,,,,,,,under,160.5,-110.0,0.035917576593113,0.0395093303014912,0.5426234666619417,4.262346666194173,0.0098773325753728,total,ncaam,,,,,,,,,,,,,,,,,,,,,,,,,,,,,-110.0,-110.0,1.909091,1.909091,0.4573765333380583,0.5426234666619417,2.186382394176912,1.8428985501709,2.25197386600222,1.898185506676027,0.5238094988662143,0.5238094988662143,0.5,0.5,-0.1268265765931129,0.035917576593113,-0.0426234666619417,0.0426234666619417,0.0,0.0395093303014912,-12.682657659311293,3.591757659311301,-4.262346666194173,4.262346666194173,73.0,85.0,Win,0.9090909090909092,0.0089793932503389,NCAAM,UNDER,0.03_to_0.0399,3_to_5pp,2.5_to_5pct,0.50_to_0.60,minus_124_to_minus_110,UNBUCKETED,160_to_164.9,SAT,JAN
Basketball,NCAAM,NCAAM_2026_01_24_Arizona_State_Sun_Devils_Cincinnati_Bearcats,2026_01_24,12:00 PM,Arizona State Sun Devils,Cincinnati Bearcats,0.503,0.497,74.7,74.3,149.0,147.0,,,,,,,,,,,,,,,,,,,,,,,,,,,,,over,147.0,-108.0,0.0493553525554861,0.0533037764956229,0.5448575659477499,4.705247147228864,0.0133259441239057,total,ncaam,,,,,,,,,,,,,,,,,,,,,,,,,,,,,-108.0,-110.0,1.925926,1.909091,0.5448575659477499,0.45514243405225,1.835342046247545,2.1971144089922423,1.890402307634972,2.263027841262009,0.5192307492603558,0.5238094988662143,0.4978050944754613,0.5021949055245387,0.0493553525554861,-0.1310916754327559,0.0470524714722886,-0.0470524714722886,0.0533037764956229,0.0,4.935535255548618,-13.109167543275593,4.705247147228864,-4.705247147228869,82.0,68.0,Win,0.925925925925926,0.0123388371517645,NCAAM,OVER,0.04_to_0.0499,3_to_5pp,5_to_10pct,0.50_to_0.60,minus_109_to_minus_101,UNBUCKETED,145_to_149.9,SAT,JAN
Basketball,NCAAM,NCAAM_2026_01_24_William_Mary_Tribe_Hofstra_Pride,2026_01_24,12:00 PM,William Mary Tribe,Hofstra Pride,0.566,0.434,76.8,78.7,155.5,157.5,,,,,,,,,,,,,,,,,,,,,,,,,,,,,under,157.5,-110.0,0.0401826754327558,0.0442009385559376,0.5448575659477499,4.485756594774992,0.0110502346389844,total,ncaam,,,,,,,,,,,,,,,,,,,,,,,,,,,,,-110.0,-110.0,1.909091,1.909091,0.4551424340522501,0.5448575659477499,2.1971144089922423,1.835342046247545,2.263027841262009,1.890402307634972,0.5238094988662143,0.5238094988662143,0.5,0.5,-0.1310916754327558,0.0401826754327558,-0.0448575659477499,0.0448575659477499,0.0,0.0442009385559376,-13.10916754327558,4.018267543275589,-4.485756594774992,4.485756594774992,89.0,82.0,Loss,-1.0,-0.0110502346389844,NCAAM,UNDER,0.04_to_0.0499,3_to_5pp,2.5_to_5pct,0.50_to_0.60,minus_124_to_minus_110,UNBUCKETED,155_to_159.9,SAT,JAN
Basketball,NCAAM,NCAAM_2026_01_25_Mercyhurst_Lakers_Chicago_State_Cougars,2026_01_25,12:00 PM,Mercyhurst Lakers,Chicago State Cougars,0.824,0.176,61.7,71.0,132.7,130.0,,,,,,,,,,,,,,,,,,,,,,,,,,,,,away,10.0,-105.0,0.0246771508024459,0.0259110070470178,0.5248346254150424,3.5668896752209465,0.0064777517617544,spread,ncaam,-10.0,10.0,-115.0,-105.0,1.869565,1.952381,0.4751653745849575,0.5248346254150424,2.104530450842445,1.9053620923146863,2.3149834959266897,2.095898301546155,131.0,109.0,0.5348837831260214,0.5121951094586559,0.510834271337167,0.489165728662833,-0.1116474464640739,0.0246771508024459,-0.0356688967522094,0.0356688967522094,0.0,0.0259110070470178,-11.1647446464074,2.4677150802445924,-3.5668896752209465,3.5668896752209465,,,,,,,,,,,,,,,,,,,,,,,,,61.0,59.0,Win,0.9523809523809524,0.006169287392147,NCAAM,AWAY,0.02_to_0.0299,3_to_5pp,2.5_to_5pct,0.50_to_0.60,minus_109_to_minus_101,10.0_to_11.9,UNBUCKETED,SUN,JAN
Basketball,NCAAM,NCAAM_2026_01_25_Hawaii_Rainbow_Warriors_Cal_State_Northridge_Matadors,2026_01_25,12:00 PM,Hawaii Rainbow Warriors,Cal State Northridge Matadors,0.837,0.163,73.0,82.6,155.6,157.5,,,,,,,,,,,,,,,,,,,,,,,,,,,,,away,10.5,-108.0,0.0244323168566098,0.0263869000941866,0.5319167594479798,3.4111664972518496,0.0065967250235466,spread,ncaam,-10.5,10.5,-110.0,-108.0,1.909091,1.925926,0.4680832405520202,0.5319167594479798,2.136372152142596,1.8799934054301928,2.350009367356856,2.067992745973212,135.0,106.0,0.5238094988662143,0.5192307492603558,0.5021949055245387,0.4978050944754613,-0.106386498211303,0.0244323168566098,-0.0341116649725184,0.0341116649725184,0.0,0.0263869000941866,-10.638649821130308,2.443231685660985,-3.4111664972518496,3.4111664972518496,,,,,,,,,,,,,,,,,,,,,,,,,89.0,68.0,Loss,-1.0,-0.0065967250235466,NCAAM,AWAY,0.02_to_0.0299,3_to_5pp,2.5_to_5pct,0.50_to_0.60,minus_109_to_minus_101,10.0_to_11.9,UNBUCKETED,SUN,JAN
Basketball,NCAAM,NCAAM_2026_01_25_Hawaii_Rainbow_Warriors_Cal_State_Northridge_Matadors,2026_01_25,12:00 PM,Hawaii Rainbow Warriors,Cal State Northridge Matadors,0.837,0.163,73.0,82.6,155.6,157.5,,,,,,,,,,,,,,,,,,,,,,,,,,,,,under,157.5,-110.0,0.035917576593113,0.0395093303014912,0.5426234666619417,4.262346666194173,0.0098773325753728,total,ncaam,,,,,,,,,,,,,,,,,,,,,,,,,,,,,-110.0,-110.0,1.909091,1.909091,0.4573765333380583,0.5426234666619417,2.186382394176912,1.8428985501709,2.25197386600222,1.898185506676027,0.5238094988662143,0.5238094988662143,0.5,0.5,-0.1268265765931129,0.035917576593113,-0.0426234666619417,0.0426234666619417,0.0,0.0395093303014912,-12.682657659311293,3.591757659311301,-4.262346666194173,4.262346666194173,89.0,68.0,Win,0.9090909090909092,0.0089793932503389,NCAAM,UNDER,0.03_to_0.0399,3_to_5pp,2.5_to_5pct,0.50_to_0.60,minus_124_to_minus_110,UNBUCKETED,155_to_159.9,SUN,JAN
Basketball,NCAAM,NCAAM_2026_01_27_Bowling_Green_Falcons_Buffalo_Bulls,2026_01_27,12:00 PM,Bowling Green Falcons,Buffalo Bulls,0.753,0.247,71.9,79.2,151.1,150.0,,,,,,,,,,,,,,,,,,,,,,,,,,,,,away,8.0,-105.0,0.0246771508024459,0.0259110070470178,0.5248346254150424,2.8245263097928355,0.0064777517617544,spread,ncaam,-8.0,8.0,-108.0,-105.0,1.925926,1.952381,0.4751653745849575,0.5248346254150424,2.104530450842445,1.9053620923146863,2.3149834959266897,2.095898301546155,131.0,109.0,0.5192307492603558,0.5121951094586559,0.5034106376828859,0.4965893623171141,-0.0848666507870911,0.0246771508024459,-0.0282452630979283,0.0282452630979283,0.0,0.0259110070470178,-8.48666507870911,2.4677150802445924,-2.8245263097928355,2.8245263097928355,,,,,,,,,,,,,,,,,,,,,,,,,78.0,89.0,Win,0.9523809523809524,0.006169287392147,NCAAM,AWAY,0.02_to_0.0299,2_to_3pp,2.5_to_5pct,0.50_to_0.60,minus_109_to_minus_101,8.0_to_8.9,UNBUCKETED,TUE,JAN
Basketball,NCAAM,NCAAM_2026_01_27_NC_State_Wolfpack_Syracuse_Orange,2026_01_27,12:00 PM,NC State Wolfpack,Syracuse Orange,0.817,0.183,70.1,79.2,149.3,151.0,,,,,,,,,,,,,,,,,,,,,,,,,,,,,away,11.0,-110.0,0.082706338416955,0.0909769631609542,0.567131864545459,6.152648918601066,0.0227442407902385,spread,ncaam,-11.0,11.0,-105.0,-110.0,1.952381,1.909091,0.4328681354545409,0.567131864545459,2.31017235525995,1.7632583575628802,2.541189590785945,1.9395841933191684,154.0,-106.0,0.5121951094586559,0.5238094988662143,0.4943946246405516,0.5056053753594484,-0.154876476833128,0.082706338416955,-0.0615264891860107,0.0615264891860106,0.0,0.0909769631609542,-15.4876476833128,8.270633841695506,-6.152648918601073,6.152648918601066,,,,,,,,,,,,,,,,,,,,,,,,,88.0,68.0,Loss,-1.0,-0.0227442407902385,NCAAM,AWAY,0.075_to_0.0999,5_to_7pp,5_to_10pct,0.50_to_0.60,minus_124_to_minus_110,10.0_to_11.9,UNBUCKETED,TUE,JAN
Basketball,NCAAM,NCAAM_2026_01_27_Southeastern_Louisiana_Lions_McNeese_State_Cowboys,2026_01_27,12:00 PM,Southeastern Louisiana Lions,McNeese State Cowboys,0.099,0.901,75.4,61.6,137.0,139.0,,,,,,,,,,,,,,,,,,,,,,,,,,,,,away,-12.0,-110.0,0.0760201219006786,0.0836221257285338,0.5636295608227573,6.362956082275728,0.0209055314321334,spread,ncaam,12.0,-12.0,-110.0,-110.0,1.909091,1.909091,0.4363704391772427,0.5636295608227573,2.291630940641754,1.774214962288798,2.5207940347059297,1.951636458517678,152.0,-105.0,0.5238094988662143,0.5238094988662143,0.5,0.5,-0.1669291219006784,0.0760201219006786,-0.0636295608227572,0.0636295608227572,0.0,0.0836221257285338,-16.692912190067844,7.602012190067864,-6.362956082275728,6.362956082275728,,,,,,,,,,,,,,,,,,,,,,,,,66.0,76.0,Loss,-1.0,-0.0209055314321334,NCAAM,AWAY,0.075_to_0.0999,5_to_7pp,5_to_10pct,0.50_to_0.60,minus_124_to_minus_110,12.0_to_14.9,UNBUCKETED,TUE,JAN
Basketball,NCAAM,NCAAM_2026_01_27_VCU_Rams_Richmond_Spiders,2026_01_27,12:00 PM,VCU Rams,Richmond Spiders,0.884,0.116,72.0,83.2,155.2,154.5,,,,,,,,,,,,,,,,,,,,,,,,,,,,,away,13.0,-110.0,0.0760201219006779,0.0836221257285331,0.563629560822757,6.362956082275694,0.0209055314321332,spread,ncaam,-13.0,13.0,-110.0,-110.0,1.909091,1.909091,0.436370439177243,0.563629560822757,2.291630940641752,1.7742149622887988,2.5207940347059274,1.9516364585176789,152.0,-105.0,0.5238094988662143,0.5238094988662143,0.5,0.5,-0.166929121900678,0.0760201219006779,-0.063629560822757,0.0636295608227569,0.0,0.0836221257285331,-16.692912190067798,7.602012190067797,-6.3629560822757005,6.362956082275694,,,,,,,,,,,,,,,,,,,,,,,,,77.0,69.0,Win,0.9090909090909092,0.0190050285746665,NCAAM,AWAY,0.075_to_0.0999,5_to_7pp,5_to_10pct,0.50_to_0.60,minus_124_to_minus_110,12.0_to_14.9,UNBUCKETED,TUE,JAN
Basketball,NCAAM,NCAAM_2026_01_27_Alabama_Crimson_Tide_Missouri_Tigers,2026_01_27,12:00 PM,Alabama Crimson Tide,Missouri Tigers,0.838,0.162,79.6,89.4,169.0,166.5,,,,,,,,,,,,,,,,,,,,,,,,,,,,,away,10.5,-105.0,0.024677150802445,0.0259110070470169,0.524834625415042,2.4834625415042,0.0064777517617542,spread,ncaam,-10.5,10.5,-105.0,-105.0,1.952381,1.952381,0.475165374584958,0.524834625415042,2.104530450842443,1.905362092314688,2.3149834959266875,2.095898301546157,131.0,109.0,0.5121951094586559,0.5121951094586559,0.5,0.5,-0.0722961508024451,0.024677150802445,-0.024834625415042,0.024834625415042,0.0,0.0259110070470169,-7.229615080244511,2.467715080244504,-2.4834625415042,2.4834625415042,,,,,,,,,,,,,,,,,,,,,,,,,90.0,64.0,Loss,-1.0,-0.0064777517617542,NCAAM,AWAY,0.02_to_0.0299,2_to_3pp,2.5_to_5pct,0.50_to_0.60,minus_109_to_minus_101,10.0_to_11.9,UNBUCKETED,TUE,JAN
Basketball,NCAAM,NCAAM_2026_01_27_Illinois_Chicago_Indiana_State_Sycamores,2026_01_27,12:00 PM,Illinois Chicago,Indiana State Sycamores,0.707,0.293,71.5,76.9,148.4,147.0,,,,,,,,,,,,,,,,,,,,,,,,,,,,,away,6.0,-105.0,0.017757614447138,0.0186454942372203,0.5212904727341324,2.4701110417018333,0.004661373559305,spread,ncaam,-6.0,6.0,-108.0,-105.0,1.925926,1.952381,0.4787095272658676,0.5212904727341324,2.088949442288029,1.918316279127584,2.297844386516832,2.110147907040342,129.0,111.0,0.5192307492603558,0.5121951094586559,0.5034106376828859,0.4965893623171141,-0.0780408749909566,0.017757614447138,-0.0247011104170182,0.0247011104170183,0.0,0.0186454942372203,-7.804087499095669,1.775761444713808,-2.470111041701828,2.4701110417018333,,,,,,,,,,,,,,,,,,,,,,,,,76.0,74.0,Win,0.9523809523809524,0.0044394033898142,NCAAM,AWAY,0.01_to_0.0199,2_to_3pp,0.0_to_2.5pct,0.50_to_0.60,minus_109_to_minus_101,6.0_to_6.9,UNBUCKETED,TUE,JAN
Basketball,NCAAM,NCAAM_2026_01_27_Saint_Louis_Billikens_George_Washington_Colonials,2026_01_27,12:00 PM,Saint Louis Billikens,George Washington Colonials,0.829,0.171,77.2,86.7,163.9,167.0,,,,,,,,,,,,,,,,,,,,,,,,,,,,,away,11.0,-108.0,0.0652176542398279,0.0704350609442093,0.5530937607363045,5.309376073630445,0.0176087652360523,spread,ncaam,-11.0,11.0,-108.0,-108.0,1.925926,1.925926,0.4469062392636955,0.5530937607363045,2.237605815590221,1.8080117169804133,2.461366397149243,1.9888128886784555,146.0,-101.0,0.5192307492603558,0.5192307492603558,0.5,0.5,-0.139291654239828,0.0652176542398279,-0.0530937607363045,0.0530937607363044,0.0,0.0704350609442093,-13.929165423982804,6.521765423982795,-5.3093760736304505,5.309376073630445,,,,,,,,,,,,,,,,,,,,,,,,,79.0,76.0,Win,0.925925925925926,0.0163044122556039,NCAAM,AWAY,0.05_to_0.0749,5_to_7pp,5_to_10pct,0.50_to_0.60,minus_109_to_minus_101,10.0_to_11.9,UNBUCKETED,TUE,JAN
Basketball,NCAAM,NCAAM_2026_01_27_Virginia_Tech_Hokies_Georgia_Tech_Yellow_Jackets,2026_01_27,12:00 PM,Virginia Tech Hokies,Georgia Tech Yellow Jackets,0.797,0.203,72.1,80.4,152.5,155.0,,,,,,,,,,,,,,,,,,,,,,,,,,,,,away,10.0,-110.0,0.0693243681991266,0.0762567973933596,0.5601222614318158,6.012226143181576,0.0190641993483399,spread,ncaam,-10.0,10.0,-110.0,-110.0,1.909091,1.909091,0.4398777385681842,0.5601222614318158,2.273358963913544,1.7853245065528092,2.500694860304898,1.9638569572080904,150.0,-103.0,0.5238094988662143,0.5238094988662143,0.5,0.5,-0.1602333681991266,0.0693243681991266,-0.0601222614318158,0.0601222614318157,0.0,0.0762567973933596,-16.023336819912657,6.9324368199126685,-6.012226143181581,6.012226143181576,,,,,,,,,,,,,,,,,,,,,,,,,71.0,65.0,Win,0.9090909090909092,0.0173310903166726,NCAAM,AWAY,0.05_to_0.0749,5_to_7pp,5_to_10pct,0.50_to_0.60,minus_124_to_minus_110,10.0_to_11.9,UNBUCKETED,TUE,JAN
Basketball,NCAAM,NCAAM_2026_01_27_Vanderbilt_Commodores_Kentucky_Wildcats,2026_01_27,12:00 PM,Vanderbilt Commodores,Kentucky Wildcats,0.661,0.339,79.1,83.7,162.8,154.0,,,,,,,,,,,,,,,,,,,,,,,,,,,,,away,6.5,-110.0,0.082706338416955,0.0909769631609542,0.567131864545459,6.713186454545905,0.0227442407902385,spread,ncaam,-6.5,6.5,-110.0,-110.0,1.909091,1.909091,0.4328681354545409,0.567131864545459,2.31017235525995,1.7632583575628802,2.541189590785945,1.9395841933191684,154.0,-106.0,0.5238094988662143,0.5238094988662143,0.5,0.5,-0.1736153384169549,0.082706338416955,-0.0671318645454591,0.067131864545459,0.0,0.0909769631609542,-17.361533841695497,8.270633841695506,-6.713186454545911,6.713186454545905,,,,,,,,,,,,,,,,,,,,,,,,,80.0,55.0,Loss,-1.0,-0.0227442407902385,NCAAM,AWAY,0.075_to_0.0999,5_to_7pp,5_to_10pct,0.50_to_0.60,minus_124_to_minus_110,6.0_to_6.9,UNBUCKETED,TUE,JAN
Basketball,NCAAM,NCAAM_2026_01_27_Lamar_Cardinals_Texas_AM_Commerce_Lions,2026_01_27,12:00 PM,Lamar Cardinals,Texas AM Commerce Lions,0.743,0.257,65.1,72.2,137.3,139.5,,,,,,,,,,,,,,,,,,,,,,,,,,,,,under,139.5,-110.0,0.0487046193787867,0.0535750759591578,0.5493214411354863,4.932144113548631,0.0133937689897894,total,ncaam,,,,,,,,,,,,,,,,,,,,,,,,,,,,,-110.0,-110.0,1.909091,1.909091,0.4506785588645137,0.5493214411354863,2.2188763595044407,1.8204277588963744,2.285442650289574,1.8750405916632653,0.5238094988662143,0.5238094988662143,0.5,0.5,-0.1396136193787867,0.0487046193787867,-0.0493214411354863,0.0493214411354863,0.0,0.0535750759591578,-13.961361937878667,4.870461937878678,-4.932144113548631,4.932144113548631,82.0,61.0,Loss,-1.0,-0.0133937689897894,NCAAM,UNDER,0.04_to_0.0499,3_to_5pp,5_to_10pct,0.50_to_0.60,minus_124_to_minus_110,UNBUCKETED,135_to_139.9,TUE,JAN
Basketball,NCAAM,NCAAM_2026_01_27_NC_State_Wolfpack_Syracuse_Orange,2026_01_27,12:00 PM,NC State Wolfpack,Syracuse Orange,0.817,0.183,70.1,79.2,149.3,151.0,,,,,,,,,,,,,,,,,,,,,,,,,,,,,under,151.0,-110.0,0.0273797938946191,0.0301177702723042,0.5381512949852151,3.815129498521508,0.007529442568076,total,ncaam,,,,,,,,,,,,,,,,,,,,,,,,,,,,,-110.0,-110.0,1.909091,1.909091,0.4618487050147849,0.5381512949852151,2.165211224242769,1.858213497428216,2.230167560970052,1.9139599023510625,0.5238094988662143,0.5238094988662143,0.5,0.5,-0.1182887938946192,0.0273797938946191,-0.038151294985215,0.038151294985215,0.0,0.0301177702723042,-11.82887938946192,2.73797938946192,-3.815129498521508,3.815129498521508,88.0,68.0,Loss,-1.0,-0.007529442568076,NCAAM,UNDER,0.02_to_0.0299,3_to_5pp,2.5_to_5pct,0.50_to_0.60,minus_124_to_minus_110,UNBUCKETED,150_to_154.9,TUE,JAN
Basketball,NCAAM,NCAAM_2026_01_27_UNLV_Rebels_New_Mexico_Lobos,2026_01_27,12:00 PM,UNLV Rebels,New Mexico Lobos,0.331,0.669,80.1,74.1,154.2,155.5,,,,,,,,,,,,,,,,,,,,,,,,,,,,,under,155.5,-105.0,0.0331864141622946,0.0348457331281228,0.5291930284930527,3.370875173748944,0.0087114332820307,total,ncaam,,,,,,,,,,,,,,,,,,,,,,,,,,,,,-109.0,-105.0,1.917431,1.952381,0.4708069715069473,0.5291930284930527,2.124012728187148,1.889669640674656,2.1877331100327626,1.946359729894896,0.5215311528811206,0.5121951094586559,0.5045157232444367,0.4954842767555633,-0.0972601178164624,0.0331864141622946,-0.0337087517374894,0.0337087517374894,0.0,0.0348457331281228,-9.72601178164625,3.318641416229462,-3.370875173748944,3.370875173748944,61.0,89.0,Win,0.9523809523809524,0.0082966031257435,NCAAM,UNDER,0.03_to_0.0399,3_to_5pp,2.5_to_5pct,0.50_to_0.60,minus_109_to_minus_101,UNBUCKETED,155_to_159.9,TUE,JAN
Basketball,NCAAM,NCAAM_2026_01_28_Auburn_Tigers_Texas_Longhorns,2026_01_28,12:00 PM,Auburn Tigers,Texas Longhorns,0.69,0.31,76.2,81.2,157.4,154.5,,,,,,,,,,,,,,,,,,,,,,,,,,,,,away,7.0,-114.0,0.0711805819004116,0.0811458617435521,0.5706289027821922,5.725278793313516,0.020286465435888,spread,ncaam,-7.0,7.0,-102.0,-114.0,1.980392,1.877193,0.4293710972178077,0.5706289027821922,2.328987690321243,1.752452417191524,2.561886459353368,1.927697658910677,156.0,-107.0,0.504950535045587,0.5327102753952311,0.4866238851509429,0.5133761148490571,-0.1496769140386313,0.0711805819004116,-0.0572527879331352,0.0572527879331351,0.0,0.0811458617435521,-14.967691403863135,7.1180581900411655,-5.725278793313521,5.725278793313516,,,,,,,,,,,,,,,,,,,,,,,,,88.0,82.0,Win,0.8771929824561404,0.0177951451192,NCAAM,AWAY,0.05_to_0.0749,5_to_7pp,5_to_10pct,0.50_to_0.60,minus_124_to_minus_110,7.0_to_7.9,UNBUCKETED,WED,JAN
Basketball,NCAAM,NCAAM_2026_01_28_Colgate_Raiders_Holy_Cross_Crusaders,2026_01_28,12:00 PM,Colgate Raiders,Holy Cross Crusaders,0.834,0.166,65.5,75.1,140.6,145.0,,,,,,,,,,,,,,,,,,,,,,,,,,,,,away,11.5,-115.0,0.0602898843389319,0.0693333843231178,0.5671318645454595,5.629759320829253,0.0173333460807794,spread,ncaam,-11.5,11.5,-105.0,-115.0,1.952381,1.869565,0.4328681354545405,0.5671318645454595,2.3101723552599527,1.7632583575628789,2.5411895907859483,1.9395841933191669,154.0,-106.0,0.5121951094586559,0.5348837831260214,0.489165728662833,0.510834271337167,-0.1548764768331287,0.0602898843389319,-0.0562975932082924,0.0562975932082925,0.0,0.0693333843231178,-15.487647683312876,6.02898843389319,-5.629759320829248,5.629759320829253,,,,,,,,,,,,,,,,,,,,,,,,,79.0,74.0,Win,0.8695652173913042,0.0150724748528516,NCAAM,AWAY,0.05_to_0.0749,5_to_7pp,5_to_10pct,0.50_to_0.60,minus_124_to_minus_110,10.0_to_11.9,UNBUCKETED,WED,JAN
Basketball,NCAAM,NCAAM_2026_01_28_Iowa_Hawkeyes_USC_Trojans,2026_01_28,12:00 PM,Iowa Hawkeyes,USC Trojans,0.812,0.188,67.3,76.2,143.5,141.0,,,,,,,,,,,,,,,,,,,,,,,,,,,,,away,9.5,-105.0,0.017757614447138,0.0186454942372203,0.5212904727341324,2.689584809358081,0.004661373559305,spread,ncaam,-9.5,9.5,-110.0,-105.0,1.909091,1.952381,0.4787095272658676,0.5212904727341324,2.088949442288029,1.918316279127584,2.297844386516832,2.110147907040342,129.0,111.0,0.5238094988662143,0.5121951094586559,0.5056053753594484,0.4943946246405516,-0.0860999498824776,0.017757614447138,-0.0268958480935808,0.0268958480935808,0.0,0.0186454942372203,-8.60999498824776,1.775761444713808,-2.689584809358081,2.689584809358081,,,,,,,,,,,,,,,,,,,,,,,,,73.0,72.0,Win,0.9523809523809524,0.0044394033898142,NCAAM,AWAY,0.01_to_0.0199,2_to_3pp,0.0_to_2.5pct,0.50_to_0.60,minus_109_to_minus_101,9.0_to_9.9,UNBUCKETED,WED,JAN
Basketball,NCAAM,NCAAM_2026_01_28_Queens_Royals_Central_Arkansas_Bears,2026_01_28,12:00 PM,Queens Royals,Central Arkansas Bears,0.687,0.313,76.3,81.4,157.7,157.5,,,,,,,,,,,,,,,,,,,,,,,,,,,,,away,6.0,-110.0,0.0154774982113023,0.0170252463299079,0.5319167594479793,3.1916759447979337,0.0042563115824769,spread,ncaam,-6.0,6.0,-110.0,-110.0,1.909091,1.909091,0.4680832405520206,0.5319167594479793,2.1363721521425942,1.879993405430194,2.350009367356854,2.0679927459732137,135.0,106.0,0.5238094988662143,0.5238094988662143,0.5,0.5,-0.1063864982113024,0.0154774982113023,-0.0319167594479793,0.0319167594479793,0.0,0.0170252463299079,-10.638649821130242,1.5477498211302398,-3.1916759447979395,3.1916759447979337,,,,,,,,,,,,,,,,,,,,,,,,,90.0,100.0,Win,0.9090909090909092,0.003869374165888,NCAAM,AWAY,0.01_to_0.0199,3_to_5pp,0.0_to_2.5pct,0.50_to_0.60,minus_124_to_minus_110,6.0_to_6.9,UNBUCKETED,WED,JAN
Basketball,NCAAM,NCAAM_2026_01_28_St_Johns_Red_Storm_Butler_Bulldogs,2026_01_28,12:00 PM,St. Johns Red Storm,Butler Bulldogs,0.836,0.164,74.5,84.2,158.7,158.5,,,,,,,,,,,,,,,,,,,,,,,,,,,,,away,11.5,-110.0,0.0760201219006779,0.0836221257285331,0.563629560822757,6.362956082275694,0.0209055314321332,spread,ncaam,-11.5,11.5,-110.0,-110.0,1.909091,1.909091,0.436370439177243,0.563629560822757,2.291630940641752,1.7742149622887988,2.5207940347059274,1.9516364585176789,152.0,-105.0,0.5238094988662143,0.5238094988662143,0.5,0.5,-0.166929121900678,0.0760201219006779,-0.063629560822757,0.0636295608227569,0.0,0.0836221257285331,-16.692912190067798,7.602012190067797,-6.3629560822757005,6.362956082275694,,,,,,,,,,,,,,,,,,,,,,,,,92.0,70.0,Loss,-1.0,-0.0209055314321332,NCAAM,AWAY,0.075_to_0.0999,5_to_7pp,5_to_10pct,0.50_to_0.60,minus_124_to_minus_110,10.0_to_11.9,UNBUCKETED,WED,JAN
Basketball,NCAAM,NCAAM_2026_01_28_Miami_Hurricanes_Stanford_Cardinal,2026_01_28,12:00 PM,Miami Hurricanes,Stanford Cardinal,0.771,0.229,70.1,77.8,147.9,147.5,,,,,,,,,,,,,,,,,,,,,,,,,,,,,away,9.0,-107.0,0.0563740450409728,0.0603202565443616,0.5460485433993509,4.716925170046704,0.0150800641360904,spread,ncaam,-9.0,9.0,-108.0,-107.0,1.925926,1.934579,0.453951456600649,0.5460485433993509,2.2028787119406066,1.8313390120494344,2.423166583134668,2.014472913254378,142.0,101.0,0.5192307492603558,0.516908329926046,0.5011207083011161,0.4988792916988839,-0.1257230869949385,0.0563740450409728,-0.047169251700467,0.047169251700467,0.0,0.0603202565443616,-12.57230869949385,5.637404504097288,-4.71692517004671,4.716925170046704,,,,,,,,,,,,,,,,,,,,,,,,,79.0,70.0,Push,0.0,0.0,NCAAM,AWAY,0.05_to_0.0749,3_to_5pp,5_to_10pct,0.50_to_0.60,minus_109_to_minus_101,9.0_to_9.9,UNBUCKETED,WED,JAN
Basketball,NCAAM,NCAAM_2026_01_28_Loyola_Marymount_Lions_Oregon_State_Beavers,2026_01_28,12:00 PM,Loyola Marymount Lions,Oregon State Beavers,0.662,0.338,67.6,72.1,139.7,141.5,,,,,,,,,,,,,,,,,,,,,,,,,,,,,away,6.0,-105.0,0.0798497496801067,0.0838422329720005,0.5530937607363045,5.869913609575283,0.0209605582430001,spread,ncaam,-6.0,6.0,-110.0,-105.0,1.909091,1.952381,0.4469062392636955,0.5530937607363045,2.237605815590221,1.8080117169804133,2.461366397149243,1.9888128886784555,146.0,-101.0,0.5238094988662143,0.5121951094586559,0.5056053753594484,0.4943946246405516,-0.1468153207778322,0.0798497496801067,-0.0586991360957528,0.0586991360957528,0.0,0.0838422329720005,-14.68153207778322,7.984974968010672,-5.869913609575289,5.869913609575283,,,,,,,,,,,,,,,,,,,,,,,,,69.0,72.0,Win,0.9523809523809524,0.0199624364219048,NCAAM,AWAY,0.075_to_0.0999,5_to_7pp,5_to_10pct,0.50_to_0.60,minus_109_to_minus_101,6.0_to_6.9,UNBUCKETED,WED,JAN
Basketball,NCAAM,NCAAM_2026_01_28_Pacific_Tigers_Portland_Pilots,2026_01_28,12:00 PM,Pacific Tigers,Portland Pilots,0.74,0.26,68.3,75.2,143.5,143.5,,,,,,,,,,,,,,,,,,,,,,,,,,,,,away,8.0,-105.0,0.0523115043385211,0.0549270768090933,0.5389888061492717,4.982307748643872,0.0137317692022733,spread,ncaam,-8.0,8.0,-115.0,-105.0,1.869565,1.952381,0.4610111938507283,0.5389888061492717,2.1691447265026538,1.855326100637148,2.3860591991529194,2.040858710700863,138.0,104.0,0.5348837831260214,0.5121951094586559,0.510834271337167,0.489165728662833,-0.1381096073684631,0.0523115043385211,-0.0498230774864386,0.0498230774864387,0.0,0.0549270768090933,-13.810960736846312,5.231150433852116,-4.982307748643866,4.982307748643872,,,,,,,,,,,,,,,,,,,,,,,,,74.0,51.0,Loss,-1.0,-0.0137317692022733,NCAAM,AWAY,0.05_to_0.0749,3_to_5pp,5_to_10pct,0.50_to_0.60,minus_109_to_minus_101,8.0_to_8.9,UNBUCKETED,WED,JAN
Basketball,NCAAM,NCAAM_2026_01_28_Temple_Owls_Charlotte_49ers,2026_01_28,12:00 PM,Temple Owls,Charlotte 49ers,0.664,0.336,68.3,72.8,141.1,139.5,,,,,,,,,,,,,,,,,,,,,,,,,,,,,over,139.5,-105.0,0.046307067733986,0.0486224186895644,0.5359133630853743,4.151873844482267,0.0121556046723911,total,ncaam,,,,,,,,,,,,,,,,,,,,,,,,,,,,,-105.0,-110.0,1.952381,1.909091,0.5359133630853743,0.4640866369146256,1.8659732503081727,2.154770080535549,1.9219524478174184,2.2194131829516155,0.5121951094586559,0.5238094988662143,0.4943946246405516,0.5056053753594484,0.046307067733986,-0.1140163782460205,0.0415187384448226,-0.0415187384448227,0.0486224186895644,0.0,4.630706773398607,-11.401637824602052,4.151873844482267,-4.151873844482279,76.0,80.0,Win,0.9523809523809524,0.0115767663546581,NCAAM,OVER,0.04_to_0.0499,3_to_5pp,2.5_to_5pct,0.50_to_0.60,minus_109_to_minus_101,UNBUCKETED,135_to_139.9,WED,JAN
Basketball,NCAAM,NCAAM_2026_01_28_Murray_State_Racers_Illinois_State_Redbirds,2026_01_28,12:00 PM,Murray State Racers,Illinois State Redbirds,0.631,0.369,76.5,80.2,156.7,158.5,,,,,,,,,,,,,,,,,,,,,,,,,,,,,under,158.5,-110.0,0.0316499047506015,0.0348148917441726,0.5403880196127904,3.8193114088251656,0.0087037229360431,total,ncaam,,,,,,,,,,,,,,,,,,,,,,,,,,,,,-108.0,-110.0,1.925926,1.909091,0.4596119803872096,0.5403880196127904,2.175748332664282,1.850522150207068,2.2410207826442106,1.90603781471328,0.5192307492603558,0.5238094988662143,0.4978050944754613,0.5021949055245387,-0.114821337060783,0.0316499047506015,-0.0381931140882517,0.0381931140882516,0.0,0.0348148917441726,-11.4821337060783,3.1649904750601587,-3.819311408825171,3.8193114088251656,65.0,70.0,Win,0.9090909090909092,0.0079124753964028,NCAAM,UNDER,0.03_to_0.0399,3_to_5pp,2.5_to_5pct,0.50_to_0.60,minus_124_to_minus_110,UNBUCKETED,155_to_159.9,WED,JAN
Basketball,NCAAM,NCAAM_2026_01_29_USC_Upstate_Spartans_Longwood_Lancers,2026_01_29,12:00 PM,USC Upstate Spartans,Longwood Lancers,0.557,0.443,73.2,74.8,148.0,144.0,-120.0,100.0,1.833333,2.0,2.0,1.8333333333333333,0.5,0.5454545454545454,0.4782608695652174,0.5217391304347826,0.557,0.443,2.2573363431151243,1.795332136445242,2.291196388261851,1.8222621184919203,129.0,-121.0,0.021166481,-0.1139999999999999,0.0352608695652174,-0.0352608695652174,0.025399787359915,0.0,2.116648100000007,-11.4,3.5260869565217456,-3.5260869565217403,home,-120.0,-120.0,0.021166481,0.025399787359915,0.557,3.5260869565217456,0.0063499468399787,moneyline,ncaam,,,,,,,,,,,,,,,,,,,,,,,,,,,,,,,,,,,,,,,,,,,,,,,,,,,,,65.0,60.0,Win,0.8333333333333335,0.0052916223666489,NCAAM,HOME,0.02_to_0.0299,3_to_5pp,2.5_to_5pct,0.50_to_0.60,minus_124_to_minus_110,UNBUCKETED,UNBUCKETED,THU,JAN
Basketball,NCAAM,NCAAM_2026_01_29_LIU_Sharks_Le_Moyne_Dolphins,2026_01_29,12:00 PM,LIU Sharks,Le Moyne Dolphins,0.74,0.26,68.8,75.6,144.4,147.5,,,,,,,,,,,,,,,,,,,,,,,,,,,,,away,8.5,-109.0,0.0739957878594688,0.0806554257044604,0.5601222614318162,6.121202388450819,0.0201638564261151,spread,ncaam,-8.5,8.5,-110.0,-109.0,1.909091,1.917431,0.4398777385681838,0.5601222614318162,2.273358963913546,1.7853245065528076,2.500694860304901,1.9638569572080888,150.0,-103.0,0.5238094988662143,0.5215311528811206,0.501089762452692,0.498910237547308,-0.1602333681991273,0.0739957878594688,-0.0612120238845081,0.0612120238845081,0.0,0.0806554257044604,-16.023336819912736,7.399578785946881,-6.121202388450819,6.121202388450819,,,,,,,,,,,,,,,,,,,,,,,,,83.0,61.0,Loss,-1.0,-0.0201638564261151,NCAAM,AWAY,0.05_to_0.0749,5_to_7pp,5_to_10pct,0.50_to_0.60,minus_109_to_minus_101,8.0_to_8.9,UNBUCKETED,THU,JAN
Basketball,NCAAM,NCAAM_2026_01_29_Troy_Trojans_James_Madison_Dukes,2026_01_29,12:00 PM,Troy Trojans,James Madison Dukes,0.779,0.221,70.9,78.9,149.8,150.0,,,,,,,,,,,,,,,,,,,,,,,,,,,,,away,10.0,-110.0,0.0893825026413581,0.0983207430734197,0.5706289027821922,7.062890278219225,0.0245801857683549,spread,ncaam,-10.0,10.0,-110.0,-110.0,1.909091,1.909091,0.4293710972178077,0.5706289027821922,2.328987690321243,1.752452417191524,2.561886459353368,1.927697658910677,156.0,-107.0,0.5238094988662143,0.5238094988662143,0.5,0.5,-0.1802915026413583,0.0893825026413581,-0.0706289027821923,0.0706289027821922,0.0,0.0983207430734197,-18.02915026413583,8.938250264135817,-7.06289027821923,7.062890278219225,,,,,,,,,,,,,,,,,,,,,,,,,64.0,73.0,Win,0.9090909090909092,0.0223456234257771,NCAAM,AWAY,0.075_to_0.0999,7_to_10pp,5_to_10pct,0.50_to_0.60,minus_124_to_minus_110,10.0_to_11.9,UNBUCKETED,THU,JAN
Basketball,NCAAM,NCAAM_2026_01_29_Vermont_Catamounts_UMBC_Retrievers,2026_01_29,12:00 PM,Vermont Catamounts,UMBC Retrievers,0.764,0.236,66.4,73.9,140.3,141.0,,,,,,,,,,,,,,,,,,,,,,,,,,,,,away,9.0,-110.0,0.0559063207778323,0.0614969467059208,0.5530937607363045,5.309376073630445,0.0153742366764802,spread,ncaam,-9.0,9.0,-110.0,-110.0,1.909091,1.909091,0.4469062392636955,0.5530937607363045,2.237605815590221,1.8080117169804133,2.461366397149243,1.9888128886784555,146.0,-101.0,0.5238094988662143,0.5238094988662143,0.5,0.5,-0.1468153207778322,0.0559063207778323,-0.0530937607363045,0.0530937607363044,0.0,0.0614969467059208,-14.68153207778322,5.590632077783231,-5.3093760736304505,5.309376073630445,,,,,,,,,,,,,,,,,,,,,,,,,64.0,55.0,Push,0.0,0.0,NCAAM,AWAY,0.05_to_0.0749,5_to_7pp,5_to_10pct,0.50_to_0.60,minus_124_to_minus_110,9.0_to_9.9,UNBUCKETED,THU,JAN
Basketball,NCAAM,NCAAM_2026_01_29_Western_Illinois_Leathernecks_Southeast_Missouri_State_Redhawks,2026_01_29,12:00 PM,Western Illinois Leathernecks,Southeast Missouri State Redhawks,0.145,0.855,76.5,64.9,141.4,142.5,,,,,,,,,,,,,,,,,,,,,,,,,,,,,away,-10.0,-110.0,0.062619594665122,0.0688815472434794,0.5566102373669574,5.661023736695736,0.0172203868108698,spread,ncaam,10.0,-10.0,-110.0,-110.0,1.909091,1.909091,0.4433897626330426,0.5566102373669574,2.2553520272131724,1.796589305885742,2.4808872299344897,1.9762482364743164,148.0,-102.0,0.5238094988662143,0.5238094988662143,0.5,0.5,-0.153528594665122,0.062619594665122,-0.0566102373669574,0.0566102373669573,0.0,0.0688815472434794,-15.352859466512204,6.261959466512201,-5.661023736695742,5.661023736695736,,,,,,,,,,,,,,,,,,,,,,,,,74.0,78.0,Loss,-1.0,-0.0172203868108698,NCAAM,AWAY,0.05_to_0.0749,5_to_7pp,5_to_10pct,0.50_to_0.60,minus_124_to_minus_110,10.0_to_11.9,UNBUCKETED,THU,JAN
Basketball,NCAAM,NCAAM_2026_01_29_High_Point_Panthers_Presbyterian_Blue_Hose,2026_01_29,12:00 PM,High Point Panthers,Presbyterian Blue Hose,0.923,0.077,67.9,82.0,149.9,149.5,,,,,,,,,,,,,,,,,,,,,,,,,,,,,away,15.0,-108.0,0.0244323168566098,0.0263869000941866,0.5319167594479798,3.4111664972518496,0.0065967250235466,spread,ncaam,-15.0,15.0,-110.0,-108.0,1.909091,1.925926,0.4680832405520202,0.5319167594479798,2.136372152142596,1.8799934054301928,2.350009367356856,2.067992745973212,135.0,106.0,0.5238094988662143,0.5192307492603558,0.5021949055245387,0.4978050944754613,-0.106386498211303,0.0244323168566098,-0.0341116649725184,0.0341116649725184,0.0,0.0263869000941866,-10.638649821130308,2.443231685660985,-3.4111664972518496,3.4111664972518496,,,,,,,,,,,,,,,,,,,,,,,,,84.0,81.0,Win,0.925925925925926,0.0061080787255061,NCAAM,AWAY,0.02_to_0.0299,3_to_5pp,2.5_to_5pct,0.50_to_0.60,minus_109_to_minus_101,15.0_plus,UNBUCKETED,THU,JAN
Basketball,NCAAM,NCAAM_2026_01_29_Illinois_Fighting_Illini_Washington_Huskies,2026_01_29,12:00 PM,Illinois Fighting Illini,Washington Huskies,0.889,0.111,71.5,83.0,154.5,153.0,,,,,,,,,,,,,,,,,,,,,,,,,,,,,away,13.0,-110.0,0.0559063207778323,0.0614969467059208,0.5530937607363045,5.309376073630445,0.0153742366764802,spread,ncaam,-13.0,13.0,-110.0,-110.0,1.909091,1.909091,0.4469062392636955,0.5530937607363045,2.237605815590221,1.8080117169804133,2.461366397149243,1.9888128886784555,146.0,-101.0,0.5238094988662143,0.5238094988662143,0.5,0.5,-0.1468153207778322,0.0559063207778323,-0.0530937607363045,0.0530937607363044,0.0,0.0614969467059208,-14.68153207778322,5.590632077783231,-5.3093760736304505,5.309376073630445,,,,,,,,,,,,,,,,,,,,,,,,,75.0,66.0,Win,0.9090909090909092,0.0139765787968001,NCAAM,AWAY,0.05_to_0.0749,5_to_7pp,5_to_10pct,0.50_to_0.60,minus_124_to_minus_110,12.0_to_14.9,UNBUCKETED,THU,JAN
Basketball,NCAAM,NCAAM_2026_01_29_East_Tennessee_State_Buccaneers_Western_Carolina_Catamounts,2026_01_29,12:00 PM,East Tennessee State Buccaneers,Western Carolina Catamounts,0.854,0.146,68.5,78.8,147.3,145.5,,,,,,,,,,,,,,,,,,,,,,,,,,,,,over,145.5,-108.0,0.0407473370607829,0.0440071205050759,0.5403880196127904,4.038801961279037,0.0110017801262689,total,ncaam,,,,,,,,,,,,,,,,,,,,,,,,,,,,,-108.0,-108.0,1.925926,1.925926,0.5403880196127904,0.4596119803872096,1.850522150207068,2.175748332664282,1.90603781471328,2.2410207826442106,0.5192307492603558,0.5192307492603558,0.5,0.5,0.0407473370607829,-0.114821337060783,0.0403880196127903,-0.0403880196127904,0.0440071205050759,0.0,4.074733706078293,-11.4821337060783,4.038801961279037,-4.0388019612790425,88.0,90.0,Win,0.925925925925926,0.0101868334502489,NCAAM,OVER,0.04_to_0.0499,3_to_5pp,2.5_to_5pct,0.50_to_0.60,minus_109_to_minus_101,UNBUCKETED,145_to_149.9,THU,JAN
Basketball,NCAAM,NCAAM_2026_01_29_North_Florida_Ospreys_Stetson_Hatters,2026_01_29,12:00 PM,North Florida Ospreys,Stetson Hatters,0.515,0.485,81.5,81.5,163.0,164.5,,,,,,,,,,,,,,,,,,,,,,,,,,,,,under,164.5,-105.0,0.0419355524461741,0.0440323278668664,0.5336742943340332,4.450856567120026,0.0110080819667166,total,ncaam,,,,,,,,,,,,,,,,,,,,,,,,,,,,,-115.0,-105.0,1.869565,1.952381,0.4663257056659667,0.5336742943340332,2.1444239248443,1.873802074817731,2.208756642589629,1.930016137062263,0.5348837831260214,0.5121951094586559,0.510834271337167,0.489165728662833,-0.128173782086607,0.0419355524461741,-0.0445085656712002,0.0445085656712002,0.0,0.0440323278668664,-12.8173782086607,4.19355524461742,-4.450856567120026,4.450856567120026,77.0,84.0,Win,0.9523809523809524,0.0104838875873491,NCAAM,UNDER,0.04_to_0.0499,3_to_5pp,2.5_to_5pct,0.50_to_0.60,minus_109_to_minus_101,UNBUCKETED,160_to_164.9,THU,JAN
Basketball,NCAAM,NCAAM_2026_01_29_Tennessee_State_Tigers_Little_Rock_Trojans,2026_01_29,12:00 PM,Tennessee State Tigers,Little Rock Trojans,0.668,0.332,72.1,76.7,148.8,150.0,,,,,,,,,,,,,,,,,,,,,,,,,,,,,under,150.0,-105.0,0.0288090671443832,0.0302495189891264,0.526950972758075,3.778524409524203,0.0075623797472816,total,ncaam,,,,,,,,,,,,,,,,,,,,,,,,,,,,,-115.0,-105.0,1.869565,1.952381,0.473049027241925,0.526950972758075,2.113945790842064,1.8977097523247264,2.1773641645673254,1.954641044894468,0.5348837831260214,0.5121951094586559,0.510834271337167,0.489165728662833,-0.1156040953844504,0.0288090671443832,-0.0377852440952419,0.037785244095242,0.0,0.0302495189891264,-11.560409538445048,2.880906714438325,-3.7785244095241977,3.778524409524203,70.0,63.0,Win,0.9523809523809524,0.0072022664259824,NCAAM,UNDER,0.02_to_0.0299,3_to_5pp,2.5_to_5pct,0.50_to_0.60,minus_109_to_minus_101,UNBUCKETED,150_to_154.9,THU,JAN
Basketball,NCAAM,NCAAM_2026_01_30_Brown_Bears_Harvard_Crimson,2026_01_30,12:00 PM,Brown Bears,Harvard Crimson,0.407,0.593,69.0,65.1,134.1,132.0,115.0,-135.0,2.15,1.740741,1.7407407407407407,2.15,0.574468085106383,0.4651162790697674,0.552594002855783,0.447405997144217,0.407,0.593,1.6863406408094437,2.4570024570024573,1.7116357504215851,2.493857493857494,-140.0,149.0,-0.1249500000000001,0.032259413,-0.040405997144217,0.040405997144217,0.0,0.0435501923074327,-12.495000000000012,3.225941300000001,-4.040599714421705,4.0405997144217,away,-135.0,-135.0,0.032259413,0.0435501923074327,0.593,4.0405997144217,0.0108875480768581,moneyline,ncaam,,,,,,,,,,,,,,,,,,,,,,,,,,,,,,,,,,,,,,,,,,,,,,,,,,,,,59.0,69.0,Win,0.7407407407407407,0.0080648504273022,NCAAM,AWAY,0.03_to_0.0399,3_to_5pp,2.5_to_5pct,0.50_to_0.60,minus_149_to_minus_125,UNBUCKETED,UNBUCKETED,FRI,JAN
Basketball,NCAAM,NCAAM_2026_01_30_Akron_Zips_Kent_State_Golden_Flashes,2026_01_30,12:00 PM,Akron Zips,Kent State Golden Flashes,0.839,0.161,79.3,89.2,168.5,166.5,,,,,,,,,,,,,,,,,,,,,,,,,,,,,away,11.5,-110.0,0.062619594665122,0.0688815472434794,0.5566102373669574,5.661023736695736,0.0172203868108698,spread,ncaam,-11.5,11.5,-110.0,-110.0,1.909091,1.909091,0.4433897626330426,0.5566102373669574,2.2553520272131724,1.796589305885742,2.4808872299344897,1.9762482364743164,148.0,-102.0,0.5238094988662143,0.5238094988662143,0.5,0.5,-0.153528594665122,0.062619594665122,-0.0566102373669574,0.0566102373669573,0.0,0.0688815472434794,-15.352859466512204,6.261959466512201,-5.661023736695742,5.661023736695736,,,,,,,,,,,,,,,,,,,,,,,,,69.0,52.0,Loss,-1.0,-0.0172203868108698,NCAAM,AWAY,0.05_to_0.0749,5_to_7pp,5_to_10pct,0.50_to_0.60,minus_124_to_minus_110,10.0_to_11.9,UNBUCKETED,FRI,JAN
Basketball,NCAAM,NCAAM_2026_01_30_Youngstown_State_Penguins_IU_Indianapolis_Jaguars,2026_01_30,12:00 PM,Youngstown State Penguins,IU Indianapolis Jaguars,0.848,0.152,74.3,84.5,158.8,153.5,,,,,,,,,,,,,,,,,,,,,,,,,,,,,away,11.5,-105.0,0.0660948012105682,0.0693995378011196,0.5460485433993509,5.688281473651796,0.0173498844502799,spread,ncaam,-11.5,11.5,-115.0,-105.0,1.869565,1.952381,0.453951456600649,0.5460485433993509,2.2028787119406066,1.8313390120494344,2.423166583134668,2.014472913254378,142.0,101.0,0.5348837831260214,0.5121951094586559,0.510834271337167,0.489165728662833,-0.1513082450404076,0.0660948012105682,-0.0568828147365179,0.0568828147365179,0.0,0.0693995378011196,-15.130824504040763,6.609480121056821,-5.688281473651796,5.688281473651796,,,,,,,,,,,,,,,,,,,,,,,,,85.0,76.0,Win,0.9523809523809524,0.016523699476457,NCAAM,AWAY,0.05_to_0.0749,5_to_7pp,5_to_10pct,0.50_to_0.60,minus_109_to_minus_101,10.0_to_11.9,UNBUCKETED,FRI,JAN
Basketball,NCAAM,NCAAM_2026_01_30_Canisius_Golden_Griffins_Marist_Red_Foxes,2026_01_30,12:00 PM,Canisius Golden Griffins,Marist Red Foxes,0.167,0.833,69.2,58.4,127.6,128.0,,,,,,,,,,,,,,,,,,,,,,,,,,,,,away,-9.5,-108.0,0.0516490869949388,0.055781009492053,0.5460485433993512,4.824344892388988,0.0139452523730132,spread,ncaam,9.5,-9.5,-110.0,-108.0,1.909091,1.925926,0.4539514566006488,0.5460485433993512,2.202878711940608,1.8313390120494333,2.4231665831346687,2.014472913254377,142.0,101.0,0.5238094988662143,0.5192307492603558,0.5021949055245387,0.4978050944754613,-0.1333653597668107,0.0516490869949388,-0.0482434489238899,0.0482434489238898,0.0,0.055781009492053,-13.336535976681072,5.164908699493886,-4.824344892388993,4.824344892388988,,,,,,,,,,,,,,,,,,,,,,,,,86.0,88.0,Loss,-1.0,-0.0139452523730132,NCAAM,AWAY,0.05_to_0.0749,3_to_5pp,5_to_10pct,0.50_to_0.60,minus_109_to_minus_101,9.0_to_9.9,UNBUCKETED,FRI,JAN
Basketball,NCAAM,NCAAM_2026_01_30_Wisconsin_Green_Bay_Phoenix_Cleveland_State_Vikings,2026_01_30,12:00 PM,Wisconsin Green Bay Phoenix,Cleveland State Vikings,0.75,0.25,71.6,78.7,150.3,150.5,,,,,,,,,,,,,,,,,,,,,,,,,,,,,away,8.0,-110.0,0.0154774982113023,0.0170252463299079,0.5319167594479793,3.1916759447979337,0.0042563115824769,spread,ncaam,-8.0,8.0,-110.0,-110.0,1.909091,1.909091,0.4680832405520206,0.5319167594479793,2.1363721521425942,1.879993405430194,2.350009367356854,2.0679927459732137,135.0,106.0,0.5238094988662143,0.5238094988662143,0.5,0.5,-0.1063864982113024,0.0154774982113023,-0.0319167594479793,0.0319167594479793,0.0,0.0170252463299079,-10.638649821130242,1.5477498211302398,-3.1916759447979395,3.1916759447979337,,,,,,,,,,,,,,,,,,,,,,,,,82.0,89.0,Win,0.9090909090909092,0.003869374165888,NCAAM,AWAY,0.01_to_0.0199,3_to_5pp,0.0_to_2.5pct,0.50_to_0.60,minus_124_to_minus_110,8.0_to_8.9,UNBUCKETED,FRI,JAN
Basketball,NCAAM,NCAAM_2026_01_30_VCU_Rams_Loyola_Chicago_Ramblers,2026_01_30,12:00 PM,VCU Rams,Loyola Chicago Ramblers,0.957,0.043,65.8,83.4,149.2,150.0,,,,,,,,,,,,,,,,,,,,,,,,,,,,,away,18.5,-108.0,0.0244323168566089,0.0263869000941857,0.5319167594479793,3.0796051146863235,0.0065967250235464,spread,ncaam,-18.5,18.5,-107.0,-108.0,1.934579,1.925926,0.4680832405520206,0.5319167594479793,2.1363721521425942,1.879993405430194,2.350009367356854,2.0679927459732137,135.0,106.0,0.516908329926046,0.5192307492603558,0.4988792916988839,0.5011207083011161,-0.0944559925761124,0.0244323168566089,-0.0307960511468632,0.0307960511468632,0.0,0.0263869000941857,-9.445599257611248,2.443231685660896,-3.079605114686329,3.0796051146863235,,,,,,,,,,,,,,,,,,,,,,,,,89.0,75.0,Win,0.925925925925926,0.0061080787255059,NCAAM,AWAY,0.02_to_0.0299,3_to_5pp,2.5_to_5pct,0.50_to_0.60,minus_109_to_minus_101,15.0_plus,UNBUCKETED,FRI,JAN
Basketball,NCAAM,NCAAM_2026_02_02_UT_Rio_Grande_Valley_Vaqueros_Houston_Christian_Huskies,2026_02_02,12:00 PM,UT Rio Grande Valley Vaqueros,Houston Christian Huskies,0.783,0.217,65.0,73.0,138.0,140.5,,,,,,,,,,,,,,,,,,,,,,,,,,,,,away,9.5,-105.0,0.0798497496801067,0.0838422329720005,0.5530937607363045,5.869913609575283,0.0209605582430001,spread,ncaam,-9.5,9.5,-110.0,-105.0,1.909091,1.952381,0.4469062392636955,0.5530937607363045,2.237605815590221,1.8080117169804133,2.461366397149243,1.9888128886784555,146.0,-101.0,0.5238094988662143,0.5121951094586559,0.5056053753594484,0.4943946246405516,-0.1468153207778322,0.0798497496801067,-0.0586991360957528,0.0586991360957528,0.0,0.0838422329720005,-14.68153207778322,7.984974968010672,-5.869913609575289,5.869913609575283,,,,,,,,,,,,,,,,,,,,,,,,,74.0,57.0,Loss,-1.0,-0.0209605582430001,NCAAM,AWAY,0.075_to_0.0999,5_to_7pp,5_to_10pct,0.50_to_0.60,minus_109_to_minus_101,9.0_to_9.9,UNBUCKETED,MON,FEB
Basketball,NCAAM,NCAAM_2026_02_02_Portland_State_Vikings_Idaho_State_Bengals,2026_02_02,12:00 PM,Portland State Vikings,Idaho State Bengals,0.706,0.294,67.2,72.7,139.9,135.5,,,,,,,,,,,,,,,,,,,,,,,,,,,,,away,7.5,-110.0,0.0893825026413581,0.0983207430734197,0.5706289027821922,7.062890278219225,0.0245801857683549,spread,ncaam,-7.5,7.5,-110.0,-110.0,1.909091,1.909091,0.4293710972178077,0.5706289027821922,2.328987690321243,1.752452417191524,2.561886459353368,1.927697658910677,156.0,-107.0,0.5238094988662143,0.5238094988662143,0.5,0.5,-0.1802915026413583,0.0893825026413581,-0.0706289027821923,0.0706289027821922,0.0,0.0983207430734197,-18.02915026413583,8.938250264135817,-7.06289027821923,7.062890278219225,,,,,,,,,,,,,,,,,,,,,,,,,88.0,65.0,Loss,-1.0,-0.0245801857683549,NCAAM,AWAY,0.075_to_0.0999,7_to_10pp,5_to_10pct,0.50_to_0.60,minus_124_to_minus_110,7.0_to_7.9,UNBUCKETED,MON,FEB
Basketball,NCAAM,NCAAM_2026_02_02_Texas_AM_Corpus_Christi_Islanders_Incarnate_Word_Cardinals,2026_02_02,12:00 PM,Texas AM Corpus Christi Islanders,Incarnate Word Cardinals,0.662,0.338,65.7,70.3,136.0,138.0,,,,,,,,,,,,,,,,,,,,,,,,,,,,,under,138.0,-110.0,0.0401826754327558,0.0442009385559376,0.5448575659477499,4.485756594774992,0.0110502346389844,total,ncaam,,,,,,,,,,,,,,,,,,,,,,,,,,,,,-110.0,-110.0,1.909091,1.909091,0.4551424340522501,0.5448575659477499,2.1971144089922423,1.835342046247545,2.263027841262009,1.890402307634972,0.5238094988662143,0.5238094988662143,0.5,0.5,-0.1310916754327558,0.0401826754327558,-0.0448575659477499,0.0448575659477499,0.0,0.0442009385559376,-13.10916754327558,4.018267543275589,-4.485756594774992,4.485756594774992,69.0,71.0,Loss,-1.0,-0.0110502346389844,NCAAM,UNDER,0.04_to_0.0499,3_to_5pp,2.5_to_5pct,0.50_to_0.60,minus_124_to_minus_110,UNBUCKETED,135_to_139.9,MON,FEB
Basketball,NCAAM,NCAAM_2026_02_03_Fordham_Rams_VCU_Rams,2026_02_03,12:00 PM,Fordham Rams,VCU Rams,0.216,0.784,77.7,68.6,146.3,146.5,,,,,,,,,,,,,,,,,,,,,,,,,,,,,away,-7.5,-110.0,0.0626195946651229,0.0688815472434804,0.5566102373669578,5.100486200750942,0.0172203868108701,spread,ncaam,7.5,-7.5,-105.0,-110.0,1.952381,1.909091,0.4433897626330422,0.5566102373669578,2.255352027213174,1.7965893058857405,2.4808872299344924,1.9762482364743148,148.0,-102.0,0.5121951094586559,0.5238094988662143,0.4943946246405516,0.5056053753594484,-0.1343342518407384,0.0626195946651229,-0.0510048620075094,0.0510048620075094,0.0,0.0688815472434804,-13.433425184073844,6.26195946651229,-5.100486200750942,5.100486200750942,,,,,,,,,,,,,,,,,,,,,,,,,59.0,63.0,Loss,-1.0,-0.0172203868108701,NCAAM,AWAY,0.05_to_0.0749,5_to_7pp,5_to_10pct,0.50_to_0.60,minus_124_to_minus_110,7.0_to_7.9,UNBUCKETED,TUE,FEB
Basketball,NCAAM,NCAAM_2026_02_03_Illinois_State_Redbirds_Southern_Illinois_Salukis,2026_02_03,12:00 PM,Illinois State Redbirds,Southern Illinois Salukis,0.762,0.238,67.7,75.0,142.7,140.0,,,,,,,,,,,,,,,,,,,,,,,,,,,,,away,9.0,-110.0,0.0693243681991275,0.0762567973933604,0.5601222614318162,5.451688607236783,0.0190641993483401,spread,ncaam,-9.0,9.0,-105.0,-110.0,1.952381,1.909091,0.4398777385681838,0.5601222614318162,2.273358963913546,1.7853245065528076,2.500694860304901,1.9638569572080888,150.0,-103.0,0.5121951094586559,0.5238094988662143,0.4943946246405516,0.5056053753594484,-0.1411910608965108,0.0693243681991275,-0.0545168860723678,0.0545168860723678,0.0,0.0762567973933604,-14.11910608965108,6.932436819912757,-5.451688607236783,5.451688607236783,,,,,,,,,,,,,,,,,,,,,,,,,50.0,54.0,Win,0.9090909090909092,0.0173310903166728,NCAAM,AWAY,0.05_to_0.0749,5_to_7pp,5_to_10pct,0.50_to_0.60,minus_124_to_minus_110,9.0_to_9.9,UNBUCKETED,TUE,FEB
Basketball,NCAAM,NCAAM_2026_02_03_UMass_Minutemen_Central_Michigan_Chippewas,2026_02_03,12:00 PM,UMass Minutemen,Central Michigan Chippewas,0.828,0.172,71.3,80.7,152.0,152.0,,,,,,,,,,,,,,,,,,,,,,,,,,,,,away,11.5,-110.0,0.0960481018324903,0.1056529014504493,0.5741204069541422,6.851503159469385,0.0264132253626123,spread,ncaam,-11.5,11.5,-105.0,-110.0,1.952381,1.909091,0.4258795930458577,0.5741204069541422,2.348081514890342,1.74179490554126,2.5828896663793763,1.915974396095386,158.0,-109.0,0.5121951094586559,0.5238094988662143,0.4943946246405516,0.5056053753594484,-0.1685207742495352,0.0960481018324903,-0.0685150315946939,0.0685150315946938,0.0,0.1056529014504493,-16.852077424953528,9.604810183249036,-6.851503159469391,6.851503159469385,,,,,,,,,,,,,,,,,,,,,,,,,95.0,89.0,Win,0.9090909090909092,0.0240120230569202,NCAAM,AWAY,0.075_to_0.0999,5_to_7pp,10_to_20pct,0.50_to_0.60,minus_124_to_minus_110,10.0_to_11.9,UNBUCKETED,TUE,FEB
Basketball,NCAAM,NCAAM_2026_02_03_Murray_State_Racers_Illinois_Chicago,2026_02_03,12:00 PM,Murray State Racers,Illinois Chicago,0.742,0.258,74.3,81.3,155.6,157.0,,,,,,,,,,,,,,,,,,,,,,,,,,,,,home,-6.0,-110.0,0.0222307613842629,0.0244538350773057,0.5354541828463195,3.32592773217808,0.0061134587693264,spread,ncaam,-6.0,6.0,-110.0,-108.0,1.909091,1.925926,0.5354541828463195,0.4645458171536805,1.867573420912111,2.1526401983922745,2.0543307630033225,2.367904218231502,105.0,136.0,0.5238094988662143,0.5192307492603558,0.5021949055245387,0.4978050944754613,0.0222307613842629,-0.1053191325524807,0.0332592773217808,-0.0332592773217808,0.0244538350773057,0.0,2.2230761384262943,-10.531913255248073,3.32592773217808,-3.32592773217808,,,,,,,,,,,,,,,,,,,,,,,,,81.0,74.0,Win,0.9090909090909092,0.0055576897902967,NCAAM,HOME,0.02_to_0.0299,3_to_5pp,0.0_to_2.5pct,0.50_to_0.60,minus_124_to_minus_110,6.0_to_6.9,UNBUCKETED,TUE,FEB
Basketball,NCAAM,NCAAM_2026_02_03_Murray_State_Racers_Illinois_Chicago,2026_02_03,12:00 PM,Murray State Racers,Illinois Chicago,0.742,0.258,74.3,81.3,155.6,157.0,,,,,,,,,,,,,,,,,,,,,,,,,,,,,under,157.0,-105.0,0.0375619552900385,0.0394400510825379,0.5314341592599183,4.226843059708535,0.0098600127706344,total,ncaam,,,,,,,,,,,,,,,,,,,,,,,,,,,,,-115.0,-105.0,1.869565,1.952381,0.4685658407400817,0.5314341592599183,2.134171791995205,1.881700644521256,2.1981969457550616,1.9381516638568936,0.5348837831260214,0.5121951094586559,0.510834271337167,0.489165728662833,-0.1239857039567692,0.0375619552900385,-0.0422684305970852,0.0422684305970853,0.0,0.0394400510825379,-12.398570395676922,3.7561955290038576,-4.226843059708529,4.226843059708535,81.0,74.0,Win,0.9523809523809524,0.0093904883529851,NCAAM,UNDER,0.03_to_0.0399,3_to_5pp,2.5_to_5pct,0.50_to_0.60,minus_109_to_minus_101,UNBUCKETED,155_to_159.9,TUE,FEB
Basketball,NCAAM,NCAAM_2026_02_03_Tennessee_Martin_Skyhawks_Little_Rock_Trojans,2026_02_03,12:00 PM,Tennessee Martin Skyhawks,Little Rock Trojans,0.709,0.291,65.4,71.0,136.4,138.5,,,,,,,,,,,,,,,,,,,,,,,,,,,,,under,138.5,-110.0,0.0444450675242047,0.0488895693876682,0.547090247413143,4.709024741314305,0.012222392346917,total,ncaam,,,,,,,,,,,,,,,,,,,,,,,,,,,,,-110.0,-110.0,1.909091,1.909091,0.4529097525868569,0.547090247413143,2.2079453893151144,1.827851994672528,2.274183750994568,1.8826875545127035,0.5238094988662143,0.5238094988662143,0.5,0.5,-0.1353540675242047,0.0444450675242047,-0.0470902474131431,0.047090247413143,0.0,0.0488895693876682,-13.535406752420476,4.444506752420474,-4.709024741314311,4.709024741314305,55.0,52.0,Win,0.9090909090909092,0.0111112657699245,NCAAM,UNDER,0.04_to_0.0499,3_to_5pp,2.5_to_5pct,0.50_to_0.60,minus_124_to_minus_110,UNBUCKETED,135_to_139.9,TUE,FEB
Basketball,NCAAM,NCAAM_2026_02_04_VMI_Keydets_Wofford_Terriers,2026_02_04,12:00 PM,VMI Keydets,Wofford Terriers,0.203,0.797,80.7,71.3,152.0,148.5,,,,,,,,,,,,,,,,,,,,,,,,,,,,,away,-8.5,-108.0,0.0244323168566098,0.0263869000941866,0.5319167594479798,3.4111664972518496,0.0065967250235466,spread,ncaam,8.5,-8.5,-110.0,-108.0,1.909091,1.925926,0.4680832405520202,0.5319167594479798,2.136372152142596,1.8799934054301928,2.350009367356856,2.067992745973212,135.0,106.0,0.5238094988662143,0.5192307492603558,0.5021949055245387,0.4978050944754613,-0.106386498211303,0.0244323168566098,-0.0341116649725184,0.0341116649725184,0.0,0.0263869000941866,-10.638649821130308,2.443231685660985,-3.4111664972518496,3.4111664972518496,,,,,,,,,,,,,,,,,,,,,,,,,67.0,81.0,Win,0.925925925925926,0.0061080787255061,NCAAM,AWAY,0.02_to_0.0299,3_to_5pp,2.5_to_5pct,0.50_to_0.60,minus_109_to_minus_101,8.0_to_8.9,UNBUCKETED,WED,FEB
Basketball,NCAAM,NCAAM_2026_02_04_American_University_Eagles_Bucknell_Bison,2026_02_04,12:00 PM,American University Eagles,Bucknell Bison,0.734,0.266,66.1,72.7,138.8,141.0,,,,,,,,,,,,,,,,,,,,,,,,,,,,,away,8.5,-110.0,0.082706338416955,0.0909769631609542,0.567131864545459,6.152648918601066,0.0227442407902385,spread,ncaam,-8.5,8.5,-105.0,-110.0,1.952381,1.909091,0.4328681354545409,0.567131864545459,2.31017235525995,1.7632583575628802,2.541189590785945,1.9395841933191684,154.0,-106.0,0.5121951094586559,0.5238094988662143,0.4943946246405516,0.5056053753594484,-0.154876476833128,0.082706338416955,-0.0615264891860107,0.0615264891860106,0.0,0.0909769631609542,-15.4876476833128,8.270633841695506,-6.152648918601073,6.152648918601066,,,,,,,,,,,,,,,,,,,,,,,,,59.0,60.0,Win,0.9090909090909092,0.0206765825365804,NCAAM,AWAY,0.075_to_0.0999,5_to_7pp,5_to_10pct,0.50_to_0.60,minus_124_to_minus_110,8.0_to_8.9,UNBUCKETED,WED,FEB
Basketball,NCAAM,NCAAM_2026_02_04_Delaware_Fightin_Blue_Hens_Liberty_Flames,2026_02_04,12:00 PM,Delaware Fightin Blue Hens,Liberty Flames,0.145,0.855,72.8,61.2,134.0,131.5,,,,,,,,,,,,,,,,,,,,,,,,,,,,,away,-10.0,-108.0,0.0719901280111947,0.0777493320321437,0.5566102373669574,5.435273592355205,0.0194373330080359,spread,ncaam,10.0,-10.0,-106.0,-108.0,1.943396,1.925926,0.4433897626330426,0.5566102373669574,2.2553520272131724,1.796589305885742,2.4808872299344897,1.9762482364743164,148.0,-102.0,0.5145631667452233,0.5192307492603558,0.4977424985565946,0.5022575014434053,-0.1383181088579956,0.0719901280111947,-0.054352735923552,0.054352735923552,0.0,0.0777493320321437,-13.831810885799566,7.199012801119475,-5.4352735923552,5.435273592355205,,,,,,,,,,,,,,,,,,,,,,,,,69.0,75.0,Loss,-1.0,-0.0194373330080359,NCAAM,AWAY,0.05_to_0.0749,5_to_7pp,5_to_10pct,0.50_to_0.60,minus_109_to_minus_101,10.0_to_11.9,UNBUCKETED,WED,FEB
Basketball,NCAAM,NCAAM_2026_02_04_East_Tennessee_State_Buccaneers_Furman_Paladins,2026_02_04,12:00 PM,East Tennessee State Buccaneers,Furman Paladins,0.656,0.344,70.4,74.7,145.1,141.0,,,,,,,,,,,,,,,,,,,,,,,,,,,,,away,6.0,-108.0,0.0787540264703321,0.0850543417836112,0.5601222614318162,6.231716695635492,0.0212635854459028,spread,ncaam,-6.0,6.0,-110.0,-108.0,1.909091,1.925926,0.4398777385681838,0.5601222614318162,2.273358963913546,1.7853245065528076,2.500694860304901,1.9638569572080888,150.0,-103.0,0.5238094988662143,0.5192307492603558,0.5021949055245387,0.4978050944754613,-0.1602333681991273,0.0787540264703321,-0.0623171669563549,0.0623171669563549,0.0,0.0850543417836112,-16.023336819912736,7.875402647033214,-6.231716695635492,6.231716695635492,,,,,,,,,,,,,,,,,,,,,,,,,75.0,71.0,Win,0.925925925925926,0.0196885050425025,NCAAM,AWAY,0.075_to_0.0999,5_to_7pp,5_to_10pct,0.50_to_0.60,minus_109_to_minus_101,6.0_to_6.9,UNBUCKETED,WED,FEB
Basketball,NCAAM,NCAAM_2026_02_04_George_Mason_Patriots_Duquesne_Dukes,2026_02_04,12:00 PM,George Mason Patriots,Duquesne Dukes,0.769,0.231,68.5,76.2,144.7,143.0,,,,,,,,,,,,,,,,,,,,,,,,,,,,,away,8.5,-108.0,0.0176146440093252,0.0190238140081659,0.5283768140672721,3.2706596618414685,0.0047559535020414,spread,ncaam,-8.5,8.5,-112.0,-108.0,1.892857,1.925926,0.4716231859327279,0.5283768140672721,2.1203368066442763,1.8925887233815704,2.332370487308704,2.081847595719728,133.0,108.0,0.5283019266642963,0.5192307492603558,0.5043297825511426,0.4956702174488574,-0.1072847511449345,0.0176146440093252,-0.0327065966184146,0.0327065966184146,0.0,0.0190238140081659,-10.728475114493452,1.761464400932522,-3.2706596618414685,3.2706596618414685,,,,,,,,,,,,,,,,,,,,,,,,,65.0,71.0,Win,0.925925925925926,0.0044036606500383,NCAAM,AWAY,0.01_to_0.0199,3_to_5pp,0.0_to_2.5pct,0.50_to_0.60,minus_109_to_minus_101,8.0_to_8.9,UNBUCKETED,WED,FEB
Basketball,NCAAM,NCAAM_2026_02_04_High_Point_Panthers_Charleston_Southern_Buccaneers,2026_02_04,12:00 PM,High Point Panthers,Charleston Southern Buccaneers,0.909,0.091,75.7,88.6,164.3,162.5,,,,,,,,,,,,,,,,,,,,,,,,,,,,,away,14.5,-110.0,0.0626195946651229,0.0688815472434804,0.5566102373669578,5.66102373669578,0.0172203868108701,spread,ncaam,-14.5,14.5,-110.0,-110.0,1.909091,1.909091,0.4433897626330422,0.5566102373669578,2.255352027213174,1.7965893058857405,2.4808872299344924,1.9762482364743148,148.0,-102.0,0.5238094988662143,0.5238094988662143,0.5,0.5,-0.1535285946651228,0.0626195946651229,-0.0566102373669578,0.0566102373669578,0.0,0.0688815472434804,-15.352859466512282,6.26195946651229,-5.66102373669578,5.66102373669578,,,,,,,,,,,,,,,,,,,,,,,,,80.0,55.0,Loss,-1.0,-0.0172203868108701,NCAAM,AWAY,0.05_to_0.0749,5_to_7pp,5_to_10pct,0.50_to_0.60,minus_124_to_minus_110,12.0_to_14.9,UNBUCKETED,WED,FEB
Basketball,NCAAM,NCAAM_2026_02_04_Northern_Kentucky_Norse_Wisconsin_Green_Bay_Phoenix,2026_02_04,12:00 PM,Northern Kentucky Norse,Wisconsin Green Bay Phoenix,0.756,0.244,72.7,80.0,152.7,149.5,,,,,,,,,,,,,,,,,,,,,,,,,,,,,away,8.0,-104.0,0.0294830614673715,0.0306623986440177,0.5248346254150424,3.160962245040805,0.0076655996610044,spread,ncaam,-8.0,8.0,-110.0,-104.0,1.909091,1.961538,0.4751653745849575,0.5248346254150424,2.104530450842445,1.9053620923146863,2.3149834959266897,2.095898301546155,131.0,109.0,0.5238094988662143,0.5098040415225196,0.5067749970353655,0.4932250029646344,-0.0928660598682288,0.0294830614673715,-0.031609622450408,0.031609622450408,0.0,0.0306623986440177,-9.286605986822885,2.9483061467371563,-3.160962245040805,3.160962245040805,,,,,,,,,,,,,,,,,,,,,,,,,84.0,87.0,Win,0.9615384615384616,0.0073707689048119,NCAAM,AWAY,0.02_to_0.0299,3_to_5pp,2.5_to_5pct,0.50_to_0.60,minus_109_to_minus_101,8.0_to_8.9,UNBUCKETED,WED,FEB
Basketball,NCAAM,NCAAM_2026_02_04_Old_Dominion_Monarchs_Louisiana_Monroe_Warhawks,2026_02_04,12:00 PM,Old Dominion Monarchs,Louisiana Monroe Warhawks,0.912,0.088,68.6,81.7,150.3,151.5,,,,,,,,,,,,,,,,,,,,,,,,,,,,,away,14.5,-109.0,0.0537685077152578,0.058607685717245,0.5495731046985565,5.066286715124846,0.0146519214293112,spread,ncaam,-14.5,14.5,-110.0,-109.0,1.909091,1.917431,0.4504268953014435,0.5495731046985565,2.2201160952672696,1.819594138524128,2.4421277047939967,2.0015535523765404,144.0,100.0,0.5238094988662143,0.5215311528811206,0.501089762452692,0.498910237547308,-0.1400940680220719,0.0537685077152578,-0.0506628671512485,0.0506628671512484,0.0,0.058607685717245,-14.009406802207192,5.376850771525787,-5.066286715124852,5.066286715124846,,,,,,,,,,,,,,,,,,,,,,,,,79.0,85.0,Win,0.9174311926605504,0.0134421297516616,NCAAM,AWAY,0.05_to_0.0749,5_to_7pp,5_to_10pct,0.50_to_0.60,minus_109_to_minus_101,12.0_to_14.9,UNBUCKETED,WED,FEB
Basketball,NCAAM,NCAAM_2026_02_04_Central_Arkansas_Bears_North_Alabama_Lions,2026_02_04,12:00 PM,Central Arkansas Bears,North Alabama Lions,0.826,0.174,69.6,78.8,148.4,147.0,,,,,,,,,,,,,,,,,,,,,,,,,,,,,away,11.0,-110.0,0.0760201219006779,0.0836221257285331,0.563629560822757,6.362956082275694,0.0209055314321332,spread,ncaam,-11.0,11.0,-110.0,-110.0,1.909091,1.909091,0.436370439177243,0.563629560822757,2.291630940641752,1.7742149622887988,2.5207940347059274,1.9516364585176789,152.0,-105.0,0.5238094988662143,0.5238094988662143,0.5,0.5,-0.166929121900678,0.0760201219006779,-0.063629560822757,0.0636295608227569,0.0,0.0836221257285331,-16.692912190067798,7.602012190067797,-6.3629560822757005,6.362956082275694,,,,,,,,,,,,,,,,,,,,,,,,,81.0,60.0,Loss,-1.0,-0.0209055314321332,NCAAM,AWAY,0.075_to_0.0999,5_to_7pp,5_to_10pct,0.50_to_0.60,minus_124_to_minus_110,10.0_to_11.9,UNBUCKETED,WED,FEB
Basketball,NCAAM,NCAAM_2026_02_04_Baylor_Bears_Colorado_Buffaloes,2026_02_04,12:00 PM,Baylor Bears,Colorado Buffaloes,0.7,0.3,75.4,80.7,156.1,160.5,,,,,,,,,,,,,,,,,,,,,,,,,,,,,away,7.0,-110.0,0.0693243681991275,0.0762567973933604,0.5601222614318162,6.119706683823178,0.0190641993483401,spread,ncaam,-7.0,7.0,-111.0,-110.0,1.900901,1.909091,0.4398777385681838,0.5601222614318162,2.273358963913546,1.7853245065528076,2.500694860304901,1.9638569572080888,150.0,-103.0,0.526066323285642,0.5238094988662143,0.5010748054064156,0.4989251945935844,-0.1638359668780008,0.0693243681991275,-0.0611970668382317,0.0611970668382317,0.0,0.0762567973933604,-16.383596687800082,6.932436819912757,-6.119706683823178,6.119706683823178,,,,,,,,,,,,,,,,,,,,,,,,,86.0,67.0,Loss,-1.0,-0.0190641993483401,NCAAM,AWAY,0.05_to_0.0749,5_to_7pp,5_to_10pct,0.50_to_0.60,minus_124_to_minus_110,7.0_to_7.9,UNBUCKETED,WED,FEB
Basketball,NCAAM,NCAAM_2026_02_04_Wisconsin_Milwaukee_Panthers_Detroit_Titans,2026_02_04,12:00 PM,Wisconsin Milwaukee Panthers,Detroit Titans,0.689,0.311,76.5,81.6,158.1,155.5,,,,,,,,,,,,,,,,,,,,,,,,,,,,,away,6.5,-103.0,0.0831393431496636,0.0856335046047825,0.5495731046985569,5.753490332302902,0.0214083761511956,spread,ncaam,-6.5,6.5,-110.0,-103.0,1.909091,1.970874,0.4504268953014431,0.5495731046985569,2.220116095267272,1.819594138524126,2.442127704794,2.001553552376539,144.0,100.0,0.5238094988662143,0.5073891075735942,0.5079617986244722,0.4920382013755279,-0.1400940680220727,0.0831393431496636,-0.0575349033230291,0.057534903323029,0.0,0.0856335046047825,-14.00940680220727,8.313934314966364,-5.753490332302913,5.753490332302902,,,,,,,,,,,,,,,,,,,,,,,,,63.0,76.0,Win,0.970873786407767,0.020784831214753,NCAAM,AWAY,0.075_to_0.0999,5_to_7pp,5_to_10pct,0.50_to_0.60,minus_109_to_minus_101,6.0_to_6.9,UNBUCKETED,WED,FEB
Basketball,NCAAM,NCAAM_2026_02_04_Illinois_Fighting_Illini_Northwestern_Wildcats,2026_02_04,12:00 PM,Illinois Fighting Illini,Northwestern Wildcats,0.93,0.07,67.8,82.5,150.3,149.5,,,,,,,,,,,,,,,,,,,,,,,,,,,,,away,15.5,-108.0,0.0176146440093252,0.0190238140081659,0.5283768140672721,3.057171959181082,0.0047559535020414,spread,ncaam,-15.5,15.5,-110.0,-108.0,1.909091,1.925926,0.4716231859327279,0.5283768140672721,2.1203368066442763,1.8925887233815704,2.332370487308704,2.081847595719728,133.0,108.0,0.5238094988662143,0.5192307492603558,0.5021949055245387,0.4978050944754613,-0.0996284203445024,0.0176146440093252,-0.0305717195918108,0.0305717195918108,0.0,0.0190238140081659,-9.962842034450247,1.761464400932522,-3.057171959181082,3.057171959181082,,,,,,,,,,,,,,,,,,,,,,,,,84.0,44.0,Loss,-1.0,-0.0047559535020414,NCAAM,AWAY,0.01_to_0.0199,3_to_5pp,0.0_to_2.5pct,0.50_to_0.60,minus_109_to_minus_101,15.0_plus,UNBUCKETED,WED,FEB
Basketball,NCAAM,NCAAM_2026_02_04_Saint_Marys_College_Gaels_San_Diego_Toreros,2026_02_04,12:00 PM,Saint Marys College Gaels,San Diego Toreros,0.958,0.042,64.2,81.8,146.0,148.0,,,,,,,,,,,,,,,,,,,,,,,,,,,,,away,19.5,-108.0,0.0922540033565786,0.0996343156543596,0.5671318645454595,6.487436310205419,0.0249085789135899,spread,ncaam,-19.5,19.5,-106.0,-108.0,1.943396,1.925926,0.4328681354545405,0.5671318645454595,2.3101723552599527,1.7632583575628789,2.5411895907859483,1.9395841933191669,154.0,-106.0,0.5145631667452233,0.5192307492603558,0.4977424985565946,0.5022575014434053,-0.1587657970301879,0.0922540033565786,-0.064874363102054,0.0648743631020541,0.0,0.0996343156543596,-15.87657970301879,9.225400335657865,-6.487436310205408,6.487436310205419,,,,,,,,,,,,,,,,,,,,,,,,,87.0,60.0,Loss,-1.0,-0.0249085789135899,NCAAM,AWAY,0.075_to_0.0999,5_to_7pp,5_to_10pct,0.50_to_0.60,minus_109_to_minus_101,15.0_plus,UNBUCKETED,WED,FEB
Basketball,NCAAM,NCAAM_2026_02_04_San_Francisco_Dons_Loyola_Marymount_Lions,2026_02_04,12:00 PM,San Francisco Dons,Loyola Marymount Lions,0.773,0.227,67.5,75.2,142.7,145.0,,,,,,,,,,,,,,,,,,,,,,,,,,,,,away,8.5,-108.0,0.0176146440093252,0.0190238140081659,0.5283768140672721,2.8376814067272105,0.0047559535020414,spread,ncaam,-8.5,8.5,-108.0,-108.0,1.925926,1.925926,0.4716231859327279,0.5283768140672721,2.1203368066442763,1.8925887233815704,2.332370487308704,2.081847595719728,133.0,108.0,0.5192307492603558,0.5192307492603558,0.5,0.5,-0.091688644009325,0.0176146440093252,-0.0283768140672721,0.0283768140672721,0.0,0.0190238140081659,-9.168864400932508,1.761464400932522,-2.8376814067272105,2.8376814067272105,,,,,,,,,,,,,,,,,,,,,,,,,75.0,84.0,Win,0.925925925925926,0.0044036606500383,NCAAM,AWAY,0.01_to_0.0199,2_to_3pp,0.0_to_2.5pct,0.50_to_0.60,minus_109_to_minus_101,8.0_to_8.9,UNBUCKETED,WED,FEB
Basketball,NCAAM,NCAAM_2026_02_04_Purdue_Fort_Wayne_Mastodons_Youngstown_State_Penguins,2026_02_04,12:00 PM,Purdue Fort Wayne Mastodons,Youngstown State Penguins,0.589,0.411,73.5,76.1,149.6,148.0,,,,,,,,,,,,,,,,,,,,,,,,,,,,,over,148.0,-105.0,0.046307067733986,0.0486224186895644,0.5359133630853743,3.591336308537429,0.0121556046723911,total,ncaam,,,,,,,,,,,,,,,,,,,,,,,,,,,,,-105.0,-105.0,1.952381,1.952381,0.5359133630853743,0.4640866369146256,1.8659732503081727,2.154770080535549,1.9219524478174184,2.2194131829516155,0.5121951094586559,0.5121951094586559,0.5,0.5,0.046307067733986,-0.0939260677339863,0.0359133630853742,-0.0359133630853744,0.0486224186895644,0.0,4.630706773398607,-9.392606773398636,3.591336308537429,-3.591336308537441,61.0,90.0,Win,0.9523809523809524,0.0115767663546581,NCAAM,OVER,0.04_to_0.0499,3_to_5pp,2.5_to_5pct,0.50_to_0.60,minus_109_to_minus_101,UNBUCKETED,145_to_149.9,WED,FEB
Basketball,NCAAM,NCAAM_2026_02_05_Fairleigh_Dickinson_Knights_Stonehill_Skyhawks,2026_02_05,12:00 PM,Fairleigh Dickinson Knights,Stonehill Skyhawks,0.568,0.432,64.0,66.0,130.0,129.0,-130.0,110.0,1.769231,2.1,2.1,1.7692307692307692,0.4761904761904761,0.5652173913043479,0.4572564612326044,0.5427435387673957,0.568,0.432,2.314814814814815,1.7605633802816902,2.3495370370370368,1.7869718309859155,134.0,-127.0,0.0049232079999999,-0.0928,0.0252564612326042,-0.0252564612326043,0.0064001684799493,0.0,0.4923207999999901,-9.28,2.525646123260428,-2.525646123260439,home,-130.0,-130.0,0.0049232079999999,0.0064001684799493,0.568,2.525646123260428,0.0016000421199873,moneyline,ncaam,,,,,,,,,,,,,,,,,,,,,,,,,,,,,,,,,,,,,,,,,,,,,,,,,,,,,74.0,58.0,Win,0.7692307692307692,0.0012308016307594,NCAAM,HOME,0.00_to_0.0099,2_to_3pp,0.0_to_2.5pct,0.50_to_0.60,minus_149_to_minus_125,UNBUCKETED,UNBUCKETED,THU,FEB
Basketball,NCAAM,NCAAM_2026_02_05_UAB_Blazers_Memphis_Tigers,2026_02_05,12:00 PM,UAB Blazers,Memphis Tigers,0.559,0.441,76.1,77.7,153.8,154.5,-125.0,105.0,1.8,2.05,2.05,1.8,0.4878048780487805,0.5555555555555556,0.4675324675324676,0.5324675324675325,0.559,0.441,2.2675736961451247,1.7889087656529514,2.3015873015873014,1.815742397137745,130.0,-122.0,0.0062000000000002,-0.09595,0.0265324675324675,-0.0265324675324675,0.0077500000000001,0.0,0.6200000000000205,-9.59500000000001,2.653246753246752,-2.6532467532467576,home,-125.0,-125.0,0.0062000000000002,0.0077500000000001,0.559,2.653246753246752,0.0019375,moneyline,ncaam,,,,,,,,,,,,,,,,,,,,,,,,,,,,,,,,,,,,,,,,,,,,,,,,,,,,,80.0,90.0,Loss,-1.0,-0.0019375,NCAAM,HOME,0.00_to_0.0099,2_to_3pp,0.0_to_2.5pct,0.50_to_0.60,minus_149_to_minus_125,UNBUCKETED,UNBUCKETED,THU,FEB
Basketball,NCAAM,NCAAM_2026_02_05_UMBC_Retrievers_Binghamton_Bearcats,2026_02_05,12:00 PM,UMBC Retrievers,Binghamton Bearcats,0.875,0.125,63.4,74.4,137.8,138.0,,,,,,,,,,,,,,,,,,,,,,,,,,,,,away,12.5,-110.0,0.0559063207778318,0.0614969467059203,0.5530937607363042,5.309376073630423,0.01537423667648,spread,ncaam,-12.5,12.5,-110.0,-110.0,1.909091,1.909091,0.4469062392636957,0.5530937607363042,2.23760581559022,1.8080117169804144,2.4613663971492423,1.988812888678456,146.0,-101.0,0.5238094988662143,0.5238094988662143,0.5,0.5,-0.1468153207778318,0.0559063207778318,-0.0530937607363042,0.0530937607363042,0.0,0.0614969467059203,-14.681532077783189,5.590632077783186,-5.309376073630428,5.309376073630423,,,,,,,,,,,,,,,,,,,,,,,,,79.0,62.0,Loss,-1.0,-0.01537423667648,NCAAM,AWAY,0.05_to_0.0749,5_to_7pp,5_to_10pct,0.50_to_0.60,minus_124_to_minus_110,12.0_to_14.9,UNBUCKETED,THU,FEB
Basketball,NCAAM,NCAAM_2026_02_05_Michigan_Wolverines_Penn_State_Nittany_Lions,2026_02_05,12:00 PM,Michigan Wolverines,Penn State Nittany Lions,0.986,0.014,68.6,94.1,162.7,161.5,,,,,,,,,,,,,,,,,,,,,,,,,,,,,away,27.0,-110.0,0.0559063207778323,0.0614969467059208,0.5530937607363045,5.309376073630445,0.0153742366764802,spread,ncaam,-27.0,27.0,-110.0,-110.0,1.909091,1.909091,0.4469062392636955,0.5530937607363045,2.237605815590221,1.8080117169804133,2.461366397149243,1.9888128886784555,146.0,-101.0,0.5238094988662143,0.5238094988662143,0.5,0.5,-0.1468153207778322,0.0559063207778323,-0.0530937607363045,0.0530937607363044,0.0,0.0614969467059208,-14.68153207778322,5.590632077783231,-5.3093760736304505,5.309376073630445,,,,,,,,,,,,,,,,,,,,,,,,,110.0,69.0,Loss,-1.0,-0.0153742366764802,NCAAM,AWAY,0.05_to_0.0749,5_to_7pp,5_to_10pct,0.50_to_0.60,minus_124_to_minus_110,15.0_plus,UNBUCKETED,THU,FEB
Basketball,NCAAM,NCAAM_2026_02_05_Queens_Royals_Jacksonville_Dolphins,2026_02_05,12:00 PM,Queens Royals,Jacksonville Dolphins,0.753,0.247,71.7,78.9,150.6,146.5,,,,,,,,,,,,,,,,,,,,,,,,,,,,,away,8.5,-105.0,0.0660948012105682,0.0693995378011196,0.5460485433993509,4.945918108223685,0.0173498844502799,spread,ncaam,-8.5,8.5,-108.0,-105.0,1.925926,1.952381,0.453951456600649,0.5460485433993509,2.2028787119406066,1.8313390120494344,2.423166583134668,2.014472913254378,142.0,101.0,0.5192307492603558,0.5121951094586559,0.5034106376828859,0.4965893623171141,-0.1257230869949385,0.0660948012105682,-0.0494591810822368,0.0494591810822368,0.0,0.0693995378011196,-12.57230869949385,6.609480121056821,-4.945918108223685,4.945918108223685,,,,,,,,,,,,,,,,,,,,,,,,,93.0,84.0,Loss,-1.0,-0.0173498844502799,NCAAM,AWAY,0.05_to_0.0749,3_to_5pp,5_to_10pct,0.50_to_0.60,minus_109_to_minus_101,8.0_to_8.9,UNBUCKETED,THU,FEB
Basketball,NCAAM,NCAAM_2026_02_05_Siena_Saints_Iona_Gaels,2026_02_05,12:00 PM,Siena Saints,Iona Gaels,0.729,0.271,66.8,73.2,140.0,139.5,,,,,,,,,,,,,,,,,,,,,,,,,,,,,away,8.5,-110.0,0.0960481018324903,0.1056529014504493,0.5741204069541422,7.412040695414223,0.0264132253626123,spread,ncaam,-8.5,8.5,-110.0,-110.0,1.909091,1.909091,0.4258795930458577,0.5741204069541422,2.348081514890342,1.74179490554126,2.5828896663793763,1.915974396095386,158.0,-109.0,0.5238094988662143,0.5238094988662143,0.5,0.5,-0.1869571018324903,0.0960481018324903,-0.0741204069541422,0.0741204069541422,0.0,0.1056529014504493,-18.69571018324904,9.604810183249036,-7.412040695414229,7.412040695414223,,,,,,,,,,,,,,,,,,,,,,,,,79.0,72.0,Win,0.9090909090909092,0.0240120230569202,NCAAM,AWAY,0.075_to_0.0999,7_to_10pp,10_to_20pct,0.50_to_0.60,minus_124_to_minus_110,8.0_to_8.9,UNBUCKETED,THU,FEB
Basketball,NCAAM,NCAAM_2026_02_05_West_Georgia_Wolves_North_Florida_Ospreys,2026_02_05,12:00 PM,West Georgia Wolves,North Florida Ospreys,0.705,0.295,80.4,85.8,166.2,166.0,,,,,,,,,,,,,,,,,,,,,,,,,,,,,away,7.0,-110.0,0.0626195946651229,0.0688815472434804,0.5566102373669578,5.66102373669578,0.0172203868108701,spread,ncaam,-7.0,7.0,-110.0,-110.0,1.909091,1.909091,0.4433897626330422,0.5566102373669578,2.255352027213174,1.7965893058857405,2.4808872299344924,1.9762482364743148,148.0,-102.0,0.5238094988662143,0.5238094988662143,0.5,0.5,-0.1535285946651228,0.0626195946651229,-0.0566102373669578,0.0566102373669578,0.0,0.0688815472434804,-15.352859466512282,6.26195946651229,-5.66102373669578,5.66102373669578,,,,,,,,,,,,,,,,,,,,,,,,,73.0,81.0,Win,0.9090909090909092,0.015654897100791,NCAAM,AWAY,0.05_to_0.0749,5_to_7pp,5_to_10pct,0.50_to_0.60,minus_124_to_minus_110,7.0_to_7.9,UNBUCKETED,THU,FEB
Basketball,NCAAM,NCAAM_2026_02_05_Tennessee_Martin_Skyhawks_Southern_Indiana_Screaming_Eagles,2026_02_05,12:00 PM,Tennessee Martin Skyhawks,Southern Indiana Screaming Eagles,0.853,0.147,62.6,72.9,135.5,129.5,,,,,,,,,,,,,,,,,,,,,,,,,,,,,away,11.0,-105.0,0.0246771508024454,0.0259110070470174,0.5248346254150422,2.8245263097928133,0.0064777517617543,spread,ncaam,-11.0,11.0,-108.0,-105.0,1.925926,1.952381,0.4751653745849578,0.5248346254150422,2.104530450842444,1.9053620923146872,2.3149834959266884,2.095898301546156,131.0,109.0,0.5192307492603558,0.5121951094586559,0.5034106376828859,0.4965893623171141,-0.0848666507870905,0.0246771508024454,-0.028245263097928,0.0282452630979281,0.0,0.0259110070470174,-8.486665078709056,2.467715080244548,-2.8245263097928075,2.8245263097928133,,,,,,,,,,,,,,,,,,,,,,,,,76.0,54.0,Loss,-1.0,-0.0064777517617543,NCAAM,AWAY,0.02_to_0.0299,2_to_3pp,2.5_to_5pct,0.50_to_0.60,minus_109_to_minus_101,10.0_to_11.9,UNBUCKETED,THU,FEB
Basketball,NCAAM,NCAAM_2026_02_05_Maryland_Terrapins_Ohio_State_Buckeyes,2026_02_05,12:00 PM,Maryland Terrapins,Ohio State Buckeyes,0.261,0.739,79.9,71.9,151.8,150.5,,,,,,,,,,,,,,,,,,,,,,,,,,,,,away,-6.0,-110.0,0.0893825026413581,0.0983207430734197,0.5706289027821922,7.062890278219225,0.0245801857683549,spread,ncaam,6.0,-6.0,-110.0,-110.0,1.909091,1.909091,0.4293710972178077,0.5706289027821922,2.328987690321243,1.752452417191524,2.561886459353368,1.927697658910677,156.0,-107.0,0.5238094988662143,0.5238094988662143,0.5,0.5,-0.1802915026413583,0.0893825026413581,-0.0706289027821923,0.0706289027821922,0.0,0.0983207430734197,-18.02915026413583,8.938250264135817,-7.06289027821923,7.062890278219225,,,,,,,,,,,,,,,,,,,,,,,,,62.0,82.0,Win,0.9090909090909092,0.0223456234257771,NCAAM,AWAY,0.075_to_0.0999,7_to_10pp,5_to_10pct,0.50_to_0.60,minus_124_to_minus_110,6.0_to_6.9,UNBUCKETED,THU,FEB
Basketball,NCAAM,NCAAM_2026_02_05_Mercyhurst_Lakers_Saint_Francis_PA_Red_Flash,2026_02_05,12:00 PM,Mercyhurst Lakers,Saint Francis PA Red Flash,0.785,0.215,63.2,71.2,134.4,136.0,,,,,,,,,,,,,,,,,,,,,,,,,,,,,under,136.0,-110.0,0.0231073782460204,0.0254181135288112,0.5359133630853744,3.591336308537441,0.0063545283822028,total,ncaam,,,,,,,,,,,,,,,,,,,,,,,,,,,,,-110.0,-110.0,1.909091,1.909091,0.4640866369146256,0.5359133630853744,2.1547700805355494,1.8659732503081727,2.219413182951616,1.921952447817418,0.5238094988662143,0.5238094988662143,0.5,0.5,-0.1140163782460205,0.0231073782460204,-0.0359133630853744,0.0359133630853744,0.0,0.0254181135288112,-11.401637824602052,2.3107378246020494,-3.591336308537441,3.591336308537441,98.0,89.0,Loss,-1.0,-0.0063545283822028,NCAAM,UNDER,0.02_to_0.0299,3_to_5pp,2.5_to_5pct,0.50_to_0.60,minus_124_to_minus_110,UNBUCKETED,135_to_139.9,THU,FEB
Basketball,NCAAM,NCAAM_2026_02_05_Quinnipiac_Bobcats_Canisius_Golden_Griffins,2026_02_05,12:00 PM,Quinnipiac Bobcats,Canisius Golden Griffins,0.901,0.099,62.9,75.5,138.4,140.0,,,,,,,,,,,,,,,,,,,,,,,,,,,,,under,140.0,-110.0,0.0231073782460204,0.0254181135288112,0.5359133630853744,3.591336308537441,0.0063545283822028,total,ncaam,,,,,,,,,,,,,,,,,,,,,,,,,,,,,-110.0,-110.0,1.909091,1.909091,0.4640866369146256,0.5359133630853744,2.1547700805355494,1.8659732503081727,2.219413182951616,1.921952447817418,0.5238094988662143,0.5238094988662143,0.5,0.5,-0.1140163782460205,0.0231073782460204,-0.0359133630853744,0.0359133630853744,0.0,0.0254181135288112,-11.401637824602052,2.3107378246020494,-3.591336308537441,3.591336308537441,75.0,60.0,Win,0.9090909090909092,0.0057768439838207,NCAAM,UNDER,0.02_to_0.0299,3_to_5pp,2.5_to_5pct,0.50_to_0.60,minus_124_to_minus_110,UNBUCKETED,140_to_144.9,THU,FEB
Basketball,NCAAM,NCAAM_2026_02_05_North_Dakota_Fighting_Hawks_Omaha_Mavericks,2026_02_05,12:00 PM,North Dakota Fighting Hawks,Omaha Mavericks,0.535,0.465,75.5,76.4,151.9,150.0,,,,,,,,,,,,,,,,,,,,,,,,,,,,,over,150.0,-108.0,0.0450526426543667,0.0486568501741681,0.5426234666619417,3.921282897905587,0.012164212543542,total,ncaam,,,,,,,,,,,,,,,,,,,,,,,,,,,,,-108.0,-105.0,1.925926,1.952381,0.5426234666619417,0.4573765333380583,1.8428985501709,2.186382394176912,1.898185506676027,2.25197386600222,0.5192307492603558,0.5121951094586559,0.5034106376828859,0.4965893623171141,0.0450526426543667,-0.1070267464649085,0.0392128289790558,-0.0392128289790558,0.0486568501741681,0.0,4.50526426543667,-10.70267464649085,3.921282897905587,-3.9212828979055816,76.0,73.0,Loss,-1.0,-0.012164212543542,NCAAM,OVER,0.04_to_0.0499,3_to_5pp,2.5_to_5pct,0.50_to_0.60,minus_109_to_minus_101,UNBUCKETED,150_to_154.9,THU,FEB
Basketball,NCAAM,NCAAM_2026_02_06_VCU_Rams_Dayton_Flyers,2026_02_06,12:00 PM,VCU Rams,Dayton Flyers,0.722,0.278,71.8,78.0,149.8,147.5,,,,,,,,,,,,,,,,,,,,,,,,,,,,,away,8.5,-114.0,0.090810093577484,0.1035235046078618,0.5810857453535594,7.1268987667195365,0.0258808761519654,spread,ncaam,-8.5,8.5,-105.0,-114.0,1.952381,1.877193,0.4189142546464406,0.5810857453535594,2.387123352591546,1.720916418955612,2.6258356878507008,1.8930080608511728,162.0,-111.0,0.5121951094586559,0.5327102753952311,0.4901832423136359,0.509816757686364,-0.1821197685991277,0.090810093577484,-0.0712689876671953,0.0712689876671953,0.0,0.1035235046078618,-18.21197685991277,9.081009357748403,-7.12689876671953,7.1268987667195365,,,,,,,,,,,,,,,,,,,,,,,,,99.0,73.0,Loss,-1.0,-0.0258808761519654,NCAAM,AWAY,0.075_to_0.0999,7_to_10pp,10_to_20pct,0.50_to_0.60,minus_124_to_minus_110,8.0_to_8.9,UNBUCKETED,FRI,FEB
Basketball,NCAAM,NCAAM_2026_02_06_Illinois_Chicago_Belmont_Bruins,2026_02_06,12:00 PM,Illinois Chicago,Belmont Bruins,0.35,0.65,77.2,71.8,149.0,151.0,,,,,,,,,,,,,,,,,,,,,,,,,,,,,under,151.0,-110.0,0.0401826754327558,0.0442009385559376,0.5448575659477499,3.44697674562684,0.0110502346389844,total,ncaam,,,,,,,,,,,,,,,,,,,,,,,,,,,,,-101.0,-110.0,1.990099,1.909091,0.4551424340522501,0.5448575659477499,2.1971144089922423,1.835342046247545,2.263027841262009,1.890402307634972,0.5024875646889928,0.5238094988662143,0.4896122015085184,0.5103877984914815,-0.0942214971350511,0.0401826754327558,-0.0344697674562683,0.0344697674562683,0.0,0.0442009385559376,-9.422149713505112,4.018267543275589,-3.4469767456268343,3.44697674562684,62.0,68.0,Win,0.9090909090909092,0.0100456678536221,NCAAM,UNDER,0.04_to_0.0499,3_to_5pp,2.5_to_5pct,0.50_to_0.60,minus_124_to_minus_110,UNBUCKETED,150_to_154.9,FRI,FEB
Basketball,NCAAM,NCAAM_2026_02_07_Duquesne_Dukes_George_Washington_Colonials,2026_02_07,12:00 PM,Duquesne Dukes,George Washington Colonials,0.537,0.463,78.9,79.9,158.8,161.5,-115.0,-105.0,1.869565,1.952381,1.9523809523809523,1.869565217391304,0.5121951219512195,0.5348837209302326,0.4891657638136511,0.5108342361863489,0.537,0.463,2.159827213822894,1.8621973929236493,2.192224622030237,1.8901303538175045,119.0,-112.0,0.003956405,-0.0960475969999999,0.0261657638136511,-0.0261657638136511,0.0045498668874667,0.0,0.3956405000000051,-9.6047597,2.61657638136511,-2.61657638136511,home,-115.0,-115.0,0.003956405,0.0045498668874667,0.537,2.61657638136511,0.0011374667218666,moneyline,ncaam,,,,,,,,,,,,,,,,,,,,,,,,,,,,,,,,,,,,,,,,,,,,,,,,,,,,,88.0,86.0,Win,0.8695652173913042,0.0009891014972753,NCAAM,HOME,0.00_to_0.0099,2_to_3pp,0.0_to_2.5pct,0.50_to_0.60,minus_124_to_minus_110,UNBUCKETED,UNBUCKETED,SAT,FEB
Basketball,NCAAM,NCAAM_2026_02_07_Bryant_Bulldogs_Maine_Black_Bears,2026_02_07,12:00 PM,Bryant Bulldogs,Maine Black Bears,0.597,0.403,61.5,64.3,125.8,128.0,-140.0,120.0,1.714286,2.2,2.2,1.7142857142857144,0.4545454545454545,0.5833333333333333,0.437956204379562,0.5620437956204379,0.597,0.403,2.481389578163772,1.6750418760469012,2.518610421836228,1.7001675041876043,151.0,-142.0,0.0234287419999998,-0.1133999999999998,0.034956204379562,-0.0349562043795619,0.0328002256799096,0.0,2.342874199999989,-11.339999999999984,3.495620437956204,-3.495620437956198,home,-140.0,-140.0,0.0234287419999998,0.0328002256799096,0.597,3.495620437956204,0.0082000564199774,moneyline,ncaam,,,,,,,,,,,,,,,,,,,,,,,,,,,,,,,,,,,,,,,,,,,,,,,,,,,,,73.0,67.0,Win,0.7142857142857144,0.0058571831571267,NCAAM,HOME,0.02_to_0.0299,3_to_5pp,2.5_to_5pct,0.50_to_0.60,minus_149_to_minus_125,UNBUCKETED,UNBUCKETED,SAT,FEB
Basketball,NCAAM,NCAAM_2026_02_07_Creighton_Bluejays_Seton_Hall_Pirates,2026_02_07,12:00 PM,Creighton Bluejays,Seton Hall Pirates,0.593,0.407,68.9,71.6,140.5,139.5,-140.0,120.0,1.714286,2.2,2.2,1.7142857142857144,0.4545454545454545,0.5833333333333333,0.437956204379562,0.5620437956204379,0.593,0.407,2.4570024570024573,1.6863406408094437,2.493857493857494,1.7116357504215851,149.0,-140.0,0.0165715979999998,-0.1046,0.030956204379562,-0.030956204379562,0.0232002279199087,0.0,1.6571597999999854,-10.460000000000004,3.095620437956204,-3.095620437956204,home,-140.0,-140.0,0.0165715979999998,0.0232002279199087,0.593,3.095620437956204,0.0058000569799771,moneyline,ncaam,,,,,,,,,,,,,,,,,,,,,,,,,,,,,,,,,,,,,,,,,,,,,,,,,,,,,69.0,68.0,Win,0.7142857142857144,0.0041428978428407,NCAAM,HOME,0.01_to_0.0199,3_to_5pp,0.0_to_2.5pct,0.50_to_0.60,minus_149_to_minus_125,UNBUCKETED,UNBUCKETED,SAT,FEB
Basketball,NCAAM,NCAAM_2026_02_07_Florida_AM_Rattlers_Texas_Southern_Tigers,2026_02_07,12:00 PM,Florida AM Rattlers,Texas Southern Tigers,0.56,0.44,73.5,75.4,148.9,146.0,-125.0,105.0,1.8,2.05,2.05,1.8,0.4878048780487805,0.5555555555555556,0.4675324675324676,0.5324675324675325,0.56,0.44,2.272727272727273,1.7857142857142856,2.3068181818181817,1.8125,130.0,-123.0,0.0080000000000002,-0.098,0.0275324675324675,-0.0275324675324675,0.0100000000000001,0.0,0.8000000000000229,-9.800000000000008,2.753246753246752,-2.7532467532467573,home,-125.0,-125.0,0.0080000000000002,0.0100000000000001,0.56,2.753246753246752,0.0025,moneyline,ncaam,,,,,,,,,,,,,,,,,,,,,,,,,,,,,,,,,,,,,,,,,,,,,,,,,,,,,57.0,62.0,Loss,-1.0,-0.0025,NCAAM,HOME,0.00_to_0.0099,2_to_3pp,0.0_to_2.5pct,0.50_to_0.60,minus_149_to_minus_125,UNBUCKETED,UNBUCKETED,SAT,FEB
Basketball,NCAAM,NCAAM_2026_02_07_Jacksonville_State_Gamecocks_Kennesaw_State_Owls,2026_02_07,12:00 PM,Jacksonville State Gamecocks,Kennesaw State Owls,0.542,0.458,73.9,75.1,149.0,149.0,-115.0,-105.0,1.869565,1.952381,1.9523809523809523,1.869565217391304,0.5121951219512195,0.5348837209302326,0.4891657638136511,0.5108342361863489,0.542,0.458,2.1834061135371177,1.8450184501845013,2.216157205240174,1.872693726937269,121.0,-114.0,0.0133042299999999,-0.105809502,0.0311657638136511,-0.0311657638136511,0.0152998683249671,0.0,1.3304229999999917,-10.580950200000006,3.1165763813651104,-3.1165763813651104,home,-115.0,-115.0,0.0133042299999999,0.0152998683249671,0.542,3.1165763813651104,0.0038249670812417,moneyline,ncaam,,,,,,,,,,,,,,,,,,,,,,,,,,,,,,,,,,,,,,,,,,,,,,,,,,,,,77.0,58.0,Win,0.8695652173913042,0.0033260583315145,NCAAM,HOME,0.01_to_0.0199,3_to_5pp,0.0_to_2.5pct,0.50_to_0.60,minus_124_to_minus_110,UNBUCKETED,UNBUCKETED,SAT,FEB
Basketball,NCAAM,NCAAM_2026_02_07_Appalachian_State_Mountaineers_Eastern_Michigan_Eagles,2026_02_07,12:00 PM,Appalachian State Mountaineers,Eastern Michigan Eagles,0.722,0.278,63.3,69.6,132.9,129.5,,,,,,,,,,,,,,,,,,,,,,,,,,,,,away,7.5,-104.0,0.0641742860394125,0.0667412895168079,0.5425203519072342,4.710071586687486,0.0166853223792019,spread,ncaam,-7.5,7.5,-108.0,-104.0,1.925926,1.961538,0.4574796480927657,0.5425203519072342,2.1858895891194363,1.843248822803592,2.40447854803138,2.027573705083951,140.0,102.0,0.5192307492603558,0.5098040415225196,0.5045803639596406,0.4954196360403594,-0.1189280512672921,0.0641742860394125,-0.0471007158668748,0.0471007158668748,0.0,0.0667412895168079,-11.892805126729211,6.417428603941255,-4.710071586687486,4.710071586687486,,,,,,,,,,,,,,,,,,,,,,,,,65.0,60.0,Win,0.9615384615384616,0.016043579210771,NCAAM,AWAY,0.05_to_0.0749,3_to_5pp,5_to_10pct,0.50_to_0.60,minus_109_to_minus_101,7.0_to_7.9,UNBUCKETED,SAT,FEB
Basketball,NCAAM,NCAAM_2026_02_07_Chattanooga_Mocs_The_Citadel_Bulldogs,2026_02_07,12:00 PM,Chattanooga Mocs,The Citadel Bulldogs,0.794,0.206,66.2,74.3,140.5,139.0,,,,,,,,,,,,,,,,,,,,,,,,,,,,,away,9.5,-106.0,0.0680381733787567,0.0721204810903974,0.5495731046985569,5.402542342150141,0.0180301202725993,spread,ncaam,-9.5,9.5,-110.0,-106.0,1.909091,1.943396,0.4504268953014431,0.5495731046985569,2.220116095267272,1.819594138524126,2.442127704794,2.001553552376539,144.0,100.0,0.5238094988662143,0.5145631667452233,0.5044523187229444,0.4955476812770555,-0.1400940680220727,0.0680381733787567,-0.0540254234215012,0.0540254234215014,0.0,0.0721204810903974,-14.00940680220727,6.803817337875673,-5.402542342150129,5.402542342150141,,,,,,,,,,,,,,,,,,,,,,,,,71.0,78.0,Win,0.9433962264150944,0.0170095474269804,NCAAM,AWAY,0.05_to_0.0749,5_to_7pp,5_to_10pct,0.50_to_0.60,minus_109_to_minus_101,9.0_to_9.9,UNBUCKETED,SAT,FEB
Basketball,NCAAM,NCAAM_2026_02_07_North_Dakota_State_Bison_Omaha_Mavericks,2026_02_07,12:00 PM,North Dakota State Bison,Omaha Mavericks,0.804,0.196,69.2,77.7,146.9,144.5,,,,,,,,,,,,,,,,,,,,,,,,,,,,,away,9.5,-103.0,0.0553127271630571,0.0569720964440876,0.5354541828463195,4.3415981470791625,0.0142430241110219,spread,ncaam,-9.5,9.5,-110.0,-103.0,1.909091,1.970874,0.4645458171536805,0.5354541828463195,2.1526401983922745,1.867573420912111,2.367904218231502,2.0543307630033225,136.0,105.0,0.5238094988662143,0.5073891075735942,0.5079617986244722,0.4920382013755279,-0.1131397613842629,0.0553127271630571,-0.0434159814707917,0.0434159814707916,0.0,0.0569720964440876,-11.313976138426296,5.531272716305713,-4.341598147079173,4.3415981470791625,,,,,,,,,,,,,,,,,,,,,,,,,92.0,84.0,Win,0.970873786407767,0.0138281787485649,NCAAM,AWAY,0.05_to_0.0749,3_to_5pp,5_to_10pct,0.50_to_0.60,minus_109_to_minus_101,9.0_to_9.9,UNBUCKETED,SAT,FEB
Basketball,NCAAM,NCAAM_2026_02_07_Texas_Longhorns_Ole_Miss_Rebels,2026_02_07,12:00 PM,Texas Longhorns,Ole Miss Rebels,0.8,0.2,69.9,78.3,148.2,144.5,,,,,,,,,,,,,,,,,,,,,,,,,,,,,away,10.0,-105.0,0.0867152518407383,0.0910510098802248,0.5566102373669578,6.221561272640619,0.0227627524700562,spread,ncaam,-10.0,10.0,-110.0,-105.0,1.909091,1.952381,0.4433897626330422,0.5566102373669578,2.255352027213174,1.7965893058857405,2.4808872299344924,1.9762482364743148,148.0,-102.0,0.5238094988662143,0.5121951094586559,0.5056053753594484,0.4943946246405516,-0.1535285946651228,0.0867152518407383,-0.0622156127264061,0.0622156127264061,0.0,0.0910510098802248,-15.352859466512282,8.671525184073836,-6.221561272640619,6.221561272640619,,,,,,,,,,,,,,,,,,,,,,,,,79.0,68.0,Loss,-1.0,-0.0227627524700562,NCAAM,AWAY,0.075_to_0.0999,5_to_7pp,5_to_10pct,0.50_to_0.60,minus_109_to_minus_101,10.0_to_11.9,UNBUCKETED,SAT,FEB
Basketball,NCAAM,NCAAM_2026_02_07_Navy_Midshipmen_American_University_Eagles,2026_02_07,12:00 PM,Navy Midshipmen,American University Eagles,0.676,0.324,65.9,70.8,136.7,134.0,,,,,,,,,,,,,,,,,,,,,,,,,,,,,away,6.0,-110.0,0.0289786789203201,0.0318765436246977,0.5389888061492721,3.8988806149272137,0.0079691359061744,spread,ncaam,-6.0,6.0,-110.0,-110.0,1.909091,1.909091,0.4610111938507278,0.5389888061492721,2.169144726502656,1.8553261006371464,2.3860591991529216,2.0408587107008613,138.0,104.0,0.5238094988662143,0.5238094988662143,0.5,0.5,-0.1198876789203201,0.0289786789203201,-0.0389888061492721,0.0389888061492721,0.0,0.0318765436246977,-11.988767892032016,2.8978678920320133,-3.89888061492722,3.8988806149272137,,,,,,,,,,,,,,,,,,,,,,,,,82.0,73.0,Loss,-1.0,-0.0079691359061744,NCAAM,AWAY,0.02_to_0.0299,3_to_5pp,2.5_to_5pct,0.50_to_0.60,minus_124_to_minus_110,6.0_to_6.9,UNBUCKETED,SAT,FEB
Basketball,NCAAM,NCAAM_2026_02_07_Wofford_Terriers_Western_Carolina_Catamounts,2026_02_07,12:00 PM,Wofford Terriers,Western Carolina Catamounts,0.682,0.318,75.2,80.2,155.4,154.0,,,,,,,,,,,,,,,,,,,,,,,,,,,,,home,-4.0,-110.0,0.0222307613842629,0.0244538350773057,0.5354541828463195,3.5454182846319515,0.0061134587693264,spread,ncaam,-4.0,4.0,-110.0,-110.0,1.909091,1.909091,0.5354541828463195,0.4645458171536805,1.867573420912111,2.1526401983922745,2.0543307630033225,2.367904218231502,105.0,136.0,0.5238094988662143,0.5238094988662143,0.5,0.5,0.0222307613842629,-0.1131397613842629,0.0354541828463195,-0.0354541828463195,0.0244538350773057,0.0,2.2230761384262943,-11.313976138426296,3.5454182846319515,-3.5454182846319515,,,,,,,,,,,,,,,,,,,,,,,,,77.0,66.0,Win,0.9090909090909092,0.0055576897902967,NCAAM,HOME,0.02_to_0.0299,3_to_5pp,0.0_to_2.5pct,0.50_to_0.60,minus_124_to_minus_110,4.0_to_4.9,UNBUCKETED,SAT,FEB
Basketball,NCAAM,NCAAM_2026_02_07_Tennessee_Martin_Skyhawks_Morehead_State_Eagles,2026_02_07,12:00 PM,Tennessee Martin Skyhawks,Morehead State Eagles,0.767,0.233,64.9,72.5,137.4,135.5,,,,,,,,,,,,,,,,,,,,,,,,,,,,,away,9.0,-104.0,0.0780085286441978,0.081128908731842,0.5495731046985569,5.634810173392252,0.0202822271829605,spread,ncaam,-9.0,9.0,-110.0,-104.0,1.909091,1.961538,0.4504268953014431,0.5495731046985569,2.220116095267272,1.819594138524126,2.442127704794,2.001553552376539,144.0,100.0,0.5238094988662143,0.5098040415225196,0.5067749970353655,0.4932250029646344,-0.1400940680220727,0.0780085286441978,-0.0563481017339224,0.0563481017339225,0.0,0.081128908731842,-14.00940680220727,7.800852864419783,-5.634810173392246,5.634810173392252,,,,,,,,,,,,,,,,,,,,,,,,,55.0,61.0,Win,0.9615384615384616,0.0195021415220774,NCAAM,AWAY,0.075_to_0.0999,5_to_7pp,5_to_10pct,0.50_to_0.60,minus_109_to_minus_101,9.0_to_9.9,UNBUCKETED,SAT,FEB
Basketball,NCAAM,NCAAM_2026_02_07_Southeast_Missouri_State_Redhawks_Southern_Indiana_Screaming_Eagles,2026_02_07,12:00 PM,Southeast Missouri State Redhawks,Southern Indiana Screaming Eagles,0.849,0.151,65.1,75.3,140.4,140.5,,,,,,,,,,,,,,,,,,,,,,,,,,,,,away,11.5,-108.0,0.0516490869949384,0.0557810094920527,0.5460485433993509,4.824344892388965,0.0139452523730131,spread,ncaam,-11.5,11.5,-110.0,-108.0,1.909091,1.925926,0.453951456600649,0.5460485433993509,2.2028787119406066,1.8313390120494344,2.423166583134668,2.014472913254378,142.0,101.0,0.5238094988662143,0.5192307492603558,0.5021949055245387,0.4978050944754613,-0.1333653597668103,0.0516490869949384,-0.0482434489238897,0.0482434489238896,0.0,0.0557810094920527,-13.33653597668103,5.164908699493842,-4.824344892388971,4.824344892388965,,,,,,,,,,,,,,,,,,,,,,,,,90.0,65.0,Loss,-1.0,-0.0139452523730131,NCAAM,AWAY,0.05_to_0.0749,3_to_5pp,5_to_10pct,0.50_to_0.60,minus_109_to_minus_101,10.0_to_11.9,UNBUCKETED,SAT,FEB
Basketball,NCAAM,NCAAM_2026_02_07_Northern_Kentucky_Norse_Wisconsin_Milwaukee_Panthers,2026_02_07,12:00 PM,Northern Kentucky Norse,Wisconsin Milwaukee Panthers,0.712,0.288,75.4,81.1,156.5,156.0,,,,,,,,,,,,,,,,,,,,,,,,,,,,,away,7.0,-102.0,0.0813901669597283,0.0830179835818001,0.5460485433993514,5.5214414544693895,0.02075449589545,spread,ncaam,-7.0,7.0,-110.0,-102.0,1.909091,1.980392,0.4539514566006486,0.5460485433993514,2.202878711940609,1.8313390120494328,2.42316658313467,2.014472913254376,142.0,101.0,0.5238094988662143,0.504950535045587,0.5091658711453424,0.4908341288546575,-0.133365359766811,0.0813901669597283,-0.0552144145446937,0.0552144145446938,0.0,0.0830179835818001,-13.336535976681107,8.139016695972835,-5.521441454469378,5.5214414544693895,,,,,,,,,,,,,,,,,,,,,,,,,67.0,62.0,Win,0.9803921568627452,0.0203475449955392,NCAAM,AWAY,0.075_to_0.0999,5_to_7pp,5_to_10pct,0.50_to_0.60,minus_109_to_minus_101,7.0_to_7.9,UNBUCKETED,SAT,FEB
Basketball,NCAAM,NCAAM_2026_02_07_Bethune_Cookman_Wildcats_Prairie_View_AM_Panthers,2026_02_07,12:00 PM,Bethune Cookman Wildcats,Prairie View AM Panthers,0.838,0.162,74.0,83.6,157.6,152.5,,,,,,,,,,,,,,,,,,,,,,,,,,,,,away,11.5,-110.0,0.0827063384169559,0.0909769631609551,0.5671318645454595,6.152648918601111,0.0227442407902387,spread,ncaam,-11.5,11.5,-105.0,-110.0,1.952381,1.909091,0.4328681354545405,0.5671318645454595,2.3101723552599527,1.7632583575628789,2.5411895907859483,1.9395841933191669,154.0,-106.0,0.5121951094586559,0.5238094988662143,0.4943946246405516,0.5056053753594484,-0.1548764768331287,0.0827063384169559,-0.0615264891860111,0.0615264891860111,0.0,0.0909769631609551,-15.487647683312876,8.270633841695595,-6.152648918601111,6.152648918601111,,,,,,,,,,,,,,,,,,,,,,,,,82.0,76.0,Win,0.9090909090909092,0.0206765825365806,NCAAM,AWAY,0.075_to_0.0999,5_to_7pp,5_to_10pct,0.50_to_0.60,minus_124_to_minus_110,10.0_to_11.9,UNBUCKETED,SAT,FEB
Basketball,NCAAM,NCAAM_2026_02_07_Rider_Broncs_Merrimack_Warriors,2026_02_07,12:00 PM,Rider Broncs,Merrimack Warriors,0.196,0.804,72.1,62.3,134.4,136.5,,,,,,,,,,,,,,,,,,,,,,,,,,,,,away,-8.5,-108.0,0.0516490869949384,0.0557810094920527,0.5460485433993509,4.492783509823484,0.0139452523730131,spread,ncaam,8.5,-8.5,-107.0,-108.0,1.934579,1.925926,0.453951456600649,0.5460485433993509,2.2028787119406066,1.8313390120494344,2.423166583134668,2.014472913254378,142.0,101.0,0.516908329926046,0.5192307492603558,0.4988792916988839,0.5011207083011161,-0.121795045040973,0.0516490869949384,-0.0449278350982348,0.0449278350982348,0.0,0.0557810094920527,-12.179504504097306,5.164908699493842,-4.492783509823489,4.492783509823484,,,,,,,,,,,,,,,,,,,,,,,,,47.0,73.0,Win,0.925925925925926,0.0129122707157528,NCAAM,AWAY,0.05_to_0.0749,3_to_5pp,5_to_10pct,0.50_to_0.60,minus_109_to_minus_101,8.0_to_8.9,UNBUCKETED,SAT,FEB
Basketball,NCAAM,NCAAM_2026_02_07_Wright_State_Raiders_Purdue_Fort_Wayne_Mastodons,2026_02_07,12:00 PM,Wright State Raiders,Purdue Fort Wayne Mastodons,0.729,0.271,72.9,79.4,152.3,150.0,,,,,,,,,,,,,,,,,,,,,,,,,,,,,away,7.5,-110.0,0.0222307613842629,0.0244538350773057,0.5354541828463195,3.5454182846319515,0.0061134587693264,spread,ncaam,-7.5,7.5,-110.0,-110.0,1.909091,1.909091,0.4645458171536805,0.5354541828463195,2.1526401983922745,1.867573420912111,2.367904218231502,2.0543307630033225,136.0,105.0,0.5238094988662143,0.5238094988662143,0.5,0.5,-0.1131397613842629,0.0222307613842629,-0.0354541828463195,0.0354541828463195,0.0,0.0244538350773057,-11.313976138426296,2.2230761384262943,-3.5454182846319515,3.5454182846319515,,,,,,,,,,,,,,,,,,,,,,,,,73.0,68.0,Win,0.9090909090909092,0.0055576897902967,NCAAM,AWAY,0.02_to_0.0299,3_to_5pp,0.0_to_2.5pct,0.50_to_0.60,minus_124_to_minus_110,7.0_to_7.9,UNBUCKETED,SAT,FEB
Basketball,NCAAM,NCAAM_2026_02_07_Loyola_Marymount_Lions_San_Diego_Toreros,2026_02_07,12:00 PM,Loyola Marymount Lions,San Diego Toreros,0.696,0.304,71.7,77.0,148.7,150.0,,,,,,,,,,,,,,,,,,,,,,,,,,,,,away,6.5,-105.0,0.0592064271769978,0.0621667454275104,0.5425203519072342,5.130574135830413,0.0155416863568776,spread,ncaam,-6.5,6.5,-113.0,-105.0,1.884956,1.952381,0.4574796480927657,0.5425203519072342,2.1858895891194363,1.843248822803592,2.40447854803138,2.027573705083951,140.0,102.0,0.5305163621856425,0.5121951094586559,0.5087853894510698,0.4912146105489301,-0.1376709924496527,0.0592064271769978,-0.051305741358304,0.0513057413583041,0.0,0.0621667454275104,-13.767099244965276,5.920642717699787,-5.130574135830407,5.130574135830413,,,,,,,,,,,,,,,,,,,,,,,,,83.0,63.0,Loss,-1.0,-0.0155416863568776,NCAAM,AWAY,0.05_to_0.0749,5_to_7pp,5_to_10pct,0.50_to_0.60,minus_109_to_minus_101,6.0_to_6.9,UNBUCKETED,SAT,FEB
Basketball,NCAAM,NCAAM_2026_02_07_New_Mexico_Lobos_Boise_State_Broncos,2026_02_07,12:00 PM,New Mexico Lobos,Boise State Broncos,0.682,0.318,70.4,75.4,145.8,151.0,,,,,,,,,,,,,,,,,,,,,,,,,,,,,away,6.0,-110.0,0.0222307613842629,0.0244538350773057,0.5354541828463195,3.5454182846319515,0.0061134587693264,spread,ncaam,-6.0,6.0,-110.0,-110.0,1.909091,1.909091,0.4645458171536805,0.5354541828463195,2.1526401983922745,1.867573420912111,2.367904218231502,2.0543307630033225,136.0,105.0,0.5238094988662143,0.5238094988662143,0.5,0.5,-0.1131397613842629,0.0222307613842629,-0.0354541828463195,0.0354541828463195,0.0,0.0244538350773057,-11.313976138426296,2.2230761384262943,-3.5454182846319515,3.5454182846319515,,,,,,,,,,,,,,,,,,,,,,,,,90.0,91.0,Win,0.9090909090909092,0.0055576897902967,NCAAM,AWAY,0.02_to_0.0299,3_to_5pp,0.0_to_2.5pct,0.50_to_0.60,minus_124_to_minus_110,6.0_to_6.9,UNBUCKETED,SAT,FEB
Basketball,NCAAM,NCAAM_2026_02_07_Cal_State_Northridge_Matadors_UC_Riverside_Highlanders,2026_02_07,12:00 PM,Cal State Northridge Matadors,UC Riverside Highlanders,0.792,0.208,74.6,82.8,157.4,159.5,,,,,,,,,,,,,,,,,,,,,,,,,,,,,under,159.5,-110.0,0.0444450675242047,0.0488895693876682,0.547090247413143,5.332466865223134,0.012222392346917,total,ncaam,,,,,,,,,,,,,,,,,,,,,,,,,,,,,-116.0,-110.0,1.862069,1.909091,0.4529097525868569,0.547090247413143,2.2079453893151144,1.827851994672528,2.274183750994568,1.8826875545127035,0.5370370270919069,0.5238094988662143,0.5062344212390882,0.4937655787609117,-0.1566507899103439,0.0444450675242047,-0.0533246686522313,0.0533246686522313,0.0,0.0488895693876682,-15.6650789910344,4.444506752420474,-5.332466865223134,5.332466865223134,88.0,74.0,Loss,-1.0,-0.012222392346917,NCAAM,UNDER,0.04_to_0.0499,5_to_7pp,2.5_to_5pct,0.50_to_0.60,minus_124_to_minus_110,UNBUCKETED,155_to_159.9,SAT,FEB
Basketball,NCAAM,NCAAM_2026_02_07_Tennessee_Tech_Golden_Eagles_Eastern_Illinois_Panthers,2026_02_07,12:00 PM,Tennessee Tech Golden Eagles,Eastern Illinois Panthers,0.629,0.371,67.3,70.9,138.2,140.0,,,,,,,,,,,,,,,,,,,,,,,,,,,,,under,140.0,-110.0,0.0316499047506015,0.0348148917441726,0.5403880196127904,3.8193114088251656,0.0087037229360431,total,ncaam,,,,,,,,,,,,,,,,,,,,,,,,,,,,,-108.0,-110.0,1.925926,1.909091,0.4596119803872096,0.5403880196127904,2.175748332664282,1.850522150207068,2.2410207826442106,1.90603781471328,0.5192307492603558,0.5238094988662143,0.4978050944754613,0.5021949055245387,-0.114821337060783,0.0316499047506015,-0.0381931140882517,0.0381931140882516,0.0,0.0348148917441726,-11.4821337060783,3.1649904750601587,-3.819311408825171,3.8193114088251656,54.0,60.0,Win,0.9090909090909092,0.0079124753964028,NCAAM,UNDER,0.03_to_0.0399,3_to_5pp,2.5_to_5pct,0.50_to_0.60,minus_124_to_minus_110,UNBUCKETED,140_to_144.9,SAT,FEB
Basketball,NCAAM,NCAAM_2026_02_07_Samford_Bulldogs_Mercer_Bears,2026_02_07,12:00 PM,Samford Bulldogs,Mercer Bears,0.436,0.564,80.8,77.8,158.6,160.5,,,,,,,,,,,,,,,,,,,,,,,,,,,,,under,160.5,-110.0,0.035917576593113,0.0395093303014912,0.5426234666619417,4.262346666194173,0.0098773325753728,total,ncaam,,,,,,,,,,,,,,,,,,,,,,,,,,,,,-110.0,-110.0,1.909091,1.909091,0.4573765333380583,0.5426234666619417,2.186382394176912,1.8428985501709,2.25197386600222,1.898185506676027,0.5238094988662143,0.5238094988662143,0.5,0.5,-0.1268265765931129,0.035917576593113,-0.0426234666619417,0.0426234666619417,0.0,0.0395093303014912,-12.682657659311293,3.591757659311301,-4.262346666194173,4.262346666194173,69.0,49.0,Win,0.9090909090909092,0.0089793932503389,NCAAM,UNDER,0.03_to_0.0399,3_to_5pp,2.5_to_5pct,0.50_to_0.60,minus_124_to_minus_110,UNBUCKETED,160_to_164.9,SAT,FEB
Basketball,NCAAM,NCAAM_2026_02_07_Rider_Broncs_Merrimack_Warriors,2026_02_07,12:00 PM,Rider Broncs,Merrimack Warriors,0.196,0.804,72.1,62.3,134.4,136.5,,,,,,,,,,,,,,,,,,,,,,,,,,,,,under,136.5,-110.0,0.0444450675242047,0.0488895693876682,0.547090247413143,4.709024741314305,0.012222392346917,total,ncaam,,,,,,,,,,,,,,,,,,,,,,,,,,,,,-110.0,-110.0,1.909091,1.909091,0.4529097525868569,0.547090247413143,2.2079453893151144,1.827851994672528,2.274183750994568,1.8826875545127035,0.5238094988662143,0.5238094988662143,0.5,0.5,-0.1353540675242047,0.0444450675242047,-0.0470902474131431,0.047090247413143,0.0,0.0488895693876682,-13.535406752420476,4.444506752420474,-4.709024741314311,4.709024741314305,47.0,73.0,Win,0.9090909090909092,0.0111112657699245,NCAAM,UNDER,0.04_to_0.0499,3_to_5pp,2.5_to_5pct,0.50_to_0.60,minus_124_to_minus_110,UNBUCKETED,135_to_139.9,SAT,FEB
Basketball,NCAAM,NCAAM_2026_02_07_Stanford_Cardinal_Georgia_Tech_Yellow_Jackets,2026_02_07,12:00 PM,Stanford Cardinal,Georgia Tech Yellow Jackets,0.804,0.196,70.0,78.7,148.7,150.5,,,,,,,,,,,,,,,,,,,,,,,,,,,,,under,150.5,-110.0,0.0316499047506015,0.0348148917441726,0.5403880196127904,4.038801961279037,0.0087037229360431,total,ncaam,,,,,,,,,,,,,,,,,,,,,,,,,,,,,-110.0,-110.0,1.909091,1.909091,0.4596119803872096,0.5403880196127904,2.175748332664282,1.850522150207068,2.2410207826442106,1.90603781471328,0.5238094988662143,0.5238094988662143,0.5,0.5,-0.1225589047506016,0.0316499047506015,-0.0403880196127904,0.0403880196127903,0.0,0.0348148917441726,-12.25589047506016,3.1649904750601587,-4.0388019612790425,4.038801961279037,95.0,72.0,Loss,-1.0,-0.0087037229360431,NCAAM,UNDER,0.03_to_0.0399,3_to_5pp,2.5_to_5pct,0.50_to_0.60,minus_124_to_minus_110,UNBUCKETED,150_to_154.9,SAT,FEB
Basketball,NCAAM,NCAAM_2026_02_07_Loyola_Marymount_Lions_San_Diego_Toreros,2026_02_07,12:00 PM,Loyola Marymount Lions,San Diego Toreros,0.696,0.304,71.7,77.0,148.7,150.0,,,,,,,,,,,,,,,,,,,,,,,,,,,,,under,150.0,-104.0,0.0380322347242056,0.0395535430988746,0.5291930284930527,4.220024916191334,0.0098883857747186,total,ncaam,,,,,,,,,,,,,,,,,,,,,,,,,,,,,-116.0,-104.0,1.862069,1.961538,0.4708069715069473,0.5291930284930527,2.124012728187148,1.889669640674656,2.1877331100327626,1.946359729894896,0.5370370270919069,0.5098040415225196,0.5130072206688606,0.4869927793311394,-0.1233249333730301,0.0380322347242056,-0.0422002491619133,0.0422002491619133,0.0,0.0395535430988746,-12.33249333730302,3.80322347242057,-4.220024916191334,4.220024916191334,83.0,63.0,Win,0.9615384615384616,0.0095080632449217,NCAAM,UNDER,0.03_to_0.0399,3_to_5pp,2.5_to_5pct,0.50_to_0.60,minus_109_to_minus_101,UNBUCKETED,150_to_154.9,SAT,FEB
Basketball,NCAAM,NCAAM_2026_02_08_Furman_Paladins_UNC_Greensboro_Spartans,2026_02_08,12:00 PM,Furman Paladins,UNC Greensboro Spartans,0.878,0.122,69.5,80.6,150.1,149.0,,,,,,,,,,,,,,,,,,,,,,,,,,,,,away,13.0,-110.0,0.0827063384169559,0.0909769631609551,0.5671318645454595,6.71318645454595,0.0227442407902387,spread,ncaam,-13.0,13.0,-110.0,-110.0,1.909091,1.909091,0.4328681354545405,0.5671318645454595,2.3101723552599527,1.7632583575628789,2.5411895907859483,1.9395841933191669,154.0,-106.0,0.5238094988662143,0.5238094988662143,0.5,0.5,-0.1736153384169557,0.0827063384169559,-0.0671318645454595,0.0671318645454595,0.0,0.0909769631609551,-17.361533841695575,8.270633841695595,-6.71318645454595,6.71318645454595,,,,,,,,,,,,,,,,,,,,,,,,,64.0,67.0,Win,0.9090909090909092,0.0206765825365806,NCAAM,AWAY,0.075_to_0.0999,5_to_7pp,5_to_10pct,0.50_to_0.60,minus_124_to_minus_110,12.0_to_14.9,UNBUCKETED,SUN,FEB
Basketball,NCAAM,NCAAM_2026_02_08_Memphis_Tigers_Charlotte_49ers,2026_02_08,12:00 PM,Memphis Tigers,Charlotte 49ers,0.798,0.202,68.9,77.3,146.2,144.5,,,,,,,,,,,,,,,,,,,,,,,,,,,,,away,10.0,-111.0,0.0580609568210874,0.064447654982165,0.5566102373669578,5.44456796490852,0.0161119137455412,spread,ncaam,-10.0,10.0,-109.0,-111.0,1.917431,1.900901,0.4433897626330422,0.5566102373669578,2.255352027213174,1.7965893058857405,2.4808872299344924,1.9762482364743148,148.0,-102.0,0.5215311528811206,0.526066323285642,0.4978354422821273,0.5021645577178726,-0.1498307240447632,0.0580609568210874,-0.054445679649085,0.0544456796490852,0.0,0.064447654982165,-14.983072404476328,5.806095682108747,-5.444567964908509,5.44456796490852,,,,,,,,,,,,,,,,,,,,,,,,,77.0,54.0,Loss,-1.0,-0.0161119137455412,NCAAM,AWAY,0.05_to_0.0749,5_to_7pp,5_to_10pct,0.50_to_0.60,minus_124_to_minus_110,10.0_to_11.9,UNBUCKETED,SUN,FEB
Basketball,NCAAM,NCAAM_2026_02_08_Minnesota_Golden_Gophers_Maryland_Terrapins,2026_02_08,12:00 PM,Minnesota Golden Gophers,Maryland Terrapins,0.797,0.203,66.2,74.4,140.6,138.5,,,,,,,,,,,,,,,,,,,,,,,,,,,,,away,10.5,-115.0,0.0863775715119272,0.0993342320722743,0.5810857453535594,7.025147401639242,0.0248335580180685,spread,ncaam,-10.5,10.5,-105.0,-115.0,1.952381,1.869565,0.4189142546464406,0.5810857453535594,2.387123352591546,1.720916418955612,2.6258356878507008,1.8930080608511728,162.0,-111.0,0.5121951094586559,0.5348837831260214,0.489165728662833,0.510834271337167,-0.1821197685991277,0.0863775715119272,-0.0702514740163923,0.0702514740163924,0.0,0.0993342320722743,-18.21197685991277,8.637757151192726,-7.025147401639237,7.025147401639242,,,,,,,,,,,,,,,,,,,,,,,,,62.0,67.0,Win,0.8695652173913042,0.0215943982765813,NCAAM,AWAY,0.075_to_0.0999,7_to_10pp,5_to_10pct,0.50_to_0.60,minus_124_to_minus_110,10.0_to_11.9,UNBUCKETED,SUN,FEB
Basketball,NCAAM,NCAAM_2026_02_08_Iowa_Hawkeyes_Northwestern_Wildcats,2026_02_08,12:00 PM,Iowa Hawkeyes,Northwestern Wildcats,0.904,0.096,64.0,76.5,140.5,139.0,,,,,,,,,,,,,,,,,,,,,,,,,,,,,away,13.5,-110.0,0.0222307613842629,0.0244538350773057,0.5354541828463195,3.5454182846319515,0.0061134587693264,spread,ncaam,-13.5,13.5,-110.0,-110.0,1.909091,1.909091,0.4645458171536805,0.5354541828463195,2.1526401983922745,1.867573420912111,2.367904218231502,2.0543307630033225,136.0,105.0,0.5238094988662143,0.5238094988662143,0.5,0.5,-0.1131397613842629,0.0222307613842629,-0.0354541828463195,0.0354541828463195,0.0,0.0244538350773057,-11.313976138426296,2.2230761384262943,-3.5454182846319515,3.5454182846319515,,,,,,,,,,,,,,,,,,,,,,,,,76.0,70.0,Win,0.9090909090909092,0.0055576897902967,NCAAM,AWAY,0.02_to_0.0299,3_to_5pp,0.0_to_2.5pct,0.50_to_0.60,minus_124_to_minus_110,12.0_to_14.9,UNBUCKETED,SUN,FEB
Basketball,NCAAM,NCAAM_2026_02_08_Hawaii_Rainbow_Warriors_UC_San_Diego_Tritons,2026_02_08,12:00 PM,Hawaii Rainbow Warriors,UC San Diego Tritons,0.679,0.321,71.2,76.2,147.4,147.5,,,,,,,,,,,,,,,,,,,,,,,,,,,,,away,6.0,-110.0,0.0222307613842629,0.0244538350773057,0.5354541828463195,3.32592773217808,0.0061134587693264,spread,ncaam,-6.0,6.0,-108.0,-110.0,1.925926,1.909091,0.4645458171536805,0.5354541828463195,2.1526401983922745,1.867573420912111,2.367904218231502,2.0543307630033225,136.0,105.0,0.5192307492603558,0.5238094988662143,0.4978050944754613,0.5021949055245387,-0.1053191325524807,0.0222307613842629,-0.0332592773217808,0.0332592773217808,0.0,0.0244538350773057,-10.531913255248073,2.2230761384262943,-3.32592773217808,3.32592773217808,,,,,,,,,,,,,,,,,,,,,,,,,72.0,67.0,Win,0.9090909090909092,0.0055576897902967,NCAAM,AWAY,0.02_to_0.0299,3_to_5pp,0.0_to_2.5pct,0.50_to_0.60,minus_124_to_minus_110,6.0_to_6.9,UNBUCKETED,SUN,FEB
Basketball,NCAAM,NCAAM_2026_02_08_South_Florida_Bulls_Tulsa_Golden_Hurricane,2026_02_08,12:00 PM,South Florida Bulls,Tulsa Golden Hurricane,0.612,0.388,82.4,85.6,168.0,170.0,,,,,,,,,,,,,,,,,,,,,,,,,,,,,under,170.0,-108.0,0.0493553525554861,0.0533037764956229,0.5448575659477499,4.485756594774992,0.0133259441239057,total,ncaam,,,,,,,,,,,,,,,,,,,,,,,,,,,,,-108.0,-108.0,1.925926,1.925926,0.4551424340522501,0.5448575659477499,2.1971144089922423,1.835342046247545,2.263027841262009,1.890402307634972,0.5192307492603558,0.5192307492603558,0.5,0.5,-0.1234293525554861,0.0493553525554861,-0.0448575659477499,0.0448575659477499,0.0,0.0533037764956229,-12.342935255548614,4.935535255548618,-4.485756594774992,4.485756594774992,80.0,74.0,Win,0.925925925925926,0.0123388371517645,NCAAM,UNDER,0.04_to_0.0499,3_to_5pp,5_to_10pct,0.50_to_0.60,minus_109_to_minus_101,UNBUCKETED,170_to_174.9,SUN,FEB
Basketball,NCAAM,NCAAM_2026_02_09_Chicago_State_Cougars_Saint_Francis_PA_Red_Flash,2026_02_09,12:00 PM,Chicago State Cougars,Saint Francis PA Red Flash,0.561,0.439,69.8,71.7,141.5,142.0,-120.0,100.0,1.833333,2.0,2.0,1.8333333333333333,0.5,0.5454545454545454,0.4782608695652174,0.5217391304347826,0.561,0.439,2.277904328018223,1.7825311942959,2.312072892938496,1.8092691622103385,131.0,-123.0,0.0284998130000002,-0.122,0.0392608695652174,-0.0392608695652174,0.0341997892799158,0.0,2.8499813000000263,-12.2,3.926086956521746,-3.9260869565217407,home,-120.0,-120.0,0.0284998130000002,0.0341997892799158,0.561,3.926086956521746,0.0085499473199789,moneyline,ncaam,,,,,,,,,,,,,,,,,,,,,,,,,,,,,,,,,,,,,,,,,,,,,,,,,,,,,80.0,75.0,Win,0.8333333333333335,0.0071249560999824,NCAAM,HOME,0.02_to_0.0299,3_to_5pp,2.5_to_5pct,0.50_to_0.60,minus_124_to_minus_110,UNBUCKETED,UNBUCKETED,MON,FEB
Basketball,NCAAM,NCAAM_2026_02_09_Drake_Bulldogs_Valparaiso_Beacons,2026_02_09,12:00 PM,Drake Bulldogs,Valparaiso Beacons,0.595,0.405,70.4,73.1,143.5,143.5,-145.0,125.0,1.689655,2.25,2.25,1.6896551724137931,0.4444444444444444,0.5918367346938775,0.4288840262582056,0.5711159737417943,0.595,0.405,2.469135802469136,1.680672268907563,2.5061728395061724,1.7058823529411764,150.0,-141.0,0.0053447249999998,-0.0887499999999998,0.0238840262582056,-0.0238840262582055,0.0077498531874631,0.0,0.5344724999999828,-8.87499999999999,2.3884026258205626,-2.3884026258205573,home,-145.0,-145.0,0.0053447249999998,0.0077498531874631,0.595,2.3884026258205626,0.0019374632968657,moneyline,ncaam,,,,,,,,,,,,,,,,,,,,,,,,,,,,,,,,,,,,,,,,,,,,,,,,,,,,,76.0,81.0,Loss,-1.0,-0.0019374632968657,NCAAM,HOME,0.00_to_0.0099,2_to_3pp,0.0_to_2.5pct,0.50_to_0.60,minus_149_to_minus_125,UNBUCKETED,UNBUCKETED,MON,FEB
Basketball,NCAAM,NCAAM_2026_02_09_Bucknell_Bison_Navy_Midshipmen,2026_02_09,12:00 PM,Bucknell Bison,Navy Midshipmen,0.258,0.742,71.9,63.9,135.8,134.0,,,,,,,,,,,,,,,,,,,,,,,,,,,,,away,-6.5,-108.0,0.0652176542398286,0.0704350609442099,0.5530937607363048,5.5288666260843495,0.0176087652360524,spread,ncaam,6.5,-6.5,-110.0,-108.0,1.909091,1.925926,0.4469062392636952,0.5530937607363048,2.2376058155902228,1.8080117169804129,2.461366397149245,1.988812888678454,146.0,-101.0,0.5238094988662143,0.5192307492603558,0.5021949055245387,0.4978050944754613,-0.1468153207778327,0.0652176542398286,-0.0552886662608435,0.0552886662608435,0.0,0.0704350609442099,-14.681532077783276,6.5217654239828615,-5.5288666260843495,5.5288666260843495,,,,,,,,,,,,,,,,,,,,,,,,,60.0,76.0,Win,0.925925925925926,0.016304412255604,NCAAM,AWAY,0.05_to_0.0749,5_to_7pp,5_to_10pct,0.50_to_0.60,minus_109_to_minus_101,6.0_to_6.9,UNBUCKETED,MON,FEB
Basketball,NCAAM,NCAAM_2026_02_09_Arkansas_Pine_Bluff_Golden_Lions_Jackson_State_Tigers,2026_02_09,12:00 PM,Arkansas Pine Bluff Golden Lions,Jackson State Tigers,0.716,0.284,74.5,80.4,154.9,155.0,,,,,,,,,,,,,,,,,,,,,,,,,,,,,away,8.0,-110.0,0.0960481018324903,0.1056529014504493,0.5741204069541422,7.412040695414223,0.0264132253626123,spread,ncaam,-8.0,8.0,-110.0,-110.0,1.909091,1.909091,0.4258795930458577,0.5741204069541422,2.348081514890342,1.74179490554126,2.5828896663793763,1.915974396095386,158.0,-109.0,0.5238094988662143,0.5238094988662143,0.5,0.5,-0.1869571018324903,0.0960481018324903,-0.0741204069541422,0.0741204069541422,0.0,0.1056529014504493,-18.69571018324904,9.604810183249036,-7.412040695414229,7.412040695414223,,,,,,,,,,,,,,,,,,,,,,,,,84.0,63.0,Loss,-1.0,-0.0264132253626123,NCAAM,AWAY,0.075_to_0.0999,7_to_10pp,10_to_20pct,0.50_to_0.60,minus_124_to_minus_110,8.0_to_8.9,UNBUCKETED,MON,FEB
Basketball,NCAAM,NCAAM_2026_02_09_Louisville_Cardinals_NC_State_Wolfpack,2026_02_09,12:00 PM,Louisville Cardinals,NC State Wolfpack,0.704,0.296,77.6,83.1,160.7,161.5,,,,,,,,,,,,,,,,,,,,,,,,,,,,,away,7.5,-110.0,0.0893825026413581,0.0983207430734197,0.5706289027821922,7.062890278219225,0.0245801857683549,spread,ncaam,-7.5,7.5,-110.0,-110.0,1.909091,1.909091,0.4293710972178077,0.5706289027821922,2.328987690321243,1.752452417191524,2.561886459353368,1.927697658910677,156.0,-107.0,0.5238094988662143,0.5238094988662143,0.5,0.5,-0.1802915026413583,0.0893825026413581,-0.0706289027821923,0.0706289027821922,0.0,0.0983207430734197,-18.02915026413583,8.938250264135817,-7.06289027821923,7.062890278219225,,,,,,,,,,,,,,,,,,,,,,,,,118.0,77.0,Loss,-1.0,-0.0245801857683549,NCAAM,AWAY,0.075_to_0.0999,7_to_10pp,5_to_10pct,0.50_to_0.60,minus_124_to_minus_110,7.0_to_7.9,UNBUCKETED,MON,FEB
Basketball,NCAAM,NCAAM_2026_02_09_Southern_University_Jaguars_Alabama_State_Hornets,2026_02_09,12:00 PM,Southern University Jaguars,Alabama State Hornets,0.709,0.291,73.0,78.5,151.5,148.0,,,,,,,,,,,,,,,,,,,,,,,,,,,,,away,7.0,-103.0,0.0900781125974032,0.0927804355636295,0.5530937607363045,6.105555936077655,0.0231951088909073,spread,ncaam,-7.0,7.0,-110.0,-103.0,1.909091,1.970874,0.4469062392636955,0.5530937607363045,2.237605815590221,1.8080117169804133,2.461366397149243,1.9888128886784555,146.0,-101.0,0.5238094988662143,0.5073891075735942,0.5079617986244722,0.4920382013755279,-0.1468153207778322,0.0900781125974032,-0.0610555593607767,0.0610555593607765,0.0,0.0927804355636295,-14.68153207778322,9.007811259740327,-6.105555936077672,6.105555936077655,,,,,,,,,,,,,,,,,,,,,,,,,69.0,68.0,Win,0.970873786407767,0.0225195231950556,NCAAM,AWAY,0.075_to_0.0999,5_to_7pp,5_to_10pct,0.50_to_0.60,minus_109_to_minus_101,7.0_to_7.9,UNBUCKETED,MON,FEB
Basketball,NCAAM,NCAAM_2026_02_09_St_Johns_Red_Storm_Xavier_Musketeers,2026_02_09,12:00 PM,St. Johns Red Storm,Xavier Musketeers,0.907,0.093,72.6,85.2,157.8,159.5,,,,,,,,,,,,,,,,,,,,,,,,,,,,,under,159.5,-110.0,0.0273797938946191,0.0301177702723042,0.5381512949852151,3.815129498521508,0.007529442568076,total,ncaam,,,,,,,,,,,,,,,,,,,,,,,,,,,,,-110.0,-110.0,1.909091,1.909091,0.4618487050147849,0.5381512949852151,2.165211224242769,1.858213497428216,2.230167560970052,1.9139599023510625,0.5238094988662143,0.5238094988662143,0.5,0.5,-0.1182887938946192,0.0273797938946191,-0.038151294985215,0.038151294985215,0.0,0.0301177702723042,-11.82887938946192,2.73797938946192,-3.815129498521508,3.815129498521508,87.0,82.0,Loss,-1.0,-0.007529442568076,NCAAM,UNDER,0.02_to_0.0299,3_to_5pp,2.5_to_5pct,0.50_to_0.60,minus_124_to_minus_110,UNBUCKETED,155_to_159.9,MON,FEB
Basketball,NCAAM,NCAAM_2026_02_10_Illinois_Fighting_Illini_Wisconsin_Badgers,2026_02_10,12:00 PM,Illinois Fighting Illini,Wisconsin Badgers,0.845,0.155,74.8,84.7,159.5,153.0,,,,,,,,,,,,,,,,,,,,,,,,,,,,,away,10.5,-106.0,0.013073819549622,0.0138582520485797,0.5212904727341324,2.574279145707692,0.0034645630121449,spread,ncaam,-10.5,10.5,-110.0,-106.0,1.909091,1.943396,0.4787095272658676,0.5212904727341324,2.088949442288029,1.918316279127584,2.297844386516832,2.110147907040342,129.0,111.0,0.5238094988662143,0.5145631667452233,0.5044523187229444,0.4955476812770555,-0.0860999498824776,0.013073819549622,-0.0257427914570768,0.0257427914570769,0.0,0.0138582520485797,-8.60999498824776,1.3073819549622057,-2.574279145707681,2.574279145707692,,,,,,,,,,,,,,,,,,,,,,,,,90.0,92.0,Win,0.9433962264150944,0.0032684556718348,NCAAM,AWAY,0.01_to_0.0199,2_to_3pp,0.0_to_2.5pct,0.50_to_0.60,minus_109_to_minus_101,10.0_to_11.9,UNBUCKETED,TUE,FEB
Basketball,NCAAM,NCAAM_2026_02_10_UNLV_Rebels_San_Jose_State_Spartans,2026_02_10,12:00 PM,UNLV Rebels,San Jose State Spartans,0.883,0.117,69.4,80.5,149.9,149.5,,,,,,,,,,,,,,,,,,,,,,,,,,,,,away,13.0,-110.0,0.0827063384169559,0.0909769631609551,0.5671318645454595,5.79659934001171,0.0227442407902387,spread,ncaam,-13.0,13.0,-102.0,-110.0,1.980392,1.909091,0.4328681354545405,0.5671318645454595,2.3101723552599527,1.7632583575628789,2.5411895907859483,1.9395841933191669,154.0,-106.0,0.504950535045587,0.5238094988662143,0.4908341288546575,0.5091658711453424,-0.1427514074909116,0.0827063384169559,-0.0579659934001169,0.0579659934001171,0.0,0.0909769631609551,-14.275140749091165,8.270633841695595,-5.796599340011699,5.79659934001171,,,,,,,,,,,,,,,,,,,,,,,,,82.0,75.0,Win,0.9090909090909092,0.0206765825365806,NCAAM,AWAY,0.075_to_0.0999,5_to_7pp,5_to_10pct,0.50_to_0.60,minus_124_to_minus_110,12.0_to_14.9,UNBUCKETED,TUE,FEB
Basketball,NCAAM,NCAAM_2026_02_10_Gonzaga_Bulldogs_Washington_State_Cougars,2026_02_10,12:00 PM,Gonzaga Bulldogs,Washington State Cougars,0.955,0.045,69.2,86.4,155.6,157.5,,,,,,,,,,,,,,,,,,,,,,,,,,,,,under,157.5,-110.0,0.035917576593113,0.0395093303014912,0.5426234666619417,4.262346666194173,0.0098773325753728,total,ncaam,,,,,,,,,,,,,,,,,,,,,,,,,,,,,-110.0,-110.0,1.909091,1.909091,0.4573765333380583,0.5426234666619417,2.186382394176912,1.8428985501709,2.25197386600222,1.898185506676027,0.5238094988662143,0.5238094988662143,0.5,0.5,-0.1268265765931129,0.035917576593113,-0.0426234666619417,0.0426234666619417,0.0,0.0395093303014912,-12.682657659311293,3.591757659311301,-4.262346666194173,4.262346666194173,83.0,53.0,Win,0.9090909090909092,0.0089793932503389,NCAAM,UNDER,0.03_to_0.0399,3_to_5pp,2.5_to_5pct,0.50_to_0.60,minus_124_to_minus_110,UNBUCKETED,155_to_159.9,TUE,FEB
Basketball,NCAAM,NCAAM_2026_02_11_Western_Carolina_Catamounts_The_Citadel_Bulldogs,2026_02_11,12:00 PM,Western Carolina Catamounts,The Citadel Bulldogs,0.763,0.237,69.8,77.4,147.2,146.0,,,,,,,,,,,,,,,,,,,,,,,,,,,,,away,9.5,-108.0,0.0922540033565777,0.0996343156543587,0.567131864545459,6.932677006999777,0.0249085789135896,spread,ncaam,-9.5,9.5,-110.0,-108.0,1.909091,1.925926,0.4328681354545409,0.567131864545459,2.31017235525995,1.7632583575628802,2.541189590785945,1.9395841933191684,154.0,-106.0,0.5238094988662143,0.5192307492603558,0.5021949055245387,0.4978050944754613,-0.1736153384169549,0.0922540033565777,-0.0693267700699978,0.0693267700699977,0.0,0.0996343156543587,-17.361533841695497,9.225400335657774,-6.932677006999782,6.932677006999777,,,,,,,,,,,,,,,,,,,,,,,,,87.0,49.0,Loss,-1.0,-0.0249085789135896,NCAAM,AWAY,0.075_to_0.0999,5_to_7pp,5_to_10pct,0.50_to_0.60,minus_109_to_minus_101,9.0_to_9.9,UNBUCKETED,WED,FEB
Basketball,NCAAM,NCAAM_2026_02_11_East_Carolina_Pirates_UTSA_Roadrunners,2026_02_11,12:00 PM,East Carolina Pirates,UTSA Roadrunners,0.803,0.197,69.0,77.5,146.5,149.5,,,,,,,,,,,,,,,,,,,,,,,,,,,,,away,11.0,-115.0,0.0993523766825805,0.1142552617487831,0.5880257582285615,7.7191486891394545,0.0285638154371957,spread,ncaam,-11.0,11.0,-105.0,-115.0,1.952381,1.869565,0.4119742417714385,0.5880257582285615,2.427336223012689,1.7006057745030057,2.670069845313958,1.8706663519533064,167.0,-114.0,0.5121951094586559,0.5348837831260214,0.489165728662833,0.510834271337167,-0.1956693178760371,0.0993523766825805,-0.0771914868913944,0.0771914868913945,0.0,0.1142552617487831,-19.56693178760372,9.935237668258058,-7.719148689139449,7.7191486891394545,,,,,,,,,,,,,,,,,,,,,,,,,88.0,72.0,Loss,-1.0,-0.0285638154371957,NCAAM,AWAY,0.075_to_0.0999,7_to_10pp,10_to_20pct,0.50_to_0.60,minus_124_to_minus_110,10.0_to_11.9,UNBUCKETED,WED,FEB
Basketball,NCAAM,NCAAM_2026_02_11_Florida_Gulf_Coast_Eagles_North_Florida_Ospreys,2026_02_11,12:00 PM,Florida Gulf Coast Eagles,North Florida Ospreys,0.872,0.128,77.2,88.0,165.2,163.5,,,,,,,,,,,,,,,,,,,,,,,,,,,,,away,12.5,-110.0,0.0693243681991275,0.0762567973933604,0.5601222614318162,6.01222614318162,0.0190641993483401,spread,ncaam,-12.5,12.5,-110.0,-110.0,1.909091,1.909091,0.4398777385681838,0.5601222614318162,2.273358963913546,1.7853245065528076,2.500694860304901,1.9638569572080888,150.0,-103.0,0.5238094988662143,0.5238094988662143,0.5,0.5,-0.1602333681991273,0.0693243681991275,-0.0601222614318162,0.0601222614318162,0.0,0.0762567973933604,-16.023336819912736,6.932436819912757,-6.01222614318162,6.01222614318162,,,,,,,,,,,,,,,,,,,,,,,,,90.0,81.0,Win,0.9090909090909092,0.0173310903166728,NCAAM,AWAY,0.05_to_0.0749,5_to_7pp,5_to_10pct,0.50_to_0.60,minus_124_to_minus_110,12.0_to_14.9,UNBUCKETED,WED,FEB
Basketball,NCAAM,NCAAM_2026_02_11_Jacksonville_State_Gamecocks_UTEP_Miners,2026_02_11,12:00 PM,Jacksonville State Gamecocks,UTEP Miners,0.695,0.305,63.7,68.9,132.6,130.0,,,,,,,,,,,,,,,,,,,,,,,,,,,,,away,6.5,-108.0,0.0516490869949384,0.0557810094920527,0.5460485433993509,4.824344892388965,0.0139452523730131,spread,ncaam,-6.5,6.5,-110.0,-108.0,1.909091,1.925926,0.453951456600649,0.5460485433993509,2.2028787119406066,1.8313390120494344,2.423166583134668,2.014472913254378,142.0,101.0,0.5238094988662143,0.5192307492603558,0.5021949055245387,0.4978050944754613,-0.1333653597668103,0.0516490869949384,-0.0482434489238897,0.0482434489238896,0.0,0.0557810094920527,-13.33653597668103,5.164908699493842,-4.824344892388971,4.824344892388965,,,,,,,,,,,,,,,,,,,,,,,,,64.0,69.0,Win,0.925925925925926,0.0129122707157528,NCAAM,AWAY,0.05_to_0.0749,3_to_5pp,5_to_10pct,0.50_to_0.60,minus_109_to_minus_101,6.0_to_6.9,UNBUCKETED,WED,FEB
Basketball,NCAAM,NCAAM_2026_02_11_Syracuse_Orange_California_Golden_Bears,2026_02_11,12:00 PM,Syracuse Orange,California Golden Bears,0.691,0.309,72.1,77.3,149.4,148.5,,,,,,,,,,,,,,,,,,,,,,,,,,,,,away,7.0,-115.0,0.0537420998795974,0.0618034303123947,0.563629560822757,5.279528948558998,0.0154508575780986,spread,ncaam,-7.0,7.0,-105.0,-115.0,1.952381,1.869565,0.436370439177243,0.563629560822757,2.291630940641752,1.7742149622887988,2.5207940347059274,1.9516364585176789,152.0,-105.0,0.5121951094586559,0.5348837831260214,0.489165728662833,0.510834271337167,-0.1480386455886951,0.0537420998795974,-0.0527952894855899,0.0527952894855899,0.0,0.0618034303123947,-14.803864558869517,5.374209987959744,-5.279528948558998,5.279528948558998,,,,,,,,,,,,,,,,,,,,,,,,,107.0,100.0,Push,0.0,0.0,NCAAM,AWAY,0.05_to_0.0749,5_to_7pp,5_to_10pct,0.50_to_0.60,minus_124_to_minus_110,7.0_to_7.9,UNBUCKETED,WED,FEB
Basketball,NCAAM,NCAAM_2026_02_11_Central_Arkansas_Bears_Bellarmine_Knights,2026_02_11,12:00 PM,Central Arkansas Bears,Bellarmine Knights,0.749,0.251,73.6,80.7,154.3,157.5,,,,,,,,,,,,,,,,,,,,,,,,,,,,,away,8.5,-108.0,0.058437131239672,0.0631120966898781,0.5495731046985565,5.176801022309519,0.0157780241724695,spread,ncaam,-8.5,8.5,-110.0,-108.0,1.909091,1.925926,0.4504268953014435,0.5495731046985565,2.2201160952672696,1.819594138524128,2.4421277047939967,2.0015535523765404,144.0,100.0,0.5238094988662143,0.5192307492603558,0.5021949055245387,0.4978050944754613,-0.1400940680220719,0.058437131239672,-0.0517680102230952,0.0517680102230951,0.0,0.0631120966898781,-14.009406802207192,5.843713123967209,-5.176801022309524,5.176801022309519,,,,,,,,,,,,,,,,,,,,,,,,,84.0,76.0,Win,0.925925925925926,0.0146092816411754,NCAAM,AWAY,0.05_to_0.0749,5_to_7pp,5_to_10pct,0.50_to_0.60,minus_109_to_minus_101,8.0_to_8.9,UNBUCKETED,WED,FEB
Basketball,NCAAM,NCAAM_2026_02_11_Mississippi_State_Bulldogs_Tennessee_Volunteers,2026_02_11,12:00 PM,Mississippi State Bulldogs,Tennessee Volunteers,0.223,0.777,80.1,71.1,151.2,146.0,,,,,,,,,,,,,,,,,,,,,,,,,,,,,away,-7.5,-108.0,0.0652176542398279,0.0704350609442093,0.5530937607363045,5.528866626084317,0.0176087652360523,spread,ncaam,7.5,-7.5,-110.0,-108.0,1.909091,1.925926,0.4469062392636955,0.5530937607363045,2.237605815590221,1.8080117169804133,2.461366397149243,1.9888128886784555,146.0,-101.0,0.5238094988662143,0.5192307492603558,0.5021949055245387,0.4978050944754613,-0.1468153207778322,0.0652176542398279,-0.0552886662608432,0.0552886662608431,0.0,0.0704350609442093,-14.68153207778322,6.521765423982795,-5.528866626084322,5.528866626084317,,,,,,,,,,,,,,,,,,,,,,,,,64.0,73.0,Win,0.925925925925926,0.0163044122556039,NCAAM,AWAY,0.05_to_0.0749,5_to_7pp,5_to_10pct,0.50_to_0.60,minus_109_to_minus_101,7.0_to_7.9,UNBUCKETED,WED,FEB
Basketball,NCAAM,NCAAM_2026_02_11_Texas_AM_Aggies_Missouri_Tigers,2026_02_11,12:00 PM,Texas AM Aggies,Missouri Tigers,0.691,0.309,78.7,83.9,162.6,159.5,,,,,,,,,,,,,,,,,,,,,,,,,,,,,away,6.5,-108.0,0.0516490869949384,0.0557810094920527,0.5460485433993509,4.379104195594563,0.0139452523730131,spread,ncaam,-6.5,6.5,-106.0,-108.0,1.943396,1.925926,0.453951456600649,0.5460485433993509,2.2028787119406066,1.8313390120494344,2.423166583134668,2.014472913254378,142.0,101.0,0.5145631667452233,0.5192307492603558,0.4977424985565946,0.5022575014434053,-0.1177925550481251,0.0516490869949384,-0.0437910419559455,0.0437910419559456,0.0,0.0557810094920527,-11.779255504812514,5.164908699493842,-4.379104195594557,4.379104195594563,,,,,,,,,,,,,,,,,,,,,,,,,85.0,86.0,Win,0.925925925925926,0.0129122707157528,NCAAM,AWAY,0.05_to_0.0749,3_to_5pp,5_to_10pct,0.50_to_0.60,minus_109_to_minus_101,6.0_to_6.9,UNBUCKETED,WED,FEB
Basketball,NCAAM,NCAAM_2026_02_11_Santa_Clara_Broncos_Seattle_Redhawks,2026_02_11,12:00 PM,Santa Clara Broncos,Seattle Redhawks,0.879,0.121,67.7,78.8,146.5,147.0,,,,,,,,,,,,,,,,,,,,,,,,,,,,,away,12.5,-105.0,0.0729760877244731,0.0766248882794524,0.5495731046985569,4.957310469855692,0.0191562220698631,spread,ncaam,-12.5,12.5,-105.0,-105.0,1.952381,1.952381,0.4504268953014431,0.5495731046985569,2.220116095267272,1.819594138524126,2.442127704794,2.001553552376539,144.0,100.0,0.5121951094586559,0.5121951094586559,0.5,0.5,-0.1205950877244732,0.0729760877244731,-0.0495731046985569,0.0495731046985569,0.0,0.0766248882794524,-12.059508772447325,7.297608772447317,-4.957310469855692,4.957310469855692,,,,,,,,,,,,,,,,,,,,,,,,,84.0,72.0,Win,0.9523809523809524,0.0182440210189172,NCAAM,AWAY,0.05_to_0.0749,3_to_5pp,5_to_10pct,0.50_to_0.60,minus_109_to_minus_101,12.0_to_14.9,UNBUCKETED,WED,FEB
Basketball,NCAAM,NCAAM_2026_02_11_Texas_Tech_Red_Raiders_Colorado_Buffaloes,2026_02_11,12:00 PM,Texas Tech Red Raiders,Colorado Buffaloes,0.866,0.134,73.2,84.0,157.2,155.5,,,,,,,,,,,,,,,,,,,,,,,,,,,,,over,155.5,-107.0,0.0410961941012024,0.0439729483555723,0.5381512949852151,4.146687618755557,0.010993237088893,total,ncaam,,,,,,,,,,,,,,,,,,,,,,,,,,,,,-107.0,-110.0,1.934579,1.909091,0.5381512949852151,0.4618487050147849,1.858213497428216,2.165211224242769,1.9139599023510625,2.230167560970052,0.516908329926046,0.5238094988662143,0.4966844187976595,0.5033155812023404,0.0410961941012024,-0.1182887938946192,0.0414668761875555,-0.0414668761875555,0.0439729483555723,0.0,4.109619410120247,-11.82887938946192,4.146687618755557,-4.146687618755552,78.0,44.0,Loss,-1.0,-0.010993237088893,NCAAM,OVER,0.04_to_0.0499,3_to_5pp,2.5_to_5pct,0.50_to_0.60,minus_109_to_minus_101,UNBUCKETED,155_to_159.9,WED,FEB
Basketball,NCAAM,NCAAM_2026_02_11_Tulsa_Golden_Hurricane_UAB_Blazers,2026_02_11,12:00 PM,Tulsa Golden Hurricane,UAB Blazers,0.793,0.207,75.0,83.1,158.1,160.0,,,,,,,,,,,,,,,,,,,,,,,,,,,,,under,160.0,-110.0,0.035917576593113,0.0395093303014912,0.5426234666619417,4.262346666194173,0.0098773325753728,total,ncaam,,,,,,,,,,,,,,,,,,,,,,,,,,,,,-110.0,-110.0,1.909091,1.909091,0.4573765333380583,0.5426234666619417,2.186382394176912,1.8428985501709,2.25197386600222,1.898185506676027,0.5238094988662143,0.5238094988662143,0.5,0.5,-0.1268265765931129,0.035917576593113,-0.0426234666619417,0.0426234666619417,0.0,0.0395093303014912,-12.682657659311293,3.591757659311301,-4.262346666194173,4.262346666194173,63.0,68.0,Win,0.9090909090909092,0.0089793932503389,NCAAM,UNDER,0.03_to_0.0399,3_to_5pp,2.5_to_5pct,0.50_to_0.60,minus_124_to_minus_110,UNBUCKETED,160_to_164.9,WED,FEB
Basketball,NCAAM,NCAAM_2026_02_12_North_Texas_Mean_Green_Memphis_Tigers,2026_02_12,12:00 PM,North Texas Mean Green,Memphis Tigers,0.427,0.573,70.9,67.7,138.6,137.5,105.0,-125.0,2.05,1.8,1.8,2.05,0.5555555555555556,0.4878048780487805,0.5324675324675325,0.4675324675324676,0.427,0.573,1.7452006980802794,2.34192037470726,1.7713787085514834,2.3770491803278686,-129.0,137.0,-0.1246500000000001,0.0313999999999998,-0.0405324675324675,0.0405324675324674,0.0,0.0392499999999999,-12.465000000000014,3.1399999999999872,-4.053246753246759,4.053246753246742,away,-125.0,-125.0,0.0313999999999998,0.0392499999999999,0.573,4.053246753246742,0.0098124999999999,moneyline,ncaam,,,,,,,,,,,,,,,,,,,,,,,,,,,,,,,,,,,,,,,,,,,,,,,,,,,,,76.0,69.0,Loss,-1.0,-0.0098124999999999,NCAAM,AWAY,0.03_to_0.0399,3_to_5pp,2.5_to_5pct,0.50_to_0.60,minus_149_to_minus_125,UNBUCKETED,UNBUCKETED,THU,FEB
Basketball,NCAAM,NCAAM_2026_02_12_FIU_Golden_Panthers_Delaware_Fightin_Blue_Hens,2026_02_12,12:00 PM,FIU Golden Panthers,Delaware Fightin Blue Hens,0.746,0.254,68.8,75.9,144.7,146.0,,,,,,,,,,,,,,,,,,,,,,,,,,,,,away,8.5,-108.0,0.058437131239672,0.0631120966898781,0.5495731046985565,4.616246701567062,0.0157780241724695,spread,ncaam,-8.5,8.5,-105.0,-108.0,1.952381,1.925926,0.4504268953014435,0.5495731046985565,2.2201160952672696,1.819594138524128,2.4421277047939967,2.0015535523765404,144.0,100.0,0.5121951094586559,0.5192307492603558,0.4965893623171141,0.5034106376828859,-0.1205950877244724,0.058437131239672,-0.0461624670156706,0.0461624670156706,0.0,0.0631120966898781,-12.059508772447249,5.843713123967209,-4.616246701567062,4.616246701567062,,,,,,,,,,,,,,,,,,,,,,,,,66.0,68.0,Win,0.925925925925926,0.0146092816411754,NCAAM,AWAY,0.05_to_0.0749,3_to_5pp,5_to_10pct,0.50_to_0.60,minus_109_to_minus_101,8.0_to_8.9,UNBUCKETED,THU,FEB
Basketball,NCAAM,NCAAM_2026_02_12_Towson_Tigers_Stony_Brook_Seawolves,2026_02_12,12:00 PM,Towson Tigers,Stony Brook Seawolves,0.711,0.289,64.5,70.3,134.8,134.5,,,,,,,,,,,,,,,,,,,,,,,,,,,,,away,8.0,-111.0,0.0979720316930972,0.1087489432169542,0.577606109783254,7.544155206538139,0.0271872358042385,spread,ncaam,-8.0,8.0,-109.0,-111.0,1.917431,1.900901,0.422393890216746,0.577606109783254,2.3674584864067585,1.731283625748434,2.6042043350474344,1.9044119883232773,160.0,-110.0,0.5215311528811206,0.526066323285642,0.4978354422821273,0.5021645577178726,-0.1900888606878145,0.0979720316930972,-0.0754415520653812,0.0754415520653813,0.0,0.1087489432169542,-19.00888606878145,9.79720316930972,-7.544155206538128,7.544155206538139,,,,,,,,,,,,,,,,,,,,,,,,,69.0,57.0,Loss,-1.0,-0.0271872358042385,NCAAM,AWAY,0.075_to_0.0999,7_to_10pp,10_to_20pct,0.50_to_0.60,minus_124_to_minus_110,8.0_to_8.9,UNBUCKETED,THU,FEB
Basketball,NCAAM,NCAAM_2026_02_12_UNC_Wilmington_Seahawks_Elon_Phoenix,2026_02_12,12:00 PM,UNC Wilmington Seahawks,Elon Phoenix,0.756,0.244,71.1,78.4,149.5,149.0,,,,,,,,,,,,,,,,,,,,,,,,,,,,,away,8.5,-112.0,0.0269134457500705,0.0301430640629693,0.5425203519072337,3.819056935609111,0.0075357660157423,spread,ncaam,-8.5,8.5,-108.0,-112.0,1.925926,1.892857,0.4574796480927663,0.5425203519072337,2.1858895891194337,1.843248822803594,2.4044785480313773,2.0275737050839533,140.0,102.0,0.5192307492603558,0.5283019266642963,0.4956702174488574,0.5043297825511426,-0.1189280512672908,0.0269134457500705,-0.0381905693560911,0.0381905693560911,0.0,0.0301430640629693,-11.892805126729089,2.69134457500706,-3.819056935609111,3.819056935609111,,,,,,,,,,,,,,,,,,,,,,,,,65.0,54.0,Loss,-1.0,-0.0075357660157423,NCAAM,AWAY,0.02_to_0.0299,3_to_5pp,2.5_to_5pct,0.50_to_0.60,minus_124_to_minus_110,8.0_to_8.9,UNBUCKETED,THU,FEB
Basketball,NCAAM,NCAAM_2026_02_12_Northern_Arizona_Lumberjacks_Portland_State_Vikings,2026_02_12,12:00 PM,Northern Arizona Lumberjacks,Portland State Vikings,0.242,0.758,74.1,65.5,139.6,136.0,,,,,,,,,,,,,,,,,,,,,,,,,,,,,away,-7.0,-105.0,0.0867152518407374,0.0910510098802239,0.5566102373669574,6.221561272640575,0.0227627524700559,spread,ncaam,7.0,-7.0,-110.0,-105.0,1.909091,1.952381,0.4433897626330426,0.5566102373669574,2.2553520272131724,1.796589305885742,2.4808872299344897,1.9762482364743164,148.0,-102.0,0.5238094988662143,0.5121951094586559,0.5056053753594484,0.4943946246405516,-0.153528594665122,0.0867152518407374,-0.0622156127264058,0.0622156127264057,0.0,0.0910510098802239,-15.352859466512204,8.671525184073747,-6.22156127264058,6.221561272640575,,,,,,,,,,,,,,,,,,,,,,,,,68.0,77.0,Win,0.9523809523809524,0.0216788118762437,NCAAM,AWAY,0.075_to_0.0999,5_to_7pp,5_to_10pct,0.50_to_0.60,minus_109_to_minus_101,7.0_to_7.9,UNBUCKETED,THU,FEB
Basketball,NCAAM,NCAAM_2026_02_12_Southern_Illinois_Salukis_Evansville_Purple_Aces,2026_02_12,12:00 PM,Southern Illinois Salukis,Evansville Purple Aces,0.862,0.138,65.5,76.1,141.6,142.0,,,,,,,,,,,,,,,,,,,,,,,,,,,,,away,12.5,-110.0,0.0827063384169559,0.0909769631609551,0.5671318645454595,6.71318645454595,0.0227442407902387,spread,ncaam,-12.5,12.5,-110.0,-110.0,1.909091,1.909091,0.4328681354545405,0.5671318645454595,2.3101723552599527,1.7632583575628789,2.5411895907859483,1.9395841933191669,154.0,-106.0,0.5238094988662143,0.5238094988662143,0.5,0.5,-0.1736153384169557,0.0827063384169559,-0.0671318645454595,0.0671318645454595,0.0,0.0909769631609551,-17.361533841695575,8.270633841695595,-6.71318645454595,6.71318645454595,,,,,,,,,,,,,,,,,,,,,,,,,86.0,60.0,Loss,-1.0,-0.0227442407902387,NCAAM,AWAY,0.075_to_0.0999,5_to_7pp,5_to_10pct,0.50_to_0.60,minus_124_to_minus_110,12.0_to_14.9,UNBUCKETED,THU,FEB
Basketball,NCAAM,NCAAM_2026_02_12_San_Francisco_Dons_Oregon_State_Beavers,2026_02_12,12:00 PM,San Francisco Dons,Oregon State Beavers,0.779,0.221,67.5,75.2,142.7,140.5,,,,,,,,,,,,,,,,,,,,,,,,,,,,,away,9.0,-108.0,0.0516490869949384,0.0557810094920527,0.5460485433993509,4.931822347634424,0.0139452523730131,spread,ncaam,-9.0,9.0,-111.0,-108.0,1.900901,1.925926,0.453951456600649,0.5460485433993509,2.2028787119406066,1.8313390120494344,2.423166583134668,2.014472913254378,142.0,101.0,0.526066323285642,0.5192307492603558,0.5032696800769932,0.4967303199230067,-0.1370832221963697,0.0516490869949384,-0.0493182234763442,0.0493182234763442,0.0,0.0557810094920527,-13.70832221963697,5.164908699493842,-4.931822347634424,4.931822347634424,,,,,,,,,,,,,,,,,,,,,,,,,63.0,90.0,Win,0.925925925925926,0.0129122707157528,NCAAM,AWAY,0.05_to_0.0749,3_to_5pp,5_to_10pct,0.50_to_0.60,minus_109_to_minus_101,9.0_to_9.9,UNBUCKETED,THU,FEB
Basketball,NCAAM,NCAAM_2026_02_12_Cleveland_State_Vikings_Robert_Morris_Colonials,2026_02_12,12:00 PM,Cleveland State Vikings,Robert Morris Colonials,0.394,0.606,78.6,74.5,153.1,154.5,,,,,,,,,,,,,,,,,,,,,,,,,,,,,under,154.5,-105.0,0.0375619552900385,0.0394400510825379,0.5314341592599183,3.703953461936671,0.0098600127706344,total,ncaam,,,,,,,,,,,,,,,,,,,,,,,,,,,,,-110.0,-105.0,1.909091,1.952381,0.4685658407400817,0.5314341592599183,2.134171791995205,1.881700644521256,2.1981969457550616,1.9381516638568936,0.5238094988662143,0.5121951094586559,0.5056053753594484,0.4943946246405516,-0.1054651705356767,0.0375619552900385,-0.0370395346193667,0.0370395346193667,0.0,0.0394400510825379,-10.546517053567673,3.7561955290038576,-3.703953461936671,3.703953461936671,68.0,85.0,Win,0.9523809523809524,0.0093904883529851,NCAAM,UNDER,0.03_to_0.0399,3_to_5pp,2.5_to_5pct,0.50_to_0.60,minus_109_to_minus_101,UNBUCKETED,150_to_154.9,THU,FEB
Basketball,NCAAM,NCAAM_2026_02_13_Boise_State_Broncos_UNLV_Rebels,2026_02_13,12:00 PM,Boise State Broncos,UNLV Rebels,0.8,0.2,72.4,80.9,153.3,153.5,,,,,,,,,,,,,,,,,,,,,,,,,,,,,away,10.5,-108.0,0.0989890402196964,0.1069081548846197,0.5706289027821922,7.389858285918555,0.0267270387211549,spread,ncaam,-10.5,10.5,-111.0,-108.0,1.900901,1.925926,0.4293710972178077,0.5706289027821922,2.328987690321243,1.752452417191524,2.561886459353368,1.927697658910677,156.0,-107.0,0.526066323285642,0.5192307492603558,0.5032696800769932,0.4967303199230067,-0.1838080519275721,0.0989890402196964,-0.0738985828591855,0.0738985828591855,0.0,0.1069081548846197,-18.38080519275721,9.898904021969646,-7.389858285918555,7.389858285918555,,,,,,,,,,,,,,,,,,,,,,,,,83.0,86.0,Win,0.925925925925926,0.0247472580751434,NCAAM,AWAY,0.075_to_0.0999,7_to_10pp,10_to_20pct,0.50_to_0.60,minus_109_to_minus_101,10.0_to_11.9,UNBUCKETED,FRI,FEB
Basketball,NCAAM,NCAAM_2026_02_13_Akron_Zips_UMass_Minutemen,2026_02_13,12:00 PM,Akron Zips,UMass Minutemen,0.902,0.098,74.4,86.8,161.2,162.5,,,,,,,,,,,,,,,,,,,,,,,,,,,,,under,162.5,-105.0,0.0331864141622946,0.0348457331281228,0.5291930284930527,3.2603666175938626,0.0087114332820307,total,ncaam,,,,,,,,,,,,,,,,,,,,,,,,,,,,,-108.0,-105.0,1.925926,1.952381,0.4708069715069473,0.5291930284930527,2.124012728187148,1.889669640674656,2.1877331100327626,1.946359729894896,0.5192307492603558,0.5121951094586559,0.5034106376828859,0.4965893623171141,-0.093260612593511,0.0331864141622946,-0.0326036661759385,0.0326036661759386,0.0,0.0348457331281228,-9.326061259351103,3.318641416229462,-3.2603666175938573,3.2603666175938626,99.0,92.0,Loss,-1.0,-0.0087114332820307,NCAAM,UNDER,0.03_to_0.0399,3_to_5pp,2.5_to_5pct,0.50_to_0.60,minus_109_to_minus_101,UNBUCKETED,160_to_164.9,FRI,FEB
Basketball,NCAAM,NCAAM_2026_02_13_Miami_RedHawks_Ohio_Bobcats,2026_02_13,12:00 PM,Miami RedHawks,Ohio Bobcats,0.817,0.183,76.7,85.7,162.4,164.0,,,,,,,,,,,,,,,,,,,,,,,,,,,,,under,164.0,-110.0,0.0231073782460204,0.0254181135288112,0.5359133630853744,3.591336308537441,0.0063545283822028,total,ncaam,,,,,,,,,,,,,,,,,,,,,,,,,,,,,-110.0,-110.0,1.909091,1.909091,0.4640866369146256,0.5359133630853744,2.1547700805355494,1.8659732503081727,2.219413182951616,1.921952447817418,0.5238094988662143,0.5238094988662143,0.5,0.5,-0.1140163782460205,0.0231073782460204,-0.0359133630853744,0.0359133630853744,0.0,0.0254181135288112,-11.401637824602052,2.3107378246020494,-3.591336308537441,3.591336308537441,90.0,74.0,Push,0.0,0.0,NCAAM,UNDER,0.02_to_0.0299,3_to_5pp,2.5_to_5pct,0.50_to_0.60,minus_124_to_minus_110,UNBUCKETED,160_to_164.9,FRI,FEB
Basketball,NCAAM,NCAAM_2026_02_14_Xavier_Musketeers_Marquette_Golden_Eagles,2026_02_14,12:00 PM,Xavier Musketeers,Marquette Golden Eagles,0.588,0.412,75.7,78.1,153.8,155.5,-135.0,115.0,1.740741,2.15,2.15,1.7407407407407407,0.4651162790697674,0.574468085106383,0.447405997144217,0.552594002855783,0.588,0.412,2.4271844660194177,1.7006802721088436,2.4635922330097086,1.726190476190476,146.0,-137.0,0.0235557079999999,-0.1142,0.0354059971442169,-0.035405997144217,0.0318001946699318,0.0,2.355570799999996,-11.420000000000009,3.5405997144216994,-3.540599714421705,home,-135.0,-135.0,0.0235557079999999,0.0318001946699318,0.588,3.5405997144216994,0.0079500486674829,moneyline,ncaam,,,,,,,,,,,,,,,,,,,,,,,,,,,,,,,,,,,,,,,,,,,,,,,,,,,,,96.0,88.0,Win,0.7407407407407407,0.0058889249388762,NCAAM,HOME,0.02_to_0.0299,3_to_5pp,2.5_to_5pct,0.50_to_0.60,minus_149_to_minus_125,UNBUCKETED,UNBUCKETED,SAT,FEB
Basketball,NCAAM,NCAAM_2026_02_14_Chattanooga_Mocs_Western_Carolina_Catamounts,2026_02_14,12:00 PM,Chattanooga Mocs,Western Carolina Catamounts,0.559,0.441,75.6,77.4,153.0,151.0,-125.0,105.0,1.8,2.05,2.05,1.8,0.4878048780487805,0.5555555555555556,0.4675324675324676,0.5324675324675325,0.559,0.441,2.2675736961451247,1.7889087656529514,2.3015873015873014,1.815742397137745,130.0,-122.0,0.0062000000000002,-0.09595,0.0265324675324675,-0.0265324675324675,0.0077500000000001,0.0,0.6200000000000205,-9.59500000000001,2.653246753246752,-2.6532467532467576,home,-125.0,-125.0,0.0062000000000002,0.0077500000000001,0.559,2.653246753246752,0.0019375,moneyline,ncaam,,,,,,,,,,,,,,,,,,,,,,,,,,,,,,,,,,,,,,,,,,,,,,,,,,,,,76.0,81.0,Loss,-1.0,-0.0019375,NCAAM,HOME,0.00_to_0.0099,2_to_3pp,0.0_to_2.5pct,0.50_to_0.60,minus_149_to_minus_125,UNBUCKETED,UNBUCKETED,SAT,FEB
Basketball,NCAAM,NCAAM_2026_02_14_Incarnate_Word_Cardinals_Nicholls_State_Colonels,2026_02_14,12:00 PM,Incarnate Word Cardinals,Nicholls State Colonels,0.573,0.427,69.7,71.8,141.5,148.5,-130.0,110.0,1.769231,2.1,2.1,1.7692307692307692,0.4761904761904761,0.5652173913043479,0.4572564612326044,0.5427435387673957,0.573,0.427,2.34192037470726,1.7452006980802794,2.3770491803278686,1.7713787085514834,137.0,-129.0,0.0137693629999999,-0.1032999999999999,0.0302564612326042,-0.0302564612326043,0.0179001665299499,0.0,1.376936299999998,-10.329999999999997,3.025646123260428,-3.0256461232604392,home,-130.0,-130.0,0.0137693629999999,0.0179001665299499,0.573,3.025646123260428,0.0044750416324874,moneyline,ncaam,,,,,,,,,,,,,,,,,,,,,,,,,,,,,,,,,,,,,,,,,,,,,,,,,,,,,83.0,91.0,Loss,-1.0,-0.0044750416324874,NCAAM,HOME,0.01_to_0.0199,3_to_5pp,0.0_to_2.5pct,0.50_to_0.60,minus_149_to_minus_125,UNBUCKETED,UNBUCKETED,SAT,FEB
Basketball,NCAAM,NCAAM_2026_02_14_Boston_University_Terriers_Bucknell_Bison,2026_02_14,12:00 PM,Boston University Terriers,Bucknell Bison,0.696,0.304,66.2,71.3,137.5,137.0,,,,,,,,,,,,,,,,,,,,,,,,,,,,,away,6.0,-108.0,0.0244323168566098,0.0263869000941866,0.5319167594479798,3.624654199912236,0.0065967250235466,spread,ncaam,-6.0,6.0,-112.0,-108.0,1.892857,1.925926,0.4680832405520202,0.5319167594479798,2.136372152142596,1.8799934054301928,2.350009367356856,2.067992745973212,135.0,106.0,0.5283019266642963,0.5192307492603558,0.5043297825511426,0.4956702174488574,-0.1139853615384246,0.0244323168566098,-0.0362465419991223,0.0362465419991223,0.0,0.0263869000941866,-11.398536153842464,2.443231685660985,-3.624654199912236,3.624654199912236,,,,,,,,,,,,,,,,,,,,,,,,,82.0,69.0,Loss,-1.0,-0.0065967250235466,NCAAM,AWAY,0.02_to_0.0299,3_to_5pp,2.5_to_5pct,0.50_to_0.60,minus_109_to_minus_101,6.0_to_6.9,UNBUCKETED,SAT,FEB
Basketball,NCAAM,NCAAM_2026_02_14_New_Haven_Chargers_LIU_Sharks,2026_02_14,12:00 PM,New Haven Chargers,LIU Sharks,0.254,0.746,69.5,61.3,130.8,129.5,,,,,,,,,,,,,,,,,,,,,,,,,,,,,away,-6.5,-110.0,0.0693243681991275,0.0762567973933604,0.5601222614318162,5.451688607236783,0.0190641993483401,spread,ncaam,6.5,-6.5,-105.0,-110.0,1.952381,1.909091,0.4398777385681838,0.5601222614318162,2.273358963913546,1.7853245065528076,2.500694860304901,1.9638569572080888,150.0,-103.0,0.5121951094586559,0.5238094988662143,0.4943946246405516,0.5056053753594484,-0.1411910608965108,0.0693243681991275,-0.0545168860723678,0.0545168860723678,0.0,0.0762567973933604,-14.11910608965108,6.932436819912757,-5.451688607236783,5.451688607236783,,,,,,,,,,,,,,,,,,,,,,,,,55.0,52.0,Loss,-1.0,-0.0190641993483401,NCAAM,AWAY,0.05_to_0.0749,5_to_7pp,5_to_10pct,0.50_to_0.60,minus_124_to_minus_110,6.0_to_6.9,UNBUCKETED,SAT,FEB
Basketball,NCAAM,NCAAM_2026_02_14_The_Citadel_Bulldogs_Mercer_Bears,2026_02_14,12:00 PM,The Citadel Bulldogs,Mercer Bears,0.174,0.826,78.5,68.0,146.5,147.5,,,,,,,,,,,,,,,,,,,,,,,,,,,,,away,-9.5,-110.0,0.0222307613842629,0.0244538350773057,0.5354541828463195,3.5454182846319515,0.0061134587693264,spread,ncaam,9.5,-9.5,-110.0,-110.0,1.909091,1.909091,0.4645458171536805,0.5354541828463195,2.1526401983922745,1.867573420912111,2.367904218231502,2.0543307630033225,136.0,105.0,0.5238094988662143,0.5238094988662143,0.5,0.5,-0.1131397613842629,0.0222307613842629,-0.0354541828463195,0.0354541828463195,0.0,0.0244538350773057,-11.313976138426296,2.2230761384262943,-3.5454182846319515,3.5454182846319515,,,,,,,,,,,,,,,,,,,,,,,,,54.0,70.0,Win,0.9090909090909092,0.0055576897902967,NCAAM,AWAY,0.02_to_0.0299,3_to_5pp,0.0_to_2.5pct,0.50_to_0.60,minus_124_to_minus_110,9.0_to_9.9,UNBUCKETED,SAT,FEB
Basketball,NCAAM,NCAAM_2026_02_14_Central_Arkansas_Bears_West_Georgia_Wolves,2026_02_14,12:00 PM,Central Arkansas Bears,West Georgia Wolves,0.816,0.184,72.6,81.7,154.3,149.5,,,,,,,,,,,,,,,,,,,,,,,,,,,,,away,11.0,-110.0,0.082706338416955,0.0909769631609542,0.567131864545459,6.713186454545905,0.0227442407902385,spread,ncaam,-11.0,11.0,-110.0,-110.0,1.909091,1.909091,0.4328681354545409,0.567131864545459,2.31017235525995,1.7632583575628802,2.541189590785945,1.9395841933191684,154.0,-106.0,0.5238094988662143,0.5238094988662143,0.5,0.5,-0.1736153384169549,0.082706338416955,-0.0671318645454591,0.067131864545459,0.0,0.0909769631609542,-17.361533841695497,8.270633841695506,-6.713186454545911,6.713186454545905,,,,,,,,,,,,,,,,,,,,,,,,,79.0,62.0,Loss,-1.0,-0.0227442407902385,NCAAM,AWAY,0.075_to_0.0999,5_to_7pp,5_to_10pct,0.50_to_0.60,minus_124_to_minus_110,10.0_to_11.9,UNBUCKETED,SAT,FEB
Basketball,NCAAM,NCAAM_2026_02_14_Eastern_Michigan_Eagles_Western_Michigan_Broncos,2026_02_14,12:00 PM,Eastern Michigan Eagles,Western Michigan Broncos,0.696,0.304,70.6,75.9,146.5,146.5,,,,,,,,,,,,,,,,,,,,,,,,,,,,,away,6.5,-105.0,0.0592064271769967,0.0621667454275093,0.5425203519072337,4.59309895901196,0.0155416863568773,spread,ncaam,-6.5,6.5,-108.0,-105.0,1.925926,1.952381,0.4574796480927663,0.5425203519072337,2.1858895891194337,1.843248822803594,2.4044785480313773,2.0275737050839533,140.0,102.0,0.5192307492603558,0.5121951094586559,0.5034106376828859,0.4965893623171141,-0.1189280512672908,0.0592064271769967,-0.0459309895901195,0.0459309895901196,0.0,0.0621667454275093,-11.892805126729089,5.920642717699676,-4.593098959011954,4.59309895901196,,,,,,,,,,,,,,,,,,,,,,,,,62.0,76.0,Win,0.9523809523809524,0.0148016060541688,NCAAM,AWAY,0.05_to_0.0749,3_to_5pp,5_to_10pct,0.50_to_0.60,minus_109_to_minus_101,6.0_to_6.9,UNBUCKETED,SAT,FEB
Basketball,NCAAM,NCAAM_2026_02_14_Florida_Gulf_Coast_Eagles_Stetson_Hatters,2026_02_14,12:00 PM,Florida Gulf Coast Eagles,Stetson Hatters,0.836,0.164,72.4,82.0,154.4,150.5,,,,,,,,,,,,,,,,,,,,,,,,,,,,,away,11.5,-108.0,0.0922540033565786,0.0996343156543596,0.5671318645454595,6.932677006999821,0.0249085789135899,spread,ncaam,-11.5,11.5,-110.0,-108.0,1.909091,1.925926,0.4328681354545405,0.5671318645454595,2.3101723552599527,1.7632583575628789,2.5411895907859483,1.9395841933191669,154.0,-106.0,0.5238094988662143,0.5192307492603558,0.5021949055245387,0.4978050944754613,-0.1736153384169557,0.0922540033565786,-0.0693267700699982,0.0693267700699982,0.0,0.0996343156543596,-17.361533841695575,9.225400335657865,-6.932677006999821,6.932677006999821,,,,,,,,,,,,,,,,,,,,,,,,,78.0,76.0,Win,0.925925925925926,0.0230634989940647,NCAAM,AWAY,0.075_to_0.0999,5_to_7pp,5_to_10pct,0.50_to_0.60,minus_109_to_minus_101,10.0_to_11.9,UNBUCKETED,SAT,FEB
Basketball,NCAAM,NCAAM_2026_02_14_Virginia_Tech_Hokies_Florida_State_Seminoles,2026_02_14,12:00 PM,Virginia Tech Hokies,Florida State Seminoles,0.714,0.286,74.9,80.8,155.7,156.0,,,,,,,,,,,,,,,,,,,,,,,,,,,,,away,7.0,-110.0,0.0289786789203201,0.0318765436246977,0.5389888061492721,3.8988806149272137,0.0079691359061744,spread,ncaam,-7.0,7.0,-110.0,-110.0,1.909091,1.909091,0.4610111938507278,0.5389888061492721,2.169144726502656,1.8553261006371464,2.3860591991529216,2.0408587107008613,138.0,104.0,0.5238094988662143,0.5238094988662143,0.5,0.5,-0.1198876789203201,0.0289786789203201,-0.0389888061492721,0.0389888061492721,0.0,0.0318765436246977,-11.988767892032016,2.8978678920320133,-3.89888061492722,3.8988806149272137,,,,,,,,,,,,,,,,,,,,,,,,,69.0,92.0,Win,0.9090909090909092,0.007244669005613,NCAAM,AWAY,0.02_to_0.0299,3_to_5pp,2.5_to_5pct,0.50_to_0.60,minus_124_to_minus_110,7.0_to_7.9,UNBUCKETED,SAT,FEB
Basketball,NCAAM,NCAAM_2026_02_14_William_Mary_Tribe_Elon_Phoenix,2026_02_14,12:00 PM,William Mary Tribe,Elon Phoenix,0.747,0.253,78.3,85.4,163.7,165.5,,,,,,,,,,,,,,,,,,,,,,,,,,,,,away,8.5,-109.0,0.0537685077152578,0.058607685717245,0.5495731046985565,5.066286715124846,0.0146519214293112,spread,ncaam,-8.5,8.5,-110.0,-109.0,1.909091,1.917431,0.4504268953014435,0.5495731046985565,2.2201160952672696,1.819594138524128,2.4421277047939967,2.0015535523765404,144.0,100.0,0.5238094988662143,0.5215311528811206,0.501089762452692,0.498910237547308,-0.1400940680220719,0.0537685077152578,-0.0506628671512485,0.0506628671512484,0.0,0.058607685717245,-14.009406802207192,5.376850771525787,-5.066286715124852,5.066286715124846,,,,,,,,,,,,,,,,,,,,,,,,,78.0,81.0,Win,0.9174311926605504,0.0134421297516616,NCAAM,AWAY,0.05_to_0.0749,5_to_7pp,5_to_10pct,0.50_to_0.60,minus_109_to_minus_101,8.0_to_8.9,UNBUCKETED,SAT,FEB
Basketball,NCAAM,NCAAM_2026_02_14_Missouri_State_Bears_Delaware_Fightin_Blue_Hens,2026_02_14,12:00 PM,Missouri State Bears,Delaware Fightin Blue Hens,0.762,0.238,63.2,70.7,133.9,134.0,,,,,,,,,,,,,,,,,,,,,,,,,,,,,away,9.0,-104.0,0.084914429247169,0.0883110488063593,0.5530937607363045,6.304854033559665,0.0220777622015898,spread,ncaam,-9.0,9.0,-113.0,-104.0,1.884956,1.961538,0.4469062392636955,0.5530937607363045,2.237605815590221,1.8080117169804133,2.461366397149243,1.9888128886784555,146.0,-101.0,0.5305163621856425,0.5098040415225196,0.5099547795992923,0.4900452204007078,-0.1576014028624616,0.084914429247169,-0.0630485403355967,0.0630485403355966,0.0,0.0883110488063593,-15.76014028624616,8.491442924716907,-6.304854033559676,6.304854033559665,,,,,,,,,,,,,,,,,,,,,,,,,67.0,76.0,Win,0.9615384615384616,0.0212286175015286,NCAAM,AWAY,0.075_to_0.0999,5_to_7pp,5_to_10pct,0.50_to_0.60,minus_109_to_minus_101,9.0_to_9.9,UNBUCKETED,SAT,FEB
Basketball,NCAAM,NCAAM_2026_02_14_UT_Arlington_Mavericks_Southern_Utah_Thunderbirds,2026_02_14,12:00 PM,UT Arlington Mavericks,Southern Utah Thunderbirds,0.787,0.213,67.6,75.7,143.3,142.5,,,,,,,,,,,,,,,,,,,,,,,,,,,,,away,8.5,-103.0,0.0134182757296046,0.013820820960912,0.5141973945212147,2.2159193145686817,0.003455205240228,spread,ncaam,-8.5,8.5,-110.0,-103.0,1.909091,1.970874,0.4858026054787853,0.5141973945212147,2.0584492316883414,1.9447784268357315,2.264294154857176,2.1392562695193047,126.0,113.0,0.5238094988662143,0.5073891075735942,0.5079617986244722,0.4920382013755279,-0.0725586181039003,0.0134182757296046,-0.0221591931456869,0.0221591931456868,0.0,0.013820820960912,-7.25586181039003,1.3418275729604634,-2.215919314568693,2.2159193145686817,,,,,,,,,,,,,,,,,,,,,,,,,73.0,78.0,Win,0.970873786407767,0.0033545681943961,NCAAM,AWAY,0.01_to_0.0199,2_to_3pp,0.0_to_2.5pct,0.50_to_0.60,minus_109_to_minus_101,8.0_to_8.9,UNBUCKETED,SAT,FEB
Basketball,NCAAM,NCAAM_2026_02_14_Howard_Bison_Maryland_Eastern_Shore_Hawks,2026_02_14,12:00 PM,Howard Bison,Maryland Eastern Shore Hawks,0.824,0.176,61.8,71.2,133.0,132.5,,,,,,,,,,,,,,,,,,,,,,,,,,,,,away,11.5,-110.0,0.0960481018324903,0.1056529014504493,0.5741204069541422,7.412040695414223,0.0264132253626123,spread,ncaam,-11.5,11.5,-110.0,-110.0,1.909091,1.909091,0.4258795930458577,0.5741204069541422,2.348081514890342,1.74179490554126,2.5828896663793763,1.915974396095386,158.0,-109.0,0.5238094988662143,0.5238094988662143,0.5,0.5,-0.1869571018324903,0.0960481018324903,-0.0741204069541422,0.0741204069541422,0.0,0.1056529014504493,-18.69571018324904,9.604810183249036,-7.412040695414229,7.412040695414223,,,,,,,,,,,,,,,,,,,,,,,,,79.0,53.0,Loss,-1.0,-0.0264132253626123,NCAAM,AWAY,0.075_to_0.0999,7_to_10pp,10_to_20pct,0.50_to_0.60,minus_124_to_minus_110,10.0_to_11.9,UNBUCKETED,SAT,FEB
Basketball,NCAAM,NCAAM_2026_02_14_Norfolk_State_Spartans_Delaware_State_Hornets,2026_02_14,12:00 PM,Norfolk State Spartans,Delaware State Hornets,0.815,0.185,62.4,71.4,133.8,134.0,,,,,,,,,,,,,,,,,,,,,,,,,,,,,away,9.5,-105.0,0.0108347896577021,0.0113765285717608,0.5177446357333442,2.3350011092792555,0.0028441321429402,spread,ncaam,-9.5,9.5,-110.0,-105.0,1.909091,1.952381,0.4822553642666558,0.5177446357333442,2.073590205721517,1.931454101081278,2.280949226293669,2.124599511189406,128.0,112.0,0.5238094988662143,0.5121951094586559,0.5056053753594484,0.4943946246405516,-0.0793306243768058,0.0108347896577021,-0.0233500110927926,0.0233500110927925,0.0,0.0113765285717608,-7.933062437680583,1.0834789657702126,-2.3350011092792613,2.3350011092792555,,,,,,,,,,,,,,,,,,,,,,,,,75.0,58.0,Loss,-1.0,-0.0028441321429402,NCAAM,AWAY,0.01_to_0.0199,2_to_3pp,0.0_to_2.5pct,0.50_to_0.60,minus_109_to_minus_101,9.0_to_9.9,UNBUCKETED,SAT,FEB
Basketball,NCAAM,NCAAM_2026_02_14_Austin_Peay_Governors_Bellarmine_Knights,2026_02_14,12:00 PM,Austin Peay Governors,Bellarmine Knights,0.802,0.198,73.3,81.7,155.0,155.0,,,,,,,,,,,,,,,,,,,,,,,,,,,,,away,10.5,-110.0,0.0960481018324903,0.1056529014504493,0.5741204069541422,7.412040695414223,0.0264132253626123,spread,ncaam,-10.5,10.5,-110.0,-110.0,1.909091,1.909091,0.4258795930458577,0.5741204069541422,2.348081514890342,1.74179490554126,2.5828896663793763,1.915974396095386,158.0,-109.0,0.5238094988662143,0.5238094988662143,0.5,0.5,-0.1869571018324903,0.0960481018324903,-0.0741204069541422,0.0741204069541422,0.0,0.1056529014504493,-18.69571018324904,9.604810183249036,-7.412040695414229,7.412040695414223,,,,,,,,,,,,,,,,,,,,,,,,,90.0,70.0,Loss,-1.0,-0.0264132253626123,NCAAM,AWAY,0.075_to_0.0999,7_to_10pp,10_to_20pct,0.50_to_0.60,minus_124_to_minus_110,10.0_to_11.9,UNBUCKETED,SAT,FEB
Basketball,NCAAM,NCAAM_2026_02_14_Richmond_Spiders_VCU_Rams,2026_02_14,12:00 PM,Richmond Spiders,VCU Rams,0.23,0.77,81.2,72.4,153.6,155.5,,,,,,,,,,,,,,,,,,,,,,,,,,,,,away,-7.5,-108.0,0.0516490869949384,0.0557810094920527,0.5460485433993509,4.263790571646508,0.0139452523730131,spread,ncaam,7.5,-7.5,-105.0,-108.0,1.952381,1.925926,0.453951456600649,0.5460485433993509,2.2028787119406066,1.8313390120494344,2.423166583134668,2.014472913254378,142.0,101.0,0.5121951094586559,0.5192307492603558,0.4965893623171141,0.5034106376828859,-0.1137138012105682,0.0516490869949384,-0.042637905716465,0.042637905716465,0.0,0.0557810094920527,-11.371380121056829,5.164908699493842,-4.263790571646508,4.263790571646508,,,,,,,,,,,,,,,,,,,,,,,,,67.0,78.0,Win,0.925925925925926,0.0129122707157528,NCAAM,AWAY,0.05_to_0.0749,3_to_5pp,5_to_10pct,0.50_to_0.60,minus_109_to_minus_101,7.0_to_7.9,UNBUCKETED,SAT,FEB
Basketball,NCAAM,NCAAM_2026_02_14_Connecticut_Huskies_Georgetown_Hoyas,2026_02_14,12:00 PM,Connecticut Huskies,Georgetown Hoyas,0.946,0.054,60.8,76.9,137.7,137.5,,,,,,,,,,,,,,,,,,,,,,,,,,,,,away,17.0,-110.0,0.0154774982113023,0.0170252463299079,0.5319167594479793,3.1916759447979337,0.0042563115824769,spread,ncaam,-17.0,17.0,-110.0,-110.0,1.909091,1.909091,0.4680832405520206,0.5319167594479793,2.1363721521425942,1.879993405430194,2.350009367356854,2.0679927459732137,135.0,106.0,0.5238094988662143,0.5238094988662143,0.5,0.5,-0.1063864982113024,0.0154774982113023,-0.0319167594479793,0.0319167594479793,0.0,0.0170252463299079,-10.638649821130242,1.5477498211302398,-3.1916759447979395,3.1916759447979337,,,,,,,,,,,,,,,,,,,,,,,,,79.0,75.0,Win,0.9090909090909092,0.003869374165888,NCAAM,AWAY,0.01_to_0.0199,3_to_5pp,0.0_to_2.5pct,0.50_to_0.60,minus_124_to_minus_110,15.0_plus,UNBUCKETED,SAT,FEB
Basketball,NCAAM,NCAAM_2026_02_14_Washington_Huskies_Minnesota_Golden_Gophers,2026_02_14,12:00 PM,Washington Huskies,Minnesota Golden Gophers,0.701,0.299,70.2,75.5,145.7,138.0,,,,,,,,,,,,,,,,,,,,,,,,,,,,,away,7.0,-110.0,0.0693243681991275,0.0762567973933604,0.5601222614318162,6.01222614318162,0.0190641993483401,spread,ncaam,-7.0,7.0,-110.0,-110.0,1.909091,1.909091,0.4398777385681838,0.5601222614318162,2.273358963913546,1.7853245065528076,2.500694860304901,1.9638569572080888,150.0,-103.0,0.5238094988662143,0.5238094988662143,0.5,0.5,-0.1602333681991273,0.0693243681991275,-0.0601222614318162,0.0601222614318162,0.0,0.0762567973933604,-16.023336819912736,6.932436819912757,-6.01222614318162,6.01222614318162,,,,,,,,,,,,,,,,,,,,,,,,,69.0,57.0,Loss,-1.0,-0.0190641993483401,NCAAM,AWAY,0.05_to_0.0749,5_to_7pp,5_to_10pct,0.50_to_0.60,minus_124_to_minus_110,7.0_to_7.9,UNBUCKETED,SAT,FEB
Basketball,NCAAM,NCAAM_2026_02_14_East_Tennessee_State_Buccaneers_Samford_Bulldogs,2026_02_14,12:00 PM,East Tennessee State Buccaneers,Samford Bulldogs,0.703,0.297,71.6,76.9,148.5,144.0,,,,,,,,,,,,,,,,,,,,,,,,,,,,,away,6.0,-105.0,0.024677150802445,0.0259110070470169,0.524834625415042,3.362001486611188,0.0064777517617542,spread,ncaam,-6.0,6.0,-113.0,-105.0,1.884956,1.952381,0.475165374584958,0.524834625415042,2.104530450842443,1.905362092314688,2.3149834959266875,2.095898301546157,131.0,109.0,0.5305163621856425,0.5121951094586559,0.5087853894510698,0.4912146105489301,-0.1043341761838358,0.024677150802445,-0.0336200148661117,0.0336200148661118,0.0,0.0259110070470169,-10.43341761838359,2.467715080244504,-3.362001486611177,3.362001486611188,,,,,,,,,,,,,,,,,,,,,,,,,72.0,82.0,Win,0.9523809523809524,0.0061692873921468,NCAAM,AWAY,0.02_to_0.0299,3_to_5pp,2.5_to_5pct,0.50_to_0.60,minus_109_to_minus_101,6.0_to_6.9,UNBUCKETED,SAT,FEB
Basketball,NCAAM,NCAAM_2026_02_14_Michigan_Wolverines_UCLA_Bruins,2026_02_14,12:00 PM,Michigan Wolverines,UCLA Bruins,0.931,0.069,69.0,83.9,152.9,155.0,,,,,,,,,,,,,,,,,,,,,,,,,,,,,away,16.0,-110.0,0.0289786789203192,0.0318765436246968,0.5389888061492717,3.567322494693126,0.0079691359061742,spread,ncaam,-16.0,16.0,-107.0,-110.0,1.934579,1.909091,0.4610111938507283,0.5389888061492717,2.1691447265026538,1.855326100637148,2.3860591991529194,2.040858710700863,138.0,104.0,0.516908329926046,0.5238094988662143,0.4966844187976595,0.5033155812023404,-0.1081374256114519,0.0289786789203192,-0.0356732249469312,0.0356732249469312,0.0,0.0318765436246968,-10.81374256114519,2.8978678920319245,-3.56732249469312,3.567322494693126,,,,,,,,,,,,,,,,,,,,,,,,,86.0,56.0,Loss,-1.0,-0.0079691359061742,NCAAM,AWAY,0.02_to_0.0299,3_to_5pp,2.5_to_5pct,0.50_to_0.60,minus_124_to_minus_110,15.0_plus,UNBUCKETED,SAT,FEB
Basketball,NCAAM,NCAAM_2026_02_14_Xavier_Musketeers_Marquette_Golden_Eagles,2026_02_14,12:00 PM,Xavier Musketeers,Marquette Golden Eagles,0.588,0.412,75.7,78.1,153.8,155.5,,,,,,,,,,,,,,,,,,,,,,,,,,,,,under,155.5,-110.0,0.0273797938946191,0.0301177702723042,0.5381512949852151,3.815129498521508,0.007529442568076,total,ncaam,,,,,,,,,,,,,,,,,,,,,,,,,,,,,-110.0,-110.0,1.909091,1.909091,0.4618487050147849,0.5381512949852151,2.165211224242769,1.858213497428216,2.230167560970052,1.9139599023510625,0.5238094988662143,0.5238094988662143,0.5,0.5,-0.1182887938946192,0.0273797938946191,-0.038151294985215,0.038151294985215,0.0,0.0301177702723042,-11.82887938946192,2.73797938946192,-3.815129498521508,3.815129498521508,96.0,88.0,Loss,-1.0,-0.007529442568076,NCAAM,UNDER,0.02_to_0.0299,3_to_5pp,2.5_to_5pct,0.50_to_0.60,minus_124_to_minus_110,UNBUCKETED,155_to_159.9,SAT,FEB
Basketball,NCAAM,NCAAM_2026_02_14_NC_State_Wolfpack_Miami_Hurricanes,2026_02_14,12:00 PM,NC State Wolfpack,Miami Hurricanes,0.721,0.279,74.3,80.6,154.9,157.5,,,,,,,,,,,,,,,,,,,,,,,,,,,,,under,157.5,-115.0,0.0436471675243659,0.0501942552015845,0.5582299452141893,4.7395673877022375,0.0125485638003961,total,ncaam,,,,,,,,,,,,,,,,,,,,,,,,,,,,,-105.0,-115.0,1.952381,1.869565,0.4417700547858106,0.5582299452141893,2.263621060700557,1.791376490231649,2.331529692521574,1.8451177849385985,0.5121951094586559,0.5348837831260214,0.489165728662833,0.510834271337167,-0.1374965386672243,0.0436471675243659,-0.0473956738770223,0.0473956738770223,0.0,0.0501942552015845,-13.749653866722433,4.364716752436593,-4.7395673877022375,4.7395673877022375,76.0,77.0,Win,0.8695652173913042,0.01091179460904,NCAAM,UNDER,0.04_to_0.0499,3_to_5pp,5_to_10pct,0.50_to_0.60,minus_124_to_minus_110,UNBUCKETED,155_to_159.9,SAT,FEB
Basketball,NCAAM,NCAAM_2026_02_14_Richmond_Spiders_VCU_Rams,2026_02_14,12:00 PM,Richmond Spiders,VCU Rams,0.23,0.77,81.2,72.4,153.6,155.5,,,,,,,,,,,,,,,,,,,,,,,,,,,,,under,155.5,-110.0,0.035917576593113,0.0395093303014912,0.5426234666619417,4.262346666194173,0.0098773325753728,total,ncaam,,,,,,,,,,,,,,,,,,,,,,,,,,,,,-110.0,-110.0,1.909091,1.909091,0.4573765333380583,0.5426234666619417,2.186382394176912,1.8428985501709,2.25197386600222,1.898185506676027,0.5238094988662143,0.5238094988662143,0.5,0.5,-0.1268265765931129,0.035917576593113,-0.0426234666619417,0.0426234666619417,0.0,0.0395093303014912,-12.682657659311293,3.591757659311301,-4.262346666194173,4.262346666194173,67.0,78.0,Win,0.9090909090909092,0.0089793932503389,NCAAM,UNDER,0.03_to_0.0399,3_to_5pp,2.5_to_5pct,0.50_to_0.60,minus_124_to_minus_110,UNBUCKETED,155_to_159.9,SAT,FEB
Basketball,NCAAM,NCAAM_2026_02_14_Georgia_Southern_Eagles_Marshall_Thundering_Herd,2026_02_14,12:00 PM,Georgia Southern Eagles,Marshall Thundering Herd,0.401,0.599,82.2,78.3,160.5,162.5,,,,,,,,,,,,,,,,,,,,,,,,,,,,,under,162.5,-110.0,0.0401826754327558,0.0442009385559376,0.5448575659477499,3.925219058830154,0.0110502346389844,total,ncaam,,,,,,,,,,,,,,,,,,,,,,,,,,,,,-105.0,-110.0,1.952381,1.909091,0.4551424340522501,0.5448575659477499,2.1971144089922423,1.835342046247545,2.263027841262009,1.890402307634972,0.5121951094586559,0.5238094988662143,0.4943946246405516,0.5056053753594484,-0.1113885594626339,0.0401826754327558,-0.0392521905883015,0.0392521905883015,0.0,0.0442009385559376,-11.138855946263392,4.018267543275589,-3.925219058830154,3.925219058830154,101.0,87.0,Loss,-1.0,-0.0110502346389844,NCAAM,UNDER,0.04_to_0.0499,3_to_5pp,2.5_to_5pct,0.50_to_0.60,minus_124_to_minus_110,UNBUCKETED,160_to_164.9,SAT,FEB
Basketball,NCAAM,NCAAM_2026_02_14_Michigan_Wolverines_UCLA_Bruins,2026_02_14,12:00 PM,Michigan Wolverines,UCLA Bruins,0.931,0.069,69.0,83.9,152.9,155.0,,,,,,,,,,,,,,,,,,,,,,,,,,,,,under,155.0,-110.0,0.0444450675242047,0.0488895693876682,0.547090247413143,4.709024741314305,0.012222392346917,total,ncaam,,,,,,,,,,,,,,,,,,,,,,,,,,,,,-110.0,-110.0,1.909091,1.909091,0.4529097525868569,0.547090247413143,2.2079453893151144,1.827851994672528,2.274183750994568,1.8826875545127035,0.5238094988662143,0.5238094988662143,0.5,0.5,-0.1353540675242047,0.0444450675242047,-0.0470902474131431,0.047090247413143,0.0,0.0488895693876682,-13.535406752420476,4.444506752420474,-4.709024741314311,4.709024741314305,86.0,56.0,Win,0.9090909090909092,0.0111112657699245,NCAAM,UNDER,0.04_to_0.0499,3_to_5pp,2.5_to_5pct,0.50_to_0.60,minus_124_to_minus_110,UNBUCKETED,155_to_159.9,SAT,FEB
Basketball,NCAAM,NCAAM_2026_02_15_Rutgers_Scarlet_Knights_Maryland_Terrapins,2026_02_15,12:00 PM,Rutgers Scarlet Knights,Maryland Terrapins,0.575,0.425,71.2,73.5,144.7,143.0,-130.0,110.0,1.769231,2.1,2.1,1.7692307692307692,0.4761904761904761,0.5652173913043479,0.4572564612326044,0.5427435387673957,0.575,0.425,2.3529411764705883,1.7391304347826089,2.388235294117647,1.7652173913043478,138.0,-130.0,0.0173078249999998,-0.1075,0.0322564612326042,-0.0322564612326043,0.0225001657499502,0.0,1.7307824999999832,-10.750000000000004,3.2256461232604283,-3.2256461232604394,home,-130.0,-130.0,0.0173078249999998,0.0225001657499502,0.575,3.2256461232604283,0.0056250414374875,moneyline,ncaam,,,,,,,,,,,,,,,,,,,,,,,,,,,,,,,,,,,,,,,,,,,,,,,,,,,,,68.0,57.0,Win,0.7692307692307692,0.0043269549519134,NCAAM,HOME,0.01_to_0.0199,3_to_5pp,0.0_to_2.5pct,0.50_to_0.60,minus_149_to_minus_125,UNBUCKETED,UNBUCKETED,SUN,FEB
Basketball,NCAAM,NCAAM_2026_02_15_Seattle_Redhawks_Oregon_State_Beavers,2026_02_15,12:00 PM,Seattle Redhawks,Oregon State Beavers,0.703,0.297,66.0,71.3,137.3,135.0,,,,,,,,,,,,,,,,,,,,,,,,,,,,,away,7.0,-110.0,0.0693243681991275,0.0762567973933604,0.5601222614318162,5.095639028647381,0.0190641993483401,spread,ncaam,-7.0,7.0,-102.0,-110.0,1.980392,1.909091,0.4398777385681838,0.5601222614318162,2.273358963913546,1.7853245065528076,2.500694860304901,1.9638569572080888,150.0,-103.0,0.504950535045587,0.5238094988662143,0.4908341288546575,0.5091658711453424,-0.1288696455614774,0.0693243681991275,-0.0509563902864736,0.0509563902864738,0.0,0.0762567973933604,-12.88696455614774,6.932436819912757,-5.095639028647369,5.095639028647381,,,,,,,,,,,,,,,,,,,,,,,,,60.0,50.0,Loss,-1.0,-0.0190641993483401,NCAAM,AWAY,0.05_to_0.0749,5_to_7pp,5_to_10pct,0.50_to_0.60,minus_124_to_minus_110,7.0_to_7.9,UNBUCKETED,SUN,FEB
Basketball,NCAAM,NCAAM_2026_02_15_Charlotte_49ers_UTSA_Roadrunners,2026_02_15,12:00 PM,Charlotte 49ers,UTSA Roadrunners,0.909,0.091,65.9,78.8,144.7,148.0,,,,,,,,,,,,,,,,,,,,,,,,,,,,,away,14.5,-110.0,0.0626195946651229,0.0688815472434804,0.5566102373669578,5.66102373669578,0.0172203868108701,spread,ncaam,-14.5,14.5,-110.0,-110.0,1.909091,1.909091,0.4433897626330422,0.5566102373669578,2.255352027213174,1.7965893058857405,2.4808872299344924,1.9762482364743148,148.0,-102.0,0.5238094988662143,0.5238094988662143,0.5,0.5,-0.1535285946651228,0.0626195946651229,-0.0566102373669578,0.0566102373669578,0.0,0.0688815472434804,-15.352859466512282,6.26195946651229,-5.66102373669578,5.66102373669578,,,,,,,,,,,,,,,,,,,,,,,,,79.0,88.0,Win,0.9090909090909092,0.015654897100791,NCAAM,AWAY,0.05_to_0.0749,5_to_7pp,5_to_10pct,0.50_to_0.60,minus_124_to_minus_110,12.0_to_14.9,UNBUCKETED,SUN,FEB
Basketball,NCAAM,NCAAM_2026_02_15_Northern_Iowa_Panthers_Drake_Bulldogs,2026_02_15,12:00 PM,Northern Iowa Panthers,Drake Bulldogs,0.826,0.174,63.5,72.9,136.4,138.0,,,,,,,,,,,,,,,,,,,,,,,,,,,,,under,138.0,-108.0,0.0321294797135627,0.0346998353146609,0.5359133630853744,3.591336308537441,0.0086749588286652,total,ncaam,,,,,,,,,,,,,,,,,,,,,,,,,,,,,-108.0,-108.0,1.925926,1.925926,0.4640866369146256,0.5359133630853744,2.1547700805355494,1.8659732503081727,2.219413182951616,1.921952447817418,0.5192307492603558,0.5192307492603558,0.5,0.5,-0.1062034797135628,0.0321294797135627,-0.0359133630853744,0.0359133630853744,0.0,0.0346998353146609,-10.62034797135628,3.2129479713562725,-3.591336308537441,3.591336308537441,86.0,62.0,Loss,-1.0,-0.0086749588286652,NCAAM,UNDER,0.03_to_0.0399,3_to_5pp,2.5_to_5pct,0.50_to_0.60,minus_109_to_minus_101,UNBUCKETED,135_to_139.9,SUN,FEB
Basketball,NCAAM,NCAAM_2026_02_16_Alabama_State_Hornets_Mississippi_Valley_State_Delta_Devils,2026_02_16,12:00 PM,Alabama State Hornets,Mississippi Valley State Delta Devils,0.946,0.054,62.8,78.7,141.5,142.0,,,,,,,,,,,,,,,,,,,,,,,,,,,,,away,17.0,-110.0,0.0289786789203192,0.0318765436246968,0.5389888061492717,3.338343078982331,0.0079691359061742,spread,ncaam,-17.0,17.0,-105.0,-110.0,1.952381,1.909091,0.4610111938507283,0.5389888061492717,2.1691447265026538,1.855326100637148,2.3860591991529194,2.040858710700863,138.0,104.0,0.5121951094586559,0.5238094988662143,0.4943946246405516,0.5056053753594484,-0.0999305043385212,0.0289786789203192,-0.0333834307898233,0.0333834307898233,0.0,0.0318765436246968,-9.993050433852124,2.8978678920319245,-3.338343078982331,3.338343078982331,,,,,,,,,,,,,,,,,,,,,,,,,92.0,55.0,Loss,-1.0,-0.0079691359061742,NCAAM,AWAY,0.02_to_0.0299,3_to_5pp,2.5_to_5pct,0.50_to_0.60,minus_124_to_minus_110,15.0_plus,UNBUCKETED,MON,FEB
Basketball,NCAAM,NCAAM_2026_02_16_Incarnate_Word_Cardinals_New_Orleans_Privateers,2026_02_16,12:00 PM,Incarnate Word Cardinals,New Orleans Privateers,0.546,0.454,74.6,76.0,150.6,153.0,,,,,,,,,,,,,,,,,,,,,,,,,,,,,under,153.0,-115.0,0.0353259976131838,0.0406249074113884,0.553779086372062,4.2944815034895,0.0101562268528471,total,ncaam,,,,,,,,,,,,,,,,,,,,,,,,,,,,,-105.0,-115.0,1.952381,1.869565,0.446220913627938,0.553779086372062,2.2410424286697745,1.805774224070535,2.308273701529868,1.859947450792651,0.5121951094586559,0.5348837831260214,0.489165728662833,0.510834271337167,-0.1288067664301728,0.0353259976131838,-0.042944815034895,0.042944815034895,0.0,0.0406249074113884,-12.880676643017283,3.532599761318389,-4.2944815034895,4.2944815034895,64.0,78.0,Win,0.8695652173913042,0.0088315016111713,NCAAM,UNDER,0.03_to_0.0399,3_to_5pp,2.5_to_5pct,0.50_to_0.60,minus_124_to_minus_110,UNBUCKETED,150_to_154.9,MON,FEB
Basketball,NCAAM,NCAAM_2026_02_17_UCF_Knights_TCU_Horned_Frogs,2026_02_17,12:00 PM,UCF Knights,TCU Horned Frogs,0.578,0.422,74.6,76.8,151.4,154.0,-130.0,110.0,1.769231,2.1,2.1,1.7692307692307692,0.4761904761904761,0.5652173913043479,0.4572564612326044,0.5427435387673957,0.578,0.422,2.3696682464454977,1.7301038062283738,2.40521327014218,1.7560553633217992,140.0,-132.0,0.0226155179999998,-0.1138,0.0352564612326042,-0.0352564612326044,0.0294001645799505,0.0,2.2615517999999835,-11.38,3.5256461232604286,-3.52564612326044,home,-130.0,-130.0,0.0226155179999998,0.0294001645799505,0.578,3.5256461232604286,0.0073500411449876,moneyline,ncaam,,,,,,,,,,,,,,,,,,,,,,,,,,,,,,,,,,,,,,,,,,,,,,,,,,,,,82.0,71.0,Win,0.7692307692307692,0.0056538778038366,NCAAM,HOME,0.02_to_0.0299,3_to_5pp,2.5_to_5pct,0.50_to_0.60,minus_149_to_minus_125,UNBUCKETED,UNBUCKETED,TUE,FEB
Basketball,NCAAM,NCAAM_2026_02_17_Michigan_State_Spartans_UCLA_Bruins,2026_02_17,12:00 PM,Michigan State Spartans,UCLA Bruins,0.767,0.233,66.7,74.3,141.0,139.0,,,,,,,,,,,,,,,,,,,,,,,,,,,,,away,8.5,-107.0,0.0290349925761133,0.0310674566581458,0.5319167594479798,3.523234065032028,0.0077668641645364,spread,ncaam,-8.5,8.5,-110.0,-107.0,1.909091,1.934579,0.4680832405520202,0.5319167594479798,2.136372152142596,1.8799934054301928,2.350009367356856,2.067992745973212,135.0,106.0,0.5238094988662143,0.516908329926046,0.5033155812023404,0.4966844187976595,-0.106386498211303,0.0290349925761133,-0.0352323406503202,0.0352323406503202,0.0,0.0310674566581458,-10.638649821130308,2.9034992576113305,-3.523234065032021,3.523234065032028,,,,,,,,,,,,,,,,,,,,,,,,,82.0,59.0,Loss,-1.0,-0.0077668641645364,NCAAM,AWAY,0.02_to_0.0299,3_to_5pp,2.5_to_5pct,0.50_to_0.60,minus_109_to_minus_101,8.0_to_8.9,UNBUCKETED,TUE,FEB
Basketball,NCAAM,NCAAM_2026_02_17_Texas_Longhorns_LSU_Tigers,2026_02_17,12:00 PM,Texas Longhorns,LSU Tigers,0.84,0.16,72.4,82.3,154.7,150.5,,,,,,,,,,,,,,,,,,,,,,,,,,,,,away,11.0,-110.0,0.0289786789203201,0.0318765436246977,0.5389888061492721,3.338343078982376,0.0079691359061744,spread,ncaam,-11.0,11.0,-105.0,-110.0,1.952381,1.909091,0.4610111938507278,0.5389888061492721,2.169144726502656,1.8553261006371464,2.3860591991529216,2.0408587107008613,138.0,104.0,0.5121951094586559,0.5238094988662143,0.4943946246405516,0.5056053753594484,-0.0999305043385222,0.0289786789203201,-0.0333834307898238,0.0333834307898237,0.0,0.0318765436246977,-9.993050433852224,2.8978678920320133,-3.3383430789823807,3.338343078982376,,,,,,,,,,,,,,,,,,,,,,,,,88.0,85.0,Win,0.9090909090909092,0.007244669005613,NCAAM,AWAY,0.02_to_0.0299,3_to_5pp,2.5_to_5pct,0.50_to_0.60,minus_124_to_minus_110,10.0_to_11.9,UNBUCKETED,TUE,FEB
Basketball,NCAAM,NCAAM_2026_02_17_Kentucky_Wildcats_Georgia_Bulldogs,2026_02_17,12:00 PM,Kentucky Wildcats,Georgia Bulldogs,0.733,0.267,78.0,84.8,162.8,161.0,,,,,,,,,,,,,,,,,,,,,,,,,,,,,away,8.0,-105.0,0.0592064271769978,0.0621667454275104,0.5425203519072342,5.335462324440127,0.0155416863568776,spread,ncaam,-8.0,8.0,-115.0,-105.0,1.869565,1.952381,0.4574796480927657,0.5425203519072342,2.1858895891194363,1.843248822803592,2.40447854803138,2.027573705083951,140.0,102.0,0.5348837831260214,0.5121951094586559,0.510834271337167,0.489165728662833,-0.1447120617134485,0.0592064271769978,-0.0533546232444012,0.0533546232444012,0.0,0.0621667454275104,-14.471206171344852,5.920642717699787,-5.335462324440127,5.335462324440127,,,,,,,,,,,,,,,,,,,,,,,,,78.0,86.0,Win,0.9523809523809524,0.0148016060541691,NCAAM,AWAY,0.05_to_0.0749,5_to_7pp,5_to_10pct,0.50_to_0.60,minus_109_to_minus_101,8.0_to_8.9,UNBUCKETED,TUE,FEB
Basketball,NCAAM,NCAAM_2026_02_17_Xavier_Musketeers_Villanova_Wildcats,2026_02_17,12:00 PM,Xavier Musketeers,Villanova Wildcats,0.305,0.695,78.4,72.0,150.4,152.0,,,,,,,,,,,,,,,,,,,,,,,,,,,,,under,152.0,-110.0,0.0231073782460204,0.0254181135288112,0.5359133630853744,3.591336308537441,0.0063545283822028,total,ncaam,,,,,,,,,,,,,,,,,,,,,,,,,,,,,-110.0,-110.0,1.909091,1.909091,0.4640866369146256,0.5359133630853744,2.1547700805355494,1.8659732503081727,2.219413182951616,1.921952447817418,0.5238094988662143,0.5238094988662143,0.5,0.5,-0.1140163782460205,0.0231073782460204,-0.0359133630853744,0.0359133630853744,0.0,0.0254181135288112,-11.401637824602052,2.3107378246020494,-3.591336308537441,3.591336308537441,89.0,92.0,Loss,-1.0,-0.0063545283822028,NCAAM,UNDER,0.02_to_0.0299,3_to_5pp,2.5_to_5pct,0.50_to_0.60,minus_124_to_minus_110,UNBUCKETED,150_to_154.9,TUE,FEB
Basketball,NCAAM,NCAAM_2026_02_17_Kentucky_Wildcats_Georgia_Bulldogs,2026_02_17,12:00 PM,Kentucky Wildcats,Georgia Bulldogs,0.733,0.267,78.0,84.8,162.8,161.0,,,,,,,,,,,,,,,,,,,,,,,,,,,,,over,161.0,-108.0,0.0407473370607829,0.0440071205050759,0.5403880196127904,4.038801961279037,0.0110017801262689,total,ncaam,,,,,,,,,,,,,,,,,,,,,,,,,,,,,-108.0,-108.0,1.925926,1.925926,0.5403880196127904,0.4596119803872096,1.850522150207068,2.175748332664282,1.90603781471328,2.2410207826442106,0.5192307492603558,0.5192307492603558,0.5,0.5,0.0407473370607829,-0.114821337060783,0.0403880196127903,-0.0403880196127904,0.0440071205050759,0.0,4.074733706078293,-11.4821337060783,4.038801961279037,-4.0388019612790425,78.0,86.0,Win,0.925925925925926,0.0101868334502489,NCAAM,OVER,0.04_to_0.0499,3_to_5pp,2.5_to_5pct,0.50_to_0.60,minus_109_to_minus_101,UNBUCKETED,160_to_164.9,TUE,FEB
Basketball,NCAAM,NCAAM_2026_02_18_Texas_AM_Aggies_Ole_Miss_Rebels,2026_02_18,12:00 PM,Texas AM Aggies,Ole Miss Rebels,0.814,0.186,73.6,82.5,156.1,155.0,,,,,,,,,,,,,,,,,,,,,,,,,,,,,away,10.0,-112.0,0.0202287346412919,0.0226561864232368,0.5389888061492717,4.208415271060911,0.0056640466058092,spread,ncaam,-10.0,10.0,-115.0,-112.0,1.869565,1.892857,0.4610111938507283,0.5389888061492717,2.1691447265026538,1.855326100637148,2.3860591991529194,2.040858710700863,138.0,104.0,0.5348837831260214,0.5283019266642963,0.5030953465613374,0.4969046534386626,-0.1381096073684631,0.0202287346412919,-0.042084152710609,0.0420841527106091,0.0,0.0226561864232368,-13.810960736846312,2.022873464129193,-4.208415271060906,4.208415271060911,,,,,,,,,,,,,,,,,,,,,,,,,80.0,77.0,Win,0.8928571428571428,0.0050571844694725,NCAAM,AWAY,0.02_to_0.0299,3_to_5pp,0.0_to_2.5pct,0.50_to_0.60,minus_124_to_minus_110,10.0_to_11.9,UNBUCKETED,WED,FEB
Basketball,NCAAM,NCAAM_2026_02_18_Utah_State_Aggies_Boise_State_Broncos,2026_02_18,12:00 PM,Utah State Aggies,Boise State Broncos,0.807,0.193,70.4,79.1,149.5,154.5,,,,,,,,,,,,,,,,,,,,,,,,,,,,,away,9.5,-108.0,0.0176146440093258,0.0190238140081668,0.5283768140672725,3.0571719591811264,0.0047559535020417,spread,ncaam,-9.5,9.5,-110.0,-108.0,1.909091,1.925926,0.4716231859327274,0.5283768140672725,2.120336806644278,1.892588723381569,2.332370487308706,2.081847595719726,133.0,108.0,0.5238094988662143,0.5192307492603558,0.5021949055245387,0.4978050944754613,-0.0996284203445034,0.0176146440093258,-0.0305717195918113,0.0305717195918112,0.0,0.0190238140081668,-9.962842034450349,1.7614644009325886,-3.057171959181132,3.0571719591811264,,,,,,,,,,,,,,,,,,,,,,,,,75.0,56.0,Loss,-1.0,-0.0047559535020417,NCAAM,AWAY,0.01_to_0.0199,3_to_5pp,0.0_to_2.5pct,0.50_to_0.60,minus_109_to_minus_101,9.0_to_9.9,UNBUCKETED,WED,FEB
Basketball,NCAAM,NCAAM_2026_02_18_Bucknell_Bison_American_University_Eagles,2026_02_18,12:00 PM,Bucknell Bison,American University Eagles,0.41,0.59,70.9,67.1,138.0,140.0,,,,,,,,,,,,,,,,,,,,,,,,,,,,,under,140.0,-110.0,0.0401826754327558,0.0442009385559376,0.5448575659477499,4.485756594774992,0.0110502346389844,total,ncaam,,,,,,,,,,,,,,,,,,,,,,,,,,,,,-110.0,-110.0,1.909091,1.909091,0.4551424340522501,0.5448575659477499,2.1971144089922423,1.835342046247545,2.263027841262009,1.890402307634972,0.5238094988662143,0.5238094988662143,0.5,0.5,-0.1310916754327558,0.0401826754327558,-0.0448575659477499,0.0448575659477499,0.0,0.0442009385559376,-13.10916754327558,4.018267543275589,-4.485756594774992,4.485756594774992,57.0,75.0,Win,0.9090909090909092,0.0100456678536221,NCAAM,UNDER,0.04_to_0.0499,3_to_5pp,2.5_to_5pct,0.50_to_0.60,minus_124_to_minus_110,UNBUCKETED,140_to_144.9,WED,FEB
Basketball,NCAAM,NCAAM_2026_02_18_Duquesne_Dukes_La_Salle_Explorers,2026_02_18,12:00 PM,Duquesne Dukes,La Salle Explorers,0.846,0.154,68.3,78.3,146.6,145.5,,,,,,,,,,,,,,,,,,,,,,,,,,,,,over,145.5,-101.0,0.0442209912046407,0.0446632015633191,0.5247080628675461,2.9491600133429605,0.0111658003908297,total,ncaam,,,,,,,,,,,,,,,,,,,,,,,,,,,,,-101.0,-105.0,1.990099,1.952381,0.5247080628675461,0.4752919371324539,1.9058216764098657,2.103970048457441,1.962996326702162,2.167089149911164,0.5024875646889928,0.5121951094586559,0.4952164627341165,0.5047835372658834,0.0442209912046407,-0.0720490524894026,0.0294916001334296,-0.0294916001334295,0.0446632015633191,0.0,4.422099120464074,-7.204905248940263,2.9491600133429605,-2.949160013342955,62.0,61.0,Loss,-1.0,-0.0111658003908297,NCAAM,OVER,0.04_to_0.0499,2_to_3pp,2.5_to_5pct,0.50_to_0.60,minus_109_to_minus_101,UNBUCKETED,145_to_149.9,WED,FEB
Basketball,NCAAM,NCAAM_2026_02_18_Sam_Houston_State_Bearkats_Middle_Tennessee_Blue_Raiders,2026_02_18,12:00 PM,Sam Houston State Bearkats,Middle Tennessee Blue Raiders,0.645,0.355,72.9,77.0,149.9,151.5,,,,,,,,,,,,,,,,,,,,,,,,,,,,,under,151.5,-110.0,0.0231073782460204,0.0254181135288112,0.5359133630853744,3.591336308537441,0.0063545283822028,total,ncaam,,,,,,,,,,,,,,,,,,,,,,,,,,,,,-110.0,-110.0,1.909091,1.909091,0.4640866369146256,0.5359133630853744,2.1547700805355494,1.8659732503081727,2.219413182951616,1.921952447817418,0.5238094988662143,0.5238094988662143,0.5,0.5,-0.1140163782460205,0.0231073782460204,-0.0359133630853744,0.0359133630853744,0.0,0.0254181135288112,-11.401637824602052,2.3107378246020494,-3.591336308537441,3.591336308537441,78.0,70.0,Win,0.9090909090909092,0.0057768439838207,NCAAM,UNDER,0.02_to_0.0299,3_to_5pp,2.5_to_5pct,0.50_to_0.60,minus_124_to_minus_110,UNBUCKETED,150_to_154.9,WED,FEB
Basketball,NCAAM,NCAAM_2026_02_18_Portland_Pilots_Pepperdine_Waves,2026_02_18,12:00 PM,Portland Pilots,Pepperdine Waves,0.73,0.27,71.2,77.7,148.9,150.5,,,,,,,,,,,,,,,,,,,,,,,,,,,,,under,150.5,-105.0,0.0463070677339862,0.0486224186895646,0.5359133630853744,4.151873844482279,0.0121556046723911,total,ncaam,,,,,,,,,,,,,,,,,,,,,,,,,,,,,-110.0,-105.0,1.909091,1.952381,0.4640866369146256,0.5359133630853744,2.1547700805355494,1.8659732503081727,2.219413182951616,1.921952447817418,0.5238094988662143,0.5121951094586559,0.5056053753594484,0.4943946246405516,-0.1140163782460205,0.0463070677339862,-0.0415187384448227,0.0415187384448227,0.0,0.0486224186895646,-11.401637824602052,4.63070677339863,-4.151873844482279,4.151873844482279,87.0,95.0,Loss,-1.0,-0.0121556046723911,NCAAM,UNDER,0.04_to_0.0499,3_to_5pp,2.5_to_5pct,0.50_to_0.60,minus_109_to_minus_101,UNBUCKETED,150_to_154.9,WED,FEB
Basketball,NCAAM,NCAAM_2026_02_19_New_Haven_Chargers_Stonehill_Skyhawks,2026_02_19,12:00 PM,New Haven Chargers,Stonehill Skyhawks,0.6,0.4,58.8,61.5,120.3,120.5,-145.0,125.0,1.689655,2.25,2.25,1.6896551724137931,0.4444444444444444,0.5918367346938775,0.4288840262582056,0.5711159737417943,0.6,0.4,2.5,1.6666666666666667,2.5375,1.6916666666666669,153.0,-144.0,0.0137929999999999,-0.0999999999999999,0.0288840262582056,-0.0288840262582055,0.0199998549999635,0.0,1.3792999999999944,-9.999999999999998,2.888402625820563,-2.8884026258205573,home,-145.0,-145.0,0.0137929999999999,0.0199998549999635,0.6,2.888402625820563,0.0049999637499908,moneyline,ncaam,,,,,,,,,,,,,,,,,,,,,,,,,,,,,,,,,,,,,,,,,,,,,,,,,,,,,64.0,51.0,Win,0.6896551724137931,0.0034482508620626,NCAAM,HOME,0.01_to_0.0199,2_to_3pp,0.0_to_2.5pct,0.60_to_0.70,minus_149_to_minus_125,UNBUCKETED,UNBUCKETED,THU,FEB
Basketball,NCAAM,NCAAM_2026_02_19_Mercer_Bears_Chattanooga_Mocs,2026_02_19,12:00 PM,Mercer Bears,Chattanooga Mocs,0.809,0.191,72.2,80.9,153.1,149.0,,,,,,,,,,,,,,,,,,,,,,,,,,,,,away,10.0,-106.0,0.061188555048125,0.0648598839173845,0.5460485433993509,4.489537164439684,0.0162149709793461,spread,ncaam,-10.0,10.0,-105.0,-106.0,1.952381,1.943396,0.453951456600649,0.5460485433993509,2.2028787119406066,1.8313390120494344,2.423166583134668,2.014472913254378,142.0,101.0,0.5121951094586559,0.5145631667452233,0.4988468282450459,0.5011531717549541,-0.1137138012105682,0.061188555048125,-0.0448953716443968,0.0448953716443968,0.0,0.0648598839173845,-11.371380121056829,6.118855504812504,-4.489537164439689,4.489537164439684,,,,,,,,,,,,,,,,,,,,,,,,,90.0,94.0,Win,0.9433962264150944,0.0152971424333453,NCAAM,AWAY,0.05_to_0.0749,3_to_5pp,5_to_10pct,0.50_to_0.60,minus_109_to_minus_101,10.0_to_11.9,UNBUCKETED,THU,FEB
Basketball,NCAAM,NCAAM_2026_02_19_North_Florida_Ospreys_Austin_Peay_Governors,2026_02_19,12:00 PM,North Florida Ospreys,Austin Peay Governors,0.16,0.84,87.6,76.6,164.2,163.5,,,,,,,,,,,,,,,,,,,,,,,,,,,,,away,-10.0,-110.0,0.0222307613842629,0.0244538350773057,0.5354541828463195,3.5454182846319515,0.0061134587693264,spread,ncaam,10.0,-10.0,-110.0,-110.0,1.909091,1.909091,0.4645458171536805,0.5354541828463195,2.1526401983922745,1.867573420912111,2.367904218231502,2.0543307630033225,136.0,105.0,0.5238094988662143,0.5238094988662143,0.5,0.5,-0.1131397613842629,0.0222307613842629,-0.0354541828463195,0.0354541828463195,0.0,0.0244538350773057,-11.313976138426296,2.2230761384262943,-3.5454182846319515,3.5454182846319515,,,,,,,,,,,,,,,,,,,,,,,,,76.0,77.0,Loss,-1.0,-0.0061134587693264,NCAAM,AWAY,0.02_to_0.0299,3_to_5pp,0.0_to_2.5pct,0.50_to_0.60,minus_124_to_minus_110,10.0_to_11.9,UNBUCKETED,THU,FEB
Basketball,NCAAM,NCAAM_2026_02_19_Saint_Francis_PA_Red_Flash_LIU_Sharks,2026_02_19,12:00 PM,Saint Francis PA Red Flash,LIU Sharks,0.193,0.807,77.2,67.4,144.6,147.5,,,,,,,,,,,,,,,,,,,,,,,,,,,,,away,-9.0,-108.0,0.0176146440093252,0.0190238140081659,0.5283768140672721,2.379645010763154,0.0047559535020414,spread,ncaam,9.0,-9.0,-104.0,-108.0,1.961538,1.925926,0.4716231859327279,0.5283768140672721,2.1203368066442763,1.8925887233815704,2.332370487308704,2.081847595719728,133.0,108.0,0.5098040415225196,0.5192307492603558,0.4954196360403594,0.5045803639596406,-0.0748931991118887,0.0176146440093252,-0.0237964501076314,0.0237964501076315,0.0,0.0190238140081659,-7.489319911188874,1.761464400932522,-2.3796450107631486,2.379645010763154,,,,,,,,,,,,,,,,,,,,,,,,,89.0,91.0,Loss,-1.0,-0.0047559535020414,NCAAM,AWAY,0.01_to_0.0199,2_to_3pp,0.0_to_2.5pct,0.50_to_0.60,minus_109_to_minus_101,9.0_to_9.9,UNBUCKETED,THU,FEB
Basketball,NCAAM,NCAAM_2026_02_19_South_Florida_Bulls_Memphis_Tigers,2026_02_19,12:00 PM,South Florida Bulls,Memphis Tigers,0.768,0.232,76.6,84.3,160.9,163.0,,,,,,,,,,,,,,,,,,,,,,,,,,,,,away,9.5,-113.0,0.0624169224502206,0.0705311026200406,0.563629560822757,5.484417137168718,0.0176327756550101,spread,ncaam,-9.5,9.5,-105.0,-113.0,1.952381,1.884956,0.436370439177243,0.563629560822757,2.291630940641752,1.7742149622887988,2.5207940347059274,1.9516364585176789,152.0,-105.0,0.5121951094586559,0.5305163621856425,0.4912146105489301,0.5087853894510698,-0.1480386455886951,0.0624169224502206,-0.0548441713716871,0.0548441713716871,0.0,0.0705311026200406,-14.803864558869517,6.241692245022068,-5.4844171371687125,5.484417137168718,,,,,,,,,,,,,,,,,,,,,,,,,87.0,66.0,Loss,-1.0,-0.0176327756550101,NCAAM,AWAY,0.05_to_0.0749,5_to_7pp,5_to_10pct,0.50_to_0.60,minus_124_to_minus_110,9.0_to_9.9,UNBUCKETED,THU,FEB
Basketball,NCAAM,NCAAM_2026_02_19_Wright_State_Raiders_IU_Indianapolis_Jaguars,2026_02_19,12:00 PM,Wright State Raiders,IU Indianapolis Jaguars,0.866,0.134,77.4,87.9,165.3,160.0,,,,,,,,,,,,,,,,,,,,,,,,,,,,,away,11.5,-110.0,0.0222307613842629,0.0244538350773057,0.5354541828463195,3.5454182846319515,0.0061134587693264,spread,ncaam,-11.5,11.5,-110.0,-110.0,1.909091,1.909091,0.4645458171536805,0.5354541828463195,2.1526401983922745,1.867573420912111,2.367904218231502,2.0543307630033225,136.0,105.0,0.5238094988662143,0.5238094988662143,0.5,0.5,-0.1131397613842629,0.0222307613842629,-0.0354541828463195,0.0354541828463195,0.0,0.0244538350773057,-11.313976138426296,2.2230761384262943,-3.5454182846319515,3.5454182846319515,,,,,,,,,,,,,,,,,,,,,,,,,85.0,73.0,Loss,-1.0,-0.0061134587693264,NCAAM,AWAY,0.02_to_0.0299,3_to_5pp,0.0_to_2.5pct,0.50_to_0.60,minus_124_to_minus_110,10.0_to_11.9,UNBUCKETED,THU,FEB
Basketball,NCAAM,NCAAM_2026_02_19_Hofstra_Pride_Hampton_Pirates,2026_02_19,12:00 PM,Hofstra Pride,Hampton Pirates,0.826,0.174,63.1,72.5,135.6,133.0,,,,,,,,,,,,,,,,,,,,,,,,,,,,,away,11.5,-110.0,0.0960481018324908,0.1056529014504497,0.5741204069541425,7.412040695414246,0.0264132253626124,spread,ncaam,-11.5,11.5,-110.0,-110.0,1.909091,1.909091,0.4258795930458575,0.5741204069541425,2.348081514890343,1.7417949055412594,2.582889666379377,1.9159743960953848,158.0,-109.0,0.5238094988662143,0.5238094988662143,0.5,0.5,-0.1869571018324908,0.0960481018324908,-0.0741204069541425,0.0741204069541424,0.0,0.1056529014504497,-18.69571018324908,9.60481018324908,-7.412040695414252,7.412040695414246,,,,,,,,,,,,,,,,,,,,,,,,,79.0,43.0,Loss,-1.0,-0.0264132253626124,NCAAM,AWAY,0.075_to_0.0999,7_to_10pp,10_to_20pct,0.50_to_0.60,minus_124_to_minus_110,10.0_to_11.9,UNBUCKETED,THU,FEB
Basketball,NCAAM,NCAAM_2026_02_19_North_Dakota_Fighting_Hawks_UMKC_Kangaroos,2026_02_19,12:00 PM,North Dakota Fighting Hawks,UMKC Kangaroos,0.812,0.188,70.9,79.8,150.7,149.5,,,,,,,,,,,,,,,,,,,,,,,,,,,,,away,10.5,-110.0,0.0626195946651229,0.0688815472434804,0.5566102373669578,5.100486200750942,0.0172203868108701,spread,ncaam,-10.5,10.5,-105.0,-110.0,1.952381,1.909091,0.4433897626330422,0.5566102373669578,2.255352027213174,1.7965893058857405,2.4808872299344924,1.9762482364743148,148.0,-102.0,0.5121951094586559,0.5238094988662143,0.4943946246405516,0.5056053753594484,-0.1343342518407384,0.0626195946651229,-0.0510048620075094,0.0510048620075094,0.0,0.0688815472434804,-13.433425184073844,6.26195946651229,-5.100486200750942,5.100486200750942,,,,,,,,,,,,,,,,,,,,,,,,,85.0,70.0,Loss,-1.0,-0.0172203868108701,NCAAM,AWAY,0.05_to_0.0749,5_to_7pp,5_to_10pct,0.50_to_0.60,minus_124_to_minus_110,10.0_to_11.9,UNBUCKETED,THU,FEB
Basketball,NCAAM,NCAAM_2026_02_19_Utah_Valley_Wolverines_California_Baptist_Lancers,2026_02_19,12:00 PM,Utah Valley Wolverines,California Baptist Lancers,0.732,0.268,68.4,75.1,143.5,142.0,,,,,,,,,,,,,,,,,,,,,,,,,,,,,away,8.5,-110.0,0.076020121900679,0.0836221257285343,0.5636295608227575,6.36295608227575,0.0209055314321335,spread,ncaam,-8.5,8.5,-110.0,-110.0,1.909091,1.909091,0.4363704391772425,0.5636295608227575,2.291630940641755,1.774214962288797,2.520794034705931,1.9516364585176769,152.0,-105.0,0.5238094988662143,0.5238094988662143,0.5,0.5,-0.1669291219006788,0.076020121900679,-0.0636295608227575,0.0636295608227575,0.0,0.0836221257285343,-16.692912190067887,7.602012190067908,-6.36295608227575,6.36295608227575,,,,,,,,,,,,,,,,,,,,,,,,,65.0,46.0,Loss,-1.0,-0.0209055314321335,NCAAM,AWAY,0.075_to_0.0999,5_to_7pp,5_to_10pct,0.50_to_0.60,minus_124_to_minus_110,8.0_to_8.9,UNBUCKETED,THU,FEB
Basketball,NCAAM,NCAAM_2026_02_19_North_Texas_Mean_Green_Tulane_Green_Wave,2026_02_19,12:00 PM,North Texas Mean Green,Tulane Green Wave,0.719,0.281,66.0,72.0,138.0,137.0,,,,,,,,,,,,,,,,,,,,,,,,,,,,,away,6.5,-104.0,0.0155757772871127,0.0161988161540291,0.5177446357333444,1.7744635733344394,0.0040497040385072,spread,ncaam,-6.5,6.5,-104.0,-104.0,1.961538,1.961538,0.4822553642666556,0.5177446357333444,2.073590205721518,1.931454101081277,2.2809492262936697,2.124599511189405,128.0,112.0,0.5098040415225196,0.5098040415225196,0.5,0.5,-0.0540377772871129,0.0155757772871127,-0.0177446357333443,0.0177446357333443,0.0,0.0161988161540291,-5.40377772871129,1.557577728711279,-1.7744635733344394,1.7744635733344394,,,,,,,,,,,,,,,,,,,,,,,,,71.0,77.0,Win,0.9615384615384616,0.0038939461908723,NCAAM,AWAY,0.01_to_0.0199,1_to_2pp,0.0_to_2.5pct,0.50_to_0.60,minus_109_to_minus_101,6.0_to_6.9,UNBUCKETED,THU,FEB
Basketball,NCAAM,NCAAM_2026_02_19_Long_Beach_State_49ers_UC_Irvine_Anteaters,2026_02_19,12:00 PM,Long Beach State 49ers,UC Irvine Anteaters,0.289,0.711,75.7,68.7,144.4,141.0,,,,,,,,,,,,,,,,,,,,,,,,,,,,,away,-6.0,-110.0,0.0222307613842629,0.0244538350773057,0.5354541828463195,3.5454182846319515,0.0061134587693264,spread,ncaam,6.0,-6.0,-110.0,-110.0,1.909091,1.909091,0.4645458171536805,0.5354541828463195,2.1526401983922745,1.867573420912111,2.367904218231502,2.0543307630033225,136.0,105.0,0.5238094988662143,0.5238094988662143,0.5,0.5,-0.1131397613842629,0.0222307613842629,-0.0354541828463195,0.0354541828463195,0.0,0.0244538350773057,-11.313976138426296,2.2230761384262943,-3.5454182846319515,3.5454182846319515,,,,,,,,,,,,,,,,,,,,,,,,,58.0,69.0,Win,0.9090909090909092,0.0055576897902967,NCAAM,AWAY,0.02_to_0.0299,3_to_5pp,0.0_to_2.5pct,0.50_to_0.60,minus_124_to_minus_110,6.0_to_6.9,UNBUCKETED,THU,FEB
Basketball,NCAAM,NCAAM_2026_02_19_South_Florida_Bulls_Memphis_Tigers,2026_02_19,12:00 PM,South Florida Bulls,Memphis Tigers,0.768,0.232,76.6,84.3,160.9,163.0,,,,,,,,,,,,,,,,,,,,,,,,,,,,,under,163.0,-110.0,0.0444450675242047,0.0488895693876682,0.547090247413143,4.709024741314305,0.012222392346917,total,ncaam,,,,,,,,,,,,,,,,,,,,,,,,,,,,,-110.0,-110.0,1.909091,1.909091,0.4529097525868569,0.547090247413143,2.2079453893151144,1.827851994672528,2.274183750994568,1.8826875545127035,0.5238094988662143,0.5238094988662143,0.5,0.5,-0.1353540675242047,0.0444450675242047,-0.0470902474131431,0.047090247413143,0.0,0.0488895693876682,-13.535406752420476,4.444506752420474,-4.709024741314311,4.709024741314305,87.0,66.0,Win,0.9090909090909092,0.0111112657699245,NCAAM,UNDER,0.04_to_0.0499,3_to_5pp,2.5_to_5pct,0.50_to_0.60,minus_124_to_minus_110,UNBUCKETED,160_to_164.9,THU,FEB
Basketball,NCAAM,NCAAM_2026_02_19_Little_Rock_Trojans_Tennessee_Martin_Skyhawks,2026_02_19,12:00 PM,Little Rock Trojans,Tennessee Martin Skyhawks,0.425,0.575,68.9,65.5,134.4,136.0,,,,,,,,,,,,,,,,,,,,,,,,,,,,,under,136.0,-110.0,0.0231073782460204,0.0254181135288112,0.5359133630853744,3.591336308537441,0.0063545283822028,total,ncaam,,,,,,,,,,,,,,,,,,,,,,,,,,,,,-110.0,-110.0,1.909091,1.909091,0.4640866369146256,0.5359133630853744,2.1547700805355494,1.8659732503081727,2.219413182951616,1.921952447817418,0.5238094988662143,0.5238094988662143,0.5,0.5,-0.1140163782460205,0.0231073782460204,-0.0359133630853744,0.0359133630853744,0.0,0.0254181135288112,-11.401637824602052,2.3107378246020494,-3.591336308537441,3.591336308537441,67.0,65.0,Win,0.9090909090909092,0.0057768439838207,NCAAM,UNDER,0.02_to_0.0299,3_to_5pp,2.5_to_5pct,0.50_to_0.60,minus_124_to_minus_110,UNBUCKETED,135_to_139.9,THU,FEB
Basketball,NCAAM,NCAAM_2026_02_19_Western_Illinois_Leathernecks_Southern_Indiana_Screaming_Eagles,2026_02_19,12:00 PM,Western Illinois Leathernecks,Southern Indiana Screaming Eagles,0.437,0.563,70.5,67.5,138.0,140.0,,,,,,,,,,,,,,,,,,,,,,,,,,,,,under,140.0,-110.0,0.0401826754327558,0.0442009385559376,0.5448575659477499,4.485756594774992,0.0110502346389844,total,ncaam,,,,,,,,,,,,,,,,,,,,,,,,,,,,,-110.0,-110.0,1.909091,1.909091,0.4551424340522501,0.5448575659477499,2.1971144089922423,1.835342046247545,2.263027841262009,1.890402307634972,0.5238094988662143,0.5238094988662143,0.5,0.5,-0.1310916754327558,0.0401826754327558,-0.0448575659477499,0.0448575659477499,0.0,0.0442009385559376,-13.10916754327558,4.018267543275589,-4.485756594774992,4.485756594774992,70.0,77.0,Loss,-1.0,-0.0110502346389844,NCAAM,UNDER,0.04_to_0.0499,3_to_5pp,2.5_to_5pct,0.50_to_0.60,minus_124_to_minus_110,UNBUCKETED,140_to_144.9,THU,FEB
Basketball,NCAAM,NCAAM_2026_02_20_Iona_Gaels_Saint_Peters_Peacocks,2026_02_20,12:00 PM,Iona Gaels,Saint Peters Peacocks,0.549,0.451,68.6,69.9,138.5,140.0,-120.0,100.0,1.833333,2.0,2.0,1.8333333333333333,0.5,0.5454545454545454,0.4782608695652174,0.5217391304347826,0.549,0.451,2.217294900221729,1.8214936247723128,2.250554323725056,1.8488160291438973,125.0,-117.0,0.0064998170000001,-0.0979999999999999,0.0272608695652174,-0.0272608695652173,0.0077997835199135,0.0,0.649981700000013,-9.799999999999995,2.726086956521745,-2.72608695652174,home,-120.0,-120.0,0.0064998170000001,0.0077997835199135,0.549,2.726086956521745,0.0019499458799783,moneyline,ncaam,,,,,,,,,,,,,,,,,,,,,,,,,,,,,,,,,,,,,,,,,,,,,,,,,,,,,72.0,64.0,Win,0.8333333333333335,0.0016249548999819,NCAAM,HOME,0.00_to_0.0099,2_to_3pp,0.0_to_2.5pct,0.50_to_0.60,minus_124_to_minus_110,UNBUCKETED,UNBUCKETED,FRI,FEB
Basketball,NCAAM,NCAAM_2026_02_20_Saint_Louis_Billikens_VCU_Rams,2026_02_20,12:00 PM,Saint Louis Billikens,VCU Rams,0.751,0.249,77.6,84.7,162.3,164.0,,,,,,,,,,,,,,,,,,,,,,,,,,,,,under,164.0,-108.0,0.0364395709456952,0.0393547334729722,0.5381512949852151,3.815129498521508,0.009838683368243,total,ncaam,,,,,,,,,,,,,,,,,,,,,,,,,,,,,-108.0,-108.0,1.925926,1.925926,0.4618487050147849,0.5381512949852151,2.165211224242769,1.858213497428216,2.230167560970052,1.9139599023510625,0.5192307492603558,0.5192307492603558,0.5,0.5,-0.1105135709456953,0.0364395709456952,-0.038151294985215,0.038151294985215,0.0,0.0393547334729722,-11.051357094569536,3.643957094569528,-3.815129498521508,3.815129498521508,88.0,75.0,Win,0.925925925925926,0.0091098920076324,NCAAM,UNDER,0.03_to_0.0399,3_to_5pp,2.5_to_5pct,0.50_to_0.60,minus_109_to_minus_101,UNBUCKETED,160_to_164.9,FRI,FEB
Basketball,NCAAM,NCAAM_2026_02_21_Charleston_Southern_Buccaneers_Longwood_Lancers,2026_02_21,12:00 PM,Charleston Southern Buccaneers,Longwood Lancers,0.586,0.414,77.6,80.0,157.6,153.0,-140.0,120.0,1.714286,2.2,2.2,1.7142857142857144,0.4545454545454545,0.5833333333333333,0.437956204379562,0.5620437956204379,0.586,0.414,2.415458937198068,1.706484641638225,2.4516908212560384,1.7320819112627983,145.0,-136.0,0.0045715959999999,-0.0891999999999999,0.023956204379562,-0.023956204379562,0.0064002318399071,0.0,0.45715959999999,-8.919999999999995,2.395620437956203,-2.395620437956203,home,-140.0,-140.0,0.0045715959999999,0.0064002318399071,0.586,2.395620437956203,0.0016000579599767,moneyline,ncaam,,,,,,,,,,,,,,,,,,,,,,,,,,,,,,,,,,,,,,,,,,,,,,,,,,,,,96.0,107.0,Loss,-1.0,-0.0016000579599767,NCAAM,HOME,0.00_to_0.0099,2_to_3pp,0.0_to_2.5pct,0.50_to_0.60,minus_149_to_minus_125,UNBUCKETED,UNBUCKETED,SAT,FEB
Basketball,NCAAM,NCAAM_2026_02_21_Bellarmine_Knights_Eastern_Kentucky_Colonels,2026_02_21,12:00 PM,Bellarmine Knights,Eastern Kentucky Colonels,0.501,0.499,79.8,79.3,159.1,153.0,105.0,-125.0,2.05,1.8,1.8,2.05,0.5555555555555556,0.4878048780487805,0.5324675324675325,0.4675324675324676,0.501,0.499,2.004008016032064,1.996007984031936,2.034068136272545,2.0259481037924147,103.0,102.0,0.02705,-0.1018,0.0334675324675324,-0.0334675324675325,0.0257619047619046,0.0,2.705000000000002,-10.18,3.3467532467532424,-3.346753246753253,home,105.0,105.0,0.02705,0.0257619047619046,0.501,3.3467532467532424,0.0064404761904761,moneyline,ncaam,,,,,,,,,,,,,,,,,,,,,,,,,,,,,,,,,,,,,,,,,,,,,,,,,,,,,92.0,95.0,Loss,-1.0,-0.0064404761904761,NCAAM,HOME,0.02_to_0.0299,3_to_5pp,2.5_to_5pct,0.50_to_0.60,plus_101_to_plus_125,UNBUCKETED,UNBUCKETED,SAT,FEB
Basketball,NCAAM,NCAAM_2026_02_21_UMBC_Retrievers_Albany_Great_Danes,2026_02_21,12:00 PM,UMBC Retrievers,Albany Great Danes,0.711,0.289,67.6,73.3,140.9,143.5,,,,,,,,,,,,,,,,,,,,,,,,,,,,,away,7.5,-110.0,0.0760201219006779,0.0836221257285331,0.563629560822757,6.362956082275694,0.0209055314321332,spread,ncaam,-7.5,7.5,-110.0,-110.0,1.909091,1.909091,0.436370439177243,0.563629560822757,2.291630940641752,1.7742149622887988,2.5207940347059274,1.9516364585176789,152.0,-105.0,0.5238094988662143,0.5238094988662143,0.5,0.5,-0.166929121900678,0.0760201219006779,-0.063629560822757,0.0636295608227569,0.0,0.0836221257285331,-16.692912190067798,7.602012190067797,-6.3629560822757005,6.362956082275694,,,,,,,,,,,,,,,,,,,,,,,,,66.0,62.0,Win,0.9090909090909092,0.0190050285746665,NCAAM,AWAY,0.075_to_0.0999,5_to_7pp,5_to_10pct,0.50_to_0.60,minus_124_to_minus_110,7.0_to_7.9,UNBUCKETED,SAT,FEB
Basketball,NCAAM,NCAAM_2026_02_21_Army_Black_Knights_Navy_Midshipmen,2026_02_21,12:00 PM,Army Black Knights,Navy Midshipmen,0.218,0.782,74.1,65.0,139.1,137.5,,,,,,,,,,,,,,,,,,,,,,,,,,,,,away,-7.5,-110.0,0.062619594665122,0.0688815472434794,0.5566102373669574,5.661023736695736,0.0172203868108698,spread,ncaam,7.5,-7.5,-110.0,-110.0,1.909091,1.909091,0.4433897626330426,0.5566102373669574,2.2553520272131724,1.796589305885742,2.4808872299344897,1.9762482364743164,148.0,-102.0,0.5238094988662143,0.5238094988662143,0.5,0.5,-0.153528594665122,0.062619594665122,-0.0566102373669574,0.0566102373669573,0.0,0.0688815472434794,-15.352859466512204,6.261959466512201,-5.661023736695742,5.661023736695736,,,,,,,,,,,,,,,,,,,,,,,,,63.0,81.0,Win,0.9090909090909092,0.0156548971007907,NCAAM,AWAY,0.05_to_0.0749,5_to_7pp,5_to_10pct,0.50_to_0.60,minus_124_to_minus_110,7.0_to_7.9,UNBUCKETED,SAT,FEB
Basketball,NCAAM,NCAAM_2026_02_21_Colgate_Raiders_Loyola_Maryland_Greyhounds,2026_02_21,12:00 PM,Colgate Raiders,Loyola Maryland Greyhounds,0.787,0.213,68.6,76.6,145.2,152.0,,,,,,,,,,,,,,,,,,,,,,,,,,,,,away,9.0,-109.0,0.0266964492692012,0.0290991358142479,0.5354541828463195,3.7618740564192232,0.0072747839535619,spread,ncaam,-9.0,9.0,-111.0,-109.0,1.900901,1.917431,0.4645458171536805,0.5354541828463195,2.1526401983922745,1.867573420912111,2.367904218231502,2.0543307630033225,136.0,105.0,0.526066323285642,0.5215311528811206,0.5021645577178726,0.4978354422821273,-0.1169443916267516,0.0266964492692012,-0.0376187405641921,0.0376187405641922,0.0,0.0290991358142479,-11.694439162675163,2.669644926920123,-3.761874056419212,3.7618740564192232,,,,,,,,,,,,,,,,,,,,,,,,,101.0,98.0,Win,0.9174311926605504,0.0066741137188641,NCAAM,AWAY,0.02_to_0.0299,3_to_5pp,2.5_to_5pct,0.50_to_0.60,minus_109_to_minus_101,9.0_to_9.9,UNBUCKETED,SAT,FEB
Basketball,NCAAM,NCAAM_2026_02_21_Columbia_Lions_Dartmouth_Big_Green,2026_02_21,12:00 PM,Columbia Lions,Dartmouth Big Green,0.698,0.302,72.2,77.5,149.7,150.5,,,,,,,,,,,,,,,,,,,,,,,,,,,,,away,7.0,-108.0,0.0787540264703321,0.0850543417836112,0.5601222614318162,5.671162374893035,0.0212635854459028,spread,ncaam,-7.0,7.0,-105.0,-108.0,1.952381,1.925926,0.4398777385681838,0.5601222614318162,2.273358963913546,1.7853245065528076,2.500694860304901,1.9638569572080888,150.0,-103.0,0.5121951094586559,0.5192307492603558,0.4965893623171141,0.5034106376828859,-0.1411910608965108,0.0787540264703321,-0.0567116237489302,0.0567116237489303,0.0,0.0850543417836112,-14.11910608965108,7.875402647033214,-5.671162374893029,5.671162374893035,,,,,,,,,,,,,,,,,,,,,,,,,63.0,64.0,Win,0.925925925925926,0.0196885050425025,NCAAM,AWAY,0.075_to_0.0999,5_to_7pp,5_to_10pct,0.50_to_0.60,minus_109_to_minus_101,7.0_to_7.9,UNBUCKETED,SAT,FEB
Basketball,NCAAM,NCAAM_2026_02_21_Northeastern_Huskies_Hofstra_Pride,2026_02_21,12:00 PM,Northeastern Huskies,Hofstra Pride,0.26,0.74,76.4,68.3,144.7,144.5,,,,,,,,,,,,,,,,,,,,,,,,,,,,,away,-6.5,-110.0,0.0626195946651229,0.0688815472434804,0.5566102373669578,5.66102373669578,0.0172203868108701,spread,ncaam,6.5,-6.5,-110.0,-110.0,1.909091,1.909091,0.4433897626330422,0.5566102373669578,2.255352027213174,1.7965893058857405,2.4808872299344924,1.9762482364743148,148.0,-102.0,0.5238094988662143,0.5238094988662143,0.5,0.5,-0.1535285946651228,0.0626195946651229,-0.0566102373669578,0.0566102373669578,0.0,0.0688815472434804,-15.352859466512282,6.26195946651229,-5.66102373669578,5.66102373669578,,,,,,,,,,,,,,,,,,,,,,,,,68.0,82.0,Win,0.9090909090909092,0.015654897100791,NCAAM,AWAY,0.05_to_0.0749,5_to_7pp,5_to_10pct,0.50_to_0.60,minus_124_to_minus_110,6.0_to_6.9,UNBUCKETED,SAT,FEB
Basketball,NCAAM,NCAAM_2026_02_21_Virginia_Cavaliers_Miami_Hurricanes,2026_02_21,12:00 PM,Virginia Cavaliers,Miami Hurricanes,0.72,0.28,70.2,76.4,146.6,145.5,,,,,,,,,,,,,,,,,,,,,,,,,,,,,away,7.5,-102.0,0.0813901669597274,0.0830179835817992,0.5460485433993509,5.521441454469345,0.0207544958954498,spread,ncaam,-7.5,7.5,-110.0,-102.0,1.909091,1.980392,0.453951456600649,0.5460485433993509,2.2028787119406066,1.8313390120494344,2.423166583134668,2.014472913254378,142.0,101.0,0.5238094988662143,0.504950535045587,0.5091658711453424,0.4908341288546575,-0.1333653597668103,0.0813901669597274,-0.0552144145446933,0.0552144145446934,0.0,0.0830179835817992,-13.33653597668103,8.139016695972746,-5.521441454469339,5.521441454469345,,,,,,,,,,,,,,,,,,,,,,,,,86.0,83.0,Win,0.9803921568627452,0.020347544995539,NCAAM,AWAY,0.075_to_0.0999,5_to_7pp,5_to_10pct,0.50_to_0.60,minus_109_to_minus_101,7.0_to_7.9,UNBUCKETED,SAT,FEB
Basketball,NCAAM,NCAAM_2026_02_21_Texas_Tech_Red_Raiders_Kansas_State_Wildcats,2026_02_21,12:00 PM,Texas Tech Red Raiders,Kansas State Wildcats,0.858,0.142,77.0,87.5,164.5,157.5,,,,,,,,,,,,,,,,,,,,,,,,,,,,,away,12.5,-108.0,0.0989890402196964,0.1069081548846197,0.5706289027821922,7.282380830673096,0.0267270387211549,spread,ncaam,-12.5,12.5,-110.0,-108.0,1.909091,1.925926,0.4293710972178077,0.5706289027821922,2.328987690321243,1.752452417191524,2.561886459353368,1.927697658910677,156.0,-107.0,0.5238094988662143,0.5192307492603558,0.5021949055245387,0.4978050944754613,-0.1802915026413583,0.0989890402196964,-0.072823808306731,0.0728238083067309,0.0,0.1069081548846197,-18.02915026413583,9.898904021969646,-7.282380830673102,7.282380830673096,,,,,,,,,,,,,,,,,,,,,,,,,100.0,72.0,Loss,-1.0,-0.0267270387211549,NCAAM,AWAY,0.075_to_0.0999,7_to_10pp,10_to_20pct,0.50_to_0.60,minus_109_to_minus_101,12.0_to_14.9,UNBUCKETED,SAT,FEB
Basketball,NCAAM,NCAAM_2026_02_21_Louisiana_Monroe_Warhawks_Arkansas_State_Red_Wolves,2026_02_21,12:00 PM,Louisiana Monroe Warhawks,Arkansas State Red Wolves,0.08,0.92,87.7,72.7,160.4,163.0,,,,,,,,,,,,,,,,,,,,,,,,,,,,,away,-14.0,-110.0,0.0222307613842629,0.0244538350773057,0.5354541828463195,3.5454182846319515,0.0061134587693264,spread,ncaam,14.0,-14.0,-110.0,-110.0,1.909091,1.909091,0.4645458171536805,0.5354541828463195,2.1526401983922745,1.867573420912111,2.367904218231502,2.0543307630033225,136.0,105.0,0.5238094988662143,0.5238094988662143,0.5,0.5,-0.1131397613842629,0.0222307613842629,-0.0354541828463195,0.0354541828463195,0.0,0.0244538350773057,-11.313976138426296,2.2230761384262943,-3.5454182846319515,3.5454182846319515,,,,,,,,,,,,,,,,,,,,,,,,,94.0,102.0,Loss,-1.0,-0.0061134587693264,NCAAM,AWAY,0.02_to_0.0299,3_to_5pp,0.0_to_2.5pct,0.50_to_0.60,minus_124_to_minus_110,12.0_to_14.9,UNBUCKETED,SAT,FEB
Basketball,NCAAM,NCAAM_2026_02_21_Northern_Illinois_Huskies_Ohio_Bobcats,2026_02_21,12:00 PM,Northern Illinois Huskies,Ohio Bobcats,0.289,0.711,78.8,71.9,150.7,147.5,,,,,,,,,,,,,,,,,,,,,,,,,,,,,away,-6.0,-110.0,0.0154774982113023,0.0170252463299079,0.5319167594479793,2.7464440725034955,0.0042563115824769,spread,ncaam,6.0,-6.0,-106.0,-110.0,1.943396,1.909091,0.4680832405520206,0.5319167594479793,2.1363721521425942,1.879993405430194,2.350009367356854,2.0679927459732137,135.0,106.0,0.5145631667452233,0.5238094988662143,0.4955476812770555,0.5044523187229444,-0.0903289026441653,0.0154774982113023,-0.0274644407250349,0.0274644407250349,0.0,0.0170252463299079,-9.032890264416537,1.5477498211302398,-2.7464440725034898,2.7464440725034955,,,,,,,,,,,,,,,,,,,,,,,,,66.0,74.0,Win,0.9090909090909092,0.003869374165888,NCAAM,AWAY,0.01_to_0.0199,2_to_3pp,0.0_to_2.5pct,0.50_to_0.60,minus_124_to_minus_110,6.0_to_6.9,UNBUCKETED,SAT,FEB
Basketball,NCAAM,NCAAM_2026_02_21_Queens_Royals_West_Georgia_Wolves,2026_02_21,12:00 PM,Queens Royals,West Georgia Wolves,0.839,0.161,77.1,86.8,163.9,161.5,,,,,,,,,,,,,,,,,,,,,,,,,,,,,away,11.5,-110.0,0.0760201219006779,0.0836221257285331,0.563629560822757,6.362956082275694,0.0209055314321332,spread,ncaam,-11.5,11.5,-110.0,-110.0,1.909091,1.909091,0.436370439177243,0.563629560822757,2.291630940641752,1.7742149622887988,2.5207940347059274,1.9516364585176789,152.0,-105.0,0.5238094988662143,0.5238094988662143,0.5,0.5,-0.166929121900678,0.0760201219006779,-0.063629560822757,0.0636295608227569,0.0,0.0836221257285331,-16.692912190067798,7.602012190067797,-6.3629560822757005,6.362956082275694,,,,,,,,,,,,,,,,,,,,,,,,,91.0,84.0,Win,0.9090909090909092,0.0190050285746665,NCAAM,AWAY,0.075_to_0.0999,5_to_7pp,5_to_10pct,0.50_to_0.60,minus_124_to_minus_110,10.0_to_11.9,UNBUCKETED,SAT,FEB
Basketball,NCAAM,NCAAM_2026_02_21_South_Dakota_State_Jackrabbits_North_Dakota_Fighting_Hawks,2026_02_21,12:00 PM,South Dakota State Jackrabbits,North Dakota Fighting Hawks,0.741,0.259,72.9,79.8,152.7,151.5,,,,,,,,,,,,,,,,,,,,,,,,,,,,,away,9.0,-110.0,0.0960481018324912,0.1056529014504502,0.5741204069541427,6.495453580880028,0.0264132253626125,spread,ncaam,-9.0,9.0,-102.0,-110.0,1.980392,1.909091,0.4258795930458573,0.5741204069541427,2.348081514890344,1.7417949055412587,2.582889666379379,1.9159743960953848,158.0,-109.0,0.504950535045587,0.5238094988662143,0.4908341288546575,0.5091658711453424,-0.1565914609687285,0.0960481018324912,-0.0649545358088001,0.0649545358088002,0.0,0.1056529014504502,-15.659146096872856,9.604810183249125,-6.495453580880017,6.495453580880028,,,,,,,,,,,,,,,,,,,,,,,,,91.0,83.0,Win,0.9090909090909092,0.0240120230569204,NCAAM,AWAY,0.075_to_0.0999,5_to_7pp,10_to_20pct,0.50_to_0.60,minus_124_to_minus_110,9.0_to_9.9,UNBUCKETED,SAT,FEB
Basketball,NCAAM,NCAAM_2026_02_21_Sam_Houston_State_Bearkats_Jacksonville_State_Gamecocks,2026_02_21,12:00 PM,Sam Houston State Bearkats,Jacksonville State Gamecocks,0.741,0.259,69.2,76.1,145.3,146.5,,,,,,,,,,,,,,,,,,,,,,,,,,,,,away,8.5,-110.0,0.0626195946651229,0.0688815472434804,0.5566102373669578,5.66102373669578,0.0172203868108701,spread,ncaam,-8.5,8.5,-110.0,-110.0,1.909091,1.909091,0.4433897626330422,0.5566102373669578,2.255352027213174,1.7965893058857405,2.4808872299344924,1.9762482364743148,148.0,-102.0,0.5238094988662143,0.5238094988662143,0.5,0.5,-0.1535285946651228,0.0626195946651229,-0.0566102373669578,0.0566102373669578,0.0,0.0688815472434804,-15.352859466512282,6.26195946651229,-5.66102373669578,5.66102373669578,,,,,,,,,,,,,,,,,,,,,,,,,82.0,78.0,Win,0.9090909090909092,0.015654897100791,NCAAM,AWAY,0.05_to_0.0749,5_to_7pp,5_to_10pct,0.50_to_0.60,minus_124_to_minus_110,8.0_to_8.9,UNBUCKETED,SAT,FEB
Basketball,NCAAM,NCAAM_2026_02_21_Norfolk_State_Spartans_South_Carolina_State_Bulldogs,2026_02_21,12:00 PM,Norfolk State Spartans,South Carolina State Bulldogs,0.798,0.202,66.9,75.3,142.2,140.5,,,,,,,,,,,,,,,,,,,,,,,,,,,,,away,10.5,-110.0,0.0960481018324912,0.1056529014504502,0.5741204069541427,6.96680882311983,0.0264132253626125,spread,ncaam,-10.5,10.5,-106.0,-110.0,1.943396,1.909091,0.4258795930458573,0.5741204069541427,2.348081514890344,1.7417949055412587,2.582889666379379,1.9159743960953848,158.0,-109.0,0.5145631667452233,0.5238094988662143,0.4955476812770555,0.5044523187229444,-0.172347302393053,0.0960481018324912,-0.0696680882311981,0.0696680882311983,0.0,0.1056529014504502,-17.234730239305307,9.604810183249125,-6.966808823119819,6.96680882311983,,,,,,,,,,,,,,,,,,,,,,,,,90.0,71.0,Loss,-1.0,-0.0264132253626125,NCAAM,AWAY,0.075_to_0.0999,5_to_7pp,10_to_20pct,0.50_to_0.60,minus_124_to_minus_110,10.0_to_11.9,UNBUCKETED,SAT,FEB
Basketball,NCAAM,NCAAM_2026_02_21_Arkansas_Razorbacks_Missouri_Tigers,2026_02_21,12:00 PM,Arkansas Razorbacks,Missouri Tigers,0.784,0.216,77.0,85.0,162.0,159.5,,,,,,,,,,,,,,,,,,,,,,,,,,,,,away,9.5,-110.0,0.0559063207778323,0.0614969467059208,0.5530937607363045,5.309376073630445,0.0153742366764802,spread,ncaam,-9.5,9.5,-110.0,-110.0,1.909091,1.909091,0.4469062392636955,0.5530937607363045,2.237605815590221,1.8080117169804133,2.461366397149243,1.9888128886784555,146.0,-101.0,0.5238094988662143,0.5238094988662143,0.5,0.5,-0.1468153207778322,0.0559063207778323,-0.0530937607363045,0.0530937607363044,0.0,0.0614969467059208,-14.68153207778322,5.590632077783231,-5.3093760736304505,5.309376073630445,,,,,,,,,,,,,,,,,,,,,,,,,94.0,86.0,Win,0.9090909090909092,0.0139765787968001,NCAAM,AWAY,0.05_to_0.0749,5_to_7pp,5_to_10pct,0.50_to_0.60,minus_124_to_minus_110,9.0_to_9.9,UNBUCKETED,SAT,FEB
Basketball,NCAAM,NCAAM_2026_02_21_Western_Illinois_Leathernecks_Morehead_State_Eagles,2026_02_21,12:00 PM,Western Illinois Leathernecks,Morehead State Eagles,0.239,0.761,75.1,66.4,141.5,145.5,,,,,,,,,,,,,,,,,,,,,,,,,,,,,away,-8.0,-108.0,0.0107926507870901,0.0116560619175724,0.524834625415042,2.7029530939580715,0.0029140154793931,spread,ncaam,8.0,-8.0,-110.0,-108.0,1.909091,1.925926,0.475165374584958,0.524834625415042,2.104530450842443,1.905362092314688,2.3149834959266875,2.095898301546157,131.0,109.0,0.5238094988662143,0.5192307492603558,0.5021949055245387,0.4978050944754613,-0.0928660598682279,0.0107926507870901,-0.0270295309395807,0.0270295309395807,0.0,0.0116560619175724,-9.286605986822794,1.079265078709013,-2.7029530939580715,2.7029530939580715,,,,,,,,,,,,,,,,,,,,,,,,,59.0,81.0,Win,0.925925925925926,0.0026981624809195,NCAAM,AWAY,0.01_to_0.0199,2_to_3pp,0.0_to_2.5pct,0.50_to_0.60,minus_109_to_minus_101,8.0_to_8.9,UNBUCKETED,SAT,FEB
Basketball,NCAAM,NCAAM_2026_02_21_Lipscomb_Bisons_North_Alabama_Lions,2026_02_21,12:00 PM,Lipscomb Bisons,North Alabama Lions,0.865,0.135,70.7,81.4,152.1,148.5,,,,,,,,,,,,,,,,,,,,,,,,,,,,,away,13.0,-114.0,0.090810093577484,0.1035235046078618,0.5810857453535594,7.1268987667195365,0.0258808761519654,spread,ncaam,-13.0,13.0,-105.0,-114.0,1.952381,1.877193,0.4189142546464406,0.5810857453535594,2.387123352591546,1.720916418955612,2.6258356878507008,1.8930080608511728,162.0,-111.0,0.5121951094586559,0.5327102753952311,0.4901832423136359,0.509816757686364,-0.1821197685991277,0.090810093577484,-0.0712689876671953,0.0712689876671953,0.0,0.1035235046078618,-18.21197685991277,9.081009357748403,-7.12689876671953,7.1268987667195365,,,,,,,,,,,,,,,,,,,,,,,,,73.0,51.0,Loss,-1.0,-0.0258808761519654,NCAAM,AWAY,0.075_to_0.0999,7_to_10pp,10_to_20pct,0.50_to_0.60,minus_124_to_minus_110,12.0_to_14.9,UNBUCKETED,SAT,FEB
Basketball,NCAAM,NCAAM_2026_02_21_Bethune_Cookman_Wildcats_Alabama_AM_Bulldogs,2026_02_21,12:00 PM,Bethune Cookman Wildcats,Alabama AM Bulldogs,0.729,0.271,68.8,75.3,144.1,142.0,,,,,,,,,,,,,,,,,,,,,,,,,,,,,away,7.5,-110.0,0.0222307613842629,0.0244538350773057,0.5354541828463195,3.5454182846319515,0.0061134587693264,spread,ncaam,-7.5,7.5,-110.0,-110.0,1.909091,1.909091,0.4645458171536805,0.5354541828463195,2.1526401983922745,1.867573420912111,2.367904218231502,2.0543307630033225,136.0,105.0,0.5238094988662143,0.5238094988662143,0.5,0.5,-0.1131397613842629,0.0222307613842629,-0.0354541828463195,0.0354541828463195,0.0,0.0244538350773057,-11.313976138426296,2.2230761384262943,-3.5454182846319515,3.5454182846319515,,,,,,,,,,,,,,,,,,,,,,,,,85.0,76.0,Loss,-1.0,-0.0061134587693264,NCAAM,AWAY,0.02_to_0.0299,3_to_5pp,0.0_to_2.5pct,0.50_to_0.60,minus_124_to_minus_110,7.0_to_7.9,UNBUCKETED,SAT,FEB
Basketball,NCAAM,NCAAM_2026_02_21_Seton_Hall_Pirates_Georgetown_Hoyas,2026_02_21,12:00 PM,Seton Hall Pirates,Georgetown Hoyas,0.69,0.31,64.8,70.0,134.8,136.0,,,,,,,,,,,,,,,,,,,,,,,,,,,,,away,6.5,-108.0,0.0516490869949384,0.0557810094920527,0.5460485433993509,4.824344892388965,0.0139452523730131,spread,ncaam,-6.5,6.5,-110.0,-108.0,1.909091,1.925926,0.453951456600649,0.5460485433993509,2.2028787119406066,1.8313390120494344,2.423166583134668,2.014472913254378,142.0,101.0,0.5238094988662143,0.5192307492603558,0.5021949055245387,0.4978050944754613,-0.1333653597668103,0.0516490869949384,-0.0482434489238897,0.0482434489238896,0.0,0.0557810094920527,-13.33653597668103,5.164908699493842,-4.824344892388971,4.824344892388965,,,,,,,,,,,,,,,,,,,,,,,,,51.0,47.0,Win,0.925925925925926,0.0129122707157528,NCAAM,AWAY,0.05_to_0.0749,3_to_5pp,5_to_10pct,0.50_to_0.60,minus_109_to_minus_101,6.0_to_6.9,UNBUCKETED,SAT,FEB
Basketball,NCAAM,NCAAM_2026_02_21_Stephen_F_Austin_Lumberjacks_Nicholls_State_Colonels,2026_02_21,12:00 PM,Stephen F Austin Lumberjacks,Nicholls State Colonels,0.864,0.136,64.8,75.5,140.3,147.5,,,,,,,,,,,,,,,,,,,,,,,,,,,,,away,12.5,-110.0,0.0760201219006779,0.0836221257285331,0.563629560822757,5.802418546330856,0.0209055314321332,spread,ncaam,-12.5,12.5,-105.0,-110.0,1.952381,1.909091,0.436370439177243,0.563629560822757,2.291630940641752,1.7742149622887988,2.5207940347059274,1.9516364585176789,152.0,-105.0,0.5121951094586559,0.5238094988662143,0.4943946246405516,0.5056053753594484,-0.1480386455886951,0.0760201219006779,-0.0580241854633086,0.0580241854633085,0.0,0.0836221257285331,-14.803864558869517,7.602012190067797,-5.802418546330862,5.802418546330856,,,,,,,,,,,,,,,,,,,,,,,,,81.0,78.0,Win,0.9090909090909092,0.0190050285746665,NCAAM,AWAY,0.075_to_0.0999,5_to_7pp,5_to_10pct,0.50_to_0.60,minus_124_to_minus_110,12.0_to_14.9,UNBUCKETED,SAT,FEB
Basketball,NCAAM,NCAAM_2026_02_21_Wichita_State_Shockers_Temple_Owls,2026_02_21,12:00 PM,Wichita State Shockers,Temple Owls,0.755,0.245,67.4,74.6,142.0,141.0,,,,,,,,,,,,,,,,,,,,,,,,,,,,,away,9.0,-110.0,0.076020121900679,0.0836221257285343,0.5636295608227575,6.36295608227575,0.0209055314321335,spread,ncaam,-9.0,9.0,-110.0,-110.0,1.909091,1.909091,0.4363704391772425,0.5636295608227575,2.291630940641755,1.774214962288797,2.520794034705931,1.9516364585176769,152.0,-105.0,0.5238094988662143,0.5238094988662143,0.5,0.5,-0.1669291219006788,0.076020121900679,-0.0636295608227575,0.0636295608227575,0.0,0.0836221257285343,-16.692912190067887,7.602012190067908,-6.36295608227575,6.36295608227575,,,,,,,,,,,,,,,,,,,,,,,,,69.0,57.0,Loss,-1.0,-0.0209055314321335,NCAAM,AWAY,0.075_to_0.0999,5_to_7pp,5_to_10pct,0.50_to_0.60,minus_124_to_minus_110,9.0_to_9.9,UNBUCKETED,SAT,FEB
Basketball,NCAAM,NCAAM_2026_02_21_Jacksonville_Dolphins_Austin_Peay_Governors,2026_02_21,12:00 PM,Jacksonville Dolphins,Austin Peay Governors,0.271,0.729,76.6,68.9,145.5,141.0,,,,,,,,,,,,,,,,,,,,,,,,,,,,,away,-6.0,-108.0,0.0787540264703312,0.0850543417836104,0.5601222614318158,6.231716695635448,0.0212635854459026,spread,ncaam,6.0,-6.0,-110.0,-108.0,1.909091,1.925926,0.4398777385681842,0.5601222614318158,2.273358963913544,1.7853245065528092,2.500694860304898,1.9638569572080904,150.0,-103.0,0.5238094988662143,0.5192307492603558,0.5021949055245387,0.4978050944754613,-0.1602333681991266,0.0787540264703312,-0.0623171669563545,0.0623171669563544,0.0,0.0850543417836104,-16.023336819912657,7.875402647033125,-6.231716695635453,6.231716695635448,,,,,,,,,,,,,,,,,,,,,,,,,61.0,65.0,Loss,-1.0,-0.0212635854459026,NCAAM,AWAY,0.075_to_0.0999,5_to_7pp,5_to_10pct,0.50_to_0.60,minus_109_to_minus_101,6.0_to_6.9,UNBUCKETED,SAT,FEB
Basketball,NCAAM,NCAAM_2026_02_21_Belmont_Bruins_Indiana_State_Sycamores,2026_02_21,12:00 PM,Belmont Bruins,Indiana State Sycamores,0.891,0.109,72.0,83.7,155.7,158.0,,,,,,,,,,,,,,,,,,,,,,,,,,,,,away,13.0,-108.0,0.0516490869949384,0.0557810094920527,0.5460485433993509,4.263790571646508,0.0139452523730131,spread,ncaam,-13.0,13.0,-105.0,-108.0,1.952381,1.925926,0.453951456600649,0.5460485433993509,2.2028787119406066,1.8313390120494344,2.423166583134668,2.014472913254378,142.0,101.0,0.5121951094586559,0.5192307492603558,0.4965893623171141,0.5034106376828859,-0.1137138012105682,0.0516490869949384,-0.042637905716465,0.042637905716465,0.0,0.0557810094920527,-11.371380121056829,5.164908699493842,-4.263790571646508,4.263790571646508,,,,,,,,,,,,,,,,,,,,,,,,,87.0,70.0,Loss,-1.0,-0.0139452523730131,NCAAM,AWAY,0.05_to_0.0749,3_to_5pp,5_to_10pct,0.50_to_0.60,minus_109_to_minus_101,12.0_to_14.9,UNBUCKETED,SAT,FEB
Basketball,NCAAM,NCAAM_2026_02_21_Oregon_State_Beavers_Pepperdine_Waves,2026_02_21,12:00 PM,Oregon State Beavers,Pepperdine Waves,0.782,0.218,67.4,75.3,142.7,148.0,,,,,,,,,,,,,,,,,,,,,,,,,,,,,away,9.0,-104.0,0.0572470248364309,0.0595369344076167,0.5389888061492721,4.356917010891276,0.0148842336019041,spread,ncaam,-9.0,9.0,-108.0,-104.0,1.925926,1.961538,0.4610111938507278,0.5389888061492721,2.169144726502656,1.8553261006371464,2.3860591991529216,2.0408587107008613,138.0,104.0,0.5192307492603558,0.5098040415225196,0.5045803639596406,0.4954196360403594,-0.1121265554718431,0.0572470248364309,-0.0435691701089127,0.0435691701089127,0.0,0.0595369344076167,-11.212655547184314,5.724702483643096,-4.356917010891276,4.356917010891276,,,,,,,,,,,,,,,,,,,,,,,,,83.0,73.0,Loss,-1.0,-0.0148842336019041,NCAAM,AWAY,0.05_to_0.0749,3_to_5pp,5_to_10pct,0.50_to_0.60,minus_109_to_minus_101,9.0_to_9.9,UNBUCKETED,SAT,FEB
Basketball,NCAAM,NCAAM_2026_02_21_San_Francisco_Dons_Santa_Clara_Broncos,2026_02_21,12:00 PM,San Francisco Dons,Santa Clara Broncos,0.26,0.74,79.6,71.5,151.1,159.0,,,,,,,,,,,,,,,,,,,,,,,,,,,,,away,-6.0,-110.0,0.0960481018324903,0.1056529014504493,0.5741204069541422,6.851503159469385,0.0264132253626123,spread,ncaam,6.0,-6.0,-105.0,-110.0,1.952381,1.909091,0.4258795930458577,0.5741204069541422,2.348081514890342,1.74179490554126,2.5828896663793763,1.915974396095386,158.0,-109.0,0.5121951094586559,0.5238094988662143,0.4943946246405516,0.5056053753594484,-0.1685207742495352,0.0960481018324903,-0.0685150315946939,0.0685150315946938,0.0,0.1056529014504493,-16.852077424953528,9.604810183249036,-6.851503159469391,6.851503159469385,,,,,,,,,,,,,,,,,,,,,,,,,73.0,94.0,Win,0.9090909090909092,0.0240120230569202,NCAAM,AWAY,0.075_to_0.0999,5_to_7pp,10_to_20pct,0.50_to_0.60,minus_124_to_minus_110,6.0_to_6.9,UNBUCKETED,SAT,FEB
Basketball,NCAAM,NCAAM_2026_02_21_Washington_State_Cougars_Saint_Marys_College_Gaels,2026_02_21,12:00 PM,Washington State Cougars,Saint Marys College Gaels,0.209,0.791,77.3,67.9,145.2,148.5,,,,,,,,,,,,,,,,,,,,,,,,,,,,,away,-8.5,-110.0,0.0154774982113023,0.0170252463299079,0.5319167594479793,3.1916759447979337,0.0042563115824769,spread,ncaam,8.5,-8.5,-110.0,-110.0,1.909091,1.909091,0.4680832405520206,0.5319167594479793,2.1363721521425942,1.879993405430194,2.350009367356854,2.0679927459732137,135.0,106.0,0.5238094988662143,0.5238094988662143,0.5,0.5,-0.1063864982113024,0.0154774982113023,-0.0319167594479793,0.0319167594479793,0.0,0.0170252463299079,-10.638649821130242,1.5477498211302398,-3.1916759447979395,3.1916759447979337,,,,,,,,,,,,,,,,,,,,,,,,,67.0,83.0,Win,0.9090909090909092,0.003869374165888,NCAAM,AWAY,0.01_to_0.0199,3_to_5pp,0.0_to_2.5pct,0.50_to_0.60,minus_124_to_minus_110,8.0_to_8.9,UNBUCKETED,SAT,FEB
Basketball,NCAAM,NCAAM_2026_02_21_Saint_Josephs_Hawks_Loyola_Chicago_Ramblers,2026_02_21,12:00 PM,Saint Josephs Hawks,Loyola Chicago Ramblers,0.787,0.213,67.6,75.6,143.2,140.0,,,,,,,,,,,,,,,,,,,,,,,,,,,,,away,10.0,-116.0,0.0625503903747339,0.0725584499323533,0.5706289027821922,5.762168211333163,0.0181396124830883,spread,ncaam,-10.0,10.0,-104.0,-116.0,1.961538,1.862069,0.4293710972178077,0.5706289027821922,2.328987690321243,1.752452417191524,2.561886459353368,1.927697658910677,156.0,-107.0,0.5098040415225196,0.5370370270919069,0.4869927793311394,0.5130072206688606,-0.1577722767055759,0.0625503903747339,-0.0576216821133316,0.0576216821133316,0.0,0.0725584499323533,-15.777227670557592,6.255039037473398,-5.762168211333169,5.762168211333163,,,,,,,,,,,,,,,,,,,,,,,,,75.0,61.0,Loss,-1.0,-0.0181396124830883,NCAAM,AWAY,0.05_to_0.0749,5_to_7pp,5_to_10pct,0.50_to_0.60,minus_124_to_minus_110,10.0_to_11.9,UNBUCKETED,SAT,FEB
Basketball,NCAAM,NCAAM_2026_02_21_Louisville_Cardinals_Georgia_Tech_Yellow_Jackets,2026_02_21,12:00 PM,Louisville Cardinals,Georgia Tech Yellow Jackets,0.955,0.045,72.0,89.2,161.2,163.0,,,,,,,,,,,,,,,,,,,,,,,,,,,,,under,163.0,-110.0,0.0316499047506015,0.0348148917441726,0.5403880196127904,4.038801961279037,0.0087037229360431,total,ncaam,,,,,,,,,,,,,,,,,,,,,,,,,,,,,-110.0,-110.0,1.909091,1.909091,0.4596119803872096,0.5403880196127904,2.175748332664282,1.850522150207068,2.2410207826442106,1.90603781471328,0.5238094988662143,0.5238094988662143,0.5,0.5,-0.1225589047506016,0.0316499047506015,-0.0403880196127904,0.0403880196127903,0.0,0.0348148917441726,-12.25589047506016,3.1649904750601587,-4.0388019612790425,4.038801961279037,87.0,70.0,Win,0.9090909090909092,0.0079124753964028,NCAAM,UNDER,0.03_to_0.0399,3_to_5pp,2.5_to_5pct,0.50_to_0.60,minus_124_to_minus_110,UNBUCKETED,160_to_164.9,SAT,FEB
Basketball,NCAAM,NCAAM_2026_02_21_Campbell_Fighting_Camels_UNC_Wilmington_Seahawks,2026_02_21,12:00 PM,Campbell Fighting Camels,UNC Wilmington Seahawks,0.353,0.647,77.1,71.8,148.9,150.5,,,,,,,,,,,,,,,,,,,,,,,,,,,,,under,150.5,-110.0,0.0231073782460204,0.0254181135288112,0.5359133630853744,3.371845756083569,0.0063545283822028,total,ncaam,,,,,,,,,,,,,,,,,,,,,,,,,,,,,-108.0,-110.0,1.925926,1.909091,0.4640866369146256,0.5359133630853744,2.1547700805355494,1.8659732503081727,2.219413182951616,1.921952447817418,0.5192307492603558,0.5238094988662143,0.4978050944754613,0.5021949055245387,-0.1062034797135628,0.0231073782460204,-0.0337184575608356,0.0337184575608356,0.0,0.0254181135288112,-10.62034797135628,2.3107378246020494,-3.371845756083569,3.371845756083569,68.0,73.0,Win,0.9090909090909092,0.0057768439838207,NCAAM,UNDER,0.02_to_0.0299,3_to_5pp,2.5_to_5pct,0.50_to_0.60,minus_124_to_minus_110,UNBUCKETED,150_to_154.9,SAT,FEB
Basketball,NCAAM,NCAAM_2026_02_21_Tennessee_Tech_Golden_Eagles_Lindenwood_Lions,2026_02_21,12:00 PM,Tennessee Tech Golden Eagles,Lindenwood Lions,0.404,0.596,76.6,72.7,149.3,151.5,,,,,,,,,,,,,,,,,,,,,,,,,,,,,under,151.5,-110.0,0.0487046193787867,0.0535750759591578,0.5493214411354863,4.932144113548631,0.0133937689897894,total,ncaam,,,,,,,,,,,,,,,,,,,,,,,,,,,,,-110.0,-110.0,1.909091,1.909091,0.4506785588645137,0.5493214411354863,2.2188763595044407,1.8204277588963744,2.285442650289574,1.8750405916632653,0.5238094988662143,0.5238094988662143,0.5,0.5,-0.1396136193787867,0.0487046193787867,-0.0493214411354863,0.0493214411354863,0.0,0.0535750759591578,-13.961361937878667,4.870461937878678,-4.932144113548631,4.932144113548631,72.0,57.0,Win,0.9090909090909092,0.0121761536270812,NCAAM,UNDER,0.04_to_0.0499,3_to_5pp,5_to_10pct,0.50_to_0.60,minus_124_to_minus_110,UNBUCKETED,150_to_154.9,SAT,FEB
Basketball,NCAAM,NCAAM_2026_02_21_McNeese_State_Cowboys_Texas_AM_Corpus_Christi_Islanders,2026_02_21,12:00 PM,McNeese State Cowboys,Texas AM Corpus Christi Islanders,0.878,0.122,63.3,74.4,137.7,139.5,,,,,,,,,,,,,,,,,,,,,,,,,,,,,under,139.5,-110.0,0.0316499047506015,0.0348148917441726,0.5403880196127904,3.2426220988318155,0.0087037229360431,total,ncaam,,,,,,,,,,,,,,,,,,,,,,,,,,,,,-103.0,-110.0,1.970874,1.909091,0.4596119803872096,0.5403880196127904,2.175748332664282,1.850522150207068,2.2410207826442106,1.90603781471328,0.5073891075735942,0.5238094988662143,0.4920382013755279,0.5079617986244722,-0.0941626977663386,0.0316499047506015,-0.0324262209883183,0.0324262209883181,0.0,0.0348148917441726,-9.416269776633868,3.1649904750601587,-3.2426220988318324,3.2426220988318155,70.0,54.0,Win,0.9090909090909092,0.0079124753964028,NCAAM,UNDER,0.03_to_0.0399,3_to_5pp,2.5_to_5pct,0.50_to_0.60,minus_124_to_minus_110,UNBUCKETED,135_to_139.9,SAT,FEB
Basketball,NCAAM,NCAAM_2026_02_21_New_Mexico_State_Aggies_UTEP_Miners,2026_02_21,12:00 PM,New Mexico State Aggies,UTEP Miners,0.744,0.256,65.0,72.0,137.0,139.0,,,,,,,,,,,,,,,,,,,,,,,,,,,,,under,139.0,-110.0,0.0401826754327558,0.0442009385559376,0.5448575659477499,4.485756594774992,0.0110502346389844,total,ncaam,,,,,,,,,,,,,,,,,,,,,,,,,,,,,-110.0,-110.0,1.909091,1.909091,0.4551424340522501,0.5448575659477499,2.1971144089922423,1.835342046247545,2.263027841262009,1.890402307634972,0.5238094988662143,0.5238094988662143,0.5,0.5,-0.1310916754327558,0.0401826754327558,-0.0448575659477499,0.0448575659477499,0.0,0.0442009385559376,-13.10916754327558,4.018267543275589,-4.485756594774992,4.485756594774992,67.0,63.0,Win,0.9090909090909092,0.0100456678536221,NCAAM,UNDER,0.04_to_0.0499,3_to_5pp,2.5_to_5pct,0.50_to_0.60,minus_124_to_minus_110,UNBUCKETED,135_to_139.9,SAT,FEB
Basketball,NCAAM,NCAAM_2026_02_21_California_State_Bakersfield_Roadrunners_Cal_State_Fullerton_Titans,2026_02_21,12:00 PM,California State Bakersfield Roadrunners,Cal State Fullerton Titans,0.331,0.669,82.5,76.5,159.0,160.5,,,,,,,,,,,,,,,,,,,,,,,,,,,,,under,160.5,-105.0,0.0419355524461741,0.0440323278668664,0.5336742943340332,3.927966969348162,0.0110080819667166,total,ncaam,,,,,,,,,,,,,,,,,,,,,,,,,,,,,-110.0,-105.0,1.909091,1.952381,0.4663257056659667,0.5336742943340332,2.1444239248443,1.873802074817731,2.208756642589629,1.930016137062263,0.5238094988662143,0.5121951094586559,0.5056053753594484,0.4943946246405516,-0.1097417922444539,0.0419355524461741,-0.0392796696934816,0.0392796696934816,0.0,0.0440323278668664,-10.97417922444539,4.19355524461742,-3.927966969348168,3.927966969348162,80.0,88.0,Loss,-1.0,-0.0110080819667166,NCAAM,UNDER,0.04_to_0.0499,3_to_5pp,2.5_to_5pct,0.50_to_0.60,minus_109_to_minus_101,UNBUCKETED,160_to_164.9,SAT,FEB
Basketball,NCAAM,NCAAM_2026_02_21_St_Johns_Red_Storm_Creighton_Bluejays,2026_02_21,12:00 PM,St. Johns Red Storm,Creighton Bluejays,0.859,0.141,71.7,82.2,153.9,155.5,,,,,,,,,,,,,,,,,,,,,,,,,,,,,under,155.5,-108.0,0.0321294797135627,0.0346998353146609,0.5359133630853744,3.591336308537441,0.0086749588286652,total,ncaam,,,,,,,,,,,,,,,,,,,,,,,,,,,,,-108.0,-108.0,1.925926,1.925926,0.4640866369146256,0.5359133630853744,2.1547700805355494,1.8659732503081727,2.219413182951616,1.921952447817418,0.5192307492603558,0.5192307492603558,0.5,0.5,-0.1062034797135628,0.0321294797135627,-0.0359133630853744,0.0359133630853744,0.0,0.0346998353146609,-10.62034797135628,3.2129479713562725,-3.591336308537441,3.591336308537441,81.0,52.0,Win,0.925925925925926,0.0080323692858011,NCAAM,UNDER,0.03_to_0.0399,3_to_5pp,2.5_to_5pct,0.50_to_0.60,minus_109_to_minus_101,UNBUCKETED,155_to_159.9,SAT,FEB
Basketball,NCAAM,NCAAM_2026_02_22_Detroit_Titans_Wisconsin_Green_Bay_Phoenix,2026_02_22,12:00 PM,Detroit Titans,Wisconsin Green Bay Phoenix,0.543,0.457,74.0,75.2,149.2,146.5,-115.0,-105.0,1.869565,1.952381,1.9523809523809523,1.869565217391304,0.5121951219512195,0.5348837209302326,0.4891657638136511,0.5108342361863489,0.543,0.457,2.1881838074398248,1.8416206261510129,2.221006564551422,1.8692449355432776,122.0,-115.0,0.0151737949999999,-0.107761883,0.0321657638136511,-0.0321657638136511,0.0174498686124672,0.0,1.5173794999999934,-10.7761883,3.2165763813651105,-3.2165763813651105,home,-115.0,-115.0,0.0151737949999999,0.0174498686124672,0.543,3.2165763813651105,0.0043624671531168,moneyline,ncaam,,,,,,,,,,,,,,,,,,,,,,,,,,,,,,,,,,,,,,,,,,,,,,,,,,,,,74.0,70.0,Win,0.8695652173913042,0.0037934496983624,NCAAM,HOME,0.01_to_0.0199,3_to_5pp,0.0_to_2.5pct,0.50_to_0.60,minus_124_to_minus_110,UNBUCKETED,UNBUCKETED,SUN,FEB
Basketball,NCAAM,NCAAM_2026_02_22_Siena_Saints_Saint_Peters_Peacocks,2026_02_22,12:00 PM,Siena Saints,Saint Peters Peacocks,0.662,0.338,64.5,69.1,133.6,136.0,,,,,,,,,,,,,,,,,,,,,,,,,,,,,away,6.0,-107.0,0.0631925873146295,0.0676161002062206,0.5495731046985569,4.957310469855692,0.0169040250515551,spread,ncaam,-6.0,6.0,-107.0,-107.0,1.934579,1.934579,0.4504268953014431,0.5495731046985569,2.220116095267272,1.819594138524126,2.442127704794,2.001553552376539,144.0,100.0,0.516908329926046,0.516908329926046,0.5,0.5,-0.1286135873146294,0.0631925873146295,-0.0495731046985569,0.0495731046985569,0.0,0.0676161002062206,-12.861358731462946,6.319258731462951,-4.957310469855692,4.957310469855692,,,,,,,,,,,,,,,,,,,,,,,,,72.0,63.0,Loss,-1.0,-0.0169040250515551,NCAAM,AWAY,0.05_to_0.0749,3_to_5pp,5_to_10pct,0.50_to_0.60,minus_109_to_minus_101,6.0_to_6.9,UNBUCKETED,SUN,FEB
Basketball,NCAAM,NCAAM_2026_02_22_Oakland_Golden_Grizzlies_Wisconsin_Milwaukee_Panthers,2026_02_22,12:00 PM,Oakland Golden Grizzlies,Wisconsin Milwaukee Panthers,0.709,0.291,77.5,83.0,160.5,160.0,,,,,,,,,,,,,,,,,,,,,,,,,,,,,away,7.0,-110.0,0.0559063207778323,0.0614969467059208,0.5530937607363045,5.309376073630445,0.0153742366764802,spread,ncaam,-7.0,7.0,-110.0,-110.0,1.909091,1.909091,0.4469062392636955,0.5530937607363045,2.237605815590221,1.8080117169804133,2.461366397149243,1.9888128886784555,146.0,-101.0,0.5238094988662143,0.5238094988662143,0.5,0.5,-0.1468153207778322,0.0559063207778323,-0.0530937607363045,0.0530937607363044,0.0,0.0614969467059208,-14.68153207778322,5.590632077783231,-5.3093760736304505,5.309376073630445,,,,,,,,,,,,,,,,,,,,,,,,,81.0,70.0,Loss,-1.0,-0.0153742366764802,NCAAM,AWAY,0.05_to_0.0749,5_to_7pp,5_to_10pct,0.50_to_0.60,minus_124_to_minus_110,7.0_to_7.9,UNBUCKETED,SUN,FEB
Basketball,NCAAM,NCAAM_2026_02_22_Cleveland_State_Vikings_Purdue_Fort_Wayne_Mastodons,2026_02_22,12:00 PM,Cleveland State Vikings,Purdue Fort Wayne Mastodons,0.394,0.606,82.4,78.4,160.8,162.5,,,,,,,,,,,,,,,,,,,,,,,,,,,,,under,162.5,-110.0,0.0273797938946191,0.0301177702723042,0.5381512949852151,3.5956389460676363,0.007529442568076,total,ncaam,,,,,,,,,,,,,,,,,,,,,,,,,,,,,-108.0,-110.0,1.925926,1.909091,0.4618487050147849,0.5381512949852151,2.165211224242769,1.858213497428216,2.230167560970052,1.9139599023510625,0.5192307492603558,0.5238094988662143,0.4978050944754613,0.5021949055245387,-0.1105135709456953,0.0273797938946191,-0.0359563894606763,0.0359563894606763,0.0,0.0301177702723042,-11.051357094569536,2.73797938946192,-3.5956389460676363,3.5956389460676363,86.0,92.0,Loss,-1.0,-0.007529442568076,NCAAM,UNDER,0.02_to_0.0299,3_to_5pp,2.5_to_5pct,0.50_to_0.60,minus_124_to_minus_110,UNBUCKETED,160_to_164.9,SUN,FEB
Basketball,NCAAM,NCAAM_2026_02_22_Siena_Saints_Saint_Peters_Peacocks,2026_02_22,12:00 PM,Siena Saints,Saint Peters Peacocks,0.662,0.338,64.5,69.1,133.6,136.0,,,,,,,,,,,,,,,,,,,,,,,,,,,,,under,136.0,-115.0,0.0353259976131838,0.0406249074113884,0.553779086372062,4.2944815034895,0.0101562268528471,total,ncaam,,,,,,,,,,,,,,,,,,,,,,,,,,,,,-105.0,-115.0,1.952381,1.869565,0.446220913627938,0.553779086372062,2.2410424286697745,1.805774224070535,2.308273701529868,1.859947450792651,0.5121951094586559,0.5348837831260214,0.489165728662833,0.510834271337167,-0.1288067664301728,0.0353259976131838,-0.042944815034895,0.042944815034895,0.0,0.0406249074113884,-12.880676643017283,3.532599761318389,-4.2944815034895,4.2944815034895,72.0,63.0,Win,0.8695652173913042,0.0088315016111713,NCAAM,UNDER,0.03_to_0.0399,3_to_5pp,2.5_to_5pct,0.50_to_0.60,minus_124_to_minus_110,UNBUCKETED,135_to_139.9,SUN,FEB
Basketball,NCAAM,NCAAM_2026_02_23_Stephen_F_Austin_Lumberjacks_New_Orleans_Privateers,2026_02_23,12:00 PM,Stephen F Austin Lumberjacks,New Orleans Privateers,0.849,0.151,68.5,78.6,147.1,151.0,,,,,,,,,,,,,,,,,,,,,,,,,,,,,away,11.5,-108.0,0.0584371312396729,0.063112096689879,0.5495731046985569,4.616246701567106,0.0157780241724697,spread,ncaam,-11.5,11.5,-105.0,-108.0,1.952381,1.925926,0.4504268953014431,0.5495731046985569,2.220116095267272,1.819594138524126,2.442127704794,2.001553552376539,144.0,100.0,0.5121951094586559,0.5192307492603558,0.4965893623171141,0.5034106376828859,-0.1205950877244732,0.0584371312396729,-0.046162467015671,0.046162467015671,0.0,0.063112096689879,-12.059508772447325,5.843713123967298,-4.616246701567101,4.616246701567106,,,,,,,,,,,,,,,,,,,,,,,,,73.0,77.0,Win,0.925925925925926,0.0146092816411756,NCAAM,AWAY,0.05_to_0.0749,3_to_5pp,5_to_10pct,0.50_to_0.60,minus_109_to_minus_101,10.0_to_11.9,UNBUCKETED,MON,FEB
Basketball,NCAAM,NCAAM_2026_02_24_Oklahoma_State_Cowboys_West_Virginia_Mountaineers,2026_02_24,7:00 PM,Oklahoma State Cowboys,West Virginia Mountaineers,0.557,0.443,70.4,72.1,142.5,144.5,-125.0,105.0,1.8,2.05,2.05,1.8,0.4878048780487805,0.5555555555555556,0.4675324675324676,0.5324675324675325,0.557,0.443,2.2573363431151243,1.795332136445242,2.291196388261851,1.8222621184919203,129.0,-121.0,0.0026000000000001,-0.0918500000000001,0.0245324675324675,-0.0245324675324675,0.0032500000000001,0.0,0.2600000000000158,-9.18500000000001,2.453246753246752,-2.453246753246757,home,-125.0,-125.0,0.0026000000000001,0.0032500000000001,0.557,2.453246753246752,0.0008125,moneyline,ncaam,,,,,,,,,,,,,,,,,,,,,,,,,,,,,,,,,,,,,,,,,,,,,,,,,,,,,91.0,84.0,Win,0.8,0.00065,NCAAM,HOME,0.00_to_0.0099,2_to_3pp,0.0_to_2.5pct,0.50_to_0.60,minus_149_to_minus_125,UNBUCKETED,UNBUCKETED,TUE,FEB
Basketball,NCAAM,NCAAM_2026_02_24_New_Haven_Chargers_Saint_Francis_PA_Red_Flash,2026_02_24,6:00 PM,New Haven Chargers,Saint Francis PA Red Flash,0.69,0.31,63.0,68.2,131.2,140.5,,,,,,,,,,,,,,,,,,,,,,,,,,,,,away,6.5,-102.0,0.0813901669597274,0.0830179835817992,0.5460485433993509,6.341259893966744,0.0207544958954498,spread,ncaam,-6.5,6.5,-118.0,-102.0,1.847458,1.980392,0.453951456600649,0.5460485433993509,2.2028787119406066,1.8313390120494344,2.423166583134668,2.014472913254378,142.0,101.0,0.5412842944196837,0.504950535045587,0.5173640555403163,0.4826359444596835,-0.1613437498914781,0.0813901669597274,-0.0634125989396672,0.0634125989396674,0.0,0.0830179835817992,-16.134374989147815,8.139016695972746,-6.341259893966727,6.341259893966744,,,,,,,,,,,,,,,,,,,,,,,,,67.0,73.0,Win,0.9803921568627452,0.020347544995539,NCAAM,AWAY,0.075_to_0.0999,5_to_7pp,5_to_10pct,0.50_to_0.60,minus_109_to_minus_101,6.0_to_6.9,UNBUCKETED,TUE,FEB
Basketball,NCAAM,NCAAM_2026_02_24_La_Salle_Explorers_George_Washington_Colonials,2026_02_24,6:30 PM,La Salle Explorers,George Washington Colonials,0.236,0.764,76.8,68.1,144.9,147.5,,,,,,,,,,,,,,,,,,,,,,,,,,,,,away,-7.5,-112.0,0.0269134457500717,0.0301430640629705,0.5425203519072342,3.8190569356091664,0.0075357660157426,spread,ncaam,7.5,-7.5,-108.0,-112.0,1.925926,1.892857,0.4574796480927657,0.5425203519072342,2.1858895891194363,1.843248822803592,2.40447854803138,2.027573705083951,140.0,102.0,0.5192307492603558,0.5283019266642963,0.4956702174488574,0.5043297825511426,-0.1189280512672921,0.0269134457500717,-0.0381905693560917,0.0381905693560916,0.0,0.0301430640629705,-11.892805126729211,2.6913445750071707,-3.819056935609172,3.8190569356091664,,,,,,,,,,,,,,,,,,,,,,,,,77.0,104.0,Win,0.8928571428571428,0.0067283625140558,NCAAM,AWAY,0.02_to_0.0299,3_to_5pp,2.5_to_5pct,0.50_to_0.60,minus_124_to_minus_110,7.0_to_7.9,UNBUCKETED,TUE,FEB
Basketball,NCAAM,NCAAM_2026_02_24_Virginia_Cavaliers_NC_State_Wolfpack,2026_02_24,7:00 PM,Virginia Cavaliers,NC State Wolfpack,0.664,0.336,73.6,78.3,151.9,152.5,,,,,,,,,,,,,,,,,,,,,,,,,,,,,away,6.5,-115.0,0.0537420998795974,0.0618034303123947,0.563629560822757,5.279528948558998,0.0154508575780986,spread,ncaam,-6.5,6.5,-105.0,-115.0,1.952381,1.869565,0.436370439177243,0.563629560822757,2.291630940641752,1.7742149622887988,2.5207940347059274,1.9516364585176789,152.0,-105.0,0.5121951094586559,0.5348837831260214,0.489165728662833,0.510834271337167,-0.1480386455886951,0.0537420998795974,-0.0527952894855899,0.0527952894855899,0.0,0.0618034303123947,-14.803864558869517,5.374209987959744,-5.279528948558998,5.279528948558998,,,,,,,,,,,,,,,,,,,,,,,,,90.0,61.0,Loss,-1.0,-0.0154508575780986,NCAAM,AWAY,0.05_to_0.0749,5_to_7pp,5_to_10pct,0.50_to_0.60,minus_124_to_minus_110,6.0_to_6.9,UNBUCKETED,TUE,FEB
Basketball,NCAAM,NCAAM_2026_02_24_South_Carolina_Gamecocks_Kentucky_Wildcats,2026_02_24,7:00 PM,South Carolina Gamecocks,Kentucky Wildcats,0.244,0.756,79.1,70.5,149.6,151.5,,,,,,,,,,,,,,,,,,,,,,,,,,,,,away,-6.5,-112.0,0.0867278311459969,0.0971351864251462,0.5741204069541422,6.979062440299966,0.0242837966062865,spread,ncaam,6.5,-6.5,-108.0,-112.0,1.925926,1.892857,0.4258795930458577,0.5741204069541422,2.348081514890342,1.74179490554126,2.5828896663793763,1.915974396095386,158.0,-109.0,0.5192307492603558,0.5283019266642963,0.4956702174488574,0.5043297825511426,-0.1797874188835634,0.0867278311459969,-0.0697906244029997,0.0697906244029996,0.0,0.0971351864251462,-17.978741888356343,8.672783114599692,-6.979062440299972,6.979062440299966,,,,,,,,,,,,,,,,,,,,,,,,,63.0,72.0,Win,0.8928571428571428,0.0216819612556129,NCAAM,AWAY,0.075_to_0.0999,5_to_7pp,5_to_10pct,0.50_to_0.60,minus_124_to_minus_110,6.0_to_6.9,UNBUCKETED,TUE,FEB
Basketball,NCAAM,NCAAM_2026_02_24_Kent_State_Golden_Flashes_Central_Michigan_Chippewas,2026_02_24,7:00 PM,Kent State Golden Flashes,Central Michigan Chippewas,0.862,0.138,72.2,82.6,154.8,156.5,,,,,,,,,,,,,,,,,,,,,,,,,,,,,away,11.5,-110.0,0.0289786789203201,0.0318765436246977,0.5389888061492721,3.8988806149272137,0.0079691359061744,spread,ncaam,-11.5,11.5,-110.0,-110.0,1.909091,1.909091,0.4610111938507278,0.5389888061492721,2.169144726502656,1.8553261006371464,2.3860591991529216,2.0408587107008613,138.0,104.0,0.5238094988662143,0.5238094988662143,0.5,0.5,-0.1198876789203201,0.0289786789203201,-0.0389888061492721,0.0389888061492721,0.0,0.0318765436246977,-11.988767892032016,2.8978678920320133,-3.89888061492722,3.8988806149272137,,,,,,,,,,,,,,,,,,,,,,,,,83.0,81.0,Win,0.9090909090909092,0.007244669005613,NCAAM,AWAY,0.02_to_0.0299,3_to_5pp,2.5_to_5pct,0.50_to_0.60,minus_124_to_minus_110,10.0_to_11.9,UNBUCKETED,TUE,FEB
Basketball,NCAAM,NCAAM_2026_02_24_Toledo_Rockets_Northern_Illinois_Huskies,2026_02_24,7:00 PM,Toledo Rockets,Northern Illinois Huskies,0.868,0.132,70.5,81.2,151.7,150.5,,,,,,,,,,,,,,,,,,,,,,,,,,,,,away,12.5,-108.0,0.085508825557129,0.0923495242137374,0.563629560822757,6.795934337389953,0.0230873810534343,spread,ncaam,-12.5,12.5,-112.0,-108.0,1.892857,1.925926,0.436370439177243,0.563629560822757,2.291630940641752,1.7742149622887988,2.5207940347059274,1.9516364585176789,152.0,-105.0,0.5283019266642963,0.5192307492603558,0.5043297825511426,0.4956702174488574,-0.1740131596102813,0.085508825557129,-0.0679593433738995,0.0679593433738995,0.0,0.0923495242137374,-17.40131596102813,8.550882555712903,-6.795934337389959,6.795934337389953,,,,,,,,,,,,,,,,,,,,,,,,,79.0,69.0,Win,0.925925925925926,0.0213772046791058,NCAAM,AWAY,0.075_to_0.0999,5_to_7pp,5_to_10pct,0.50_to_0.60,minus_109_to_minus_101,12.0_to_14.9,UNBUCKETED,TUE,FEB
Basketball,NCAAM,NCAAM_2026_02_24_Arkansas_State_Red_Wolves_Southern_Miss_Golden_Eagles,2026_02_24,8:30 PM,Arkansas State Red Wolves,Southern Miss Golden Eagles,0.775,0.225,72.9,80.5,153.4,158.5,,,,,,,,,,,,,,,,,,,,,,,,,,,,,away,9.5,-112.0,0.0734995197279249,0.0823194752663918,0.5671318645454595,6.280208199431692,0.0205798688165979,spread,ncaam,-9.5,9.5,-108.0,-112.0,1.925926,1.892857,0.4328681354545405,0.5671318645454595,2.3101723552599527,1.7632583575628789,2.5411895907859483,1.9395841933191669,154.0,-106.0,0.5192307492603558,0.5283019266642963,0.4956702174488574,0.5043297825511426,-0.1663280033565786,0.0734995197279249,-0.0628020819943169,0.0628020819943169,0.0,0.0823194752663918,-16.632800335657862,7.34995197279249,-6.280208199431692,6.280208199431692,,,,,,,,,,,,,,,,,,,,,,,,,89.0,84.0,Win,0.8928571428571428,0.0183748828719624,NCAAM,AWAY,0.05_to_0.0749,5_to_7pp,5_to_10pct,0.50_to_0.60,minus_124_to_minus_110,9.0_to_9.9,UNBUCKETED,TUE,FEB
Basketball,NCAAM,NCAAM_2026_02_24_Baylor_Bears_Arizona_Wildcats,2026_02_24,9:00 PM,Baylor Bears,Arizona Wildcats,0.197,0.803,82.5,72.8,155.3,154.5,,,,,,,,,,,,,,,,,,,,,,,,,,,,,away,-8.5,-105.0,0.0592064271769978,0.0621667454275104,0.5425203519072342,5.335462324440127,0.0155416863568776,spread,ncaam,8.5,-8.5,-115.0,-105.0,1.869565,1.952381,0.4574796480927657,0.5425203519072342,2.1858895891194363,1.843248822803592,2.40447854803138,2.027573705083951,140.0,102.0,0.5348837831260214,0.5121951094586559,0.510834271337167,0.489165728662833,-0.1447120617134485,0.0592064271769978,-0.0533546232444012,0.0533546232444012,0.0,0.0621667454275104,-14.471206171344852,5.920642717699787,-5.335462324440127,5.335462324440127,,,,,,,,,,,,,,,,,,,,,,,,,80.0,87.0,Loss,-1.0,-0.0155416863568776,NCAAM,AWAY,0.05_to_0.0749,5_to_7pp,5_to_10pct,0.50_to_0.60,minus_109_to_minus_101,8.0_to_8.9,UNBUCKETED,TUE,FEB
Basketball,NCAAM,NCAAM_2026_02_24_Boise_State_Broncos_Wyoming_Cowboys,2026_02_24,9:00 PM,Boise State Broncos,Wyoming Cowboys,0.758,0.242,70.6,77.8,148.4,144.5,,,,,,,,,,,,,,,,,,,,,,,,,,,,,away,8.5,-115.0,0.0208732450404074,0.024004237797528,0.5460485433993509,3.521427206218397,0.006001059449382,spread,ncaam,-8.5,8.5,-105.0,-115.0,1.952381,1.869565,0.453951456600649,0.5460485433993509,2.2028787119406066,1.8313390120494344,2.423166583134668,2.014472913254378,142.0,101.0,0.5121951094586559,0.5348837831260214,0.489165728662833,0.510834271337167,-0.1137138012105682,0.0208732450404074,-0.0352142720621839,0.0352142720621839,0.0,0.024004237797528,-11.371380121056829,2.087324504040744,-3.521427206218397,3.521427206218397,,,,,,,,,,,,,,,,,,,,,,,,,72.0,62.0,Loss,-1.0,-0.006001059449382,NCAAM,AWAY,0.02_to_0.0299,3_to_5pp,0.0_to_2.5pct,0.50_to_0.60,minus_124_to_minus_110,8.0_to_8.9,UNBUCKETED,TUE,FEB
Basketball,NCAAM,NCAAM_2026_02_24_UCLA_Bruins_USC_Trojans,2026_02_24,11:00 PM,UCLA Bruins,USC Trojans,0.702,0.298,72.7,78.0,150.7,150.5,,,,,,,,,,,,,,,,,,,,,,,,,,,,,away,7.5,-112.0,0.0933257681460009,0.1045248770475012,0.577606109783254,7.327632723211142,0.0261312192618753,spread,ncaam,-7.5,7.5,-108.0,-112.0,1.925926,1.892857,0.422393890216746,0.577606109783254,2.3674584864067585,1.731283625748434,2.6042043350474344,1.9044119883232773,160.0,-110.0,0.5192307492603558,0.5283019266642963,0.4956702174488574,0.5043297825511426,-0.1865006245904232,0.0933257681460009,-0.0732763272321114,0.0732763272321114,0.0,0.1045248770475012,-18.650062459042328,9.332576814600092,-7.327632723211142,7.327632723211142,,,,,,,,,,,,,,,,,,,,,,,,,81.0,62.0,Loss,-1.0,-0.0261312192618753,NCAAM,AWAY,0.075_to_0.0999,7_to_10pp,10_to_20pct,0.50_to_0.60,minus_124_to_minus_110,7.0_to_7.9,UNBUCKETED,TUE,FEB
Basketball,NCAAM,NCAAM_2026_02_24_Georgetown_Hoyas_Marquette_Golden_Eagles,2026_02_24,7:00 PM,Georgetown Hoyas,Marquette Golden Eagles,0.601,0.399,73.0,75.7,148.7,150.5,,,,,,,,,,,,,,,,,,,,,,,,,,,,,under,150.5,-108.0,0.0407473370607829,0.0440071205050759,0.5403880196127904,4.471780216393295,0.0110017801262689,total,ncaam,,,,,,,,,,,,,,,,,,,,,,,,,,,,,-112.0,-108.0,1.892857,1.925926,0.4596119803872096,0.5403880196127904,2.175748332664282,1.850522150207068,2.2410207826442106,1.90603781471328,0.5283019266642963,0.5192307492603558,0.5043297825511426,0.4956702174488574,-0.1300202456402076,0.0407473370607829,-0.044717802163933,0.0447178021639329,0.0,0.0440071205050759,-13.002024564020765,4.074733706078293,-4.4717802163933005,4.471780216393295,60.0,76.0,Win,0.925925925925926,0.0101868334502489,NCAAM,UNDER,0.04_to_0.0499,3_to_5pp,2.5_to_5pct,0.50_to_0.60,minus_109_to_minus_101,UNBUCKETED,150_to_154.9,TUE,FEB
Basketball,NCAAM,NCAAM_2026_02_24_South_Carolina_Gamecocks_Kentucky_Wildcats,2026_02_24,7:00 PM,South Carolina Gamecocks,Kentucky Wildcats,0.244,0.756,79.1,70.5,149.6,151.5,,,,,,,,,,,,,,,,,,,,,,,,,,,,,under,151.5,-112.0,0.0271086272353229,0.0303616673614285,0.5426234666619417,3.829368411079914,0.0075904168403571,total,ncaam,,,,,,,,,,,,,,,,,,,,,,,,,,,,,-108.0,-112.0,1.925926,1.892857,0.4573765333380583,0.5426234666619417,2.186382394176912,1.8428985501709,2.25197386600222,1.898185506676027,0.5192307492603558,0.5283019266642963,0.4956702174488574,0.5043297825511426,-0.1191266426543667,0.0271086272353229,-0.0382936841107991,0.0382936841107991,0.0,0.0303616673614285,-11.912664265436678,2.7108627235322924,-3.829368411079914,3.829368411079914,63.0,72.0,Win,0.8928571428571428,0.0067771578931759,NCAAM,UNDER,0.02_to_0.0299,3_to_5pp,2.5_to_5pct,0.50_to_0.60,minus_124_to_minus_110,UNBUCKETED,150_to_154.9,TUE,FEB
Basketball,NCAAM,NCAAM_2026_02_24_Brigham_Young_Cougars_UCF_Knights,2026_02_24,11:00 PM,Brigham Young Cougars,UCF Knights,0.816,0.184,77.2,86.3,163.5,161.5,,,,,,,,,,,,,,,,,,,,,,,,,,,,,over,161.5,-108.0,0.0493553525554861,0.0533037764956229,0.5448575659477499,4.91873484988925,0.0133259441239057,total,ncaam,,,,,,,,,,,,,,,,,,,,,,,,,,,,,-108.0,-112.0,1.925926,1.892857,0.5448575659477499,0.45514243405225,1.835342046247545,2.1971144089922423,1.890402307634972,2.263027841262009,0.5192307492603558,0.5283019266642963,0.4956702174488574,0.5043297825511426,0.0493553525554861,-0.1384804577071602,0.0491873484988925,-0.0491873484988925,0.0533037764956229,0.0,4.935535255548618,-13.848045770716022,4.91873484988925,-4.918734849889256,84.0,97.0,Win,0.925925925925926,0.0123388371517645,NCAAM,OVER,0.04_to_0.0499,3_to_5pp,5_to_10pct,0.50_to_0.60,minus_109_to_minus_101,UNBUCKETED,160_to_164.9,TUE,FEB
Basketball,NCAAM,NCAAM_2026_02_26_Wagner_Seahawks_New_Haven_Chargers,2026_02_26,7:00 PM,Wagner Seahawks,New Haven Chargers,0.58,0.42,60.7,63.1,123.8,131.5,-135.0,114.0,1.740741,2.14,2.14,1.7407407407407407,0.4672897196261683,0.574468085106383,0.448558885283451,0.551441114716549,0.58,0.42,2.380952380952381,1.7241379310344829,2.4166666666666665,1.75,141.0,-133.0,0.00962978,-0.1011999999999999,0.0285588852834509,-0.028558885283451,0.0130001984499305,0.0,0.9629780000000032,-10.119999999999996,2.8558885283450963,-2.855888528345102,home,-135.0,-135.0,0.00962978,0.0130001984499305,0.58,2.8558885283450963,0.0032500496124826,moneyline,ncaam,,,,,,,,,,,,,,,,,,,,,,,,,,,,,,,,,,,,,,,,,,,,,,,,,,,,,65.0,62.0,Win,0.7407407407407407,0.0024074441573945,NCAAM,HOME,0.00_to_0.0099,2_to_3pp,0.0_to_2.5pct,0.50_to_0.60,minus_149_to_minus_125,UNBUCKETED,UNBUCKETED,THU,FEB
Basketball,NCAAM,NCAAM_2026_02_26_North_Florida_Ospreys_Florida_Gulf_Coast_Eagles,2026_02_26,7:00 PM,North Florida Ospreys,Florida Gulf Coast Eagles,0.251,0.749,85.9,77.6,163.5,159.5,,,,,,,,,,,,,,,,,,,,,,,,,,,,,away,-6.5,-108.0,0.0855088255571301,0.0923495242137386,0.5636295608227575,6.795934337390008,0.0230873810534346,spread,ncaam,6.5,-6.5,-112.0,-108.0,1.892857,1.925926,0.4363704391772425,0.5636295608227575,2.291630940641755,1.774214962288797,2.520794034705931,1.9516364585176769,152.0,-105.0,0.5283019266642963,0.5192307492603558,0.5043297825511426,0.4956702174488574,-0.1740131596102823,0.0855088255571301,-0.0679593433739,0.0679593433739,0.0,0.0923495242137386,-17.40131596102823,8.550882555713013,-6.795934337390008,6.795934337390008,,,,,,,,,,,,,,,,,,,,,,,,,76.0,70.0,Loss,-1.0,-0.0230873810534346,NCAAM,AWAY,0.075_to_0.0999,5_to_7pp,5_to_10pct,0.50_to_0.60,minus_109_to_minus_101,6.0_to_6.9,UNBUCKETED,THU,FEB
Basketball,NCAAM,NCAAM_2026_02_26_Jacksonville_State_Gamecocks_Delaware_Fightin_Blue_Hens,2026_02_26,7:00 PM,Jacksonville State Gamecocks,Delaware Fightin Blue Hens,0.751,0.249,63.1,70.2,133.3,133.5,,,,,,,,,,,,,,,,,,,,,,,,,,,,,away,8.5,-115.0,0.027462641485757,0.031582045604132,0.5495731046985567,3.873883336138973,0.007895511401033,spread,ncaam,-8.5,8.5,-105.0,-115.0,1.952381,1.869565,0.4504268953014433,0.5495731046985567,2.2201160952672705,1.8195941385241268,2.442127704793997,2.0015535523765395,144.0,100.0,0.5121951094586559,0.5348837831260214,0.489165728662833,0.510834271337167,-0.1205950877244728,0.027462641485757,-0.0387388333613896,0.0387388333613897,0.0,0.031582045604132,-12.05950877244728,2.7462641485757056,-3.873883336138967,3.873883336138973,,,,,,,,,,,,,,,,,,,,,,,,,80.0,70.0,Loss,-1.0,-0.007895511401033,NCAAM,AWAY,0.02_to_0.0299,3_to_5pp,2.5_to_5pct,0.50_to_0.60,minus_124_to_minus_110,8.0_to_8.9,UNBUCKETED,THU,FEB
Basketball,NCAAM,NCAAM_2026_02_26_Vermont_Catamounts_UMass_Lowell_River_Hawks,2026_02_26,7:00 PM,Vermont Catamounts,UMass Lowell River Hawks,0.802,0.198,67.1,75.5,142.6,146.5,,,,,,,,,,,,,,,,,,,,,,,,,,,,,away,9.5,-112.0,0.0202287346412919,0.0226561864232368,0.5389888061492717,3.465902359812912,0.0056640466058092,spread,ncaam,-9.5,9.5,-108.0,-112.0,1.925926,1.892857,0.4610111938507283,0.5389888061492717,2.1691447265026538,1.855326100637148,2.3860591991529194,2.040858710700863,138.0,104.0,0.5192307492603558,0.5283019266642963,0.4956702174488574,0.5043297825511426,-0.1121265554718422,0.0202287346412919,-0.0346590235981291,0.0346590235981291,0.0,0.0226561864232368,-11.212655547184225,2.022873464129193,-3.465902359812912,3.465902359812912,,,,,,,,,,,,,,,,,,,,,,,,,66.0,64.0,Win,0.8928571428571428,0.0050571844694725,NCAAM,AWAY,0.02_to_0.0299,3_to_5pp,0.0_to_2.5pct,0.50_to_0.60,minus_124_to_minus_110,9.0_to_9.9,UNBUCKETED,THU,FEB
Basketball,NCAAM,NCAAM_2026_02_26_LIU_Sharks_Chicago_State_Cougars,2026_02_26,7:00 PM,LIU Sharks,Chicago State Cougars,0.873,0.127,63.2,74.0,137.2,141.5,,,,,,,,,,,,,,,,,,,,,,,,,,,,,away,11.5,-105.0,0.0246771508024459,0.0259110070470178,0.5248346254150424,3.5668896752209465,0.0064777517617544,spread,ncaam,-11.5,11.5,-115.0,-105.0,1.869565,1.952381,0.4751653745849575,0.5248346254150424,2.104530450842445,1.9053620923146863,2.3149834959266897,2.095898301546155,131.0,109.0,0.5348837831260214,0.5121951094586559,0.510834271337167,0.489165728662833,-0.1116474464640739,0.0246771508024459,-0.0356688967522094,0.0356688967522094,0.0,0.0259110070470178,-11.1647446464074,2.4677150802445924,-3.5668896752209465,3.5668896752209465,,,,,,,,,,,,,,,,,,,,,,,,,73.0,56.0,Loss,-1.0,-0.0064777517617544,NCAAM,AWAY,0.02_to_0.0299,3_to_5pp,2.5_to_5pct,0.50_to_0.60,minus_109_to_minus_101,10.0_to_11.9,UNBUCKETED,THU,FEB
Basketball,NCAAM,NCAAM_2026_02_26_Purdue_Boilermakers_Michigan_State_Spartans,2026_02_26,8:00 PM,Purdue Boilermakers,Michigan State Spartans,0.739,0.261,68.4,75.3,143.7,142.5,,,,,,,,,,,,,,,,,,,,,,,,,,,,,away,7.5,-105.0,0.0177576144471391,0.0186454942372214,0.521290472734133,3.21247440713,0.0046613735593053,spread,ncaam,-7.5,7.5,-115.0,-105.0,1.869565,1.952381,0.478709527265867,0.521290472734133,2.088949442288031,1.9183162791275816,2.2978443865168345,2.11014790704034,129.0,111.0,0.5348837831260214,0.5121951094586559,0.510834271337167,0.489165728662833,-0.1050214226571893,0.0177576144471391,-0.0321247440712999,0.0321247440713,0.0,0.0186454942372214,-10.50214226571894,1.7757614447139192,-3.212474407129995,3.21247440713,,,,,,,,,,,,,,,,,,,,,,,,,74.0,76.0,Win,0.9523809523809524,0.0044394033898145,NCAAM,AWAY,0.01_to_0.0199,3_to_5pp,0.0_to_2.5pct,0.50_to_0.60,minus_109_to_minus_101,7.0_to_7.9,UNBUCKETED,THU,FEB
Basketball,NCAAM,NCAAM_2026_02_26_Idaho_Vandals_Northern_Arizona_Lumberjacks,2026_02_26,9:00 PM,Idaho Vandals,Northern Arizona Lumberjacks,0.809,0.191,69.6,78.3,147.9,146.5,,,,,,,,,,,,,,,,,,,,,,,,,,,,,away,10.5,-110.0,0.0760201219006779,0.0836221257285331,0.563629560822757,6.362956082275694,0.0209055314321332,spread,ncaam,-10.5,10.5,-110.0,-110.0,1.909091,1.909091,0.436370439177243,0.563629560822757,2.291630940641752,1.7742149622887988,2.5207940347059274,1.9516364585176789,152.0,-105.0,0.5238094988662143,0.5238094988662143,0.5,0.5,-0.166929121900678,0.0760201219006779,-0.063629560822757,0.0636295608227569,0.0,0.0836221257285331,-16.692912190067798,7.602012190067797,-6.3629560822757005,6.362956082275694,,,,,,,,,,,,,,,,,,,,,,,,,78.0,58.0,Loss,-1.0,-0.0209055314321332,NCAAM,AWAY,0.075_to_0.0999,5_to_7pp,5_to_10pct,0.50_to_0.60,minus_124_to_minus_110,10.0_to_11.9,UNBUCKETED,THU,FEB
Basketball,NCAAM,NCAAM_2026_02_26_Montana_Grizzlies_Sacramento_State_Hornets,2026_02_26,9:00 PM,Montana Grizzlies,Sacramento State Hornets,0.753,0.247,76.5,83.6,160.1,162.5,,,,,,,,,,,,,,,,,,,,,,,,,,,,,away,8.5,-118.0,0.0153132288601864,0.0180696021043952,0.5495731046985569,3.2209049158240632,0.0045174005260988,spread,ncaam,-8.5,8.5,-102.0,-118.0,1.980392,1.847458,0.4504268953014431,0.5495731046985569,2.220116095267272,1.819594138524126,2.442127704794,2.001553552376539,144.0,100.0,0.504950535045587,0.5412842944196837,0.4826359444596835,0.5173640555403163,-0.1079781799601845,0.0153132288601864,-0.0322090491582404,0.0322090491582406,0.0,0.0180696021043952,-10.797817996018455,1.531322886018649,-3.220904915824041,3.2209049158240632,,,,,,,,,,,,,,,,,,,,,,,,,81.0,73.0,Win,0.847457627118644,0.0038283055305922,NCAAM,AWAY,0.01_to_0.0199,3_to_5pp,0.0_to_2.5pct,0.50_to_0.60,minus_124_to_minus_110,8.0_to_8.9,UNBUCKETED,THU,FEB
Basketball,NCAAM,NCAAM_2026_02_26_UC_San_Diego_Tritons_California_State_Bakersfield_Roadrunners,2026_02_26,10:00 PM,UC San Diego Tritons,California State Bakersfield Roadrunners,0.904,0.096,68.2,80.8,149.0,147.5,,,,,,,,,,,,,,,,,,,,,,,,,,,,,away,13.5,-102.0,0.0534036950767036,0.054471777693722,0.5319167594479798,4.928081498829629,0.0136179444234305,spread,ncaam,-13.5,13.5,-118.0,-102.0,1.847458,1.980392,0.4680832405520202,0.5319167594479798,2.136372152142596,1.8799934054301928,2.350009367356856,2.067992745973212,135.0,106.0,0.5412842944196837,0.504950535045587,0.5173640555403163,0.4826359444596835,-0.1352358725762458,0.0534036950767036,-0.049280814988296,0.0492808149882962,0.0,0.054471777693722,-13.52358725762458,5.340369507670362,-4.928081498829606,4.928081498829629,,,,,,,,,,,,,,,,,,,,,,,,,84.0,72.0,Win,0.9803921568627452,0.013350925905324,NCAAM,AWAY,0.05_to_0.0749,3_to_5pp,5_to_10pct,0.50_to_0.60,minus_109_to_minus_101,12.0_to_14.9,UNBUCKETED,THU,FEB
Basketball,NCAAM,NCAAM_2026_02_26_Hampton_Pirates_Charleston_Cougars,2026_02_26,5:00 PM,Hampton Pirates,Charleston Cougars,0.327,0.673,73.8,67.7,141.5,144.5,,,,,,,,,,,,,,,,,,,,,,,,,,,,,home,12.5,-125.0,0.287898060601214,0.3598725757515176,0.71549892255623,19.51943479408058,0.05,spread,ncaam,12.5,-12.5,-125.0,-105.0,1.8,1.952381,0.71549892255623,0.2845010774437699,1.397626143764614,3.51492517703257,1.5373887581410757,3.8664176947358273,-186.0,286.0,0.5555555555555556,0.5121951094586559,0.5203045746154242,0.4796954253845758,0.287898060601214,-0.4445455019192551,0.1951943479408058,-0.1951943479408059,0.3598725757515176,0.0,28.789806060121403,-44.45455019192551,19.51943479408058,-19.519434794080592,,,,,,,,,,,,,,,,,,,,,,,,,71.0,85.0,Loss,-1.0,-0.05,NCAAM,HOME,0.10_plus,10pp_plus,20pct_plus,0.70_to_0.80,minus_149_to_minus_125,12.0_to_14.9,UNBUCKETED,THU,FEB
Basketball,NCAAM,NCAAM_2026_02_26_UMBC_Retrievers_Bryant_Bulldogs,2026_02_26,6:00 PM,UMBC Retrievers,Bryant Bulldogs,0.808,0.192,64.0,72.7,136.7,138.5,,,,,,,,,,,,,,,,,,,,,,,,,,,,,under,138.5,-110.0,0.0316499047506015,0.0348148917441726,0.5403880196127904,4.038801961279037,0.0087037229360431,total,ncaam,,,,,,,,,,,,,,,,,,,,,,,,,,,,,-110.0,-110.0,1.909091,1.909091,0.4596119803872096,0.5403880196127904,2.175748332664282,1.850522150207068,2.2410207826442106,1.90603781471328,0.5238094988662143,0.5238094988662143,0.5,0.5,-0.1225589047506016,0.0316499047506015,-0.0403880196127904,0.0403880196127903,0.0,0.0348148917441726,-12.25589047506016,3.1649904750601587,-4.0388019612790425,4.038801961279037,70.0,58.0,Win,0.9090909090909092,0.0079124753964028,NCAAM,UNDER,0.03_to_0.0399,3_to_5pp,2.5_to_5pct,0.50_to_0.60,minus_124_to_minus_110,UNBUCKETED,135_to_139.9,THU,FEB
Basketball,NCAAM,NCAAM_2026_02_26_Kennesaw_State_Owls_Liberty_Flames,2026_02_26,7:00 PM,Kennesaw State Owls,Liberty Flames,0.439,0.561,77.5,74.4,151.9,153.5,,,,,,,,,,,,,,,,,,,,,,,,,,,,,under,153.5,-110.0,0.0231073782460204,0.0254181135288112,0.5359133630853744,3.591336308537441,0.0063545283822028,total,ncaam,,,,,,,,,,,,,,,,,,,,,,,,,,,,,-110.0,-110.0,1.909091,1.909091,0.4640866369146256,0.5359133630853744,2.1547700805355494,1.8659732503081727,2.219413182951616,1.921952447817418,0.5238094988662143,0.5238094988662143,0.5,0.5,-0.1140163782460205,0.0231073782460204,-0.0359133630853744,0.0359133630853744,0.0,0.0254181135288112,-11.401637824602052,2.3107378246020494,-3.591336308537441,3.591336308537441,74.0,65.0,Win,0.9090909090909092,0.0057768439838207,NCAAM,UNDER,0.02_to_0.0299,3_to_5pp,2.5_to_5pct,0.50_to_0.60,minus_124_to_minus_110,UNBUCKETED,150_to_154.9,THU,FEB
Basketball,NCAAM,NCAAM_2026_02_26_Little_Rock_Trojans_Morehead_State_Eagles,2026_02_26,8:00 PM,Little Rock Trojans,Morehead State Eagles,0.528,0.472,68.6,69.3,137.9,139.5,,,,,,,,,,,,,,,,,,,,,,,,,,,,,under,139.5,-110.0,0.0231073782460204,0.0254181135288112,0.5359133630853744,3.591336308537441,0.0063545283822028,total,ncaam,,,,,,,,,,,,,,,,,,,,,,,,,,,,,-110.0,-110.0,1.909091,1.909091,0.4640866369146256,0.5359133630853744,2.1547700805355494,1.8659732503081727,2.219413182951616,1.921952447817418,0.5238094988662143,0.5238094988662143,0.5,0.5,-0.1140163782460205,0.0231073782460204,-0.0359133630853744,0.0359133630853744,0.0,0.0254181135288112,-11.401637824602052,2.3107378246020494,-3.591336308537441,3.591336308537441,70.0,76.0,Loss,-1.0,-0.0063545283822028,NCAAM,UNDER,0.02_to_0.0299,3_to_5pp,2.5_to_5pct,0.50_to_0.60,minus_124_to_minus_110,UNBUCKETED,135_to_139.9,THU,FEB
Basketball,NCAAM,NCAAM_2026_02_26_Montana_Grizzlies_Sacramento_State_Hornets,2026_02_26,9:00 PM,Montana Grizzlies,Sacramento State Hornets,0.753,0.247,76.5,83.6,160.1,162.5,,,,,,,,,,,,,,,,,,,,,,,,,,,,,under,162.5,-112.0,0.0482246200929621,0.0540115831459708,0.553779086372062,4.944930382091939,0.0135028957864927,total,ncaam,,,,,,,,,,,,,,,,,,,,,,,,,,,,,-108.0,-112.0,1.925926,1.892857,0.446220913627938,0.553779086372062,2.2410424286697745,1.805774224070535,2.308273701529868,1.859947450792651,0.5192307492603558,0.5283019266642963,0.4956702174488574,0.5043297825511426,-0.1406115407001998,0.0482246200929621,-0.0494493038209194,0.0494493038209193,0.0,0.0540115831459708,-14.061154070019988,4.822462009296213,-4.944930382091944,4.944930382091939,81.0,73.0,Win,0.8928571428571428,0.0120561569522256,NCAAM,UNDER,0.04_to_0.0499,3_to_5pp,5_to_10pct,0.50_to_0.60,minus_124_to_minus_110,UNBUCKETED,160_to_164.9,THU,FEB
Basketball,NCAAM,NCAAM_2026_02_26_Prairie_View_AM_Panthers_Jackson_State_Tigers,2026_02_26,9:30 PM,Prairie View AM Panthers,Jackson State Tigers,0.643,0.357,78.1,82.1,160.2,162.5,,,,,,,,,,,,,,,,,,,,,,,,,,,,,under,162.5,-112.0,0.0440073175875976,0.0492882035842219,0.5515510773331518,4.72212947820092,0.0123220508960554,total,ncaam,,,,,,,,,,,,,,,,,,,,,,,,,,,,,-108.0,-112.0,1.925926,1.892857,0.4484489226668482,0.5515510773331518,2.2299083562363644,1.813068709493197,2.2968056069234555,1.8674607707779929,0.5192307492603558,0.5283019266642963,0.4956702174488574,0.5043297825511426,-0.1363205601639276,0.0440073175875976,-0.0472212947820092,0.0472212947820092,0.0,0.0492882035842219,-13.632056016392768,4.400731758759768,-4.72212947820092,4.72212947820092,85.0,76.0,Win,0.8928571428571428,0.0110018311571923,NCAAM,UNDER,0.04_to_0.0499,3_to_5pp,2.5_to_5pct,0.50_to_0.60,minus_124_to_minus_110,UNBUCKETED,160_to_164.9,THU,FEB
Basketball,NCAAM,NCAAM_2026_02_27_Troy_Trojans_Louisiana_Monroe_Warhawks,2026_02_27,7:00 PM,Troy Trojans,Louisiana Monroe Warhawks,0.952,0.048,67.2,84.0,151.2,153.5,,,,,,,,,,,,,,,,,,,,,,,,,,,,,under,153.5,-115.0,0.0311605898943538,0.0358346873371788,0.5515510773331518,4.071680599598482,0.0089586718342947,total,ncaam,,,,,,,,,,,,,,,,,,,,,,,,,,,,,-105.0,-115.0,1.952381,1.869565,0.4484489226668482,0.5515510773331518,2.2299083562363644,1.813068709493197,2.2968056069234555,1.8674607707779929,0.5121951094586559,0.5348837831260214,0.489165728662833,0.510834271337167,-0.1244568439147763,0.0311605898943538,-0.0407168059959847,0.0407168059959848,0.0,0.0358346873371788,-12.445684391477627,3.1160589894353885,-4.071680599598476,4.071680599598482,80.0,65.0,Win,0.8695652173913042,0.0077901494211258,NCAAM,UNDER,0.03_to_0.0399,3_to_5pp,2.5_to_5pct,0.50_to_0.60,minus_124_to_minus_110,UNBUCKETED,150_to_154.9,FRI,FEB
Basketball,NCAAM,NCAAM_2026_03_01_Canisius_Golden_Griffins_Quinnipiac_Bobcats,2026_03_01,1:00 PM,Canisius Golden Griffins,Quinnipiac Bobcats,0.241,0.759,72.6,64.1,136.7,137.5,,,,,,,,,,,,,,,,,,,,,,,,,,,,,away,-7.5,-110.0,0.0222307613842629,0.0244538350773057,0.5354541828463195,3.5454182846319515,0.0061134587693264,spread,ncaam,7.5,-7.5,-110.0,-110.0,1.909091,1.909091,0.4645458171536805,0.5354541828463195,2.1526401983922745,1.867573420912111,2.367904218231502,2.0543307630033225,136.0,105.0,0.5238094988662143,0.5238094988662143,0.5,0.5,-0.1131397613842629,0.0222307613842629,-0.0354541828463195,0.0354541828463195,0.0,0.0244538350773057,-11.313976138426296,2.2230761384262943,-3.5454182846319515,3.5454182846319515,,,,,,,,,,,,,,,,,,,,,,,,,63.0,67.0,Loss,-1.0,-0.0061134587693264,NCAAM,AWAY,0.02_to_0.0299,3_to_5pp,0.0_to_2.5pct,0.50_to_0.60,minus_124_to_minus_110,7.0_to_7.9,UNBUCKETED,SUN,MAR
Basketball,NCAAM,NCAAM_2026_03_02_Cleveland_State_Vikings_IU_Indianapolis_Jaguars,2026_03_02,7:00 PM,Cleveland State Vikings,IU Indianapolis Jaguars,0.569,0.431,86.6,88.7,175.3,170.5,-125.0,105.0,1.8,2.05,2.05,1.8,0.4878048780487805,0.5555555555555556,0.4675324675324676,0.5324675324675325,0.569,0.431,2.320185614849188,1.7574692442882252,2.3549883990719254,1.7838312829525484,135.0,-127.0,0.0242,-0.11645,0.0365324675324674,-0.0365324675324675,0.0302499999999999,0.0,2.42,-11.645000000000003,3.6532467532467416,-3.65324675324676,home,-125.0,-125.0,0.0242,0.0302499999999999,0.569,3.6532467532467416,0.0075624999999999,moneyline,ncaam,,,,,,,,,,,,,,,,,,,,,,,,,,,,,,,,,,,,,,,,,,,,,,,,,,,,,101.0,93.0,Win,0.8,0.0060499999999999,NCAAM,HOME,0.02_to_0.0299,3_to_5pp,2.5_to_5pct,0.50_to_0.60,minus_149_to_minus_125,UNBUCKETED,UNBUCKETED,MON,MAR
Basketball,NCAAM,NCAAM_2026_03_02_Incarnate_Word_Cardinals_Stephen_F_Austin_Lumberjacks,2026_03_02,7:30 PM,Incarnate Word Cardinals,Stephen F Austin Lumberjacks,0.236,0.764,74.0,65.2,139.2,145.5,,,,,,,,,,,,,,,,,,,,,,,,,,,,,away,-8.5,-102.0,0.0112852529080615,0.0115109598079763,0.5106490295396374,2.8013085079953925,0.002877739951994,spread,ncaam,8.5,-8.5,-118.0,-102.0,1.847458,1.980392,0.4893509704603626,0.5106490295396374,2.043523075185155,1.958292177508933,2.2478753827036706,2.1541213952598266,124.0,115.0,0.5412842944196837,0.504950535045587,0.5173640555403163,0.4826359444596835,-0.0959446348152394,0.0112852529080615,-0.0280130850799537,0.0280130850799539,0.0,0.0115109598079763,-9.59446348152394,1.1285252908061594,-2.8013085079953703,2.8013085079953925,,,,,,,,,,,,,,,,,,,,,,,,,68.0,76.0,Loss,-1.0,-0.002877739951994,NCAAM,AWAY,0.01_to_0.0199,2_to_3pp,0.0_to_2.5pct,0.50_to_0.60,minus_109_to_minus_101,8.0_to_8.9,UNBUCKETED,MON,MAR
Basketball,NCAAM,NCAAM_2026_03_02_New_Orleans_Privateers_Southeastern_Louisiana_Lions,2026_03_02,8:00 PM,New Orleans Privateers,Southeastern Louisiana Lions,0.71,0.29,67.0,72.7,139.7,143.5,,,,,,,,,,,,,,,,,,,,,,,,,,,,,away,7.5,-108.0,0.085508825557129,0.0923495242137374,0.563629560822757,6.795934337389953,0.0230873810534343,spread,ncaam,-7.5,7.5,-112.0,-108.0,1.892857,1.925926,0.436370439177243,0.563629560822757,2.291630940641752,1.7742149622887988,2.5207940347059274,1.9516364585176789,152.0,-105.0,0.5283019266642963,0.5192307492603558,0.5043297825511426,0.4956702174488574,-0.1740131596102813,0.085508825557129,-0.0679593433738995,0.0679593433738995,0.0,0.0923495242137374,-17.40131596102813,8.550882555712903,-6.795934337389959,6.795934337389953,,,,,,,,,,,,,,,,,,,,,,,,,78.0,82.0,Win,0.925925925925926,0.0213772046791058,NCAAM,AWAY,0.075_to_0.0999,5_to_7pp,5_to_10pct,0.50_to_0.60,minus_109_to_minus_101,7.0_to_7.9,UNBUCKETED,MON,MAR
Basketball,NCAAM,NCAAM_2026_03_02_Northern_Arizona_Lumberjacks_Montana_State_Bobcats,2026_03_02,8:00 PM,Northern Arizona Lumberjacks,Montana State Bobcats,0.272,0.728,77.5,69.8,147.3,142.5,,,,,,,,,,,,,,,,,,,,,,,,,,,,,away,-6.5,-105.0,0.0592064271769978,0.0621667454275104,0.5425203519072342,5.335462324440127,0.0155416863568776,spread,ncaam,6.5,-6.5,-115.0,-105.0,1.869565,1.952381,0.4574796480927657,0.5425203519072342,2.1858895891194363,1.843248822803592,2.40447854803138,2.027573705083951,140.0,102.0,0.5348837831260214,0.5121951094586559,0.510834271337167,0.489165728662833,-0.1447120617134485,0.0592064271769978,-0.0533546232444012,0.0533546232444012,0.0,0.0621667454275104,-14.471206171344852,5.920642717699787,-5.335462324440127,5.335462324440127,,,,,,,,,,,,,,,,,,,,,,,,,65.0,76.0,Win,0.9523809523809524,0.0148016060541691,NCAAM,AWAY,0.05_to_0.0749,5_to_7pp,5_to_10pct,0.50_to_0.60,minus_109_to_minus_101,6.0_to_6.9,UNBUCKETED,MON,MAR
Basketball,NCAAM,NCAAM_2026_03_02_Northern_Colorado_Bears_Montana_Grizzlies,2026_03_02,8:00 PM,Northern Colorado Bears,Montana Grizzlies,0.648,0.352,77.3,81.5,158.8,154.5,,,,,,,,,,,,,,,,,,,,,,,,,,,,,away,6.5,-112.0,0.0999122206927023,0.1119017050800994,0.5810857453535594,7.675596280241681,0.0279754262700248,spread,ncaam,-6.5,6.5,-108.0,-112.0,1.925926,1.892857,0.4189142546464406,0.5810857453535594,2.387123352591546,1.720916418955612,2.6258356878507008,1.8930080608511728,162.0,-111.0,0.5192307492603558,0.5283019266642963,0.4956702174488574,0.5043297825511426,-0.1932021452057992,0.0999122206927023,-0.0767559628024168,0.0767559628024168,0.0,0.1119017050800994,-19.320214520579924,9.991222069270233,-7.675596280241681,7.675596280241681,,,,,,,,,,,,,,,,,,,,,,,,,85.0,57.0,Loss,-1.0,-0.0279754262700248,NCAAM,AWAY,0.075_to_0.0999,7_to_10pp,10_to_20pct,0.50_to_0.60,minus_124_to_minus_110,6.0_to_6.9,UNBUCKETED,MON,MAR
Basketball,NCAAM,NCAAM_2026_03_02_Delaware_State_Hornets_South_Carolina_State_Bulldogs,2026_03_02,7:00 PM,Delaware State Hornets,South Carolina State Bulldogs,0.549,0.451,67.3,68.7,136.0,137.5,,,,,,,,,,,,,,,,,,,,,,,,,,,,,under,137.5,-105.0,0.0419355524461741,0.0440323278668664,0.5336742943340332,4.450856567120026,0.0110080819667166,total,ncaam,,,,,,,,,,,,,,,,,,,,,,,,,,,,,-115.0,-105.0,1.869565,1.952381,0.4663257056659667,0.5336742943340332,2.1444239248443,1.873802074817731,2.208756642589629,1.930016137062263,0.5348837831260214,0.5121951094586559,0.510834271337167,0.489165728662833,-0.128173782086607,0.0419355524461741,-0.0445085656712002,0.0445085656712002,0.0,0.0440323278668664,-12.8173782086607,4.19355524461742,-4.450856567120026,4.450856567120026,59.0,61.0,Win,0.9523809523809524,0.0104838875873491,NCAAM,UNDER,0.04_to_0.0499,3_to_5pp,2.5_to_5pct,0.50_to_0.60,minus_109_to_minus_101,UNBUCKETED,135_to_139.9,MON,MAR
Basketball,NCAAM,NCAAM_2026_03_03_Boise_State_Broncos_San_Diego_State_Aztecs,2026_03_03,9:00 PM,Boise State Broncos,San Diego State Aztecs,0.542,0.458,70.9,72.0,142.9,144.5,-115.0,-105.0,1.869565,1.952381,1.9523809523809523,1.869565217391304,0.5121951219512195,0.5348837209302326,0.4891657638136511,0.5108342361863489,0.542,0.458,2.1834061135371177,1.8450184501845013,2.216157205240174,1.872693726937269,121.0,-114.0,0.0133042299999999,-0.105809502,0.0311657638136511,-0.0311657638136511,0.0152998683249671,0.0,1.3304229999999917,-10.580950200000006,3.1165763813651104,-3.1165763813651104,home,-115.0,-115.0,0.0133042299999999,0.0152998683249671,0.542,3.1165763813651104,0.0038249670812417,moneyline,ncaam,,,,,,,,,,,,,,,,,,,,,,,,,,,,,,,,,,,,,,,,,,,,,,,,,,,,,86.0,77.0,Win,0.8695652173913042,0.0033260583315145,NCAAM,HOME,0.01_to_0.0199,3_to_5pp,0.0_to_2.5pct,0.50_to_0.60,minus_124_to_minus_110,UNBUCKETED,UNBUCKETED,TUE,MAR
Basketball,NCAAM,NCAAM_2026_03_03_Wyoming_Cowboys_Nevada_Wolf_Pack,2026_03_03,10:00 PM,Wyoming Cowboys,Nevada Wolf Pack,0.526,0.474,72.2,72.8,145.0,142.5,-110.0,-110.0,1.909091,1.909091,1.9090909090909087,1.9090909090909087,0.5238095238095238,0.5238095238095238,0.5,0.5,0.526,0.474,2.109704641350211,1.9011406844106464,2.141350210970464,1.9296577946768056,114.0,-107.0,0.0041818660000001,-0.095090866,0.026,-0.026,0.0046000521399948,0.0,0.4181866000000145,-9.509086600000003,2.6000000000000023,-2.6000000000000023,home,-110.0,-110.0,0.0041818660000001,0.0046000521399948,0.526,2.6000000000000023,0.0011500130349987,moneyline,ncaam,,,,,,,,,,,,,,,,,,,,,,,,,,,,,,,,,,,,,,,,,,,,,,,,,,,,,83.0,73.0,Win,0.9090909090909092,0.0010454663954533,NCAAM,HOME,0.00_to_0.0099,2_to_3pp,0.0_to_2.5pct,0.50_to_0.60,minus_124_to_minus_110,UNBUCKETED,UNBUCKETED,TUE,MAR
Basketball,NCAAM,NCAAM_2026_03_03_VCU_Rams_George_Mason_Patriots,2026_03_03,7:00 PM,VCU Rams,George Mason Patriots,0.788,0.212,68.8,76.9,145.7,147.5,,,,,,,,,,,,,,,,,,,,,,,,,,,,,away,10.5,-118.0,0.0799482918651655,0.0943389428917604,0.5845590491719788,6.719499363166248,0.0235847357229401,spread,ncaam,-10.5,10.5,-102.0,-118.0,1.980392,1.847458,0.4154409508280212,0.5845590491719788,2.4070809533987583,1.710691163564209,2.6477890487386344,1.88176027992063,164.0,-113.0,0.504950535045587,0.5412842944196837,0.4826359444596835,0.5173640555403163,-0.1772640645077935,0.0799482918651655,-0.0671949936316623,0.0671949936316624,0.0,0.0943389428917604,-17.726406450779354,7.99482918651655,-6.719499363166231,6.719499363166248,,,,,,,,,,,,,,,,,,,,,,,,,70.0,65.0,Win,0.847457627118644,0.0199870641719831,NCAAM,AWAY,0.075_to_0.0999,5_to_7pp,5_to_10pct,0.50_to_0.60,minus_124_to_minus_110,10.0_to_11.9,UNBUCKETED,TUE,MAR
Basketball,NCAAM,NCAAM_2026_03_03_St_Johns_Red_Storm_Georgetown_Hoyas,2026_03_03,7:00 PM,St. Johns Red Storm,Georgetown Hoyas,0.931,0.069,68.4,83.3,151.7,148.5,,,,,,,,,,,,,,,,,,,,,,,,,,,,,away,16.5,-105.0,0.0867152518407383,0.0910510098802248,0.5566102373669578,6.744450870412483,0.0227627524700562,spread,ncaam,-16.5,16.5,-115.0,-105.0,1.869565,1.952381,0.4433897626330422,0.5566102373669578,2.255352027213174,1.7965893058857405,2.4808872299344924,1.9762482364743148,148.0,-102.0,0.5348837831260214,0.5121951094586559,0.510834271337167,0.489165728662833,-0.1710540184229565,0.0867152518407383,-0.0674445087041247,0.0674445087041248,0.0,0.0910510098802248,-17.105401842295652,8.671525184073836,-6.744450870412477,6.744450870412483,,,,,,,,,,,,,,,,,,,,,,,,,72.0,69.0,Win,0.9523809523809524,0.0216788118762439,NCAAM,AWAY,0.075_to_0.0999,5_to_7pp,5_to_10pct,0.50_to_0.60,minus_109_to_minus_101,15.0_plus,UNBUCKETED,TUE,MAR
Basketball,NCAAM,NCAAM_2026_03_03_Central_Michigan_Chippewas_Akron_Zips,2026_03_03,7:00 PM,Central Michigan Chippewas,Akron Zips,0.121,0.879,85.3,73.0,158.3,159.5,,,,,,,,,,,,,,,,,,,,,,,,,,,,,away,-11.5,-108.0,0.0176146440093252,0.0190238140081659,0.5283768140672721,3.2706596618414685,0.0047559535020414,spread,ncaam,11.5,-11.5,-112.0,-108.0,1.892857,1.925926,0.4716231859327279,0.5283768140672721,2.1203368066442763,1.8925887233815704,2.332370487308704,2.081847595719728,133.0,108.0,0.5283019266642963,0.5192307492603558,0.5043297825511426,0.4956702174488574,-0.1072847511449345,0.0176146440093252,-0.0327065966184146,0.0327065966184146,0.0,0.0190238140081659,-10.728475114493452,1.761464400932522,-3.2706596618414685,3.2706596618414685,,,,,,,,,,,,,,,,,,,,,,,,,64.0,77.0,Win,0.925925925925926,0.0044036606500383,NCAAM,AWAY,0.01_to_0.0199,3_to_5pp,0.0_to_2.5pct,0.50_to_0.60,minus_109_to_minus_101,10.0_to_11.9,UNBUCKETED,TUE,MAR
Basketball,NCAAM,NCAAM_2026_03_03_Hofstra_Pride_Drexel_Dragons,2026_03_03,7:00 PM,Hofstra Pride,Drexel Dragons,0.775,0.225,62.5,70.3,132.8,132.5,,,,,,,,,,,,,,,,,,,,,,,,,,,,,away,8.5,-108.0,0.010792650787091,0.0116560619175734,0.5248346254150424,2.9164407966185024,0.0029140154793933,spread,ncaam,-8.5,8.5,-112.0,-108.0,1.892857,1.925926,0.4751653745849575,0.5248346254150424,2.104530450842445,1.9053620923146863,2.3149834959266897,2.095898301546155,131.0,109.0,0.5283019266642963,0.5192307492603558,0.5043297825511426,0.4956702174488574,-0.1005798945592411,0.010792650787091,-0.029164407966185,0.029164407966185,0.0,0.0116560619175734,-10.05798945592411,1.0792650787091018,-2.916440796618508,2.9164407966185024,,,,,,,,,,,,,,,,,,,,,,,,,62.0,51.0,Loss,-1.0,-0.0029140154793933,NCAAM,AWAY,0.01_to_0.0199,2_to_3pp,0.0_to_2.5pct,0.50_to_0.60,minus_109_to_minus_101,8.0_to_8.9,UNBUCKETED,TUE,MAR
Basketball,NCAAM,NCAAM_2026_03_03_Northern_Illinois_Huskies_Kent_State_Golden_Flashes,2026_03_03,8:00 PM,Northern Illinois Huskies,Kent State Golden Flashes,0.152,0.848,83.0,71.8,154.8,148.5,,,,,,,,,,,,,,,,,,,,,,,,,,,,,away,-10.5,-108.0,0.010792650787091,0.0116560619175734,0.5248346254150424,2.9164407966185024,0.0029140154793933,spread,ncaam,10.5,-10.5,-112.0,-108.0,1.892857,1.925926,0.4751653745849575,0.5248346254150424,2.104530450842445,1.9053620923146863,2.3149834959266897,2.095898301546155,131.0,109.0,0.5283019266642963,0.5192307492603558,0.5043297825511426,0.4956702174488574,-0.1005798945592411,0.010792650787091,-0.029164407966185,0.029164407966185,0.0,0.0116560619175734,-10.05798945592411,1.0792650787091018,-2.916440796618508,2.9164407966185024,,,,,,,,,,,,,,,,,,,,,,,,,76.0,102.0,Win,0.925925925925926,0.0026981624809197,NCAAM,AWAY,0.01_to_0.0199,2_to_3pp,0.0_to_2.5pct,0.50_to_0.60,minus_109_to_minus_101,10.0_to_11.9,UNBUCKETED,TUE,MAR
Basketball,NCAAM,NCAAM_2026_03_03_Virginia_Tech_Hokies_Boston_College_Eagles,2026_03_03,9:00 PM,Virginia Tech Hokies,Boston College Eagles,0.846,0.154,67.2,77.1,144.3,142.5,,,,,,,,,,,,,,,,,,,,,,,,,,,,,away,11.5,-110.0,0.0626195946651229,0.0688815472434804,0.5566102373669578,5.66102373669578,0.0172203868108701,spread,ncaam,-11.5,11.5,-110.0,-110.0,1.909091,1.909091,0.4433897626330422,0.5566102373669578,2.255352027213174,1.7965893058857405,2.4808872299344924,1.9762482364743148,148.0,-102.0,0.5238094988662143,0.5238094988662143,0.5,0.5,-0.1535285946651228,0.0626195946651229,-0.0566102373669578,0.0566102373669578,0.0,0.0688815472434804,-15.352859466512282,6.26195946651229,-5.66102373669578,5.66102373669578,,,,,,,,,,,,,,,,,,,,,,,,,72.0,63.0,Win,0.9090909090909092,0.015654897100791,NCAAM,AWAY,0.05_to_0.0749,5_to_7pp,5_to_10pct,0.50_to_0.60,minus_124_to_minus_110,10.0_to_11.9,UNBUCKETED,TUE,MAR
Basketball,NCAAM,NCAAM_2026_03_03_UNLV_Rebels_Utah_State_Aggies,2026_03_03,11:00 PM,UNLV Rebels,Utah State Aggies,0.229,0.771,81.9,73.0,154.9,157.5,,,,,,,,,,,,,,,,,,,,,,,,,,,,,away,-7.5,-115.0,0.0274626414857575,0.0315820456041325,0.5495731046985569,3.8738833361389946,0.0078955114010331,spread,ncaam,7.5,-7.5,-105.0,-115.0,1.952381,1.869565,0.4504268953014431,0.5495731046985569,2.220116095267272,1.819594138524126,2.442127704794,2.001553552376539,144.0,100.0,0.5121951094586559,0.5348837831260214,0.489165728662833,0.510834271337167,-0.1205950877244732,0.0274626414857575,-0.0387388333613898,0.0387388333613899,0.0,0.0315820456041325,-12.059508772447325,2.74626414857575,-3.873883336138989,3.8738833361389946,,,,,,,,,,,,,,,,,,,,,,,,,92.0,65.0,Loss,-1.0,-0.0078955114010331,NCAAM,AWAY,0.02_to_0.0299,3_to_5pp,2.5_to_5pct,0.50_to_0.60,minus_124_to_minus_110,7.0_to_7.9,UNBUCKETED,TUE,MAR
Basketball,NCAAM,NCAAM_2026_03_03_Alabama_State_Hornets_Southern_University_Jaguars,2026_03_03,8:00 PM,Alabama State Hornets,Southern University Jaguars,0.45,0.55,76.7,74.1,150.8,153.5,,,,,,,,,,,,,,,,,,,,,,,,,,,,,under,153.5,-115.0,0.0478026708346759,0.0549730852031486,0.5604526565456007,4.961838520843376,0.0137432713007871,total,ncaam,,,,,,,,,,,,,,,,,,,,,,,,,,,,,-105.0,-115.0,1.952381,1.869565,0.4395473434543993,0.5604526565456007,2.2750677825533137,1.784272031403309,2.343319816029913,1.837800192345408,0.5121951094586559,0.5348837831260214,0.489165728662833,0.510834271337167,-0.1418361180391565,0.0478026708346759,-0.0496183852084337,0.0496183852084337,0.0,0.0549730852031486,-14.183611803915651,4.780267083467593,-4.96183852084337,4.961838520843376,64.0,71.0,Win,0.8695652173913042,0.0119506706963366,NCAAM,UNDER,0.04_to_0.0499,3_to_5pp,5_to_10pct,0.50_to_0.60,minus_124_to_minus_110,UNBUCKETED,150_to_154.9,TUE,MAR
Basketball,NCAAM,NCAAM_2026_03_04_LIU_Sharks_Chicago_State_Cougars,2026_03_04,7:00 PM,LIU Sharks,Chicago State Cougars,0.849,0.151,63.2,73.4,136.6,139.5,,,,,,,,,,,,,,,,,,,,,,,,,,,,,away,11.5,-105.0,0.0660948012105682,0.0693995378011196,0.5460485433993509,5.688281473651796,0.0173498844502799,spread,ncaam,-11.5,11.5,-115.0,-105.0,1.869565,1.952381,0.453951456600649,0.5460485433993509,2.2028787119406066,1.8313390120494344,2.423166583134668,2.014472913254378,142.0,101.0,0.5348837831260214,0.5121951094586559,0.510834271337167,0.489165728662833,-0.1513082450404076,0.0660948012105682,-0.0568828147365179,0.0568828147365179,0.0,0.0693995378011196,-15.130824504040763,6.609480121056821,-5.688281473651796,5.688281473651796,,,,,,,,,,,,,,,,,,,,,,,,,79.0,75.0,Win,0.9523809523809524,0.016523699476457,NCAAM,AWAY,0.05_to_0.0749,5_to_7pp,5_to_10pct,0.50_to_0.60,minus_109_to_minus_101,10.0_to_11.9,UNBUCKETED,WED,MAR
Basketball,NCAAM,NCAAM_2026_03_04_Penn_State_Nittany_Lions_Ohio_State_Buckeyes,2026_03_04,7:30 PM,Penn State Nittany Lions,Ohio State Buckeyes,0.236,0.764,81.0,72.3,153.3,152.5,,,,,,,,,,,,,,,,,,,,,,,,,,,,,away,-6.5,-112.0,0.0933257681460009,0.1045248770475012,0.577606109783254,7.327632723211142,0.0261312192618753,spread,ncaam,6.5,-6.5,-108.0,-112.0,1.925926,1.892857,0.422393890216746,0.577606109783254,2.3674584864067585,1.731283625748434,2.6042043350474344,1.9044119883232773,160.0,-110.0,0.5192307492603558,0.5283019266642963,0.4956702174488574,0.5043297825511426,-0.1865006245904232,0.0933257681460009,-0.0732763272321114,0.0732763272321114,0.0,0.1045248770475012,-18.650062459042328,9.332576814600092,-7.327632723211142,7.327632723211142,,,,,,,,,,,,,,,,,,,,,,,,,62.0,94.0,Win,0.8928571428571428,0.0233314457695315,NCAAM,AWAY,0.075_to_0.0999,7_to_10pp,10_to_20pct,0.50_to_0.60,minus_124_to_minus_110,6.0_to_6.9,UNBUCKETED,WED,MAR
Basketball,NCAAM,NCAAM_2026_03_04_USC_Upstate_Spartans_Gardner_Webb_Runnin_Bulldogs,2026_03_04,7:30 PM,USC Upstate Spartans,Gardner Webb Runnin Bulldogs,0.832,0.168,72.0,81.5,153.5,144.5,,,,,,,,,,,,,,,,,,,,,,,,,,,,,away,11.5,-110.0,0.0893825026413581,0.0983207430734197,0.5706289027821922,7.062890278219225,0.0245801857683549,spread,ncaam,-11.5,11.5,-110.0,-110.0,1.909091,1.909091,0.4293710972178077,0.5706289027821922,2.328987690321243,1.752452417191524,2.561886459353368,1.927697658910677,156.0,-107.0,0.5238094988662143,0.5238094988662143,0.5,0.5,-0.1802915026413583,0.0893825026413581,-0.0706289027821923,0.0706289027821922,0.0,0.0983207430734197,-18.02915026413583,8.938250264135817,-7.06289027821923,7.062890278219225,,,,,,,,,,,,,,,,,,,,,,,,,64.0,65.0,Win,0.9090909090909092,0.0223456234257771,NCAAM,AWAY,0.075_to_0.0999,7_to_10pp,5_to_10pct,0.50_to_0.60,minus_124_to_minus_110,10.0_to_11.9,UNBUCKETED,WED,MAR
Basketball,NCAAM,NCAAM_2026_03_04_Northwestern_Wildcats_Purdue_Boilermakers,2026_03_04,8:30 PM,Northwestern Wildcats,Purdue Boilermakers,0.178,0.822,79.2,68.8,148.0,145.5,,,,,,,,,,,,,,,,,,,,,,,,,,,,,home,11.5,-112.0,0.0202287346412917,0.0226561864232366,0.5389888061492716,3.4659023598129,0.0056640466058091,spread,ncaam,11.5,-11.5,-112.0,-108.0,1.892857,1.925926,0.5389888061492716,0.4610111938507284,1.8553261006371489,2.1691447265026533,2.040858710700864,2.386059199152919,104.0,138.0,0.5283019266642963,0.5192307492603558,0.5043297825511426,0.4956702174488574,0.0202287346412917,-0.112126555471842,0.034659023598129,-0.034659023598129,0.0226561864232366,0.0,2.0228734641291712,-11.212655547184202,3.4659023598129,-3.4659023598129,,,,,,,,,,,,,,,,,,,,,,,,,66.0,70.0,Win,0.8928571428571428,0.0050571844694724,NCAAM,HOME,0.02_to_0.0299,3_to_5pp,0.0_to_2.5pct,0.50_to_0.60,minus_124_to_minus_110,10.0_to_11.9,UNBUCKETED,WED,MAR
Basketball,NCAAM,NCAAM_2026_03_04_New_Mexico_Lobos_Colorado_State_Rams,2026_03_04,10:00 PM,New Mexico Lobos,Colorado State Rams,0.742,0.258,70.4,77.3,147.7,150.5,,,,,,,,,,,,,,,,,,,,,,,,,,,,,away,8.5,-112.0,0.0535835840717076,0.0600136237624923,0.5566102373669578,5.228045481581523,0.015003405940623,spread,ncaam,-8.5,8.5,-108.0,-112.0,1.925926,1.892857,0.4433897626330422,0.5566102373669578,2.255352027213174,1.7965893058857405,2.4808872299344924,1.9762482364743148,148.0,-102.0,0.5192307492603558,0.5283019266642963,0.4956702174488574,0.5043297825511426,-0.1460641280111956,0.0535835840717076,-0.0522804548158152,0.0522804548158152,0.0,0.0600136237624923,-14.60641280111956,5.35835840717076,-5.228045481581523,5.228045481581523,,,,,,,,,,,,,,,,,,,,,,,,,74.0,82.0,Win,0.8928571428571428,0.0133958981612705,NCAAM,AWAY,0.05_to_0.0749,5_to_7pp,5_to_10pct,0.50_to_0.60,minus_124_to_minus_110,8.0_to_8.9,UNBUCKETED,WED,MAR
Basketball,NCAAM,NCAAM_2026_03_04_Oakland_Golden_Grizzlies_Northern_Kentucky_Norse,2026_03_04,7:00 PM,Oakland Golden Grizzlies,Northern Kentucky Norse,0.577,0.423,79.0,81.2,160.2,162.5,,,,,,,,,,,,,,,,,,,,,,,,,,,,,under,162.5,-115.0,0.0311605898943538,0.0358346873371788,0.5515510773331518,4.071680599598482,0.0089586718342947,total,ncaam,,,,,,,,,,,,,,,,,,,,,,,,,,,,,-105.0,-115.0,1.952381,1.869565,0.4484489226668482,0.5515510773331518,2.2299083562363644,1.813068709493197,2.2968056069234555,1.8674607707779929,0.5121951094586559,0.5348837831260214,0.489165728662833,0.510834271337167,-0.1244568439147763,0.0311605898943538,-0.0407168059959847,0.0407168059959848,0.0,0.0358346873371788,-12.445684391477627,3.1160589894353885,-4.071680599598476,4.071680599598482,84.0,85.0,Loss,-1.0,-0.0089586718342947,NCAAM,UNDER,0.03_to_0.0399,3_to_5pp,2.5_to_5pct,0.50_to_0.60,minus_124_to_minus_110,UNBUCKETED,160_to_164.9,WED,MAR
Basketball,NCAAM,NCAAM_2026_03_05_North_Carolina_Central_Eagles_South_Carolina_State_Bulldogs,2026_03_05,5:00 PM,North Carolina Central Eagles,South Carolina State Bulldogs,0.722,0.278,67.7,74.0,141.7,145.5,,,,,,,,,,,,,,,,,,,,,,,,,,,,,away,8.5,-118.0,0.0671030283679507,0.079181538634305,0.577606109783254,6.024205424293772,0.0197953846585762,spread,ncaam,-8.5,8.5,-102.0,-118.0,1.980392,1.847458,0.422393890216746,0.577606109783254,2.3674584864067585,1.731283625748434,2.6042043350474344,1.9044119883232773,160.0,-110.0,0.504950535045587,0.5412842944196837,0.4826359444596835,0.5173640555403163,-0.1634945189658779,0.0671030283679507,-0.0602420542429374,0.0602420542429377,0.0,0.079181538634305,-16.349451896587798,6.710302836795079,-6.024205424293749,6.024205424293772,,,,,,,,,,,,,,,,,,,,,,,,,64.0,80.0,Win,0.847457627118644,0.0167757497106577,NCAAM,AWAY,0.05_to_0.0749,5_to_7pp,5_to_10pct,0.50_to_0.60,minus_124_to_minus_110,8.0_to_8.9,UNBUCKETED,THU,MAR
Basketball,NCAAM,NCAAM_2026_03_05_Colgate_Raiders_Loyola_Maryland_Greyhounds,2026_03_05,7:00 PM,Colgate Raiders,Loyola Maryland Greyhounds,0.775,0.225,69.1,76.9,146.0,151.5,,,,,,,,,,,,,,,,,,,,,,,,,,,,,home,-6.5,-115.0,0.0208732450404083,0.024004237797529,0.5460485433993514,3.521427206218441,0.0060010594493822,spread,ncaam,-6.5,6.5,-115.0,-105.0,1.869565,1.952381,0.5460485433993514,0.4539514566006486,1.8313390120494328,2.202878711940609,2.014472913254376,2.42316658313467,101.0,142.0,0.5348837831260214,0.5121951094586559,0.510834271337167,0.489165728662833,0.0208732450404083,-0.113713801210569,0.0352142720621844,-0.0352142720621843,0.024004237797529,0.0,2.087324504040833,-11.371380121056909,3.521427206218441,-3.521427206218436,,,,,,,,,,,,,,,,,,,,,,,,,90.0,77.0,Win,0.8695652173913042,0.0052183125646801,NCAAM,HOME,0.02_to_0.0299,3_to_5pp,0.0_to_2.5pct,0.50_to_0.60,minus_124_to_minus_110,6.0_to_6.9,UNBUCKETED,THU,MAR
Basketball,NCAAM,NCAAM_2026_03_05_Southern_Utah_Thunderbirds_Utah_Valley_Wolverines,2026_03_05,8:30 PM,Southern Utah Thunderbirds,Utah Valley Wolverines,0.179,0.821,79.1,68.6,147.7,151.5,,,,,,,,,,,,,,,,,,,,,,,,,,,,,away,-9.5,-112.0,0.0135381981799358,0.0151627843875736,0.5354541828463195,3.112440029517693,0.0037906960968934,spread,ncaam,9.5,-9.5,-108.0,-112.0,1.925926,1.892857,0.4645458171536805,0.5354541828463195,2.1526401983922745,1.867573420912111,2.367904218231502,2.0543307630033225,136.0,105.0,0.5192307492603558,0.5283019266642963,0.4956702174488574,0.5043297825511426,-0.1053191325524807,0.0135381981799358,-0.0311244002951769,0.0311244002951769,0.0,0.0151627843875736,-10.531913255248073,1.3538198179935843,-3.112440029517693,3.112440029517693,,,,,,,,,,,,,,,,,,,,,,,,,88.0,92.0,Loss,-1.0,-0.0037906960968934,NCAAM,AWAY,0.01_to_0.0199,3_to_5pp,0.0_to_2.5pct,0.50_to_0.60,minus_124_to_minus_110,9.0_to_9.9,UNBUCKETED,THU,MAR
Basketball,NCAAM,NCAAM_2026_03_05_St_Thomas_Tommies_South_Dakota_State_Jackrabbits,2026_03_05,9:30 PM,St Thomas Tommies,South Dakota State Jackrabbits,0.674,0.326,75.8,80.6,156.4,149.5,,,,,,,,,,,,,,,,,,,,,,,,,,,,,away,6.5,-112.0,0.0602313434070433,0.0674591154093469,0.5601222614318162,5.579247888067362,0.0168647788523367,spread,ncaam,-6.5,6.5,-108.0,-112.0,1.925926,1.892857,0.4398777385681838,0.5601222614318162,2.273358963913546,1.7853245065528076,2.500694860304901,1.9638569572080888,150.0,-103.0,0.5192307492603558,0.5283019266642963,0.4956702174488574,0.5043297825511426,-0.152828026470332,0.0602313434070433,-0.0557924788806736,0.0557924788806736,0.0,0.0674591154093469,-15.2828026470332,6.023134340704339,-5.579247888067362,5.579247888067362,,,,,,,,,,,,,,,,,,,,,,,,,80.0,67.0,Loss,-1.0,-0.0168647788523367,NCAAM,AWAY,0.05_to_0.0749,5_to_7pp,5_to_10pct,0.50_to_0.60,minus_124_to_minus_110,6.0_to_6.9,UNBUCKETED,THU,MAR
Basketball,NCAAM,NCAAM_2026_03_05_Liberty_Flames_Louisiana_Tech_Bulldogs,2026_03_05,7:00 PM,Liberty Flames,Louisiana Tech Bulldogs,0.836,0.164,63.6,73.2,136.8,138.5,,,,,,,,,,,,,,,,,,,,,,,,,,,,,under,138.5,-108.0,0.0364395709456952,0.0393547334729722,0.5381512949852151,4.248107753635766,0.009838683368243,total,ncaam,,,,,,,,,,,,,,,,,,,,,,,,,,,,,-112.0,-108.0,1.892857,1.925926,0.4618487050147849,0.5381512949852151,2.165211224242769,1.858213497428216,2.230167560970052,1.9139599023510625,0.5283019266642963,0.5192307492603558,0.5043297825511426,0.4956702174488574,-0.1257864457718293,0.0364395709456952,-0.0424810775363576,0.0424810775363576,0.0,0.0393547334729722,-12.57864457718293,3.643957094569528,-4.248107753635766,4.248107753635766,71.0,76.0,Loss,-1.0,-0.009838683368243,NCAAM,UNDER,0.03_to_0.0399,3_to_5pp,2.5_to_5pct,0.50_to_0.60,minus_109_to_minus_101,UNBUCKETED,135_to_139.9,THU,MAR
Basketball,NCAAM,NCAAM_2026_03_06_Brown_Bears_Penn_Quakers,2026_03_06,7:00 PM,Brown Bears,Penn Quakers,0.405,0.595,72.9,68.9,141.8,145.5,114.0,-135.0,2.14,1.740741,1.7407407407407407,2.14,0.574468085106383,0.4672897196261683,0.551441114716549,0.448558885283451,0.405,0.595,1.680672268907563,2.469135802469136,1.7058823529411764,2.5061728395061724,-141.0,150.0,-0.1332999999999998,0.0357408949999999,-0.0435588852834509,0.0435588852834509,0.0,0.048250191362433,-13.329999999999986,3.5740894999999995,-4.355888528345098,4.355888528345098,away,-135.0,-135.0,0.0357408949999999,0.048250191362433,0.595,4.355888528345098,0.0120625478406082,moneyline,ncaam,,,,,,,,,,,,,,,,,,,,,,,,,,,,,,,,,,,,,,,,,,,,,,,,,,,,,61.0,82.0,Win,0.7407407407407407,0.0089352206226727,NCAAM,AWAY,0.03_to_0.0399,3_to_5pp,2.5_to_5pct,0.50_to_0.60,minus_149_to_minus_125,UNBUCKETED,UNBUCKETED,FRI,MAR
Basketball,NCAAM,NCAAM_2026_03_06_Austin_Peay_Governors_Stetson_Hatters,2026_03_06,5:00 PM,Austin Peay Governors,Stetson Hatters,0.837,0.163,70.4,80.0,150.4,153.5,,,,,,,,,,,,,,,,,,,,,,,,,,,,,away,11.5,-115.0,0.0602898843389319,0.0693333843231178,0.5671318645454595,5.629759320829253,0.0173333460807794,spread,ncaam,-11.5,11.5,-105.0,-115.0,1.952381,1.869565,0.4328681354545405,0.5671318645454595,2.3101723552599527,1.7632583575628789,2.5411895907859483,1.9395841933191669,154.0,-106.0,0.5121951094586559,0.5348837831260214,0.489165728662833,0.510834271337167,-0.1548764768331287,0.0602898843389319,-0.0562975932082924,0.0562975932082925,0.0,0.0693333843231178,-15.487647683312876,6.02898843389319,-5.629759320829248,5.629759320829253,,,,,,,,,,,,,,,,,,,,,,,,,69.0,60.0,Win,0.8695652173913042,0.0150724748528516,NCAAM,AWAY,0.05_to_0.0749,5_to_7pp,5_to_10pct,0.50_to_0.60,minus_124_to_minus_110,10.0_to_11.9,UNBUCKETED,FRI,MAR
Basketball,NCAAM,NCAAM_2026_03_06_Toledo_Rockets_Buffalo_Bulls,2026_03_06,7:00 PM,Toledo Rockets,Buffalo Bulls,0.732,0.268,74.1,80.7,154.8,155.5,,,,,,,,,,,,,,,,,,,,,,,,,,,,,away,8.5,-115.0,0.060289884338931,0.0693333843231168,0.567131864545459,5.6297593208292085,0.0173333460807792,spread,ncaam,-8.5,8.5,-105.0,-115.0,1.952381,1.869565,0.4328681354545409,0.567131864545459,2.31017235525995,1.7632583575628802,2.541189590785945,1.9395841933191684,154.0,-106.0,0.5121951094586559,0.5348837831260214,0.489165728662833,0.510834271337167,-0.154876476833128,0.060289884338931,-0.056297593208292,0.056297593208292,0.0,0.0693333843231168,-15.4876476833128,6.028988433893101,-5.6297593208292085,5.6297593208292085,,,,,,,,,,,,,,,,,,,,,,,,,98.0,78.0,Loss,-1.0,-0.0173333460807792,NCAAM,AWAY,0.05_to_0.0749,5_to_7pp,5_to_10pct,0.50_to_0.60,minus_124_to_minus_110,8.0_to_8.9,UNBUCKETED,FRI,MAR
Basketball,NCAAM,NCAAM_2026_03_06_Queens_Royals_West_Georgia_Wolves,2026_03_06,7:30 PM,Queens Royals,West Georgia Wolves,0.72,0.28,78.4,84.7,163.1,165.5,,,,,,,,,,,,,,,,,,,,,,,,,,,,,away,7.5,-105.0,0.0592064271769978,0.0621667454275104,0.5425203519072342,5.335462324440127,0.0155416863568776,spread,ncaam,-7.5,7.5,-115.0,-105.0,1.869565,1.952381,0.4574796480927657,0.5425203519072342,2.1858895891194363,1.843248822803592,2.40447854803138,2.027573705083951,140.0,102.0,0.5348837831260214,0.5121951094586559,0.510834271337167,0.489165728662833,-0.1447120617134485,0.0592064271769978,-0.0533546232444012,0.0533546232444012,0.0,0.0621667454275104,-14.471206171344852,5.920642717699787,-5.335462324440127,5.335462324440127,,,,,,,,,,,,,,,,,,,,,,,,,71.0,63.0,Loss,-1.0,-0.0155416863568776,NCAAM,AWAY,0.05_to_0.0749,5_to_7pp,5_to_10pct,0.50_to_0.60,minus_109_to_minus_101,7.0_to_7.9,UNBUCKETED,FRI,MAR
Basketball,NCAAM,NCAAM_2026_03_06_San_Diego_State_Aztecs_UNLV_Rebels,2026_03_06,10:00 PM,San Diego State Aztecs,UNLV Rebels,0.802,0.198,71.5,80.0,151.5,153.5,,,,,,,,,,,,,,,,,,,,,,,,,,,,,away,10.5,-115.0,0.0668278246299891,0.0768520175374919,0.5706289027821922,5.979463144502528,0.0192130043843729,spread,ncaam,-10.5,10.5,-105.0,-115.0,1.952381,1.869565,0.4293710972178077,0.5706289027821922,2.328987690321243,1.752452417191524,2.561886459353368,1.927697658910677,156.0,-107.0,0.5121951094586559,0.5348837831260214,0.489165728662833,0.510834271337167,-0.1617040278427994,0.0668278246299891,-0.0597946314450252,0.0597946314450252,0.0,0.0768520175374919,-16.170402784279947,6.682782462998915,-5.979463144502528,5.979463144502528,,,,,,,,,,,,,,,,,,,,,,,,,89.0,86.0,Win,0.8695652173913042,0.0167069603342373,NCAAM,AWAY,0.05_to_0.0749,5_to_7pp,5_to_10pct,0.50_to_0.60,minus_124_to_minus_110,10.0_to_11.9,UNBUCKETED,FRI,MAR
Basketball,NCAAM,NCAAM_2026_03_07_TCU_Horned_Frogs_Cincinnati_Bearcats,2026_03_07,2:00 PM,TCU Horned Frogs,Cincinnati Bearcats,0.58,0.42,71.3,73.6,144.9,140.5,-135.0,114.0,1.740741,2.14,2.14,1.7407407407407407,0.4672897196261683,0.574468085106383,0.448558885283451,0.551441114716549,0.58,0.42,2.380952380952381,1.7241379310344829,2.4166666666666665,1.75,141.0,-133.0,0.00962978,-0.1011999999999999,0.0285588852834509,-0.028558885283451,0.0130001984499305,0.0,0.9629780000000032,-10.119999999999996,2.8558885283450963,-2.855888528345102,home,-135.0,-135.0,0.00962978,0.0130001984499305,0.58,2.8558885283450963,0.0032500496124826,moneyline,ncaam,,,,,,,,,,,,,,,,,,,,,,,,,,,,,,,,,,,,,,,,,,,,,,,,,,,,,73.0,63.0,Win,0.7407407407407407,0.0024074441573945,NCAAM,HOME,0.00_to_0.0099,2_to_3pp,0.0_to_2.5pct,0.50_to_0.60,minus_149_to_minus_125,UNBUCKETED,UNBUCKETED,SAT,MAR
Basketball,NCAAM,NCAAM_2026_03_07_Saint_Josephs_Hawks_La_Salle_Explorers,2026_03_07,1:00 PM,Saint Josephs Hawks,La Salle Explorers,0.796,0.204,65.0,73.4,138.4,140.5,,,,,,,,,,,,,,,,,,,,,,,,,,,,,away,10.5,-118.0,0.0606633387906856,0.0715827082766175,0.5741204069541422,5.675635141382596,0.0178956770691543,spread,ncaam,-10.5,10.5,-102.0,-118.0,1.980392,1.847458,0.4258795930458577,0.5741204069541422,2.348081514890342,1.74179490554126,2.5828896663793763,1.915974396095386,158.0,-109.0,0.504950535045587,0.5412842944196837,0.4826359444596835,0.5173640555403163,-0.1565914609687277,0.0606633387906856,-0.0567563514138257,0.0567563514138259,0.0,0.0715827082766175,-15.659146096872778,6.066333879068564,-5.675635141382579,5.675635141382596,,,,,,,,,,,,,,,,,,,,,,,,,88.0,76.0,Loss,-1.0,-0.0178956770691543,NCAAM,AWAY,0.05_to_0.0749,5_to_7pp,5_to_10pct,0.50_to_0.60,minus_124_to_minus_110,10.0_to_11.9,UNBUCKETED,SAT,MAR
Basketball,NCAAM,NCAAM_2026_03_07_Ole_Miss_Rebels_South_Carolina_Gamecocks,2026_03_07,1:00 PM,Ole Miss Rebels,South Carolina Gamecocks,0.69,0.31,72.9,78.1,151.0,146.5,,,,,,,,,,,,,,,,,,,,,,,,,,,,,away,6.5,-105.0,0.0660948012105691,0.0693995378011205,0.5460485433993514,5.68828147365184,0.0173498844502801,spread,ncaam,-6.5,6.5,-115.0,-105.0,1.869565,1.952381,0.4539514566006486,0.5460485433993514,2.202878711940609,1.8313390120494328,2.42316658313467,2.014472913254376,142.0,101.0,0.5348837831260214,0.5121951094586559,0.510834271337167,0.489165728662833,-0.1513082450404084,0.0660948012105691,-0.0568828147365183,0.0568828147365184,0.0,0.0693995378011205,-15.130824504040842,6.60948012105691,-5.688281473651835,5.68828147365184,,,,,,,,,,,,,,,,,,,,,,,,,61.0,64.0,Win,0.9523809523809524,0.0165236994764572,NCAAM,AWAY,0.05_to_0.0749,5_to_7pp,5_to_10pct,0.50_to_0.60,minus_109_to_minus_101,6.0_to_6.9,UNBUCKETED,SAT,MAR
Basketball,NCAAM,NCAAM_2026_03_07_LIU_Sharks_Wagner_Seahawks,2026_03_07,2:00 PM,LIU Sharks,Wagner Seahawks,0.771,0.229,63.2,70.8,134.0,140.5,,,,,,,,,,,,,,,,,,,,,,,,,,,,,away,8.5,-110.0,0.0154774982113032,0.0170252463299089,0.5319167594479798,3.191675944797978,0.0042563115824772,spread,ncaam,-8.5,8.5,-110.0,-110.0,1.909091,1.909091,0.4680832405520202,0.5319167594479798,2.136372152142596,1.8799934054301928,2.350009367356856,2.067992745973212,135.0,106.0,0.5238094988662143,0.5238094988662143,0.5,0.5,-0.106386498211303,0.0154774982113032,-0.0319167594479797,0.0319167594479797,0.0,0.0170252463299089,-10.638649821130308,1.5477498211303289,-3.191675944797978,3.191675944797978,,,,,,,,,,,,,,,,,,,,,,,,,64.0,56.0,Win,0.9090909090909092,0.0038693741658883,NCAAM,AWAY,0.01_to_0.0199,3_to_5pp,0.0_to_2.5pct,0.50_to_0.60,minus_124_to_minus_110,8.0_to_8.9,UNBUCKETED,SAT,MAR
Basketball,NCAAM,NCAAM_2026_03_07_NC_State_Wolfpack_Stanford_Cardinal,2026_03_07,2:15 PM,NC State Wolfpack,Stanford Cardinal,0.76,0.24,72.4,79.8,152.2,152.5,,,,,,,,,,,,,,,,,,,,,,,,,,,,,away,8.5,-105.0,0.052311504338522,0.0549270768090943,0.5389888061492721,4.982307748643916,0.0137317692022735,spread,ncaam,-8.5,8.5,-115.0,-105.0,1.869565,1.952381,0.4610111938507278,0.5389888061492721,2.169144726502656,1.8553261006371464,2.3860591991529216,2.0408587107008613,138.0,104.0,0.5348837831260214,0.5121951094586559,0.510834271337167,0.489165728662833,-0.1381096073684641,0.052311504338522,-0.0498230774864391,0.0498230774864391,0.0,0.0549270768090943,-13.810960736846411,5.231150433852205,-4.982307748643916,4.982307748643916,,,,,,,,,,,,,,,,,,,,,,,,,84.0,85.0,Win,0.9523809523809524,0.0130778754307366,NCAAM,AWAY,0.05_to_0.0749,3_to_5pp,5_to_10pct,0.50_to_0.60,minus_109_to_minus_101,8.0_to_8.9,UNBUCKETED,SAT,MAR
Basketball,NCAAM,NCAAM_2026_03_07_Utah_State_Aggies_New_Mexico_Lobos,2026_03_07,4:00 PM,Utah State Aggies,New Mexico Lobos,0.71,0.29,73.1,78.8,151.9,157.5,,,,,,,,,,,,,,,,,,,,,,,,,,,,,away,7.5,-110.0,0.0760201219006779,0.0836221257285331,0.563629560822757,6.362956082275694,0.0209055314321332,spread,ncaam,-7.5,7.5,-110.0,-110.0,1.909091,1.909091,0.436370439177243,0.563629560822757,2.291630940641752,1.7742149622887988,2.5207940347059274,1.9516364585176789,152.0,-105.0,0.5238094988662143,0.5238094988662143,0.5,0.5,-0.166929121900678,0.0760201219006779,-0.063629560822757,0.0636295608227569,0.0,0.0836221257285331,-16.692912190067798,7.602012190067797,-6.3629560822757005,6.362956082275694,,,,,,,,,,,,,,,,,,,,,,,,,94.0,90.0,Win,0.9090909090909092,0.0190050285746665,NCAAM,AWAY,0.075_to_0.0999,5_to_7pp,5_to_10pct,0.50_to_0.60,minus_124_to_minus_110,7.0_to_7.9,UNBUCKETED,SAT,MAR
Basketball,NCAAM,NCAAM_2026_03_07_Syracuse_Orange_Pitt_Panthers,2026_03_07,4:30 PM,Syracuse Orange,Pitt Panthers,0.709,0.291,68.2,73.8,142.0,141.5,,,,,,,,,,,,,,,,,,,,,,,,,,,,,away,6.5,-108.0,0.0244323168566098,0.0263869000941866,0.5319167594479798,3.624654199912236,0.0065967250235466,spread,ncaam,-6.5,6.5,-112.0,-108.0,1.892857,1.925926,0.4680832405520202,0.5319167594479798,2.136372152142596,1.8799934054301928,2.350009367356856,2.067992745973212,135.0,106.0,0.5283019266642963,0.5192307492603558,0.5043297825511426,0.4956702174488574,-0.1139853615384246,0.0244323168566098,-0.0362465419991223,0.0362465419991223,0.0,0.0263869000941866,-11.398536153842464,2.443231685660985,-3.624654199912236,3.624654199912236,,,,,,,,,,,,,,,,,,,,,,,,,69.0,71.0,Win,0.925925925925926,0.0061080787255061,NCAAM,AWAY,0.02_to_0.0299,3_to_5pp,2.5_to_5pct,0.50_to_0.60,minus_109_to_minus_101,6.0_to_6.9,UNBUCKETED,SAT,MAR
Basketball,NCAAM,NCAAM_2026_03_07_San_Jose_State_Spartans_Wyoming_Cowboys,2026_03_07,5:00 PM,San Jose State Spartans,Wyoming Cowboys,0.246,0.754,76.8,68.4,145.2,148.5,,,,,,,,,,,,,,,,,,,,,,,,,,,,,away,-6.5,-112.0,0.073499519727924,0.0823194752663909,0.567131864545459,6.280208199431647,0.0205798688165977,spread,ncaam,6.5,-6.5,-108.0,-112.0,1.925926,1.892857,0.4328681354545409,0.567131864545459,2.31017235525995,1.7632583575628802,2.541189590785945,1.9395841933191684,154.0,-106.0,0.5192307492603558,0.5283019266642963,0.4956702174488574,0.5043297825511426,-0.1663280033565778,0.073499519727924,-0.0628020819943165,0.0628020819943164,0.0,0.0823194752663909,-16.632800335657784,7.349951972792401,-6.2802081994316525,6.280208199431647,,,,,,,,,,,,,,,,,,,,,,,,,78.0,88.0,Win,0.8928571428571428,0.0183748828719622,NCAAM,AWAY,0.05_to_0.0749,5_to_7pp,5_to_10pct,0.50_to_0.60,minus_124_to_minus_110,6.0_to_6.9,UNBUCKETED,SAT,MAR
Basketball,NCAAM,NCAAM_2026_03_07_Cal_Poly_Mustangs_California_State_Bakersfield_Roadrunners,2026_03_07,7:00 PM,Cal Poly Mustangs,California State Bakersfield Roadrunners,0.756,0.244,78.3,85.7,164.0,172.5,,,,,,,,,,,,,,,,,,,,,,,,,,,,,away,9.5,-110.0,0.0960481018324903,0.1056529014504493,0.5741204069541422,7.412040695414223,0.0264132253626123,spread,ncaam,-9.5,9.5,-110.0,-110.0,1.909091,1.909091,0.4258795930458577,0.5741204069541422,2.348081514890342,1.74179490554126,2.5828896663793763,1.915974396095386,158.0,-109.0,0.5238094988662143,0.5238094988662143,0.5,0.5,-0.1869571018324903,0.0960481018324903,-0.0741204069541422,0.0741204069541422,0.0,0.1056529014504493,-18.69571018324904,9.604810183249036,-7.412040695414229,7.412040695414223,,,,,,,,,,,,,,,,,,,,,,,,,108.0,76.0,Loss,-1.0,-0.0264132253626123,NCAAM,AWAY,0.075_to_0.0999,7_to_10pp,10_to_20pct,0.50_to_0.60,minus_124_to_minus_110,9.0_to_9.9,UNBUCKETED,SAT,MAR
Basketball,NCAAM,NCAAM_2026_03_07_Southern_Utah_Thunderbirds_California_Baptist_Lancers,2026_03_07,8:30 PM,Southern Utah Thunderbirds,California Baptist Lancers,0.256,0.744,76.5,68.3,144.8,147.5,,,,,,,,,,,,,,,,,,,,,,,,,,,,,away,-6.5,-108.0,0.0787540264703321,0.0850543417836112,0.5601222614318162,6.445204398295878,0.0212635854459028,spread,ncaam,6.5,-6.5,-112.0,-108.0,1.892857,1.925926,0.4398777385681838,0.5601222614318162,2.273358963913546,1.7853245065528076,2.500694860304901,1.9638569572080888,150.0,-103.0,0.5283019266642963,0.5192307492603558,0.5043297825511426,0.4956702174488574,-0.1673743434070432,0.0787540264703321,-0.0644520439829587,0.0644520439829587,0.0,0.0850543417836112,-16.737434340704326,7.875402647033214,-6.445204398295878,6.445204398295878,,,,,,,,,,,,,,,,,,,,,,,,,75.0,82.0,Win,0.925925925925926,0.0196885050425025,NCAAM,AWAY,0.075_to_0.0999,5_to_7pp,5_to_10pct,0.50_to_0.60,minus_109_to_minus_101,6.0_to_6.9,UNBUCKETED,SAT,MAR
Basketball,NCAAM,NCAAM_2026_03_07_Texas_Longhorns_Oklahoma_Sooners,2026_03_07,8:30 PM,Texas Longhorns,Oklahoma Sooners,0.717,0.283,79.1,85.0,164.1,154.5,,,,,,,,,,,,,,,,,,,,,,,,,,,,,away,7.5,-108.0,0.0719901280111947,0.0777493320321437,0.5566102373669574,6.094001991809995,0.0194373330080359,spread,ncaam,-7.5,7.5,-112.0,-108.0,1.892857,1.925926,0.4433897626330426,0.5566102373669574,2.2553520272131724,1.796589305885742,2.4808872299344897,1.9762482364743164,148.0,-102.0,0.5283019266642963,0.5192307492603558,0.5043297825511426,0.4956702174488574,-0.1607265840717069,0.0719901280111947,-0.0609400199181,0.0609400199180999,0.0,0.0777493320321437,-16.072658407170692,7.199012801119475,-6.09400199181,6.094001991809995,,,,,,,,,,,,,,,,,,,,,,,,,85.0,88.0,Win,0.925925925925926,0.0179975305629962,NCAAM,AWAY,0.05_to_0.0749,5_to_7pp,5_to_10pct,0.50_to_0.60,minus_109_to_minus_101,7.0_to_7.9,UNBUCKETED,SAT,MAR
Basketball,NCAAM,NCAAM_2026_03_07_Idaho_Vandals_Sacramento_State_Hornets,2026_03_07,10:00 PM,Idaho Vandals,Sacramento State Hornets,0.708,0.292,76.9,82.3,159.2,158.5,,,,,,,,,,,,,,,,,,,,,,,,,,,,,away,6.5,-105.0,0.052311504338522,0.0549270768090943,0.5389888061492721,4.982307748643916,0.0137317692022735,spread,ncaam,-6.5,6.5,-115.0,-105.0,1.869565,1.952381,0.4610111938507278,0.5389888061492721,2.169144726502656,1.8553261006371464,2.3860591991529216,2.0408587107008613,138.0,104.0,0.5348837831260214,0.5121951094586559,0.510834271337167,0.489165728662833,-0.1381096073684641,0.052311504338522,-0.0498230774864391,0.0498230774864391,0.0,0.0549270768090943,-13.810960736846411,5.231150433852205,-4.982307748643916,4.982307748643916,,,,,,,,,,,,,,,,,,,,,,,,,68.0,45.0,Loss,-1.0,-0.0137317692022735,NCAAM,AWAY,0.05_to_0.0749,3_to_5pp,5_to_10pct,0.50_to_0.60,minus_109_to_minus_101,6.0_to_6.9,UNBUCKETED,SAT,MAR
Basketball,NCAAM,NCAAM_2026_03_07_Loyola_Chicago_Ramblers_George_Washington_Colonials,2026_03_07,2:00 PM,Loyola Chicago Ramblers,George Washington Colonials,0.191,0.809,79.8,70.0,149.8,151.5,,,,,,,,,,,,,,,,,,,,,,,,,,,,,under,151.5,-108.0,0.0364395709456952,0.0393547334729722,0.5381512949852151,4.248107753635766,0.009838683368243,total,ncaam,,,,,,,,,,,,,,,,,,,,,,,,,,,,,-112.0,-108.0,1.892857,1.925926,0.4618487050147849,0.5381512949852151,2.165211224242769,1.858213497428216,2.230167560970052,1.9139599023510625,0.5283019266642963,0.5192307492603558,0.5043297825511426,0.4956702174488574,-0.1257864457718293,0.0364395709456952,-0.0424810775363576,0.0424810775363576,0.0,0.0393547334729722,-12.57864457718293,3.643957094569528,-4.248107753635766,4.248107753635766,68.0,62.0,Win,0.925925925925926,0.0091098920076324,NCAAM,UNDER,0.03_to_0.0399,3_to_5pp,2.5_to_5pct,0.50_to_0.60,minus_109_to_minus_101,UNBUCKETED,150_to_154.9,SAT,MAR
Basketball,NCAAM,NCAAM_2026_03_07_Wofford_Terriers_UNC_Greensboro_Spartans,2026_03_07,2:30 PM,Wofford Terriers,UNC Greensboro Spartans,0.646,0.354,75.3,79.5,154.8,156.5,,,,,,,,,,,,,,,,,,,,,,,,,,,,,under,156.5,-110.0,0.0273797938946191,0.0301177702723042,0.5381512949852151,3.815129498521508,0.007529442568076,total,ncaam,,,,,,,,,,,,,,,,,,,,,,,,,,,,,-110.0,-110.0,1.909091,1.909091,0.4618487050147849,0.5381512949852151,2.165211224242769,1.858213497428216,2.230167560970052,1.9139599023510625,0.5238094988662143,0.5238094988662143,0.5,0.5,-0.1182887938946192,0.0273797938946191,-0.038151294985215,0.038151294985215,0.0,0.0301177702723042,-11.82887938946192,2.73797938946192,-3.815129498521508,3.815129498521508,72.0,75.0,Win,0.9090909090909092,0.00684494778916,NCAAM,UNDER,0.02_to_0.0299,3_to_5pp,2.5_to_5pct,0.50_to_0.60,minus_124_to_minus_110,UNBUCKETED,155_to_159.9,SAT,MAR
Basketball,NCAAM,NCAAM_2026_03_07_Cal_State_Northridge_Matadors_Cal_State_Fullerton_Titans,2026_03_07,8:00 PM,Cal State Northridge Matadors,Cal State Fullerton Titans,0.652,0.348,82.4,86.7,169.1,170.5,,,,,,,,,,,,,,,,,,,,,,,,,,,,,under,170.5,-108.0,0.0235028646068173,0.0253830917447155,0.5314341592599183,3.57639418110609,0.0063457729361788,total,ncaam,,,,,,,,,,,,,,,,,,,,,,,,,,,,,-112.0,-108.0,1.892857,1.925926,0.4685658407400817,0.5314341592599183,2.134171791995205,1.881700644521256,2.1981969457550616,1.9381516638568936,0.5283019266642963,0.5192307492603558,0.5043297825511426,0.4956702174488574,-0.1130718683942512,0.0235028646068173,-0.0357639418110609,0.0357639418110609,0.0,0.0253830917447155,-11.30718683942512,2.350286460681738,-3.57639418110609,3.57639418110609,77.0,90.0,Win,0.925925925925926,0.005875715681647,NCAAM,UNDER,0.02_to_0.0299,3_to_5pp,2.5_to_5pct,0.50_to_0.60,minus_109_to_minus_101,UNBUCKETED,170_to_174.9,SAT,MAR
Basketball,NCAAM,NCAAM_2026_03_07_USC_Trojans_UCLA_Bruins,2026_03_07,10:00 PM,USC Trojans,UCLA Bruins,0.346,0.654,77.3,71.7,149.0,150.5,,,,,,,,,,,,,,,,,,,,,,,,,,,,,under,150.5,-105.0,0.0419355524461741,0.0440323278668664,0.5336742943340332,4.450856567120026,0.0110080819667166,total,ncaam,,,,,,,,,,,,,,,,,,,,,,,,,,,,,-115.0,-105.0,1.869565,1.952381,0.4663257056659667,0.5336742943340332,2.1444239248443,1.873802074817731,2.208756642589629,1.930016137062263,0.5348837831260214,0.5121951094586559,0.510834271337167,0.489165728662833,-0.128173782086607,0.0419355524461741,-0.0445085656712002,0.0445085656712002,0.0,0.0440323278668664,-12.8173782086607,4.19355524461742,-4.450856567120026,4.450856567120026,68.0,89.0,Loss,-1.0,-0.0110080819667166,NCAAM,UNDER,0.04_to_0.0499,3_to_5pp,2.5_to_5pct,0.50_to_0.60,minus_109_to_minus_101,UNBUCKETED,150_to_154.9,SAT,MAR
Basketball,NCAAM,NCAAM_2026_03_08_UAB_Blazers_East_Carolina_Pirates,2026_03_08,3:00 PM,UAB Blazers,East Carolina Pirates,0.795,0.205,71.1,79.4,150.5,148.5,,,,,,,,,,,,,,,,,,,,,,,,,,,,,away,10.5,-112.0,0.0933257681459998,0.1045248770475001,0.5776061097832534,7.327632723211086,0.026131219261875,spread,ncaam,-10.5,10.5,-108.0,-112.0,1.925926,1.892857,0.4223938902167465,0.5776061097832534,2.3674584864067554,1.7312836257484356,2.604204335047432,1.9044119883232795,160.0,-110.0,0.5192307492603558,0.5283019266642963,0.4956702174488574,0.5043297825511426,-0.1865006245904222,0.0933257681459998,-0.0732763272321109,0.0732763272321108,0.0,0.1045248770475001,-18.65006245904223,9.33257681459998,-7.327632723211091,7.327632723211086,,,,,,,,,,,,,,,,,,,,,,,,,90.0,83.0,Win,0.8928571428571428,0.0233314457695312,NCAAM,AWAY,0.075_to_0.0999,7_to_10pp,10_to_20pct,0.50_to_0.60,minus_124_to_minus_110,10.0_to_11.9,UNBUCKETED,SUN,MAR
Basketball,NCAAM,NCAAM_2026_03_08_Navy_Midshipmen_Boston_University_Terriers,2026_03_08,2:00 PM,Navy Midshipmen,Boston University Terriers,0.756,0.244,64.3,71.6,135.9,137.5,,,,,,,,,,,,,,,,,,,,,,,,,,,,,under,137.5,-108.0,0.0321294797135627,0.0346998353146609,0.5359133630853744,4.024314563651698,0.0086749588286652,total,ncaam,,,,,,,,,,,,,,,,,,,,,,,,,,,,,-112.0,-108.0,1.892857,1.925926,0.4640866369146256,0.5359133630853744,2.1547700805355494,1.8659732503081727,2.219413182951616,1.921952447817418,0.5283019266642963,0.5192307492603558,0.5043297825511426,0.4956702174488574,-0.1215503607096925,0.0321294797135627,-0.0402431456365169,0.0402431456365169,0.0,0.0346998353146609,-12.155036070969247,3.2129479713562725,-4.024314563651698,4.024314563651698,72.0,73.0,Loss,-1.0,-0.0086749588286652,NCAAM,UNDER,0.03_to_0.0399,3_to_5pp,2.5_to_5pct,0.50_to_0.60,minus_109_to_minus_101,UNBUCKETED,135_to_139.9,SUN,MAR
Basketball,NCAAM,NCAAM_2026_03_09_East_Tennessee_State_Buccaneers_Furman_Paladins,2026_03_09,7:00 PM,East Tennessee State Buccaneers,Furman Paladins,0.599,0.401,71.1,73.9,145.0,139.5,-142.0,120.0,1.704225,2.2,2.2,1.704225352112676,0.4545454545454545,0.5867768595041323,0.4365079365079364,0.5634920634920635,0.599,0.401,2.4937655860349124,1.669449081803005,2.531172069825436,1.69449081803005,153.0,-143.0,0.020830775,-0.1177999999999999,0.0355079365079364,-0.0355079365079363,0.0295797152898576,0.0,2.083077500000008,-11.77999999999999,3.550793650793649,-3.5507936507936377,home,-142.0,-142.0,0.020830775,0.0295797152898576,0.599,3.550793650793649,0.0073949288224644,moneyline,ncaam,,,,,,,,,,,,,,,,,,,,,,,,,,,,,,,,,,,,,,,,,,,,,,,,,,,,,61.0,76.0,Loss,-1.0,-0.0073949288224644,NCAAM,HOME,0.02_to_0.0299,3_to_5pp,2.5_to_5pct,0.50_to_0.60,minus_149_to_minus_125,UNBUCKETED,UNBUCKETED,MON,MAR
Basketball,NCAAM,NCAAM_2026_03_09_Wright_State_Raiders_Northern_Kentucky_Norse,2026_03_09,7:00 PM,Wright State Raiders,Northern Kentucky Norse,0.539,0.461,77.8,78.9,156.7,158.5,,,,,,,,,,,,,,,,,,,,,,,,,,,,,under,158.5,-110.0,0.0316499047506015,0.0348148917441726,0.5403880196127904,4.038801961279037,0.0087037229360431,total,ncaam,,,,,,,,,,,,,,,,,,,,,,,,,,,,,-110.0,-110.0,1.909091,1.909091,0.4596119803872096,0.5403880196127904,2.175748332664282,1.850522150207068,2.2410207826442106,1.90603781471328,0.5238094988662143,0.5238094988662143,0.5,0.5,-0.1225589047506016,0.0316499047506015,-0.0403880196127904,0.0403880196127903,0.0,0.0348148917441726,-12.25589047506016,3.1649904750601587,-4.0388019612790425,4.038801961279037,103.0,90.0,Loss,-1.0,-0.0087037229360431,NCAAM,UNDER,0.03_to_0.0399,3_to_5pp,2.5_to_5pct,0.50_to_0.60,minus_124_to_minus_110,UNBUCKETED,155_to_159.9,MON,MAR
Basketball,NCAAM,NCAAM_2026_03_10_FIU_Golden_Panthers_Missouri_State_Bears,2026_03_10,6:30 PM,FIU Golden Panthers,Missouri State Bears,0.537,0.463,75.4,76.3,151.7,152.5,-112.0,-108.0,1.892857,1.925926,1.925925925925926,1.8928571428571428,0.5192307692307692,0.5283018867924528,0.4956702459300312,0.5043297540699689,0.537,0.463,2.159827213822894,1.8621973929236493,2.192224622030237,1.8901303538175045,119.0,-112.0,0.016464209,-0.1082962619999999,0.032670245930031,-0.0326702459300311,0.0184399170303867,0.0,1.6464209000000007,-10.829626199999998,3.267024593003109,-3.267024593003115,home,-112.0,-112.0,0.016464209,0.0184399170303867,0.537,3.267024593003109,0.0046099792575966,moneyline,ncaam,,,,,,,,,,,,,,,,,,,,,,,,,,,,,,,,,,,,,,,,,,,,,,,,,,,,,72.0,75.0,Loss,-1.0,-0.0046099792575966,NCAAM,HOME,0.01_to_0.0199,3_to_5pp,0.0_to_2.5pct,0.50_to_0.60,minus_124_to_minus_110,UNBUCKETED,UNBUCKETED,TUE,MAR
Basketball,NCAAM,NCAAM_2026_03_10_UMBC_Retrievers_UMass_Lowell_River_Hawks,2026_03_10,6:00 PM,UMBC Retrievers,UMass Lowell River Hawks,0.764,0.236,68.0,75.6,143.6,146.5,,,,,,,,,,,,,,,,,,,,,,,,,,,,,home,-6.5,-112.0,0.0202287346412917,0.0226561864232366,0.5389888061492716,3.4659023598129,0.0056640466058091,spread,ncaam,-6.5,6.5,-112.0,-108.0,1.892857,1.925926,0.5389888061492716,0.4610111938507284,1.8553261006371489,2.1691447265026533,2.040858710700864,2.386059199152919,104.0,138.0,0.5283019266642963,0.5192307492603558,0.5043297825511426,0.4956702174488574,0.0202287346412917,-0.112126555471842,0.034659023598129,-0.034659023598129,0.0226561864232366,0.0,2.0228734641291712,-11.212655547184202,3.4659023598129,-3.4659023598129,,,,,,,,,,,,,,,,,,,,,,,,,91.0,69.0,Win,0.8928571428571428,0.0050571844694724,NCAAM,HOME,0.02_to_0.0299,3_to_5pp,0.0_to_2.5pct,0.50_to_0.60,minus_124_to_minus_110,6.0_to_6.9,UNBUCKETED,TUE,MAR
Basketball,NCAAM,NCAAM_2026_03_11_Lehigh_Mountain_Hawks_Boston_University_Terriers,2026_03_11,7:00 PM,Lehigh Mountain Hawks,Boston University Terriers,0.501,0.499,69.5,68.8,138.3,139.5,105.0,-125.0,2.05,1.8,1.8,2.05,0.5555555555555556,0.4878048780487805,0.5324675324675325,0.4675324675324676,0.501,0.499,2.004008016032064,1.996007984031936,2.034068136272545,2.0259481037924147,103.0,102.0,0.02705,-0.1018,0.0334675324675324,-0.0334675324675325,0.0257619047619046,0.0,2.705000000000002,-10.18,3.3467532467532424,-3.346753246753253,home,105.0,105.0,0.02705,0.0257619047619046,0.501,3.3467532467532424,0.0064404761904761,moneyline,ncaam,,,,,,,,,,,,,,,,,,,,,,,,,,,,,,,,,,,,,,,,,,,,,,,,,,,,,74.0,60.0,Win,1.0499999999999998,0.0067624999999999,NCAAM,HOME,0.02_to_0.0299,3_to_5pp,2.5_to_5pct,0.50_to_0.60,plus_101_to_plus_125,UNBUCKETED,UNBUCKETED,WED,MAR
Basketball,NCAAM,NCAAM_2026_03_11_DePaul_Blue_Demons_Georgetown_Hoyas,2026_03_11,9:00 PM,DePaul Blue Demons,Georgetown Hoyas,0.559,0.441,70.8,72.4,143.2,131.5,-122.0,102.0,1.819672,2.02,2.02,1.819672131147541,0.495049504950495,0.5495495495495495,0.4739134147382802,0.5260865852617197,0.559,0.441,2.2675736961451247,1.7889087656529514,2.3015873015873014,1.815742397137745,130.0,-122.0,0.017196648,-0.1091799999999999,0.0329134147382803,-0.0329134147382801,0.0209799139167863,0.0,1.7196648000000092,-10.917999999999994,3.2913414738280355,-3.2913414738280187,home,-122.0,-122.0,0.017196648,0.0209799139167863,0.559,3.2913414738280355,0.0052449784791965,moneyline,ncaam,,,,,,,,,,,,,,,,,,,,,,,,,,,,,,,,,,,,,,,,,,,,,,,,,,,,,56.0,63.0,Loss,-1.0,-0.0052449784791965,NCAAM,HOME,0.01_to_0.0199,3_to_5pp,0.0_to_2.5pct,0.50_to_0.60,minus_124_to_minus_110,UNBUCKETED,UNBUCKETED,WED,MAR
Basketball,NCAAM,NCAAM_2026_03_11_Iowa_Hawkeyes_Maryland_Terrapins,2026_03_11,12:00 PM,Iowa Hawkeyes,Maryland Terrapins,0.849,0.151,65.6,75.8,141.4,137.5,,,,,,,,,,,,,,,,,,,,,,,,,,,,,away,11.5,-108.0,0.0516490869949384,0.0557810094920527,0.5460485433993509,5.037832595049352,0.0139452523730131,spread,ncaam,-11.5,11.5,-112.0,-108.0,1.892857,1.925926,0.453951456600649,0.5460485433993509,2.2028787119406066,1.8313390120494344,2.423166583134668,2.014472913254378,142.0,101.0,0.5283019266642963,0.5192307492603558,0.5043297825511426,0.4956702174488574,-0.1407348077132653,0.0516490869949384,-0.0503783259504935,0.0503783259504935,0.0,0.0557810094920527,-14.07348077132653,5.164908699493842,-5.037832595049357,5.037832595049352,,,,,,,,,,,,,,,,,,,,,,,,,75.0,64.0,Win,0.925925925925926,0.0129122707157528,NCAAM,AWAY,0.05_to_0.0749,5_to_7pp,5_to_10pct,0.50_to_0.60,minus_109_to_minus_101,10.0_to_11.9,UNBUCKETED,WED,MAR
Basketball,NCAAM,NCAAM_2026_03_12_George_Mason_Patriots_Saint_Bonaventure_Bonnies,2026_03_12,2:00 PM,George Mason Patriots,Saint Bonaventure Bonnies,0.664,0.336,68.8,73.3,142.1,143.5,,,,,,,,,,,,,,,,,,,,,,,,,,,,,home,-3.5,-110.0,0.0222307613842629,0.0244538350773057,0.5354541828463195,3.5454182846319515,0.0061134587693264,spread,ncaam,-3.5,3.5,-110.0,-110.0,1.909091,1.909091,0.5354541828463195,0.4645458171536805,1.867573420912111,2.1526401983922745,2.0543307630033225,2.367904218231502,105.0,136.0,0.5238094988662143,0.5238094988662143,0.5,0.5,0.0222307613842629,-0.1131397613842629,0.0354541828463195,-0.0354541828463195,0.0244538350773057,0.0,2.2230761384262943,-11.313976138426296,3.5454182846319515,-3.5454182846319515,,,,,,,,,,,,,,,,,,,,,,,,,57.0,63.0,Loss,-1.0,-0.0061134587693264,NCAAM,HOME,0.02_to_0.0299,3_to_5pp,0.0_to_2.5pct,0.50_to_0.60,minus_124_to_minus_110,3.0_to_3.9,UNBUCKETED,THU,MAR
Basketball,NCAAM,NCAAM_2026_03_12_Norfolk_State_Spartans_South_Carolina_State_Bulldogs,2026_03_12,6:00 PM,Norfolk State Spartans,South Carolina State Bulldogs,0.727,0.273,68.3,74.8,143.1,144.5,,,,,,,,,,,,,,,,,,,,,,,,,,,,,away,7.5,-112.0,0.0135381981799358,0.0151627843875736,0.5354541828463195,3.112440029517693,0.0037906960968934,spread,ncaam,-7.5,7.5,-108.0,-112.0,1.925926,1.892857,0.4645458171536805,0.5354541828463195,2.1526401983922745,1.867573420912111,2.367904218231502,2.0543307630033225,136.0,105.0,0.5192307492603558,0.5283019266642963,0.4956702174488574,0.5043297825511426,-0.1053191325524807,0.0135381981799358,-0.0311244002951769,0.0311244002951769,0.0,0.0151627843875736,-10.531913255248073,1.3538198179935843,-3.112440029517693,3.112440029517693,,,,,,,,,,,,,,,,,,,,,,,,,82.0,88.0,Win,0.8928571428571428,0.0033845500865119,NCAAM,AWAY,0.01_to_0.0199,3_to_5pp,0.0_to_2.5pct,0.50_to_0.60,minus_124_to_minus_110,7.0_to_7.9,UNBUCKETED,THU,MAR
Basketball,NCAAM,NCAAM_2026_03_13_Dayton_Flyers_Saint_Bonaventure_Bonnies,2026_03_13,2:00 PM,Dayton Flyers,Saint Bonaventure Bonnies,0.712,0.288,69.7,75.5,145.2,140.5,,,,,,,,,,,,,,,,,,,,,,,,,,,,,away,6.5,-105.0,0.0246771508024459,0.0259110070470178,0.5248346254150424,3.5668896752209465,0.0064777517617544,spread,ncaam,-6.5,6.5,-115.0,-105.0,1.869565,1.952381,0.4751653745849575,0.5248346254150424,2.104530450842445,1.9053620923146863,2.3149834959266897,2.095898301546155,131.0,109.0,0.5348837831260214,0.5121951094586559,0.510834271337167,0.489165728662833,-0.1116474464640739,0.0246771508024459,-0.0356688967522094,0.0356688967522094,0.0,0.0259110070470178,-11.1647446464074,2.4677150802445924,-3.5668896752209465,3.5668896752209465,,,,,,,,,,,,,,,,,,,,,,,,,68.0,63.0,Win,0.9523809523809524,0.006169287392147,NCAAM,AWAY,0.02_to_0.0299,3_to_5pp,2.5_to_5pct,0.50_to_0.60,minus_109_to_minus_101,6.0_to_6.9,UNBUCKETED,FRI,MAR
Basketball,NCAAM,NCAAM_2026_03_13_Tulsa_Golden_Hurricane_North_Texas_Mean_Green,2026_03_13,3:30 PM,Tulsa Golden Hurricane,North Texas Mean Green,0.719,0.281,68.3,74.5,142.8,142.5,,,,,,,,,,,,,,,,,,,,,,,,,,,,,away,7.5,-108.0,0.0516490869949384,0.0557810094920527,0.5460485433993509,5.037832595049352,0.0139452523730131,spread,ncaam,-7.5,7.5,-112.0,-108.0,1.892857,1.925926,0.453951456600649,0.5460485433993509,2.2028787119406066,1.8313390120494344,2.423166583134668,2.014472913254378,142.0,101.0,0.5283019266642963,0.5192307492603558,0.5043297825511426,0.4956702174488574,-0.1407348077132653,0.0516490869949384,-0.0503783259504935,0.0503783259504935,0.0,0.0557810094920527,-14.07348077132653,5.164908699493842,-5.037832595049357,5.037832595049352,,,,,,,,,,,,,,,,,,,,,,,,,90.0,84.0,Win,0.925925925925926,0.0129122707157528,NCAAM,AWAY,0.05_to_0.0749,5_to_7pp,5_to_10pct,0.50_to_0.60,minus_109_to_minus_101,7.0_to_7.9,UNBUCKETED,FRI,MAR
Basketball,NCAAM,NCAAM_2026_03_13_Alabama_Crimson_Tide_Ole_Miss_Rebels,2026_03_13,7:00 PM,Alabama Crimson Tide,Ole Miss Rebels,0.833,0.167,80.6,90.1,170.7,163.5,,,,,,,,,,,,,,,,,,,,,,,,,,,,,away,10.5,-112.0,0.0135381981799358,0.0151627843875736,0.5354541828463195,3.112440029517693,0.0037906960968934,spread,ncaam,-10.5,10.5,-108.0,-112.0,1.925926,1.892857,0.4645458171536805,0.5354541828463195,2.1526401983922745,1.867573420912111,2.367904218231502,2.0543307630033225,136.0,105.0,0.5192307492603558,0.5283019266642963,0.4956702174488574,0.5043297825511426,-0.1053191325524807,0.0135381981799358,-0.0311244002951769,0.0311244002951769,0.0,0.0151627843875736,-10.531913255248073,1.3538198179935843,-3.112440029517693,3.112440029517693,,,,,,,,,,,,,,,,,,,,,,,,,79.0,80.0,Win,0.8928571428571428,0.0033845500865119,NCAAM,AWAY,0.01_to_0.0199,3_to_5pp,0.0_to_2.5pct,0.50_to_0.60,minus_124_to_minus_110,10.0_to_11.9,UNBUCKETED,FRI,MAR
Basketball,NCAAM,NCAAM_2026_03_13_Duke_Blue_Devils_Clemson_Tigers,2026_03_13,9:30 PM,Duke Blue Devils,Clemson Tigers,0.837,0.163,66.4,76.1,142.5,134.5,,,,,,,,,,,,,,,,,,,,,,,,,,,,,away,11.5,-112.0,0.0668701596102823,0.0748945907466507,0.5636295608227575,5.929977827161492,0.0187236476866626,spread,ncaam,-11.5,11.5,-108.0,-112.0,1.925926,1.892857,0.4363704391772425,0.5636295608227575,2.291630940641755,1.774214962288797,2.520794034705931,1.9516364585176769,152.0,-105.0,0.5192307492603558,0.5283019266642963,0.4956702174488574,0.5043297825511426,-0.1595828255571301,0.0668701596102823,-0.0592997782716149,0.0592997782716149,0.0,0.0748945907466507,-15.95828255571301,6.687015961028231,-5.929977827161492,5.929977827161492,,,,,,,,,,,,,,,,,,,,,,,,,73.0,61.0,Loss,-1.0,-0.0187236476866626,NCAAM,AWAY,0.05_to_0.0749,5_to_7pp,5_to_10pct,0.50_to_0.60,minus_124_to_minus_110,10.0_to_11.9,UNBUCKETED,FRI,MAR
Basketball,NCAAM,NCAAM_2026_03_13_California_Baptist_Lancers_Utah_Tech_Trailblazers,2026_03_13,11:30 PM,California Baptist Lancers,Utah Tech Trailblazers,0.704,0.296,68.6,73.9,142.5,137.5,,,,,,,,,,,,,,,,,,,,,,,,,,,,,away,6.5,-115.0,0.0142770617134473,0.0164186250751207,0.5425203519072337,3.168608057006672,0.0041046562687801,spread,ncaam,-6.5,6.5,-105.0,-115.0,1.952381,1.869565,0.4574796480927663,0.5425203519072337,2.1858895891194337,1.843248822803594,2.4044785480313773,2.0275737050839533,140.0,102.0,0.5121951094586559,0.5348837831260214,0.489165728662833,0.510834271337167,-0.1068254271769968,0.0142770617134473,-0.0316860805700666,0.0316860805700667,0.0,0.0164186250751207,-10.682542717699684,1.4277061713447337,-3.168608057006667,3.168608057006672,,,,,,,,,,,,,,,,,,,,,,,,,86.0,72.0,Loss,-1.0,-0.0041046562687801,NCAAM,AWAY,0.01_to_0.0199,3_to_5pp,0.0_to_2.5pct,0.50_to_0.60,minus_124_to_minus_110,6.0_to_6.9,UNBUCKETED,FRI,MAR
Basketball,NCAAM,NCAAM_2026_03_14_Utah_Valley_Wolverines_California_Baptist_Lancers,2026_03_14,12:00 AM,Utah Valley Wolverines,California Baptist Lancers,0.556,0.444,62.7,60.1,122.8,138.5,-125.0,105.0,1.8,2.05,2.05,1.8,0.4878048780487805,0.5555555555555556,0.4675324675324676,0.5324675324675325,0.556,0.444,2.2522522522522523,1.7985611510791366,2.286036036036036,1.8255395683453235,128.0,-121.0,0.0008000000000001,-0.0898000000000001,0.0235324675324675,-0.0235324675324675,0.0010000000000001,0.0,0.0800000000000134,-8.980000000000011,2.353246753246752,-2.353246753246757,home,-125.0,-125.0,0.0008000000000001,0.0010000000000001,0.556,2.353246753246752,0.00025,moneyline,ncaam,,,,,,,,,,,,,,,,,,,,,,,,,,,,,,,,,,,,,,,,,,,,,,,,,,,,,61.0,63.0,Loss,-1.0,-0.00025,NCAAM,HOME,0.00_to_0.0099,2_to_3pp,0.0_to_2.5pct,0.50_to_0.60,minus_149_to_minus_125,UNBUCKETED,UNBUCKETED,SAT,MAR
Basketball,NCAAM,NCAAM_2026_03_14_UMBC_Retrievers_Vermont_Catamounts,2026_03_14,11:00 AM,UMBC Retrievers,Vermont Catamounts,0.574,0.426,58.7,73.1,131.8,136.5,,,,,,,,,,,,,,,,,,,,,,,,,,,,,home,-3.5,-110.0,0.59212163730832,0.6513337359057785,0.8339684369725278,33.39684369725278,0.05,spread,ncaam,-3.5,3.5,-110.0,-110.0,1.909091,1.909091,0.8339684369725278,0.1660315630274722,1.1990861472290246,6.022951189314143,1.318994761951927,6.625246308245558,-313.0,562.0,0.5238094988662143,0.5238094988662143,0.5,0.5,0.59212163730832,-0.68303063730832,0.3339684369725277,-0.3339684369725277,0.6513337359057785,0.0,59.212163730832,-68.30306373083201,33.39684369725278,-33.39684369725278,,,,,,,,,,,,,,,,,,,,,,,,,74.0,59.0,Win,0.9090909090909092,0.0454545454545454,NCAAM,HOME,0.10_plus,10pp_plus,20pct_plus,0.80_to_0.90,minus_124_to_minus_110,3.0_to_3.9,UNBUCKETED,SAT,MAR
Basketball,NCAAM,NCAAM_2026_03_14_Yale_Bulldogs_Cornell_Big_Red,2026_03_14,11:00 AM,Yale Bulldogs,Cornell Big Red,0.659,0.341,75.7,87.1,162.8,163.5,,,,,,,,,,,,,,,,,,,,,,,,,,,,,home,-4.5,-105.0,0.4260141657599761,0.4473148516822323,0.7303974817210248,24.123175305819185,0.05,spread,ncaam,-4.5,4.5,-105.0,-115.0,1.952381,1.869565,0.7303974817210248,0.2696025182789752,1.3691175353503613,3.7091641665054302,1.5060292888853974,4.080080583155974,-197.0,308.0,0.5121951094586559,0.5348837831260214,0.489165728662833,0.510834271337167,0.4260141657599761,-0.4959605679137677,0.2412317530581918,-0.2412317530581917,0.4473148516822323,0.0,42.60141657599761,-49.596056791376775,24.123175305819185,-24.12317530581917,,,,,,,,,,,,,,,,,,,,,,,,,88.0,76.0,Win,0.9523809523809524,0.0476190476190476,NCAAM,HOME,0.10_plus,10pp_plus,20pct_plus,0.70_to_0.80,minus_109_to_minus_101,4.0_to_4.9,UNBUCKETED,SAT,MAR
Basketball,NCAAM,NCAAM_2026_03_14_South_Florida_Bulls_Charlotte_49ers,2026_03_14,3:00 PM,South Florida Bulls,Charlotte 49ers,0.878,0.122,63.7,85.1,148.8,153.5,,,,,,,,,,,,,,,,,,,,,,,,,,,,,home,-14.5,-115.0,0.3655255679137676,0.4203545081894599,0.7303974817210248,21.956321038385784,0.05,spread,ncaam,-14.5,14.5,-115.0,-105.0,1.869565,1.952381,0.7303974817210248,0.2696025182789752,1.3691175353503613,3.7091641665054302,1.5060292888853974,4.080080583155974,-197.0,308.0,0.5348837831260214,0.5121951094586559,0.510834271337167,0.489165728662833,0.3655255679137676,-0.4736331657599761,0.2195632103838578,-0.2195632103838578,0.4203545081894599,0.0,36.552556791376766,-47.363316575997615,21.956321038385784,-21.956321038385777,,,,,,,,,,,,,,,,,,,,,,,,,86.0,64.0,Win,0.8695652173913042,0.0434782608695652,NCAAM,HOME,0.10_plus,10pp_plus,20pct_plus,0.70_to_0.80,minus_124_to_minus_110,12.0_to_14.9,UNBUCKETED,SAT,MAR
Basketball,NCAAM,NCAAM_2026_03_15_Yale_Bulldogs_Penn_Quakers,2026_03_15,12:00 PM,Yale Bulldogs,Penn Quakers,0.789,0.211,71.1,79.2,150.3,142.5,,,,,,,,,,,,,,,,,,,,,,,,,,,,,away,9.5,-108.0,0.058437131239672,0.0631120966898781,0.5495731046985565,5.3902887249699045,0.0157780241724695,spread,ncaam,-9.5,9.5,-112.0,-108.0,1.892857,1.925926,0.4504268953014435,0.5495731046985565,2.2201160952672696,1.819594138524128,2.4421277047939967,2.0015535523765404,144.0,100.0,0.5283019266642963,0.5192307492603558,0.5043297825511426,0.4956702174488574,-0.1474062982403956,0.058437131239672,-0.0539028872496991,0.053902887249699,0.0,0.0631120966898781,-14.740629824039564,5.843713123967209,-5.390288724969911,5.3902887249699045,,,,,,,,,,,,,,,,,,,,,,,,,84.0,88.0,Win,0.925925925925926,0.0146092816411754,NCAAM,AWAY,0.05_to_0.0749,5_to_7pp,5_to_10pct,0.50_to_0.60,minus_109_to_minus_101,9.0_to_9.9,UNBUCKETED,SUN,MAR
Basketball,NCAAM,NCAAM_2026_03_15_South_Florida_Bulls_Wichita_State_Shockers,2026_03_15,3:15 PM,South Florida Bulls,Wichita State Shockers,0.652,0.348,77.7,82.0,159.7,150.5,,,,,,,,,,,,,,,,,,,,,,,,,,,,,away,6.5,-115.0,0.0798721666369293,0.0918530145957222,0.577606109783254,6.677183844608702,0.0229632536489305,spread,ncaam,-6.5,6.5,-105.0,-115.0,1.952381,1.869565,0.422393890216746,0.577606109783254,2.3674584864067585,1.731283625748434,2.6042043350474344,1.9044119883232773,160.0,-110.0,0.5121951094586559,0.5348837831260214,0.489165728662833,0.510834271337167,-0.1753261942247392,0.0798721666369293,-0.0667718384460869,0.066771838446087,0.0,0.0918530145957222,-17.53261942247393,7.987216663692931,-6.677183844608697,6.677183844608702,,,,,,,,,,,,,,,,,,,,,,,,,70.0,55.0,Loss,-1.0,-0.0229632536489305,NCAAM,AWAY,0.075_to_0.0999,5_to_7pp,5_to_10pct,0.50_to_0.60,minus_124_to_minus_110,6.0_to_6.9,UNBUCKETED,SUN,MAR
Basketball,NCAAM,NCAAM_2026_03_15_Michigan_Wolverines_Purdue_Boilermakers,2026_03_15,3:30 PM,Michigan Wolverines,Purdue Boilermakers,0.695,0.305,76.4,81.5,157.9,149.5,,,,,,,,,,,,,,,,,,,,,,,,,,,,,away,6.5,-108.0,0.0584371312396729,0.063112096689879,0.5495731046985569,5.390288724969949,0.0157780241724697,spread,ncaam,-6.5,6.5,-112.0,-108.0,1.892857,1.925926,0.4504268953014431,0.5495731046985569,2.220116095267272,1.819594138524126,2.442127704794,2.001553552376539,144.0,100.0,0.5283019266642963,0.5192307492603558,0.5043297825511426,0.4956702174488574,-0.1474062982403963,0.0584371312396729,-0.0539028872496994,0.0539028872496994,0.0,0.063112096689879,-14.74062982403963,5.843713123967298,-5.390288724969949,5.390288724969949,,,,,,,,,,,,,,,,,,,,,,,,,72.0,80.0,Win,0.925925925925926,0.0146092816411756,NCAAM,AWAY,0.05_to_0.0749,5_to_7pp,5_to_10pct,0.50_to_0.60,minus_109_to_minus_101,6.0_to_6.9,UNBUCKETED,SUN,MAR
Basketball,NCAAM,NCAAM_2026_03_17_Texas_Longhorns_NC_State_Wolfpack,2026_03_17,9:15 PM,Texas Longhorns,NC State Wolfpack,0.527,0.473,80.5,81.1,161.6,158.5,-110.0,-110.0,1.909091,1.909091,1.9090909090909087,1.9090909090909087,0.5238095238095238,0.5238095238095238,0.5,0.5,0.527,0.473,2.1141649048625792,1.89753320683112,2.1458773784355176,1.925996204933586,114.0,-107.0,0.006090957,-0.0969999569999999,0.027,-0.027,0.0067000520299949,0.0,0.6090957000000063,-9.699995699999995,2.7000000000000024,-2.7000000000000024,home,-110.0,-110.0,0.006090957,0.0067000520299949,0.527,2.7000000000000024,0.0016750130074987,moneyline,ncaam,,,,,,,,,,,,,,,,,,,,,,,,,,,,,,,,,,,,,,,,,,,,,,,,,,,,,68.0,66.0,Win,0.9090909090909092,0.001522739097726,NCAAM,HOME,0.00_to_0.0099,2_to_3pp,0.0_to_2.5pct,0.50_to_0.60,minus_124_to_minus_110,UNBUCKETED,UNBUCKETED,TUE,MAR
Basketball,NCAAM,NCAAM_2026_03_19_Duke_Blue_Devils_Siena_Saints,2026_03_19,2:50 PM,Duke Blue Devils,Siena Saints,0.988,0.012,54.8,81.4,136.2,135.5,,,,,,,,,,,,,,,,,,,,,,,,,,,,,away,27.5,-108.0,0.0244323168566089,0.0263869000941857,0.5319167594479793,3.624654199912192,0.0065967250235464,spread,ncaam,-27.5,27.5,-112.0,-108.0,1.892857,1.925926,0.4680832405520206,0.5319167594479793,2.1363721521425942,1.879993405430194,2.350009367356854,2.0679927459732137,135.0,106.0,0.5283019266642963,0.5192307492603558,0.5043297825511426,0.4956702174488574,-0.1139853615384238,0.0244323168566089,-0.0362465419991219,0.0362465419991219,0.0,0.0263869000941857,-11.398536153842386,2.443231685660896,-3.6246541999121975,3.624654199912192,,,,,,,,,,,,,,,,,,,,,,,,,71.0,65.0,Win,0.925925925925926,0.0061080787255059,NCAAM,AWAY,0.02_to_0.0299,3_to_5pp,2.5_to_5pct,0.50_to_0.60,minus_109_to_minus_101,15.0_plus,UNBUCKETED,THU,MAR
Basketball,NCAAM,NCAAM_2026_03_19_Michigan_Wolverines_Howard_Bison,2026_03_19,7:10 PM,Michigan Wolverines,Howard Bison,0.993,0.007,61.8,91.0,152.8,151.5,,,,,,,,,,,,,,,,,,,,,,,,,,,,,away,30.5,-102.0,0.0813901669597274,0.0830179835817992,0.5460485433993509,6.341259893966744,0.0207544958954498,spread,ncaam,-30.5,30.5,-118.0,-102.0,1.847458,1.980392,0.453951456600649,0.5460485433993509,2.2028787119406066,1.8313390120494344,2.423166583134668,2.014472913254378,142.0,101.0,0.5412842944196837,0.504950535045587,0.5173640555403163,0.4826359444596835,-0.1613437498914781,0.0813901669597274,-0.0634125989396672,0.0634125989396674,0.0,0.0830179835817992,-16.134374989147815,8.139016695972746,-6.341259893966727,6.341259893966744,,,,,,,,,,,,,,,,,,,,,,,,,101.0,80.0,Win,0.9803921568627452,0.020347544995539,NCAAM,AWAY,0.075_to_0.0999,5_to_7pp,5_to_10pct,0.50_to_0.60,minus_109_to_minus_101,15.0_plus,UNBUCKETED,THU,MAR
Basketball,NCAAM,NCAAM_2026_03_20_Miami_Hurricanes_Missouri_Tigers,2026_03_20,10:10 PM,Miami Hurricanes,Missouri Tigers,0.58,0.42,74.6,76.8,151.4,146.5,-130.0,110.0,1.769231,2.1,2.1,1.7692307692307692,0.4761904761904761,0.5652173913043479,0.4572564612326044,0.5427435387673957,0.58,0.42,2.380952380952381,1.7241379310344829,2.4166666666666665,1.75,141.0,-133.0,0.0261539799999999,-0.118,0.0372564612326042,-0.0372564612326044,0.0340001637999507,0.0,2.615397999999991,-11.8,3.7256461232604288,-3.72564612326044,home,-130.0,-130.0,0.0261539799999999,0.0340001637999507,0.58,3.7256461232604288,0.0085000409499876,moneyline,ncaam,,,,,,,,,,,,,,,,,,,,,,,,,,,,,,,,,,,,,,,,,,,,,,,,,,,,,80.0,66.0,Win,0.7692307692307692,0.0065384930384519,NCAAM,HOME,0.02_to_0.0299,3_to_5pp,2.5_to_5pct,0.50_to_0.60,minus_149_to_minus_125,UNBUCKETED,UNBUCKETED,FRI,MAR
Basketball,NCAAM,NCAAM_2026_03_20_Virginia_Cavaliers_Wright_State_Raiders,2026_03_20,1:50 PM,Virginia Cavaliers,Wright State Raiders,0.956,0.044,65.0,82.2,147.2,145.5,,,,,,,,,,,,,,,,,,,,,,,,,,,,,away,18.5,-115.0,0.0208732450404074,0.024004237797528,0.5460485433993509,3.521427206218397,0.006001059449382,spread,ncaam,-18.5,18.5,-105.0,-115.0,1.952381,1.869565,0.453951456600649,0.5460485433993509,2.2028787119406066,1.8313390120494344,2.423166583134668,2.014472913254378,142.0,101.0,0.5121951094586559,0.5348837831260214,0.489165728662833,0.510834271337167,-0.1137138012105682,0.0208732450404074,-0.0352142720621839,0.0352142720621839,0.0,0.024004237797528,-11.371380121056829,2.087324504040744,-3.521427206218397,3.521427206218397,,,,,,,,,,,,,,,,,,,,,,,,,82.0,73.0,Win,0.8695652173913042,0.0052183125646799,NCAAM,AWAY,0.02_to_0.0299,3_to_5pp,0.0_to_2.5pct,0.50_to_0.60,minus_124_to_minus_110,15.0_plus,UNBUCKETED,FRI,MAR
Basketball,NCAAM,NCAAM_2026_03_21_Michigan_Wolverines_Saint_Louis_Billikens,2026_03_21,12:10 PM,Michigan Wolverines,Saint Louis Billikens,0.874,0.126,76.0,86.9,162.9,161.5,,,,,,,,,,,,,,,,,,,,,,,,,,,,,away,12.5,-110.0,0.062619594665122,0.0688815472434794,0.5566102373669574,5.661023736695736,0.0172203868108698,spread,ncaam,-12.5,12.5,-110.0,-110.0,1.909091,1.909091,0.4433897626330426,0.5566102373669574,2.2553520272131724,1.796589305885742,2.4808872299344897,1.9762482364743164,148.0,-102.0,0.5238094988662143,0.5238094988662143,0.5,0.5,-0.153528594665122,0.062619594665122,-0.0566102373669574,0.0566102373669573,0.0,0.0688815472434794,-15.352859466512204,6.261959466512201,-5.661023736695742,5.661023736695736,,,,,,,,,,,,,,,,,,,,,,,,,95.0,72.0,Loss,-1.0,-0.0172203868108698,NCAAM,AWAY,0.05_to_0.0749,5_to_7pp,5_to_10pct,0.50_to_0.60,minus_124_to_minus_110,12.0_to_14.9,UNBUCKETED,SAT,MAR
Basketball,NCAAM,NCAAM_2026_03_21_Houston_Cougars_Texas_AM_Aggies,2026_03_21,6:10 PM,Houston Cougars,Texas AM Aggies,0.8,0.2,68.7,77.2,145.9,142.5,,,,,,,,,,,,,,,,,,,,,,,,,,,,,away,10.5,-110.0,0.0893825026413581,0.0983207430734197,0.5706289027821922,7.062890278219225,0.0245801857683549,spread,ncaam,-10.5,10.5,-110.0,-110.0,1.909091,1.909091,0.4293710972178077,0.5706289027821922,2.328987690321243,1.752452417191524,2.561886459353368,1.927697658910677,156.0,-107.0,0.5238094988662143,0.5238094988662143,0.5,0.5,-0.1802915026413583,0.0893825026413581,-0.0706289027821923,0.0706289027821922,0.0,0.0983207430734197,-18.02915026413583,8.938250264135817,-7.06289027821923,7.062890278219225,,,,,,,,,,,,,,,,,,,,,,,,,88.0,57.0,Loss,-1.0,-0.0245801857683549,NCAAM,AWAY,0.075_to_0.0999,7_to_10pp,5_to_10pct,0.50_to_0.60,minus_124_to_minus_110,10.0_to_11.9,UNBUCKETED,SAT,MAR
Basketball,NCAAM,NCAAM_2026_03_21_Gonzaga_Bulldogs_Texas_Longhorns,2026_03_21,7:10 PM,Gonzaga Bulldogs,Texas Longhorns,0.692,0.308,73.7,79.0,152.7,147.5,,,,,,,,,,,,,,,,,,,,,,,,,,,,,away,6.5,-115.0,0.0142770617134484,0.0164186250751218,0.5425203519072342,3.168608057006728,0.0041046562687804,spread,ncaam,-6.5,6.5,-105.0,-115.0,1.952381,1.869565,0.4574796480927657,0.5425203519072342,2.1858895891194363,1.843248822803592,2.40447854803138,2.027573705083951,140.0,102.0,0.5121951094586559,0.5348837831260214,0.489165728662833,0.510834271337167,-0.106825427176998,0.0142770617134484,-0.0316860805700672,0.0316860805700672,0.0,0.0164186250751218,-10.682542717699803,1.427706171344845,-3.168608057006728,3.168608057006728,,,,,,,,,,,,,,,,,,,,,,,,,68.0,74.0,Win,0.8695652173913042,0.0035692663206786,NCAAM,AWAY,0.01_to_0.0199,3_to_5pp,0.0_to_2.5pct,0.50_to_0.60,minus_124_to_minus_110,6.0_to_6.9,UNBUCKETED,SAT,MAR
Basketball,NCAAM,NCAAM_2026_03_21_Arkansas_Razorbacks_High_Point_Panthers,2026_03_21,9:45 PM,Arkansas Razorbacks,High Point Panthers,0.855,0.145,79.7,90.1,169.8,168.5,,,,,,,,,,,,,,,,,,,,,,,,,,,,,away,11.5,-110.0,0.0289786789203201,0.0318765436246977,0.5389888061492721,3.8988806149272137,0.0079691359061744,spread,ncaam,-11.5,11.5,-110.0,-110.0,1.909091,1.909091,0.4610111938507278,0.5389888061492721,2.169144726502656,1.8553261006371464,2.3860591991529216,2.0408587107008613,138.0,104.0,0.5238094988662143,0.5238094988662143,0.5,0.5,-0.1198876789203201,0.0289786789203201,-0.0389888061492721,0.0389888061492721,0.0,0.0318765436246977,-11.988767892032016,2.8978678920320133,-3.89888061492722,3.8988806149272137,,,,,,,,,,,,,,,,,,,,,,,,,94.0,88.0,Win,0.9090909090909092,0.007244669005613,NCAAM,AWAY,0.02_to_0.0299,3_to_5pp,2.5_to_5pct,0.50_to_0.60,minus_124_to_minus_110,10.0_to_11.9,UNBUCKETED,SAT,MAR
Basketball,NCAAM,NCAAM_2026_03_25_Auburn_Tigers_Nevada_Wolf_Pack,2026_03_25,9:00 PM,Auburn Tigers,Nevada Wolf Pack,0.783,0.217,73.7,81.6,155.3,154.5,,,,,,,,,,,,,,,,,,,,,,,,,,,,,away,9.5,-112.0,0.0535835840717076,0.0600136237624923,0.5566102373669578,5.228045481581523,0.015003405940623,spread,ncaam,-9.5,9.5,-108.0,-112.0,1.925926,1.892857,0.4433897626330422,0.5566102373669578,2.255352027213174,1.7965893058857405,2.4808872299344924,1.9762482364743148,148.0,-102.0,0.5192307492603558,0.5283019266642963,0.4956702174488574,0.5043297825511426,-0.1460641280111956,0.0535835840717076,-0.0522804548158152,0.0522804548158152,0.0,0.0600136237624923,-14.60641280111956,5.35835840717076,-5.228045481581523,5.228045481581523,,,,,,,,,,,,,,,,,,,,,,,,,75.0,69.0,Win,0.8928571428571428,0.0133958981612705,NCAAM,AWAY,0.05_to_0.0749,5_to_7pp,5_to_10pct,0.50_to_0.60,minus_124_to_minus_110,9.0_to_9.9,UNBUCKETED,WED,MAR
Basketball,NCAAM,NCAAM_2026_04_02_West_Virginia_Mountaineers_Stanford_Cardinal,2026_04_02,8:00 PM,West Virginia Mountaineers,Stanford Cardinal,0.504,0.496,68.4,68.1,136.5,136.5,102.0,-122.0,2.02,1.819672,1.819672131147541,2.02,0.5495495495495495,0.495049504950495,0.5260865852617197,0.4739134147382802,0.504,0.496,2.0161290322580645,1.984126984126984,2.046370967741935,2.013888888888889,104.0,101.0,0.01808,-0.097442688,0.0300865852617198,-0.0300865852617197,0.0177254901960784,0.0,1.8080000000000096,-9.7442688,3.008658526171981,-3.00865852617197,home,102.0,102.0,0.01808,0.0177254901960784,0.504,3.008658526171981,0.0044313725490196,moneyline,ncaam,,,,,,,,,,,,,,,,,,,,,,,,,,,,,,,,,,,,,,,,,,,,,,,,,,,,,82.0,77.0,Win,1.02,0.0045199999999999,NCAAM,HOME,0.01_to_0.0199,3_to_5pp,0.0_to_2.5pct,0.50_to_0.60,plus_101_to_plus_125,UNBUCKETED,UNBUCKETED,THU,APR
