player_id,player_name,team_name,start_year,end_year,runner_runs_tot,runner_runs_XB,runner_runs_SBX,N_runner_moved,runner_runs_XB_swipe,runner_runs_XB_snipe,runner_runs_XB_freeze,N_runner_moved_XB,runner_runs_SB2,runner_runs_SB3,simple_stolen_on_running_act_SB2,simple_stolen_on_running_act_SB3,N_runner_moved_SBX
802415,"Simpson, Chandler",TB,2026,2026,7.604142376775705,4.788569486699768,2.815572890075937,86,5.941443596340201,-0.7739107708162235,-0.3789633388242087,51,2.637219868649405,0.1783530214265309,15.181524558281414,2.8917867636770653,35
682998,"Carroll, Corbin",AZ,2026,2026,6.597235491361751,5.186120494166165,1.411114997195586,79,6.538319246395546,-0.7614072791330543,-0.5907914730963251,61,0.4537689538614858,0.9573460433340996,4.007886932547395,4.472632736512718,18
681082,"Stott, Bryson",PHI,2026,2026,6.090785751257938,2.5937318679119006,3.4970538833460374,58,3.77534173517738,0.0,-1.1816098672654811,39,3.1378054082596725,0.359248475086365,13.02561520848194,1.4431179522494904,19
677951,"Witt Jr., Bobby",KC,2026,2026,5.5768217589759805,2.75352975103753,2.8232920079384507,84,4.150087503072629,-0.7968517453472214,-0.599706006687877,51,1.7534265414342585,1.069865466504192,12.122590727856997,5.011968993339431,33
683083,"Nuñez, Nasim",WSH,2026,2026,5.190937430985887,0.3192426287103113,4.871694802275576,57,2.402876201729661,-1.5523267455117935,-0.5313068275075566,22,3.3610535896907616,1.510641212584812,17.930007257456793,7.361621940794237,35
701538,"Merrill, Jackson",SD,2026,2026,4.986271363939254,2.642540037087546,2.3437313268517084,58,3.34836168319826,0.0,-0.7058216461107136,38,2.284285018265257,0.0594463085864515,11.51130709379706,-0.0099941728012052,20
663538,"Hoerner, Nico",CHC,2026,2026,4.910550128770169,1.6843612204145335,3.226188908355636,63,3.4965921936203856,-0.7841427939008835,-1.0280881793049677,41,2.955429539899042,0.2707593684565933,12.6192945874531,0.7859340726710076,22
805808,"McGonigle, Kevin",DET,2026,2026,4.852187420702403,3.061651633925245,1.7905357867771583,71,5.589832077289947,-0.7539593961895437,-1.7742210471751585,59,1.943150428113508,-0.1526146413363499,5.246509023768619,-1.104848887579697,12
804606,"Griffin, Konnor",PIT,2026,2026,4.833178795508633,2.5053232205141605,2.327855574994473,41,2.986748476308404,0.0,-0.4814252557942426,25,2.176999967674888,0.1508556073195857,10.768998724657928,0.6544206961239089,16
691718,"Crow-Armstrong, Pete",CHC,2026,2026,4.692240450291262,2.614305818718924,2.0779346315723384,75,3.280709672640493,0.0,-0.6664038539215696,43,1.6202369121490197,0.4576977194233179,11.49168755795463,3.18122218568966,32
665923,"Ruiz, Esteury",MIA,2026,2026,4.63123421662396,1.4381321050221472,3.193102111601813,50,1.9185631701661097,0.0,-0.4804310651439628,20,1.4752208830436802,1.7178812285581326,11.38268088815887,8.408282210362113,30
665862,"Chisholm Jr., Jazz",NYY,2026,2026,4.585970170608068,1.8015424005725351,2.784427770035532,55,2.375007493550214,0.0,-0.5734650929776793,26,0.9451457063752884,1.8392820636602436,7.120116939978617,8.923648346751898,29
672640,"Lopez, Otto",MIA,2026,2026,4.528348963938337,2.1382204008043395,2.390128563133998,86,4.584890850213019,-1.641707022378008,-0.8049634270306723,59,1.915320501637416,0.474808061496582,11.416365123253298,1.937436563317213,27
621020,"Swanson, Dansby",CHC,2026,2026,4.098399816951394,2.210113962477857,1.8882858544735368,57,3.5742369405369097,-0.7664148789059048,-0.5977080991531476,43,1.798947729864135,0.0893381246094024,8.10989355108552,0.1466078478258542,14
694497,"Carter, Evan",TEX,2026,2026,3.825503190571351,1.5787925412211323,2.2467106493502187,44,2.3300460591314174,0.0,-0.7512535179102848,29,1.6995984887173905,0.5471121606328276,7.355814376620533,2.522935988721794,15
802139,"Wetherholt, JJ",STL,2026,2026,3.7510493081178855,1.8785143817440104,1.8725349263738749,57,3.69711766798021,0.0,-1.8186032862361967,43,1.7815877872396215,0.0909471391342512,6.550362313031773,0.1205251751290166,14
608070,"Ramírez, José",CLE,2026,2026,3.610591372506708,1.131718636565463,2.478872735941245,62,2.4504417943789565,-0.7626486609306764,-0.5560744968828171,38,1.613438294752995,0.8654344411882495,9.941997341252415,4.144546400126914,24
664983,"McCarthy, Jake",COL,2026,2026,3.475851421092216,2.97544918796653,0.5004022331256857,79,5.564415832974875,-2.304442376543171,-0.2845242684651749,53,0.2017537412782334,0.2986484918474514,6.642370157595755,2.5195687753776923,26
683953,"Bazzana, Travis",CLE,2026,2026,3.146127198695765,2.228646774174321,0.9174804245214436,43,2.883358791806359,0.0,-0.6547120176320379,24,0.0077735928751302,0.9097068316463136,2.636033625656697,4.182716283404607,19
669003,"Mitchell, Garrett",MIL,2026,2026,3.137021377244005,2.389070976868616,0.7479504003753896,51,3.029607887985053,0.0,-0.6405369111164375,39,0.8412219856334712,-0.0932715852580813,4.574084975949129,-0.7234743168197673,12
682928,"Abrams, CJ",WSH,2026,2026,2.956083342531741,0.5657423493056298,2.3903409932261117,66,3.1994180257984555,-0.8463301570269166,-1.7873455194659096,43,2.299914230744695,0.0904267624814153,12.37009190013563,0.1639966985936403,23
701807,"Benge, Carson",NYM,2026,2026,2.946835127872549,1.4558158635630531,1.4910192643094955,49,2.564889326303754,0.0,-1.1090734627407006,33,1.389124462877892,0.1018948014316034,5.838858119420585,0.2828287293211208,16
607208,"Turner, Trea",PHI,2026,2026,2.903459310495455,1.017311804574019,1.886147505921436,53,2.2048837395187504,0.0,-1.1875719349447311,36,1.3787765222040147,0.5073709837174216,5.604877611577657,2.199475026978264,17
668227,"Arozarena, Randy",SEA,2026,2026,2.6685911910557,1.0419950749950646,1.6265961160606353,60,2.5004176097207784,0.0,-1.4584225347257136,39,1.385514029312804,0.2410820867478316,6.729244574074289,0.8136035767470683,21
666152,"Hamilton, David",MIL,2026,2026,2.5859522116146216,1.3268855921266112,1.2590666194880102,44,1.805059270297272,0.0,-0.4781736781706606,24,0.7184504936717855,0.540616125816225,6.826221466527806,2.570692445847213,20
680776,"Duran, Jarren",BOS,2026,2026,2.5390388897954628,2.0046619737214395,0.5343769160740234,51,3.2242611116888447,-0.7517181449541502,-0.467880993013254,33,0.5804443733003588,-0.0460674572263346,5.17451669652788,-0.4984466915811656,18
807712,"Keaschall, Luke",MIN,2026,2026,2.514781700970455,2.9272567487585324,-0.4124750477880772,56,3.7047029600642976,0.0,-0.7774462113057669,39,0.0158285840157478,-0.4283036318038253,1.8658311322837493,-1.2433878763320316,17
670764,"Walls, Taylor",TB,2026,2026,2.496256766292345,0.9006370558505704,1.5956197104417744,59,3.069402458017036,-1.5585345024380848,-0.6102308997283814,40,0.675857623646213,0.9197620867955608,5.575513528956322,4.434319907042607,19
665161,"Peña, Jeremy",HOU,2026,2026,2.4271442924898583,1.3970724141508737,1.0300718783389844,44,3.0587020461708265,-0.9862781102831936,-0.6753515217367587,34,0.8676717147902206,0.1624001635487642,3.219647313305025,0.3467639649330154,10
686611,"Crews, Dylan",WSH,2026,2026,2.3447808653141937,0.8262984574007293,1.518482407913465,31,1.5430072127997012,0.0,-0.7167087553989718,23,1.563462669897383,-0.0449802619839186,6.3884913916810095,-0.3724908102413544,8
671976,"Peters, Tristan",CWS,2026,2026,2.2540266861468266,2.29167679626063,-0.0376501101138035,37,2.504264850643,0.0,-0.2125880543823688,29,0.9272295489027446,-0.964879659016548,2.2889968472082143,-2.578107885075928,8
667472,"Myers, Dane",CIN,2026,2026,2.220304487833917,0.5217523139923212,1.6985521738415954,25,0.94552986310287,0.0,-0.4237775491105491,15,1.8092107126682315,-0.1106585388266361,7.857015422441886,-0.7089790813341127,10
803011,"Antonacci, Sam",CWS,2026,2026,2.197656561894836,1.8041415571620028,0.3935150047328331,59,3.799979222568224,-0.8130725281112462,-1.1827651372949757,39,0.2824912662096607,0.1110237385231729,4.377701140874497,0.2205702206382152,20
680869,"Gelof, Zack",ATH,2026,2026,2.181480665612071,0.9911381094159905,1.1903425561960803,34,2.100108118685766,-0.7586852539331833,-0.3502847553365922,28,1.048627223165022,0.1417153330310581,3.58034222549067,0.6087747741753002,6
669016,"Marsh, Brandon",PHI,2026,2026,2.1651326586956063,1.0023417069391898,1.1627909517564166,42,1.7564356166460304,0.0,-0.7540939097068402,31,1.1191546395565763,0.0436363121998408,3.894655019306909,-0.0294308686148465,11
677594,"Rodríguez, Julio",SEA,2026,2026,2.092361353470165,0.6509678291785583,1.4413935242916072,51,2.0877041528248226,-0.7840947985797599,-0.6526415250665047,33,1.3552561615760508,0.0861373627155558,7.151338822027078,1.4112822291644032,18
690993,"Keith, Colt",DET,2026,2026,2.080765148100637,1.5429451972332011,0.5378199508674363,36,2.404990466865073,0.0,-0.8620452696318714,32,0.6059145325710762,-0.0680945817036398,1.0585846855118817,-0.4487706104493441,4
668715,"Steer, Spencer",CIN,2026,2026,2.0679057942649166,1.5742965272344511,0.4936092670304653,29,1.967900071162725,0.0,-0.393603543928273,27,0.4135406175663695,0.0800686494640961,-0.8116155446118751,-0.2157373005851742,2
665833,"Cruz, Oneil",PIT,2026,2026,2.062651394227007,0.2254245538112974,1.8372268404157093,46,2.1411441777557307,-1.516011808717315,-0.3997078152271186,23,1.7213422344484703,0.1158846059672389,11.39199877417003,0.3283207708271247,23
677942,"Alexander, Blaze",BAL,2026,2026,1.970064015456544,1.5639227902763322,0.4061412251802115,35,2.149097806472964,0.0,-0.5851750161966318,25,0.4953100223190941,-0.0891687971388828,3.2387175340933294,-0.6739730606874073,10
683002,"Henderson, Gunnar",BAL,2026,2026,1.9578610983659464,3.299965849437427,-1.3421047510714803,51,3.939770289038175,0.0,-0.6398044396007482,39,-1.437227983675507,0.0951232326040259,-4.485271948090417,0.209157833558707,12
668904,"Lewis, Royce",MIN,2026,2026,1.872765937046712,1.1597138688187625,0.7130520682279492,40,1.8767835399010355,0.0,-0.717069671082273,29,0.4075466275508896,0.3055054406770594,3.24872148206318,1.299622139744277,11
665750,"Taveras, Leody",BAL,2026,2026,1.8717697225059744,1.570010661282613,0.3017590612233613,43,3.076235379243655,-0.7638865940549966,-0.7423381239060451,35,0.089954140200421,0.21180492102294,1.0775202441636131,0.7870957817026086,8
701358,"Smith, Cam",HOU,2026,2026,1.824441532800698,2.79503417837636,-0.9705926455756624,45,3.015769001309467,0.0,-0.2207348229331067,29,-0.9238646721279308,-0.0467279734477312,1.0125314489343875,-0.4972838215543115,16
663968,"Mangum, Jake",PIT,2026,2026,1.805577583809382,1.8796695009731947,-0.0740919171638128,50,2.71578641555234,0.0,-0.8361169145791462,30,0.2816229183832916,-0.3557148355471048,4.753203704522908,-0.8176935474414166,20
682829,"De La Cruz, Elly",CIN,2026,2026,1.7961691738086074,1.7126792735470624,0.083489900261545,62,4.1985164304005655,-1.581332756784957,-0.9045044000685456,40,-0.2048935728233726,0.2883834730849178,3.960440146366032,1.2156707061537768,22
691023,"Walker, Jordan",STL,2026,2026,1.7934301869593083,0.4079151275171745,1.3855150594421335,56,2.384034127818683,0.0,-1.9761190003015083,38,1.9229738136140504,-0.5374587541719164,9.389700352479403,-1.9259309766193768,18
691026,"Winn, Masyn",STL,2026,2026,1.7660727515196308,0.7994142757260487,0.9666584757935822,36,1.814956379229431,0.0,-1.0155421035033831,29,0.6739193823658151,0.2927390934277673,0.4126000610403046,1.18921230421438,7
641343,"Bauers, Jake",MIL,2026,2026,1.7452976367163349,2.312050866577509,-0.5667532298611746,54,3.4115838694391734,0.0,-1.099533002861664,43,-0.0649305727028547,-0.5018226571583198,0.1242335226414455,-0.3887231916148934,11
696285,"Young, Jacob",WSH,2026,2026,1.667337260379432,1.9094664779959056,-0.2421292176164734,43,2.291549984890658,0.0,-0.3820835068947531,30,-0.6062724501200666,0.364143232503594,0.0321309093445633,1.6000386218361369,13
622761,"Mateo, Jorge",TB,2026,2026,1.665873438546853,0.5305393731944804,1.1353340653523725,35,1.472554101488626,-0.7941123159317994,-0.1479024123623462,22,0.5921515912343113,0.5431824741180613,4.794568021159937,2.649300113559227,13
823550,"Song, Sung-Mun",SD,2026,2026,1.6319253901687123,0.6537165088071025,0.97820888136161,25,0.865986115108923,0.0,-0.2122696063018205,10,1.072769496860313,-0.0945606154987024,7.142944263948975,0.6727577300019655,15
672724,"Peraza, Oswald",LAA,2026,2026,1.6257684307141185,0.9138049896601644,0.7119634410539541,32,1.5565405021499916,0.0,-0.6427355124898264,18,0.1377743313387212,0.574189109715233,2.6458843586591825,2.647037450366528,14
669364,"Edwards, Xavier",MIA,2026,2026,1.6119128001924168,1.171164297634539,0.4407485025578775,62,3.5187678711069394,-1.5175374045893264,-0.830066168883073,44,0.5294202831147379,-0.0886717805568605,4.613424330917468,-0.759225095958808,18
664728,"Isbel, Kyle",KC,2026,2026,1.6111057246031573,0.9642965458003154,0.6468091788028418,19,1.1070163640432729,0.0,-0.1427198182429573,15,0.6560612087461414,-0.0092520299432994,2.037884569539333,-0.1424289534290205,4
808982,"Lee, Jung Hoo",SF,2026,2026,1.574683559674518,0.2918359754849051,1.282847584189613,53,3.202314768474632,-1.5519300552353237,-1.3585487377544037,46,1.2869205582881915,-0.0040729740985785,3.961879966358613,-0.6975711136491566,7
643396,"Kiner-Falefa, Isiah",BOS,2026,2026,1.574056087062646,1.0358227851795887,0.5382333018830572,22,1.3060904512745346,0.0,-0.2702676660949457,12,0.8245836563997032,-0.286350354516646,3.996414529592696,-0.2422714437600768,10
593428,"Bogaerts, Xander",SD,2026,2026,1.5633014899982616,-0.3130831203539688,1.8763846103522304,37,1.4135703255895689,-0.785749525433477,-0.9409039205100612,20,1.5724342980260877,0.3039503123261429,7.207285217088636,1.2738583905468095,17
681297,"Cowser, Colton",BAL,2026,2026,1.5492054292469666,1.0427706883448322,0.5064347409021343,27,1.4800278144974024,0.0,-0.4372571261525701,17,0.9700856879714846,-0.4636509470693506,4.37734451925663,-1.312149062778817,10
678662,"Tovar, Ezequiel",COL,2026,2026,1.4123017753450815,0.9953256693694188,0.4169761059756627,28,1.630812113437343,0.0,-0.6354864440679235,25,0.4991759592098804,-0.0821998532342177,0.9275832700271004,-0.6357354562686908,3
699393,"Ramírez, Pedro",CHC,2026,2026,1.4077594507908258,0.3255768351193759,1.0821826156714498,16,0.8150162191944511,0.0,-0.4894393840750752,10,1.1051152507271294,-0.0229326350556795,5.019201063135976,-0.2434845714178614,6
650333,"Arraez, Luis",PHI,2026,2026,1.3933406429009971,0.4834515718591407,0.9098890710418563,60,3.605437152208009,-1.5378048574132035,-1.5841807229356644,51,1.4455293906435631,-0.5356403196017073,2.81870320832944,-1.6763189774619316,9
690984,"Halpin, Petey",CLE,2026,2026,1.3850612743697666,0.2818936591275129,1.1031676152422536,15,0.5449525180328426,0.0,-0.2630588589053297,9,0.941088545149552,0.1620790700927014,3.973046612467677,0.6829809727624437,6
682622,"Marte, Noelvi",CIN,2026,2026,1.3778820301931485,0.281366865036269,1.0965151651568794,17,0.4547411287870522,0.0,-0.173374263750783,11,0.7357216697152332,0.3607934954416461,2.623661513185746,1.6307564780108192,6
806198,"Pratt, Cooper",MIL,2026,2026,1.3487091868735404,0.9907096301116496,0.3579995567618907,21,1.2884718639100368,0.0,-0.297762233798387,12,0.4414083438431534,-0.0834087870812627,3.975501834130254,-0.4952112832276154,9
810938,"Williamson, Ben",TB,2026,2026,1.305892984305261,0.7613516919689991,0.5445412923362618,24,1.2786382738769235,0.0,-0.5172865819079245,17,0.6211278839176602,-0.0765865915813983,3.2715793614949757,-0.4803227113761799,7
666160,"Moniak, Mickey",COL,2026,2026,1.2987368192705182,1.7530708996168445,-0.4543340803463263,30,2.5542373966126823,0.0,-0.801166496995837,28,-0.413930023212862,-0.0404040571334642,-2.564846844303792,-0.3873219044733507,2
672761,"Pérez, Wenceel",DET,2026,2026,1.2809230963074794,1.560790267092922,-0.2798671707854424,21,1.6174918777986935,0.0,-0.0567016107057716,16,0.0764502186780489,-0.3563173894634914,0.9244238246709382,-0.8876496817914549,5
682668,"Acuña, Luisangel",CWS,2026,2026,1.2696016095612137,0.2284832934612135,1.0411183161,31,1.2892423176142702,-0.9277588138532578,-0.1330002102997993,12,0.2749731349804212,0.7661451811195789,4.811812241743555,3.5753095030524085,19
695578,"Wood, James",WSH,2026,2026,1.2477784769739957,0.3003075374395635,0.947470939534432,60,2.890768997347143,-0.7581939725298964,-1.8322674873776832,44,0.8516891184813857,0.095781821053045,4.0823324033928365,0.1020311735047792,16
669707,"Triolo, Jared",PIT,2026,2026,1.2329966725848078,0.4970714836202837,0.7359251889645242,25,1.228776581179887,0.0,-0.7317050975596032,17,0.6171720132336357,0.1187531757308885,2.6082817746012927,0.4741611653198123,8
545341,"Grichuk, Randal",CWS,2026,2026,1.2177471295160245,1.348311342496274,-0.1305642129802497,22,1.798745945914868,0.0,-0.4504346034185938,22,-0.0806989850284399,-0.0498652279518098,-0.9855485373577726,-0.3881705820742518,0
656537,"Hill, Derek",PHI,2026,2026,1.2143471865722713,0.0853225528578924,1.1290246337143788,29,1.4736008024999476,-0.8804346903979466,-0.5078435592441084,13,0.5690100805012421,0.5600145532131365,5.713696200931289,2.594467486654051,16
657041,"Thomas, Lane",ATL,2026,2026,1.2086866119696154,1.0030064123405673,0.2056801996290481,39,2.2724615052669384,-0.9115001410830744,-0.3579549518432958,31,0.2298196627911946,-0.0241394631621466,2.325733780873941,-0.2960508640323255,8
663586,"Riley, Austin",ATL,2026,2026,1.1881572719072984,0.047256410867324,1.1409008610399742,45,2.0357731294107357,-0.7835563989709979,-1.2049603195724128,38,1.248402306809583,-0.1075014457696094,3.924254861450491,-0.8332427191454712,7
691720,"Karros, Kyle",COL,2026,2026,1.1851899891227615,0.515321257700144,0.6698687314226178,43,2.6794203358595485,-0.8113666680041972,-1.3527324101552065,38,0.3906411350598491,0.2792275963627686,-0.5422147198439596,1.0824666804984655,5
668804,"Reynolds, Bryan",PIT,2026,2026,1.1706100150949394,0.3846829509713564,0.7859270641235829,54,2.482835334889308,-0.7503455797067375,-1.3478068042112146,48,0.8998497931420368,-0.1139227290184541,0.4334963293278794,-0.8977573592960757,6
687363,"Scott II, Victor",STL,2026,2026,1.1576821220351126,0.7858061676934965,0.3718759543416161,28,1.003857690057766,0.0,-0.2180515223642693,16,0.2136214679074397,0.1582544864341764,3.5702048365398715,0.7001932170627538,12
678246,"Vargas, Miguel",CWS,2026,2026,1.1447556283609004,0.7284358772787511,0.4163197510821493,59,3.11372097045214,-1.5876914104182176,-0.7975936827551697,49,0.1273695113443534,0.2889502397377958,0.5630509912826638,1.1411662517025778,10
685133,"Meckler, Wade",LAA,2026,2026,1.1299701293501854,0.6990083517485604,0.4309617776016249,25,1.2505466088816573,0.0,-0.5515382571330967,19,0.2631304104216175,0.1678313671800077,1.2096970777627098,0.623300526538754,6
665019,"Clemens, Kody",MIN,2026,2026,1.1289747939591095,0.7027529082364657,0.4262218857226439,48,2.962069485616024,-1.5519527744996164,-0.7073638028799405,38,0.144842326184484,0.28137955953816,0.9159075706267328,0.9158550665189362,10
693304,"Gonzales, Nick",PIT,2026,2026,1.1250072483672309,1.2839935489397207,-0.1589863005724899,43,3.2191209202657034,-0.790348056004692,-1.1447793153212926,39,-0.0939420790634699,-0.0650442215090199,-2.265238944345257,-0.6287086977084577,4
682987,"Jones, Spencer",NYY,2026,2026,1.1080415000277024,0.4521114060521316,0.6559300939755708,13,1.0109646878960867,0.0,-0.5588532818439552,9,0.7296758007427354,-0.0737457067671646,2.733447172010161,-0.4712532162321806,4
691723,"Mayo, Coby",BAL,2026,2026,1.1043708567717154,1.0390782715763345,0.0652925851953809,25,1.5730159730705926,0.0,-0.5339377014942582,21,0.1545307137300306,-0.0892381285346498,0.6692747178543154,-0.5841681295224792,4
683146,"Baty, Brett",NYM,2026,2026,1.1016406841162505,0.9389077704936007,0.1627329136226495,31,1.6072760703327569,0.0,-0.6683682998391564,25,0.2108179062714234,-0.0480849926487741,0.2523469827078176,-0.3762413618313606,6
545121,"Vargas, Ildemaro",AZ,2026,2026,1.0968540640494564,0.660388036666604,0.4364660273828525,28,1.6660950166720758,0.0,-1.005706980005472,25,0.5375727463681732,-0.1011067189853208,0.0700705445322218,-0.8369981032977297,3
670770,"Friedl, TJ",CIN,2026,2026,1.0794410745141385,0.4403811149580207,0.6390599595561178,16,0.7500434583008773,0.0,-0.3096623433428566,12,0.6671255112194008,-0.0280655516632829,1.9498963066788764,-0.3058897141005487,4
808975,"Kim, Hyeseong",LAD,2026,2026,1.0664458111640729,0.7778739337655417,0.2885718773985309,18,1.102246851472252,0.0,-0.3243729177067105,13,0.3093400696984668,-0.0207681922999359,1.995187721472002,-0.1405084247022751,5
663604,"Lockridge, Brandon",MIL,2026,2026,1.0505982656630948,0.4720442535835636,0.5785540120795312,15,0.5858677121737033,0.0,-0.1138234585901396,8,0.633221183009803,-0.0546671709302719,3.284815051360647,-0.3530608095601898,7
686475,"Tolbert, Tyler",KC,2026,2026,1.0484470599329174,-0.1365483418481305,1.184995401781048,35,1.0533739873437482,-0.7514711546772349,-0.4384511745146439,15,0.8571100432687131,0.3278853585123343,7.118022501913472,2.6949067439297694,20
592885,"Yelich, Christian",MIL,2026,2026,1.025278797445332,-3.80311721016e-05,1.0253168286174337,34,1.5140478660898478,-0.892287837413086,-0.6217980598488632,27,0.7559985936485243,0.2693182349689091,1.9208469230115297,0.9680356893881956,7
681546,"Outman, James",DET,2026,2026,1.0227071261429102,1.1448220490101295,-0.1221149228672193,20,1.2702718320232649,0.0,-0.1254497830131349,13,0.3969342575037236,-0.5190491803709428,2.3079829904420714,-1.5092745999684214,7
573262,"Yastrzemski, Mike",ATL,2026,2026,1.0060827818424516,1.0328230491703585,-0.0267402673279066,28,1.9275186318678763,0.0,-0.8946955826975176,28,0.0431243864377653,-0.069864653765672,-1.73292617685965,-0.4915931067507134,0
695506,"Caglianone, Jac",KC,2026,2026,0.9954614978059916,1.2696600589119666,-0.274198561105975,44,2.810257752942125,-0.7775441906471389,-0.7630535033830204,37,-0.1871162734412546,-0.0870822876647204,-0.5545686630392526,-0.6225115837950632,7
696135,"Watson, Kahlil",CLE,2026,2026,0.9833231540646306,0.3167344516355329,0.6665887024290976,15,0.5985066465783015,0.0,-0.2817721949427687,5,0.5261162438053109,0.140472458623787,3.4334042154591464,1.9084363425416235,10
677649,"Duran, Ezequiel",TEX,2026,2026,0.9817112759212064,0.5861288278138915,0.3955824481073149,42,2.085119690466897,-0.8372935383500288,-0.6616973243029773,32,0.4868738567693998,-0.0912914086620848,2.9044438172354337,-0.7293320091547072,10
687749,"Bowen, Jase",SD,2026,2026,0.9767842114024028,0.4074696293922801,0.5693145820101226,11,0.4335521375119622,0.0,-0.0260825081196821,8,0.1860715809047013,0.383243001105421,0.7390125275721711,1.8467793347751629,3
678882,"Rafaela, Ceddanne",BOS,2026,2026,0.9723989088235916,2.0462880928819405,-1.0738891840583489,69,4.4282246173785165,-1.593514738417388,-0.7884217860791879,46,-0.6635675207912565,-0.4103216632670921,2.9017606993290377,-1.1337200497815385,23
686217,"Frelick, Sal",MIL,2026,2026,0.9631230196024896,1.3551850135715566,-0.3920619939690671,26,1.7787803225675995,0.0,-0.423595308996043,20,-0.5121781134300013,0.1201161194609342,-1.7151229440737956,0.4421430341092535,6
690924,"Fulford, Braxton",COL,2026,2026,0.9556758702825704,0.1999377502572181,0.7557381200253523,11,0.285012526203363,0.0,-0.0850747759461449,7,0.7580952802154461,-0.0023571601900938,3.384877030327247,-0.1757883606170903,4
694249,"Carrigg, Cole",COL,2026,2026,0.9533649580890848,1.3157081783610876,-0.3623432202720028,34,1.931138035501436,0.0,-0.6154298571403481,25,-0.7035867931124162,0.3412435728404135,-0.8422407325432609,1.6110340294322885,9
642201,"White, Eli",BOS,2026,2026,0.9506918644109176,0.5914522038406043,0.3592396605703132,21,1.0455150800066786,0.0,-0.4540628761660742,15,0.3974703184416622,-0.0382306578713489,2.371355335082346,-0.4060248186926582,6
664702,"Straw, Myles",TOR,2026,2026,0.9481121743610236,0.6023682958699146,0.3457438784911088,29,2.000085941842892,-0.7540699953765451,-0.6436476505964325,23,0.6517134138103554,-0.305969535319247,2.1247556043160265,-0.3893278665310761,6
686894,"Wiemer, Joey",WSH,2026,2026,0.9290786790595348,0.7733380967227592,0.1557405823367754,7,0.7752643508375211,0.0,-0.0019262541147617,6,0.1614990935379366,-0.0057585112011612,0.4264992927984634,-0.1653617199322239,1
805999,"Ewing, A.J.",NYM,2026,2026,0.9270275906864398,0.6444794310669154,0.2825481596195244,38,1.2753959134859056,0.0,-0.6309164824189899,19,0.1982312173423069,0.0843169422772173,4.681621428254216,0.2254716832277087,19
695600,"Jensen, Carter",KC,2026,2026,0.9149925361857228,1.13256273082174,-0.217570194636017,39,2.8000624655023736,-0.8055844986497595,-0.861915236030874,38,-0.2991457049709058,0.0815755103348885,-3.892603647680282,0.2404868076701267,1
701350,"Anthony, Roman",BOS,2026,2026,0.9121998487280244,0.6628067738102639,0.2493930749177604,11,0.8012002994466381,0.0,-0.1383935256363743,9,0.2774571163923695,-0.0280640414746091,0.6678100430349685,-0.2260644634369295,2
683357,"Caissie, Owen",MIA,2026,2026,0.897854042702184,0.8358683534158828,0.0619856892863012,22,1.192375259138633,0.0,-0.3565069057227501,18,0.115016158244466,-0.0530304689581648,0.2139110003563335,-0.3892131547442539,4
660710,"Durán, Rodolfo",SD,2026,2026,0.8958879995749247,0.932662102392268,-0.0367741028173433,10,0.9501724248204184,0.0,-0.0175103224281505,10,-0.020889215842172,-0.0158848869751713,-0.5798276580555234,-0.0975621480907534,0
682997,"Callihan, Tyler",PIT,2026,2026,0.8920696825850243,0.7662750850378861,0.1257945975471382,7,0.7938755013864405,0.0,-0.0276004163485542,6,0.1376940203072818,-0.0118994227601436,0.3900798672557761,-0.0992213249938841,1
596103,"Slater, Austin",TB,2026,2026,0.8807014452443631,0.2240713868589092,0.6566300583854539,9,0.3010368281213655,0.0,-0.0769654412624562,5,0.6735211209304727,-0.0168910625450188,2.9581306274178214,-0.1209756277218667,4
702222,"Crawford, Justin",PHI,2026,2026,0.8649250537632724,-0.0456083287782174,0.91053338254149,39,1.8465569992689397,-0.7658717392335049,-1.126293588813652,24,0.9580849778890042,-0.0475515953475141,6.544747189571973,-0.6337875553964799,15
680700,"Palacios, Richie",TB,2026,2026,0.8536127074543135,1.1374480446421409,-0.2838353371878274,34,1.7082502324118936,0.0,-0.5708021877697523,21,0.2425334169017486,-0.5263687540895755,3.1762671075748274,-1.5736405801727384,13
642350,"Siri, Jose",LAA,2026,2026,0.8449004600767459,0.3313600142794837,0.5135404457972622,12,0.6833897802297947,0.0,-0.3520297659503109,9,0.3490529468300501,0.1644874989672121,1.1449477423028644,0.7542223614813103,3
814439,"Waldschmidt, Ryan",AZ,2026,2026,0.8353999035993951,0.6763254270646238,0.1590744765347712,29,1.2225642441469315,0.0,-0.5462388170823077,21,0.2162427241032868,-0.0571682475685155,2.3092453741214025,-0.4065280496872079,8
805367,"Meidroth, Chase",CWS,2026,2026,0.8303340856789615,0.9269667180923458,-0.0966326324133842,35,2.272139837905701,0.0,-1.3451731198133547,33,0.0937418719783867,-0.190374504391771,-3.217381686945872,-1.293486822441378,2
592663,"Realmuto, J.T.",PHI,2026,2026,0.8275321604400951,0.996698107451427,-0.1691659470113318,26,1.5349911760232255,0.0,-0.538293068571799,23,-0.1673383030415149,-0.0018276439698168,-1.0920168010782727,-0.3984109902385643,3
680474,"Schuemann, Max",NYY,2026,2026,0.81436580554374,1.1418665256379223,-0.3275007200941823,18,1.162990125201237,0.0,-0.0211235995633141,13,-0.3117992152253401,-0.0157015048688421,0.2649356772660699,-0.2982604914669579,5
695734,"Lile, Daylen",WSH,2026,2026,0.8141844494217545,1.8576362220742264,-1.043451772652472,55,3.3717291622177608,0.0,-1.5140929401435332,43,-0.4856389128732596,-0.5578128597792125,-0.0498384055015286,-1.781193787621533,12
607043,"Nimmo, Brandon",TEX,2026,2026,0.8089106747507382,0.950720175187752,-0.1418095004370139,40,2.3717511682853463,0.0,-1.421030993097594,35,0.0414737125405711,-0.1832832129775852,-1.7227108290463282,-1.141516165693982,5
670231,"Rave, John",KC,2026,2026,0.8023015128529009,0.4604504861099384,0.3418510267429624,8,0.4664218627436495,0.0,-0.005971376633711,6,0.3490898382938129,-0.0072388115508504,1.6133898769239137,-0.0564677143091261,2
666211,"Trammell, Taylor",HOU,2026,2026,0.8000147540985711,0.7492044963019818,0.0508102577965893,20,1.5578872747707453,0.0,-0.8086827784687631,16,-0.1361394038562211,0.1869496616528104,-0.189645306322393,0.8784876099402481,4
678391,"Vivas, Jorbit",WSH,2026,2026,0.7961068380422687,1.1515877045296368,-0.355480866487368,27,1.879463272007381,0.0,-0.7278755674777446,24,-0.2746938981865389,-0.080786968300829,-1.3926752605945742,-0.7046246608864083,3
671218,"Ramos, Heliot",NYY,2026,2026,0.7941282237600852,0.8700181673984623,-0.0758899436383771,34,1.614496649262137,0.0,-0.7444784818636745,30,-0.2246782608407458,0.1487883172023688,-1.5740361731397627,0.4741171695949214,4
679845,"Loftin, Nick",KC,2026,2026,0.7937139666849695,0.444141795070081,0.3495721716148884,41,2.0304107771582385,-0.7957231276272333,-0.7905458544609235,38,0.4534536846510394,-0.103881513036151,1.1748961649066982,-0.8082001778009853,3
668723,"Vilade, Ryan",TB,2026,2026,0.7829008123617035,0.4876820305953959,0.2952187817663075,16,1.4804356751029653,-0.7547194804055397,-0.2380341641020294,14,0.3345751394949857,-0.0393563577286782,1.0162917488352656,-0.2378208200682066,2
642215,"Wilson, Weston",SEA,2026,2026,0.7623997461541734,0.0563805148957876,0.7060192312583857,8,0.1210457576967298,0.0,-0.0646652428009422,4,0.7338089828077814,-0.0277897515493956,3.439413412789784,-0.2108170783388924,4
676356,"DeLuca, Jonny",TB,2026,2026,0.7561095149367938,1.077828133642102,-0.3217186187053082,34,1.2888262534238362,0.0,-0.210998119781734,18,-0.5758900533888065,0.2541714346834977,2.206525422444808,1.1652813820789885,16
596115,"Story, Trevor",BOS,2026,2026,0.7254505639617201,0.4312998487251661,0.2941507152365539,15,1.0809126310026764,0.0,-0.6496127822775103,13,0.3348812796317345,-0.0407305643951805,0.9389837660332436,-0.2627173732329977,2
669065,"Stowers, Kyle",MIA,2026,2026,0.7179523511789045,0.998192704229613,-0.2802403530507084,22,1.9768383428013403,0.0,-0.9786456385717276,22,-0.2030666758032009,-0.0771736772475074,-2.747000884303344,-0.6153579899252033,0
687529,"McCray, Grant",SF,2026,2026,0.7157024036652836,0.1776313195555637,0.5380710841097198,7,0.2033702049635695,0.0,-0.0257388854080058,4,0.557216496475291,-0.0191454123655711,2.518288277724836,-0.1170762056287679,3
687957,"Harris, Dustin",HOU,2026,2026,0.7119082148072641,-0.0784968306564834,0.7904050454637476,7,0.0934300466266146,0.0,-0.1719268772830981,3,0.8015891762100203,-0.0111841307462729,3.65475703786233,-0.0837010646341198,4
703607,"Bolte, Henry",ATH,2026,2026,0.703605574355957,0.8498417082704722,-0.1462361339145152,39,1.7912739226789534,0.0,-0.9414322144084808,19,0.3891857553322829,-0.535421889246798,6.355093693757192,-1.5944079408606662,20
680757,"Kwan, Steven",CLE,2026,2026,0.6976276656067517,0.6082071049259119,0.0894205606808398,42,2.683558474010312,-0.7701636736313383,-1.3051876954530603,36,0.2347749194077431,-0.145354358726903,-1.4309856620064036,-1.118633163202155,6
678009,"Meadows, Parker",DET,2026,2026,0.6824086833998726,0.3167306468286226,0.36567803657125,8,0.3221499180324911,0.0,-0.0054192712038685,6,0.3789770375554248,-0.0132990009841749,1.6534596576258442,-0.0789819062719573,2
670032,"Lopez, Nicky",TEX,2026,2026,0.6769686287102427,1.527762144012275,-0.8507935153020324,23,1.880278392794246,0.0,-0.3525162487819709,16,-1.005924150250172,0.1551306349481395,-2.334153311197348,0.6875614112687582,7
701675,"Church, Nathan",STL,2026,2026,0.67694109538688,0.9901437916709644,-0.3132026962840843,35,2.1818229319487665,-0.7608471919404215,-0.4308319483373812,26,-0.2522450180138107,-0.0609576782702737,0.709513116739474,-0.5009190627245663,9
664954,"Sullivan, Brett",COL,2026,2026,0.675873838785366,0.9348343946872352,-0.2589605559018693,15,1.2121658837912757,0.0,-0.2773314891040403,13,-0.2812876403576613,0.022327084455792,-1.108125156320706,-0.016491834310273,2
694671,"Langford, Wyatt",TEX,2026,2026,0.6725727217167916,-0.3631678174633177,1.035740539180109,29,1.360989787241899,-0.7877815271673293,-0.9363760775378872,20,1.5250562061914137,-0.4893156670113048,5.957232597806961,-1.3532024591726384,9
805347,"Jarvis, Jim",ATL,2026,2026,0.6624463045871554,0.6677566443685137,-0.0053103397813582,10,0.7435291904652184,0.0,-0.0757725460967046,10,0.0171326556128603,-0.0224429953942186,-0.8243248618302126,-0.1993684622800814,0
660271,"Ohtani, Shohei",LAD,2026,2026,0.6558742056024409,1.247884983653086,-0.592010778050645,53,3.410047783363105,-0.751563523564843,-1.4105992761451758,42,-0.5199237298580159,-0.0720870481926289,-1.7386265228861368,-0.8005804348441863,11
665877,"Fermín, José",STL,2026,2026,0.651433644692589,0.2382342457080396,0.4131993989845493,21,0.9419774805916188,0.0,-0.703743234883579,15,0.2536935479147614,0.1595058510697879,1.3673891712431288,0.6275769378923053,6
813841,"Cox, Jonah",SF,2026,2026,0.6449339922804209,0.0885829321001981,0.5563510601802227,7,0.2891944697475332,0.0,-0.200611537647335,4,0.5619813460353129,-0.0056302858550902,2.631965048431294,-0.0522596308763774,3
571970,"Muncy, Max",LAD,2026,2026,0.6383208892589233,0.5411028757555374,0.0972180135033858,30,1.9219691830951944,0.0,-1.3808663073396563,29,0.1354934941362645,-0.0382754806328786,-0.8809083677560093,-0.4535973694426645,1
701305,"Dezenzo, Zach",HOU,2026,2026,0.636876668844228,0.4922775074083725,0.1445991614358554,12,0.6012516253764585,0.0,-0.108974117968086,11,0.1647770044041844,-0.0201778429683289,0.3370346330466587,-0.1376196928370184,1
666971,"Gurriel Jr., Lourdes",AZ,2026,2026,0.6193090396385506,0.5677955235139148,0.0515135161246357,12,0.9141804195778966,0.0,-0.3463848960639819,11,-0.1343291217989057,0.1858426379235415,-1.5006497451992065,0.7782665871936381,1
677950,"Thomas, Alek",AZ,2026,2026,0.617023140480166,0.0934910213126139,0.523532119167552,13,0.9148185235870768,-0.8033572575264347,-0.0179702447480281,10,0.5399180059967126,-0.0163858868291605,2.484105869688914,-0.1258283712158185,3
687221,"Rushing, Dalton",LAD,2026,2026,0.6164396331735376,0.7097794383557785,-0.0933398051822408,23,1.4882731208023752,0.0,-0.7784936824465967,23,-0.0882799123456931,-0.0050598928365478,-1.650439842494873,-0.2540928047891046,0
702332,"Durbin, Caleb",BOS,2026,2026,0.6114789566540704,1.0149430102235495,-0.4034640535694793,56,2.6552325092971505,-0.8801507458606065,-0.7601387532129941,37,-1.27583279957322,0.8723687460037411,-0.8799079698019476,4.177281213246523,19
672016,"Clarke, Denzel",ATH,2026,2026,0.6065585524851596,0.1898758803303094,0.4166826721548501,4,0.1988712417022805,0.0,-0.0089953613719711,2,0.3823493012316828,0.0343333709231671,1.6799662973909597,-0.0016891226738743,2
596146,"Kepler, Max",AZ,2026,2026,0.6012588643750152,0.6656355415621844,-0.0643766771871692,8,0.8425971942962974,0.0,-0.1769616527341129,8,-0.0611463861404965,-0.0032302910466727,-0.9382261700222908,-0.0553565001776269,0
683748,"Mesa Jr., Victor",TB,2026,2026,0.5801888899515089,0.5619707277394953,0.0182181622120135,18,0.8565292409493535,0.0,-0.2945585132098582,11,0.0636247047635066,-0.0454065425514932,1.994339789402336,-0.272216834493715,7
695508,"Cauley, Cam",TEX,2026,2026,0.5640633360144636,0.5893282460293908,-0.0252649100149272,5,0.7142468106934439,0.0,-0.1249185646640531,5,-0.0046690344226951,-0.0205958755922321,-0.4472018532707411,-0.1337489593818935,0
666969,"García, Adolis",PHI,2026,2026,0.5563663054263341,0.0231625694579158,0.5332037359684183,19,0.5599187667160432,0.0,-0.5367561972581276,16,0.5169965154204842,0.0162072205479341,1.602402181048489,-0.1217933529715712,3
669701,"Smith, Josh",TOR,2026,2026,0.5555368649973231,0.2008791895379643,0.3546576754593588,15,1.068749113497847,-0.7712674621111308,-0.0966024618487521,10,0.3710139363600553,-0.0163562609006965,1.8333053074549424,-0.1311109947672953,5
686797,"Lee, Brooks",MIN,2026,2026,0.5511949408459575,0.5755796593936217,-0.024384718547664,34,1.2936360411957253,0.0,-0.7180563818021035,26,0.0573251323598305,-0.0817098509074946,0.4306764639501678,-0.6614328545011698,8
806068,"Emerson, Colt",SEA,2026,2026,0.5418759199377817,1.129336161010717,-0.5874602410729354,20,1.4221028479512787,0.0,-0.2927666869405616,16,-0.526939104812972,-0.0605211362599633,-1.1550599939697006,-0.3444124476476576,4
693307,"Dingler, Dillon",DET,2026,2026,0.5411750456037927,0.916117594317564,-0.3749425487137713,45,2.877934578677289,-0.9387797024645324,-1.0230372818951914,45,-0.3458644243905999,-0.0290781243231714,-4.471713791111596,-0.4281804595815587,0
699912,"Fernandez, Jose",AZ,2026,2026,0.5155969927742571,0.2965158533404867,0.2190811394337703,20,1.0583746394008426,0.0,-0.7618587860603557,12,0.240386355898804,-0.0213052164650334,2.5209133654709746,-0.4016025734178466,8
694378,"Gonzalez, Jacob",PIT,2026,2026,0.5115252322113958,0.5981125745106214,-0.0865873422992256,15,0.7705124525347158,0.0,-0.1723998780240943,12,-0.2292581225781946,0.142670780278969,-0.836386053709616,0.6685367078271399,3
663697,"India, Jonathan",KC,2026,2026,0.5115072946446301,0.4276590550163186,0.0838482396283114,5,0.7062163256573408,0.0,-0.2785572706410222,4,0.0933367727741556,-0.0094885331458441,-0.0243329052640335,-0.0587356334644771,1
640492,"Azócar, José",ATL,2026,2026,0.5084696236774172,0.3472878990694772,0.1611817246079399,4,0.3651275117311507,0.0,-0.0178396126616734,3,0.1688444102569047,-0.0076626856489648,0.7151702280624057,-0.061136101452408,1
682729,"Clase, Jonatan",TOR,2026,2026,0.4965837786869612,0.5034294277969736,-0.0068456491100123,3,0.5059830003825769,0.0,-0.0025535725856033,3,-0.0065252629783497,-0.0003203861316625,-0.1615817979622528,-0.0024594520947475,0
672580,"Garcia, Maikel",KC,2026,2026,0.4965573143531536,1.530589832353204,-1.0340325180000505,43,1.9781545859802523,0.0,-0.4475647536270472,34,-1.3723390735228362,0.3383065555227857,-3.9667986719518944,1.3753838927317208,9
681987,"Eaton, Nate",BOS,2026,2026,0.49602199440134,0.1271373267838131,0.3688846676175268,4,0.1344524946366329,0.0,-0.0073151678528197,2,0.374896518471435,-0.0060118508539082,1.6275617189310865,-0.041345652795421,2
691019,"Teel, Kyle",CWS,2026,2026,0.4879414952659739,0.4925482746680353,-0.0046067794020614,4,0.5106443872269553,0.0,-0.0180961125589198,4,0.0210947672489447,-0.0257015466510061,-0.1379581442896786,-0.1822662743611601,0
641555,"Escarra, J.C.",NYY,2026,2026,0.4847957359959786,0.5078226177254201,-0.0230268817294415,10,0.6503708577272272,0.0,-0.1425482400018071,10,-0.0224028212572959,-0.0006240604721456,-0.3239516147960872,-0.045283980443141,0
624424,"Conforto, Michael",CHC,2026,2026,0.4833875516168342,0.3322007933893506,0.1511867582274836,15,0.7382386447712564,0.0,-0.4060378513819056,14,0.1732568002360076,-0.0220700420085239,-0.2997780102891251,-0.355364503075523,1
691783,"Lawlar, Jordan",AZ,2026,2026,0.4813785023418252,0.3707675946199126,0.1106109077219126,7,0.3734339068576485,0.0,-0.0026663122377358,3,0.1293164209094059,-0.0187055131874934,1.7939032683006808,-0.1106085316618567,4
694374,"Tawa, Tim",AZ,2026,2026,0.4806954557455044,-0.4573871887706335,0.938082644516138,12,0.2965279588668617,0.0,-0.7539151476374952,7,0.9886468490531668,-0.0505642045370287,3.41827415865255,-0.3340719154905787,5
669477,"Schmitt, Casey",SF,2026,2026,0.4750691851857481,-0.4624561484375283,0.9375253336232764,34,1.3641444752401255,-0.7509518882906167,-1.0756487353870376,25,1.0179217171282955,-0.0803963835050192,4.7167451600092685,-0.5531861695918671,9
660844,"Rivas, Leo",SEA,2026,2026,0.474946460422269,0.7914077244862948,-0.3164612640640258,11,0.8673456058951993,0.0,-0.0759378814089045,9,-0.313254122896318,-0.0032071411677076,-0.8090290342032928,-0.0756099966748547,2
665052,"Conine, Griffin",MIA,2026,2026,0.4567151335393584,0.3730540211047194,0.0836611124346389,14,0.6463419921655994,0.0,-0.2732879710608798,13,0.1211486725464703,-0.0374875601118313,-0.7666364074146808,-0.2429336894600874,1
690976,"Freeland, Alex",LAD,2026,2026,0.4486932458212389,0.2631573327957237,0.1855359130255152,19,1.1774777237066592,0.0,-0.914320390910935,17,0.2628785461718278,-0.0773426331463126,-0.2553344465635425,-0.5144726417991088,2
695238,"Wagner, Will",SD,2026,2026,0.4377825357261459,0.4563199810198715,-0.0185374452937256,4,0.7099668524385088,0.0,-0.2536468714186373,4,-0.010880127471109,-0.0076573178226166,-0.6087629511771643,-0.0762784854027412,0
621043,"Correa, Carlos",HOU,2026,2026,0.4354732665092989,0.3652368752853114,0.0702363912239875,16,1.081756426738814,0.0,-0.7165195514535025,15,0.1012962116310513,-0.0310598204070637,-0.4066987478462011,-0.2669507989753751,1
687093,"Grissom, Vaughn",LAA,2026,2026,0.410493460096554,0.3771102674166881,0.0333831926798658,21,1.228761297939985,0.0,-0.8516510305232967,20,0.0757731731429622,-0.0423899804630962,-1.0456644315800137,-0.3973269007937966,1
663368,"Perkins, Blake",MIL,2026,2026,0.4058536814504143,0.0839854159309188,0.3218682655194955,13,0.6419466821816908,0.0,-0.557961266250772,11,0.1562014102624934,0.1656668552570019,0.4872825052412304,0.7367328273833897,2
667670,"Rooker, Brent",ATH,2026,2026,0.3903530984813855,0.2689004608381612,0.1214526376432243,6,0.4158695557720928,0.0,-0.1469690949339314,5,0.1316716561908779,-0.0102190185476535,0.0609148664130173,-0.1629495991940322,1
669369,"Johnson, Bryce",SD,2026,2026,0.3865789919909436,0.2823119804394431,0.1042670115515005,9,0.3238250445093723,0.0,-0.0415130640699292,5,0.1074355618966988,-0.0031685503451984,1.299820074396425,-0.0329947980146811,4
672820,"Sosa, Lenyn",TOR,2026,2026,0.3775561727440599,0.41065232637784,-0.0330961536337801,9,0.6767452815586346,0.0,-0.2660929551807944,9,-0.001364565196909,-0.031731588436871,-0.647827891840402,-0.2165532707050301,0
666310,"Naylor, Bo",CLE,2026,2026,0.3772317122923038,0.4144349267232078,-0.0372032144309039,3,0.4659230440504293,0.0,-0.0514881173272214,3,-0.0338573824709038,-0.0033458319600001,-0.9138168339535092,-0.0392526899032671,0
620443,"Torrens, Luis",NYM,2026,2026,0.375613826720538,0.3057735060062391,0.0698403207142988,18,1.0774080241207695,0.0,-0.7716345181145307,17,0.0761309387891386,-0.0062906180748397,-0.4828045178553218,-0.2012493598279129,1
678489,"Barrosa, Jorge",AZ,2026,2026,0.3683879819224137,0.6214426537786475,-0.2530546718562338,22,0.9570144787028868,0.0,-0.3355718249242397,19,-0.1862457909312433,-0.0668088809249903,-0.7735975452889673,-0.407608035848916,3
663616,"Larnach, Trevor",MIN,2026,2026,0.3546345620374607,1.5202315581461563,-1.1655969961086956,39,2.4026345418761728,0.0,-0.8824029837300156,36,-0.9378885961304052,-0.2277083999782903,-4.495248959706787,-1.4326835210060933,3
643289,"Dubón, Mauricio",ATL,2026,2026,0.3539632543199721,0.5608472189051827,-0.2068839645852105,38,2.259799182488848,-0.7764206720677638,-0.9225312915159012,34,-0.1292915422401204,-0.0775924223450902,-1.948679939257172,-0.6130853843916281,4
630105,"Cronenworth, Jake",SD,2026,2026,0.3518038509989512,0.3807814948952226,-0.0289776438962714,17,0.958657160375415,0.0,-0.5778756654801925,13,-0.0050725055458151,-0.0239051383504562,-0.0502844471818951,-0.2230096897502258,4
805779,"Wilson, Jacob",ATH,2026,2026,0.345286024584138,-0.1777949119468393,0.5230809365309773,26,1.2862371012123577,0.0,-1.4640320131591964,22,0.2202938990547689,0.3027870374762087,-0.4978320569197554,1.1762599259378386,4
695670,"Ford, Harry",WSH,2026,2026,0.3436222092335976,0.1980347046699767,0.145587504563621,6,0.3584664612419723,0.0,-0.1604317565719955,5,0.1637291540798311,-0.0181416495162101,0.6097245835168548,-0.1489415060126206,1
686780,"Pagés, Pedro",STL,2026,2026,0.3407588185427934,-0.0305459259733241,0.3713047445161175,14,0.6853931044652676,0.0,-0.7159390304385916,12,0.1386455537495488,0.2326591907665687,0.1322333354235431,0.8332190522384607,2
683679,"Rodriguez, Jesus",SF,2026,2026,0.3380281401014557,0.6633768891295359,-0.3253487490280801,8,0.9335601393037825,0.0,-0.2701832501742467,6,-0.3245084641563258,-0.0008402848717542,-0.6593197032054636,-0.0534300802180683,2
671155,"Johnson, Ivan",CIN,2026,2026,0.3358002041229497,0.0,0.3358002041229497,2,0.0,0.0,0.0,0,0.1668380994133839,0.1689621047095657,0.6801388620799856,0.8266826216841133,2
663457,"Nootbaar, Lars",AZ,2026,2026,0.3348613227417147,0.2286699120402471,0.1061914107014676,17,0.7682842147758586,0.0,-0.5396143027356112,16,0.1398649593199707,-0.0336735486185031,-0.5707720855750997,-0.3118538444889532,1
681393,"Norby, Connor",COL,2026,2026,0.3340562023428856,0.1893331522436118,0.1447230500992737,19,0.462885083193036,0.0,-0.2735519309494242,11,-0.213893678392377,0.3586167284916507,0.3507186176630672,1.734859709139451,8
657656,"Laureano, Ramón",SD,2026,2026,0.3189922146393293,0.1612318778348827,0.1577603368044465,23,0.6551530373673342,0.0,-0.4939211595324517,15,-0.1921721047946313,0.3499324415990779,0.2452479069987658,1.627918502195694,8
694410,"Groover, LuJames",AZ,2026,2026,0.2987734005053497,0.3328900959033051,-0.0341166953979553,4,0.3387374618505614,0.0,-0.0058473659472563,4,-0.0238116971108544,-0.0103049982871009,-0.308488280765171,-0.111200113932531,0
695020,"Murray, Tanner",CWS,2026,2026,0.2885597590531218,0.3403801362015849,-0.0518203771484631,2,0.3494038895239836,0.0,-0.0090237533223986,2,-0.0505453814209328,-0.0012749957275303,-0.415725691698421,-0.0138385046846246,0
669326,"Teodosio, Bryce",LAA,2026,2026,0.2883830595846601,-0.0934567115582847,0.3818397711429448,3,0.0066589156640971,0.0,-0.1001156272223818,1,0.4000953752683826,-0.0182556041254377,1.842535717614828,-0.1190957475152874,2
624641,"Sosa, Edmundo",PHI,2026,2026,0.2814343423662406,0.3054796929459489,-0.0240453505797082,10,0.5870952535423448,0.0,-0.2816155605963956,9,0.011063433237508,-0.0351087838172162,-1.068111673248544,-0.3860888937475635,1
701785,"Culpepper, Kaelen",MIN,2026,2026,0.2808714278820993,0.2589592974466403,0.0219121304354589,2,0.2673170025983714,0.0,-0.008357705151731,2,0.0223491444750763,-0.0004370140396173,-0.0593833767937423,-0.0061591700143941,0
663330,"Jones, Jahmai",BOS,2026,2026,0.2764033249004111,0.4215202243752947,-0.1451168994748835,14,0.4792084887141466,0.0,-0.0576882643388518,10,-0.5505275542103163,0.4054106547354326,-2.141869440389044,1.7605879606815733,4
682657,"Martínez, Angel",CLE,2026,2026,0.2737609495602199,0.7220542329461885,-0.4482932833859686,37,1.7650589411899498,-0.7626736236959292,-0.2803310845478322,25,-0.7927731088285703,0.3444798254426018,-0.0174300737160601,1.4994960559516275,12
668709,"Bleday, JJ",CIN,2026,2026,0.27187808713703,0.8167752297023263,-0.5448971425652963,26,1.6745301411585207,0.0,-0.8577549114561939,21,-0.4908191127435899,-0.0540780298217059,-2.3666692089369548,-0.4563717525859632,5
687637,"Beavers, Dylan",BAL,2026,2026,0.270809270557053,1.2222394920664077,-0.9514302215093544,31,2.000193379698509,0.0,-0.7779538876321015,22,-1.0904467566484757,0.1390165351391214,-1.7053304199930626,0.5647229478896361,9
670042,"Raley, Luke",SEA,2026,2026,0.2703795554064251,1.1085893722744895,-0.8382098168680646,22,1.82943370880909,0.0,-0.7208443365346001,19,-0.7901690897980765,-0.0480407270699882,-2.957376982595588,-0.3503955754050855,3
650489,"Castro, Willi",COL,2026,2026,0.2675042928417802,-0.9103484830655594,1.1778527759073396,38,1.4484871798649572,-0.842788725764761,-1.5160469371657554,28,0.7930896076617868,0.3847631682455525,3.178332157486007,1.5223758014701467,10
606466,"Marte, Ketel",AZ,2026,2026,0.2627255397349085,0.0941594995098803,0.1685660402250281,40,1.4463001738755656,0.0,-1.3521406743656854,37,-0.0029312500064528,0.171497290231481,-2.963867674312697,0.2012312014449988,3
683766,"Koss, Christian",SF,2026,2026,0.2626542298647609,0.3168985670407782,-0.0542443371760172,8,0.3276606307812827,0.0,-0.0107620637405046,5,-0.0193003369490797,-0.0349440002269375,0.5746697260862353,-0.2446808148050576,3
624428,"Frazier, Adam",LAA,2026,2026,0.2623176693893392,0.4225970118855784,-0.1602793424962392,8,0.6147628968711367,0.0,-0.1921658849855581,7,-0.1308806056829296,-0.0293987368133095,-1.4035871289865751,-0.2106950426383443,1
664238,"Moore, Dylan",PHI,2026,2026,0.2608177721170299,0.0877839240271137,0.1730338480899162,3,0.0877839240271137,0.0,0.0,2,0.1813029592017151,-0.0082691111117989,0.834213003233534,-0.0608621816541564,1
666181,"Benson, Will",CIN,2026,2026,0.255956753211825,0.5309627830193748,-0.2750060298075498,7,0.8476337817253985,0.0,-0.3166709987060233,5,-0.250627491851861,-0.0243785379556887,-0.456893698666317,-0.1562759044964216,2
694377,"Yorke, Nick",PIT,2026,2026,0.2551228916524583,0.2780728584074869,-0.0229499667550285,4,0.3528583678651181,0.0,-0.0747855094576312,4,-0.0139952753793419,-0.0089546913756866,-0.4043035982035404,-0.0718933926527087,0
681047,"Franklin, Christian",BAL,2026,2026,0.2523890296546576,0.0845116154304141,0.1678774142242434,2,0.1616124484493666,0.0,-0.0771008330189525,1,0.1809792201945567,-0.0131018059703133,0.791781510767727,-0.0722288078164487,1
694388,"Loperfido, Joey",HOU,2026,2026,0.241305623892359,0.7593264738831406,-0.5180208499907816,10,0.8849510930906411,0.0,-0.1256246192075005,9,-0.4785993798052433,-0.0394214701855382,-1.7848350482821926,-0.2598291476409435,1
694192,"Chourio, Jackson",MIL,2026,2026,0.2357761234934257,0.3120962560823236,-0.0763201325888979,48,2.162162728673239,-0.8000705010958181,-1.049995971495097,37,-0.1807993497159906,0.1044792171270925,0.0717452080579062,0.3071005501602588,11
702616,"Holliday, Jackson",BAL,2026,2026,0.2320505631005547,0.3712053532849812,-0.1391547901844264,22,1.1364563159228531,0.0,-0.7652509626378721,15,-0.2800434312856305,0.1408886411012041,-0.5609872344890505,0.5768521876594732,7
800050,"DeLauter, Chase",CLE,2026,2026,0.2289597497509508,0.0410506635924678,0.1879090861584829,45,2.514258214219596,-1.5591104492455543,-0.914097101381573,38,0.5319522942133689,-0.3440432080548861,-0.9956730639952398,-0.8250527520548958,7
608324,"Bregman, Alex",CHC,2026,2026,0.2232080968916827,0.7345810826426903,-0.5113729857510075,31,2.296864096705927,0.0,-1.5622830140632376,28,-0.4227294552058861,-0.0886435305451214,-3.861899422202199,-0.722983421670028,3
692216,"Kayfus, CJ",CLE,2026,2026,0.2217105613395162,0.210736573931583,0.0109739874079331,4,0.2405294765201377,0.0,-0.0297929025885546,4,0.0107762239406336,0.0001977634672995,-0.1820921114581544,-0.0137750996795851,0
815873,"Keys, Sean",TOR,2026,2026,0.2188934643079366,0.2265014955331567,-0.0076080312252201,3,0.2382287966952651,0.0,-0.0117273011621083,3,-0.0053539784724609,-0.0022540527527592,-0.0847106837872395,-0.0143912688231007,0
672012,"Black, Tyler",MIL,2026,2026,0.2170873491419008,0.1872763466104676,0.0298110025314332,3,0.1875578292751697,0.0,-0.0002814826647021,3,0.044514056933841,-0.0147030544024077,-0.0344926160922531,-0.0922372353975108,0
664040,"Lowe, Brandon",PIT,2026,2026,0.2139006834794777,0.477049443829479,-0.2631487603500012,39,1.6871211929613918,0.0,-1.2100717491319128,38,-0.1240994234341611,-0.1390493369158398,-3.566503378591406,-0.9923910725179184,1
665487,"Tatis Jr., Fernando",SD,2026,2026,0.2133868171995007,1.013513048790383,-0.8001262315908823,83,3.557850911724126,-1.517524348659117,-1.026813514274626,50,-0.2966922602010001,-0.5034339713898822,4.274279698019784,1.013308705324696,33
669743,"Call, Alex",LAD,2026,2026,0.2116961406108568,1.018041049572262,-0.8063449089614052,23,1.2393449359868494,0.0,-0.2213038864145871,20,-0.3948813063837393,-0.4114636025776658,-1.5574528982755775,-1.234877418755998,3
621439,"Buxton, Byron",MIN,2026,2026,0.2060677077932831,-0.532400823950862,0.7384685317441451,34,2.3415376933290224,-2.340900412577585,-0.533038104702298,30,0.8062708392108981,-0.0678023074667532,2.482216717609414,-0.5551275402628505,4
691277,"De Los Santos, Deyvison",MIA,2026,2026,0.20590391568477,0.20590391568477,0.0,1,0.20590391568477,0.0,0.0,1,0.0,0.0,0.0,0.0,0
814430,"Callahan, Brett",DET,2026,2026,0.2009036000955293,0.2009036000955293,0.0,1,0.2009036000955293,0.0,0.0,1,0.0,0.0,0.0,0.0,0
666931,"Oliva, Jared",SF,2026,2026,0.1988023310603732,0.0,0.1988023310603732,1,0.0,0.0,0.0,0,0.1988023310603732,0.0,0.9549588902488856,0.0,1
664068,"Kingery, Scott",CHC,2026,2026,0.1841443580389743,0.2007923807856268,-0.0166480227466525,1,0.2007923807856268,0.0,0.0,1,-0.0137489284934084,-0.002899094253244,-0.1372678843908894,-0.0250892259745374,0
805904,"Cole, Zach",HOU,2026,2026,0.1796121260527016,0.1860550024598797,-0.006442876407178,2,0.1863634429006628,0.0,-0.0003084404407831,2,-0.0048396040229557,-0.0016032723842223,-0.0882071089056873,-0.0209461720294214,0
695391,"Harris, Brett",BOS,2026,2026,0.1791065581761185,0.1815580301070818,-0.0024514719309632,1,0.1815580301070818,0.0,0.0,1,-0.0021411789170758,-0.0003102930138874,-0.0710336843870318,-0.0046419228799916,0
660162,"Moncada, Yoán",LAA,2026,2026,0.1784525910491071,0.0537002738126609,0.1247523172364462,5,0.4558360424547785,0.0,-0.4021357686421175,4,0.1362547719657001,-0.0115024547292538,0.0013652248460267,-0.1317190671062454,1
623205,"Velazquez, Andrew",KC,2026,2026,0.1778450609829508,0.0,0.1778450609829508,1,0.0,0.0,0.0,0,0.1779888365814822,-0.0001437755985313,0.7662825886759161,-0.0008731737596202,1
678225,"Bae, Jihwan",MIL,2026,2026,0.177765952330094,0.0,0.177765952330094,1,0.0,0.0,0.0,0,0.1828696273350975,-0.0051036750050035,0.8882242868595456,-0.0575275540534246,1
701649,"Triantos, James",CHC,2026,2026,0.176287545440467,0.1663871688479849,0.0099003765924821,1,0.1665149452336826,0.0,-0.0001277763856976,1,0.0099003765924821,0.0,-0.0272692667745611,0.0,0
694208,"Ballesteros, Moisés",LAA,2026,2026,0.1753573557617446,0.097951363433355,0.0774059923283896,9,0.5982017259118395,0.0,-0.5002503624784845,8,0.117744690514035,-0.0403386981856454,-0.6398974933934141,-0.2614701163902669,1
678011,"Seigler, Anthony",BOS,2026,2026,0.1746435205582119,-0.0044608054306004,0.1791043259888124,16,0.3164084627898599,0.0,-0.3208692682204604,14,-0.1394402344341808,0.3185445604229932,-1.7591679930167996,1.5296527500932935,2
678545,"Basabe, Osleivis",SF,2026,2026,0.1706821084635424,0.0167372416663774,0.153944866797165,3,0.0227809635232948,0.0,-0.0060437218569173,2,0.1567104013152232,-0.0027655345180582,0.6432333341822577,-0.0169956900659809,1
805672,"Price, Collin",HOU,2026,2026,0.168917560753993,-0.0313270510828049,0.2002446118367979,3,0.0071160041516263,0.0,-0.0384430552344312,2,0.2068784838725287,-0.0066338720357306,0.9671932279965498,-0.0370592163307033,1
694197,"Genao, Angel",CLE,2026,2026,0.1663630535624463,0.2092324818149354,-0.042869428252489,5,0.2827373538402987,0.0,-0.0735048720253633,5,-0.0252751730386913,-0.0175942552137977,-0.3163806130733377,-0.1399423145492507,0
702176,"Roden, Alan",MIN,2026,2026,0.1632207920686667,0.2157404465865787,-0.052519654517912,5,0.3332076213560398,0.0,-0.1174671747694611,5,-0.0508322093109923,-0.0016874452069196,-0.6724158129819434,-0.028944883438219,0
641933,"O'Neill, Tyler",BAL,2026,2026,0.1602017639715973,0.1054617817457909,0.0547399822258064,17,0.9810962666253696,0.0,-0.8756344848795784,16,0.1042131349368914,-0.049473152711085,-0.686170416344954,-0.3722272128841993,1
677060,"Stevens, Chad",COL,2026,2026,0.1529291978696048,0.1909260970997494,-0.0379968992301446,1,0.1909260970997494,0.0,0.0,1,-0.0392866525352974,0.0012897533051528,-0.4290643797568375,-0.0021908529746603,0
669899,"Ward, Ryan",LAD,2026,2026,0.1432094165103078,0.1904295025135111,-0.0472200860032032,4,0.1905435543397986,0.0,-0.0001140518262875,4,-0.0458073483246752,-0.001412737678528,-0.377620950729885,-0.0246187915240811,0
687282,"Rincones Jr., Gabriel",PHI,2026,2026,0.1423466165646277,0.142176812023441,0.0001698045411866,5,0.2020259411327166,0.0,-0.0598491291092755,5,0.0011504053405373,-0.0009806007993506,-0.0433642358634899,-0.0313030906852248,0
656413,"Fairchild, Stuart",CLE,2026,2026,0.1365253274850835,0.0245500503682431,0.1119752771168403,4,0.1808746024331643,0.0,-0.1563245520649211,3,0.1262389964647073,-0.014263719347867,0.3985334177233901,-0.0873189580568547,1
686554,"Dunn, Oliver",TB,2026,2026,0.1348481704041878,0.1374637148680808,-0.002615544463893,1,0.2280323539509208,0.0,-0.0905686390828399,1,0.0,-0.002615544463893,0.0,-0.0147982355732575,0
691373,"Garcia, Jhostynxon",PIT,2026,2026,0.1290422692860188,0.1589791481941476,-0.0299368789081287,2,0.1790463157363492,0.0,-0.0200671675422016,2,-0.0260976254270826,-0.0038392534810461,-0.5300738138790592,-0.0276702961137254,0
691740,"Susac, Daniel",SF,2026,2026,0.12776030297856,0.1952895591371826,-0.0675292561586225,12,1.3021622340549517,0.0,-1.1068726749177684,9,-0.0425498406981662,-0.0249794154604562,0.4978891056528067,-0.2756126874113605,3
695257,"Cook, Billy",PIT,2026,2026,0.1232206235937473,-0.1868727711565184,0.3100933947502658,10,0.4633834191805025,0.0,-0.650256190337021,5,0.3537687548063712,-0.0436753600561054,2.724726047753691,-0.321141625623938,5
669384,"Delgado, Raynel",HOU,2026,2026,0.1184449012200226,0.1572364597009807,-0.038791558480958,2,0.1604245157057212,0.0,-0.0031880560047405,2,-0.0164502663380963,-0.0223412921428616,-0.1958078650625034,-0.1157152424854245,0
682985,"Greene, Riley",DET,2026,2026,0.1155091137732792,0.3554632594912886,-0.2399541457180094,45,2.2270618329862746,-0.8162351936292443,-1.0553633798657422,40,-0.3438013099793807,0.1038471642613713,-3.424166859238424,0.2621113344006269,5
703520,"Bateman, Brett",TOR,2026,2026,0.1080863446204845,0.120069570950773,-0.0119832263302884,5,0.3691438789763173,0.0,-0.2490743080255443,5,-0.0088749146006,-0.0031083117296884,-0.0839441243852857,-0.021428301001827,0
668942,"Rojas, Josh",KC,2026,2026,0.1000525207769576,0.1601263465228067,-0.060073825745849,5,0.3613501481216736,0.0,-0.2012238015988669,5,-0.0535178759730975,-0.0065559497727515,-0.6744678386676719,-0.0441739566195501,0
641820,"Mancini, Trey",LAA,2026,2026,0.0983617593001443,0.1364338423261332,-0.0380720830259889,2,0.138688870591354,0.0,-0.0022550282652207,2,-0.0322322535634185,-0.0058398294625703,-0.2896845336843316,-0.0400200843156545,0
662139,"Varsho, Daulton",HOU,2026,2026,0.095949732900649,-0.5852807958414374,0.6812305287420864,36,1.9688796533784945,-1.546799259216959,-1.0073611900029729,31,0.759507392994952,-0.0782768642528656,2.357642796711555,-0.6844755004835612,5
666176,"Adell, Jo",CLE,2026,2026,0.0929722735841688,0.2089750551497672,-0.1160027815655983,32,1.7226844159440713,0.0,-1.513709360794305,30,-0.0117391238459945,-0.1042636577196038,-2.5372118454213157,-0.7601379555971909,2
600869,"Candelario, Jeimer",LAA,2026,2026,0.0922309956544112,0.1160522200378741,-0.0238212243834628,3,0.1182582681871578,0.0,-0.0022060481492836,3,-0.0103634933810319,-0.0134577310024308,-0.1184073464976163,-0.0739085030214551,0
687515,"Thomas, Colby",ATH,2026,2026,0.0878606232782892,0.6733210581442618,-0.5854604348659725,8,0.7349882358861232,0.0,-0.0616671777418614,7,-0.5354068341619045,-0.050053600704068,-1.8775035650028935,-0.2895035598825047,1
676914,"Schneider, Davis",TOR,2026,2026,0.0787843957729575,0.097607422241964,-0.0188230264690065,11,0.6090413374447929,0.0,-0.5114339152028289,10,0.0220964751701339,-0.0409195016391404,-0.7563573831786258,-0.2622668793049409,1
668670,"Rogers, Jake",CWS,2026,2026,0.0735388590308205,-0.0881306939451244,0.1616695529759449,11,0.4297169111241122,0.0,-0.5178476050692367,10,0.1668658068339502,-0.0051962538580052,-0.0099017624257666,-0.0828755701449932,1
669699,"Shewmake, Braden",MIL,2026,2026,0.0655259257509322,-0.1101325016005183,0.1756584273514505,5,0.0160241907889164,0.0,-0.1261566923894347,4,-0.0464113017551637,0.2220697291066142,-0.5763285505076733,0.9292042412068872,1
663656,"Tucker, Kyle",LAD,2026,2026,0.0564279765244458,-0.5644198593288757,0.6208478358533216,39,2.068671096981968,-0.7814638413415295,-1.851627114969314,34,0.4973923300464484,0.1234555058068733,-0.4219966839444906,0.4798424729102002,5
502054,"Pham, Tommy",NYM,2026,2026,0.0549718105585469,0.0552769113360695,-0.0003051007775225,1,0.0552769113360695,0.0,0.0,1,0.0,-0.0003051007775225,0.0,-0.0023846169080105,0
666185,"Carlson, Dylan",CHC,2026,2026,0.0524699185697048,0.0612202975354676,-0.0087503789657628,1,0.0612202975354676,0.0,0.0,1,-0.001768295600368,-0.0069820833653948,-0.0222204030004251,-0.0367464761258183,0
669392,"Taylor, Samad",SD,2026,2026,0.0513731261821074,0.0740817159388986,-0.0227085897567912,14,0.4786686532788587,0.0,-0.40458693733996,7,-0.0083950585066994,-0.0143135312500917,1.7513532650565016,-0.1217123278788907,7
656484,"Gray, Tristan",MIN,2026,2026,0.0512556741959552,-0.1736831682558063,0.2249388424517615,8,0.2646383057481818,0.0,-0.4383214740039882,6,0.261558836151397,-0.0366199936996355,0.5498759367988775,-0.2474082669295956,2
694371,"Troy, Tommy",AZ,2026,2026,0.0485452218851428,-0.2809955033494541,0.3295407252345969,10,0.5777589146181723,0.0,-0.8587544179676266,8,0.3480803556278088,-0.0185396303932119,1.1094155278196918,-0.1455778367721607,2
670242,"Wallner, Matt",MIN,2026,2026,0.0480607325707493,0.183836968162101,-0.1357762355913516,4,0.2819103332080551,0.0,-0.098073365045954,4,-0.0852094108062715,-0.05056682478508,-1.1269405690793364,-0.3074453398342266,0
800325,"Lara, Luis",MIL,2026,2026,0.0476522879917194,0.1408314433775784,-0.093179155385859,13,0.6558178099646685,0.0,-0.51498636658709,10,-0.0644574896756401,-0.0287216657102187,0.3333683806671682,-0.2244339967572438,3
666624,"Morel, Christopher",MIA,2026,2026,0.0474801768131116,0.0882415655814594,-0.0407613887683478,4,0.0996116297387127,0.0,-0.0113700641572532,4,-0.0384751297815794,-0.0022862589867684,-0.4770350120194832,-0.0224976904186449,0
682877,"Brito, Juan",CLE,2026,2026,0.0398813653605398,0.0712341042014084,-0.0313527388408685,7,0.3291512148161742,0.0,-0.2579171106147657,7,-0.0223187730700549,-0.0090339657708135,-0.2976805304134092,-0.0652853168068724,0
669221,"Murphy, Sean",ATL,2026,2026,0.0388416725661548,0.0505509342380278,-0.011709261671873,2,0.0887933899858461,0.0,-0.0382424557478183,2,0.0005345333171227,-0.0122437949889957,-0.0030260282823514,-0.081646451180383,0
677588,"Tena, José",WSH,2026,2026,0.0349106319109961,1.2574556088054232,-1.222544976894427,29,1.7821057784485792,0.0,-0.5246501696431559,22,-1.18778059945755,-0.0347643774368773,-2.743989724570913,-0.363919710772108,7
701162,"Malgeri, Ben",DET,2026,2026,0.0343903038585303,0.1085787154912377,-0.0741884116327073,5,0.3008380112499582,0.0,-0.1922592957587205,5,-0.0518936038553389,-0.0222948077773684,-0.6799531549831347,-0.137826074359713,0
806367,"Hill, Turner",SF,2026,2026,0.0320952404648239,0.0320952404648239,0.0,1,0.0354388023048526,0.0,-0.0033435618400286,1,0.0,0.0,0.0,0.0,0
804668,"Flores Jr., Rafael",PIT,2026,2026,0.0297819903237307,0.0860521833434465,-0.0562701930197157,2,0.1501874550579161,0.0,-0.0641352717144696,2,-0.0206713003563233,-0.0355988926633924,-0.3320280450257505,-0.1853044604242931,0
828599,"Spence, Lucas",HOU,2026,2026,0.0272067471685397,0.0878201529355639,-0.0606134057670241,1,0.2055330461303839,0.0,-0.11771289319482,1,-0.0499755703976498,-0.0106378353693743,-0.4878070325783502,-0.0762823953578422,0
700652,"Piper, Kenny",TB,2026,2026,0.0260045885412566,0.0273997531581686,-0.001395164616912,1,0.0278618007935879,0.0,-0.0004620476354192,1,-0.001395164616912,0.0,-0.0103025202263929,0.0,0
641584,"Fraley, Jake",TB,2026,2026,0.0255665528075446,-0.0440852055609577,0.0696517583685023,11,0.32233488538436,0.0,-0.3664200909453177,7,0.1137694171188852,-0.0441176587503829,1.3826306783795574,-0.321038457162255,4
606192,"Hernández, Teoscar",LAD,2026,2026,0.0226402244004866,0.1914512402264594,-0.1688110158259727,27,2.257919390839835,-0.7993893921972303,-1.2670787584161456,27,-0.1339414531774753,-0.0348695626484974,-2.3200050004050383,-0.3867209512055775,0
680737,"Helman, Michael",TEX,2026,2026,0.0212314732292702,0.0321854617871306,-0.0109539885578603,2,0.0631717427810831,0.0,-0.0309862809939525,2,-0.0052693274736286,-0.0056846610842317,-0.0530885580908755,-0.032739356443345,0
668930,"Turang, Brice",MIL,2026,2026,0.0195971880819653,0.7452465154647882,-0.7256493273828228,57,2.8120117576120545,-0.7597595984218551,-1.3070056437254094,42,-0.5704714639591275,-0.1551778634236952,-0.8878850522495273,-0.041752683700255,15
678760,"Leonard, Eddys",SF,2026,2026,0.0186797299705392,0.0034699343549921,0.015209795615547,1,0.0076892229517331,0.0,-0.0042192885967409,1,0.0217602652343767,-0.0065504696188297,0.0103914179388922,-0.0361515882977145,0
623168,"Heineman, Tyler",LAA,2026,2026,0.0145393122533683,-0.0731099227965557,0.087649235049924,5,0.1869543727857979,0.0,-0.2600642955823536,4,0.0942712427553691,-0.006622007705445,-0.4674068497321482,-0.0377239594178489,1
699302,"Rodríguez, Héctor",CIN,2026,2026,0.011721033011188,0.0199366030670503,-0.0082155700558623,1,0.0238718885542073,0.0,-0.0039352854871569,1,-0.0029648272183405,-0.0052507428375217,-0.1756152504295323,-0.0275396828779667,0
693409,"Prieto, César",STL,2026,2026,0.0105419124125781,0.0535279083010721,-0.0429859958884939,1,0.0537935943444277,0.0,-0.0002656860433555,1,-0.0396154433264025,-0.0033705525620914,-0.4068033143456396,-0.0190638482360201,0
663494,"Torres, Bryan",STL,2026,2026,0.0094070794657068,0.0706873146442874,-0.0612802351785806,6,0.417833147927045,0.0,-0.3471458332827576,6,-0.0594681068354335,-0.001812128343147,-0.6632307093821537,-0.0605562105298952,0
682515,"Porter, Logan",LAA,2026,2026,0.0077222650759514,0.0241019281605222,-0.0163796630845708,2,0.0246033984313603,0.0,-0.000501470270838,2,-0.0048915949650821,-0.0114880681194886,-0.0526820179651481,-0.0627237967181679,0
811965,"Kuroda-Grauer, Joshua",ATH,2026,2026,0.0064002085910705,0.1269023768358893,-0.1205021682448188,8,0.5769765980176523,0.0,-0.450074221181763,8,-0.0783844543439,-0.0421177139009187,-0.9239192095887682,-0.3302250583745431,0
665856,"Camargo, Jair",ATL,2026,2026,0.0014779641048356,0.0017957951489355,-0.0003178310440998,1,0.0037533808546456,0.0,-0.0019575857057101,1,0.0,-0.0003178310440998,0.0,-0.0055724345226286,0
682848,"Rodríguez, Endy",PIT,2026,2026,0.0007238067436124,-0.7882868092528218,0.7890106159964343,17,0.525713066963184,-0.8702691078718684,-0.4437307683441374,12,0.6334629779690317,0.1555476380274021,2.205488462298864,0.6540202193091686,5
663662,"Cameron, Daz",TOR,2026,2026,-9.44580067091e-05,-9.44580067091e-05,0.0,1,0.0019514452456154,0.0,-0.0020459032523246,1,0.0,0.0,0.0,0.0,0
621550,"Wisdom, Patrick",SEA,2026,2026,-0.0051022991436429,-0.0087934971754003,0.0036911980317573,2,0.0021587011805581,0.0,-0.0109521983559584,2,0.0057087887037653,-0.002017590672008,-0.140863072516168,-0.0355212805430959,0
640459,"Navarreto, Brian",MIA,2026,2026,-0.0069745836980875,0.0024818753132726,-0.0094564590113601,1,0.0024818753132726,0.0,0.0,1,-0.0059101798103188,-0.0035462792010413,-0.0442090539924762,-0.0251864327394263,0
660644,"Bruján, Vidal",NYM,2026,2026,-0.007213209149546,0.0001330098472457,-0.0073462189967918,1,0.0001330098472457,0.0,0.0,1,0.0,-0.0073462189967918,0.0,-0.0725307505559916,0
669911,"Toglia, Michael",CIN,2026,2026,-0.0165398092922782,-0.0149346912895004,-0.0016051180027777,1,0.0019514452456154,0.0,-0.0168861365351159,1,0.0,-0.0016051180027777,0.0,-0.0091831757658945,0
671083,"Kennedy, Buddy",SF,2026,2026,-0.0190957285697361,-0.008780929239335,-0.0103147993304011,2,0.0352783505614702,0.0,-0.0440592798008053,2,-0.0048915949650821,-0.0054232043653189,-0.0526820179651481,-0.0321334828713491,0
642020,"Robinson, Chuckie",LAD,2026,2026,-0.023924829976484,-0.0098646015142715,-0.0140602284622124,1,0.0064335118026649,0.0,-0.0162981133169365,1,-0.012991588346599,-0.0010686401156133,-0.0899290170198309,-0.0109292644005519,0
571657,"Farmer, Kyle",ATL,2026,2026,-0.0273858820488327,-0.0067427365488435,-0.0206431454999891,1,0.0051645589060108,0.0,-0.0119072954548543,1,-0.0029570992668824,-0.0176860462331067,-0.0718177294501659,-0.0995024150814955,0
592206,"Castellanos, Nick",SD,2026,2026,-0.0279014244644297,-0.1432313770641712,0.1153299525997414,5,0.2505983341125095,0.0,-0.3938297111766807,4,0.1658843045929922,-0.0505543519932507,0.5291810072183157,-0.2843154304545832,1
664059,"Haggerty, Sam",TEX,2026,2026,-0.0310706678977975,0.0482290282603281,-0.0792996961581257,5,0.0545429804245424,0.0,-0.0063139521642143,2,-0.0676527693820809,-0.0116469267760448,0.4851865594757303,-0.0843298297969241,3
666139,"Lowe, Josh",LAA,2026,2026,-0.0316909766471763,-0.6495454996246908,0.6178545229775144,11,0.2411810418918541,-0.7752900262234257,-0.1154365152931192,7,0.7098510661885306,-0.091996543211016,2.4799321154142198,-0.6278544472132342,4
688363,"Pauley, Graham",MIA,2026,2026,-0.0368765702064221,0.3024478685446378,-0.3393244387510599,12,0.6509952867442553,0.0,-0.3485474181996174,10,-0.453159167085776,0.1138347283347162,-1.7863691260702657,0.5381322844010441,2
691011,"Romo, Drew",CWS,2026,2026,-0.0386361276612048,-0.1497653984622506,0.1111292708010458,8,0.3356597141529293,0.0,-0.4854251126151799,7,0.1592596107926286,-0.0481303399915827,0.1196228129807845,-0.312841772441239,1
682988,"Locklear, Tyler",AZ,2026,2026,-0.0443671349593709,-0.0436806010544152,-0.0006865339049557,2,0.1358307009877619,0.0,-0.1795113020421771,2,0.0099987789295889,-0.0106853128345447,-0.140511197700942,-0.0917458581015836,0
572233,"Walker, Christian",HOU,2026,2026,-0.0471271494401517,0.2235076897089849,-0.2706348391491366,36,1.4230937407689583,-0.7512521775232804,-0.4483338735366927,36,-0.1389843540291915,-0.1316504851199449,-3.5932139228117124,-0.8628901200800524,0
663624,"Mountcastle, Ryan",BAL,2026,2026,-0.0478528048395906,-0.0019455163060154,-0.0459072885335751,1,0.0030364315110245,0.0,-0.00498194781704,1,-0.0402764189506831,-0.005630869582892,-0.3658452465722674,-0.0837881471731964,0
682641,"Matos, Luis",MIL,2026,2026,-0.0490781660432421,-0.0396093944834268,-0.0094687715598152,1,0.1581225027115791,0.0,-0.1977318971950059,1,-0.0054809472440366,-0.0039878243157786,-0.1083024134477073,-0.0221799274316757,0
694362,"Dunn, Blake",CIN,2026,2026,-0.0506266852800765,0.2522397160874945,-0.3028664013675711,20,0.4746552238501444,0.0,-0.2224155077626499,12,-0.6827870969580462,0.379920695590475,-1.1492593769617732,1.7306004044006753,8
677592,"Pereira, Everson",STL,2026,2026,-0.0570847012457117,-0.2100263183300748,0.152941617084363,6,0.0446626235467152,0.0,-0.25468894187679,5,0.171195820253307,-0.018254203168944,0.2923977242056412,-0.1488023457103671,1
801126,"Rodden, Brock",SEA,2026,2026,-0.0592392428048414,-0.0592392428048414,0.0,2,0.007328366932307,0.0,-0.0665676097371485,2,0.0,0.0,0.0,0.0,0
686765,"Sogard, Nick",BOS,2026,2026,-0.0605803115771683,0.0429587464876859,-0.1035390580648542,15,1.1500514405637372,-0.7664390318084519,-0.3406536622675997,15,-0.068029690601907,-0.0355093674629471,-1.123963018358718,-0.2194673649762893,0
649966,"Urías, Luis",TOR,2026,2026,-0.0626327455202461,-0.010744003377836,-0.05188874214241,4,0.0199307529591264,0.0,-0.0306747563369625,4,-0.045051086852724,-0.0068376552896859,-0.5522833578196742,-0.0512877067639264,0
650559,"De La Cruz, Bryan",PHI,2026,2026,-0.0729027972712287,0.0015904044099945,-0.0744932016812232,2,0.0724753650245361,0.0,-0.0708849606145416,2,-0.0635748573532304,-0.0109183443279928,-0.5706775762939488,-0.0591222363887069,0
676551,"Hicklen, Brewer",ATL,2026,2026,-0.0795892656357972,-0.0398757370352222,-0.039713528600575,4,0.1340535632044988,0.0,-0.1739293002397211,4,-0.0141655931345449,-0.02554793546603,-0.1371831427433467,-0.1494907200674805,0
676369,"Velázquez, Nelson",HOU,2026,2026,-0.0809666268690589,-0.0261536664375333,-0.0548129604315255,6,0.0760670672222996,0.0,-0.1022207336598329,6,-0.0499738718499393,-0.0048390885815862,-0.4925419803623515,-0.0626284640893379,0
676391,"Clement, Ernie",TOR,2026,2026,-0.0837631855392829,-0.5870714830116885,0.5033082974724056,44,2.426922480537652,-1.5090245097868775,-1.5049694537624625,39,0.623231431114979,-0.1199231336425735,-0.1416288940528339,-0.8716752568960526,5
687551,"Gilbert, Drew",SF,2026,2026,-0.0903389611778783,0.8512817890944734,-0.9416207502723516,29,1.4518909069389483,0.0,-0.600609117844475,26,-0.884528064398416,-0.0570926858739353,-4.173544045782098,-0.3795963810769783,3
682818,"Piñango, Yohendrick",TOR,2026,2026,-0.0907248232620135,0.3235085586667073,-0.4142333819287209,12,0.5656560979583255,0.0,-0.2421475392916182,10,-0.3736649206451794,-0.0405684612835414,-1.524839021913922,-0.348294700930467,2
668885,"Martin, Austin",MIN,2026,2026,-0.092717453661178,-0.2402759728997902,0.1475585192386122,42,1.8980638961131069,-1.5138235178708648,-0.6245163511420321,27,0.2108659278646428,-0.0633074086260304,3.8194350712258287,-0.6394305949718586,15
502671,"Goldschmidt, Paul",NYY,2026,2026,-0.0930950267213294,-0.1184907165294495,0.0253956898081201,21,0.6243312464788403,0.0,-0.7428219630082896,20,-0.1816481023397126,0.2070437921478329,-2.2263151965711856,0.75365733390218,1
687952,"Encarnacion-Strand, Christian",BAL,2026,2026,-0.0965189003561442,-0.1716100937534176,0.0750911933972733,3,0.0708075480376228,0.0,-0.2424176417910405,2,0.0961326039238021,-0.0210414105265288,0.2675954252126764,-0.1833124690208265,1
680574,"McLain, Matt",CIN,2026,2026,-0.0977029269569831,-1.3270536340081414,1.2293507070511582,42,1.5047191985831023,-1.633150405315117,-1.1986224272761277,28,0.6866895018830329,0.542661205168125,3.5597581103938176,2.4617934070336163,14
691016,"Soderstrom, Tyler",ATH,2026,2026,-0.0977575929424642,0.028185148770217,-0.1259427417126813,44,2.5240456381120926,-1.547950888494391,-0.9479096008474844,43,-0.0840760941199349,-0.0418666475927463,-2.601114918675791,-0.6416815648020116,1
683011,"Volpe, Anthony",NYY,2026,2026,-0.0991957497127862,1.092404600138283,-1.1916003498510692,30,2.070730046311417,-0.7681886146238501,-0.2101368315492842,19,-1.3510753713068693,0.1594750214558004,-1.5290717580433864,0.6622606247202247,11
660670,"Acuña Jr., Ronald",ATL,2026,2026,-0.1060745116109443,-0.1189200254625679,0.0128455138516235,47,1.3664678566848798,-0.7930359841213526,-0.6923518980260955,29,-0.4838691040845978,0.4967146179362215,2.195912157349549,2.212251348430736,18
681909,"Dean, Justin",CHC,2026,2026,-0.1144918043082512,-0.1095019515758071,-0.0049898527324441,2,0.1754685153317091,0.0,-0.2849704669075162,2,0.0014733270784349,-0.0064631798108791,-0.1191221535697645,-0.0372235063158626,0
606992,"Haase, Eric",SF,2026,2026,-0.1260183917391353,-0.0772846150024909,-0.0487337767366444,3,0.0085225434296997,0.0,-0.0858071584321906,3,-0.0606940122345603,0.0119602354979159,-0.6152347100163127,-0.0142786820069054,0
663837,"Vierling, Matt",DET,2026,2026,-0.1360260543565576,0.1344339356460618,-0.2704599900026195,29,1.3345657391132126,-0.9084612238133088,-0.291670579653842,23,-0.2270815998880097,-0.0433783901146097,0.0616538903585898,-0.4759618388269663,6
700246,"Williams, Carson",TB,2026,2026,-0.1400654585752422,0.3149832130624126,-0.4550486716376549,7,0.4712454370811675,0.0,-0.1562622240187549,6,-0.4541385928898062,-0.0009100787478486,-1.132444396253112,-0.0049706882722374,1
670097,"Short, Zack",NYM,2026,2026,-0.1404474938319966,-0.0979682053517416,-0.042479288480255,3,0.0231330915386917,0.0,-0.1211012968904333,3,-0.0291921726549153,-0.0132871158253397,-0.4305398877928703,-0.0717556717376034,0
665926,"Giménez, Andrés",TOR,2026,2026,-0.1424097926902564,-1.0446744114934858,0.9022646188032294,30,0.8286307875389682,-0.904397127282026,-0.9689080717504271,18,0.3015881646716095,0.6006764541316203,2.453508495332445,2.571899755036413,12
677956,"Hinds, Rece",MIA,2026,2026,-0.1438923530604881,-0.1070739996649901,-0.036818353395498,3,0.0177407826300072,0.0,-0.1248147822949974,3,-0.0170859536890419,-0.019732399706456,-0.1611559213637854,-0.125627918451948,0
645302,"Robles, Victor",SEA,2026,2026,-0.1508411409226797,0.29563586788069,-0.4464770088033697,21,0.9439540216332688,0.0,-0.6483181537525787,12,-0.7895754758147622,0.3430984670113923,-1.0690019386475242,1.659550545922863,9
608701,"Refsnyder, Rob",SEA,2026,2026,-0.1514687101988319,-0.0711227336497716,-0.0803459765490603,4,0.0678898173670995,0.0,-0.1390125510168711,4,-0.0981096837408087,0.0177637071917484,-0.7616764136158308,-0.0049801203924132,0
672695,"Perdomo, Geraldo",AZ,2026,2026,-0.1543175848789835,0.3044592019050433,-0.4587767867840268,65,3.011817664418368,-1.8218131240362752,-0.885545338477049,43,0.0756535912231894,-0.5344303780072163,3.810791660310078,-1.7621127985927951,22
543877,"Vázquez, Christian",HOU,2026,2026,-0.1543684949684681,-0.6268750324963516,0.4725065375278834,10,0.1483901613012874,0.0,-0.7752651937976389,7,-0.1143777958706209,0.5868843333985044,-1.521203194506897,2.569812620418172,3
669087,"Huff, Sam",BAL,2026,2026,-0.1554365695914357,-0.1331573447440636,-0.022279224847372,1,0.0019514452456154,0.0,-0.1351087899896791,1,-0.0055644399977443,-0.0167147848496276,-0.0553488308080962,-0.0977252428462439,0
694673,"Ortiz, Abimelec",WSH,2026,2026,-0.1585360477355027,-0.145300361644107,-0.0132356860913956,3,0.1573852454286094,0.0,-0.3026856070727164,3,-0.0064413524587062,-0.0067943336326893,-0.2238723637024125,-0.0416171647958133,0
691176,"Domínguez, Jasson",NYY,2026,2026,-0.1590927664588002,-0.8954318979957858,0.7363391315369856,21,0.548793152935597,-0.8001004503957971,-0.6441246005355857,13,0.38299296662848,0.3533461649085055,2.169367627489076,1.6790822814512776,8
691785,"Mayer, Marcelo",BOS,2026,2026,-0.1693021028799021,-0.1820001066310663,0.0126980037511642,16,0.5735830996240575,0.0,-0.7555832062551239,15,0.0738856564342542,-0.0611876526830899,-0.8227895054160415,-0.4291263606738225,1
695720,"White, Tommy",ATH,2026,2026,-0.1701990002977796,0.3487224289047254,-0.5189214292025051,7,0.3809068911999209,0.0,-0.0321844622951955,6,-0.4861925167026924,-0.0327289124998126,-1.640952694685216,-0.1805573261928298,1
687597,"Beck, Jordan",COL,2026,2026,-0.1800752468625589,0.5992571748104488,-0.7793324216730078,12,0.697425179148883,0.0,-0.0981680043384341,9,-0.3045012947007279,-0.4748311269722797,-0.7749681133163784,-1.1672475497523331,3
677595,"Mauricio, Ronny",NYM,2026,2026,-0.1835822127481624,-0.1255975576263669,-0.0579846551217954,1,0.0019514452456154,0.0,-0.1275490028719824,1,-0.0535311457141654,-0.00445350940763,-0.3762597575461454,-0.0366063227505678,0
703601,"Clark, Max",DET,2026,2026,-0.1897590971361447,-0.1362461214033371,-0.0535129757328076,3,0.4101039498015842,0.0,-0.5463500712049214,3,-0.0391703882162629,-0.0143425875165446,-0.4593191271032007,-0.101331689888607,0
695336,"Saggese, Thomas",STL,2026,2026,-0.1954343041611498,0.1095202271710695,-0.3049545313322193,8,0.4759551973924654,0.0,-0.3664349702213958,6,-0.2863303040146279,-0.0186242273175914,-0.5650905878408712,-0.1324208499044705,2
663611,"Madrigal, Nick",LAA,2026,2026,-0.1967235088380018,0.1849962983672793,-0.3817198072052811,7,0.2170099212414393,0.0,-0.0320136228741599,5,-0.3752840401523125,-0.0064357670529686,-0.997057565492756,-0.0573655144423636,2
691788,"Mack, Joe",MIA,2026,2026,-0.1983745832727083,-0.1486691238332557,-0.0497054594394526,14,0.6046845189499365,0.0,-0.7533536427831924,14,0.0027509587546091,-0.0524564181940617,-1.6393081116975212,-0.3673632072839518,0
699625,"Crooks, Jimmy",STL,2026,2026,-0.199948676626974,-0.1048229419497917,-0.0951257346771822,7,0.0399002671958769,0.0,-0.1447232091456687,7,-0.0914735047732134,-0.0036522299039688,-0.9012903814223666,-0.0228310280402592,0
805300,"Marsee, Jakob",MIA,2026,2026,-0.2066463528282771,1.5780872483992758,-1.784733601227553,53,2.597820924703195,0.0,-1.0197336763039182,34,-1.3557779895370576,-0.4289556116904955,-3.1021281521988757,1.345696031175131,19
669127,"Langeliers, Shea",ATH,2026,2026,-0.2087980544830142,0.0015210920593986,-0.2103191465424129,30,1.501586189093119,0.0,-1.5000650970337202,27,-0.2863227941371997,0.0760036475947868,-2.195226076904346,-0.2035145900626838,3
650968,"Pozo, Yohel",BAL,2026,2026,-0.2134917693158501,-0.1742596231284784,-0.0392321461873717,2,0.0818363318194384,0.0,-0.2560959549479169,2,-0.0371380185069159,-0.0020941276804557,-0.4029149281995937,-0.0502791440978871,0
543807,"Springer, George",TOR,2026,2026,-0.2137776387859235,-0.0898492897789423,-0.1239283490069812,38,1.5761736406098907,-0.8152062997539826,-0.8508166306348504,30,0.2176884129100906,-0.3416167619170717,0.1487836312822671,-0.5949109799485812,8
665861,"Rivero, Sebastián",LAA,2026,2026,-0.2144373925351964,-0.193714129194871,-0.0207232633403254,1,0.0051645589060108,0.0,-0.1988786881008818,1,-0.0498990173349867,0.0291757539946613,-0.4971699125358453,0.007600747300222,0
663698,"Bart, Joey",CWS,2026,2026,-0.2154344788061587,-0.0813308165667672,-0.1341036622393914,5,0.1405949441254928,0.0,-0.2219257606922601,5,-0.1210456692608739,-0.0130579929785175,-1.428013015007001,-0.1168905911162229,0
644433,"Tromp, Chadwick",BAL,2026,2026,-0.2160024610315763,-0.1982931911675753,-0.0177092698640009,1,0.0108218317317722,0.0,-0.2091150228993476,1,-0.0009720412605275,-0.0167372286034734,-0.0925305864193437,-0.0986872906034726,0
664731,"Higgins, P.J.",CIN,2026,2026,-0.2168480212405172,-0.1976760099273885,-0.0191720113131287,1,0.0019514452456154,0.0,-0.199627455173004,1,-0.0111395314869994,-0.0080324798261292,-0.2884620640789693,-0.0571157563651501,0
807727,"McAdoo, Charles",TOR,2026,2026,-0.2212109375096413,-0.2215603654906225,0.0003494279809812,1,0.0664018476256074,0.0,-0.28796221311623,1,0.0017435510744267,-0.0013941230934455,-0.1029427646098893,-0.0192093227923759,0
663647,"Hayes, Ke'Bryan",CIN,2026,2026,-0.2266550291195607,0.2213533982592254,-0.4480084273787861,6,0.4171156703303932,0.0,-0.1957622720711678,5,0.0302470364373465,-0.4782554638161327,-0.7309236947624207,-1.2278424508511885,1
656577,"Jackson, Alex",MIN,2026,2026,-0.2301152455924321,-0.1819552063256676,-0.0481600392667644,6,0.3901039160470367,0.0,-0.5720591223727044,6,-0.0270993202465275,-0.0210607190202368,-0.4319176374866309,-0.2160361800895048,0
680718,"Barger, Addison",TOR,2026,2026,-0.2413376752209152,-0.2363633067491878,-0.0049743684717274,1,0.0019514452456154,0.0,-0.2383147519948033,1,-0.0172927413319679,0.0123183728602404,-0.1138391218702173,-0.0181340023870528,0
642851,"Wynns, Austin",TEX,2026,2026,-0.2430309197822688,-0.1453826367198819,-0.0976482830623869,2,0.1496825903867879,0.0,-0.2950652271066698,2,-0.0895264317899781,-0.0081218512724087,-0.892428139475808,-0.0475327452959688,0
665561,"Marchán, Rafael",PHI,2026,2026,-0.2432159712053311,-0.1541938106689611,-0.0890221605363699,1,0.2257751084442462,0.0,-0.3799689191132073,1,-0.0816827291717951,-0.0073394313645748,-0.7008483914738473,-0.0449759378772328,0
592450,"Judge, Aaron",NYY,2026,2026,-0.2487465541469425,0.2995301248493199,-0.5482766789962625,22,0.8016936282836117,0.0,-0.5021635034342916,15,-0.5602553585153225,0.0119786795190599,-0.2080228267682872,-0.1276232494580662,7
672613,"Alfonzo, Eliezer",LAD,2026,2026,-0.2491270598463341,-0.2416693460226791,-0.007457713823655,1,0.0062751049025191,0.0,-0.2479444509251983,1,-0.0099461167344894,0.0024884029108344,-0.101106359413217,-0.0179594150947299,0
701852,"Cavanaugh, Drew",SF,2026,2026,-0.2527474775814145,-0.0746645108447769,-0.1780829667366375,4,0.2768924366865625,0.0,-0.3515569475313395,4,-0.1172659729147159,-0.0608169938219217,-1.320613988751662,-0.4274494164928896,0
681807,"Fry, David",CLE,2026,2026,-0.2529358615970332,-0.1570002295197448,-0.0959356320772884,8,0.544554391388413,0.0,-0.7015546209081578,8,-0.0780591747619947,-0.0178764573152936,-1.4155767554527832,-0.1924956395250836,0
678577,"Perez, Junior",CWS,2026,2026,-0.2550228143555952,0.2197731551279151,-0.4747959694835104,3,0.2330915244262767,0.0,-0.0133183692983616,2,-0.4540659866077166,-0.0207299828757938,-1.1070588721899572,-0.1100534987619202,1
543760,"Semien, Marcus",NYM,2026,2026,-0.2614711822108864,0.637425816031605,-0.8988969982424914,27,1.6249016119770552,0.0,-0.9874757959454502,20,-0.8190746001312306,-0.0798223981112615,-1.9897766893619215,-0.4949840521650212,7
642708,"Rosario, Amed",NYY,2026,2026,-0.2646722195751086,-0.3344672310982101,0.0697950115231014,8,0.2012798209181524,0.0,-0.5357470520163626,7,0.089454838050846,-0.0196598265277445,-0.2184029615010232,-0.2667516478031712,1
676724,"Young, Jared",NYM,2026,2026,-0.2650510344944833,-0.4472257463913239,0.1821747118968405,19,1.2322791224902996,-0.8380064212745173,-0.8414984476071065,17,0.2553755591937827,-0.0732008472969419,-0.4104958447243552,-0.5370881589504491,2
663853,"Gonzalez, Romy",BOS,2026,2026,-0.2668793230775466,0.0474963163366487,-0.3143756394141953,6,0.0780313247758277,0.0,-0.030535008439179,4,0.1598425319848468,-0.4742181713990422,0.4734116415104899,-1.151187565359043,2
665953,"Chaparro, Andrés",WSH,2026,2026,-0.2826680432631455,-0.2005464297002215,-0.082121613562924,6,0.3777387305430066,0.0,-0.5782851602432281,6,-0.0597088697637032,-0.0224127437992207,-0.6617765587896788,-0.1572702045133343,0
593871,"Polanco, Jorge",NYM,2026,2026,-0.294036141111742,-0.2760542923251032,-0.0179818487866387,4,0.1696562122487006,0.0,-0.4457105045738039,4,0.0058818308010956,-0.0238636795877343,-0.4960915787095161,-0.1408121069531649,0
687231,"Hernaiz, Darell",ATH,2026,2026,-0.2948940991509338,-0.4178802809923505,0.1229861818414166,11,0.7595524298961784,-0.8205801347817792,-0.3568525761067497,10,0.1587181037295208,-0.0357319218881041,0.0558254508003898,-0.2466153965463898,1
682626,"Alvarez, Francisco",NYM,2026,2026,-0.2961736515463889,0.343353291333388,-0.639526942879777,17,0.957123518078008,0.0,-0.6137702267446201,16,-0.5647795800670246,-0.0747473628127526,-3.042756185795675,-0.5507091196668319,1
694514,"Thompson, Sterlin",COL,2026,2026,-0.2979460774744521,-0.2766171823265771,-0.0213288951478749,6,0.4229446489594655,0.0,-0.6995618312860427,6,0.0002433776017466,-0.0215722727496216,-0.5225451461863503,-0.1386754593687175,0
672515,"Moreno, Gabriel",AZ,2026,2026,-0.3059650087308436,-0.5235906774566397,0.217625668725796,41,1.3045747194892956,0.0,-1.8281653969459355,36,0.2071906040572564,0.0104350646685396,0.0558569552548728,-0.5509653820719445,5
680728,"Del Castillo, Adrian",AZ,2026,2026,-0.3155692926693076,-0.3517602375707088,0.0361909449014011,5,0.0904308933597323,0.0,-0.4421911309304412,4,0.0954105803747413,-0.0592196354733401,-0.8444387227525473,-0.3950899882888036,1
676609,"Caballero, José",NYY,2026,2026,-0.3193861704764333,1.4868850567201095,-1.8062712271965429,58,1.817668007149965,0.0,-0.3307829504298559,24,-0.5798690864759388,-1.2264021407206038,5.309872247589764,-0.3691418558975241,34
682634,"Alcántara, Kevin",CHC,2026,2026,-0.3322023360887164,-0.3093862423091253,-0.022816093779591,1,0.0144417403989854,0.0,-0.3238279827081107,1,-0.0165893834978428,-0.0062267102817482,-0.3871003910410563,-0.0416233215489014,0
645277,"Albies, Ozzie",ATL,2026,2026,-0.3507445234997539,1.0380474208503423,-1.3887919443500962,41,2.39123313662185,0.0,-1.3531857157715064,37,-1.3068191977322907,-0.0819727466178061,-5.444269073541959,-0.6395569404091215,4
681715,"Hernández, Heriberto",MIA,2026,2026,-0.3568262046306549,-0.2756576308791708,-0.0811685737514841,25,0.870235239347583,-0.7606907492467987,-0.385202120979955,18,-0.0157775968361571,-0.0653909769153271,0.7917112830445431,-0.4098970684575253,7
595879,"Báez, Javier",DET,2026,2026,-0.3574544908218587,0.4071795558270712,-0.76463404664893,22,1.6549333111938234,-0.9235594226679892,-0.3241943326987628,19,-0.2822358745095256,-0.4823981721394043,-0.9218335933505012,-1.244122367875793,3
656775,"Mullins, Cedric",TB,2026,2026,-0.360521524928893,0.4319689044868261,-0.7924904294157191,31,0.9980025891585136,0.0,-0.5660336846716871,15,-0.7247298510469495,-0.0677605783687695,2.0397140444453075,-0.5601808346434549,16
518595,"d'Arnaud, Travis",LAA,2026,2026,-0.3618199421743223,-0.3009562641346027,-0.0608636780397195,2,0.0019575653464381,0.0,-0.3029138294810409,2,-0.0568251527427959,-0.0040385252969236,-0.5290032350242857,-0.0358992248384834,0
700250,"Rice, Ben",NYY,2026,2026,-0.3643067491081229,-0.7764480451014414,0.4121412959933185,35,1.8403082614897024,-0.8839087530688031,-1.7328475535223404,32,0.3052899624233884,0.10685133356993,-1.5952723776382558,0.2826971211889073,3
457705,"McCutchen, Andrew",TEX,2026,2026,-0.3666280394576646,-0.3337762776558052,-0.0328517618018593,3,0.1213909513930719,0.0,-0.4551672290488772,3,-0.0274916935827507,-0.0053600682191086,-0.4907618904424845,-0.0530963548334388,0
519317,"Stanton, Giancarlo",NYY,2026,2026,-0.3690713713502471,-0.539178237808419,0.1701068664581718,5,0.1514527556435581,0.0,-0.6906309934519772,4,0.1800299141447662,-0.0099230476865943,0.5824515432320931,-0.078963999033736,1
701762,"Kurtz, Nick",ATH,2026,2026,-0.3718348098068424,-0.7952945291854259,0.4234597193785834,35,1.4552498320077072,-0.935870298390101,-1.3146740628030316,28,0.3375509710731202,0.0859087483054631,-0.2898103716039747,-0.0093845276338643,7
664056,"Bader, Harrison",SF,2026,2026,-0.3731408194899619,-0.3325128903913238,-0.040627929098638,9,0.2560633098082303,0.0,-0.5885762001995544,9,-0.0402456921406241,-0.0003822369580138,-0.5656514134082781,-0.1151195156052807,0
669242,"Edman, Tommy",LAD,2026,2026,-0.3758421469332147,0.1849206326111847,-0.5607627795443995,22,1.051956636994274,0.0,-0.8670360043830894,15,-0.7918019808559282,0.2310392013115287,-1.6359298899887798,0.9261747480387434,7
646240,"Devers, Rafael",SF,2026,2026,-0.3954856375422716,-0.0504129618348412,-0.3450726757074304,41,2.264904553121887,0.0,-2.315317514956728,41,-0.2468414354384545,-0.0982312402689757,-3.737998414598928,-0.6908081288601531,0
678218,"Valenzuela, Brandon",TOR,2026,2026,-0.3965094654458595,-0.2668907284486776,-0.1296187369971818,11,0.6724855471451106,0.0,-0.9393762755937882,11,-0.1050074002198147,-0.0246113367773671,-2.297845188872504,-0.363783552711995,0
681624,"Pages, Andy",LAD,2026,2026,-0.3990948479157735,0.2896110226177767,-0.6887058705335503,61,3.0040991881570123,-1.5222479850902375,-1.1922401804489973,43,-1.030478202682414,0.3417723321488636,-0.7912055148590262,1.3794438590905844,18
624431,"Trevino, Jose",CIN,2026,2026,-0.4138009513994665,-0.4537295005710127,0.0399285491715462,2,0.0250413153731501,0.0,-0.4787708159441629,2,0.0383148670430096,0.0016136821285365,-0.2767191271612059,-0.0295719309115379,0
641355,"Bellinger, Cody",NYY,2026,2026,-0.4264377172680249,1.5233066010827965,-1.9497443183508212,50,3.7581292843223735,-1.5219768252662798,-0.7128458579732974,39,-2.156901416923284,0.207157098572463,-5.436230985604804,0.3318054956393348,11
691781,"House, Brady",WSH,2026,2026,-0.4288008218937749,-0.7074792773860646,0.2786784554922897,16,0.7099772816469437,-0.84985020868799,-0.567606350345018,14,0.3195324157979672,-0.0408539603056774,0.5291696867364098,-0.3289648699867415,2
694384,"Schanuel, Nolan",LAA,2026,2026,-0.4290095197718306,-0.3509065409174683,-0.0781029788543622,36,2.5038638153267105,-0.8129799726256374,-2.041790383618541,35,-0.0853884539277048,0.0072854750733424,-3.3383503784506563,-0.3820043798982587,1
680977,"Donovan, Brendan",SEA,2026,2026,-0.4298527960909233,0.4804670008970459,-0.9103197969879692,11,0.6320722725351653,0.0,-0.1516052716381193,8,-1.0437138405744495,0.1333940435864799,-3.9087712432813255,0.5013283083146333,3
672356,"Arias, Gabriel",NYM,2026,2026,-0.435498631948287,-0.8810592142873386,0.4455605823390516,11,0.4708951344394032,-0.926020978476261,-0.4259333702504809,8,0.2970967832045013,0.1484637991345502,0.4591720583754521,0.6720602844316262,3
682927,"Simon, Ronny",PIT,2026,2026,-0.4360595192158275,-0.6284344016833521,0.1923748824675245,6,0.1996391950145407,-0.7808302139242741,-0.0472433827736186,5,0.1982751620477132,-0.0059002795801887,0.6861130176691635,-0.056100052123564,1
669394,"Burger, Jake",TEX,2026,2026,-0.4382216530167515,-0.3355406805352766,-0.1026809724814748,23,0.7790563985525648,0.0,-1.1145970790878417,22,-0.0341765209707148,-0.06850445151076,-1.897804242969212,-0.4911680012930149,1
673490,"Kim, Ha-Seong",ATL,2026,2026,-0.4400752335798548,-0.6261599785050135,0.1860847449251586,5,0.1846632230545031,-0.8108232015595166,0.0,4,0.1988533777102876,-0.012768632785129,0.9128931565335928,-0.0850196082819664,1
703492,"Morabito, Nick",NYM,2026,2026,-0.4504577371746631,0.0,-0.4504577371746631,1,0.0,0.0,0.0,0,-0.4504577371746631,0.0,-1.0106143390896705,0.0,1
695681,"Moore, Christian",LAA,2026,2026,-0.4552685922556587,-0.0018928354405232,-0.4533757568151355,1,0.0,0.0,-0.0018928354405232,0,-0.4603426299654444,0.0069668731503088,-1.1278757954774867,-0.0079199999548133,1
696030,"Osuna, Alejandro",TEX,2026,2026,-0.4580831867063265,0.0271827190886432,-0.4852659057949697,19,1.2394088710626698,-0.7814565793906765,-0.4307695725833499,14,-0.6726806557006039,0.1874147499056339,-2.73023784512542,0.7750980294778836,5
650391,"Jiménez, Eloy",TOR,2026,2026,-0.4585001659322776,-0.41725387877285,-0.0412462871594276,1,0.1246483814478598,0.0,-0.54190226022071,1,-0.0346586492066808,-0.0065876379527467,-0.2485425396824815,-0.0384997282417364,0
807799,"Yoshida, Masataka",BOS,2026,2026,-0.4592836864379326,-0.627551788617705,0.1682681021797723,23,0.3770852723907738,0.0,-1.004637061008479,21,0.2448931678220487,-0.0766250656422762,-0.7069117239845666,-0.5645124152337495,2
693459,"Fedko, Kyler",MIN,2026,2026,-0.4628147055017239,0.0,-0.4628147055017239,1,0.0,0.0,0.0,0,-0.4625727193618469,-0.0002419861398769,-1.170987103714399,-0.0068573980736905,1
687401,"Ortiz, Joey",MIL,2026,2026,-0.4689601932031543,0.0861691666587,-0.5551293598618543,29,0.9307650467975372,0.0,-0.8445958801388371,18,-0.7007657794231357,0.1456364195612811,-0.0627425456422281,0.4232439201752545,11
680664,"Valencia, Eduardo",DET,2026,2026,-0.4705538059849761,-0.4419966055542732,-0.0285572004307029,3,0.1125840505497111,0.0,-0.5545806561039844,3,-0.014753349646531,-0.0138038507841718,-0.3271224695342954,-0.0884748672035631,0
669397,"Allen, Nick",HOU,2026,2026,-0.4712640491902331,-0.5126271413438537,0.0413630921536205,16,0.845825522100585,-0.9326081372994344,-0.4258445261450043,15,0.1007954916926978,-0.0594323995390772,-0.1130194765976735,-0.4699889723495426,1
656582,"Joe, Connor",SEA,2026,2026,-0.476447838554143,-0.6740996603121078,0.1976518217579647,6,0.3993784185266952,-0.9980485547543844,-0.0754295240844185,5,0.2130329435770149,-0.0153811218190502,0.6678782763807025,-0.0975846476650347,1
641598,"Garver, Mitch",SEA,2026,2026,-0.4838381159581231,-0.4894252281383239,0.0055871121802008,8,0.3000390210133483,0.0,-0.7894642491516721,7,0.0538907714074,-0.0483036592271992,-0.6271682799695029,-0.3282924856797918,1
643446,"McNeil, Jeff",ATH,2026,2026,-0.5024724671279172,-0.3213181778474885,-0.1811542892804286,22,0.8222181883270563,0.0,-1.1435363661745446,18,0.1880791445170986,-0.369233433797527,-1.1711634325890383,-0.7766910100700436,4
605141,"Betts, Mookie",LAD,2026,2026,-0.5028649709057991,0.2012049496810594,-0.7040699205868586,23,1.0340269117119718,0.0,-0.8328219620309122,20,-0.2573408010478183,-0.4467291195390401,-2.811072215486632,-1.2080355896285673,3
691777,"Muncy, Max",ATH,2026,2026,-0.5142147930821189,-0.5361711166140897,0.0219563235319707,19,0.522591737461338,0.0,-1.0587628540754277,15,0.0539939326287818,-0.032037609096811,0.4012720064191378,-0.3112106050294611,4
602104,"Urías, Ramón",STL,2026,2026,-0.522704325416349,-0.0050805567759324,-0.5176237686404166,6,0.1327172181682779,0.0,-0.1377977749442103,5,-0.5101634526125773,-0.007460316027839,-1.6199186881994607,-0.0836887399401663,1
650859,"Rengifo, Luis",SD,2026,2026,-0.52951441284108,-0.1841722828496917,-0.3453421299913883,28,1.2845943611252386,-0.7864318478076638,-0.6823347961672667,22,-0.2721992842895957,-0.0731428457017926,-0.7843395627333251,-0.5990922716167622,6
699013,"Valdez, Esmerlyn",PIT,2026,2026,-0.530849219637733,-0.4530376236896292,-0.0778115959481038,15,0.2966386655294279,0.0,-0.749676289219057,15,-0.0419908343927072,-0.0358207615553965,-1.0076864648255894,-0.2830942814770982,0
669720,"Hays, Austin",SD,2026,2026,-0.5429559961365742,-0.0859304889379945,-0.4570255071985797,2,0.0418268170850177,0.0,-0.1277573060230122,1,-0.4609243310498098,0.0038988238512301,-1.3401594161197936,-0.0148785149856075,1
669357,"Gorman, Nolan",STL,2026,2026,-0.543916888524621,-0.4239477247193119,-0.1199691638053089,8,0.4077357305212142,0.0,-0.8316834552405263,8,-0.0920422396401842,-0.0279269241651246,-1.68863260575842,-0.1890640992837772,0
682674,"Bericoto, Victor",SF,2026,2026,-0.5518123064821492,-0.0900590309998245,-0.4617532754823246,5,0.0195762254536527,0.0,-0.1096352564534772,4,-0.4351715573388559,-0.0265817181434688,-1.0948601186851694,-0.1418629427497173,1
645305,"Sánchez, Ali",NYY,2026,2026,-0.5595237074463826,0.007185731309394,-0.5667094387557766,4,0.3647802847723043,0.0,-0.3575945534629102,3,-0.4941377601217301,-0.0725716786340464,-1.6346452710082109,-0.3941848039364327,1
687859,"Johnston, Troy",COL,2026,2026,-0.5650304449088992,0.2741097820096754,-0.8391402269185747,43,1.9331555065391663,-0.757037906631431,-0.90200781789806,36,-1.1725027415846163,0.3333625146660413,-4.2079097260631455,1.4029304770590845,7
686668,"Doyle, Brenton",CWS,2026,2026,-0.5709404107867123,-1.531652100529721,0.9607116897430088,25,0.6972692066887517,-1.5541636050974676,-0.674757702121005,13,0.9847624632240412,-0.0240507734810327,6.452920132005003,-0.2723349260286015,12
664761,"Bohm, Alec",PHI,2026,2026,-0.5718141448471447,-0.8227304365410992,0.2509162916939546,26,0.7954681810145555,0.0,-1.6181986175556546,24,0.1344068873229833,0.1165094043709712,-1.9216116624126327,0.3534116472755637,2
643376,"Jansen, Danny",TEX,2026,2026,-0.5813277610743983,-0.2798228437061261,-0.3015049173682721,11,0.3168748668815696,0.0,-0.5966977105876957,9,-0.2752539171534729,-0.0262510002147991,-0.6895641501188828,-0.1603724810644083,2
675961,"Williams, Alika",ATH,2026,2026,-0.5987751530190916,-0.0108759804563734,-0.5878991725627182,18,0.8368224753095646,0.0,-0.8476984557659375,17,-0.5290122309380623,-0.0588869416246559,-1.858074198423352,-0.3670188068088931,1
647304,"Naylor, Josh",SEA,2026,2026,-0.6090699917971238,-3.704910169076821,3.0958401772796966,50,0.8054614471085133,-2.62243350351328,-1.8879381126720545,29,2.664621156570574,0.4312190207091219,11.64968767291519,1.6122651313750769,21
621566,"Olson, Matt",ATL,2026,2026,-0.6174844007647675,-0.4308289309418134,-0.1866554698229541,47,2.0476746036782787,-0.9725053797490584,-1.5059981548710335,46,-0.031699102409978,-0.1549563674129762,-2.391922721146265,-0.9822407683728346,1
655316,"Monasterio, Andruw",BOS,2026,2026,-0.6236133948844667,0.0728308062619057,-0.6964442011463724,34,1.2617289213662808,-0.793454177237406,-0.3954439378669686,26,-0.2970373353017926,-0.3994068658445793,-0.1729088162912186,-0.9155079768013564,8
676475,"Burleson, Alec",STL,2026,2026,-0.6361074240527718,-0.5249816237038982,-0.1111258003488735,46,1.8368659505985792,0.0,-2.361847574302477,42,0.0236043995667714,-0.1347301999156447,-0.934301385802311,-0.9746878517492912,4
543510,"McCann, James",AZ,2026,2026,-0.6375728564393042,-0.5396515841393127,-0.0979212722999914,5,0.1263076362998381,0.0,-0.665959220439151,5,-0.0691897629284238,-0.0287315093715675,-0.8460819864807433,-0.1782864476597514,0
691458,"Jordan, Blaze",STL,2026,2026,-0.6624217749982251,-0.5914827281908214,-0.0709390468074037,12,0.6224575868360606,-0.954431270989379,-0.259509044037503,12,-0.0574551015598441,-0.0134839452475596,-0.8651753659570494,-0.0889451620814575,0
700337,"Quero, Edgar",CWS,2026,2026,-0.662426409189428,-0.6374296873218828,-0.0249967218675452,4,0.1679637247436167,0.0,-0.8053934120654994,3,0.0016708421335125,-0.0266675640010578,-0.8340717065106225,-0.287852971284951,1
679822,"Foscue, Justin",TEX,2026,2026,-0.6638748645533246,-0.0755847344974365,-0.588290130055888,6,0.6235927238907705,0.0,-0.699177458388207,5,-0.5278998911465672,-0.0603902389093209,-1.80903252512514,-0.3769909174804652,1
687605,"Pinckney, Andrew",WSH,2026,2026,-0.6640445427536923,-0.8600092878700201,0.1959647451163278,4,0.0811925912522512,-0.752422176657739,-0.1887797024645323,3,0.2001373489453387,-0.0041726038290108,0.9929841343256696,-0.0299480405779175,1
695490,"Arroyo, Edwin",CIN,2026,2026,-0.6645590829500475,-0.329450607572921,-0.3351084753771265,12,0.845467709700191,-0.7504408384227627,-0.4244774788503493,10,-0.3097063193488844,-0.0254021560282422,-1.2904112986444267,-0.2916767184698504,2
592626,"Pederson, Joc",TEX,2026,2026,-0.6701973000954522,-0.8015468323212378,0.1313495322257855,23,1.297456083105215,-0.8530524884611529,-1.2459504269653003,21,0.1776170172384112,-0.0462674850126256,-1.267267437817624,-0.3870911180256177,2
668939,"Rutschman, Adley",BOS,2026,2026,-0.6785069063176898,-0.4246039754146433,-0.2539029309030465,20,0.8254024202813739,-0.8081453589506982,-0.4418610367453189,20,-0.23637690698775,-0.0175260239152965,-2.841875757218847,-0.3076767186034969,0
656305,"Chapman, Matt",SF,2026,2026,-0.6785525389600823,0.1093016006745309,-0.7878541396346133,31,1.473682239742136,0.0,-1.3643806390676052,30,-0.7152696974292847,-0.0725844422053283,-4.42403614154875,-0.4447984396223216,1
663993,"Lowe, Nathaniel",CLE,2026,2026,-0.6847571499230302,-0.6220203290924798,-0.0627368208305502,19,0.9146018182801712,0.0,-1.5366221473726505,19,-0.0434448949019172,-0.019291925928633,-1.3502310214430748,-0.3062339926911156,0
691907,"Cheng, Tsung-Che",BOS,2026,2026,-0.6867686268184253,-0.1911277982393036,-0.4956408285791217,5,0.1355432002555653,0.0,-0.326670998494869,4,-0.4990235813233755,0.0033827527442538,-1.4938858568582896,-0.0092284686825034,1
666397,"Julien, Edouard",COL,2026,2026,-0.6936650229113299,-0.1845322562167325,-0.5091327666945974,28,1.7043131128851918,-0.8743895052158842,-1.01445586388604,23,-0.448828199230626,-0.0603045674639713,-2.3898810962625707,-0.435441618937471,5
641487,"Crawford, J.P.",SEA,2026,2026,-0.7075191201597617,0.2619858955162816,-0.9695050156760432,11,0.7489125730686944,0.0,-0.486926677552413,10,-0.3531994478650621,-0.616305567810981,-4.330209000242376,-1.986246216565249,1
669134,"Campusano, Luis",SD,2026,2026,-0.7108515924484108,-0.7001282148305017,-0.0107233776179091,10,0.6260560208758319,-0.9042948217889438,-0.4218894139173898,10,0.0060322155567356,-0.0167555931746448,-0.6339916580374804,-0.2609534569187521,0
596117,"Stubbs, Garrett",PHI,2026,2026,-0.7250098082630156,-0.7046847167277139,-0.0203250915353016,2,0.1133862377171575,-0.8151626261989428,-0.0029083282459287,2,-0.0154940780554189,-0.0048310134798826,-0.4143250144595347,-0.0416660584278557,0
542303,"Ozuna, Marcell",PIT,2026,2026,-0.7484352196106463,-0.5787257126056014,-0.1697095070050449,7,0.1632287481747854,0.0,-0.7419544607803868,7,-0.1501795948188271,-0.0195299121862178,-1.6583370568871254,-0.213694613060639,0
676439,"Feduccia, Hunter",LAD,2026,2026,-0.7537320939887132,-0.7482959850365243,-0.0054361089521889,15,0.5427725394741225,-0.8539539226881775,-0.4371146018224692,15,0.030720838262954,-0.0361569472151429,-1.1354621154392517,-0.2548079153093687,0
686527,"Canzone, Dominic",SEA,2026,2026,-0.7622319111210973,-0.3525237771770504,-0.4097081339440468,19,0.8200806482897552,0.0,-1.172604425466805,17,-0.3735967070447866,-0.0361114268992601,-2.568763081743547,-0.3531137889617428,2
641680,"Heim, Jonah",ATH,2026,2026,-0.7754811741304777,-0.497652987674984,-0.2778281864554935,13,0.5543540394206233,0.0,-1.0520070270956072,13,-0.1910544445385226,-0.0867737419169709,-1.9881141558646256,-0.5277787184282192,0
681508,"Gasper, Mickey",BOS,2026,2026,-0.8027718657309576,-0.2529672160110402,-0.5498046497199174,11,0.3232634631191987,0.0,-0.5762306791302391,10,-0.5231438485608011,-0.0266608011591162,-2.6572805959994703,-0.1810047155286152,1
681481,"Carpenter, Kerry",DET,2026,2026,-0.8043788965199927,-0.5171732257437375,-0.2872056707762553,10,0.310849608765697,0.0,-0.8280228345094344,10,-0.2509247344845083,-0.0362809362917469,-2.569585570852268,-0.3252782077008114,0
666023,"Fermin, Freddy",SD,2026,2026,-0.8058286587069584,-0.2169378054041965,-0.5888908533027619,14,0.7607310993259344,-0.8073334818212871,-0.1703354229088439,13,-0.5748988071312683,-0.0139920461714934,-2.2754501486585594,-0.1761332557656438,1
682663,"Ramírez, Agustín",MIA,2026,2026,-0.8060417765135724,0.0584494720574551,-0.8644912485710277,14,0.7076573164262375,0.0,-0.6492078443687824,11,-0.3486993259261614,-0.5157919226448664,-1.218553628007879,-1.4426562251815742,3
670156,"Mastrobuoni, Miles",SEA,2026,2026,-0.8074512890566252,-0.8031317042892132,-0.0043195847674119,3,0.0155480555626354,-0.7590744957377317,-0.0596052641141169,3,0.0062259866586078,-0.0105455714260198,-0.1630899911290381,-0.0630903474348442,0
677870,"Jiménez, Leo",MIA,2026,2026,-0.8087012844750041,-0.7864832339466999,-0.0222180505283042,11,0.3645434467465346,-0.7922672704277589,-0.3587594102654757,10,-0.0062422532923671,-0.015975797235937,-0.9368343285637204,-0.1858829380838137,1
664023,"Happ, Ian",CHC,2026,2026,-0.8194486333792035,-0.6115056767221404,-0.207942956657063,39,2.029685341004355,-0.7784042289900236,-1.862786788736472,36,-0.1573001578929774,-0.0506427987640858,-2.2890737378151726,-0.5328822906248087,3
687263,"Neto, Zach",LAA,2026,2026,-0.821059260311137,-0.7426405258852601,-0.0784187344258768,69,2.0862560485485866,-1.5322927514335998,-1.2966038230002463,44,-0.9233606156657442,0.8449418812398668,0.9665003917746195,3.8791831240224246,25
669398,"Workman, Gage",SD,2026,2026,-0.8306345932462886,-0.8456160044480823,0.0149814112017936,3,0.0370791973284251,-0.8754952553518881,-0.0071999464246192,3,0.0161172833829314,-0.0011358721811378,-0.1842012497560439,-0.0223252417423104,0
663743,"Fortes, Nick",TB,2026,2026,-0.8529290322184718,-0.7556455102311184,-0.0972835219873534,25,0.9787273941545004,0.0,-1.7343729043856186,24,-0.0419306839645963,-0.0553528380227571,-1.26965847653403,-0.3597782543596881,1
543309,"Higashioka, Kyle",TEX,2026,2026,-0.8645530686566579,-0.7674075296208606,-0.0971455390357973,6,0.0802237780937788,0.0,-0.8476313077146393,6,-0.0665935855251603,-0.030551953510637,-1.360867233614119,-0.1892835744950566,0
669224,"Wells, Austin",NYY,2026,2026,-0.8699230258366363,-0.8606395063841096,-0.0092835194525266,12,0.4014193591863136,0.0,-1.2620588655704232,11,0.0379780728029897,-0.0472615922555163,-1.413829026404713,-0.4078304329722716,1
682177,"Schneemann, Daniel",CLE,2026,2026,-0.881628502837522,-0.5744622953406396,-0.3071662074968824,27,1.4794121610365198,-1.5816729460598702,-0.4722015103172891,21,-0.4208862795809759,0.1137200720840934,-0.8483981167509069,0.4763875892328365,6
695731,"Montgomery, Braden",CWS,2026,2026,-0.8827220028865421,-0.0962959727705198,-0.7864260301160223,25,1.3289395002020243,-0.7861694135433603,-0.6390660594291836,21,-0.69881418655094,-0.0876118435650824,-2.067898515448492,-0.5847706292344081,4
641857,"McMahon, Ryan",NYY,2026,2026,-0.8958560065540644,-0.4615770635923575,-0.4342789429617069,21,0.8208996330823781,-0.8783823019935378,-0.4040943946811978,16,-0.8736941637724231,0.4394152208107164,-3.4353874839372804,1.8327114136137568,5
621438,"Taylor, Tyrone",CHC,2026,2026,-0.8962886469273196,-0.4575122050822395,-0.43877644184508,18,0.6705887053602947,-0.8698610985866961,-0.2582398118558381,16,-0.4084243420429975,-0.0303520998020824,-1.773592445651086,-0.3403587480718164,2
595978,"Hedges, Austin",CLE,2026,2026,-0.9019390677767836,-0.7878284847139331,-0.1141105830628503,11,0.4294522475711888,0.0,-1.2172807322851222,10,-0.2956239461221495,0.181513363059299,-2.704830885025961,0.6898452520220066,1
670224,"Misner, Kameron",KC,2026,2026,-0.9117129229785148,-0.7916956546548358,-0.120017268323679,4,0.0,-0.7811369342175708,-0.010558720437265,1,-0.106534555117772,-0.0134827132059069,0.3841147805806179,-0.0826800781547886,3
656976,"Smith, Pavin",AZ,2026,2026,-0.9211075554770088,-1.0253172113020883,0.1042096558250796,5,0.0750774319295408,-0.8914239948817707,-0.2089706483498585,4,0.1182140344707832,-0.0140043786457036,-0.0032436686243419,-0.0968704448573567,1
668952,"Kreidler, Ryan",MIN,2026,2026,-0.9231583589345836,-0.772669539246043,-0.1504888196885405,21,1.0521176991555974,-1.6141966474161693,-0.210590590985471,15,-0.7092863971758873,0.5587975774873468,-1.8859545943755864,2.7277728569786217,6
664774,"Wade Jr., LaMonte",HOU,2026,2026,-0.9247651614157923,-0.7990008414104472,-0.1257643200053451,7,0.4357416813793443,-0.7971649575976616,-0.4375775651921301,7,-0.0926619908019615,-0.0331023292033836,-1.1534778879676084,-0.1840467778241989,0
622268,"Walton, Donovan",ATH,2026,2026,-0.926548790393896,-0.366254014063203,-0.5602947763306931,20,0.3938093681954374,0.0,-0.7600633822586407,19,-0.6065954841566141,0.046300707825921,-2.8503781183274084,-0.1356860166506379,1
666126,"Cortes, Carlos",ATH,2026,2026,-0.9631289581378764,-1.1060289872126907,0.1429000290748143,18,0.9277245905691288,-1.6393099809305665,-0.3944435968512532,17,0.0813322141653041,0.0615678149095102,-1.4764354165680968,-0.0181640842331096,1
670623,"Paredes, Isaac",HOU,2026,2026,-0.985772291314084,-0.6945606461049446,-0.2912116452091394,29,0.8467081027963124,0.0,-1.541268748901257,29,-0.2542363847299459,-0.0369752604791934,-3.7414784867133504,-0.5198398389889688,0
609280,"Andujar, Miguel",SD,2026,2026,-0.9916070090178744,0.0719483318743614,-1.0635553408922358,25,1.1487250183294129,0.0,-1.0767766864550512,20,-0.98446398864257,-0.0790913522496654,-2.098904662159334,-0.6189982307720073,5
665489,"Guerrero Jr., Vladimir",TOR,2026,2026,-0.9937669513130792,-0.865871396378883,-0.1278955549341963,47,2.62054530522396,-0.768757931909917,-2.717658769692926,41,-0.0026602164316879,-0.1252353385025081,-1.6555581097801229,-0.8820244369337015,6
694728,"Matthews, Brice",HOU,2026,2026,-1.0107063708839692,0.3406819121369462,-1.3513882830209154,20,0.8983012254062711,0.0,-0.5576193132693247,13,-1.5313878796902225,0.1799995966693069,-3.677747308353832,0.7990146343645035,7
691594,"Sanoja, Javier",MIA,2026,2026,-1.0110193441229094,-0.4408914654422009,-0.5701278786807085,44,2.042836443352303,-1.7083176605339707,-0.7754102482605335,36,-0.4773391942256887,-0.0927886844550194,-2.104425176969143,0.4997726899805848,8
673237,"Diaz, Yainer",HOU,2026,2026,-1.0218394682936651,-0.8372755677859997,-0.1845639005076657,10,0.2446878988972319,0.0,-1.0819634666832316,10,-0.1258129698331826,-0.058750930674483,-1.4103883464343945,-0.3534625814789718,0
665966,"Narváez, Carlos",BAL,2026,2026,-1.021915570492797,-1.0747046899134003,0.0527891194206035,14,0.4548747551421184,-0.9493713803024362,-0.5802080647530828,13,-0.1009663398398954,0.153755459260499,-1.2987855160289583,0.7026158872095242,1
686948,"Baldwin, Drake",ATL,2026,2026,-1.0244152937874302,-1.0713413558060711,0.0469260620186408,23,1.4391256871853868,0.0,-2.5104670429914573,21,0.1231086681534642,-0.0761826061348235,-2.2795616768593545,-0.5837340490571076,2
806146,"Lombard Jr., George",NYY,2026,2026,-1.0453493863069117,-0.5393156814652713,-0.5060337048416402,5,0.267698884317896,-0.7560356703141865,-0.0509788954689809,4,-0.5046097844264003,-0.0014239204152398,-1.4605663145735828,-0.0124768167101109,1
663728,"Raleigh, Cal",SEA,2026,2026,-1.051018899881508,-0.7220831750184267,-0.3289357248630812,12,0.6354520417996273,0.0,-1.3575352168180543,9,-0.4578641866798081,0.128928461816727,-3.016831912996566,0.4757756754798805,3
608369,"Seager, Corey",TEX,2026,2026,-1.0516653643593052,-0.922701891520867,-0.1289634728384381,13,0.4538817424795643,0.0,-1.3765836340004316,13,-0.0512573994000295,-0.0777060734384085,-1.720296327271274,-0.5693223443356958,0
596019,"Lindor, Francisco",NYM,2026,2026,-1.0634307003105237,0.2542561645415477,-1.3176868648520714,30,1.7254455697458984,-0.7690427320774941,-0.7021466731268566,26,-1.292161188850798,-0.0255256760012733,-4.302014238750223,-0.2104553757638824,4
669289,"Espinal, Santiago",LAD,2026,2026,-1.0661494353610304,-1.0986108908360377,0.0324614554750071,5,0.0443687051899899,-0.7546977043858139,-0.3882818916402136,5,0.0033172254772775,0.0291442299977295,-0.1781379999110721,0.0019219815558898,0
666464,"Encarnacion, Jerar",SF,2026,2026,-1.0683388069152266,-1.0481594040072897,-0.0201794029079372,2,0.003337348417053,-0.9439076139200298,-0.1075891385043126,2,-0.0196620451098691,-0.000517357798068,-0.213222568712777,-0.0051727323482381,0
679529,"Torkelson, Spencer",DET,2026,2026,-1.0699057142878836,-0.3144449686018449,-0.7554607456860387,29,1.1153158968128771,0.0,-1.4297608654147225,28,-0.6375521926797766,-0.117908553006262,-3.641442697851456,-0.8848737131767238,1
807713,"Shaw, Matt",CHC,2026,2026,-1.077622866330738,-0.7214825213575626,-0.3561403449731753,17,1.0793792450986417,-1.5857500460888574,-0.2151117203673467,12,-0.3543462232618501,-0.0017941217113251,0.0615455920492431,-0.1632732984418462,5
683734,"Vaughn, Andrew",MIL,2026,2026,-1.088885738169596,-0.7429891736638062,-0.3458965645057897,20,0.8899066111244089,0.0,-1.6328957847882153,20,-0.272396410025656,-0.0735001544801337,-2.726232234525161,-0.5271865597632829,0
640902,"Pereda, Jhonny",SEA,2026,2026,-1.1064481375413278,-1.108399684288272,0.0019515467469442,3,0.1576326345685003,-0.9848490888033372,-0.2811832300534352,3,0.009953246865346,-0.0080017001184017,-0.8066809996514934,-0.0839028056628559,0
660821,"Sánchez, Jesús",TOR,2026,2026,-1.1216310736083632,-0.6762285283633191,-0.4454025452450441,19,0.9487421647995556,-0.784039085642812,-0.8409316075200628,17,-0.3998536878741185,-0.0455488573709255,-1.6673332851099738,-0.4445626527308223,2
514888,"Altuve, Jose",HOU,2026,2026,-1.133664358342796,-0.242190646908786,-0.8914737114340101,31,1.4765034155633123,-0.7539537115390316,-0.964740350933067,24,-1.0073946756238912,0.1159209641898812,-3.3567629849477387,0.3193604564785857,7
680779,"Davis, Henry",PIT,2026,2026,-1.1355354490882126,-1.0453742880729762,-0.0901611610152364,15,0.6021691044375486,-0.9207570603525016,-0.726786332158023,12,-0.2621003521539121,0.1719391911386755,-1.4561391625993476,0.7314498716986582,3
702284,"Young, Cole",SEA,2026,2026,-1.1409197421302828,0.6589246806507887,-1.7998444227810717,45,2.3668219221473352,-0.7915978966410802,-0.9162993448554668,39,-1.734760422734754,-0.0650840000463173,-7.079869147759272,-0.5867630059187356,6
665804,"Amaya, Miguel",CHC,2026,2026,-1.145892246960717,-1.052036279911449,-0.0938559670492677,10,0.3538141539620908,0.0,-1.4058504338735398,10,-0.0340478532085003,-0.0598081138407673,-1.1543708240983976,-0.3535348853183068,0
680777,"Jeffers, Ryan",MIN,2026,2026,-1.1598195017708248,-1.038302505894795,-0.1215169958760297,18,1.437271442109309,-0.7920585915571569,-1.6835153564469467,18,-0.091417057083084,-0.0300999387929457,-2.0051700710677194,-0.2820850265461104,0
669004,"Melendez, MJ",NYM,2026,2026,-1.1631982694791705,-0.1561316978702931,-1.0070665716088774,9,0.5123614862005219,0.0,-0.668493184070815,7,-0.9714899339064682,-0.0355766377024094,-3.1269300009212744,-0.2523322443708772,2
665742,"Soto, Juan",NYM,2026,2026,-1.1706399754928318,-0.5715284081892759,-0.5991115673035561,27,1.3957194649234823,-0.7784531906770628,-1.1887946824356952,22,-0.7389822827634259,0.1398707154598696,-3.469362747574301,0.4843548679214077,5
664770,"Lukes, Nathan",TOR,2026,2026,-1.1863227263246647,-0.4861270517554342,-0.7001956745692305,19,0.9742110127923188,0.0,-1.4603380645477535,18,-0.6729679023481147,-0.0272277722211158,-3.861460764715024,-0.2990140525076452,1
571448,"Arenado, Nolan",AZ,2026,2026,-1.204079967454469,-1.6197972980020034,0.4157173305475343,30,1.1560411551002785,-0.9161584713682068,-1.8596799817340757,27,0.4152508067345165,0.0004665238130179,0.7715579415888146,-0.3838180236600211,3
657757,"Sheets, Gavin",SD,2026,2026,-1.2048196800408335,-1.4306601637209202,0.2258404836800867,23,0.997225360139296,-0.9387797024645324,-1.4891058213956834,21,0.2738172717020992,-0.0479767880220125,-0.1173462477754597,-0.4396995053688746,2
672284,"Kelenic, Jarred",TEX,2026,2026,-1.2060058048671536,-0.7500652630348235,-0.4559405418323302,4,0.2301713581848359,-0.7685286319485671,-0.2117079892710923,3,-0.4525480813479469,-0.0033924604843833,-1.2705623599970552,-0.0615376149864352,1
596142,"Sánchez, Gary",MIL,2026,2026,-1.2193810636243825,-0.9090372764863064,-0.3103437871380762,12,0.3456815024998105,0.0,-1.2547187789861167,12,-0.2755441027758713,-0.0347996843622049,-2.45294998325816,-0.3200551439665099,0
668901,"Vientos, Mark",NYM,2026,2026,-1.229411798858111,-1.0584637423316905,-0.1709480565264204,10,0.2153702480040097,-0.7916852360177515,-0.4821487543179485,10,-0.1244973854034465,-0.0464506711229739,-1.5022173080361068,-0.3130667488524964,0
545361,"Trout, Mike",LAA,2026,2026,-1.2631739182587232,-2.2537955023273977,0.9906215840686744,35,1.7033799360045034,-2.438491105106161,-1.5186843332257385,28,0.8748637178573293,0.1157578662113455,1.8293071312489877,0.121256861894019,7
672386,"Kirk, Alejandro",TOR,2026,2026,-1.2796480741623557,-1.093044755822224,-0.1866033183401317,3,0.0217752788725909,0.0,-1.114820034694815,3,-0.1442145662656296,-0.0423887520745021,-1.7239752652412503,-0.2894884375888373,0
678554,"Mead, Curtis",BOS,2026,2026,-1.2805679906264322,-0.5879605547188954,-0.6926074359075368,29,1.597001611013312,-0.7853318187884686,-1.3996303469437386,25,-0.6492619235909228,-0.0433455123166139,-2.3974296389910794,-0.4268457662811076,4
686452,"Millas, Drew",WSH,2026,2026,-1.3264813841156502,-0.8412225623607283,-0.4852588217549218,9,0.5696578035132787,-0.8138182722461721,-0.5970620936278346,8,-0.4642503755913096,-0.0210084461636121,-2.0015111126553,-0.1783264183305402,1
677800,"Abreu, Wilyer",BOS,2026,2026,-1.346326074199589,-0.4461950660605264,-0.9001310081390625,40,1.551475183099437,-0.753635234642275,-1.2440350145176884,26,-0.9958983793657984,0.0957673712267364,-0.9099164770241516,0.1785469233770472,14
686469,"Pasquantino, Vinnie",KC,2026,2026,-1.362051194409468,-1.5049697265093862,0.1429185320999181,27,0.8325785854660304,-0.9584004182594328,-1.3791478937159838,25,0.1435066458579784,-0.0005881137580602,-1.0092929794418088,-0.306110297153506,2
553993,"Suárez, Eugenio",CIN,2026,2026,-1.3641130509271913,-0.6682804195889676,-0.6958326313382237,19,0.7340982869741035,-0.9332030136713916,-0.4691756928916794,18,-0.6144939087247535,-0.0813387226134703,-3.680665457908112,-0.6154150765902142,1
671277,"García Jr., Luis",NYY,2026,2026,-1.366400822911474,-0.8487102294835998,-0.5176905934278744,27,1.2863527740090828,-0.8410588151735731,-1.2940041883191096,25,-0.619122199518533,0.1014316060906584,-3.902878355658075,0.1560804056160528,2
691406,"Caminero, Junior",TB,2026,2026,-1.3740140533311953,-0.6829779221473686,-0.6910361311838266,29,1.148510835653752,0.0,-1.8314887578011196,27,-0.6187144964926445,-0.072321634691182,-5.174238986503049,-0.6351983544437587,2
701398,"Stewart, Sal",CIN,2026,2026,-1.402824302750838,-2.104975022237398,0.7021507194865602,45,1.1277096437713792,-1.7399165595392732,-1.4927681064695042,30,0.6322409251765807,0.0699097943099793,2.6816230922276696,1.168752413148305,15
642086,"Smith, Dominic",ATL,2026,2026,-1.4427940885491912,-1.3452666195686536,-0.0975274689805377,17,1.175492048976294,-0.850082183795142,-1.6706764847498052,17,-0.0254884446816138,-0.0720390242989239,-1.752477281945275,-0.5420255031248314,0
650490,"Díaz, Yandy",TB,2026,2026,-1.4564783462573148,-1.1427919268523774,-0.3136864194049373,41,2.4983092983145614,-0.7719640232744608,-2.869137201892477,39,-0.137106564896729,-0.176579854508208,-3.838758472005953,-1.1350040564946664,2
553869,"Díaz, Elias",TEX,2026,2026,-1.4622739329330623,-1.3918043671868068,-0.0704695657462554,8,0.0885030088303565,-0.9764772401747248,-0.5038301358424386,8,-0.0448672274760457,-0.0256023382702097,-0.6389796421929314,-0.1652491551473404,0
694212,"Basallo, Samuel",BAL,2026,2026,-1.4741897964789017,-1.3660353904828764,-0.1081544059960254,14,0.68248500116963,-0.7849608583657852,-1.2635595332867209,14,-0.1293390356224222,0.0211846296263968,-2.257928658744897,-0.1781346940230631,0
518692,"Freeman, Freddie",LAD,2026,2026,-1.5030081795427233,-1.6899544111650897,0.1869462316223661,47,1.8453230828874283,-1.7289688958822165,-1.806308598170301,44,0.2992286355347496,-0.1122824039123834,-1.7942467437485063,-0.9210239354687448,3
671732,"Butler, Lawrence",ATH,2026,2026,-1.5270882464589584,-1.2837568368580403,-0.2433314096009177,37,1.6964091179955476,-1.761185764251875,-1.2189801906017128,28,-0.2595917682406757,0.016260358639758,-0.3198793538298526,0.8181886493107323,9
663886,"Stephenson, Tyler",CIN,2026,2026,-1.5502066410054662,-0.8255075270077387,-0.7246991139977275,19,0.4399163721130537,0.0,-1.2654238991207922,18,-0.6805544327113504,-0.044144681286377,-4.367034004353979,-0.4429019040564819,1
669236,"Jackson, Jeremiah",BAL,2026,2026,-1.5642473149037714,-0.2651958195380918,-1.2990514953656798,16,0.4382354577769219,0.0,-0.7034312773150138,12,-1.2285155143006952,-0.070535981064985,-3.389877693379742,-0.4442621603587279,4
669257,"Smith, Will",LAD,2026,2026,-1.5732349043428846,-1.3659136791949384,-0.2073212251479461,13,0.4257951381084386,-0.8656590131675256,-0.926049804135851,13,-0.1831769161024668,-0.0241443090454792,-2.0514209169078432,-0.3102281492342193,0
673962,"Jung, Josh",TEX,2026,2026,-1.582405256311708,-1.3890278563548273,-0.1933773999568807,34,1.064560939944052,-0.7665445169837122,-1.6870442793151668,33,-0.2688382337751775,0.0754608338182966,-3.93290348896178,0.1702124237839527,1
673357,"Robert Jr., Luis",NYM,2026,2026,-1.6011799299186529,-0.3665434249458886,-1.234636504972764,13,0.7312640907297228,0.0,-1.0978075156756115,9,-1.2017669831382405,-0.0328695218345238,-3.19672942292019,-0.2178511809565592,4
666182,"Bichette, Bo",NYM,2026,2026,-1.6125833398424625,-0.9053773551789074,-0.707205984663555,38,2.43367103713489,-0.8876602238615169,-2.451388168452283,36,-0.5191971949947471,-0.1880087896688077,-4.082416383502605,-1.3272180033149945,2
672960,"Okamoto, Kazuma",TOR,2026,2026,-1.6171423460709695,-1.449758332386726,-0.1673840136842434,33,1.5388231140383797,-0.8733361751519387,-2.1152452712731677,32,-0.1195978393042949,-0.0477861743799485,-2.747772657000023,-0.4709881926434496,1
608348,"Kelly, Carson",CHC,2026,2026,-1.6362428770529311,-1.330635627001649,-0.3056072500512821,22,0.569426814279526,-0.8389426298745343,-1.0611198114066411,22,-0.2480365663173484,-0.0575706837339336,-3.335397401451138,-0.5910835861407373,0
700932,"Manzardo, Kyle",CLE,2026,2026,-1.6446205642974725,-1.4023371643911913,-0.2422833999062812,21,0.645380280874747,-0.8069088250813794,-1.2408086201845587,21,-0.2050409085244833,-0.0372424913817979,-2.8490841676723773,-0.3130952383552173,0
657136,"Wong, Connor",BOS,2026,2026,-1.6565338799093186,-1.706808735283189,0.0502748553738704,19,0.3896185865651642,-1.7657777498142282,-0.3306495720341247,15,0.1093352551608121,-0.0590603997869418,0.4033238056982073,-0.3562854170443442,4
606115,"Arcia, Orlando",MIN,2026,2026,-1.6866713435218696,-1.1248346249327914,-0.5618367185890782,4,0.0790324199996483,-0.8636268990832965,-0.3402401458491432,3,-0.5484081607140225,-0.0134285578750556,-2.0055237653881477,-0.104001541608179,1
687462,"Horwitz, Spencer",PIT,2026,2026,-1.6987475298616794,-1.4737181398700434,-0.225029389991636,22,1.1281280199708192,-0.8117430632062625,-1.7901030966346003,21,-0.1663700903186876,-0.0586592996729484,-3.328156872417504,-0.4449083391303418,1
500743,"Rojas, Miguel",LAD,2026,2026,-1.7180723000638678,-0.6625768790316434,-1.0554954210322245,17,0.697010449107035,-0.8480438463108911,-0.5115434818277873,15,-0.6062242754296286,-0.4492711456025956,-3.00778785848139,-1.1975686926389768,2
643217,"Benintendi, Andrew",CWS,2026,2026,-1.721471347033514,-1.679586686885064,-0.0418846601484499,26,1.4556186057756773,-1.7628963735121457,-1.372308919148595,26,-0.0889046371695528,0.0470199770211029,-2.30329850644696,-0.3341279545933302,0
671056,"Herrera, Iván",STL,2026,2026,-1.736861844797792,-3.048086482450617,1.311224637652825,50,1.781814275624812,-2.751018206741871,-2.0788825513335576,43,1.3545100343418182,-0.0432853966889931,3.103509025146502,-0.722699007755939,7
686681,"Massey, Michael",KC,2026,2026,-1.740612135339603,-1.7615022510451892,0.0208901157055865,29,1.532181597462872,-2.4272417108131945,-0.8664421376948668,28,-0.0927241686938133,0.1136142843993999,-1.8619917413238856,0.4666161250553612,1
676694,"Meyers, Jake",HOU,2026,2026,-1.7421769169888277,-0.4547691296735398,-1.2874077873152878,14,0.9380861640301305,-0.7964659882714235,-0.5963893054322468,10,-1.47029567910686,0.1828878917915722,-4.72336216019336,0.6716574194712966,4
677587,"Rocchio, Brayan",CLE,2026,2026,-1.7672007475874885,-0.3514519873127752,-1.4157487602747132,44,1.950736047860504,-1.556151274574763,-0.746036760598516,30,-1.0799701657794378,-0.335778594495276,-1.962732883995093,-1.0134889223640688,14
516782,"Marte, Starling",KC,2026,2026,-1.7852431290459547,-1.325547747923443,-0.4596953811225117,12,0.1315949754534366,-0.8387414920308383,-0.6184012313460414,7,-0.8346640600659186,0.374968678943407,-2.5897800149240995,1.750985051909082,5
694203,"Guzman, Denzer",LAA,2026,2026,-1.8207185242218389,-0.3159979656159791,-1.5047205586058596,14,0.3349882056525848,0.0,-0.650986171268564,8,-1.433318666580386,-0.0714018920254738,-3.63524312718647,-0.4797166381206069,6
656555,"Hoskins, Rhys",CLE,2026,2026,-1.8586335172057615,-1.758451740454864,-0.1001817767508979,21,0.7678577397003372,-1.6683952361112453,-0.8579142440439553,20,-0.0389518544461309,-0.0612299223047669,-1.7410988912709682,-0.5153130012939833,1
808959,"Murakami, Munetaka",CWS,2026,2026,-1.8652350446489392,0.0162431724598163,-1.8814782171087556,28,1.1758408240393543,0.0,-1.1595976515795376,23,-1.7856498563770926,-0.0958283607316626,-6.277844546228129,-0.7277224789911667,5
663757,"Grisham, Trent",NYY,2026,2026,-1.9637155086885467,-2.31754578209945,0.3538302734109033,33,1.920909877429819,-2.347283633595836,-1.8911720259334328,27,0.4080570414521995,-0.0542267680412962,0.2451617640897141,-0.6399273288935402,6
624585,"Soler, Jorge",LAA,2026,2026,-1.988972304186161,-1.82401243315376,-0.1649598710324012,16,0.6212161067033939,-0.8940317154828932,-1.5511968243742609,16,-0.0776009870878054,-0.0873588839445956,-1.857900350778222,-0.6565248653153817,0
656716,"McKinstry, Zach",DET,2026,2026,-2.005476809806692,0.4102078996464095,-2.4156847094531018,37,2.4874082700601923,-1.5348492532674702,-0.5423511171463115,29,-1.9474526189683248,-0.4682320904847762,-5.916882467068175,-1.298780462202534,8
681351,"O'Hoppe, Logan",LAA,2026,2026,-2.119778974621017,-2.000491434639603,-0.1192875399814135,9,0.3576254459792966,-0.9289146659453804,-1.4292022146735197,9,-0.0758046925831416,-0.0434828473982719,-1.269773445304599,-0.3134558576235278,0
661388,"Contreras, William",MIL,2026,2026,-2.1238630927052284,-0.8886104731553816,-1.235252619549847,25,1.2434216066069952,0.0,-2.132032079762377,22,-1.1004748922832566,-0.1347777272665908,-6.966361622539353,-0.8820291927311384,3
695657,"Montgomery, Colson",CWS,2026,2026,-2.132217676953271,-1.7145790729162262,-0.4176386040370445,29,1.4399395818277436,-1.7855174687608926,-1.3690011859830775,27,-0.422436856265966,0.0047982522289213,-2.9870171336098634,-0.3289113634925972,2
701678,"Lee, Hao-Yu",DET,2026,2026,-2.183073920506505,-1.349816743578275,-0.8332571769282302,21,0.7852254007820135,-1.6840387080288592,-0.4510034363314295,18,-0.7921645681563261,-0.0410926087719041,-2.5944202272967565,-0.351614339572009,3
672275,"Bailey, Patrick",CLE,2026,2026,-2.337116105033511,-2.4836749710176798,0.1465588659841681,15,0.5760134177252433,-2.402757170821737,-0.6569312179211854,13,0.1832070297773969,-0.0366481637932287,-0.1673920664591568,-0.2809973971481795,2
656941,"Schwarber, Kyle",PHI,2026,2026,-2.369078798455431,-1.9947412493229288,-0.3743375491325025,24,1.1466109365040762,-1.6099440342762112,-1.5314081515507938,21,-0.2713493176056851,-0.1029882315268172,-4.397012035681186,0.3980083496852196,3
671289,"Freeman, Tyler",COL,2026,2026,-2.3962134607336365,-1.172543186756699,-1.2236702739769374,24,0.722241765003046,-0.8732127306918614,-1.0215722210678837,16,-1.1407712581267206,-0.0828990158502162,-2.2881693108978274,-0.6028535807863054,8
642715,"Adames, Willy",SF,2026,2026,-2.444158152470441,-2.424218868736705,-0.0199392837337359,45,1.4899873748103838,-2.526602080510478,-1.38760416303661,38,0.0391059814619935,-0.0590452651957292,-0.1154137679450071,-0.5490211523674362,7
671739,"Harris II, Michael",ATL,2026,2026,-2.57744175425098,-0.9049615085538428,-1.6724802456971375,41,2.0311872996040026,-1.6172313788024968,-1.3189174293553487,31,-1.7567319141995288,0.0842516685023919,-5.33960450917724,0.1233775772059739,10
805811,"Eldridge, Bryce",SF,2026,2026,-2.620128836177567,-2.727561180802887,0.1074323446253201,23,0.3701557024296473,-0.8525952024987677,-2.2451216807337677,22,0.1723428682549514,-0.0649105236296311,-1.2926263424796949,-0.5960531245039415,1
592518,"Machado, Manny",SD,2026,2026,-2.694177070981418,-1.707446053373033,-0.9867310176083852,35,1.1802962469329967,-0.9777483305432,-1.9099939697628283,32,-0.5962627166372358,-0.3904683009711487,-4.780442481168899,-0.991153886923082,3
683737,"Busch, Michael",CHC,2026,2026,-2.7431173342397925,-2.2336330801887594,-0.5094842540510331,32,1.0719861337479224,-1.643756283964128,-1.6618629299725558,30,-0.4555457733320086,-0.0539384807190245,-4.262027012335429,-0.699169002019829,2
521692,"Perez, Salvador",KC,2026,2026,-2.8489355954873274,-2.549546311384695,-0.2993892841026326,21,0.4278926202857714,0.0,-2.977438931670465,21,-0.2306716021149819,-0.0687176819876506,-3.101362382263257,-0.4997992777845436,0
666018,"Aranda, Jonathan",TB,2026,2026,-2.906342350664084,-2.4246751844504586,-0.4816671662136255,27,1.0185538081514462,-0.8673357671559716,-2.575893225445933,27,-0.3377711669280112,-0.1438959992856142,-4.694264137933663,-0.9648392844393217,0
664034,"France, Ty",SD,2026,2026,-2.974858691062777,-2.263880557680276,-0.710978133382501,26,0.6516425650640489,-1.593410042826065,-1.3221130799182588,25,-0.6496050018919115,-0.0613731314905896,-4.391867377107138,-0.4305018268661973,1
656811,"O'Hearn, Ryan",PIT,2026,2026,-3.0485757239377165,-2.8398258953423485,-0.2087498285953679,24,0.6905572303477183,-0.9387797024645324,-2.591603423225534,24,-0.2054604349225211,-0.0032893936728468,-3.151270154877493,-0.4163555117763908,0
605170,"Caratini, Victor",MIN,2026,2026,-3.069706222767026,-2.739630213585722,-0.330076009181304,13,0.4167382309622394,-0.8889118338768156,-2.2674566106711453,13,-0.2685129370484796,-0.0615630721328243,-2.986381773741234,-0.442982622135337,0
696100,"Goodman, Hunter",COL,2026,2026,-3.0853468992449717,-2.1725053538957315,-0.91284154534924,36,1.3815804768390303,-1.6028943725531877,-1.9511914581815748,30,-0.8973779651921289,-0.0154635801571117,-3.365300321004121,-0.4666089654136181,6
686555,"Collins, Isaac",KC,2026,2026,-3.1031396515612584,-1.1996163662342505,-1.903523285327008,50,2.2685407866219003,-2.5345174774536625,-0.9336396754024868,38,-1.8613903027028107,-0.042132982624198,-4.053764963433658,-0.4393004420859232,12
605137,"Bell, Josh",MIN,2026,2026,-3.1047438771704745,-2.8422078267116957,-0.2625360504587793,31,1.17162348555961,-1.8775594049290647,-2.13627190734224,31,-0.1849901645549897,-0.0775458859037896,-3.156967133139009,-0.6492260214278096,0
624413,"Alonso, Pete",BAL,2026,2026,-3.2027215134657623,-2.81430783992118,-0.3884136735445828,32,1.226405604225721,-1.7535198881908634,-2.287193555956038,28,-0.2803902353276187,-0.1080234382169636,-3.2330766742408925,-0.8585025960323388,4
673548,"Suzuki, Seiya",CHC,2026,2026,-3.2123646431658326,-2.9510803157403984,-0.2612843274254344,34,0.934832623546632,-1.654926222316972,-2.230986716970058,34,-0.1517873750058399,-0.1094969524195943,-3.451868414383916,-0.7940194707481706,0
547180,"Harper, Bryce",PHI,2026,2026,-3.226991132941026,-1.438441937113501,-1.7885491958275248,53,2.652281568060741,-2.541166209621962,-1.54955729555228,44,-1.6629376004663337,-0.1256115953611903,-6.214211464515092,0.35359150782935,9
575929,"Contreras, Willson",BOS,2026,2026,-3.254103848230249,-2.048957602185033,-1.2051462460452154,39,1.9862965019814245,-2.4013350286298096,-1.6339190755366484,33,-1.1056353422502057,-0.0995109037950093,-4.976805432230312,-0.7202283070080739,6
681198,"Rumfield, TJ",COL,2026,2026,-3.433114861414877,-2.414761469407748,-1.018353392007129,38,1.3655849306842245,0.0,-3.780346400091971,37,-0.2360321332553125,-0.7823212587518152,-3.9911465445996974,-3.0666758994167145,1
650402,"Torres, Gleyber",DET,2026,2026,-3.668029266802453,-3.4686772431169897,-0.1993520236854633,20,1.231866871638638,-3.311235103100252,-1.389309011655375,20,-0.1749157116588683,-0.0244363120265949,-2.633660927702794,-0.2552190568881422,0
621493,"Ward, Taylor",SEA,2026,2026,-4.0753744523924045,-2.7337171353419265,-1.3416573170504775,52,2.013155537680023,-2.415999714461971,-2.330872958559978,46,-1.2264450528313773,-0.1152122642191006,-7.33829392509655,-0.9915562078285244,6
660688,"Ruiz, Keibert",WSH,2026,2026,-4.170865023911636,-3.9559020280804935,-0.214962995831143,20,0.7212234782205588,-2.729246924672604,-1.947878581628448,20,-0.1309282770965564,-0.0840347187345866,-2.306234494627573,-0.5938911544679693,0
670541,"Alvarez, Yordan",HOU,2026,2026,-4.301558374109563,-3.5738795483160697,-0.7276788257934936,35,0.8303969454656377,-0.8691117638158745,-3.535164729965834,33,-0.0865915933082756,-0.6410872324852182,-4.611372032191486,-2.4946823553666,2
689414,"Hicks, Liam",TB,2026,2026,-5.669759749009326,-5.606786623149898,-0.0629731258594275,29,1.4160555235791383,-4.299672143715067,-2.7231700030139683,25,0.2310828050195687,-0.294055930878996,-2.001273170757159,-0.5104790200007766,4
