"player_id","entity_name","team_name","start_year","end_year","runner_runs_tot","runner_runs_XB","runner_runs_SBX","N_runner_moved","runner_runs_XB_swipe","runner_runs_XB_snipe","runner_runs_XB_freeze","N_runner_moved_XB","runner_runs_SB2","runner_runs_SB3","simple_stolen_on_running_act_SB2","simple_stolen_on_running_act_SB3","N_runner_moved_SBX"
802415,"Simpson, Chandler","TB",2026,2026,7.604142376775705,4.788569486699768,2.815572890075937,86,5.941443596340201,-0.7739107708162235,-0.37896333882420874,51,2.637219868649405,0.17835302142653092,15.181524558281414,2.8917867636770653,35
682998,"Carroll, Corbin","AZ",2026,2026,6.597235491361751,5.186120494166165,1.411114997195586,79,6.538319246395546,-0.7614072791330543,-0.5907914730963251,61,0.4537689538614858,0.9573460433340995,4.007886932547395,4.472632736512718,18
681082,"Stott, Bryson","PHI",2026,2026,6.090785751257938,2.5937318679119006,3.4970538833460374,58,3.7753417351773795,0,-1.1816098672654811,39,3.1378054082596725,0.359248475086365,13.02561520848194,1.4431179522494904,19
677951,"Witt Jr., Bobby","KC",2026,2026,5.5768217589759805,2.75352975103753,2.8232920079384507,84,4.150087503072629,-0.7968517453472214,-0.599706006687877,51,1.7534265414342585,1.069865466504192,12.122590727856997,5.011968993339431,33
683083,"Nuñez, Nasim","WSH",2026,2026,5.190937430985887,0.3192426287103113,4.8716948022755755,57,2.402876201729661,-1.5523267455117935,-0.5313068275075566,22,3.3610535896907616,1.5106412125848119,17.930007257456793,7.361621940794237,35
701538,"Merrill, Jackson","SD",2026,2026,4.986271363939254,2.642540037087546,2.3437313268517084,58,3.34836168319826,0,-0.7058216461107136,38,2.284285018265257,0.059446308586451585,11.51130709379706,-0.00999417280120528,20
663538,"Hoerner, Nico","CHC",2026,2026,4.910550128770169,1.6843612204145335,3.2261889083556357,63,3.4965921936203856,-0.7841427939008835,-1.0280881793049677,41,2.955429539899042,0.2707593684565933,12.619294587453101,0.7859340726710076,22
805808,"McGonigle, Kevin","DET",2026,2026,4.852187420702403,3.0616516339252455,1.7905357867771583,71,5.589832077289947,-0.7539593961895437,-1.7742210471751585,59,1.943150428113508,-0.1526146413363499,5.246509023768619,-1.104848887579697,12
804606,"Griffin, Konnor","PIT",2026,2026,4.833178795508633,2.5053232205141605,2.327855574994473,41,2.986748476308404,0,-0.48142525579424267,25,2.1769999676748877,0.1508556073195857,10.768998724657928,0.6544206961239089,16
691718,"Crow-Armstrong, Pete","CHC",2026,2026,4.692240450291262,2.6143058187189236,2.0779346315723384,75,3.280709672640493,0,-0.6664038539215696,43,1.6202369121490197,0.45769771942331794,11.49168755795463,3.1812221856896596,32
665923,"Ruiz, Esteury","MIA",2026,2026,4.63123421662396,1.4381321050221472,3.193102111601813,50,1.9185631701661099,0,-0.48043106514396283,20,1.4752208830436802,1.7178812285581326,11.38268088815887,8.408282210362113,30
665862,"Chisholm Jr., Jazz","NYY",2026,2026,4.585970170608068,1.8015424005725351,2.784427770035532,55,2.375007493550214,0,-0.5734650929776793,26,0.9451457063752883,1.8392820636602434,7.120116939978617,8.923648346751898,29
672640,"Lopez, Otto","MIA",2026,2026,4.528348963938337,2.1382204008043395,2.390128563133998,86,4.584890850213019,-1.6417070223780081,-0.8049634270306723,59,1.9153205016374157,0.474808061496582,11.416365123253298,1.937436563317213,27
621020,"Swanson, Dansby","CHC",2026,2026,4.098399816951394,2.210113962477857,1.8882858544735368,57,3.5742369405369097,-0.7664148789059048,-0.5977080991531476,43,1.798947729864135,0.08933812460940249,8.10989355108552,0.14660784782585423,14
694497,"Carter, Evan","TEX",2026,2026,3.825503190571351,1.5787925412211323,2.2467106493502187,44,2.3300460591314174,0,-0.7512535179102848,29,1.6995984887173905,0.5471121606328276,7.3558143766205335,2.522935988721794,15
802139,"Wetherholt, JJ","STL",2026,2026,3.7510493081178855,1.8785143817440106,1.8725349263738749,57,3.69711766798021,0,-1.8186032862361972,43,1.7815877872396217,0.0909471391342512,6.550362313031773,0.12052517512901667,14
608070,"Ramírez, José","CLE",2026,2026,3.6105913725067076,1.131718636565463,2.478872735941245,62,2.4504417943789565,-0.7626486609306764,-0.5560744968828171,38,1.613438294752995,0.8654344411882495,9.941997341252415,4.144546400126914,24
664983,"McCarthy, Jake","COL",2026,2026,3.475851421092216,2.97544918796653,0.5004022331256857,79,5.564415832974875,-2.304442376543171,-0.2845242684651749,53,0.20175374127823348,0.29864849184745146,6.642370157595755,2.5195687753776923,26
683953,"Bazzana, Travis","CLE",2026,2026,3.146127198695765,2.2286467741743214,0.9174804245214437,43,2.883358791806359,0,-0.6547120176320379,24,0.00777359287513024,0.9097068316463135,2.636033625656697,4.1827162834046065,19
669003,"Mitchell, Garrett","MIL",2026,2026,3.137021377244005,2.3890709768686156,0.7479504003753896,51,3.029607887985053,0,-0.6405369111164375,39,0.8412219856334712,-0.09327158525808131,4.574084975949129,-0.7234743168197673,12
682928,"Abrams, CJ","WSH",2026,2026,2.956083342531741,0.5657423493056298,2.3903409932261113,66,3.1994180257984555,-0.8463301570269166,-1.7873455194659096,43,2.299914230744695,0.09042676248141533,12.37009190013563,0.16399669859364038,23
701807,"Benge, Carson","NYM",2026,2026,2.946835127872549,1.4558158635630531,1.4910192643094957,49,2.564889326303754,0,-1.1090734627407006,33,1.389124462877892,0.10189480143160341,5.838858119420585,0.28282872932112085,16
607208,"Turner, Trea","PHI",2026,2026,2.903459310495455,1.017311804574019,1.8861475059214357,53,2.2048837395187504,0,-1.1875719349447313,36,1.3787765222040147,0.5073709837174216,5.604877611577657,2.1994750269782637,17
668227,"Arozarena, Randy","SEA",2026,2026,2.6685911910557,1.0419950749950646,1.6265961160606353,60,2.5004176097207784,0,-1.4584225347257136,39,1.385514029312804,0.2410820867478316,6.729244574074289,0.8136035767470683,21
666152,"Hamilton, David","MIL",2026,2026,2.5859522116146216,1.3268855921266112,1.2590666194880102,44,1.805059270297272,0,-0.47817367817066064,24,0.7184504936717855,0.540616125816225,6.826221466527806,2.570692445847213,20
680776,"Duran, Jarren","BOS",2026,2026,2.5390388897954628,2.0046619737214395,0.5343769160740234,51,3.2242611116888447,-0.7517181449541502,-0.46788099301325403,33,0.5804443733003588,-0.04606745722633469,5.17451669652788,-0.49844669158116567,18
807712,"Keaschall, Luke","MIN",2026,2026,2.514781700970455,2.9272567487585324,-0.41247504778807725,56,3.7047029600642984,0,-0.7774462113057669,39,0.015828584015747892,-0.4283036318038253,1.8658311322837493,-1.2433878763320316,17
670764,"Walls, Taylor","TB",2026,2026,2.496256766292345,0.9006370558505704,1.5956197104417744,59,3.069402458017036,-1.5585345024380848,-0.6102308997283814,40,0.675857623646213,0.9197620867955608,5.575513528956322,4.434319907042607,19
665161,"Peña, Jeremy","HOU",2026,2026,2.4271442924898583,1.3970724141508737,1.0300718783389844,44,3.0587020461708265,-0.9862781102831937,-0.6753515217367587,34,0.8676717147902206,0.16240016354876424,3.219647313305025,0.3467639649330154,10
686611,"Crews, Dylan","WSH",2026,2026,2.3447808653141937,0.8262984574007293,1.5184824079134647,31,1.5430072127997012,0,-0.7167087553989718,23,1.563462669897383,-0.044980261983918614,6.3884913916810095,-0.3724908102413544,8
671976,"Peters, Tristan","CWS",2026,2026,2.2540266861468266,2.29167679626063,-0.03765011011380357,37,2.5042648506429996,0,-0.2125880543823688,29,0.9272295489027446,-0.964879659016548,2.2889968472082143,-2.578107885075928,8
667472,"Myers, Dane","CIN",2026,2026,2.220304487833917,0.5217523139923212,1.6985521738415954,25,0.9455298631028701,0,-0.4237775491105491,15,1.8092107126682315,-0.11065853882663616,7.857015422441886,-0.7089790813341127,10
803011,"Antonacci, Sam","CWS",2026,2026,2.197656561894836,1.8041415571620028,0.3935150047328331,59,3.799979222568224,-0.8130725281112462,-1.1827651372949757,39,0.2824912662096607,0.11102373852317297,4.377701140874497,0.22057022063821524,20
680869,"Gelof, Zack","ATH",2026,2026,2.181480665612071,0.9911381094159903,1.1903425561960803,34,2.100108118685766,-0.7586852539331833,-0.3502847553365922,28,1.048627223165022,0.1417153330310581,3.58034222549067,0.6087747741753002,6
669016,"Marsh, Brandon","PHI",2026,2026,2.1651326586956063,1.0023417069391898,1.1627909517564166,42,1.7564356166460304,0,-0.7540939097068402,31,1.1191546395565763,0.043636312199840856,3.894655019306909,-0.029430868614846506,11
677594,"Rodríguez, Julio","SEA",2026,2026,2.0923613534701655,0.6509678291785583,1.4413935242916072,51,2.0877041528248226,-0.7840947985797599,-0.6526415250665047,33,1.3552561615760508,0.0861373627155558,7.151338822027078,1.4112822291644032,18
690993,"Keith, Colt","DET",2026,2026,2.0807651481006375,1.5429451972332013,0.5378199508674363,36,2.4049904668650726,0,-0.8620452696318714,32,0.6059145325710762,-0.06809458170363987,1.0585846855118817,-0.44877061044934413,4
668715,"Steer, Spencer","CIN",2026,2026,2.0679057942649166,1.5742965272344513,0.4936092670304653,29,1.967900071162725,0,-0.39360354392827307,27,0.4135406175663695,0.08006864946409613,-0.8116155446118751,-0.21573730058517426,2
665833,"Cruz, Oneil","PIT",2026,2026,2.062651394227007,0.2254245538112974,1.8372268404157093,46,2.1411441777557307,-1.5160118087173147,-0.3997078152271186,23,1.7213422344484703,0.11588460596723898,11.39199877417003,0.32832077082712474,23
677942,"Alexander, Blaze","BAL",2026,2026,1.9700640154565439,1.5639227902763322,0.40614122518021156,35,2.1490978064729642,0,-0.5851750161966318,25,0.4953100223190941,-0.08916879713888286,3.2387175340933294,-0.6739730606874073,10
683002,"Henderson, Gunnar","BAL",2026,2026,1.9578610983659466,3.299965849437427,-1.3421047510714803,51,3.939770289038175,0,-0.6398044396007482,39,-1.437227983675507,0.0951232326040259,-4.485271948090417,0.20915783355870704,12
668904,"Lewis, Royce","MIN",2026,2026,1.8727659370467116,1.1597138688187623,0.7130520682279492,40,1.8767835399010353,0,-0.717069671082273,29,0.40754662755088966,0.3055054406770594,3.2487214820631793,1.299622139744277,11
665750,"Taveras, Leody","BAL",2026,2026,1.8717697225059744,1.570010661282613,0.3017590612233613,43,3.076235379243655,-0.7638865940549966,-0.7423381239060451,35,0.08995414020042101,0.21180492102294,1.0775202441636131,0.7870957817026086,8
701358,"Smith, Cam","HOU",2026,2026,1.824441532800698,2.79503417837636,-0.9705926455756623,45,3.015769001309467,0,-0.22073482293310678,29,-0.9238646721279307,-0.04672797344773124,1.0125314489343875,-0.49728382155431156,16
663968,"Mangum, Jake","PIT",2026,2026,1.805577583809382,1.8796695009731947,-0.07409191716381282,50,2.71578641555234,0,-0.8361169145791462,30,0.2816229183832916,-0.3557148355471048,4.753203704522908,-0.8176935474414166,20
682829,"De La Cruz, Elly","CIN",2026,2026,1.7961691738086074,1.7126792735470624,0.08348990026154503,62,4.1985164304005655,-1.581332756784957,-0.9045044000685455,40,-0.20489357282337267,0.28838347308491785,3.9604401463660324,1.2156707061537768,22
691023,"Walker, Jordan","STL",2026,2026,1.7934301869593083,0.4079151275171745,1.3855150594421337,56,2.384034127818683,0,-1.9761190003015083,38,1.9229738136140506,-0.5374587541719164,9.389700352479403,-1.9259309766193766,18
691026,"Winn, Masyn","STL",2026,2026,1.7660727515196308,0.7994142757260487,0.9666584757935822,36,1.814956379229431,0,-1.0155421035033831,29,0.6739193823658151,0.2927390934277673,0.4126000610403046,1.18921230421438,7
641343,"Bauers, Jake","MIL",2026,2026,1.7452976367163349,2.3120508665775095,-0.5667532298611746,54,3.4115838694391734,0,-1.099533002861664,43,-0.06493057270285475,-0.5018226571583198,0.12423352264144555,-0.38872319161489344,11
696285,"Young, Jacob","WSH",2026,2026,1.667337260379432,1.9094664779959056,-0.24212921761647346,43,2.2915499848906586,0,-0.3820835068947531,30,-0.6062724501200666,0.36414323250359404,0.032130909344563335,1.6000386218361369,13
622761,"Mateo, Jorge","TB",2026,2026,1.665873438546853,0.5305393731944804,1.1353340653523725,35,1.472554101488626,-0.7941123159317994,-0.14790241236234627,22,0.5921515912343113,0.5431824741180613,4.794568021159937,2.649300113559227,13
823550,"Song, Sung-Mun","SD",2026,2026,1.6319253901687123,0.6537165088071025,0.9782088813616099,25,0.865986115108923,0,-0.21226960630182057,10,1.072769496860313,-0.0945606154987024,7.142944263948975,0.6727577300019655,15
672724,"Peraza, Oswald","LAA",2026,2026,1.6257684307141185,0.9138049896601643,0.7119634410539541,32,1.5565405021499916,0,-0.6427355124898264,18,0.13777433133872125,0.574189109715233,2.6458843586591825,2.6470374503665277,14
669364,"Edwards, Xavier","MIA",2026,2026,1.6119128001924168,1.1711642976345393,0.4407485025578775,62,3.5187678711069394,-1.5175374045893264,-0.830066168883073,44,0.5294202831147379,-0.08867178055686059,4.613424330917468,-0.759225095958808,18
664728,"Isbel, Kyle","KC",2026,2026,1.6111057246031573,0.9642965458003154,0.6468091788028418,19,1.1070163640432729,0,-0.14271981824295732,15,0.6560612087461414,-0.00925202994329945,2.037884569539333,-0.14242895342902054,4
808982,"Lee, Jung Hoo","SF",2026,2026,1.5746835596745181,0.29183597548490514,1.282847584189613,53,3.2023147684746314,-1.5519300552353235,-1.3585487377544037,46,1.2869205582881915,-0.004072974098578517,3.9618799663586124,-0.6975711136491566,7
643396,"Kiner-Falefa, Isiah","BOS",2026,2026,1.5740560870626459,1.0358227851795887,0.5382333018830572,22,1.3060904512745346,0,-0.27026766609494574,12,0.8245836563997032,-0.28635035451664603,3.9964145295926956,-0.2422714437600768,10
593428,"Bogaerts, Xander","SD",2026,2026,1.5633014899982616,-0.3130831203539688,1.8763846103522304,37,1.4135703255895689,-0.785749525433477,-0.9409039205100611,20,1.5724342980260877,0.30395031232614295,7.207285217088636,1.2738583905468097,17
681297,"Cowser, Colton","BAL",2026,2026,1.5492054292469666,1.0427706883448322,0.5064347409021343,27,1.4800278144974024,0,-0.4372571261525701,17,0.9700856879714846,-0.46365094706935067,4.37734451925663,-1.312149062778817,10
678662,"Tovar, Ezequiel","COL",2026,2026,1.4123017753450817,0.9953256693694189,0.4169761059756627,28,1.630812113437343,0,-0.6354864440679235,25,0.49917595920988045,-0.08219985323421776,0.9275832700271005,-0.6357354562686908,3
699393,"Ramírez, Pedro","CHC",2026,2026,1.4077594507908258,0.32557683511937596,1.0821826156714498,16,0.8150162191944511,0,-0.48943938407507526,10,1.1051152507271294,-0.022932635055679565,5.019201063135976,-0.24348457141786148,6
650333,"Arraez, Luis","PHI",2026,2026,1.3933406429009971,0.4834515718591407,0.9098890710418565,60,3.605437152208009,-1.5378048574132035,-1.5841807229356644,51,1.4455293906435631,-0.5356403196017073,2.8187032083294397,-1.6763189774619316,9
690984,"Halpin, Petey","CLE",2026,2026,1.3850612743697666,0.2818936591275129,1.1031676152422536,15,0.5449525180328426,0,-0.26305885890532976,9,0.9410885451495519,0.16207907009270148,3.973046612467677,0.6829809727624437,6
682622,"Marte, Noelvi","CIN",2026,2026,1.3778820301931485,0.28136686503626906,1.0965151651568794,17,0.4547411287870522,0,-0.17337426375078308,11,0.7357216697152332,0.3607934954416461,2.623661513185746,1.6307564780108192,6
806198,"Pratt, Cooper","MIL",2026,2026,1.3487091868735404,0.9907096301116496,0.3579995567618907,21,1.2884718639100368,0,-0.29776223379838707,12,0.4414083438431534,-0.08340878708126276,3.975501834130254,-0.49521128322761543,9
810938,"Williamson, Ben","TB",2026,2026,1.305892984305261,0.7613516919689991,0.5445412923362618,24,1.2786382738769237,0,-0.5172865819079245,17,0.6211278839176602,-0.07658659158139834,3.2715793614949753,-0.48032271137617993,7
666160,"Moniak, Mickey","COL",2026,2026,1.2987368192705182,1.7530708996168445,-0.4543340803463263,30,2.5542373966126823,0,-0.801166496995837,28,-0.413930023212862,-0.04040405713346429,-2.564846844303792,-0.38732190447335074,2
672761,"Pérez, Wenceel","DET",2026,2026,1.2809230963074794,1.560790267092922,-0.27986717078544243,21,1.6174918777986935,0,-0.05670161070577161,16,0.07645021867804899,-0.3563173894634914,0.9244238246709382,-0.8876496817914549,5
682668,"Acuña, Luisangel","CWS",2026,2026,1.2696016095612135,0.22848329346121354,1.0411183161,31,1.2892423176142702,-0.9277588138532578,-0.1330002102997993,12,0.2749731349804212,0.7661451811195789,4.811812241743555,3.5753095030524085,19
695578,"Wood, James","WSH",2026,2026,1.2477784769739955,0.3003075374395635,0.947470939534432,60,2.890768997347143,-0.7581939725298964,-1.8322674873776832,44,0.8516891184813857,0.09578182105304504,4.0823324033928365,0.10203117350477924,16
669707,"Triolo, Jared","PIT",2026,2026,1.2329966725848078,0.49707148362028375,0.7359251889645242,25,1.228776581179887,0,-0.7317050975596032,17,0.6171720132336357,0.11875317573088859,2.6082817746012927,0.47416116531981234,8
545341,"Grichuk, Randal","CWS",2026,2026,1.2177471295160243,1.348311342496274,-0.13056421298024976,22,1.798745945914868,0,-0.4504346034185938,22,-0.0806989850284399,-0.049865227951809844,-0.9855485373577726,-0.38817058207425187,0
656537,"Hill, Derek","PHI",2026,2026,1.2143471865722713,0.08532255285789245,1.1290246337143788,29,1.4736008024999476,-0.8804346903979466,-0.5078435592441084,13,0.5690100805012421,0.5600145532131365,5.713696200931289,2.594467486654051,16
657041,"Thomas, Lane","ATL",2026,2026,1.2086866119696154,1.0030064123405673,0.2056801996290481,39,2.2724615052669384,-0.9115001410830744,-0.35795495184329584,31,0.22981966279119465,-0.024139463162146695,2.325733780873941,-0.2960508640323255,8
663586,"Riley, Austin","ATL",2026,2026,1.1881572719072984,0.047256410867324065,1.1409008610399742,45,2.0357731294107353,-0.7835563989709979,-1.2049603195724128,38,1.248402306809583,-0.10750144576960942,3.924254861450491,-0.8332427191454712,7
691720,"Karros, Kyle","COL",2026,2026,1.1851899891227617,0.515321257700144,0.6698687314226178,43,2.6794203358595485,-0.8113666680041972,-1.3527324101552065,38,0.39064113505984915,0.27922759636276867,-0.5422147198439596,1.0824666804984657,5
668804,"Reynolds, Bryan","PIT",2026,2026,1.1706100150949394,0.3846829509713564,0.7859270641235829,54,2.482835334889308,-0.7503455797067375,-1.3478068042112146,48,0.8998497931420368,-0.11392272901845414,0.4334963293278794,-0.8977573592960757,6
687363,"Scott II, Victor","STL",2026,2026,1.1576821220351126,0.7858061676934965,0.3718759543416161,28,1.003857690057766,0,-0.2180515223642693,16,0.21362146790743977,0.15825448643417644,3.5702048365398715,0.7001932170627538,12
678246,"Vargas, Miguel","CWS",2026,2026,1.1447556283609004,0.7284358772787511,0.4163197510821493,59,3.1137209704521402,-1.5876914104182176,-0.7975936827551697,49,0.1273695113443534,0.2889502397377958,0.5630509912826638,1.1411662517025778,10
685133,"Meckler, Wade","LAA",2026,2026,1.1299701293501854,0.6990083517485604,0.43096177760162496,25,1.2505466088816573,0,-0.5515382571330967,19,0.2631304104216175,0.1678313671800077,1.2096970777627098,0.623300526538754,6
665019,"Clemens, Kody","MIN",2026,2026,1.1289747939591097,0.7027529082364657,0.4262218857226439,48,2.962069485616024,-1.5519527744996164,-0.7073638028799405,38,0.14484232618448403,0.28137955953816,0.9159075706267329,0.9158550665189362,10
693304,"Gonzales, Nick","PIT",2026,2026,1.1250072483672309,1.2839935489397207,-0.1589863005724899,43,3.2191209202657034,-0.790348056004692,-1.1447793153212926,39,-0.09394207906346991,-0.06504422150901998,-2.265238944345257,-0.6287086977084577,4
682987,"Jones, Spencer","NYY",2026,2026,1.1080415000277024,0.4521114060521316,0.6559300939755708,13,1.0109646878960867,0,-0.5588532818439552,9,0.7296758007427354,-0.07374570676716463,2.733447172010161,-0.47125321623218064,4
691723,"Mayo, Coby","BAL",2026,2026,1.1043708567717154,1.0390782715763345,0.0652925851953809,25,1.5730159730705926,0,-0.5339377014942582,21,0.1545307137300306,-0.08923812853464981,0.6692747178543154,-0.5841681295224792,4
683146,"Baty, Brett","NYM",2026,2026,1.1016406841162503,0.9389077704936007,0.16273291362264952,31,1.6072760703327569,0,-0.6683682998391564,25,0.2108179062714234,-0.0480849926487741,0.25234698270781764,-0.37624136183136064,6
545121,"Vargas, Ildemaro","AZ",2026,2026,1.0968540640494564,0.660388036666604,0.43646602738285256,28,1.6660950166720758,0,-1.0057069800054719,25,0.5375727463681732,-0.10110671898532082,0.0700705445322218,-0.8369981032977297,3
670770,"Friedl, TJ","CIN",2026,2026,1.0794410745141385,0.4403811149580207,0.6390599595561178,16,0.7500434583008773,0,-0.3096623433428566,12,0.6671255112194008,-0.028065551663282944,1.9498963066788764,-0.3058897141005487,4
808975,"Kim, Hyeseong","LAD",2026,2026,1.0664458111640727,0.7778739337655417,0.2885718773985309,18,1.102246851472252,0,-0.3243729177067105,13,0.30934006969846684,-0.020768192299935966,1.995187721472002,-0.14050842470227512,5
663604,"Lockridge, Brandon","MIL",2026,2026,1.0505982656630948,0.4720442535835636,0.5785540120795312,15,0.5858677121737033,0,-0.11382345859013963,8,0.633221183009803,-0.05466717093027194,3.284815051360647,-0.3530608095601898,7
686475,"Tolbert, Tyler","KC",2026,2026,1.0484470599329174,-0.13654834184813053,1.184995401781048,35,1.0533739873437482,-0.7514711546772349,-0.43845117451464394,15,0.8571100432687131,0.32788535851233436,7.1180225019134715,2.6949067439297694,20
592885,"Yelich, Christian","MIL",2026,2026,1.025278797445332,-0.00003803117210168447,1.0253168286174337,34,1.5140478660898478,-0.892287837413086,-0.6217980598488632,27,0.7559985936485243,0.26931823496890916,1.9208469230115297,0.9680356893881955,7
681546,"Outman, James","DET",2026,2026,1.0227071261429102,1.1448220490101295,-0.12211492286721937,20,1.2702718320232647,0,-0.12544978301313497,13,0.39693425750372363,-0.5190491803709428,2.3079829904420714,-1.5092745999684214,7
573262,"Yastrzemski, Mike","ATL",2026,2026,1.0060827818424516,1.0328230491703583,-0.026740267327906686,28,1.9275186318678765,0,-0.8946955826975176,28,0.04312438643776535,-0.06986465376567202,-1.73292617685965,-0.49159310675071344,0
695506,"Caglianone, Jac","KC",2026,2026,0.9954614978059916,1.2696600589119666,-0.27419856110597507,44,2.8102577529421255,-0.7775441906471389,-0.7630535033830204,37,-0.18711627344125464,-0.08708228766472045,-0.5545686630392526,-0.6225115837950632,7
696135,"Watson, Kahlil","CLE",2026,2026,0.9833231540646306,0.31673445163553293,0.6665887024290976,15,0.5985066465783015,0,-0.2817721949427687,5,0.5261162438053109,0.140472458623787,3.4334042154591464,1.9084363425416233,10
677649,"Duran, Ezequiel","TEX",2026,2026,0.9817112759212065,0.5861288278138915,0.39558244810731497,42,2.085119690466897,-0.8372935383500288,-0.6616973243029773,32,0.4868738567693998,-0.09129140866208484,2.9044438172354337,-0.7293320091547072,10
687749,"Bowen, Jase","SD",2026,2026,0.9767842114024028,0.40746962939228015,0.5693145820101226,11,0.4335521375119622,0,-0.02608250811968211,8,0.1860715809047013,0.38324300110542103,0.7390125275721711,1.8467793347751629,3
678882,"Rafaela, Ceddanne","BOS",2026,2026,0.9723989088235916,2.0462880928819405,-1.0738891840583489,69,4.4282246173785165,-1.593514738417388,-0.7884217860791879,46,-0.6635675207912565,-0.4103216632670921,2.9017606993290377,-1.1337200497815383,23
686217,"Frelick, Sal","MIL",2026,2026,0.9631230196024896,1.3551850135715566,-0.3920619939690671,26,1.7787803225675995,0,-0.42359530899604303,20,-0.5121781134300013,0.1201161194609342,-1.7151229440737956,0.44214303410925354,6
690924,"Fulford, Braxton","COL",2026,2026,0.9556758702825705,0.1999377502572181,0.7557381200253523,11,0.28501252620336304,0,-0.08507477594614495,7,0.7580952802154461,-0.0023571601900938904,3.384877030327247,-0.1757883606170903,4
694249,"Carrigg, Cole","COL",2026,2026,0.9533649580890847,1.3157081783610876,-0.36234322027200283,34,1.9311380355014358,0,-0.6154298571403481,25,-0.7035867931124162,0.3412435728404135,-0.8422407325432609,1.6110340294322885,9
642201,"White, Eli","BOS",2026,2026,0.9506918644109175,0.5914522038406043,0.3592396605703132,21,1.0455150800066786,0,-0.4540628761660742,15,0.39747031844166225,-0.038230657871348966,2.371355335082346,-0.4060248186926582,6
664702,"Straw, Myles","TOR",2026,2026,0.9481121743610235,0.6023682958699146,0.3457438784911088,29,2.000085941842892,-0.7540699953765451,-0.6436476505964325,23,0.6517134138103554,-0.305969535319247,2.1247556043160265,-0.38932786653107615,6
686894,"Wiemer, Joey","WSH",2026,2026,0.9290786790595347,0.7733380967227592,0.15574058233677548,7,0.7752643508375211,0,-0.0019262541147617154,6,0.16149909353793665,-0.005758511201161201,0.42649929279846344,-0.16536171993222393,1
805999,"Ewing, A.J.","NYM",2026,2026,0.9270275906864398,0.6444794310669154,0.28254815961952445,38,1.2753959134859056,0,-0.6309164824189899,19,0.19823121734230698,0.08431694227721734,4.681621428254216,0.2254716832277087,19
695600,"Jensen, Carter","KC",2026,2026,0.9149925361857228,1.1325627308217399,-0.217570194636017,39,2.8000624655023736,-0.8055844986497595,-0.861915236030874,38,-0.29914570497090587,0.08157551033488852,-3.892603647680282,0.24048680767012673,1
701350,"Anthony, Roman","BOS",2026,2026,0.9121998487280243,0.6628067738102639,0.24939307491776042,11,0.8012002994466381,0,-0.1383935256363743,9,0.27745711639236953,-0.028064041474609155,0.6678100430349685,-0.22606446343692957,2
683357,"Caissie, Owen","MIA",2026,2026,0.897854042702184,0.8358683534158828,0.06198568928630122,22,1.192375259138633,0,-0.3565069057227501,18,0.11501615824446604,-0.053030468958164836,0.21391100035633354,-0.38921315474425394,4
660710,"Durán, Rodolfo","SD",2026,2026,0.8958879995749247,0.9326621023922681,-0.03677410281734334,10,0.9501724248204185,0,-0.017510322428150527,10,-0.020889215842172015,-0.015884886975171333,-0.5798276580555234,-0.09756214809075342,0
682997,"Callihan, Tyler","PIT",2026,2026,0.8920696825850243,0.7662750850378861,0.1257945975471382,7,0.7938755013864405,0,-0.027600416348554244,6,0.13769402030728184,-0.011899422760143604,0.3900798672557761,-0.09922132499388411,1
596103,"Slater, Austin","TB",2026,2026,0.8807014452443631,0.22407138685890926,0.6566300583854539,9,0.3010368281213655,0,-0.07696544126245629,5,0.6735211209304727,-0.01689106254501886,2.9581306274178214,-0.12097562772186679,4
702222,"Crawford, Justin","PHI",2026,2026,0.8649250537632724,-0.045608328778217466,0.9105333825414899,39,1.8465569992689395,-0.7658717392335049,-1.126293588813652,24,0.9580849778890042,-0.04755159534751412,6.544747189571973,-0.6337875553964799,15
680700,"Palacios, Richie","TB",2026,2026,0.8536127074543135,1.1374480446421409,-0.2838353371878274,34,1.7082502324118936,0,-0.5708021877697523,21,0.24253341690174868,-0.5263687540895755,3.1762671075748274,-1.5736405801727384,13
642350,"Siri, Jose","LAA",2026,2026,0.8449004600767459,0.3313600142794837,0.5135404457972622,12,0.6833897802297947,0,-0.3520297659503109,9,0.3490529468300501,0.16448749896721213,1.1449477423028644,0.7542223614813103,3
814439,"Waldschmidt, Ryan","AZ",2026,2026,0.8353999035993951,0.6763254270646238,0.1590744765347712,29,1.2225642441469315,0,-0.5462388170823077,21,0.21624272410328682,-0.05716824756851551,2.3092453741214025,-0.4065280496872079,8
805367,"Meidroth, Chase","CWS",2026,2026,0.8303340856789615,0.9269667180923458,-0.09663263241338423,35,2.272139837905701,0,-1.3451731198133547,33,0.09374187197838674,-0.19037450439177103,-3.2173816869458722,-1.293486822441378,2
592663,"Realmuto, J.T.","PHI",2026,2026,0.8275321604400951,0.996698107451427,-0.16916594701133184,26,1.5349911760232255,0,-0.538293068571799,23,-0.16733830304151498,-0.0018276439698168565,-1.0920168010782727,-0.39841099023856436,3
680474,"Schuemann, Max","NYY",2026,2026,0.81436580554374,1.1418665256379223,-0.3275007200941823,18,1.1629901252012367,0,-0.021123599563314145,13,-0.31179921522534015,-0.015701504868842166,0.2649356772660699,-0.29826049146695793,5
695734,"Lile, Daylen","WSH",2026,2026,0.8141844494217545,1.8576362220742266,-1.0434517726524721,55,3.3717291622177608,0,-1.5140929401435332,43,-0.4856389128732596,-0.5578128597792125,-0.049838405501528626,-1.7811937876215327,12
607043,"Nimmo, Brandon","TEX",2026,2026,0.8089106747507382,0.9507201751877521,-0.14180950043701396,40,2.3717511682853463,0,-1.421030993097594,35,0.04147371254057111,-0.1832832129775852,-1.7227108290463282,-1.141516165693982,5
670231,"Rave, John","KC",2026,2026,0.8023015128529009,0.46045048610993844,0.3418510267429624,8,0.4664218627436495,0,-0.005971376633711058,6,0.3490898382938129,-0.007238811550850405,1.6133898769239137,-0.05646771430912611,2
666211,"Trammell, Taylor","HOU",2026,2026,0.8000147540985711,0.7492044963019818,0.0508102577965893,20,1.5578872747707453,0,-0.8086827784687631,16,-0.13613940385622117,0.18694966165281046,-0.18964530632239307,0.8784876099402481,4
678391,"Vivas, Jorbit","WSH",2026,2026,0.7961068380422687,1.1515877045296368,-0.35548086648736804,27,1.879463272007381,0,-0.7278755674777446,24,-0.2746938981865389,-0.080786968300829,-1.3926752605945742,-0.7046246608864083,3
671218,"Ramos, Heliot","NYY",2026,2026,0.7941282237600852,0.8700181673984623,-0.07588994363837713,34,1.6144966492621373,0,-0.7444784818636745,30,-0.22467826084074588,0.14878831720236887,-1.5740361731397627,0.4741171695949214,4
679845,"Loftin, Nick","KC",2026,2026,0.7937139666849695,0.44414179507008106,0.3495721716148884,41,2.0304107771582385,-0.7957231276272333,-0.7905458544609235,38,0.45345368465103947,-0.10388151303615101,1.1748961649066982,-0.8082001778009853,3
668723,"Vilade, Ryan","TB",2026,2026,0.7829008123617035,0.48768203059539594,0.29521878176630756,16,1.4804356751029653,-0.7547194804055397,-0.2380341641020294,14,0.3345751394949857,-0.03935635772867822,1.0162917488352656,-0.23782082006820662,2
642215,"Wilson, Weston","SEA",2026,2026,0.7623997461541734,0.05638051489578766,0.7060192312583857,8,0.12104575769672984,0,-0.0646652428009422,4,0.7338089828077814,-0.027789751549395614,3.439413412789784,-0.21081707833889246,4
676356,"DeLuca, Jonny","TB",2026,2026,0.7561095149367938,1.077828133642102,-0.32171861870530827,34,1.2888262534238362,0,-0.21099811978173408,18,-0.5758900533888065,0.2541714346834977,2.206525422444808,1.1652813820789885,16
596115,"Story, Trevor","BOS",2026,2026,0.7254505639617201,0.43129984872516614,0.29415071523655395,15,1.0809126310026764,0,-0.6496127822775103,13,0.3348812796317345,-0.0407305643951805,0.9389837660332435,-0.26271737323299776,2
669065,"Stowers, Kyle","MIA",2026,2026,0.7179523511789045,0.998192704229613,-0.28024035305070844,22,1.9768383428013405,0,-0.9786456385717275,22,-0.2030666758032009,-0.07717367724750748,-2.747000884303344,-0.6153579899252033,0
687529,"McCray, Grant","SF",2026,2026,0.7157024036652836,0.17763131955556377,0.5380710841097198,7,0.20337020496356958,0,-0.025738885408005813,4,0.557216496475291,-0.019145412365571192,2.518288277724836,-0.11707620562876792,3
687957,"Harris, Dustin","HOU",2026,2026,0.7119082148072641,-0.07849683065648348,0.7904050454637476,7,0.09343004662661464,0,-0.1719268772830981,3,0.8015891762100203,-0.011184130746272959,3.65475703786233,-0.08370106463411983,4
703607,"Bolte, Henry","ATH",2026,2026,0.703605574355957,0.8498417082704722,-0.14623613391451523,39,1.7912739226789534,0,-0.9414322144084808,19,0.38918575533228295,-0.535421889246798,6.355093693757192,-1.5944079408606662,20
680757,"Kwan, Steven","CLE",2026,2026,0.6976276656067517,0.6082071049259119,0.08942056068083981,42,2.6835584740103116,-0.7701636736313383,-1.3051876954530603,36,0.2347749194077431,-0.14535435872690308,-1.4309856620064036,-1.1186331632021547,6
678009,"Meadows, Parker","DET",2026,2026,0.6824086833998726,0.3167306468286226,0.36567803657125,8,0.32214991803249116,0,-0.005419271203868516,6,0.37897703755542483,-0.013299000984174926,1.6534596576258442,-0.07898190627195734,2
670032,"Lopez, Nicky","TEX",2026,2026,0.6769686287102427,1.527762144012275,-0.8507935153020324,23,1.8802783927942461,0,-0.3525162487819709,16,-1.0059241502501721,0.15513063494813958,-2.334153311197348,0.6875614112687582,7
701675,"Church, Nathan","STL",2026,2026,0.67694109538688,0.9901437916709643,-0.3132026962840843,35,2.1818229319487665,-0.7608471919404215,-0.4308319483373812,26,-0.2522450180138107,-0.06095767827027371,0.709513116739474,-0.5009190627245663,9
664954,"Sullivan, Brett","COL",2026,2026,0.675873838785366,0.9348343946872353,-0.2589605559018693,15,1.2121658837912757,0,-0.2773314891040403,13,-0.28128764035766135,0.022327084455792002,-1.108125156320706,-0.01649183431027304,2
694671,"Langford, Wyatt","TEX",2026,2026,0.6725727217167916,-0.3631678174633177,1.0357405391801093,29,1.360989787241899,-0.7877815271673293,-0.9363760775378872,20,1.5250562061914137,-0.48931566701130486,5.957232597806961,-1.3532024591726384,9
805347,"Jarvis, Jim","ATL",2026,2026,0.6624463045871554,0.6677566443685137,-0.0053103397813582705,10,0.7435291904652184,0,-0.07577254609670467,10,0.017132655612860342,-0.022442995394218613,-0.8243248618302126,-0.19936846228008145,0
660271,"Ohtani, Shohei","LAD",2026,2026,0.6558742056024409,1.2478849836530859,-0.592010778050645,53,3.4100477833631055,-0.751563523564843,-1.4105992761451758,42,-0.5199237298580159,-0.07208704819262891,-1.7386265228861368,-0.8005804348441863,11
665877,"Fermín, José","STL",2026,2026,0.651433644692589,0.23823424570803964,0.4131993989845493,21,0.9419774805916187,0,-0.703743234883579,15,0.25369354791476145,0.15950585106978793,1.3673891712431288,0.6275769378923053,6
813841,"Cox, Jonah","SF",2026,2026,0.6449339922804209,0.08858293210019819,0.5563510601802227,7,0.2891944697475332,0,-0.20061153764733503,4,0.5619813460353129,-0.005630285855090214,2.631965048431294,-0.05225963087637743,3
571970,"Muncy, Max","LAD",2026,2026,0.6383208892589233,0.5411028757555374,0.09721801350338588,30,1.9219691830951942,0,-1.3808663073396565,29,0.1354934941362645,-0.03827548063287861,-0.8809083677560093,-0.45359736944266454,1
701305,"Dezenzo, Zach","HOU",2026,2026,0.636876668844228,0.4922775074083725,0.14459916143585547,12,0.6012516253764585,0,-0.108974117968086,11,0.1647770044041844,-0.020177842968328925,0.3370346330466587,-0.13761969283701847,1
666971,"Gurriel Jr., Lourdes","AZ",2026,2026,0.6193090396385506,0.5677955235139148,0.05151351612463574,12,0.9141804195778966,0,-0.34638489606398193,11,-0.13432912179890572,0.18584263792354155,-1.5006497451992065,0.7782665871936381,1
677950,"Thomas, Alek","AZ",2026,2026,0.617023140480166,0.09349102131261397,0.523532119167552,13,0.9148185235870767,-0.8033572575264347,-0.01797024474802814,10,0.5399180059967126,-0.01638588682916052,2.484105869688914,-0.12582837121581858,3
687221,"Rushing, Dalton","LAD",2026,2026,0.6164396331735376,0.7097794383557785,-0.09333980518224089,23,1.4882731208023752,0,-0.7784936824465967,23,-0.0882799123456931,-0.005059892836547827,-1.650439842494873,-0.2540928047891046,0
702332,"Durbin, Caleb","BOS",2026,2026,0.6114789566540704,1.0149430102235497,-0.40346405356947934,56,2.6552325092971505,-0.8801507458606065,-0.7601387532129941,37,-1.27583279957322,0.8723687460037411,-0.8799079698019476,4.177281213246523,19
672016,"Clarke, Denzel","ATH",2026,2026,0.6065585524851596,0.1898758803303094,0.4166826721548501,4,0.19887124170228052,0,-0.00899536137197113,2,0.38234930123168287,0.034333370923167156,1.6799662973909595,-0.0016891226738743985,2
596146,"Kepler, Max","AZ",2026,2026,0.6012588643750152,0.6656355415621844,-0.0643766771871692,8,0.8425971942962974,0,-0.17696165273411293,8,-0.0611463861404965,-0.0032302910466727,-0.9382261700222908,-0.05535650017762692,0
683748,"Mesa Jr., Victor","TB",2026,2026,0.5801888899515089,0.5619707277394953,0.0182181622120135,18,0.8565292409493535,0,-0.29455851320985826,11,0.06362470476350662,-0.04540654255149324,1.9943397894023362,-0.27221683449371503,7
695508,"Cauley, Cam","TEX",2026,2026,0.5640633360144636,0.5893282460293908,-0.02526491001492727,5,0.7142468106934439,0,-0.12491856466405314,5,-0.004669034422695114,-0.02059587559223216,-0.44720185327074113,-0.13374895938189357,0
666969,"García, Adolis","PHI",2026,2026,0.5563663054263341,0.023162569457915807,0.5332037359684183,19,0.5599187667160432,0,-0.5367561972581276,16,0.5169965154204842,0.016207220547934196,1.602402181048489,-0.12179335297157125,3
669701,"Smith, Josh","TOR",2026,2026,0.5555368649973231,0.20087918953796435,0.35465767545935883,15,1.068749113497847,-0.7712674621111308,-0.09660246184875212,10,0.3710139363600553,-0.0163562609006965,1.8333053074549424,-0.13111099476729532,5
686797,"Lee, Brooks","MIN",2026,2026,0.5511949408459575,0.5755796593936217,-0.024384718547664077,34,1.2936360411957253,0,-0.7180563818021035,26,0.05732513235983052,-0.08170985090749468,0.43067646395016784,-0.6614328545011698,8
806068,"Emerson, Colt","SEA",2026,2026,0.5418759199377817,1.129336161010717,-0.5874602410729354,20,1.4221028479512787,0,-0.2927666869405616,16,-0.526939104812972,-0.0605211362599633,-1.1550599939697006,-0.34441244764765766,4
693307,"Dingler, Dillon","DET",2026,2026,0.5411750456037927,0.9161175943175641,-0.37494254871377136,45,2.877934578677289,-0.9387797024645324,-1.0230372818951914,45,-0.34586442439059994,-0.029078124323171407,-4.471713791111596,-0.4281804595815587,0
699912,"Fernandez, Jose","AZ",2026,2026,0.5155969927742571,0.29651585334048675,0.2190811394337703,20,1.0583746394008426,0,-0.7618587860603557,12,0.240386355898804,-0.021305216465033444,2.5209133654709746,-0.40160257341784666,8
694378,"Gonzalez, Jacob","PIT",2026,2026,0.5115252322113958,0.5981125745106214,-0.0865873422992256,15,0.7705124525347158,0,-0.17239987802409434,12,-0.22925812257819467,0.142670780278969,-0.836386053709616,0.6685367078271399,3
663697,"India, Jonathan","KC",2026,2026,0.5115072946446301,0.4276590550163186,0.08384823962831148,5,0.7062163256573408,0,-0.2785572706410222,4,0.09333677277415567,-0.009488533145844183,-0.024332905264033533,-0.058735633464477195,1
640492,"Azócar, José","ATL",2026,2026,0.5084696236774172,0.34728789906947727,0.16118172460793992,4,0.3651275117311507,0,-0.017839612661673453,3,0.16884441025690478,-0.007662685648964859,0.7151702280624057,-0.061136101452408005,1
682729,"Clase, Jonatan","TOR",2026,2026,0.49658377868696124,0.5034294277969736,-0.006845649110012375,3,0.5059830003825769,0,-0.0025535725856033484,3,-0.006525262978349777,-0.00032038613166259823,-0.1615817979622528,-0.002459452094747503,0
672580,"Garcia, Maikel","KC",2026,2026,0.49655731435315364,1.5305898323532041,-1.0340325180000505,43,1.9781545859802523,0,-0.4475647536270472,34,-1.3723390735228362,0.33830655552278577,-3.9667986719518944,1.3753838927317208,9
681987,"Eaton, Nate","BOS",2026,2026,0.49602199440134,0.12713732678381312,0.36888466761752686,4,0.1344524946366329,0,-0.0073151678528197836,2,0.37489651847143507,-0.006011850853908222,1.6275617189310863,-0.04134565279542109,2
691019,"Teel, Kyle","CWS",2026,2026,0.4879414952659739,0.4925482746680353,-0.004606779402061403,4,0.5106443872269553,0,-0.018096112558919866,4,0.021094767248944775,-0.02570154665100618,-0.13795814428967867,-0.1822662743611601,0
641555,"Escarra, J.C.","NYY",2026,2026,0.4847957359959786,0.5078226177254201,-0.023026881729441576,10,0.6503708577272272,0,-0.14254824000180713,10,-0.022402821257295917,-0.0006240604721456549,-0.32395161479608725,-0.045283980443141046,0
624424,"Conforto, Michael","CHC",2026,2026,0.4833875516168342,0.3322007933893506,0.15118675822748365,15,0.7382386447712564,0,-0.4060378513819056,14,0.17325680023600762,-0.022070042008523926,-0.2997780102891251,-0.35536450307552303,1
691783,"Lawlar, Jordan","AZ",2026,2026,0.4813785023418252,0.3707675946199126,0.11061090772191264,7,0.3734339068576485,0,-0.0026663122377358767,3,0.12931642090940595,-0.018705513187493424,1.7939032683006808,-0.11060853166185677,4
694374,"Tawa, Tim","AZ",2026,2026,0.48069545574550443,-0.45738718877063356,0.938082644516138,12,0.2965279588668617,0,-0.7539151476374952,7,0.9886468490531668,-0.05056420453702879,3.41827415865255,-0.3340719154905787,5
669477,"Schmitt, Casey","SF",2026,2026,0.47506918518574814,-0.46245614843752836,0.9375253336232765,34,1.3641444752401257,-0.7509518882906167,-1.0756487353870376,25,1.0179217171282957,-0.0803963835050192,4.7167451600092685,-0.5531861695918671,9
660844,"Rivas, Leo","SEA",2026,2026,0.474946460422269,0.7914077244862948,-0.3164612640640258,11,0.8673456058951993,0,-0.07593788140890453,9,-0.313254122896318,-0.003207141167707664,-0.8090290342032928,-0.07560999667485471,2
665052,"Conine, Griffin","MIA",2026,2026,0.4567151335393584,0.3730540211047194,0.08366111243463899,14,0.6463419921655994,0,-0.2732879710608798,13,0.12114867254647031,-0.03748756011183134,-0.7666364074146808,-0.2429336894600874,1
690976,"Freeland, Alex","LAD",2026,2026,0.44869324582123893,0.2631573327957237,0.18553591302551525,19,1.1774777237066592,0,-0.914320390910935,17,0.2628785461718278,-0.07734263314631266,-0.25533444656354254,-0.5144726417991088,2
695238,"Wagner, Will","SD",2026,2026,0.4377825357261459,0.45631998101987153,-0.01853744529372567,4,0.7099668524385088,0,-0.2536468714186373,4,-0.01088012747110902,-0.007657317822616648,-0.6087629511771643,-0.07627848540274124,0
621043,"Correa, Carlos","HOU",2026,2026,0.4354732665092989,0.3652368752853114,0.0702363912239875,16,1.081756426738814,0,-0.7165195514535025,15,0.10129621163105136,-0.031059820407063773,-0.4066987478462011,-0.2669507989753751,1
687093,"Grissom, Vaughn","LAA",2026,2026,0.410493460096554,0.3771102674166881,0.03338319267986588,21,1.2287612979399847,0,-0.8516510305232967,20,0.07577317314296221,-0.04238998046309627,-1.0456644315800137,-0.3973269007937966,1
663368,"Perkins, Blake","MIL",2026,2026,0.40585368145041434,0.08398541593091885,0.3218682655194955,13,0.6419466821816908,0,-0.557961266250772,11,0.15620141026249348,0.16566685525700195,0.4872825052412304,0.7367328273833897,2
667670,"Rooker, Brent","ATH",2026,2026,0.39035309848138555,0.2689004608381612,0.12145263764322435,6,0.4158695557720928,0,-0.14696909493393145,5,0.13167165619087795,-0.010219018547653594,0.060914866413017354,-0.16294959919403224,1
669369,"Johnson, Bryce","SD",2026,2026,0.38657899199094364,0.2823119804394431,0.10426701155150053,9,0.32382504450937233,0,-0.041513064069929224,5,0.10743556189669885,-0.0031685503451984363,1.299820074396425,-0.032994798014681186,4
672820,"Sosa, Lenyn","TOR",2026,2026,0.37755617274405995,0.41065232637784005,-0.033096153633780115,9,0.6767452815586346,0,-0.2660929551807944,9,-0.0013645651969090922,-0.031731588436871024,-0.647827891840402,-0.21655327070503017,0
666310,"Naylor, Bo","CLE",2026,2026,0.37723171229230384,0.4144349267232078,-0.037203214430903964,3,0.4659230440504293,0,-0.05148811732722142,3,-0.03385738247090381,-0.0033458319600001636,-0.9138168339535091,-0.039252689903267135,0
620443,"Torrens, Luis","NYM",2026,2026,0.375613826720538,0.30577350600623915,0.06984032071429888,18,1.0774080241207697,0,-0.7716345181145307,17,0.07613093878913864,-0.0062906180748397485,-0.48280451785532186,-0.20124935982791295,1
678489,"Barrosa, Jorge","AZ",2026,2026,0.3683879819224137,0.6214426537786475,-0.2530546718562338,22,0.9570144787028869,0,-0.3355718249242397,19,-0.18624579093124338,-0.06680888092499032,-0.7735975452889673,-0.407608035848916,3
663616,"Larnach, Trevor","MIN",2026,2026,0.3546345620374607,1.5202315581461563,-1.1655969961086956,39,2.4026345418761728,0,-0.8824029837300156,36,-0.9378885961304053,-0.22770839997829037,-4.495248959706787,-1.4326835210060933,3
643289,"Dubón, Mauricio","ATL",2026,2026,0.35396325431997216,0.5608472189051827,-0.20688396458521058,38,2.2597991824888477,-0.7764206720677638,-0.9225312915159012,34,-0.12929154224012046,-0.0775924223450902,-1.948679939257172,-0.6130853843916281,4
630105,"Cronenworth, Jake","SD",2026,2026,0.35180385099895123,0.38078149489522267,-0.02897764389627145,17,0.958657160375415,0,-0.5778756654801925,13,-0.005072505545815128,-0.023905138350456278,-0.050284447181895155,-0.22300968975022586,4
805779,"Wilson, Jacob","ATH",2026,2026,0.34528602458413804,-0.1777949119468393,0.5230809365309773,26,1.2862371012123575,0,-1.4640320131591964,22,0.22029389905476895,0.3027870374762087,-0.4978320569197554,1.1762599259378386,4
695670,"Ford, Harry","WSH",2026,2026,0.34362220923359765,0.1980347046699767,0.145587504563621,6,0.3584664612419723,0,-0.1604317565719955,5,0.16372915407983119,-0.018141649516210168,0.6097245835168548,-0.14894150601262068,1
686780,"Pagés, Pedro","STL",2026,2026,0.3407588185427934,-0.030545925973324107,0.3713047445161175,14,0.6853931044652676,0,-0.7159390304385916,12,0.13864555374954884,0.23265919076656874,0.13223333542354315,0.8332190522384607,2
683679,"Rodriguez, Jesus","SF",2026,2026,0.3380281401014557,0.6633768891295359,-0.32534874902808014,8,0.9335601393037825,0,-0.27018325017424677,6,-0.32450846415632584,-0.0008402848717542898,-0.6593197032054636,-0.053430080218068304,2
671155,"Johnson, Ivan","CIN",2026,2026,0.3358002041229497,0,0.3358002041229497,2,0,0,0,0,0.16683809941338393,0.16896210470956574,0.6801388620799856,0.8266826216841133,2
663457,"Nootbaar, Lars","AZ",2026,2026,0.3348613227417147,0.2286699120402471,0.10619141070146762,17,0.7682842147758586,0,-0.5396143027356112,16,0.13986495931997078,-0.03367354861850315,-0.5707720855750997,-0.31185384448895326,1
681393,"Norby, Connor","COL",2026,2026,0.3340562023428856,0.1893331522436118,0.14472305009927375,19,0.462885083193036,0,-0.2735519309494242,11,-0.21389367839237705,0.3586167284916507,0.3507186176630672,1.734859709139451,8
657656,"Laureano, Ramón","SD",2026,2026,0.3189922146393293,0.16123187783488274,0.15776033680444657,23,0.6551530373673342,0,-0.4939211595324517,15,-0.19217210479463137,0.34993244159907794,0.24524790699876586,1.627918502195694,8
694410,"Groover, LuJames","AZ",2026,2026,0.29877340050534973,0.3328900959033051,-0.03411669539795535,4,0.3387374618505614,0,-0.00584736594725637,4,-0.023811697110854457,-0.0103049982871009,-0.30848828076517104,-0.11120011393253101,0
695020,"Murray, Tanner","CWS",2026,2026,0.2885597590531218,0.34038013620158497,-0.051820377148463145,2,0.3494038895239836,0,-0.009023753322398659,2,-0.05054538142093284,-0.0012749957275303141,-0.41572569169842105,-0.013838504684624685,0
669326,"Teodosio, Bryce","LAA",2026,2026,0.2883830595846601,-0.09345671155828472,0.3818397711429448,3,0.006658915664097138,0,-0.10011562722238186,1,0.4000953752683826,-0.018255604125437766,1.842535717614828,-0.11909574751528743,2
624641,"Sosa, Edmundo","PHI",2026,2026,0.28143434236624065,0.3054796929459489,-0.024045350579708257,10,0.5870952535423448,0,-0.28161556059639564,9,0.011063433237508028,-0.03510878381721627,-1.068111673248544,-0.3860888937475635,1
701785,"Culpepper, Kaelen","MIN",2026,2026,0.28087142788209934,0.25895929744664037,0.02191213043545897,2,0.26731700259837143,0,-0.008357705151731079,2,0.022349144475076355,-0.00043701403961738674,-0.05938337679374235,-0.006159170014394121,0
663330,"Jones, Jahmai","BOS",2026,2026,0.2764033249004111,0.4215202243752947,-0.14511689947488357,14,0.4792084887141466,0,-0.05768826433885187,10,-0.5505275542103163,0.40541065473543264,-2.141869440389044,1.7605879606815733,4
682657,"Martínez, Angel","CLE",2026,2026,0.27376094956021996,0.7220542329461885,-0.4482932833859686,37,1.7650589411899498,-0.7626736236959292,-0.2803310845478322,25,-0.7927731088285703,0.34447982544260186,-0.017430073716060153,1.4994960559516275,12
668709,"Bleday, JJ","CIN",2026,2026,0.27187808713703,0.8167752297023263,-0.5448971425652963,26,1.6745301411585207,0,-0.8577549114561939,21,-0.49081911274358997,-0.054078029821705995,-2.3666692089369548,-0.45637175258596324,5
687637,"Beavers, Dylan","BAL",2026,2026,0.27080927055705306,1.2222394920664075,-0.9514302215093544,31,2.000193379698509,0,-0.7779538876321015,22,-1.0904467566484757,0.13901653513912146,-1.7053304199930626,0.5647229478896361,9
670042,"Raley, Luke","SEA",2026,2026,0.2703795554064251,1.1085893722744897,-0.8382098168680646,22,1.82943370880909,0,-0.7208443365346001,19,-0.7901690897980765,-0.04804072706998823,-2.9573769825955876,-0.35039557540508554,3
650489,"Castro, Willi","COL",2026,2026,0.26750429284178023,-0.9103484830655594,1.1778527759073396,38,1.4484871798649572,-0.842788725764761,-1.5160469371657554,28,0.7930896076617868,0.38476316824555257,3.178332157486007,1.5223758014701467,10
606466,"Marte, Ketel","AZ",2026,2026,0.26272553973490853,0.09415949950988034,0.16856604022502816,40,1.4463001738755656,0,-1.3521406743656854,37,-0.0029312500064528893,0.17149729023148108,-2.963867674312697,0.20123120144499887,3
683766,"Koss, Christian","SF",2026,2026,0.26265422986476095,0.31689856704077823,-0.054244337176017295,8,0.32766063078128277,0,-0.01076206374050462,5,-0.019300336949079705,-0.03494400022693758,0.5746697260862353,-0.24468081480505763,3
624428,"Frazier, Adam","LAA",2026,2026,0.26231766938933926,0.42259701188557847,-0.1602793424962392,8,0.6147628968711367,0,-0.19216588498555817,7,-0.13088060568292967,-0.029398736813309553,-1.4035871289865753,-0.21069504263834438,1
664238,"Moore, Dylan","PHI",2026,2026,0.26081777211702994,0.08778392402711373,0.17303384808991623,3,0.08778392402711373,0,0,2,0.1813029592017151,-0.008269111111798903,0.834213003233534,-0.06086218165415644,1
666181,"Benson, Will","CIN",2026,2026,0.25595675321182504,0.5309627830193748,-0.2750060298075498,7,0.8476337817253985,0,-0.31667099870602333,5,-0.250627491851861,-0.02437853795568879,-0.45689369866631707,-0.15627590449642162,2
694377,"Yorke, Nick","PIT",2026,2026,0.25512289165245833,0.2780728584074869,-0.02294996675502856,4,0.35285836786511815,0,-0.07478550945763122,4,-0.013995275379341934,-0.008954691375686621,-0.40430359820354045,-0.07189339265270875,0
681047,"Franklin, Christian","BAL",2026,2026,0.25238902965465765,0.08451161543041417,0.16787741422424346,2,0.16161244844936667,0,-0.0771008330189525,1,0.18097922019455678,-0.013101805970313352,0.791781510767727,-0.07222880781644876,1
694388,"Loperfido, Joey","HOU",2026,2026,0.241305623892359,0.7593264738831406,-0.5180208499907816,10,0.8849510930906411,0,-0.12562461920750054,9,-0.4785993798052433,-0.03942147018553822,-1.7848350482821926,-0.2598291476409435,1
694192,"Chourio, Jackson","MIL",2026,2026,0.2357761234934257,0.3120962560823236,-0.07632013258889792,48,2.162162728673239,-0.8000705010958181,-1.049995971495097,37,-0.18079934971599065,0.10447921712709256,0.07174520805790628,0.30710055016025883,11
702616,"Holliday, Jackson","BAL",2026,2026,0.23205056310055475,0.3712053532849812,-0.13915479018442647,22,1.1364563159228533,0,-0.7652509626378721,15,-0.28004343128563053,0.14088864110120414,-0.5609872344890505,0.5768521876594732,7
800050,"DeLauter, Chase","CLE",2026,2026,0.22895974975095085,0.041050663592467854,0.18790908615848298,45,2.5142582142195957,-1.5591104492455545,-0.914097101381573,38,0.5319522942133689,-0.3440432080548861,-0.9956730639952398,-0.8250527520548958,7
608324,"Bregman, Alex","CHC",2026,2026,0.22320809689168275,0.7345810826426903,-0.5113729857510075,31,2.296864096705927,0,-1.5622830140632376,28,-0.4227294552058861,-0.08864353054512143,-3.8618994222021987,-0.722983421670028,3
692216,"Kayfus, CJ","CLE",2026,2026,0.2217105613395162,0.21073657393158304,0.010973987407933147,4,0.24052947652013776,0,-0.029792902588554684,4,0.010776223940633612,0.0001977634672995349,-0.18209211145815446,-0.013775099679585198,0
815873,"Keys, Sean","TOR",2026,2026,0.21889346430793663,0.22650149553315677,-0.007608031225220128,3,0.23822879669526512,0,-0.01172730116210833,3,-0.005353978472460917,-0.0022540527527592103,-0.0847106837872395,-0.014391268823100737,0
672012,"Black, Tyler","MIL",2026,2026,0.21708734914190084,0.1872763466104676,0.029811002531433234,3,0.18755782927516976,0,-0.0002814826647021516,3,0.044514056933841015,-0.014703054402407784,-0.03449261609225313,-0.09223723539751089,0
664040,"Lowe, Brandon","PIT",2026,2026,0.21390068347947777,0.477049443829479,-0.26314876035000123,39,1.6871211929613918,0,-1.2100717491319128,38,-0.12409942343416114,-0.13904933691583982,-3.566503378591406,-0.9923910725179184,1
665487,"Tatis Jr., Fernando","SD",2026,2026,0.2133868171995007,1.013513048790383,-0.8001262315908823,83,3.557850911724126,-1.517524348659117,-1.026813514274626,50,-0.2966922602010001,-0.5034339713898822,4.274279698019784,1.0133087053246959,33
669743,"Call, Alex","LAD",2026,2026,0.21169614061085684,1.018041049572262,-0.8063449089614052,23,1.2393449359868494,0,-0.22130388641458712,20,-0.3948813063837393,-0.41146360257766584,-1.5574528982755775,-1.2348774187559979,3
621439,"Buxton, Byron","MIN",2026,2026,0.2060677077932831,-0.532400823950862,0.7384685317441451,34,2.3415376933290224,-2.340900412577585,-0.533038104702298,30,0.8062708392108981,-0.0678023074667532,2.482216717609414,-0.5551275402628505,4
691277,"De Los Santos, Deyvison","MIA",2026,2026,0.20590391568477007,0.20590391568477007,0,1,0.20590391568477007,0,0,1,0,0,0,0,0
814430,"Callahan, Brett","DET",2026,2026,0.20090360009552932,0.20090360009552932,0,1,0.20090360009552932,0,0,1,0,0,0,0,0
666931,"Oliva, Jared","SF",2026,2026,0.19880233106037323,0,0.19880233106037323,1,0,0,0,0,0.19880233106037323,0,0.9549588902488856,0,1
664068,"Kingery, Scott","CHC",2026,2026,0.18414435803897433,0.20079238078562683,-0.0166480227466525,1,0.20079238078562683,0,0,1,-0.013748928493408415,-0.0028990942532440825,-0.13726788439088944,-0.025089225974537457,0
805904,"Cole, Zach","HOU",2026,2026,0.1796121260527016,0.1860550024598797,-0.00644287640717809,2,0.18636344290066284,0,-0.0003084404407831578,2,-0.004839604022955756,-0.001603272384222333,-0.08820710890568736,-0.020946172029421457,0
695391,"Harris, Brett","BOS",2026,2026,0.17910655817611854,0.18155803010708182,-0.002451471930963299,1,0.18155803010708182,0,0,1,-0.0021411789170758923,-0.00031029301388740637,-0.07103368438703189,-0.004641922879991641,0
660162,"Moncada, Yoán","LAA",2026,2026,0.17845259104910718,0.053700273812660904,0.12475231723644628,5,0.4558360424547785,0,-0.40213576864211753,4,0.13625477196570016,-0.011502454729253892,0.001365224846026778,-0.13171906710624545,1
623205,"Velazquez, Andrew","KC",2026,2026,0.17784506098295086,0,0.17784506098295086,1,0,0,0,0,0.1779888365814822,-0.0001437755985313361,0.7662825886759161,-0.000873173759620204,1
678225,"Bae, Jihwan","MIL",2026,2026,0.177765952330094,0,0.177765952330094,1,0,0,0,0,0.1828696273350975,-0.00510367500500352,0.8882242868595456,-0.05752755405342462,1
701649,"Triantos, James","CHC",2026,2026,0.17628754544046707,0.16638716884798496,0.009900376592482107,1,0.16651494523368263,0,-0.00012777638569765734,1,0.009900376592482107,0,-0.027269266774561162,0,0
694208,"Ballesteros, Moisés","LAA",2026,2026,0.17535735576174466,0.097951363433355,0.07740599232838964,9,0.5982017259118395,0,-0.5002503624784845,8,0.11774469051403506,-0.0403386981856454,-0.6398974933934141,-0.26147011639026696,1
678011,"Seigler, Anthony","BOS",2026,2026,0.17464352055821197,-0.004460805430600472,0.17910432598881246,16,0.31640846278985996,0,-0.3208692682204604,14,-0.13944023443418085,0.3185445604229932,-1.7591679930167996,1.5296527500932935,2
678545,"Basabe, Osleivis","SF",2026,2026,0.17068210846354245,0.016737241666377467,0.153944866797165,3,0.022780963523294853,0,-0.006043721856917387,2,0.15671040131522326,-0.002765534518058266,0.6432333341822577,-0.016995690065980947,1
805672,"Price, Collin","HOU",2026,2026,0.16891756075399308,-0.0313270510828049,0.20024461183679798,3,0.0071160041516263,0,-0.0384430552344312,2,0.20687848387252872,-0.006633872035730687,0.9671932279965498,-0.03705921633070331,1
694197,"Genao, Angel","CLE",2026,2026,0.16636305356244632,0.2092324818149354,-0.04286942825248908,5,0.28273735384029874,0,-0.07350487202536336,5,-0.025275173038691333,-0.01759425521379774,-0.31638061307333776,-0.13994231454925074,0
702176,"Roden, Alan","MIN",2026,2026,0.16322079206866671,0.2157404465865787,-0.052519654517912,5,0.3332076213560398,0,-0.11746717476946111,5,-0.05083220931099234,-0.0016874452069196575,-0.6724158129819434,-0.028944883438219094,0
641933,"O'Neill, Tyler","BAL",2026,2026,0.16020176397159736,0.10546178174579096,0.05473998222580641,17,0.9810962666253695,0,-0.8756344848795784,16,0.10421313493689142,-0.04947315271108501,-0.686170416344954,-0.3722272128841993,1
677060,"Stevens, Chad","COL",2026,2026,0.1529291978696048,0.1909260970997494,-0.037996899230144605,1,0.1909260970997494,0,0,1,-0.03928665253529748,0.0012897533051528724,-0.42906437975683753,-0.0021908529746603764,0
669899,"Ward, Ryan","LAD",2026,2026,0.1432094165103078,0.1904295025135111,-0.047220086003203286,4,0.19054355433979864,0,-0.00011405182628754416,4,-0.0458073483246752,-0.0014127376785280834,-0.377620950729885,-0.024618791524081137,0
687282,"Rincones Jr., Gabriel","PHI",2026,2026,0.1423466165646277,0.14217681202344107,0.0001698045411866315,5,0.20202594113271663,0,-0.059849129109275576,5,0.0011504053405373043,-0.0009806007993506728,-0.04336423586348996,-0.03130309068522486,0
656413,"Fairchild, Stuart","CLE",2026,2026,0.1365253274850835,0.024550050368243162,0.11197527711684035,4,0.18087460243316433,0,-0.15632455206492116,3,0.12623899646470735,-0.014263719347867002,0.3985334177233901,-0.08731895805685475,1
686554,"Dunn, Oliver","TB",2026,2026,0.13484817040418784,0.13746371486808087,-0.002615544463893036,1,0.2280323539509208,0,-0.09056863908283994,1,0,-0.002615544463893036,0,-0.01479823557325756,0
691373,"Garcia, Jhostynxon","PIT",2026,2026,0.12904226928601886,0.15897914819414763,-0.029936878908128774,2,0.17904631573634922,0,-0.020067167542201607,2,-0.026097625427082667,-0.0038392534810461057,-0.5300738138790592,-0.027670296113725408,0
691740,"Susac, Daniel","SF",2026,2026,0.12776030297856006,0.1952895591371826,-0.06752925615862254,12,1.3021622340549515,0,-1.1068726749177684,9,-0.04254984069816625,-0.024979415460456254,0.49788910565280675,-0.2756126874113605,3
695257,"Cook, Billy","PIT",2026,2026,0.12322062359374733,-0.18687277115651849,0.3100933947502658,10,0.4633834191805025,0,-0.650256190337021,5,0.35376875480637127,-0.043675360056105485,2.724726047753691,-0.321141625623938,5
669384,"Delgado, Raynel","HOU",2026,2026,0.11844490122002269,0.1572364597009807,-0.03879155848095803,2,0.16042451570572125,0,-0.0031880560047405256,2,-0.01645026633809636,-0.022341292142861666,-0.1958078650625034,-0.1157152424854245,0
682985,"Greene, Riley","DET",2026,2026,0.11550911377327924,0.35546325949128865,-0.2399541457180094,45,2.2270618329862746,-0.8162351936292443,-1.0553633798657422,40,-0.3438013099793807,0.10384716426137132,-3.4241668592384236,0.26211133440062695,5
703520,"Bateman, Brett","TOR",2026,2026,0.10808634462048457,0.12006957095077304,-0.011983226330288478,5,0.36914387897631734,0,-0.2490743080255443,5,-0.008874914600600026,-0.0031083117296884536,-0.08394412438528573,-0.02142830100182708,0
668942,"Rojas, Josh","KC",2026,2026,0.10005252077695763,0.16012634652280672,-0.06007382574584909,5,0.36135014812167365,0,-0.2012238015988669,5,-0.05351787597309755,-0.006555949772751537,-0.6744678386676719,-0.0441739566195501,0
641820,"Mancini, Trey","LAA",2026,2026,0.0983617593001443,0.13643384232613326,-0.038072083025988954,2,0.138688870591354,0,-0.002255028265220759,2,-0.03223225356341858,-0.0058398294625703765,-0.28968453368433167,-0.04002008431565454,0
662139,"Varsho, Daulton","HOU",2026,2026,0.09594973290064901,-0.5852807958414374,0.6812305287420864,36,1.9688796533784945,-1.546799259216959,-1.0073611900029729,31,0.759507392994952,-0.07827686425286565,2.357642796711555,-0.6844755004835612,5
666176,"Adell, Jo","CLE",2026,2026,0.09297227358416889,0.20897505514976722,-0.11600278156559833,32,1.7226844159440713,0,-1.513709360794305,30,-0.011739123845994525,-0.10426365771960386,-2.5372118454213153,-0.7601379555971909,2
600869,"Candelario, Jeimer","LAA",2026,2026,0.09223099565441129,0.11605222003787412,-0.023821224383462833,3,0.11825826818715782,0,-0.0022060481492836995,3,-0.010363493381031992,-0.01345773100243084,-0.11840734649761639,-0.07390850302145516,0
687515,"Thomas, Colby","ATH",2026,2026,0.08786062327828925,0.6733210581442618,-0.5854604348659725,8,0.7349882358861232,0,-0.06166717774186148,7,-0.5354068341619045,-0.05005360070406805,-1.8775035650028937,-0.2895035598825047,1
676914,"Schneider, Davis","TOR",2026,2026,0.07878439577295752,0.09760742224196409,-0.018823026469006566,11,0.6090413374447929,0,-0.5114339152028289,10,0.0220964751701339,-0.04091950163914046,-0.7563573831786258,-0.2622668793049409,1
668670,"Rogers, Jake","CWS",2026,2026,0.07353885903082058,-0.0881306939451244,0.16166955297594499,11,0.42971691112411226,0,-0.5178476050692367,10,0.16686580683395028,-0.0051962538580052516,-0.00990176242576668,-0.08287557014499325,1
669699,"Shewmake, Braden","MIL",2026,2026,0.0655259257509322,-0.11013250160051831,0.1756584273514505,5,0.016024190788916405,0,-0.12615669238943472,4,-0.04641130175516379,0.22206972910661427,-0.5763285505076733,0.9292042412068873,1
663656,"Tucker, Kyle","LAD",2026,2026,0.056427976524445866,-0.5644198593288757,0.6208478358533216,39,2.068671096981968,-0.7814638413415295,-1.851627114969314,34,0.4973923300464484,0.12345550580687335,-0.4219966839444906,0.47984247291020027,5
502054,"Pham, Tommy","NYM",2026,2026,0.05497181055854699,0.05527691133606956,-0.00030510077752256883,1,0.05527691133606956,0,0,1,0,-0.00030510077752256883,0,-0.002384616908010599,0
666185,"Carlson, Dylan","CHC",2026,2026,0.052469918569704815,0.06122029753546768,-0.008750378965762865,1,0.06122029753546768,0,0,1,-0.0017682956003680595,-0.006982083365394805,-0.022220403000425177,-0.03674647612581834,0
669392,"Taylor, Samad","SD",2026,2026,0.05137312618210746,0.07408171593889867,-0.022708589756791214,14,0.4786686532788587,0,-0.40458693733996,7,-0.008395058506699471,-0.014313531250091742,1.7513532650565016,-0.12171232787889072,7
656484,"Gray, Tristan","MIN",2026,2026,0.0512556741959552,-0.1736831682558063,0.2249388424517615,8,0.26463830574818187,0,-0.4383214740039882,6,0.261558836151397,-0.03661999369963557,0.5498759367988775,-0.24740826692959564,2
694371,"Troy, Tommy","AZ",2026,2026,0.04854522188514282,-0.2809955033494541,0.32954072523459693,10,0.5777589146181723,0,-0.8587544179676266,8,0.34808035562780887,-0.01853963039321199,1.1094155278196918,-0.14557783677216074,2
670242,"Wallner, Matt","MIN",2026,2026,0.04806073257074939,0.18383696816210104,-0.13577623559135166,4,0.2819103332080551,0,-0.09807336504595401,4,-0.08520941080627156,-0.050566824785080094,-1.1269405690793364,-0.3074453398342266,0
800325,"Lara, Luis","MIL",2026,2026,0.04765228799171947,0.14083144337757847,-0.093179155385859,13,0.6558178099646685,0,-0.51498636658709,10,-0.06445748967564015,-0.028721665710218742,0.3333683806671682,-0.22443399675724385,3
666624,"Morel, Christopher","MIA",2026,2026,0.0474801768131116,0.08824156558145949,-0.04076138876834789,4,0.09961162973871279,0,-0.011370064157253298,4,-0.03847512978157947,-0.002286258986768412,-0.4770350120194832,-0.02249769041864492,0
682877,"Brito, Juan","CLE",2026,2026,0.039881365360539864,0.0712341042014084,-0.03135273884086853,7,0.3291512148161742,0,-0.2579171106147657,7,-0.02231877307005498,-0.00903396577081355,-0.2976805304134092,-0.06528531680687244,0
669221,"Murphy, Sean","ATL",2026,2026,0.038841672566154825,0.05055093423802787,-0.011709261671873045,2,0.08879338998584618,0,-0.038242455747818316,2,0.000534533317122735,-0.01224379498899578,-0.0030260282823514053,-0.08164645118038305,0
677588,"Tena, José","WSH",2026,2026,0.03491063191099619,1.2574556088054232,-1.222544976894427,29,1.7821057784485792,0,-0.5246501696431559,22,-1.1877805994575499,-0.034764377436877304,-2.7439897245709135,-0.363919710772108,7
701162,"Malgeri, Ben","DET",2026,2026,0.03439030385853034,0.1085787154912377,-0.07418841163270735,5,0.30083801124995824,0,-0.19225929575872056,5,-0.05189360385533896,-0.022294807777368413,-0.6799531549831347,-0.137826074359713,0
806367,"Hill, Turner","SF",2026,2026,0.03209524046482397,0.03209524046482397,0,1,0.03543880230485262,0,-0.00334356184002865,1,0,0,0,0,0
804668,"Flores Jr., Rafael","PIT",2026,2026,0.02978199032373076,0.08605218334344655,-0.056270193019715795,2,0.15018745505791617,0,-0.06413527171446962,2,-0.020671300356323363,-0.035598892663392445,-0.33202804502575056,-0.1853044604242931,0
828599,"Spence, Lucas","HOU",2026,2026,0.02720674716853979,0.08782015293556394,-0.060613405767024155,1,0.20553304613038398,0,-0.11771289319482,1,-0.04997557039764982,-0.010637835369374345,-0.48780703257835023,-0.07628239535784224,0
700652,"Piper, Kenny","TB",2026,2026,0.026004588541256656,0.027399753158168685,-0.0013951646169120294,1,0.0278618007935879,0,-0.0004620476354192147,1,-0.0013951646169120294,0,-0.010302520226392912,0,0
641584,"Fraley, Jake","TB",2026,2026,0.02556655280754465,-0.0440852055609577,0.06965175836850235,11,0.32233488538436,0,-0.3664200909453177,7,0.11376941711888522,-0.044117658750382927,1.3826306783795574,-0.321038457162255,4
606192,"Hernández, Teoscar","LAD",2026,2026,0.02264022440048663,0.1914512402264594,-0.16881101582597277,27,2.257919390839835,-0.7993893921972303,-1.2670787584161456,27,-0.13394145317747538,-0.03486956264849741,-2.3200050004050383,-0.3867209512055775,0
680737,"Helman, Michael","TEX",2026,2026,0.02123147322927026,0.03218546178713063,-0.01095398855786037,2,0.06317174278108316,0,-0.030986280993952533,2,-0.00526932747362865,-0.005684661084231721,-0.05308855809087554,-0.03273935644334502,0
668930,"Turang, Brice","MIL",2026,2026,0.01959718808196531,0.7452465154647882,-0.7256493273828228,57,2.8120117576120545,-0.7597595984218551,-1.3070056437254094,42,-0.5704714639591275,-0.15517786342369527,-0.8878850522495273,-0.04175268370025501,15
678760,"Leonard, Eddys","SF",2026,2026,0.01867972997053921,0.003469934354992171,0.015209795615547039,1,0.0076892229517331444,0,-0.004219288596740973,1,0.02176026523437679,-0.00655046961882975,0.010391417938892212,-0.03615158829771453,0
623168,"Heineman, Tyler","LAA",2026,2026,0.014539312253368325,-0.07310992279655575,0.08764923504992407,5,0.18695437278579793,0,-0.26006429558235367,4,0.09427124275536915,-0.006622007705445063,-0.4674068497321482,-0.03772395941784892,1
699302,"Rodríguez, Héctor","CIN",2026,2026,0.011721033011188025,0.01993660306705037,-0.008215570055862344,1,0.02387188855420736,0,-0.003935285487156993,1,-0.0029648272183405606,-0.005250742837521785,-0.17561525042953233,-0.02753968287796674,0
693409,"Prieto, César","STL",2026,2026,0.01054191241257816,0.05352790830107214,-0.04298599588849398,1,0.0537935943444277,0,-0.00026568604335556583,1,-0.03961544332640255,-0.00337055256209143,-0.40680331434563965,-0.01906384823602013,0
663494,"Torres, Bryan","STL",2026,2026,0.009407079465706888,0.07068731464428749,-0.0612802351785806,6,0.41783314792704507,0,-0.3471458332827576,6,-0.05946810683543352,-0.0018121283431470766,-0.6632307093821537,-0.06055621052989528,0
682515,"Porter, Logan","LAA",2026,2026,0.007722265075951425,0.024101928160522257,-0.016379663084570832,2,0.024603398431360335,0,-0.0005014702708380783,2,-0.004891594965082149,-0.011488068119488682,-0.052682017965148126,-0.06272379671816798,0
811965,"Kuroda-Grauer, Joshua","ATH",2026,2026,0.006400208591070516,0.1269023768358893,-0.1205021682448188,8,0.5769765980176523,0,-0.45007422118176305,8,-0.07838445434390004,-0.04211771390091878,-0.9239192095887682,-0.3302250583745431,0
665856,"Camargo, Jair","ATL",2026,2026,0.0014779641048356796,0.0017957951489355022,-0.0003178310440998226,1,0.003753380854645618,0,-0.0019575857057101157,1,0,-0.0003178310440998226,0,-0.005572434522628663,0
682848,"Rodríguez, Endy","PIT",2026,2026,0.0007238067436124984,-0.7882868092528218,0.7890106159964343,17,0.525713066963184,-0.8702691078718684,-0.4437307683441374,12,0.6334629779690317,0.15554763802740218,2.205488462298864,0.6540202193091686,5
663662,"Cameron, Daz","TOR",2026,2026,-0.00009445800670914665,-0.00009445800670914665,0,1,0.0019514452456154832,0,-0.00204590325232463,1,0,0,0,0,0
621550,"Wisdom, Patrick","SEA",2026,2026,-0.0051022991436429355,-0.008793497175400306,0.0036911980317573707,2,0.0021587011805581494,0,-0.010952198355958455,2,0.0057087887037653865,-0.0020175906720080157,-0.14086307251616803,-0.03552128054309596,0
640459,"Navarreto, Brian","MIA",2026,2026,-0.006974583698087549,0.0024818753132726315,-0.00945645901136018,1,0.0024818753132726315,0,0,1,-0.00591017981031885,-0.0035462792010413314,-0.04420905399247624,-0.025186432739426348,0
660644,"Bruján, Vidal","NYM",2026,2026,-0.007213209149546077,0.00013300984724573723,-0.007346218996791814,1,0.00013300984724573723,0,0,1,0,-0.007346218996791814,0,-0.07253075055599166,0
669911,"Toglia, Michael","CIN",2026,2026,-0.01653980929227821,-0.014934691289500483,-0.0016051180027777292,1,0.0019514452456154832,0,-0.016886136535115965,1,0,-0.0016051180027777292,0,-0.009183175765894577,0
671083,"Kennedy, Buddy","SF",2026,2026,-0.01909572856973618,-0.008780929239335062,-0.010314799330401121,2,0.03527835056147024,0,-0.044059279800805304,2,-0.004891594965082149,-0.00542320436531897,-0.052682017965148126,-0.03213348287134915,0
642020,"Robinson, Chuckie","LAD",2026,2026,-0.023924829976484048,-0.009864601514271595,-0.014060228462212453,1,0.006433511802664947,0,-0.016298113316936542,1,-0.012991588346599064,-0.0010686401156133909,-0.08992901701983094,-0.010929264400551909,0
571657,"Farmer, Kyle","ATL",2026,2026,-0.027385882048832723,-0.006742736548843551,-0.02064314549998917,1,0.005164558906010816,0,-0.011907295454854368,1,-0.0029570992668824,-0.01768604623310677,-0.07181772945016596,-0.09950241508149553,0
592206,"Castellanos, Nick","SD",2026,2026,-0.027901424464429767,-0.14323137706417122,0.11532995259974145,5,0.2505983341125095,0,-0.3938297111766807,4,0.16588430459299222,-0.050554351993250785,0.5291810072183157,-0.28431543045458324,1
664059,"Haggerty, Sam","TEX",2026,2026,-0.031070667897797596,0.048229028260328155,-0.07929969615812575,5,0.05454298042454247,0,-0.006313952164214311,2,-0.06765276938208091,-0.011646926776044841,0.4851865594757303,-0.08432982979692417,3
666139,"Lowe, Josh","LAA",2026,2026,-0.03169097664717635,-0.6495454996246908,0.6178545229775144,11,0.2411810418918541,-0.7752900262234257,-0.11543651529311927,7,0.7098510661885306,-0.09199654321101607,2.4799321154142193,-0.6278544472132342,4
688363,"Pauley, Graham","MIA",2026,2026,-0.036876570206422155,0.3024478685446378,-0.33932443875105994,12,0.6509952867442553,0,-0.34854741819961743,10,-0.453159167085776,0.1138347283347162,-1.7863691260702657,0.5381322844010441,2
691011,"Romo, Drew","CWS",2026,2026,-0.03863612766120482,-0.14976539846225062,0.1111292708010458,8,0.3356597141529293,0,-0.4854251126151799,7,0.1592596107926286,-0.048130339991582755,0.1196228129807845,-0.31284177244123906,1
682988,"Locklear, Tyler","AZ",2026,2026,-0.044367134959370995,-0.04368060105441521,-0.00068653390495579,2,0.13583070098776198,0,-0.17951130204217716,2,0.009998778929588956,-0.01068531283454475,-0.14051119770094206,-0.09174585810158363,0
572233,"Walker, Christian","HOU",2026,2026,-0.0471271494401517,0.22350768970898496,-0.27063483914913666,36,1.4230937407689583,-0.7512521775232804,-0.4483338735366927,36,-0.13898435402919157,-0.13165048511994495,-3.5932139228117124,-0.8628901200800524,0
663624,"Mountcastle, Ryan","BAL",2026,2026,-0.04785280483959067,-0.0019455163060154734,-0.045907288533575195,1,0.0030364315110245625,0,-0.004981947817040036,1,-0.040276418950683165,-0.005630869582892026,-0.36584524657226747,-0.08378814717319646,0
682641,"Matos, Luis","MIL",2026,2026,-0.049078166043242104,-0.03960939448342682,-0.009468771559815283,1,0.15812250271157915,0,-0.19773189719500597,1,-0.005480947244036623,-0.003987824315778661,-0.10830241344770737,-0.022179927431675774,0
694362,"Dunn, Blake","CIN",2026,2026,-0.05062668528007658,0.25223971608749457,-0.30286640136757115,20,0.47465522385014447,0,-0.2224155077626499,12,-0.6827870969580462,0.379920695590475,-1.1492593769617732,1.7306004044006753,8
677592,"Pereira, Everson","STL",2026,2026,-0.05708470124571177,-0.21002631833007485,0.15294161708436307,6,0.044662623546715206,0,-0.25468894187679003,5,0.171195820253307,-0.01825420316894405,0.29239772420564125,-0.1488023457103671,1
801126,"Rodden, Brock","SEA",2026,2026,-0.05923924280484144,-0.05923924280484144,0,2,0.007328366932307055,0,-0.0665676097371485,2,0,0,0,0,0
686765,"Sogard, Nick","BOS",2026,2026,-0.0605803115771683,0.04295874648768591,-0.10353905806485421,15,1.1500514405637372,-0.7664390318084519,-0.3406536622675997,15,-0.06802969060190707,-0.03550936746294713,-1.1239630183587181,-0.21946736497628938,0
649966,"Urías, Luis","TOR",2026,2026,-0.06263274552024614,-0.01074400337783609,-0.051888742142410044,4,0.019930752959126448,0,-0.030674756336962542,4,-0.04505108685272408,-0.00683765528968595,-0.5522833578196742,-0.05128770676392646,0
650559,"De La Cruz, Bryan","PHI",2026,2026,-0.07290279727122875,0.0015904044099945345,-0.07449320168122328,2,0.07247536502453612,0,-0.0708849606145416,2,-0.06357485735323049,-0.010918344327992806,-0.5706775762939488,-0.059122236388706985,0
676551,"Hicklen, Brewer","ATL",2026,2026,-0.07958926563579724,-0.03987573703522225,-0.039713528600575,4,0.13405356320449888,0,-0.1739293002397211,4,-0.01416559313454491,-0.025547935466030083,-0.13718314274334675,-0.14949072006748054,0
676369,"Velázquez, Nelson","HOU",2026,2026,-0.08096662686905895,-0.026153666437533397,-0.05481296043152556,6,0.07606706722229961,0,-0.10222073365983299,6,-0.04997387184993931,-0.004839088581586246,-0.49254198036235153,-0.06262846408933799,0
676391,"Clement, Ernie","TOR",2026,2026,-0.08376318553928297,-0.5870714830116885,0.5033082974724056,44,2.4269224805376517,-1.5090245097868777,-1.5049694537624623,39,0.623231431114979,-0.1199231336425735,-0.14162889405283396,-0.8716752568960526,5
687551,"Gilbert, Drew","SF",2026,2026,-0.09033896117787832,0.8512817890944734,-0.9416207502723517,29,1.4518909069389485,0,-0.600609117844475,26,-0.884528064398416,-0.05709268587393538,-4.173544045782098,-0.37959638107697835,3
682818,"Piñango, Yohendrick","TOR",2026,2026,-0.09072482326201359,0.32350855866670736,-0.41423338192872095,12,0.5656560979583255,0,-0.24214753929161828,10,-0.3736649206451794,-0.040568461283541433,-1.524839021913922,-0.34829470093046705,2
668885,"Martin, Austin","MIN",2026,2026,-0.092717453661178,-0.24027597289979022,0.1475585192386122,42,1.8980638961131069,-1.5138235178708648,-0.6245163511420321,27,0.21086592786464284,-0.06330740862603047,3.8194350712258287,-0.6394305949718586,15
502671,"Goldschmidt, Paul","NYY",2026,2026,-0.09309502672132945,-0.11849071652944956,0.02539568980812011,21,0.6243312464788403,0,-0.7428219630082896,20,-0.18164810233971268,0.20704379214783292,-2.2263151965711856,0.75365733390218,1
687952,"Encarnacion-Strand, Christian","BAL",2026,2026,-0.09651890035614427,-0.17161009375341765,0.07509119339727338,3,0.07080754803762287,0,-0.24241764179104053,2,0.09613260392380218,-0.021041410526528824,0.26759542521267643,-0.18331246902082654,1
680574,"McLain, Matt","CIN",2026,2026,-0.09770292695698313,-1.3270536340081414,1.2293507070511582,42,1.5047191985831025,-1.6331504053151167,-1.1986224272761277,28,0.6866895018830329,0.542661205168125,3.5597581103938176,2.4617934070336163,14
691016,"Soderstrom, Tyler","ATH",2026,2026,-0.09775759294246428,0.02818514877021702,-0.1259427417126813,44,2.5240456381120926,-1.547950888494391,-0.9479096008474845,43,-0.08407609411993491,-0.04186664759274633,-2.601114918675791,-0.6416815648020116,1
683011,"Volpe, Anthony","NYY",2026,2026,-0.09919574971278622,1.092404600138283,-1.1916003498510692,30,2.0707300463114175,-0.7681886146238501,-0.21013683154928425,19,-1.3510753713068693,0.1594750214558004,-1.5290717580433864,0.6622606247202247,11
660670,"Acuña Jr., Ronald","ATL",2026,2026,-0.10607451161094439,-0.11892002546256797,0.01284551385162358,47,1.3664678566848798,-0.7930359841213526,-0.6923518980260955,29,-0.4838691040845978,0.4967146179362215,2.195912157349549,2.212251348430736,18
681909,"Dean, Justin","CHC",2026,2026,-0.11449180430825129,-0.10950195157580711,-0.004989852732444182,2,0.17546851533170912,0,-0.28497046690751626,2,0.0014733270784349963,-0.0064631798108791775,-0.11912215356976456,-0.037223506315862666,0
606992,"Haase, Eric","SF",2026,2026,-0.1260183917391353,-0.0772846150024909,-0.0487337767366444,3,0.008522543429699755,0,-0.08580715843219065,3,-0.06069401223456032,0.011960235497915922,-0.6152347100163127,-0.014278682006905442,0
663837,"Vierling, Matt","DET",2026,2026,-0.13602605435655762,0.13443393564606188,-0.2704599900026195,29,1.3345657391132126,-0.9084612238133087,-0.291670579653842,23,-0.22708159988800974,-0.04337839011460976,0.06165389035858987,-0.4759618388269663,6
700246,"Williams, Carson","TB",2026,2026,-0.14006545857524227,0.3149832130624126,-0.4550486716376549,7,0.4712454370811675,0,-0.15626222401875492,6,-0.45413859288980624,-0.0009100787478486728,-1.132444396253112,-0.004970688272237489,1
670097,"Short, Zack","NYM",2026,2026,-0.14044749383199667,-0.0979682053517416,-0.04247928848025509,3,0.023133091538691752,0,-0.12110129689043335,3,-0.02919217265491535,-0.013287115825339738,-0.43053988779287033,-0.07175567173760343,0
665926,"Giménez, Andrés","TOR",2026,2026,-0.14240979269025644,-1.0446744114934858,0.9022646188032294,30,0.8286307875389682,-0.904397127282026,-0.9689080717504273,18,0.3015881646716095,0.6006764541316203,2.453508495332445,2.571899755036413,12
677956,"Hinds, Rece","MIA",2026,2026,-0.14389235306048814,-0.10707399966499012,-0.03681835339549801,3,0.017740782630007272,0,-0.1248147822949974,3,-0.017085953689041956,-0.01973239970645606,-0.16115592136378543,-0.12562791845194804,0
645302,"Robles, Victor","SEA",2026,2026,-0.1508411409226797,0.29563586788069,-0.4464770088033697,21,0.9439540216332687,0,-0.6483181537525787,12,-0.7895754758147622,0.34309846701139235,-1.0690019386475242,1.659550545922863,9
608701,"Refsnyder, Rob","SEA",2026,2026,-0.15146871019883193,-0.07112273364977162,-0.08034597654906031,4,0.06788981736709955,0,-0.13901255101687118,4,-0.09810968374080876,0.01776370719174847,-0.7616764136158308,-0.004980120392413289,0
672695,"Perdomo, Geraldo","AZ",2026,2026,-0.1543175848789835,0.30445920190504333,-0.45877678678402684,65,3.0118176644183676,-1.8218131240362752,-0.885545338477049,43,0.07565359122318946,-0.5344303780072163,3.810791660310078,-1.7621127985927951,22
543877,"Vázquez, Christian","HOU",2026,2026,-0.1543684949684681,-0.6268750324963516,0.47250653752788346,10,0.1483901613012874,0,-0.7752651937976389,7,-0.11437779587062094,0.5868843333985044,-1.521203194506897,2.5698126204181717,3
669087,"Huff, Sam","BAL",2026,2026,-0.1554365695914357,-0.13315734474406365,-0.022279224847372048,1,0.0019514452456154832,0,-0.13510878998967912,1,-0.0055644399977443516,-0.016714784849627698,-0.05534883080809622,-0.0977252428462439,0
694673,"Ortiz, Abimelec","WSH",2026,2026,-0.15853604773550273,-0.14530036164410703,-0.013235686091395686,3,0.15738524542860943,0,-0.3026856070727164,3,-0.006441352458706298,-0.006794333632689388,-0.22387236370241254,-0.04161716479581337,0
691176,"Domínguez, Jasson","NYY",2026,2026,-0.15909276645880022,-0.8954318979957858,0.7363391315369856,21,0.548793152935597,-0.8001004503957971,-0.6441246005355857,13,0.38299296662848004,0.35334616490850557,2.1693676274890756,1.6790822814512776,8
691785,"Mayer, Marcelo","BOS",2026,2026,-0.1693021028799021,-0.18200010663106636,0.012698003751164245,16,0.5735830996240575,0,-0.7555832062551239,15,0.07388565643425424,-0.06118765268308996,-0.8227895054160415,-0.4291263606738225,1
695720,"White, Tommy","ATH",2026,2026,-0.17019900029777968,0.3487224289047254,-0.5189214292025051,7,0.3809068911999209,0,-0.03218446229519555,6,-0.4861925167026924,-0.0327289124998126,-1.640952694685216,-0.18055732619282983,1
687597,"Beck, Jordan","COL",2026,2026,-0.18007524686255894,0.5992571748104488,-0.7793324216730078,12,0.697425179148883,0,-0.0981680043384341,9,-0.3045012947007279,-0.4748311269722797,-0.7749681133163784,-1.1672475497523331,3
677595,"Mauricio, Ronny","NYM",2026,2026,-0.18358221274816242,-0.12559755762636693,-0.05798465512179549,1,0.0019514452456154832,0,-0.12754900287198243,1,-0.05353114571416544,-0.004453509407630051,-0.37625975754614543,-0.03660632275056784,0
703601,"Clark, Max","DET",2026,2026,-0.18975909713614472,-0.1362461214033371,-0.05351297573280762,3,0.4101039498015842,0,-0.5463500712049214,3,-0.03917038821626297,-0.01434258751654463,-0.4593191271032007,-0.10133168988860704,0
695336,"Saggese, Thomas","STL",2026,2026,-0.19543430416114982,0.10952022717106952,-0.30495453133221934,8,0.47595519739246545,0,-0.3664349702213958,6,-0.2863303040146279,-0.018624227317591436,-0.5650905878408712,-0.13242084990447056,2
663611,"Madrigal, Nick","LAA",2026,2026,-0.1967235088380018,0.1849962983672793,-0.3817198072052811,7,0.2170099212414393,0,-0.03201362287415999,5,-0.37528404015231254,-0.00643576705296867,-0.997057565492756,-0.0573655144423636,2
691788,"Mack, Joe","MIA",2026,2026,-0.19837458327270835,-0.14866912383325576,-0.04970545943945261,14,0.6046845189499365,0,-0.7533536427831924,14,0.0027509587546091837,-0.05245641819406177,-1.6393081116975212,-0.36736320728395183,0
699625,"Crooks, Jimmy","STL",2026,2026,-0.19994867662697402,-0.10482294194979176,-0.09512573467718226,7,0.03990026719587696,0,-0.1447232091456687,7,-0.09147350477321343,-0.003652229903968841,-0.9012903814223666,-0.022831028040259247,0
805300,"Marsee, Jakob","MIA",2026,2026,-0.20664635282827715,1.5780872483992758,-1.784733601227553,53,2.597820924703195,0,-1.0197336763039182,34,-1.3557779895370576,-0.42895561169049556,-3.1021281521988753,1.345696031175131,19
669127,"Langeliers, Shea","ATH",2026,2026,-0.20879805448301425,0.0015210920593986751,-0.21031914654241293,30,1.501586189093119,0,-1.5000650970337202,27,-0.2863227941371997,0.0760036475947868,-2.195226076904346,-0.20351459006268385,3
650968,"Pozo, Yohel","BAL",2026,2026,-0.21349176931585018,-0.17425962312847848,-0.039232146187371704,2,0.08183633181943846,0,-0.2560959549479169,2,-0.037138018506915935,-0.0020941276804557745,-0.40291492819959374,-0.050279144097887155,0
543807,"Springer, George","TOR",2026,2026,-0.21377763878592354,-0.08984928977894234,-0.12392834900698121,38,1.5761736406098907,-0.8152062997539826,-0.8508166306348504,30,0.2176884129100906,-0.34161676191707174,0.14878363128226718,-0.5949109799485812,8
665861,"Rivero, Sebastián","LAA",2026,2026,-0.21443739253519647,-0.19371412919487108,-0.0207232633403254,1,0.005164558906010816,0,-0.19887868810088188,1,-0.04989901733498675,0.02917575399466135,-0.4971699125358453,0.007600747300222015,0
663698,"Bart, Joey","CWS",2026,2026,-0.2154344788061587,-0.08133081656676727,-0.13410366223939144,5,0.14059494412549284,0,-0.22192576069226017,5,-0.1210456692608739,-0.013057992978517554,-1.428013015007001,-0.11689059111622291,0
644433,"Tromp, Chadwick","BAL",2026,2026,-0.21600246103157633,-0.19829319116757538,-0.017709269864000954,1,0.010821831731772273,0,-0.20911502289934764,1,-0.0009720412605275525,-0.0167372286034734,-0.09253058641934375,-0.0986872906034726,0
664731,"Higgins, P.J.","CIN",2026,2026,-0.21684802124051725,-0.19767600992738854,-0.019172011313128713,1,0.0019514452456154832,0,-0.19962745517300404,1,-0.011139531486999423,-0.008032479826129292,-0.28846206407896935,-0.057115756365150185,0
807727,"McAdoo, Charles","TOR",2026,2026,-0.22121093750964138,-0.22156036549062258,0.0003494279809812098,1,0.0664018476256074,0,-0.28796221311623,1,0.001743551074426785,-0.0013941230934455752,-0.10294276460988933,-0.01920932279237598,0
663647,"Hayes, Ke'Bryan","CIN",2026,2026,-0.22665502911956073,0.22135339825922543,-0.44800842737878616,6,0.4171156703303932,0,-0.1957622720711678,5,0.030247036437346567,-0.4782554638161327,-0.7309236947624207,-1.2278424508511883,1
656577,"Jackson, Alex","MIN",2026,2026,-0.23011524559243213,-0.18195520632566767,-0.048160039266764446,6,0.39010391604703676,0,-0.5720591223727044,6,-0.027099320246527555,-0.021060719020236877,-0.4319176374866309,-0.2160361800895048,0
680718,"Barger, Addison","TOR",2026,2026,-0.24133767522091526,-0.2363633067491878,-0.004974368471727474,1,0.0019514452456154832,0,-0.2383147519948033,1,-0.01729274133196791,0.012318372860240435,-0.11383912187021736,-0.018134002387052872,0
642851,"Wynns, Austin","TEX",2026,2026,-0.24303091978226882,-0.1453826367198819,-0.0976482830623869,2,0.1496825903867879,0,-0.2950652271066698,2,-0.08952643178997813,-0.008121851272408765,-0.892428139475808,-0.0475327452959688,0
665561,"Marchán, Rafael","PHI",2026,2026,-0.2432159712053311,-0.1541938106689611,-0.08902216053636999,1,0.2257751084442462,0,-0.3799689191132073,1,-0.08168272917179513,-0.007339431364574846,-0.7008483914738473,-0.044975937877232856,0
592450,"Judge, Aaron","NYY",2026,2026,-0.24874655414694258,0.29953012484931996,-0.5482766789962625,22,0.8016936282836117,0,-0.5021635034342916,15,-0.5602553585153225,0.011978679519059959,-0.20802282676828723,-0.1276232494580662,7
672613,"Alfonzo, Eliezer","LAD",2026,2026,-0.24912705984633413,-0.24166934602267912,-0.007457713823655011,1,0.00627510490251916,0,-0.2479444509251983,1,-0.009946116734489465,0.002488402910834455,-0.10110635941321701,-0.017959415094729963,0
701852,"Cavanaugh, Drew","SF",2026,2026,-0.2527474775814145,-0.07466451084477695,-0.17808296673663757,4,0.27689243668656255,0,-0.35155694753133954,4,-0.1172659729147159,-0.06081699382192173,-1.320613988751662,-0.4274494164928896,0
681807,"Fry, David","CLE",2026,2026,-0.25293586159703324,-0.15700022951974482,-0.0959356320772884,8,0.544554391388413,0,-0.7015546209081578,8,-0.07805917476199475,-0.017876457315293665,-1.4155767554527832,-0.19249563952508364,0
678577,"Perez, Junior","CWS",2026,2026,-0.25502281435559526,0.21977315512791512,-0.4747959694835104,3,0.23309152442627676,0,-0.013318369298361643,2,-0.45406598660771663,-0.020729982875793806,-1.1070588721899572,-0.11005349876192025,1
543760,"Semien, Marcus","NYM",2026,2026,-0.2614711822108864,0.637425816031605,-0.8988969982424914,27,1.6249016119770552,0,-0.9874757959454502,20,-0.8190746001312306,-0.0798223981112615,-1.9897766893619218,-0.4949840521650212,7
642708,"Rosario, Amed","NYY",2026,2026,-0.26467221957510867,-0.33446723109821014,0.06979501152310144,8,0.20127982091815244,0,-0.5357470520163626,7,0.08945483805084603,-0.019659826527744586,-0.2184029615010232,-0.2667516478031712,1
676724,"Young, Jared","NYM",2026,2026,-0.26505103449448336,-0.4472257463913239,0.18217471189684054,19,1.2322791224902996,-0.8380064212745173,-0.8414984476071065,17,0.25537555919378274,-0.07320084729694198,-0.41049584472435524,-0.5370881589504491,2
663853,"Gonzalez, Romy","BOS",2026,2026,-0.2668793230775466,0.04749631633664872,-0.31437563941419533,6,0.07803132477582775,0,-0.03053500843917903,4,0.15984253198484688,-0.4742181713990422,0.4734116415104899,-1.1511875653590433,2
665953,"Chaparro, Andrés","WSH",2026,2026,-0.28266804326314554,-0.2005464297002215,-0.08212161356292404,6,0.3777387305430066,0,-0.5782851602432281,6,-0.059708869763703265,-0.02241274379922078,-0.6617765587896788,-0.1572702045133343,0
593871,"Polanco, Jorge","NYM",2026,2026,-0.294036141111742,-0.27605429232510326,-0.017981848786638718,4,0.16965621224870067,0,-0.4457105045738039,4,0.005881830801095668,-0.02386367958773438,-0.49609157870951615,-0.1408121069531649,0
687231,"Hernaiz, Darell","ATH",2026,2026,-0.29489409915093384,-0.4178802809923505,0.12298618184141663,11,0.7595524298961784,-0.8205801347817792,-0.35685257610674975,10,0.15871810372952083,-0.03573192188810419,0.055825450800389816,-0.2466153965463898,1
682626,"Alvarez, Francisco","NYM",2026,2026,-0.29617365154638897,0.343353291333388,-0.639526942879777,17,0.9571235180780081,0,-0.6137702267446201,16,-0.5647795800670246,-0.07474736281275261,-3.042756185795675,-0.5507091196668319,1
694514,"Thompson, Sterlin","COL",2026,2026,-0.2979460774744521,-0.2766171823265771,-0.021328895147874984,6,0.4229446489594655,0,-0.6995618312860427,6,0.00024337760174664245,-0.021572272749621618,-0.5225451461863503,-0.13867545936871756,0
672515,"Moreno, Gabriel","AZ",2026,2026,-0.30596500873084365,-0.5235906774566397,0.21762566872579603,41,1.3045747194892956,0,-1.8281653969459355,36,0.20719060405725642,0.010435064668539659,0.05585695525487284,-0.5509653820719445,5
680728,"Del Castillo, Adrian","AZ",2026,2026,-0.31556929266930767,-0.35176023757070884,0.036190944901401165,5,0.09043089335973238,0,-0.44219113093044127,4,0.09541058037474137,-0.059219635473340186,-0.8444387227525473,-0.3950899882888036,1
676609,"Caballero, José","NYY",2026,2026,-0.31938617047643336,1.4868850567201095,-1.8062712271965429,58,1.8176680071499651,0,-0.3307829504298559,24,-0.5798690864759388,-1.2264021407206038,5.309872247589764,-0.36914185589752413,34
682634,"Alcántara, Kevin","CHC",2026,2026,-0.3322023360887164,-0.3093862423091253,-0.022816093779591085,1,0.014441740398985426,0,-0.32382798270811075,1,-0.016589383497842822,-0.006226710281748262,-0.3871003910410563,-0.0416233215489014,0
645277,"Albies, Ozzie","ATL",2026,2026,-0.35074452349975394,1.0380474208503423,-1.3887919443500962,41,2.39123313662185,0,-1.3531857157715064,37,-1.3068191977322907,-0.0819727466178061,-5.444269073541959,-0.6395569404091215,4
681715,"Hernández, Heriberto","MIA",2026,2026,-0.35682620463065495,-0.27565763087917083,-0.08116857375148413,25,0.870235239347583,-0.7606907492467987,-0.38520212097995504,18,-0.01577759683615713,-0.06539097691532715,0.7917112830445431,-0.4098970684575253,7
595879,"Báez, Javier","DET",2026,2026,-0.35745449082185876,0.4071795558270712,-0.76463404664893,22,1.6549333111938234,-0.9235594226679893,-0.32419433269876285,19,-0.2822358745095256,-0.4823981721394043,-0.9218335933505013,-1.2441223678757927,3
656775,"Mullins, Cedric","TB",2026,2026,-0.360521524928893,0.4319689044868261,-0.7924904294157191,31,0.9980025891585136,0,-0.5660336846716871,15,-0.7247298510469495,-0.06776057836876953,2.0397140444453075,-0.5601808346434549,16
518595,"d'Arnaud, Travis","LAA",2026,2026,-0.3618199421743223,-0.30095626413460275,-0.06086367803971954,2,0.001957565346438123,0,-0.3029138294810409,2,-0.0568251527427959,-0.004038525296923655,-0.5290032350242857,-0.035899224838483464,0
700250,"Rice, Ben","NYY",2026,2026,-0.3643067491081229,-0.7764480451014414,0.4121412959933185,35,1.8403082614897022,-0.8839087530688031,-1.7328475535223404,32,0.3052899624233884,0.10685133356993001,-1.5952723776382558,0.2826971211889073,3
457705,"McCutchen, Andrew","TEX",2026,2026,-0.3666280394576646,-0.3337762776558052,-0.03285176180185938,3,0.12139095139307195,0,-0.4551672290488772,3,-0.027491693582750727,-0.005360068219108644,-0.4907618904424845,-0.05309635483343882,0
519317,"Stanton, Giancarlo","NYY",2026,2026,-0.36907137135024715,-0.539178237808419,0.17010686645817188,5,0.15145275564355815,0,-0.6906309934519772,4,0.18002991414476627,-0.009923047686594398,0.5824515432320931,-0.07896399903373603,1
701762,"Kurtz, Nick","ATH",2026,2026,-0.3718348098068424,-0.7952945291854259,0.42345971937858345,35,1.4552498320077072,-0.935870298390101,-1.3146740628030316,28,0.33755097107312027,0.08590874830546319,-0.28981037160397477,-0.009384527633864317,7
664056,"Bader, Harrison","SF",2026,2026,-0.3731408194899619,-0.33251289039132387,-0.04062792909863803,9,0.25606330980823033,0,-0.5885762001995544,9,-0.04024569214062419,-0.0003822369580138383,-0.5656514134082781,-0.11511951560528075,0
669242,"Edman, Tommy","LAD",2026,2026,-0.3758421469332147,0.18492063261118474,-0.5607627795443995,22,1.051956636994274,0,-0.8670360043830894,15,-0.7918019808559282,0.23103920131152875,-1.6359298899887798,0.9261747480387434,7
646240,"Devers, Rafael","SF",2026,2026,-0.3954856375422716,-0.05041296183484123,-0.3450726757074304,41,2.264904553121887,0,-2.3153175149567278,41,-0.24684143543845452,-0.09823124026897578,-3.737998414598928,-0.6908081288601531,0
678218,"Valenzuela, Brandon","TOR",2026,2026,-0.3965094654458595,-0.2668907284486776,-0.12961873699718188,11,0.6724855471451106,0,-0.9393762755937882,11,-0.10500740021981476,-0.024611336777367144,-2.297845188872504,-0.363783552711995,0
681624,"Pages, Andy","LAD",2026,2026,-0.3990948479157735,0.28961102261777677,-0.6887058705335503,61,3.0040991881570123,-1.5222479850902375,-1.1922401804489973,43,-1.030478202682414,0.3417723321488636,-0.7912055148590262,1.3794438590905844,18
624431,"Trevino, Jose","CIN",2026,2026,-0.4138009513994665,-0.45372950057101274,0.039928549171546264,2,0.02504131537315018,0,-0.47877081594416293,2,0.038314867043009695,0.0016136821285365709,-0.2767191271612059,-0.029571930911537904,0
641355,"Bellinger, Cody","NYY",2026,2026,-0.42643771726802493,1.5233066010827965,-1.9497443183508214,50,3.7581292843223735,-1.5219768252662798,-0.7128458579732974,39,-2.156901416923284,0.20715709857246306,-5.436230985604804,0.3318054956393348,11
691781,"House, Brady","WSH",2026,2026,-0.4288008218937749,-0.7074792773860646,0.27867845549228976,16,0.7099772816469437,-0.84985020868799,-0.567606350345018,14,0.31953241579796726,-0.04085396030567742,0.5291696867364098,-0.3289648699867415,2
694384,"Schanuel, Nolan","LAA",2026,2026,-0.42900951977183066,-0.35090654091746837,-0.07810297885436229,36,2.5038638153267105,-0.8129799726256374,-2.041790383618541,35,-0.08538845392770483,0.007285475073342455,-3.3383503784506563,-0.3820043798982587,1
680977,"Donovan, Brendan","SEA",2026,2026,-0.4298527960909233,0.48046700089704597,-0.9103197969879693,11,0.6320722725351653,0,-0.15160527163811932,8,-1.0437138405744495,0.13339404358647997,-3.9087712432813255,0.5013283083146333,3
672356,"Arias, Gabriel","NYM",2026,2026,-0.435498631948287,-0.8810592142873386,0.4455605823390516,11,0.47089513443940323,-0.926020978476261,-0.42593337025048095,8,0.2970967832045013,0.14846379913455027,0.45917205837545216,0.6720602844316262,3
682927,"Simon, Ronny","PIT",2026,2026,-0.43605951921582753,-0.6284344016833521,0.19237488246752454,6,0.19963919501454075,-0.7808302139242741,-0.04724338277361863,5,0.19827516204771328,-0.005900279580188745,0.6861130176691635,-0.05610005212356403,1
669394,"Burger, Jake","TEX",2026,2026,-0.4382216530167515,-0.33554068053527664,-0.10268097248147486,23,0.7790563985525648,0,-1.1145970790878417,22,-0.034176520970714865,-0.06850445151076003,-1.8978042429692117,-0.4911680012930149,1
673490,"Kim, Ha-Seong","ATL",2026,2026,-0.44007523357985484,-0.6261599785050135,0.18608474492515864,5,0.1846632230545031,-0.8108232015595166,0,4,0.19885337771028766,-0.012768632785129007,0.9128931565335928,-0.08501960828196646,1
703492,"Morabito, Nick","NYM",2026,2026,-0.4504577371746631,0,-0.4504577371746631,1,0,0,0,0,-0.4504577371746631,0,-1.0106143390896705,0,1
695681,"Moore, Christian","LAA",2026,2026,-0.45526859225565874,-0.0018928354405232516,-0.4533757568151355,1,0,0,-0.0018928354405232516,0,-0.4603426299654444,0.006966873150308893,-1.1278757954774867,-0.007919999954813395,1
696030,"Osuna, Alejandro","TEX",2026,2026,-0.4580831867063265,0.027182719088643295,-0.48526590579496975,19,1.2394088710626698,-0.7814565793906765,-0.4307695725833499,14,-0.6726806557006039,0.18741474990563392,-2.73023784512542,0.7750980294778836,5
650391,"Jiménez, Eloy","TOR",2026,2026,-0.4585001659322776,-0.41725387877285003,-0.0412462871594276,1,0.12464838144785989,0,-0.54190226022071,1,-0.03465864920668081,-0.006587637952746791,-0.24854253968248158,-0.038499728241736406,0
807799,"Yoshida, Masataka","BOS",2026,2026,-0.45928368643793266,-0.627551788617705,0.16826810217977234,23,0.37708527239077383,0,-1.004637061008479,21,0.24489316782204879,-0.07662506564227621,-0.7069117239845666,-0.5645124152337495,2
693459,"Fedko, Kyler","MIN",2026,2026,-0.4628147055017239,0,-0.4628147055017239,1,0,0,0,0,-0.4625727193618469,-0.0002419861398769978,-1.170987103714399,-0.0068573980736905855,1
687401,"Ortiz, Joey","MIL",2026,2026,-0.4689601932031543,0.08616916665870003,-0.5551293598618543,29,0.9307650467975372,0,-0.8445958801388371,18,-0.7007657794231357,0.14563641956128112,-0.06274254564222814,0.4232439201752545,11
680664,"Valencia, Eduardo","DET",2026,2026,-0.47055380598497615,-0.4419966055542732,-0.028557200430702916,3,0.11258405054971113,0,-0.5545806561039844,3,-0.014753349646531072,-0.013803850784171845,-0.32712246953429547,-0.0884748672035631,0
669397,"Allen, Nick","HOU",2026,2026,-0.4712640491902331,-0.5126271413438537,0.04136309215362058,16,0.845825522100585,-0.9326081372994343,-0.42584452614500434,15,0.10079549169269783,-0.05943239953907723,-0.1130194765976735,-0.4699889723495426,1
656582,"Joe, Connor","SEA",2026,2026,-0.476447838554143,-0.6740996603121078,0.19765182175796475,6,0.39937841852669526,-0.9980485547543845,-0.07542952408441855,5,0.21303294357701497,-0.015381121819050245,0.6678782763807025,-0.09758464766503472,1
641598,"Garver, Mitch","SEA",2026,2026,-0.4838381159581231,-0.4894252281383239,0.005587112180200809,8,0.30003902101334834,0,-0.7894642491516721,7,0.05389077140740008,-0.04830365922719923,-0.6271682799695029,-0.32829248567979186,1
643446,"McNeil, Jeff","ATH",2026,2026,-0.5024724671279172,-0.32131817784748856,-0.1811542892804286,22,0.8222181883270563,0,-1.1435363661745446,18,0.18807914451709862,-0.369233433797527,-1.1711634325890385,-0.7766910100700436,4
605141,"Betts, Mookie","LAD",2026,2026,-0.5028649709057991,0.20120494968105945,-0.7040699205868586,23,1.0340269117119718,0,-0.8328219620309122,20,-0.25734080104781837,-0.4467291195390401,-2.811072215486632,-1.2080355896285673,3
691777,"Muncy, Max","ATH",2026,2026,-0.5142147930821189,-0.5361711166140897,0.02195632353197079,19,0.522591737461338,0,-1.0587628540754275,15,0.05399393262878187,-0.032037609096811095,0.40127200641913785,-0.3112106050294611,4
602104,"Urías, Ramón","STL",2026,2026,-0.522704325416349,-0.005080556775932485,-0.5176237686404166,6,0.13271721816827792,0,-0.13779777494421036,5,-0.5101634526125773,-0.007460316027839009,-1.6199186881994607,-0.08368873994016632,1
650859,"Rengifo, Luis","SD",2026,2026,-0.52951441284108,-0.18417228284969173,-0.34534212999138836,28,1.2845943611252386,-0.7864318478076638,-0.6823347961672667,22,-0.2721992842895957,-0.07314284570179265,-0.7843395627333251,-0.5990922716167622,6
699013,"Valdez, Esmerlyn","PIT",2026,2026,-0.530849219637733,-0.45303762368962924,-0.07781159594810381,15,0.29663866552942797,0,-0.749676289219057,15,-0.04199083439270728,-0.03582076155539652,-1.0076864648255894,-0.2830942814770982,0
669720,"Hays, Austin","SD",2026,2026,-0.5429559961365742,-0.08593048893799453,-0.4570255071985797,2,0.041826817085017745,0,-0.12775730602301227,1,-0.46092433104980984,0.0038988238512301042,-1.3401594161197936,-0.014878514985607594,1
669357,"Gorman, Nolan","STL",2026,2026,-0.543916888524621,-0.42394772471931197,-0.11996916380530895,8,0.40773573052121426,0,-0.8316834552405263,8,-0.09204223964018429,-0.02792692416512465,-1.68863260575842,-0.1890640992837772,0
682674,"Bericoto, Victor","SF",2026,2026,-0.5518123064821492,-0.09005903099982451,-0.46175327548232464,5,0.01957622545365275,0,-0.10963525645347727,4,-0.4351715573388559,-0.026581718143468838,-1.0948601186851694,-0.14186294274971734,1
645305,"Sánchez, Ali","NYY",2026,2026,-0.5595237074463826,0.007185731309394046,-0.5667094387557766,4,0.36478028477230434,0,-0.3575945534629102,3,-0.49413776012173016,-0.07257167863404641,-1.6346452710082109,-0.3941848039364327,1
687859,"Johnston, Troy","COL",2026,2026,-0.5650304449088992,0.27410978200967545,-0.8391402269185747,43,1.9331555065391663,-0.757037906631431,-0.9020078178980601,36,-1.1725027415846165,0.33336251466604133,-4.2079097260631455,1.4029304770590845,7
686668,"Doyle, Brenton","CWS",2026,2026,-0.5709404107867123,-1.531652100529721,0.9607116897430087,25,0.6972692066887517,-1.5541636050974676,-0.674757702121005,13,0.9847624632240413,-0.024050773481032798,6.452920132005003,-0.2723349260286015,12
664761,"Bohm, Alec","PHI",2026,2026,-0.5718141448471447,-0.8227304365410992,0.2509162916939546,26,0.7954681810145555,0,-1.6181986175556546,24,0.13440688732298336,0.11650940437097126,-1.9216116624126327,0.3534116472755637,2
643376,"Jansen, Danny","TEX",2026,2026,-0.5813277610743983,-0.27982284370612615,-0.3015049173682721,11,0.3168748668815696,0,-0.5966977105876957,9,-0.2752539171534729,-0.026251000214799182,-0.6895641501188828,-0.16037248106440832,2
675961,"Williams, Alika","ATH",2026,2026,-0.5987751530190916,-0.010875980456373426,-0.5878991725627182,18,0.8368224753095646,0,-0.8476984557659375,17,-0.5290122309380623,-0.05888694162465592,-1.858074198423352,-0.36701880680889315,1
647304,"Naylor, Josh","SEA",2026,2026,-0.6090699917971238,-3.7049101690768205,3.0958401772796966,50,0.8054614471085133,-2.62243350351328,-1.8879381126720545,29,2.6646211565705746,0.43121902070912194,11.64968767291519,1.6122651313750767,21
621566,"Olson, Matt","ATL",2026,2026,-0.6174844007647675,-0.4308289309418134,-0.1866554698229541,47,2.0476746036782787,-0.9725053797490583,-1.5059981548710335,46,-0.031699102409978,-0.15495636741297625,-2.3919227211462655,-0.9822407683728346,1
655316,"Monasterio, Andruw","BOS",2026,2026,-0.6236133948844667,0.07283080626190575,-0.6964442011463724,34,1.2617289213662808,-0.793454177237406,-0.3954439378669686,26,-0.2970373353017926,-0.3994068658445793,-0.17290881629121868,-0.9155079768013565,8
676475,"Burleson, Alec","STL",2026,2026,-0.6361074240527718,-0.5249816237038982,-0.11112580034887354,46,1.8368659505985792,0,-2.361847574302477,42,0.023604399566771406,-0.13473019991564478,-0.934301385802311,-0.9746878517492912,4
543510,"McCann, James","AZ",2026,2026,-0.6375728564393042,-0.5396515841393127,-0.09792127229999142,5,0.1263076362998381,0,-0.665959220439151,5,-0.06918976292842385,-0.028731509371567553,-0.8460819864807433,-0.17828644765975143,0
691458,"Jordan, Blaze","STL",2026,2026,-0.6624217749982251,-0.5914827281908214,-0.07093904680740373,12,0.6224575868360606,-0.954431270989379,-0.259509044037503,12,-0.0574551015598441,-0.013483945247559631,-0.8651753659570494,-0.08894516208145753,0
700337,"Quero, Edgar","CWS",2026,2026,-0.662426409189428,-0.6374296873218828,-0.024996721867545202,4,0.16796372474361676,0,-0.8053934120654994,3,0.0016708421335125952,-0.02666756400105785,-0.8340717065106225,-0.287852971284951,1
679822,"Foscue, Justin","TEX",2026,2026,-0.6638748645533246,-0.07558473449743658,-0.588290130055888,6,0.6235927238907705,0,-0.699177458388207,5,-0.5278998911465672,-0.060390238909320985,-1.8090325251251398,-0.3769909174804652,1
687605,"Pinckney, Andrew","WSH",2026,2026,-0.6640445427536923,-0.8600092878700201,0.1959647451163278,4,0.08119259125225128,-0.752422176657739,-0.18877970246453232,3,0.2001373489453387,-0.004172603829010872,0.9929841343256696,-0.029948040577917567,1
695490,"Arroyo, Edwin","CIN",2026,2026,-0.6645590829500475,-0.329450607572921,-0.3351084753771265,12,0.845467709700191,-0.7504408384227627,-0.42447747885034937,10,-0.3097063193488844,-0.02540215602824226,-1.2904112986444267,-0.29167671846985044,2
592626,"Pederson, Joc","TEX",2026,2026,-0.6701973000954522,-0.8015468323212378,0.13134953222578555,23,1.297456083105215,-0.8530524884611529,-1.2459504269653003,21,0.17761701723841128,-0.04626748501262565,-1.2672674378176239,-0.38709111802561774,2
668939,"Rutschman, Adley","BOS",2026,2026,-0.6785069063176898,-0.42460397541464334,-0.2539029309030465,20,0.8254024202813739,-0.8081453589506982,-0.4418610367453189,20,-0.23637690698775,-0.017526023915296528,-2.841875757218847,-0.30767671860349693,0
656305,"Chapman, Matt","SF",2026,2026,-0.6785525389600823,0.10930160067453096,-0.7878541396346133,31,1.473682239742136,0,-1.3643806390676052,30,-0.7152696974292847,-0.07258444220532836,-4.42403614154875,-0.44479843962232163,1
663993,"Lowe, Nathaniel","CLE",2026,2026,-0.6847571499230302,-0.6220203290924798,-0.06273682083055028,19,0.9146018182801711,0,-1.5366221473726505,19,-0.043444894901917275,-0.019291925928633023,-1.3502310214430748,-0.3062339926911156,0
691907,"Cheng, Tsung-Che","BOS",2026,2026,-0.6867686268184253,-0.19112779823930368,-0.4956408285791217,5,0.13554320025556535,0,-0.326670998494869,4,-0.4990235813233755,0.0033827527442538445,-1.4938858568582896,-0.009228468682503455,1
666397,"Julien, Edouard","COL",2026,2026,-0.6936650229113299,-0.18453225621673253,-0.5091327666945974,28,1.7043131128851918,-0.8743895052158842,-1.01445586388604,23,-0.448828199230626,-0.060304567463971316,-2.3898810962625707,-0.435441618937471,5
641487,"Crawford, J.P.","SEA",2026,2026,-0.7075191201597617,0.2619858955162816,-0.9695050156760433,11,0.7489125730686944,0,-0.486926677552413,10,-0.35319944786506213,-0.616305567810981,-4.330209000242376,-1.986246216565249,1
669134,"Campusano, Luis","SD",2026,2026,-0.7108515924484108,-0.7001282148305017,-0.010723377617909117,10,0.6260560208758319,-0.9042948217889438,-0.4218894139173898,10,0.0060322155567356945,-0.016755593174644815,-0.6339916580374804,-0.26095345691875216,0
596117,"Stubbs, Garrett","PHI",2026,2026,-0.7250098082630156,-0.7046847167277139,-0.02032509153530167,2,0.11338623771715751,-0.8151626261989428,-0.0029083282459287665,2,-0.015494078055418978,-0.004831013479882696,-0.4143250144595347,-0.04166605842785577,0
542303,"Ozuna, Marcell","PIT",2026,2026,-0.7484352196106463,-0.5787257126056014,-0.16970950700504497,7,0.16322874817478542,0,-0.7419544607803868,7,-0.1501795948188271,-0.019529912186217878,-1.6583370568871254,-0.21369461306063905,0
676439,"Feduccia, Hunter","LAD",2026,2026,-0.7537320939887132,-0.7482959850365243,-0.005436108952188925,15,0.5427725394741225,-0.8539539226881775,-0.4371146018224692,15,0.03072083826295404,-0.03615694721514298,-1.1354621154392515,-0.25480791530936875,0
686527,"Canzone, Dominic","SEA",2026,2026,-0.7622319111210973,-0.3525237771770504,-0.40970813394404687,19,0.8200806482897552,0,-1.172604425466805,17,-0.3735967070447866,-0.036111426899260134,-2.568763081743547,-0.3531137889617428,2
641680,"Heim, Jonah","ATH",2026,2026,-0.7754811741304777,-0.49765298767498406,-0.27782818645549356,13,0.5543540394206233,0,-1.0520070270956072,13,-0.19105444453852266,-0.08677374191697099,-1.9881141558646258,-0.5277787184282192,0
681508,"Gasper, Mickey","BOS",2026,2026,-0.8027718657309576,-0.2529672160110402,-0.5498046497199174,11,0.3232634631191987,0,-0.5762306791302391,10,-0.5231438485608011,-0.02666080115911628,-2.6572805959994703,-0.1810047155286152,1
681481,"Carpenter, Kerry","DET",2026,2026,-0.8043788965199927,-0.5171732257437375,-0.2872056707762553,10,0.310849608765697,0,-0.8280228345094344,10,-0.25092473448450836,-0.036280936291746946,-2.569585570852268,-0.3252782077008114,0
666023,"Fermin, Freddy","SD",2026,2026,-0.8058286587069584,-0.2169378054041965,-0.5888908533027619,14,0.7607310993259344,-0.8073334818212871,-0.17033542290884396,13,-0.5748988071312683,-0.013992046171493496,-2.2754501486585594,-0.1761332557656438,1
682663,"Ramírez, Agustín","MIA",2026,2026,-0.8060417765135724,0.058449472057455196,-0.8644912485710277,14,0.7076573164262375,0,-0.6492078443687824,11,-0.3486993259261614,-0.5157919226448664,-1.218553628007879,-1.4426562251815742,3
670156,"Mastrobuoni, Miles","SEA",2026,2026,-0.8074512890566252,-0.8031317042892132,-0.004319584767411963,3,0.015548055562635412,-0.7590744957377317,-0.05960526411411698,3,0.006225986658607897,-0.010545571426019858,-0.16308999112903816,-0.06309034743484421,0
677870,"Jiménez, Leo","MIA",2026,2026,-0.8087012844750041,-0.7864832339466999,-0.022218050528304202,11,0.36454344674653466,-0.7922672704277589,-0.3587594102654757,10,-0.00624225329236713,-0.01597579723593707,-0.9368343285637204,-0.18588293808381376,1
664023,"Happ, Ian","CHC",2026,2026,-0.8194486333792035,-0.6115056767221404,-0.20794295665706308,39,2.029685341004355,-0.7784042289900236,-1.8627867887364717,36,-0.1573001578929774,-0.05064279876408588,-2.2890737378151726,-0.5328822906248087,3
687263,"Neto, Zach","LAA",2026,2026,-0.821059260311137,-0.7426405258852601,-0.07841873442587685,69,2.0862560485485866,-1.5322927514335998,-1.2966038230002463,44,-0.9233606156657442,0.8449418812398668,0.9665003917746197,3.8791831240224246,25
669398,"Workman, Gage","SD",2026,2026,-0.8306345932462886,-0.8456160044480823,0.0149814112017936,3,0.037079197328425115,-0.8754952553518881,-0.007199946424619243,3,0.016117283382931405,-0.0011358721811378027,-0.18420124975604393,-0.02232524174231047,0
663743,"Fortes, Nick","TB",2026,2026,-0.8529290322184718,-0.7556455102311184,-0.09728352198735346,25,0.9787273941545003,0,-1.7343729043856186,24,-0.041930683964596316,-0.05535283802275716,-1.26965847653403,-0.3597782543596881,1
543309,"Higashioka, Kyle","TEX",2026,2026,-0.8645530686566579,-0.7674075296208606,-0.09714553903579735,6,0.08022377809377883,0,-0.8476313077146393,6,-0.06659358552516031,-0.03055195351063705,-1.360867233614119,-0.18928357449505667,0
669224,"Wells, Austin","NYY",2026,2026,-0.8699230258366363,-0.8606395063841096,-0.009283519452526656,12,0.4014193591863136,0,-1.2620588655704232,11,0.0379780728029897,-0.047261592255516384,-1.413829026404713,-0.4078304329722716,1
682177,"Schneemann, Daniel","CLE",2026,2026,-0.881628502837522,-0.5744622953406396,-0.3071662074968824,27,1.4794121610365198,-1.5816729460598702,-0.4722015103172891,21,-0.4208862795809759,0.11372007208409346,-0.8483981167509069,0.47638758923283653,6
695731,"Montgomery, Braden","CWS",2026,2026,-0.8827220028865421,-0.09629597277051982,-0.7864260301160223,25,1.3289395002020243,-0.7861694135433603,-0.6390660594291836,21,-0.69881418655094,-0.08761184356508248,-2.067898515448492,-0.5847706292344081,4
641857,"McMahon, Ryan","NYY",2026,2026,-0.8958560065540644,-0.46157706359235756,-0.4342789429617069,21,0.8208996330823781,-0.8783823019935378,-0.40409439468119784,16,-0.8736941637724231,0.4394152208107164,-3.4353874839372804,1.8327114136137568,5
621438,"Taylor, Tyrone","CHC",2026,2026,-0.8962886469273196,-0.45751220508223955,-0.43877644184508,18,0.6705887053602947,-0.8698610985866961,-0.2582398118558381,16,-0.40842434204299755,-0.03035209980208247,-1.7735924456510859,-0.3403587480718164,2
595978,"Hedges, Austin","CLE",2026,2026,-0.9019390677767835,-0.7878284847139331,-0.11411058306285034,11,0.4294522475711888,0,-1.2172807322851222,10,-0.2956239461221495,0.181513363059299,-2.704830885025961,0.6898452520220066,1
670224,"Misner, Kameron","KC",2026,2026,-0.9117129229785148,-0.7916956546548358,-0.12001726832367901,4,0,-0.7811369342175708,-0.010558720437265003,1,-0.10653455511777205,-0.013482713205906974,0.3841147805806179,-0.08268007815478862,3
656976,"Smith, Pavin","AZ",2026,2026,-0.9211075554770087,-1.0253172113020883,0.10420965582507963,5,0.07507743192954083,-0.8914239948817707,-0.20897064834985854,4,0.11821403447078324,-0.014004378645703624,-0.0032436686243419045,-0.09687044485735671,1
668952,"Kreidler, Ryan","MIN",2026,2026,-0.9231583589345835,-0.772669539246043,-0.15048881968854055,21,1.0521176991555974,-1.6141966474161693,-0.21059059098547106,15,-0.7092863971758873,0.5587975774873468,-1.8859545943755862,2.7277728569786217,6
664774,"Wade Jr., LaMonte","HOU",2026,2026,-0.9247651614157925,-0.7990008414104472,-0.12576432000534518,7,0.4357416813793443,-0.7971649575976616,-0.4375775651921301,7,-0.09266199080196157,-0.03310232920338361,-1.1534778879676084,-0.18404677782419898,0
622268,"Walton, Donovan","ATH",2026,2026,-0.9265487903938961,-0.366254014063203,-0.5602947763306931,20,0.3938093681954374,0,-0.7600633822586407,19,-0.6065954841566141,0.04630070782592108,-2.8503781183274084,-0.13568601665063793,1
666126,"Cortes, Carlos","ATH",2026,2026,-0.9631289581378764,-1.1060289872126907,0.1429000290748143,18,0.9277245905691287,-1.6393099809305665,-0.3944435968512532,17,0.0813322141653041,0.061567814909510285,-1.4764354165680968,-0.01816408423310965,1
670623,"Paredes, Isaac","HOU",2026,2026,-0.9857722913140841,-0.6945606461049446,-0.29121164520913945,29,0.8467081027963124,0,-1.5412687489012573,29,-0.2542363847299459,-0.03697526047919345,-3.7414784867133504,-0.5198398389889688,0
609280,"Andujar, Miguel","SD",2026,2026,-0.9916070090178744,0.07194833187436141,-1.0635553408922358,25,1.1487250183294129,0,-1.0767766864550512,20,-0.9844639886425699,-0.07909135224966549,-2.098904662159334,-0.6189982307720073,5
665489,"Guerrero Jr., Vladimir","TOR",2026,2026,-0.9937669513130793,-0.865871396378883,-0.1278955549341963,47,2.62054530522396,-0.768757931909917,-2.717658769692926,41,-0.0026602164316879458,-0.12523533850250818,-1.6555581097801229,-0.8820244369337015,6
694728,"Matthews, Brice","HOU",2026,2026,-1.0107063708839692,0.34068191213694626,-1.3513882830209154,20,0.8983012254062711,0,-0.5576193132693247,13,-1.5313878796902225,0.17999959666930695,-3.6777473083538315,0.7990146343645035,7
691594,"Sanoja, Javier","MIA",2026,2026,-1.0110193441229094,-0.4408914654422009,-0.5701278786807085,44,2.042836443352303,-1.7083176605339707,-0.7754102482605335,36,-0.47733919422568877,-0.09278868445501942,-2.104425176969143,0.4997726899805848,8
673237,"Diaz, Yainer","HOU",2026,2026,-1.0218394682936653,-0.8372755677859997,-0.18456390050766575,10,0.24468789889723194,0,-1.0819634666832316,10,-0.12581296983318263,-0.05875093067448308,-1.4103883464343943,-0.3534625814789718,0
665966,"Narváez, Carlos","BAL",2026,2026,-1.021915570492797,-1.0747046899134005,0.05278911942060359,14,0.4548747551421184,-0.9493713803024362,-0.5802080647530828,13,-0.10096633983989549,0.15375545926049908,-1.2987855160289583,0.7026158872095242,1
686948,"Baldwin, Drake","ATL",2026,2026,-1.0244152937874302,-1.0713413558060711,0.046926062018640816,23,1.4391256871853868,0,-2.5104670429914573,21,0.12310866815346426,-0.07618260613482353,-2.2795616768593545,-0.5837340490571076,2
806146,"Lombard Jr., George","NYY",2026,2026,-1.0453493863069117,-0.5393156814652713,-0.5060337048416402,5,0.26769888431789607,-0.7560356703141865,-0.05097889546898092,4,-0.5046097844264003,-0.001423920415239894,-1.4605663145735828,-0.01247681671011092,1
663728,"Raleigh, Cal","SEA",2026,2026,-1.051018899881508,-0.7220831750184267,-0.32893572486308126,12,0.6354520417996273,0,-1.3575352168180543,9,-0.45786418667980816,0.12892846181672707,-3.016831912996566,0.4757756754798805,3
608369,"Seager, Corey","TEX",2026,2026,-1.0516653643593052,-0.922701891520867,-0.12896347283843815,13,0.45388174247956437,0,-1.3765836340004316,13,-0.05125739940002959,-0.07770607343840857,-1.7202963272712741,-0.5693223443356958,0
596019,"Lindor, Francisco","NYM",2026,2026,-1.0634307003105237,0.25425616454154776,-1.3176868648520714,30,1.7254455697458984,-0.7690427320774941,-0.7021466731268566,26,-1.292161188850798,-0.025525676001273388,-4.302014238750223,-0.21045537576388249,4
669289,"Espinal, Santiago","LAD",2026,2026,-1.0661494353610304,-1.0986108908360375,0.03246145547500711,5,0.04436870518998992,-0.7546977043858139,-0.38828189164021365,5,0.0033172254772775986,0.029144229997729507,-0.17813799991107213,0.0019219815558898234,0
666464,"Encarnacion, Jerar","SF",2026,2026,-1.0683388069152266,-1.0481594040072895,-0.02017940290793724,2,0.0033373484170530704,-0.9439076139200298,-0.10758913850431268,2,-0.01966204510986915,-0.0005173577980680858,-0.213222568712777,-0.005172732348238199,0
679529,"Torkelson, Spencer","DET",2026,2026,-1.0699057142878836,-0.31444496860184495,-0.7554607456860387,29,1.1153158968128773,0,-1.4297608654147225,28,-0.6375521926797766,-0.11790855300626206,-3.641442697851456,-0.8848737131767238,1
807713,"Shaw, Matt","CHC",2026,2026,-1.077622866330738,-0.7214825213575626,-0.3561403449731753,17,1.0793792450986417,-1.5857500460888574,-0.2151117203673467,12,-0.35434622326185017,-0.0017941217113251705,0.061545592049243175,-0.1632732984418462,5
683734,"Vaughn, Andrew","MIL",2026,2026,-1.088885738169596,-0.7429891736638062,-0.3458965645057897,20,0.8899066111244089,0,-1.6328957847882153,20,-0.272396410025656,-0.07350015448013378,-2.726232234525161,-0.5271865597632829,0
640902,"Pereda, Jhonny","SEA",2026,2026,-1.1064481375413278,-1.108399684288272,0.0019515467469442866,3,0.15763263456850032,-0.9848490888033373,-0.2811832300534352,3,0.009953246865346065,-0.008001700118401782,-0.8066809996514934,-0.0839028056628559,0
660821,"Sánchez, Jesús","TOR",2026,2026,-1.1216310736083632,-0.6762285283633191,-0.4454025452450441,19,0.9487421647995556,-0.784039085642812,-0.8409316075200628,17,-0.3998536878741185,-0.04554885737092555,-1.6673332851099738,-0.44456265273082235,2
514888,"Altuve, Jose","HOU",2026,2026,-1.133664358342796,-0.24219064690878603,-0.8914737114340101,31,1.4765034155633125,-0.7539537115390316,-0.964740350933067,24,-1.0073946756238912,0.1159209641898812,-3.3567629849477387,0.31936045647858574,7
680779,"Davis, Henry","PIT",2026,2026,-1.1355354490882126,-1.0453742880729762,-0.09016116101523648,15,0.6021691044375486,-0.9207570603525017,-0.726786332158023,12,-0.2621003521539121,0.1719391911386755,-1.4561391625993476,0.7314498716986582,3
702284,"Young, Cole","SEA",2026,2026,-1.1409197421302828,0.6589246806507887,-1.7998444227810715,45,2.3668219221473352,-0.7915978966410802,-0.9162993448554669,39,-1.734760422734754,-0.06508400004631734,-7.079869147759272,-0.5867630059187356,6
665804,"Amaya, Miguel","CHC",2026,2026,-1.145892246960717,-1.052036279911449,-0.09385596704926778,10,0.35381415396209087,0,-1.4058504338735398,10,-0.03404785320850036,-0.059808113840767396,-1.1543708240983976,-0.3535348853183068,0
680777,"Jeffers, Ryan","MIN",2026,2026,-1.1598195017708248,-1.038302505894795,-0.12151699587602975,18,1.437271442109309,-0.7920585915571569,-1.6835153564469467,18,-0.09141705708308402,-0.03009993879294575,-2.0051700710677194,-0.28208502654611045,0
669004,"Melendez, MJ","NYM",2026,2026,-1.1631982694791705,-0.15613169787029318,-1.0070665716088774,9,0.5123614862005219,0,-0.668493184070815,7,-0.9714899339064682,-0.03557663770240947,-3.1269300009212744,-0.25233224437087726,2
665742,"Soto, Juan","NYM",2026,2026,-1.1706399754928318,-0.5715284081892759,-0.5991115673035561,27,1.3957194649234823,-0.7784531906770628,-1.1887946824356952,22,-0.7389822827634259,0.13987071545986968,-3.469362747574301,0.4843548679214077,5
664770,"Lukes, Nathan","TOR",2026,2026,-1.1863227263246647,-0.48612705175543425,-0.7001956745692305,19,0.9742110127923189,0,-1.4603380645477535,18,-0.6729679023481147,-0.02722777222111585,-3.8614607647150234,-0.2990140525076452,1
571448,"Arenado, Nolan","AZ",2026,2026,-1.204079967454469,-1.6197972980020034,0.41571733054753435,30,1.1560411551002785,-0.9161584713682067,-1.8596799817340754,27,0.4152508067345165,0.00046652381301792007,0.7715579415888146,-0.38381802366002116,3
657757,"Sheets, Gavin","SD",2026,2026,-1.2048196800408335,-1.4306601637209202,0.22584048368008672,23,0.9972253601392959,-0.9387797024645324,-1.4891058213956834,21,0.27381727170209924,-0.047976788022012516,-0.11734624777545974,-0.4396995053688746,2
672284,"Kelenic, Jarred","TEX",2026,2026,-1.2060058048671536,-0.7500652630348235,-0.45594054183233024,4,0.23017135818483594,-0.7685286319485671,-0.2117079892710923,3,-0.4525480813479469,-0.003392460484383378,-1.2705623599970552,-0.06153761498643525,1
596142,"Sánchez, Gary","MIL",2026,2026,-1.2193810636243825,-0.9090372764863063,-0.31034378713807625,12,0.3456815024998105,0,-1.2547187789861167,12,-0.2755441027758713,-0.034799684362204986,-2.45294998325816,-0.32005514396650997,0
668901,"Vientos, Mark","NYM",2026,2026,-1.229411798858111,-1.0584637423316905,-0.17094805652642042,10,0.21537024800400975,-0.7916852360177515,-0.48214875431794857,10,-0.12449738540344656,-0.046450671122973915,-1.5022173080361068,-0.3130667488524964,0
545361,"Trout, Mike","LAA",2026,2026,-1.2631739182587232,-2.2537955023273977,0.9906215840686745,35,1.7033799360045034,-2.438491105106161,-1.5186843332257383,28,0.8748637178573293,0.11575786621134551,1.8293071312489873,0.12125686189401902,7
672386,"Kirk, Alejandro","TOR",2026,2026,-1.2796480741623557,-1.093044755822224,-0.18660331834013172,3,0.021775278872590904,0,-1.114820034694815,3,-0.1442145662656296,-0.04238875207450214,-1.7239752652412503,-0.2894884375888373,0
678554,"Mead, Curtis","BOS",2026,2026,-1.2805679906264322,-0.5879605547188954,-0.6926074359075368,29,1.597001611013312,-0.7853318187884686,-1.3996303469437386,25,-0.6492619235909228,-0.043345512316613974,-2.3974296389910794,-0.42684576628110765,4
686452,"Millas, Drew","WSH",2026,2026,-1.3264813841156502,-0.8412225623607283,-0.48525882175492185,9,0.5696578035132787,-0.8138182722461721,-0.5970620936278346,8,-0.4642503755913096,-0.02100844616361216,-2.0015111126552996,-0.17832641833054022,1
677800,"Abreu, Wilyer","BOS",2026,2026,-1.346326074199589,-0.4461950660605264,-0.9001310081390625,40,1.551475183099437,-0.753635234642275,-1.2440350145176884,26,-0.9958983793657984,0.09576737122673641,-0.9099164770241517,0.17854692337704725,14
686469,"Pasquantino, Vinnie","KC",2026,2026,-1.362051194409468,-1.5049697265093862,0.14291853209991814,27,0.8325785854660304,-0.9584004182594328,-1.3791478937159838,25,0.1435066458579784,-0.0005881137580602031,-1.0092929794418088,-0.306110297153506,2
553993,"Suárez, Eugenio","CIN",2026,2026,-1.3641130509271913,-0.6682804195889676,-0.6958326313382237,19,0.7340982869741035,-0.9332030136713915,-0.4691756928916794,18,-0.6144939087247535,-0.08133872261347037,-3.680665457908112,-0.6154150765902142,1
671277,"García Jr., Luis","NYY",2026,2026,-1.3664008229114741,-0.8487102294835998,-0.5176905934278744,27,1.2863527740090828,-0.8410588151735731,-1.2940041883191096,25,-0.619122199518533,0.10143160609065849,-3.902878355658075,0.15608040561605283,2
691406,"Caminero, Junior","TB",2026,2026,-1.3740140533311953,-0.6829779221473686,-0.6910361311838266,29,1.148510835653752,0,-1.8314887578011194,27,-0.6187144964926445,-0.07232163469118205,-5.174238986503049,-0.6351983544437587,2
701398,"Stewart, Sal","CIN",2026,2026,-1.402824302750838,-2.104975022237398,0.7021507194865602,45,1.1277096437713792,-1.7399165595392732,-1.4927681064695042,30,0.6322409251765807,0.06990979430997936,2.6816230922276696,1.168752413148305,15
642086,"Smith, Dominic","ATL",2026,2026,-1.4427940885491912,-1.3452666195686536,-0.09752746898053771,17,1.175492048976294,-0.850082183795142,-1.6706764847498052,17,-0.025488444681613803,-0.07203902429892392,-1.752477281945275,-0.5420255031248314,0
650490,"Díaz, Yandy","TB",2026,2026,-1.4564783462573148,-1.1427919268523774,-0.3136864194049373,41,2.4983092983145614,-0.7719640232744608,-2.869137201892477,39,-0.13710656489672907,-0.17657985450820807,-3.838758472005953,-1.1350040564946664,2
553869,"Díaz, Elias","TEX",2026,2026,-1.4622739329330623,-1.3918043671868068,-0.07046956574625544,8,0.08850300883035658,-0.9764772401747248,-0.5038301358424386,8,-0.044867227476045705,-0.025602338270209732,-0.6389796421929314,-0.16524915514734043,0
694212,"Basallo, Samuel","BAL",2026,2026,-1.4741897964789017,-1.3660353904828764,-0.10815440599602542,14,0.68248500116963,-0.7849608583657852,-1.2635595332867207,14,-0.12933903562242222,0.021184629626396802,-2.257928658744897,-0.17813469402306312,0
518692,"Freeman, Freddie","LAD",2026,2026,-1.5030081795427233,-1.6899544111650895,0.18694623162236612,47,1.8453230828874285,-1.7289688958822165,-1.8063085981703015,44,0.2992286355347496,-0.11228240391238344,-1.7942467437485063,-0.9210239354687448,3
671732,"Butler, Lawrence","ATH",2026,2026,-1.5270882464589584,-1.2837568368580405,-0.24333140960091773,37,1.6964091179955476,-1.761185764251875,-1.2189801906017128,28,-0.2595917682406757,0.01626035863975806,-0.3198793538298526,0.8181886493107323,9
663886,"Stephenson, Tyler","CIN",2026,2026,-1.5502066410054662,-0.8255075270077387,-0.7246991139977275,19,0.43991637211305373,0,-1.2654238991207922,18,-0.6805544327113504,-0.044144681286377024,-4.367034004353979,-0.4429019040564819,1
669236,"Jackson, Jeremiah","BAL",2026,2026,-1.5642473149037714,-0.2651958195380918,-1.2990514953656798,16,0.4382354577769219,0,-0.7034312773150138,12,-1.2285155143006952,-0.07053598106498507,-3.389877693379742,-0.44426216035872795,4
669257,"Smith, Will","LAD",2026,2026,-1.5732349043428846,-1.3659136791949384,-0.20732122514794615,13,0.42579513810843866,-0.8656590131675256,-0.926049804135851,13,-0.18317691610246686,-0.02414430904547925,-2.0514209169078432,-0.3102281492342193,0
673962,"Jung, Josh","TEX",2026,2026,-1.582405256311708,-1.3890278563548273,-0.1933773999568807,34,1.064560939944052,-0.7665445169837122,-1.6870442793151668,33,-0.2688382337751775,0.07546083381829666,-3.9329034889617795,0.17021242378395277,1
673357,"Robert Jr., Luis","NYM",2026,2026,-1.6011799299186529,-0.36654342494588865,-1.2346365049727641,13,0.7312640907297228,0,-1.0978075156756115,9,-1.2017669831382403,-0.03286952183452383,-3.19672942292019,-0.21785118095655923,4
666182,"Bichette, Bo","NYM",2026,2026,-1.6125833398424625,-0.9053773551789074,-0.707205984663555,38,2.4336710371348906,-0.8876602238615169,-2.451388168452283,36,-0.5191971949947471,-0.18800878966880777,-4.082416383502605,-1.3272180033149943,2
672960,"Okamoto, Kazuma","TOR",2026,2026,-1.6171423460709695,-1.449758332386726,-0.1673840136842434,33,1.5388231140383797,-0.8733361751519387,-2.1152452712731673,32,-0.11959783930429496,-0.047786174379948525,-2.747772657000023,-0.47098819264344965,1
608348,"Kelly, Carson","CHC",2026,2026,-1.6362428770529311,-1.330635627001649,-0.30560725005128214,22,0.569426814279526,-0.8389426298745343,-1.0611198114066411,22,-0.24803656631734844,-0.057570683733933634,-3.335397401451138,-0.5910835861407373,0
700932,"Manzardo, Kyle","CLE",2026,2026,-1.6446205642974725,-1.4023371643911913,-0.2422833999062812,21,0.645380280874747,-0.8069088250813794,-1.2408086201845587,21,-0.20504090852448337,-0.037242491381797936,-2.8490841676723773,-0.3130952383552173,0
657136,"Wong, Connor","BOS",2026,2026,-1.6565338799093186,-1.706808735283189,0.05027485537387045,19,0.3896185865651642,-1.7657777498142282,-0.33064957203412476,15,0.1093352551608121,-0.0590603997869418,0.4033238056982073,-0.35628541704434424,4
606115,"Arcia, Orlando","MIN",2026,2026,-1.6866713435218696,-1.1248346249327914,-0.5618367185890782,4,0.07903241999964832,-0.8636268990832965,-0.34024014584914325,3,-0.5484081607140225,-0.013428557875055652,-2.0055237653881473,-0.10400154160817905,1
687462,"Horwitz, Spencer","PIT",2026,2026,-1.6987475298616794,-1.4737181398700434,-0.22502938999163608,22,1.1281280199708192,-0.8117430632062625,-1.7901030966346005,21,-0.1663700903186876,-0.0586592996729484,-3.328156872417504,-0.4449083391303418,1
500743,"Rojas, Miguel","LAD",2026,2026,-1.7180723000638678,-0.6625768790316434,-1.0554954210322243,17,0.697010449107035,-0.8480438463108911,-0.5115434818277873,15,-0.6062242754296286,-0.4492711456025956,-3.00778785848139,-1.1975686926389768,2
643217,"Benintendi, Andrew","CWS",2026,2026,-1.721471347033514,-1.679586686885064,-0.04188466014844993,26,1.4556186057756773,-1.7628963735121457,-1.3723089191485953,26,-0.08890463716955284,0.04701997702110292,-2.30329850644696,-0.3341279545933302,0
671056,"Herrera, Iván","STL",2026,2026,-1.736861844797792,-3.048086482450617,1.311224637652825,50,1.781814275624812,-2.751018206741871,-2.0788825513335576,43,1.3545100343418182,-0.04328539668899315,3.103509025146502,-0.722699007755939,7
686681,"Massey, Michael","KC",2026,2026,-1.7406121353396027,-1.7615022510451892,0.020890115705586514,29,1.5321815974628719,-2.4272417108131945,-0.8664421376948668,28,-0.09272416869381331,0.1136142843993999,-1.8619917413238858,0.46661612505536126,1
676694,"Meyers, Jake","HOU",2026,2026,-1.7421769169888277,-0.4547691296735398,-1.2874077873152878,14,0.9380861640301305,-0.7964659882714235,-0.5963893054322468,10,-1.47029567910686,0.18288789179157222,-4.72336216019336,0.6716574194712966,4
677587,"Rocchio, Brayan","CLE",2026,2026,-1.7672007475874885,-0.3514519873127752,-1.4157487602747132,44,1.9507360478605038,-1.556151274574763,-0.746036760598516,30,-1.0799701657794378,-0.335778594495276,-1.962732883995093,-1.0134889223640688,14
516782,"Marte, Starling","KC",2026,2026,-1.7852431290459547,-1.325547747923443,-0.45969538112251174,12,0.13159497545343668,-0.8387414920308383,-0.6184012313460414,7,-0.8346640600659186,0.374968678943407,-2.5897800149240995,1.750985051909082,5
694203,"Guzman, Denzer","LAA",2026,2026,-1.8207185242218387,-0.3159979656159791,-1.5047205586058596,14,0.3349882056525848,0,-0.650986171268564,8,-1.433318666580386,-0.07140189202547384,-3.63524312718647,-0.4797166381206069,6
656555,"Hoskins, Rhys","CLE",2026,2026,-1.8586335172057618,-1.7584517404548639,-0.1001817767508979,21,0.7678577397003372,-1.6683952361112453,-0.8579142440439553,20,-0.03895185444613095,-0.06122992230476697,-1.7410988912709682,-0.5153130012939833,1
808959,"Murakami, Munetaka","CWS",2026,2026,-1.8652350446489392,0.016243172459816303,-1.8814782171087554,28,1.1758408240393545,0,-1.1595976515795376,23,-1.7856498563770926,-0.09582836073166262,-6.277844546228129,-0.7277224789911667,5
663757,"Grisham, Trent","NYY",2026,2026,-1.9637155086885467,-2.31754578209945,0.3538302734109033,33,1.920909877429819,-2.3472836335958354,-1.8911720259334326,27,0.40805704145219956,-0.054226768041296225,0.24516176408971418,-0.6399273288935402,6
624585,"Soler, Jorge","LAA",2026,2026,-1.988972304186161,-1.82401243315376,-0.1649598710324012,16,0.6212161067033939,-0.8940317154828932,-1.5511968243742607,16,-0.07760098708780545,-0.08735888394459566,-1.857900350778222,-0.6565248653153817,0
656716,"McKinstry, Zach","DET",2026,2026,-2.005476809806692,0.4102078996464095,-2.4156847094531018,37,2.4874082700601923,-1.5348492532674702,-0.5423511171463115,29,-1.9474526189683252,-0.46823209048477626,-5.916882467068175,-1.298780462202534,8
681351,"O'Hoppe, Logan","LAA",2026,2026,-2.119778974621017,-2.000491434639603,-0.11928753998141356,9,0.3576254459792966,-0.9289146659453804,-1.4292022146735197,9,-0.07580469258314164,-0.04348284739827192,-1.269773445304599,-0.31345585762352784,0
661388,"Contreras, William","MIL",2026,2026,-2.1238630927052284,-0.8886104731553816,-1.235252619549847,25,1.2434216066069952,0,-2.132032079762377,22,-1.1004748922832566,-0.13477772726659087,-6.966361622539353,-0.8820291927311384,3
695657,"Montgomery, Colson","CWS",2026,2026,-2.132217676953271,-1.7145790729162262,-0.41763860403704456,29,1.4399395818277436,-1.7855174687608926,-1.3690011859830775,27,-0.422436856265966,0.0047982522289213535,-2.9870171336098634,-0.32891136349259725,2
701678,"Lee, Hao-Yu","DET",2026,2026,-2.183073920506505,-1.349816743578275,-0.8332571769282302,21,0.7852254007820135,-1.6840387080288592,-0.4510034363314295,18,-0.7921645681563261,-0.04109260877190412,-2.5944202272967565,-0.351614339572009,3
672275,"Bailey, Patrick","CLE",2026,2026,-2.337116105033511,-2.4836749710176793,0.14655886598416812,15,0.5760134177252433,-2.402757170821737,-0.6569312179211854,13,0.1832070297773969,-0.036648163793228786,-0.16739206645915686,-0.2809973971481795,2
656941,"Schwarber, Kyle","PHI",2026,2026,-2.369078798455431,-1.9947412493229286,-0.3743375491325025,24,1.1466109365040762,-1.6099440342762112,-1.5314081515507938,21,-0.2713493176056851,-0.10298823152681727,-4.397012035681186,0.39800834968521964,3
671289,"Freeman, Tyler","COL",2026,2026,-2.3962134607336365,-1.172543186756699,-1.2236702739769374,24,0.722241765003046,-0.8732127306918614,-1.0215722210678837,16,-1.1407712581267206,-0.08289901585021629,-2.2881693108978274,-0.6028535807863054,8
642715,"Adames, Willy","SF",2026,2026,-2.444158152470441,-2.424218868736705,-0.019939283733735977,45,1.4899873748103838,-2.526602080510478,-1.38760416303661,38,0.039105981461993504,-0.05904526519572921,-0.11541376794500718,-0.5490211523674362,7
671739,"Harris II, Michael","ATL",2026,2026,-2.57744175425098,-0.9049615085538428,-1.6724802456971375,41,2.0311872996040026,-1.6172313788024968,-1.3189174293553487,31,-1.7567319141995288,0.08425166850239198,-5.33960450917724,0.12337757720597392,10
805811,"Eldridge, Bryce","SF",2026,2026,-2.620128836177567,-2.727561180802887,0.10743234462532018,23,0.37015570242964735,-0.8525952024987677,-2.2451216807337673,22,0.1723428682549514,-0.06491052362963112,-1.2926263424796947,-0.5960531245039415,1
592518,"Machado, Manny","SD",2026,2026,-2.694177070981418,-1.7074460533730327,-0.9867310176083853,35,1.1802962469329967,-0.9777483305432,-1.9099939697628285,32,-0.5962627166372358,-0.39046830097114876,-4.780442481168899,-0.9911538869230819,3
683737,"Busch, Michael","CHC",2026,2026,-2.7431173342397925,-2.2336330801887594,-0.5094842540510331,32,1.0719861337479224,-1.643756283964128,-1.6618629299725558,30,-0.45554577333200863,-0.05393848071902451,-4.262027012335429,-0.699169002019829,2
521692,"Perez, Salvador","KC",2026,2026,-2.8489355954873274,-2.549546311384695,-0.2993892841026326,21,0.42789262028577146,0,-2.9774389316704655,21,-0.23067160211498192,-0.06871768198765066,-3.1013623822632566,-0.4997992777845436,0
666018,"Aranda, Jonathan","TB",2026,2026,-2.906342350664084,-2.4246751844504586,-0.4816671662136255,27,1.0185538081514462,-0.8673357671559716,-2.575893225445933,27,-0.3377711669280112,-0.1438959992856142,-4.694264137933663,-0.9648392844393217,0
664034,"France, Ty","SD",2026,2026,-2.9748586910627766,-2.2638805576802756,-0.710978133382501,26,0.6516425650640489,-1.593410042826065,-1.3221130799182588,25,-0.6496050018919115,-0.0613731314905896,-4.391867377107138,-0.43050182686619737,1
656811,"O'Hearn, Ryan","PIT",2026,2026,-3.0485757239377165,-2.8398258953423485,-0.2087498285953679,24,0.6905572303477183,-0.9387797024645324,-2.591603423225534,24,-0.20546043492252117,-0.003289393672846811,-3.151270154877493,-0.4163555117763908,0
605170,"Caratini, Victor","MIN",2026,2026,-3.069706222767026,-2.739630213585722,-0.330076009181304,13,0.41673823096223944,-0.8889118338768156,-2.2674566106711453,13,-0.26851293704847967,-0.06156307213282437,-2.986381773741234,-0.442982622135337,0
696100,"Goodman, Hunter","COL",2026,2026,-3.0853468992449713,-2.1725053538957315,-0.91284154534924,36,1.3815804768390305,-1.6028943725531877,-1.9511914581815748,30,-0.8973779651921289,-0.01546358015711174,-3.3653003210041215,-0.4666089654136181,6
686555,"Collins, Isaac","KC",2026,2026,-3.1031396515612584,-1.1996163662342505,-1.9035232853270079,50,2.2685407866219003,-2.5345174774536625,-0.9336396754024868,38,-1.8613903027028107,-0.04213298262419807,-4.053764963433658,-0.4393004420859232,12
605137,"Bell, Josh","MIN",2026,2026,-3.1047438771704745,-2.8422078267116953,-0.2625360504587793,31,1.17162348555961,-1.8775594049290647,-2.13627190734224,31,-0.18499016455498976,-0.07754588590378966,-3.1569671331390086,-0.6492260214278096,0
624413,"Alonso, Pete","BAL",2026,2026,-3.2027215134657623,-2.8143078399211796,-0.3884136735445828,32,1.226405604225721,-1.7535198881908634,-2.287193555956038,28,-0.28039023532761875,-0.10802343821696367,-3.2330766742408925,-0.8585025960323388,4
673548,"Suzuki, Seiya","CHC",2026,2026,-3.2123646431658326,-2.9510803157403984,-0.2612843274254344,34,0.934832623546632,-1.654926222316972,-2.230986716970058,34,-0.15178737500583991,-0.1094969524195943,-3.4518684143839162,-0.7940194707481706,0
547180,"Harper, Bryce","PHI",2026,2026,-3.226991132941026,-1.4384419371135013,-1.7885491958275248,53,2.6522815680607406,-2.541166209621962,-1.54955729555228,44,-1.6629376004663337,-0.12561159536119032,-6.214211464515092,0.35359150782935006,9
575929,"Contreras, Willson","BOS",2026,2026,-3.254103848230249,-2.0489576021850335,-1.2051462460452154,39,1.9862965019814243,-2.4013350286298096,-1.6339190755366484,33,-1.1056353422502057,-0.09951090379500936,-4.976805432230312,-0.7202283070080739,6
681198,"Rumfield, TJ","COL",2026,2026,-3.433114861414877,-2.4147614694077477,-1.018353392007129,38,1.3655849306842243,0,-3.780346400091971,37,-0.23603213325531258,-0.7823212587518152,-3.9911465445996983,-3.0666758994167145,1
650402,"Torres, Gleyber","DET",2026,2026,-3.668029266802453,-3.4686772431169897,-0.1993520236854633,20,1.231866871638638,-3.311235103100252,-1.389309011655375,20,-0.17491571165886838,-0.024436312026594915,-2.633660927702794,-0.2552190568881422,0
621493,"Ward, Taylor","SEA",2026,2026,-4.0753744523924045,-2.7337171353419265,-1.3416573170504775,52,2.013155537680023,-2.415999714461971,-2.330872958559978,46,-1.2264450528313773,-0.11521226421910062,-7.33829392509655,-0.9915562078285243,6
660688,"Ruiz, Keibert","WSH",2026,2026,-4.170865023911636,-3.9559020280804935,-0.21496299583114303,20,0.7212234782205588,-2.729246924672604,-1.947878581628448,20,-0.1309282770965564,-0.08403471873458665,-2.306234494627573,-0.5938911544679693,0
670541,"Alvarez, Yordan","HOU",2026,2026,-4.301558374109563,-3.5738795483160697,-0.7276788257934936,35,0.8303969454656377,-0.8691117638158745,-3.535164729965834,33,-0.08659159330827562,-0.6410872324852182,-4.611372032191486,-2.4946823553665998,2
689414,"Hicks, Liam","TB",2026,2026,-5.669759749009326,-5.606786623149898,-0.06297312585942755,29,1.4160555235791383,-4.299672143715067,-2.7231700030139683,25,0.2310828050195687,-0.29405593087899606,-2.001273170757159,-0.5104790200007766,4