game_id,sport,league,game_date,game_time,home_team,away_team,market_type,bet_side,line,take_bet,dk_odds_american,model_prob,ev,kelly,low_confidence,gamePk,gameNumber,game_status,final_scores_generated_at,final_home_score,final_away_score,final_total,home_run_line,away_run_line,total,bet_result,side_group,ev_value,odds_value,moneyline_odds_value,run_line_value,total_value,kelly_value,model_prob_value,day_night,ev_bucket,odds_bucket,run_line_bucket,total_bucket,kelly_bucket,model_prob_bucket,win_prob_bucket,total_range_bucket,run_line_side
7dc467f8d7fca948c9e9ca103825d968,baseball,mlb,2026_03_26,01:15 PM,New York Mets,Pittsburgh Pirates,run_line,home,1.5,home_run_line,-212.0,0.8117251482743014,0.1681032136028503,0.4125824626158205,False,823649,1,final,2026-08-20T09:33:33.181698+00:00,11,7,18,1.5,-1.5,7.0,Win,HOME,0.1681032136028503,-212.0,,1.5,7.0,0.4125824626158205,0.8117251482743014,Day,0.10_plus,minus_200_or_lower,1.0_to_1.9,5_to_9.9,0.20_plus,80_plus,80_plus,7.0_to_7.5,+1.5
ded68cb95818777b5dd185d53a79acff,baseball,mlb,2026_03_26,04:10 PM,San Diego Padres,Detroit Tigers,run_line,home,1.5,home_run_line,-156.0,0.7098588477654396,0.2052632818031144,0.2572386502795253,False,823325,1,final,2026-08-20T09:33:33.181698+00:00,2,8,10,1.5,-1.5,7.0,Loss,HOME,0.2052632818031144,-156.0,,1.5,7.0,0.2572386502795253,0.7098588477654396,Day,0.10_plus,minus_199_to_minus_150,1.0_to_1.9,5_to_9.9,0.20_plus,70_to_74.9,70_to_74.9,7.0_to_7.5,+1.5
3a7909f4e2e9f0bedff35e657a6b5cbe,baseball,mlb,2026_03_27,08:15 PM,Houston Astros,Los Angeles Angels,run_line,away,1.5,away_run_line,-156.0,0.6605862415751855,0.0630222494225266,0.1311007784324749,False,824216,1,final,2026-08-20T09:33:33.181698+00:00,2,6,8,-1.5,1.5,8.5,Win,AWAY,0.0630222494225266,-156.0,,1.5,8.5,0.1311007784324749,0.6605862415751855,Night,0.05_to_0.0749,minus_199_to_minus_150,1.0_to_1.9,5_to_9.9,0.10_to_0.1499,65_to_69.9,65_to_69.9,8.5_to_9.0,+1.5
487285d7a2811bab184f43dff7b4f563,baseball,mlb,2026_03_27,04:35 PM,San Francisco Giants,New York Yankees,run_line,home,1.5,home_run_line,-163.0,0.7108198258606546,0.1059833863750304,0.2394561420135216,False,823243,1,final,2026-08-20T09:33:33.181698+00:00,0,3,3,1.5,-1.5,7.5,Loss,HOME,0.1059833863750304,-163.0,,1.5,7.5,0.2394561420135216,0.7108198258606546,Day,0.10_plus,minus_199_to_minus_150,1.0_to_1.9,5_to_9.9,0.20_plus,70_to_74.9,70_to_74.9,7.5_to_8.0,+1.5
7055a07016cd9cb5636dd11078ce1667,baseball,mlb,2026_03_28,02:15 PM,St Louis Cardinals,Tampa Bay Rays,run_line,home,1.5,home_run_line,-185.0,0.6822483282608574,0.0228145417351947,0.0944077355434435,False,,,final,2026-08-20T09:33:33.181698+00:00,6,5,11,,,,Win,HOME,0.0228145417351947,-185.0,,,,0.0944077355434435,0.6822483282608574,Day,0.02_to_0.0299,minus_199_to_minus_150,UNBUCKETED,UNBUCKETED,0.05_to_0.0999,65_to_69.9,65_to_69.9,UNBUCKETED,UNBUCKETED
83fb92be857af525695a1086c6d0eaaf,baseball,mlb,2026_03_28,04:05 PM,Philadelphia Phillies,Texas Rangers,run_line,home,1.5,home_run_line,-196.0,0.7705934285520774,0.1228423188564251,0.3209565485141489,False,823488,1,final,2026-08-20T09:33:33.181698+00:00,4,5,9,1.5,-1.5,7.5,Win,HOME,0.1228423188564251,-196.0,,1.5,7.5,0.3209565485141489,0.7705934285520774,Day,0.10_plus,minus_199_to_minus_150,1.0_to_1.9,5_to_9.9,0.20_plus,75_to_79.9,75_to_79.9,7.5_to_8.0,+1.5
83fb92be857af525695a1086c6d0eaaf,baseball,mlb,2026_03_28,04:05 PM,Philadelphia Phillies,Texas Rangers,total,over,7.5,over_total,104.0,0.622078555753383,0.2707142760037032,0.2586925516700974,False,823488,1,final,2026-08-20T09:33:33.181698+00:00,4,5,9,1.5,-1.5,7.5,Win,OVER,0.2707142760037032,104.0,,,7.5,0.2586925516700974,0.622078555753383,Day,0.10_plus,plus_101_to_plus_125,UNBUCKETED,5_to_9.9,0.20_plus,60_to_64.9,60_to_64.9,7.5_to_8.0,UNBUCKETED
e4be161112d6550a383416acab9cc6cb,baseball,mlb,2026_03_28,07:15 PM,San Francisco Giants,New York Yankees,run_line,home,1.5,home_run_line,-156.0,0.6551131615000442,0.0866574957949442,0.117089693440113,False,823241,1,final,2026-08-20T09:33:33.181698+00:00,1,3,4,1.5,-1.5,8.5,Loss,HOME,0.0866574957949442,-156.0,,1.5,8.5,0.117089693440113,0.6551131615000442,Night,0.075_to_0.0999,minus_199_to_minus_150,1.0_to_1.9,5_to_9.9,0.10_to_0.1499,65_to_69.9,65_to_69.9,8.5_to_9.0,+1.5
7082df2b4cf69fb66b014bcf17e6e2d4,baseball,mlb,2026_03_29,02:15 PM,St Louis Cardinals,Tampa Bay Rays,run_line,home,1.5,home_run_line,-181.0,0.7305540940575889,0.1597250738315789,0.2428570043018246,False,,,final,2026-08-20T09:33:33.181698+00:00,7,11,18,,,,Loss,HOME,0.1597250738315789,-181.0,,,,0.2428570043018246,0.7305540940575889,Day,0.10_plus,minus_199_to_minus_150,UNBUCKETED,UNBUCKETED,0.20_plus,70_to_74.9,70_to_74.9,UNBUCKETED,UNBUCKETED
8fe8daacad929f4573b3727c48c408a3,baseball,mlb,2026_03_29,01:35 PM,Baltimore Orioles,Minnesota Twins,total,over,9.0,over_total,100.0,0.6649197959193663,0.3330646973998134,0.3298395918387327,False,824864,1,final,2026-08-20T09:33:33.181698+00:00,8,6,14,-1.5,1.5,9.0,Win,OVER,0.3330646973998134,100.0,,,9.0,0.3298395918387327,0.6649197959193663,Day,0.10_plus,minus_100_to_plus_100,UNBUCKETED,5_to_9.9,0.20_plus,65_to_69.9,65_to_69.9,9.0_to_9.5,UNBUCKETED
b14a5b9c91da30ed32754a658ccd291a,baseball,mlb,2026_03_29,01:40 PM,Cincinnati Reds,Boston Red Sox,moneyline,home,,home_moneyline,112.0,0.5103280680437425,0.0608622153638454,0.0731209859399412,False,824538,1,final,2026-08-20T09:33:33.181698+00:00,3,2,5,1.5,-1.5,8.0,Win,HOME,0.0608622153638454,112.0,112.0,1.5,8.0,0.0731209859399412,0.5103280680437425,Day,0.05_to_0.0749,plus_101_to_plus_125,1.0_to_1.9,5_to_9.9,0.05_to_0.0999,50_to_54.9,50_to_54.9,8.0_to_8.5,+1.5
27331c71f78dcb268af96a5483952ca2,baseball,mlb,2026_03_30,09:40 PM,Seattle Mariners,New York Yankees,moneyline,away,,away_moneyline,-107.0,0.5639614578293822,0.0952504630697189,0.0974002177068213,False,823159,1,final,2026-08-20T09:33:33.181698+00:00,2,1,3,1.5,-1.5,7.5,Loss,AWAY,0.0952504630697189,-107.0,-107.0,-1.5,7.5,0.0974002177068213,0.5639614578293822,Night,0.075_to_0.0999,minus_109_to_minus_101,1.0_to_1.9,5_to_9.9,0.05_to_0.0999,55_to_59.9,55_to_59.9,7.5_to_8.0,-1.5
302b4128aeb5c50b679d20539e8816c4,baseball,mlb,2026_03_30,06:40 PM,Miami Marlins,Chicago White Sox,run_line,away,1.5,away_run_line,-181.0,0.6462411164806053,0.0084636740205345,0.0059375373105009,False,823890,1,final,2026-08-20T09:33:33.181698+00:00,4,9,13,-1.5,1.5,8.0,Win,AWAY,0.0084636740205345,-181.0,,1.5,8.0,0.0059375373105009,0.6462411164806053,Night,0.00_to_0.0099,minus_199_to_minus_150,1.0_to_1.9,5_to_9.9,0.001_to_0.0099,60_to_64.9,60_to_64.9,8.0_to_8.5,+1.5
302b4128aeb5c50b679d20539e8816c4,baseball,mlb,2026_03_30,06:40 PM,Miami Marlins,Chicago White Sox,moneyline,away,,away_moneyline,119.0,0.4888703082460665,0.0758092417255522,0.059349558873013,False,823890,1,final,2026-08-20T09:33:33.181698+00:00,4,9,13,-1.5,1.5,8.0,Win,AWAY,0.0758092417255522,119.0,119.0,1.5,8.0,0.059349558873013,0.4888703082460665,Night,0.075_to_0.0999,plus_101_to_plus_125,1.0_to_1.9,5_to_9.9,0.05_to_0.0999,<50,<50,8.0_to_8.5,+1.5
640970e11703be5ad9c5087e476eecc7,baseball,mlb,2026_03_30,06:35 PM,Baltimore Orioles,Texas Rangers,run_line,home,1.5,home_run_line,-188.0,0.7292035299980526,0.1263111703043455,0.2201061663943914,False,824863,1,final,2026-08-20T09:33:33.181698+00:00,2,5,7,1.5,-1.5,9.0,Loss,HOME,0.1263111703043455,-188.0,,1.5,9.0,0.2201061663943914,0.7292035299980526,Night,0.10_plus,minus_199_to_minus_150,1.0_to_1.9,5_to_9.9,0.20_plus,70_to_74.9,70_to_74.9,9.0_to_9.5,+1.5
a263feaf763c1299324e6d7fc4f5f5c5,baseball,mlb,2026_03_30,07:40 PM,Milwaukee Brewers,Tampa Bay Rays,run_line,away,1.5,away_run_line,-172.0,0.6416409366410516,-0.0111731182834015,0.0252633476636605,False,823809,1,final,2026-08-20T09:33:33.181698+00:00,2,3,5,-1.5,1.5,8.0,Win,AWAY,-0.0111731182834015,-172.0,,1.5,8.0,0.0252633476636605,0.6416409366410516,Night,<0,minus_199_to_minus_150,1.0_to_1.9,5_to_9.9,0.02_to_0.0299,60_to_64.9,60_to_64.9,8.0_to_8.5,+1.5
b9044eb7a2798e7b9c463104de35f476,baseball,mlb,2026_03_30,09:40 PM,San Diego Padres,San Francisco Giants,run_line,home,1.5,home_run_line,-185.0,0.743752403197207,0.1310363070275292,0.26969434911204,False,823320,1,final,2026-08-20T09:33:33.181698+00:00,2,3,5,1.5,-1.5,8.5,Win,HOME,0.1310363070275292,-185.0,,1.5,8.5,0.26969434911204,0.743752403197207,Night,0.10_plus,minus_199_to_minus_150,1.0_to_1.9,5_to_9.9,0.20_plus,70_to_74.9,70_to_74.9,8.5_to_9.0,+1.5
445445096cf76e57c1a9dee969e15995,baseball,mlb,2026_03_31,06:40 PM,Cincinnati Reds,Pittsburgh Pirates,run_line,home,1.5,home_run_line,-166.0,0.7751813087854792,0.1832358230471466,0.4019822813693746,False,824537,1,final,2026-08-20T09:33:33.181698+00:00,3,8,11,1.5,-1.5,9.0,Loss,HOME,0.1832358230471466,-166.0,,1.5,9.0,0.4019822813693746,0.7751813087854792,Night,0.10_plus,minus_199_to_minus_150,1.0_to_1.9,5_to_9.9,0.20_plus,75_to_79.9,75_to_79.9,9.0_to_9.5,+1.5
8d928227a51e9c7b63c36bcf0a8083f0,baseball,mlb,2026_03_31,09:40 PM,Seattle Mariners,New York Yankees,run_line,home,1.5,home_run_line,-185.0,0.7289387597186593,0.0999985331401568,0.227475465198179,False,823158,1,final,2026-08-20T09:33:33.181698+00:00,0,5,5,1.5,-1.5,7.0,Loss,HOME,0.0999985331401568,-185.0,,1.5,7.0,0.227475465198179,0.7289387597186593,Night,0.075_to_0.0999,minus_199_to_minus_150,1.0_to_1.9,5_to_9.9,0.20_plus,70_to_74.9,70_to_74.9,7.0_to_7.5,+1.5
a7ee9fc9ac1db47a494d6c4c39dfc4de,baseball,mlb,2026_03_31,06:35 PM,Baltimore Orioles,Texas Rangers,run_line,home,1.5,home_run_line,-163.0,0.7078227755726668,0.1378253882621011,0.2315738997561137,False,824861,1,final,2026-08-20T09:33:33.181698+00:00,5,8,13,1.5,-1.5,8.5,Loss,HOME,0.1378253882621011,-163.0,,1.5,8.5,0.2315738997561137,0.7078227755726668,Night,0.10_plus,minus_199_to_minus_150,1.0_to_1.9,5_to_9.9,0.20_plus,70_to_74.9,70_to_74.9,8.5_to_9.0,+1.5
25b209388bb30aa144af568ffd0b3921,baseball,mlb,2026_04_01,04:10 PM,Seattle Mariners,New York Yankees,run_line,home,1.5,home_run_line,-192.0,0.7550032375486749,0.1325841571052768,0.2846094536421311,False,823157,1,final,2026-08-20T09:33:33.181698+00:00,3,5,8,1.5,-1.5,7.5,Loss,HOME,0.1325841571052768,-192.0,,1.5,7.5,0.2846094536421311,0.7550032375486749,Day,0.10_plus,minus_199_to_minus_150,1.0_to_1.9,5_to_9.9,0.20_plus,75_to_79.9,75_to_79.9,7.5_to_8.0,+1.5
25b209388bb30aa144af568ffd0b3921,baseball,mlb,2026_04_01,04:10 PM,Seattle Mariners,New York Yankees,total,over,7.5,over_total,102.0,0.5853442974869505,0.1782611955157363,0.1788190989447451,False,823157,1,final,2026-08-20T09:33:33.181698+00:00,3,5,8,1.5,-1.5,7.5,Win,OVER,0.1782611955157363,102.0,,,7.5,0.1788190989447451,0.5853442974869505,Day,0.10_plus,plus_101_to_plus_125,UNBUCKETED,5_to_9.9,0.15_to_0.1999,55_to_59.9,55_to_59.9,7.5_to_8.0,UNBUCKETED
4dabf3c25d679f972f575c9dfd6f7c94,baseball,mlb,2026_04_01,12:35 PM,Baltimore Orioles,Texas Rangers,run_line,home,1.5,home_run_line,-175.0,0.7642187664630804,0.2187484933308724,0.3516016077734711,False,824860,1,final,2026-08-20T09:33:33.181698+00:00,8,3,11,1.5,-1.5,8.5,Win,HOME,0.2187484933308724,-175.0,,1.5,8.5,0.3516016077734711,0.7642187664630804,Day,0.10_plus,minus_199_to_minus_150,1.0_to_1.9,5_to_9.9,0.20_plus,75_to_79.9,75_to_79.9,8.5_to_9.0,+1.5
cc33d68ceec04cd9b09a8c631d7574a0,baseball,mlb,2026_04_01,07:40 PM,Kansas City Royals,Minnesota Twins,run_line,home,1.5,home_run_line,-163.0,0.7630686708957458,0.2191367375666191,0.3768706044558115,False,824136,1,final,2026-08-20T09:33:33.181698+00:00,13,9,22,1.5,-1.5,8.5,Win,HOME,0.2191367375666191,-163.0,,1.5,8.5,0.3768706044558115,0.7630686708957458,Night,0.10_plus,minus_199_to_minus_150,1.0_to_1.9,5_to_9.9,0.20_plus,75_to_79.9,75_to_79.9,8.5_to_9.0,+1.5
292a9ce022187e0a27729ba402751e8c,baseball,mlb,2026_04_03,02:10 PM,Boston Red Sox,San Diego Padres,run_line,home,1.5,home_run_line,-192.0,0.7067665051381059,0.0840740376753141,0.1437581950032696,False,824786,1,final,2026-08-20T09:33:33.181698+00:00,5,2,7,1.5,-1.5,9.0,Win,HOME,0.0840740376753141,-192.0,,1.5,9.0,0.1437581950032696,0.7067665051381059,Day,0.075_to_0.0999,minus_199_to_minus_150,1.0_to_1.9,5_to_9.9,0.10_to_0.1499,70_to_74.9,70_to_74.9,9.0_to_9.5,+1.5
c423735bd4d51edf6fe4efc260f2eb08,baseball,mlb,2026_04_03,09:40 PM,Athletics,Houston Astros,run_line,home,1.5,home_run_line,-156.0,0.7360543980527616,0.2280619181720532,0.3242992590150697,False,,,final,2026-08-20T09:33:33.181698+00:00,11,4,15,,,,Win,HOME,0.2280619181720532,-156.0,,,,0.3242992590150697,0.7360543980527616,Night,0.10_plus,minus_199_to_minus_150,UNBUCKETED,UNBUCKETED,0.20_plus,70_to_74.9,70_to_74.9,UNBUCKETED,UNBUCKETED
b58a8d0376af31bc90316319ce719acf,baseball,mlb,2026_04_05,04:30 PM,Cleveland Guardians,Chicago Cubs,run_line,home,1.5,home_run_line,-169.0,0.6940758563519038,0.1216715626745292,0.1770640535866212,False,824460,2,final,2026-08-20T09:33:33.181698+00:00,6,5,11,1.5,-1.5,7.5,Win,HOME,0.1216715626745292,-169.0,,1.5,7.5,0.1770640535866212,0.6940758563519038,Day,0.10_plus,minus_199_to_minus_150,1.0_to_1.9,5_to_9.9,0.15_to_0.1999,65_to_69.9,65_to_69.9,7.5_to_8.0,+1.5
b58a8d0376af31bc90316319ce719acf,baseball,mlb,2026_04_05,04:30 PM,Cleveland Guardians,Chicago Cubs,moneyline,home,,home_moneyline,102.0,0.5132686084142395,0.0537025223300971,0.0360809696046704,False,824460,2,final,2026-08-20T09:33:33.181698+00:00,6,5,11,1.5,-1.5,7.5,Win,HOME,0.0537025223300971,102.0,102.0,1.5,7.5,0.0360809696046704,0.5132686084142395,Day,0.05_to_0.0749,plus_101_to_plus_125,1.0_to_1.9,5_to_9.9,0.03_to_0.0499,50_to_54.9,50_to_54.9,7.5_to_8.0,+1.5
f546541ad061224570d6c2508ff82661,baseball,mlb,2026_04_05,04:05 PM,San Francisco Giants,New York Mets,moneyline,away,,away_moneyline,100.0,0.559768492954578,0.0968869859091559,0.1195369859091559,False,823238,1,final,2026-08-20T09:33:33.181698+00:00,2,5,7,1.5,-1.5,7.0,Win,AWAY,0.0968869859091559,100.0,100.0,-1.5,7.0,0.1195369859091559,0.559768492954578,Day,0.075_to_0.0999,minus_100_to_plus_100,1.0_to_1.9,5_to_9.9,0.10_to_0.1499,55_to_59.9,55_to_59.9,7.0_to_7.5,-1.5
6852a6697b356bb6e8a0216138056714,baseball,mlb,2026_04_06,06:45 PM,Boston Red Sox,Milwaukee Brewers,run_line,home,1.5,home_run_line,-172.0,0.7367616454678614,0.1131115282334139,0.2839916756725831,False,824783,1,final,2026-08-20T09:33:33.181698+00:00,6,8,14,1.5,-1.5,8.0,Loss,HOME,0.1131115282334139,-172.0,,1.5,8.0,0.2839916756725831,0.7367616454678614,Night,0.10_plus,minus_199_to_minus_150,1.0_to_1.9,5_to_9.9,0.20_plus,70_to_74.9,70_to_74.9,8.0_to_8.5,+1.5
990a59a7449ed13a05090cf52c0e8d90,baseball,mlb,2026_04_06,06:45 PM,Washington Nationals,St Louis Cardinals,run_line,home,1.5,home_run_line,-172.0,0.7757680874881446,0.1878905786634225,0.3900891979677535,False,,,final,2026-08-20T09:33:33.181698+00:00,9,6,15,,,,Win,HOME,0.1878905786634225,-172.0,,,,0.3900891979677535,0.7757680874881446,Night,0.10_plus,minus_199_to_minus_150,UNBUCKETED,UNBUCKETED,0.20_plus,75_to_79.9,75_to_79.9,UNBUCKETED,UNBUCKETED
e7bc40f9611b8baa6328e83959820910,baseball,mlb,2026_04_06,06:10 PM,Cleveland Guardians,Kansas City Royals,run_line,home,1.5,home_run_line,-196.0,0.7466676134363525,0.1253872107678247,0.2501361357716032,False,824456,1,final,2026-08-20T09:33:33.181698+00:00,2,4,6,1.5,-1.5,7.5,Loss,HOME,0.1253872107678247,-196.0,,1.5,7.5,0.2501361357716032,0.7466676134363525,Night,0.10_plus,minus_199_to_minus_150,1.0_to_1.9,5_to_9.9,0.20_plus,70_to_74.9,70_to_74.9,7.5_to_8.0,+1.5
27c6eeeda2f37653edfab1288fc8d1db,baseball,mlb,2026_04_07,06:45 PM,Washington Nationals,St Louis Cardinals,run_line,home,1.5,home_run_line,-185.0,0.6944389566602448,0.098467010110227,0.1291510264816977,False,,,final,2026-08-20T09:33:33.181698+00:00,6,7,13,,,,Win,HOME,0.098467010110227,-185.0,,,,0.1291510264816977,0.6944389566602448,Night,0.075_to_0.0999,minus_199_to_minus_150,UNBUCKETED,UNBUCKETED,0.10_to_0.1499,65_to_69.9,65_to_69.9,UNBUCKETED,UNBUCKETED
34c5b69d9dd0d7d28dcc752eae1cf3ee,baseball,mlb,2026_04_07,08:05 PM,Texas Rangers,Seattle Mariners,run_line,home,1.5,home_run_line,-166.0,0.7448281383165717,0.1884808323493122,0.3212428479220806,False,822916,1,final,2026-08-20T09:33:33.181698+00:00,3,2,5,1.5,-1.5,7.5,Win,HOME,0.1884808323493122,-166.0,,1.5,7.5,0.3212428479220806,0.7448281383165717,Night,0.10_plus,minus_199_to_minus_150,1.0_to_1.9,5_to_9.9,0.20_plus,70_to_74.9,70_to_74.9,7.5_to_8.0,+1.5
cdbfd5e28cb2a7740714cfb069042ee5,baseball,mlb,2026_04_07,01:10 PM,Cleveland Guardians,Kansas City Royals,run_line,home,1.5,home_run_line,-200.0,0.7307719125088108,0.1030578243187718,0.1923157375264323,False,824457,1,final,2026-08-20T09:33:33.181698+00:00,2,1,3,1.5,-1.5,6.5,Win,HOME,0.1030578243187718,-200.0,,1.5,6.5,0.1923157375264323,0.7307719125088108,Day,0.10_plus,minus_200_or_lower,1.0_to_1.9,5_to_9.9,0.15_to_0.1999,70_to_74.9,70_to_74.9,6.5_to_7.0,+1.5
160de2c0d9ab7767e9268364d732e3a3,baseball,mlb,2026_04_08,01:10 PM,Cleveland Guardians,Kansas City Royals,run_line,home,1.5,home_run_line,-166.0,0.7044311331458518,0.1560982818950262,0.2137868141679658,False,824455,1,final,2026-08-20T09:33:33.181698+00:00,10,2,12,1.5,-1.5,7.0,Win,HOME,0.1560982818950262,-166.0,,1.5,7.0,0.2137868141679658,0.7044311331458518,Day,0.10_plus,minus_199_to_minus_150,1.0_to_1.9,5_to_9.9,0.20_plus,70_to_74.9,70_to_74.9,7.0_to_7.5,+1.5
2f7d7c64bfe4e6ab5864b9f70ae4ba1a,baseball,mlb,2026_04_08,06:40 PM,Tampa Bay Rays,Chicago Cubs,run_line,home,1.5,home_run_line,-181.0,0.7043653159511029,0.1281230686558249,0.1692665378225989,False,823000,1,final,2026-08-20T09:33:33.181698+00:00,2,6,8,1.5,-1.5,8.0,Loss,HOME,0.1281230686558249,-181.0,,1.5,8.0,0.1692665378225989,0.7043653159511029,Night,0.10_plus,minus_199_to_minus_150,1.0_to_1.9,5_to_9.9,0.15_to_0.1999,70_to_74.9,70_to_74.9,8.0_to_8.5,+1.5
4ef0a953d5a2ee85f161aca8c6c49b3c,baseball,mlb,2026_04_08,06:40 PM,Miami Marlins,Cincinnati Reds,moneyline,away,,away_moneyline,112.0,0.5312992364561872,0.0986488257315612,0.1128164118634971,False,823885,1,final,2026-08-20T09:33:33.181698+00:00,7,4,11,-1.5,1.5,7.5,Loss,AWAY,0.0986488257315612,112.0,112.0,1.5,7.5,0.1128164118634971,0.5312992364561872,Night,0.075_to_0.0999,plus_101_to_plus_125,1.0_to_1.9,5_to_9.9,0.10_to_0.1499,50_to_54.9,50_to_54.9,7.5_to_8.0,+1.5
a6d31fb32b9a25db695c58e6621fcd41,baseball,mlb,2026_04_08,04:10 PM,New York Mets,Arizona Diamondbacks,run_line,away,1.5,away_run_line,-175.0,0.6405737437735052,-0.0019897391495711,0.0115777953771392,False,823646,1,final,2026-08-20T09:33:33.181698+00:00,2,7,9,-1.5,1.5,7.5,Win,AWAY,-0.0019897391495711,-175.0,,1.5,7.5,0.0115777953771392,0.6405737437735052,Day,<0,minus_199_to_minus_150,1.0_to_1.9,5_to_9.9,0.01_to_0.0199,60_to_64.9,60_to_64.9,7.5_to_8.0,+1.5
ed3937bc90189b707190e2ab6060520c,baseball,mlb,2026_04_08,01:35 PM,Boston Red Sox,Milwaukee Brewers,run_line,away,1.5,away_run_line,-185.0,0.6767177180488622,0.0331944347119107,0.0786454964392571,False,824779,1,final,2026-08-20T09:33:33.181698+00:00,5,0,5,-1.5,1.5,7.5,Loss,AWAY,0.0331944347119107,-185.0,,1.5,7.5,0.0786454964392571,0.6767177180488622,Day,0.03_to_0.0399,minus_199_to_minus_150,1.0_to_1.9,5_to_9.9,0.05_to_0.0999,65_to_69.9,65_to_69.9,7.5_to_8.0,+1.5
ed3937bc90189b707190e2ab6060520c,baseball,mlb,2026_04_08,01:35 PM,Boston Red Sox,Milwaukee Brewers,moneyline,away,,away_moneyline,119.0,0.5059333591157972,0.0986774120191513,0.0907513079526015,False,824779,1,final,2026-08-20T09:33:33.181698+00:00,5,0,5,-1.5,1.5,7.5,Loss,AWAY,0.0986774120191513,119.0,119.0,1.5,7.5,0.0907513079526015,0.5059333591157972,Day,0.075_to_0.0999,plus_101_to_plus_125,1.0_to_1.9,5_to_9.9,0.05_to_0.0999,50_to_54.9,50_to_54.9,7.5_to_8.0,+1.5
eff6484dd3596abf15d8ee0f27b5e9ba,baseball,mlb,2026_04_10,07:15 PM,Baltimore Orioles,San Francisco Giants,run_line,home,1.5,home_run_line,-188.0,0.7493013613412154,0.1522548708016728,0.2779879206627003,False,824858,1,final,2026-08-20T09:33:33.181698+00:00,3,6,9,1.5,-1.5,8.5,Loss,HOME,0.1522548708016728,-188.0,,1.5,8.5,0.2779879206627003,0.7493013613412154,Night,0.10_plus,minus_199_to_minus_150,1.0_to_1.9,5_to_9.9,0.20_plus,70_to_74.9,70_to_74.9,8.5_to_9.0,+1.5
5242327588eadc6af4c8050a32d92f63,baseball,mlb,2026_04_11,07:15 PM,Atlanta Braves,Cleveland Guardians,run_line,home,1.5,home_run_line,-188.0,0.7437404469444725,0.1164581787707284,0.2619724872000808,False,824939,1,final,2026-08-20T09:33:33.181698+00:00,0,6,6,1.5,-1.5,8.0,Loss,HOME,0.1164581787707284,-188.0,,1.5,8.0,0.2619724872000808,0.7437404469444725,Night,0.10_plus,minus_199_to_minus_150,1.0_to_1.9,5_to_9.9,0.20_plus,70_to_74.9,70_to_74.9,8.0_to_8.5,+1.5
48ddab368fb44b8c7e5c7ef18e0ba99a,baseball,mlb,2026_04_12,02:20 PM,Chicago Cubs,Pittsburgh Pirates,total,under,12.5,under_total,-114.0,0.7683359465569188,0.4493918845981712,0.5042389256318064,False,824696,1,final,2026-08-20T09:33:33.181698+00:00,7,6,13,-1.5,1.5,12.5,Loss,UNDER,0.4493918845981712,-114.0,,,12.5,0.5042389256318064,0.7683359465569188,Day,0.10_plus,minus_124_to_minus_110,UNBUCKETED,10_to_14.9,0.20_plus,75_to_79.9,75_to_79.9,12.5_to_13.0,UNBUCKETED
752e9b625117fe75f792a9f4c0464b06,baseball,mlb,2026_04_12,01:37 PM,Toronto Blue Jays,Minnesota Twins,run_line,home,1.5,home_run_line,-188.0,0.7598770397818497,0.1495446656705404,0.3084458745717272,False,822828,1,final,2026-08-20T09:33:33.181698+00:00,2,8,10,1.5,-1.5,8.0,Loss,HOME,0.1495446656705404,-188.0,,1.5,8.0,0.3084458745717272,0.7598770397818497,Day,0.10_plus,minus_199_to_minus_150,1.0_to_1.9,5_to_9.9,0.20_plus,75_to_79.9,75_to_79.9,8.0_to_8.5,+1.5
f032258401e01dc5335139248b940efc,baseball,mlb,2026_04_12,01:40 PM,Cincinnati Reds,Los Angeles Angels,run_line,home,1.5,home_run_line,-188.0,0.8038403261546916,0.2386260343930026,0.4350601393255117,False,824533,1,final,2026-08-20T09:33:33.181698+00:00,6,9,15,1.5,-1.5,8.5,Loss,HOME,0.2386260343930026,-188.0,,1.5,8.5,0.4350601393255117,0.8038403261546916,Day,0.10_plus,minus_199_to_minus_150,1.0_to_1.9,5_to_9.9,0.20_plus,80_plus,80_plus,8.5_to_9.0,+1.5
f0a7004057c75d3a27566a9cadac71de,baseball,mlb,2026_04_13,06:35 PM,Baltimore Orioles,Arizona Diamondbacks,run_line,away,1.5,away_run_line,-192.0,0.6839144953070311,0.0021643616127767,0.0770303262965312,False,824856,1,final,2026-08-20T09:33:33.181698+00:00,9,7,16,-1.5,1.5,8.5,Loss,AWAY,0.0021643616127767,-192.0,,1.5,8.5,0.0770303262965312,0.6839144953070311,Night,0.00_to_0.0099,minus_199_to_minus_150,1.0_to_1.9,5_to_9.9,0.05_to_0.0999,65_to_69.9,65_to_69.9,8.5_to_9.0,+1.5
441105a5d9e63b9467a1b49e493aff1f,baseball,mlb,2026_04_14,06:40 PM,Detroit Tigers,Kansas City Royals,run_line,home,1.5,home_run_line,-200.0,0.7857214047025819,0.1991931514983173,0.3571642141077457,False,824292,1,final,2026-08-20T09:33:33.181698+00:00,2,1,3,1.5,-1.5,7.5,Win,HOME,0.1991931514983173,-200.0,,1.5,7.5,0.3571642141077457,0.7857214047025819,Night,0.10_plus,minus_200_or_lower,1.0_to_1.9,5_to_9.9,0.20_plus,75_to_79.9,75_to_79.9,7.5_to_8.0,+1.5
4f93a0b7adae6d305b4095cc30172ed9,baseball,mlb,2026_04_14,09:40 PM,Athletics,Texas Rangers,run_line,home,1.5,home_run_line,-163.0,0.7074497229249646,0.1112846245149222,0.2305927712926568,False,,,final,2026-08-20T09:33:33.181698+00:00,2,1,3,,,,Win,HOME,0.1112846245149222,-163.0,,,,0.2305927712926568,0.7074497229249646,Night,0.10_plus,minus_199_to_minus_150,UNBUCKETED,UNBUCKETED,0.20_plus,70_to_74.9,70_to_74.9,UNBUCKETED,UNBUCKETED
70099d392f8cdba638b5d8e7d6dce3e2,baseball,mlb,2026_04_14,09:40 PM,San Diego Padres,Seattle Mariners,run_line,home,1.5,home_run_line,-166.0,0.7154026288602079,0.1246959345992888,0.2429709927681529,False,823315,1,final,2026-08-20T09:33:33.181698+00:00,4,1,5,1.5,-1.5,7.0,Win,HOME,0.1246959345992888,-166.0,,1.5,7.0,0.2429709927681529,0.7154026288602079,Night,0.10_plus,minus_199_to_minus_150,1.0_to_1.9,5_to_9.9,0.20_plus,70_to_74.9,70_to_74.9,7.0_to_7.5,+1.5
9d2cb684d156eddca29c13df0d0bce22,baseball,mlb,2026_04_14,07:40 PM,Milwaukee Brewers,Toronto Blue Jays,run_line,home,1.5,home_run_line,-200.0,0.7126134507985502,0.131481242864492,0.1378403523956506,False,823802,1,final,2026-08-20T09:33:33.181698+00:00,7,9,16,1.5,-1.5,7.0,Loss,HOME,0.131481242864492,-200.0,,1.5,7.0,0.1378403523956506,0.7126134507985502,Night,0.10_plus,minus_200_or_lower,1.0_to_1.9,5_to_9.9,0.10_to_0.1499,70_to_74.9,70_to_74.9,7.0_to_7.5,+1.5
5dde1728cec88d86d8dbbaa27a572697,baseball,mlb,2026_04_15,06:40 PM,Cincinnati Reds,San Francisco Giants,run_line,home,1.5,home_run_line,-166.0,0.738975553012016,0.1541415488023869,0.3056749710119625,False,824532,1,final,2026-08-20T09:33:33.181698+00:00,8,3,11,1.5,-1.5,9.0,Win,HOME,0.1541415488023869,-166.0,,1.5,9.0,0.3056749710119625,0.738975553012016,Night,0.10_plus,minus_199_to_minus_150,1.0_to_1.9,5_to_9.9,0.20_plus,70_to_74.9,70_to_74.9,9.0_to_9.5,+1.5
69d8354de162a3ae1d59bf8aa804c3ca,baseball,mlb,2026_04_15,06:40 PM,Detroit Tigers,Kansas City Royals,run_line,away,1.5,away_run_line,-192.0,0.6632826304394027,-0.0101853550956302,0.0167852808830564,False,824291,1,final,2026-08-20T09:33:33.181698+00:00,2,1,3,-1.5,1.5,8.0,Win,AWAY,-0.0101853550956302,-192.0,,1.5,8.0,0.0167852808830564,0.6632826304394027,Night,<0,minus_199_to_minus_150,1.0_to_1.9,5_to_9.9,0.01_to_0.0199,65_to_69.9,65_to_69.9,8.0_to_8.5,+1.5
748d289cf73992eb235de4c4f66d4175,baseball,mlb,2026_04_15,06:40 PM,Philadelphia Phillies,Chicago Cubs,run_line,away,1.5,away_run_line,-172.0,0.6770263290465842,0.0570574877945983,0.1215116150067092,False,823477,1,final,2026-08-20T09:33:33.181698+00:00,2,11,13,-1.5,1.5,8.5,Win,AWAY,0.0570574877945983,-172.0,,1.5,8.5,0.1215116150067092,0.6770263290465842,Night,0.05_to_0.0749,minus_199_to_minus_150,1.0_to_1.9,5_to_9.9,0.10_to_0.1499,65_to_69.9,65_to_69.9,8.5_to_9.0,+1.5
851336f466000da358ea664a9302c8f4,baseball,mlb,2026_04_15,07:40 PM,Chicago White Sox,Tampa Bay Rays,run_line,home,1.5,home_run_line,-166.0,0.6561153833009669,0.0854933919829415,0.0852669195805718,False,824615,1,final,2026-08-20T09:33:33.181698+00:00,3,8,11,1.5,-1.5,8.0,Loss,HOME,0.0854933919829415,-166.0,,1.5,8.0,0.0852669195805718,0.6561153833009669,Night,0.075_to_0.0999,minus_199_to_minus_150,1.0_to_1.9,5_to_9.9,0.05_to_0.0999,65_to_69.9,65_to_69.9,8.0_to_8.5,+1.5
ae6a5b39c2617185d491849bed3ddff8,baseball,mlb,2026_04_15,09:40 PM,Athletics,Texas Rangers,run_line,away,1.5,away_run_line,-188.0,0.6571259279201818,-0.0098167818149461,0.0125226724101235,False,,,final,2026-08-20T09:33:33.181698+00:00,6,5,11,,,,Win,AWAY,-0.0098167818149461,-188.0,,,,0.0125226724101235,0.6571259279201818,Night,<0,minus_199_to_minus_150,UNBUCKETED,UNBUCKETED,0.01_to_0.0199,65_to_69.9,65_to_69.9,UNBUCKETED,UNBUCKETED
e1d1d3bf816d477e6f48db9e600d48bf,baseball,mlb,2026_04_15,07:40 PM,Milwaukee Brewers,Toronto Blue Jays,run_line,home,1.5,home_run_line,-163.0,0.7437670337919527,0.1651601830849025,0.3261072988728357,False,823803,1,final,2026-08-20T09:33:33.181698+00:00,2,1,3,1.5,-1.5,7.5,Win,HOME,0.1651601830849025,-163.0,,1.5,7.5,0.3261072988728357,0.7437670337919527,Night,0.10_plus,minus_199_to_minus_150,1.0_to_1.9,5_to_9.9,0.20_plus,70_to_74.9,70_to_74.9,7.5_to_8.0,+1.5
e39af7619a05b0b5a99bc6dcd7fbc12b,baseball,mlb,2026_04_15,01:40 PM,Minnesota Twins,Boston Red Sox,run_line,home,1.5,home_run_line,-156.0,0.6834096746815927,0.0853761328108188,0.1895287671848773,False,823722,1,final,2026-08-20T09:33:33.181698+00:00,5,9,14,1.5,-1.5,8.0,Loss,HOME,0.0853761328108188,-156.0,,1.5,8.0,0.1895287671848773,0.6834096746815927,Day,0.075_to_0.0999,minus_199_to_minus_150,1.0_to_1.9,5_to_9.9,0.15_to_0.1999,65_to_69.9,65_to_69.9,8.0_to_8.5,+1.5
e39af7619a05b0b5a99bc6dcd7fbc12b,baseball,mlb,2026_04_15,01:40 PM,Minnesota Twins,Boston Red Sox,moneyline,home,,home_moneyline,112.0,0.5123299319727891,0.0500227891156462,0.0769102283770651,False,823722,1,final,2026-08-20T09:33:33.181698+00:00,5,9,14,1.5,-1.5,8.0,Loss,HOME,0.0500227891156462,112.0,112.0,1.5,8.0,0.0769102283770651,0.5123299319727891,Day,0.05_to_0.0749,plus_101_to_plus_125,1.0_to_1.9,5_to_9.9,0.05_to_0.0999,50_to_54.9,50_to_54.9,8.0_to_8.5,+1.5
f330db82278ea4535ef5b2b1571ee7d1,baseball,mlb,2026_04_15,01:20 PM,St Louis Cardinals,Cleveland Guardians,run_line,home,1.5,home_run_line,-181.0,0.6504083699970626,0.0255054997683066,0.0176475196917459,False,,,final,2026-08-20T09:33:33.181698+00:00,5,3,8,,,,Win,HOME,0.0255054997683066,-181.0,,,,0.0176475196917459,0.6504083699970626,Day,0.02_to_0.0299,minus_199_to_minus_150,UNBUCKETED,UNBUCKETED,0.01_to_0.0199,65_to_69.9,65_to_69.9,UNBUCKETED,UNBUCKETED
f3b41be4bbb9dbffe13b5c0c9f57bb50,baseball,mlb,2026_04_15,09:40 PM,San Diego Padres,Seattle Mariners,run_line,home,1.5,home_run_line,-178.0,0.7471590343876139,0.126750167564176,0.2971021155975666,False,823314,1,final,2026-08-20T09:33:33.181698+00:00,7,6,13,1.5,-1.5,8.0,Win,HOME,0.126750167564176,-178.0,,1.5,8.0,0.2971021155975666,0.7471590343876139,Night,0.10_plus,minus_199_to_minus_150,1.0_to_1.9,5_to_9.9,0.20_plus,70_to_74.9,70_to_74.9,8.0_to_8.5,+1.5
01461c715fdcb8321ca3e4ed2762e436,baseball,mlb,2026_04_16,02:15 PM,Detroit Tigers,Kansas City Royals,run_line,home,1.5,home_run_line,-169.0,0.6996318963997062,0.1418764226059755,0.1920098013152096,False,824289,1,final,2026-08-20T09:33:33.181698+00:00,10,9,19,1.5,-1.5,8.0,Win,HOME,0.1418764226059755,-169.0,,1.5,8.0,0.1920098013152096,0.6996318963997062,Day,0.10_plus,minus_199_to_minus_150,1.0_to_1.9,5_to_9.9,0.15_to_0.1999,65_to_69.9,65_to_69.9,8.0_to_8.5,+1.5
1be686414809592c870949866675b3f0,baseball,mlb,2026_04_16,03:05 PM,Athletics,Texas Rangers,run_line,home,1.5,home_run_line,-163.0,0.6579027845017182,0.0854352357979325,0.1002843232395189,False,,,final,2026-08-20T09:33:33.181698+00:00,6,9,15,,,,Loss,HOME,0.0854352357979325,-163.0,,,,0.1002843232395189,0.6579027845017182,Day,0.075_to_0.0999,minus_199_to_minus_150,UNBUCKETED,UNBUCKETED,0.10_to_0.1499,65_to_69.9,65_to_69.9,UNBUCKETED,UNBUCKETED
50a6b335289549d2d3f41d9072e8d031,baseball,mlb,2026_04_16,06:10 PM,Cleveland Guardians,Baltimore Orioles,run_line,home,1.5,home_run_line,-196.0,0.7895181877477914,0.210689234104374,0.3769738357334624,False,824453,1,final,2026-08-20T09:33:33.181698+00:00,4,2,6,1.5,-1.5,8.0,Win,HOME,0.210689234104374,-196.0,,1.5,8.0,0.3769738357334624,0.7895181877477914,Night,0.10_plus,minus_199_to_minus_150,1.0_to_1.9,5_to_9.9,0.20_plus,75_to_79.9,75_to_79.9,8.0_to_8.5,+1.5
d28f023fdea4d8299ebf509d22707293,baseball,mlb,2026_04_16,01:40 PM,Milwaukee Brewers,Toronto Blue Jays,run_line,away,1.5,away_run_line,-192.0,0.677272750134282,0.0073468408292207,0.0576364303921038,False,823801,1,final,2026-08-20T09:33:33.181698+00:00,2,1,3,-1.5,1.5,8.5,Win,AWAY,0.0073468408292207,-192.0,,1.5,8.5,0.0576364303921038,0.677272750134282,Day,0.00_to_0.0099,minus_199_to_minus_150,1.0_to_1.9,5_to_9.9,0.05_to_0.0999,65_to_69.9,65_to_69.9,8.5_to_9.0,+1.5
6c36be674cd46d59ac8a57a727b8a4ca,baseball,mlb,2026_04_17,07:10 PM,Miami Marlins,Milwaukee Brewers,run_line,home,1.5,home_run_line,-178.0,0.747696072788923,0.1753152653134652,0.298595082353206,False,823883,1,final,2026-08-20T09:33:33.181698+00:00,5,7,12,1.5,-1.5,8.5,Loss,HOME,0.1753152653134652,-178.0,,1.5,8.5,0.298595082353206,0.747696072788923,Night,0.10_plus,minus_199_to_minus_150,1.0_to_1.9,5_to_9.9,0.20_plus,70_to_74.9,70_to_74.9,8.5_to_9.0,+1.5
18200eb582e3bee33b38016accc8cc4e,baseball,mlb,2026_04_18,09:38 PM,Los Angeles Angels,San Diego Padres,run_line,home,1.5,home_run_line,-175.0,0.7022924232839847,0.1127469127795947,0.1813041640309578,False,824049,1,final,2026-08-20T09:33:33.181698+00:00,1,4,5,1.5,-1.5,9.5,Loss,HOME,0.1127469127795947,-175.0,,1.5,9.5,0.1813041640309578,0.7022924232839847,Night,0.10_plus,minus_199_to_minus_150,1.0_to_1.9,5_to_9.9,0.15_to_0.1999,70_to_74.9,70_to_74.9,9.5_to_10.0,+1.5
23317fc37d8b970abb36b16450935fe2,baseball,mlb,2026_04_18,07:10 PM,Houston Astros,St Louis Cardinals,run_line,away,1.5,away_run_line,-163.0,0.6510270779277196,0.0579523265541324,0.0822012149499026,False,,,final,2026-08-20T09:33:33.181698+00:00,5,7,12,,,,Win,AWAY,0.0579523265541324,-163.0,,,,0.0822012149499026,0.6510270779277196,Night,0.05_to_0.0749,minus_199_to_minus_150,UNBUCKETED,UNBUCKETED,0.05_to_0.0999,65_to_69.9,65_to_69.9,UNBUCKETED,UNBUCKETED
2ea66f343279c5bb39b4cb87f04810e7,baseball,mlb,2026_04_18,02:20 PM,Chicago Cubs,New York Mets,run_line,home,1.5,home_run_line,-185.0,0.7495491663236209,0.1158720556276802,0.2862151240223196,False,824694,1,final,2026-08-20T09:33:33.181698+00:00,4,2,6,1.5,-1.5,8.5,Win,HOME,0.1158720556276802,-185.0,,1.5,8.5,0.2862151240223196,0.7495491663236209,Day,0.10_plus,minus_199_to_minus_150,1.0_to_1.9,5_to_9.9,0.20_plus,70_to_74.9,70_to_74.9,8.5_to_9.0,+1.5
2ea66f343279c5bb39b4cb87f04810e7,baseball,mlb,2026_04_18,02:20 PM,Chicago Cubs,New York Mets,total,under,8.5,under_total,-114.0,0.7186030657151314,0.3550052370193088,0.3978105606303813,False,824694,1,final,2026-08-20T09:33:33.181698+00:00,4,2,6,1.5,-1.5,8.5,Win,UNDER,0.3550052370193088,-114.0,,,8.5,0.3978105606303813,0.7186030657151314,Day,0.10_plus,minus_124_to_minus_110,UNBUCKETED,5_to_9.9,0.20_plus,70_to_74.9,70_to_74.9,8.5_to_9.0,UNBUCKETED
6e5129c6e0fc6e1f6fcaff97e0a79ebc,baseball,mlb,2026_04_18,08:10 PM,Arizona Diamondbacks,Toronto Blue Jays,run_line,home,1.5,home_run_line,-192.0,0.7771531098830311,0.1595148212804433,0.3492870808584511,False,825098,1,final,2026-08-20T09:33:33.181698+00:00,6,2,8,1.5,-1.5,9.0,Win,HOME,0.1595148212804433,-192.0,,1.5,9.0,0.3492870808584511,0.7771531098830311,Night,0.10_plus,minus_199_to_minus_150,1.0_to_1.9,5_to_9.9,0.20_plus,75_to_79.9,75_to_79.9,9.0_to_9.5,+1.5
912d3bf4c4f1b996c5903aa3b6e3bc2a,baseball,mlb,2026_04_18,07:15 PM,Philadelphia Phillies,Atlanta Braves,moneyline,away,,away_moneyline,108.0,0.5166584489680919,0.0946717071869645,0.0691199757903991,False,823474,1,final,2026-08-20T09:33:33.181698+00:00,1,3,4,-1.5,1.5,7.0,Win,AWAY,0.0946717071869645,108.0,108.0,1.5,7.0,0.0691199757903991,0.5166584489680919,Night,0.075_to_0.0999,plus_101_to_plus_125,1.0_to_1.9,5_to_9.9,0.05_to_0.0999,50_to_54.9,50_to_54.9,7.0_to_7.5,+1.5
e2145c6f89c91d068baad1ef60cb1205,baseball,mlb,2026_04_18,02:10 PM,Minnesota Twins,Cincinnati Reds,run_line,away,1.5,away_run_line,-181.0,0.6935913537801969,0.0523965745304589,0.1389917041223531,False,823721,1,final,2026-08-20T09:33:33.181698+00:00,4,5,9,-1.5,1.5,8.0,Win,AWAY,0.0523965745304589,-181.0,,1.5,8.0,0.1389917041223531,0.6935913537801969,Day,0.05_to_0.0749,minus_199_to_minus_150,1.0_to_1.9,5_to_9.9,0.10_to_0.1499,65_to_69.9,65_to_69.9,8.0_to_8.5,+1.5
e2145c6f89c91d068baad1ef60cb1205,baseball,mlb,2026_04_18,02:10 PM,Minnesota Twins,Cincinnati Reds,moneyline,away,,away_moneyline,112.0,0.5263157894736842,0.0913950514619882,0.1033834586466165,False,823721,1,final,2026-08-20T09:33:33.181698+00:00,4,5,9,-1.5,1.5,8.0,Win,AWAY,0.0913950514619882,112.0,112.0,1.5,8.0,0.1033834586466165,0.5263157894736842,Day,0.075_to_0.0999,plus_101_to_plus_125,1.0_to_1.9,5_to_9.9,0.10_to_0.1499,50_to_54.9,50_to_54.9,8.0_to_8.5,+1.5
ff3a4cea8f327d320fac1af61a34e8c3,baseball,mlb,2026_04_18,04:05 PM,Washington Nationals,San Francisco Giants,run_line,home,1.5,home_run_line,-163.0,0.6564128463647562,0.0903090029620845,0.0963657859393087,False,822751,1,final,2026-08-20T09:33:33.181698+00:00,6,7,13,1.5,-1.5,9.5,Win,HOME,0.0903090029620845,-163.0,,1.5,9.5,0.0963657859393087,0.6564128463647562,Day,0.075_to_0.0999,minus_199_to_minus_150,1.0_to_1.9,5_to_9.9,0.05_to_0.0999,65_to_69.9,65_to_69.9,9.5_to_10.0,+1.5
045dc8de81396e0de88fa0884e58750f,baseball,mlb,2026_04_19,02:10 PM,Houston Astros,St Louis Cardinals,run_line,away,1.5,away_run_line,-163.0,0.6627708557669783,0.0689566094072511,0.1130873506671527,False,,,final,2026-08-20T09:33:33.181698+00:00,5,7,12,,,,Win,AWAY,0.0689566094072511,-163.0,,,,0.1130873506671527,0.6627708557669783,Day,0.05_to_0.0749,minus_199_to_minus_150,UNBUCKETED,UNBUCKETED,0.10_to_0.1499,65_to_69.9,65_to_69.9,UNBUCKETED,UNBUCKETED
0d7765b227447b5fb746d1178be90177,baseball,mlb,2026_04_19,07:20 PM,Philadelphia Phillies,Atlanta Braves,run_line,home,1.5,home_run_line,-188.0,0.6914607121124082,0.042103496569363,0.1114068508837357,False,823475,1,final,2026-08-20T09:33:33.181698+00:00,2,4,6,1.5,-1.5,8.0,Loss,HOME,0.042103496569363,-188.0,,1.5,8.0,0.1114068508837357,0.6914607121124082,Night,0.04_to_0.0499,minus_199_to_minus_150,1.0_to_1.9,5_to_9.9,0.10_to_0.1499,65_to_69.9,65_to_69.9,8.0_to_8.5,+1.5
0e8cd1402139869a8535c9d0d09acb45,baseball,mlb,2026_04_19,04:10 PM,Arizona Diamondbacks,Toronto Blue Jays,run_line,home,1.5,home_run_line,-185.0,0.7347680990709613,0.1079178889591687,0.2440890823522397,False,825100,1,final,2026-08-20T09:33:33.181698+00:00,4,10,14,1.5,-1.5,8.0,Loss,HOME,0.1079178889591687,-185.0,,1.5,8.0,0.2440890823522397,0.7347680990709613,Day,0.10_plus,minus_199_to_minus_150,1.0_to_1.9,5_to_9.9,0.20_plus,70_to_74.9,70_to_74.9,8.0_to_8.5,+1.5
4c4e3a56911954f45c048e7f6a7f4822,baseball,mlb,2026_04_19,01:40 PM,Cleveland Guardians,Baltimore Orioles,run_line,home,1.5,home_run_line,-200.0,0.737819750022327,0.1080186028112683,0.213459250066981,False,824452,1,final,2026-08-20T09:33:33.181698+00:00,8,4,12,1.5,-1.5,7.0,Win,HOME,0.1080186028112683,-200.0,,1.5,7.0,0.213459250066981,0.737819750022327,Day,0.10_plus,minus_200_or_lower,1.0_to_1.9,5_to_9.9,0.20_plus,70_to_74.9,70_to_74.9,7.0_to_7.5,+1.5
d97433d24ce14d05b02b695c3cb6d537,baseball,mlb,2026_04_19,01:35 PM,Pittsburgh Pirates,Tampa Bay Rays,run_line,home,1.5,home_run_line,-178.0,0.763789410435585,0.1627734737264879,0.3433345610109263,False,823393,1,final,2026-08-20T09:33:33.181698+00:00,6,3,9,1.5,-1.5,7.5,Win,HOME,0.1627734737264879,-178.0,,1.5,7.5,0.3433345610109263,0.763789410435585,Day,0.10_plus,minus_199_to_minus_150,1.0_to_1.9,5_to_9.9,0.20_plus,75_to_79.9,75_to_79.9,7.5_to_8.0,+1.5
e1d026d4b97697ac7e0862b37a1e26a5,baseball,mlb,2026_04_19,04:07 PM,Los Angeles Angels,San Diego Padres,moneyline,away,,away_moneyline,-114.0,0.5932872154826145,0.0897145308182413,0.129634641132795,False,824047,1,final,2026-08-20T09:33:33.181698+00:00,1,2,3,1.5,-1.5,8.5,Win,AWAY,0.0897145308182413,-114.0,-114.0,-1.5,8.5,0.129634641132795,0.5932872154826145,Day,0.075_to_0.0999,minus_124_to_minus_110,1.0_to_1.9,5_to_9.9,0.10_to_0.1499,55_to_59.9,55_to_59.9,8.5_to_9.0,-1.5
0d70750c31542bcfe935969cb9ccc66e,baseball,mlb,2026_04_20,07:40 PM,Chicago Cubs,Philadelphia Phillies,run_line,home,1.5,home_run_line,-175.0,0.750717390888117,0.149182157109898,0.3144728249423215,False,824692,1,final,2026-08-20T09:33:33.181698+00:00,5,1,6,1.5,-1.5,7.5,Win,HOME,0.149182157109898,-175.0,,1.5,7.5,0.3144728249423215,0.750717390888117,Night,0.10_plus,minus_199_to_minus_150,1.0_to_1.9,5_to_9.9,0.20_plus,75_to_79.9,75_to_79.9,7.5_to_8.0,+1.5
4e58a660bb4f20467d3e4261ec9f47ba,baseball,mlb,2026_04_20,08:40 PM,Colorado Rockies,Los Angeles Dodgers,total,under,11.5,under_total,-114.0,0.762588342519127,0.4098293330460213,0.4919390529909317,False,824370,1,final,2026-08-20T09:33:33.181698+00:00,3,12,15,1.5,-1.5,11.5,Loss,UNDER,0.4098293330460213,-114.0,,,11.5,0.4919390529909317,0.762588342519127,Night,0.10_plus,minus_124_to_minus_110,UNBUCKETED,10_to_14.9,0.20_plus,75_to_79.9,75_to_79.9,11.5_to_12.0,UNBUCKETED
6a0b76ac89fd72cc8272b53212004e44,baseball,mlb,2026_04_20,07:40 PM,Kansas City Royals,Baltimore Orioles,run_line,home,1.5,home_run_line,-163.0,0.7759012100127055,0.2209586667348833,0.4106201823334155,False,824125,1,final,2026-08-20T09:33:33.181698+00:00,5,7,12,1.5,-1.5,9.0,Loss,HOME,0.2209586667348833,-163.0,,1.5,9.0,0.4106201823334155,0.7759012100127055,Night,0.10_plus,minus_199_to_minus_150,1.0_to_1.9,5_to_9.9,0.20_plus,75_to_79.9,75_to_79.9,9.0_to_9.5,+1.5
8b84f5c8a8eec852cbc8ab761818b5dc,baseball,mlb,2026_04_20,06:10 PM,Cleveland Guardians,Houston Astros,run_line,home,1.5,home_run_line,-196.0,0.7543754393222186,0.1339665119922848,0.272951300393767,False,824450,1,final,2026-08-20T09:33:33.181698+00:00,2,9,11,1.5,-1.5,7.5,Loss,HOME,0.1339665119922848,-196.0,,1.5,7.5,0.272951300393767,0.7543754393222186,Night,0.10_plus,minus_199_to_minus_150,1.0_to_1.9,5_to_9.9,0.20_plus,75_to_79.9,75_to_79.9,7.5_to_8.0,+1.5
eaa622d11f4b04e532bbea382e56ca52,baseball,mlb,2026_04_20,06:40 PM,Tampa Bay Rays,Cincinnati Reds,run_line,home,1.5,home_run_line,-192.0,0.7450619206737897,0.1279428265802777,0.2555808083674664,False,822994,1,final,2026-08-20T09:33:33.181698+00:00,1,6,7,1.5,-1.5,8.0,Loss,HOME,0.1279428265802777,-192.0,,1.5,8.0,0.2555808083674664,0.7450619206737897,Night,0.10_plus,minus_199_to_minus_150,1.0_to_1.9,5_to_9.9,0.20_plus,70_to_74.9,70_to_74.9,8.0_to_8.5,+1.5
0567a988f9302cca0e4d8ef6eeb73371,baseball,mlb,2026_04_21,08:40 PM,Colorado Rockies,San Diego Padres,total,under,11.0,under_total,-109.0,0.7796018474928501,0.4768050900141218,0.5393678612600568,False,824369,1,final,2026-08-20T09:33:33.181698+00:00,0,1,1,1.5,-1.5,11.0,Win,UNDER,0.4768050900141218,-109.0,,,11.0,0.5393678612600568,0.7796018474928501,Night,0.10_plus,minus_109_to_minus_101,UNBUCKETED,10_to_14.9,0.20_plus,75_to_79.9,75_to_79.9,11.0_to_11.5,UNBUCKETED
1d3c338edb1851414b920c5e62833c42,baseball,mlb,2026_04_21,06:40 PM,Tampa Bay Rays,Cincinnati Reds,run_line,home,1.5,home_run_line,-181.0,0.7719211630321746,0.1535246770462673,0.3590984681204107,False,822995,1,final,2026-08-20T09:33:33.181698+00:00,6,12,18,1.5,-1.5,7.5,Loss,HOME,0.1535246770462673,-181.0,,1.5,7.5,0.3590984681204107,0.7719211630321746,Night,0.10_plus,minus_199_to_minus_150,1.0_to_1.9,5_to_9.9,0.20_plus,75_to_79.9,75_to_79.9,7.5_to_8.0,+1.5
5e611c984388d54390d6d9a5518d84be,baseball,mlb,2026_04_21,06:40 PM,Miami Marlins,St Louis Cardinals,run_line,home,1.5,home_run_line,-188.0,0.7588039026062775,0.1347211330706094,0.3053552395060791,False,,,final,2026-08-20T09:33:33.181698+00:00,3,5,8,,,,Loss,HOME,0.1347211330706094,-188.0,,,,0.3053552395060791,0.7588039026062775,Night,0.10_plus,minus_199_to_minus_150,UNBUCKETED,UNBUCKETED,0.20_plus,75_to_79.9,75_to_79.9,UNBUCKETED,UNBUCKETED
8dd01844bbaffc7ec461c4e06ea83b42,baseball,mlb,2026_04_21,08:05 PM,Texas Rangers,Pittsburgh Pirates,run_line,home,1.5,home_run_line,-192.0,0.764962123902265,0.1875188523235839,0.3136894017946142,False,822914,1,final,2026-08-20T09:33:33.181698+00:00,5,1,6,1.5,-1.5,8.5,Win,HOME,0.1875188523235839,-192.0,,1.5,8.5,0.3136894017946142,0.764962123902265,Night,0.10_plus,minus_199_to_minus_150,1.0_to_1.9,5_to_9.9,0.20_plus,75_to_79.9,75_to_79.9,8.5_to_9.0,+1.5
bce74dac7fe3dd7ecf80111287a3dd34,baseball,mlb,2026_04_21,06:40 PM,Detroit Tigers,Milwaukee Brewers,run_line,home,1.5,home_run_line,-185.0,0.7358782895796128,0.1302893157788028,0.2472531253018964,False,824290,1,final,2026-08-20T09:33:33.181698+00:00,4,12,16,1.5,-1.5,8.5,Loss,HOME,0.1302893157788028,-185.0,,1.5,8.5,0.2472531253018964,0.7358782895796128,Night,0.10_plus,minus_199_to_minus_150,1.0_to_1.9,5_to_9.9,0.20_plus,70_to_74.9,70_to_74.9,8.5_to_9.0,+1.5
d5285248b8322f4781920eb06d586c63,baseball,mlb,2026_04_21,06:45 PM,Boston Red Sox,New York Yankees,run_line,home,1.5,home_run_line,-175.0,0.6894221866543834,0.1108889218854596,0.1459110132995542,False,824773,1,final,2026-08-20T09:33:33.181698+00:00,0,4,4,1.5,-1.5,8.5,Loss,HOME,0.1108889218854596,-175.0,,1.5,8.5,0.1459110132995542,0.6894221866543834,Night,0.10_plus,minus_199_to_minus_150,1.0_to_1.9,5_to_9.9,0.10_to_0.1499,65_to_69.9,65_to_69.9,8.5_to_9.0,+1.5
fd082c9fac90847ff16ee7691851778f,baseball,mlb,2026_04_21,07:40 PM,Chicago Cubs,Philadelphia Phillies,run_line,home,1.5,home_run_line,-192.0,0.8025541206231176,0.1895066806698804,0.4234580322195037,False,824690,1,final,2026-08-20T09:33:33.181698+00:00,7,4,11,1.5,-1.5,8.0,Win,HOME,0.1895066806698804,-192.0,,1.5,8.0,0.4234580322195037,0.8025541206231176,Night,0.10_plus,minus_199_to_minus_150,1.0_to_1.9,5_to_9.9,0.20_plus,80_plus,80_plus,8.0_to_8.5,+1.5
2a8e5f1a3a4ac585a773ec30d535e4e0,baseball,mlb,2026_04_22,08:05 PM,Texas Rangers,Pittsburgh Pirates,run_line,home,1.5,home_run_line,-175.0,0.7217393980494223,0.109728644553854,0.2347833446359113,False,822913,1,final,2026-08-20T09:33:33.181698+00:00,4,8,12,1.5,-1.5,8.0,Loss,HOME,0.109728644553854,-175.0,,1.5,8.0,0.2347833446359113,0.7217393980494223,Night,0.10_plus,minus_199_to_minus_150,1.0_to_1.9,5_to_9.9,0.20_plus,70_to_74.9,70_to_74.9,8.0_to_8.5,+1.5
e33bac43c9aeb7a52713962ae0686e1f,baseball,mlb,2026_04_22,01:10 PM,Cleveland Guardians,Houston Astros,moneyline,away,,away_moneyline,119.0,0.4808181010991702,0.0841360858516272,0.0445307910984729,False,824449,1,final,2026-08-20T09:33:33.181698+00:00,0,2,2,-1.5,1.5,8.0,Win,AWAY,0.0841360858516272,119.0,119.0,1.5,8.0,0.0445307910984729,0.4808181010991702,Day,0.075_to_0.0999,plus_101_to_plus_125,1.0_to_1.9,5_to_9.9,0.03_to_0.0499,<50,<50,8.0_to_8.5,+1.5
0690cb513a9395d92f4b14ef1ff47d78,baseball,mlb,2026_04_23,02:20 PM,Chicago Cubs,Philadelphia Phillies,run_line,home,1.5,home_run_line,-156.0,0.7008113831452126,0.1062325381528274,0.2340771408517443,False,824689,1,final,2026-08-20T09:33:33.181698+00:00,8,7,15,1.5,-1.5,9.0,Win,HOME,0.1062325381528274,-156.0,,1.5,9.0,0.2340771408517443,0.7008113831452126,Day,0.10_plus,minus_199_to_minus_150,1.0_to_1.9,5_to_9.9,0.20_plus,70_to_74.9,70_to_74.9,9.0_to_9.5,+1.5
1e66733b3f851159b9299af54335356a,baseball,mlb,2026_04_23,07:10 PM,New York Mets,Minnesota Twins,run_line,home,1.5,home_run_line,-175.0,0.708162207713052,0.1068040375173356,0.1974460712108931,False,823639,1,final,2026-08-20T09:33:33.181698+00:00,10,8,18,1.5,-1.5,7.5,Win,HOME,0.1068040375173356,-175.0,,1.5,7.5,0.1974460712108931,0.708162207713052,Night,0.10_plus,minus_199_to_minus_150,1.0_to_1.9,5_to_9.9,0.15_to_0.1999,70_to_74.9,70_to_74.9,7.5_to_8.0,+1.5
0bbbb2fddbaa8b74fdca003a5d074d6f,baseball,mlb,2026_04_24,07:40 PM,Milwaukee Brewers,Pittsburgh Pirates,run_line,home,1.5,home_run_line,-156.0,0.7638431940917462,0.2605865116719253,0.3954385768748701,False,823800,1,final,2026-08-20T09:33:33.181698+00:00,0,6,6,1.5,-1.5,7.0,Loss,HOME,0.2605865116719253,-156.0,,1.5,7.0,0.3954385768748701,0.7638431940917462,Night,0.10_plus,minus_199_to_minus_150,1.0_to_1.9,5_to_9.9,0.20_plus,75_to_79.9,75_to_79.9,7.0_to_7.5,+1.5
1a7da3935dee427bcfb5038b6aca6b69,baseball,mlb,2026_04_24,07:40 PM,Chicago White Sox,Washington Nationals,run_line,home,1.5,home_run_line,-185.0,0.6865045128069035,0.1074492110208453,0.1065378614996749,False,824611,1,final,2026-08-20T09:33:33.181698+00:00,5,4,9,1.5,-1.5,9.0,Win,HOME,0.1074492110208453,-185.0,,1.5,9.0,0.1065378614996749,0.6865045128069035,Night,0.10_plus,minus_199_to_minus_150,1.0_to_1.9,5_to_9.9,0.10_to_0.1499,65_to_69.9,65_to_69.9,9.0_to_9.5,+1.5
392c482c74dac60779aaf9841598058b,baseball,mlb,2026_04_24,10:15 PM,San Francisco Giants,Miami Marlins,run_line,home,1.5,home_run_line,-181.0,0.7400715852631972,0.1176286919156694,0.269601154589584,False,823232,1,final,2026-08-20T09:33:33.181698+00:00,4,9,13,1.5,-1.5,7.5,Loss,HOME,0.1176286919156694,-181.0,,1.5,7.5,0.269601154589584,0.7400715852631972,Night,0.10_plus,minus_199_to_minus_150,1.0_to_1.9,5_to_9.9,0.20_plus,70_to_74.9,70_to_74.9,7.5_to_8.0,+1.5
781378f4580bd5ca464d5bfa8f1035a2,baseball,mlb,2026_04_24,07:40 PM,Kansas City Royals,Los Angeles Angels,run_line,home,1.5,home_run_line,-178.0,0.7999380542096821,0.2691914554510766,0.4438277907029163,False,824124,1,final,2026-08-20T09:33:33.181698+00:00,6,3,9,1.5,-1.5,9.0,Win,HOME,0.2691914554510766,-178.0,,1.5,9.0,0.4438277907029163,0.7999380542096821,Night,0.10_plus,minus_199_to_minus_150,1.0_to_1.9,5_to_9.9,0.20_plus,75_to_79.9,75_to_79.9,9.0_to_9.5,+1.5
932ab74f8b661c6fcaea03f907780fce,baseball,mlb,2026_04_24,07:05 PM,Baltimore Orioles,Boston Red Sox,run_line,home,1.5,home_run_line,-185.0,0.7207330400719766,0.142029489360132,0.2040891642051332,False,824854,1,final,2026-08-20T09:33:33.181698+00:00,10,3,13,1.5,-1.5,9.0,Win,HOME,0.142029489360132,-185.0,,1.5,9.0,0.2040891642051332,0.7207330400719766,Night,0.10_plus,minus_199_to_minus_150,1.0_to_1.9,5_to_9.9,0.20_plus,70_to_74.9,70_to_74.9,9.0_to_9.5,+1.5
988cc0182b2c8cc4ce2bd71787602b09,baseball,mlb,2026_04_24,07:10 PM,Tampa Bay Rays,Minnesota Twins,run_line,home,1.5,home_run_line,-204.0,0.8450595224897457,0.2864266975664183,0.5289809483688269,False,822992,1,final,2026-08-20T09:33:33.181698+00:00,6,2,8,1.5,-1.5,7.5,Win,HOME,0.2864266975664183,-204.0,,1.5,7.5,0.5289809483688269,0.8450595224897457,Night,0.10_plus,minus_200_or_lower,1.0_to_1.9,5_to_9.9,0.20_plus,80_plus,80_plus,7.5_to_8.0,+1.5
1461fb537b3598f4090a3bd48ac75aa0,baseball,mlb,2026_04_26,04:10 PM,Los Angeles Dodgers,Chicago Cubs,total,under,9.0,under_total,-102.0,0.7169846339630179,0.4108711937203957,0.428308960605296,False,823959,1,final,2026-08-20T09:33:33.181698+00:00,6,0,6,-1.5,1.5,9.0,Win,UNDER,0.4108711937203957,-102.0,,,9.0,0.428308960605296,0.7169846339630179,Day,0.10_plus,minus_109_to_minus_101,UNBUCKETED,5_to_9.9,0.20_plus,70_to_74.9,70_to_74.9,9.0_to_9.5,UNBUCKETED
1e288a31989294698b1a4901c9fda486,baseball,mlb,2026_04_26,02:10 PM,Chicago White Sox,Washington Nationals,run_line,away,1.5,away_run_line,-192.0,0.6956939054346862,0.0404414145152522,0.1114262038692842,False,824612,1,final,2026-08-20T09:33:33.181698+00:00,1,2,3,-1.5,1.5,8.0,Win,AWAY,0.0404414145152522,-192.0,,1.5,8.0,0.1114262038692842,0.6956939054346862,Day,0.04_to_0.0499,minus_199_to_minus_150,1.0_to_1.9,5_to_9.9,0.10_to_0.1499,65_to_69.9,65_to_69.9,8.0_to_8.5,+1.5
1e288a31989294698b1a4901c9fda486,baseball,mlb,2026_04_26,02:10 PM,Chicago White Sox,Washington Nationals,moneyline,away,,away_moneyline,108.0,0.5256438609541808,0.0757461641180294,0.0864252136895334,False,824612,1,final,2026-08-20T09:33:33.181698+00:00,1,2,3,-1.5,1.5,8.0,Win,AWAY,0.0757461641180294,108.0,108.0,1.5,8.0,0.0864252136895334,0.5256438609541808,Day,0.075_to_0.0999,plus_101_to_plus_125,1.0_to_1.9,5_to_9.9,0.05_to_0.0999,50_to_54.9,50_to_54.9,8.0_to_8.5,+1.5
4bd84afb941f32d8212a16abd49c992b,baseball,mlb,2026_04_26,04:10 PM,Kansas City Royals,Los Angeles Angels,run_line,home,1.5,home_run_line,-196.0,0.7772122682433418,0.1355880286849559,0.3405483140002915,False,824122,1,final,2026-08-20T09:33:33.181698+00:00,11,9,20,1.5,-1.5,8.5,Win,HOME,0.1355880286849559,-196.0,,1.5,8.5,0.3405483140002915,0.7772122682433418,Day,0.10_plus,minus_199_to_minus_150,1.0_to_1.9,5_to_9.9,0.20_plus,75_to_79.9,75_to_79.9,8.5_to_9.0,+1.5
4bfe574e7c5269d65b3a9936e5793ada,baseball,mlb,2026_04_26,01:40 PM,Cincinnati Reds,Detroit Tigers,run_line,home,1.5,home_run_line,-185.0,0.751974882848878,0.1171091480524759,0.2931284161193024,False,824528,1,final,2026-08-20T09:33:33.181698+00:00,3,8,11,1.5,-1.5,9.0,Loss,HOME,0.1171091480524759,-185.0,,1.5,9.0,0.2931284161193024,0.751974882848878,Day,0.10_plus,minus_199_to_minus_150,1.0_to_1.9,5_to_9.9,0.20_plus,75_to_79.9,75_to_79.9,9.0_to_9.5,+1.5
4bfe574e7c5269d65b3a9936e5793ada,baseball,mlb,2026_04_26,01:40 PM,Cincinnati Reds,Detroit Tigers,total,under,9.0,under_total,-114.0,0.7226289151800576,0.3541651434321809,0.4064258784853232,False,824528,1,final,2026-08-20T09:33:33.181698+00:00,3,8,11,1.5,-1.5,9.0,Loss,UNDER,0.3541651434321809,-114.0,,,9.0,0.4064258784853232,0.7226289151800576,Day,0.10_plus,minus_124_to_minus_110,UNBUCKETED,5_to_9.9,0.20_plus,70_to_74.9,70_to_74.9,9.0_to_9.5,UNBUCKETED
7ec692536ced485b4f6b8d0e30b4fef8,baseball,mlb,2026_04_26,01:35 PM,Baltimore Orioles,Boston Red Sox,run_line,away,1.5,away_run_line,-181.0,0.6847333172108652,0.0461611728829206,0.114100621362531,False,824852,1,final,2026-08-20T09:33:33.181698+00:00,3,5,8,-1.5,1.5,7.5,Win,AWAY,0.0461611728829206,-181.0,,1.5,7.5,0.114100621362531,0.6847333172108652,Day,0.04_to_0.0499,minus_199_to_minus_150,1.0_to_1.9,5_to_9.9,0.10_to_0.1499,65_to_69.9,65_to_69.9,7.5_to_8.0,+1.5
7ec692536ced485b4f6b8d0e30b4fef8,baseball,mlb,2026_04_26,01:35 PM,Baltimore Orioles,Boston Red Sox,moneyline,away,,away_moneyline,119.0,0.508937746080516,0.0976958194718854,0.0962803898456555,False,824852,1,final,2026-08-20T09:33:33.181698+00:00,3,5,8,-1.5,1.5,7.5,Win,AWAY,0.0976958194718854,119.0,119.0,1.5,7.5,0.0962803898456555,0.508937746080516,Day,0.075_to_0.0999,plus_101_to_plus_125,1.0_to_1.9,5_to_9.9,0.05_to_0.0999,50_to_54.9,50_to_54.9,7.5_to_8.0,+1.5
371ff765cd40348073b510b2f45d81e9,baseball,mlb,2026_04_27,08:05 PM,Texas Rangers,New York Yankees,total,under,8.0,under_total,-107.0,0.7132562621163323,0.3924995206346696,0.406440462580808,False,822906,1,final,2026-08-20T09:33:33.181698+00:00,2,4,6,1.5,-1.5,8.0,Win,UNDER,0.3924995206346696,-107.0,,,8.0,0.406440462580808,0.7132562621163323,Night,0.10_plus,minus_109_to_minus_101,UNBUCKETED,5_to_9.9,0.20_plus,70_to_74.9,70_to_74.9,8.0_to_8.5,UNBUCKETED
717163f13d80f9495ad5b88b9396ca1a,baseball,mlb,2026_04_27,09:40 PM,San Diego Padres,Chicago Cubs,run_line,home,1.5,home_run_line,-175.0,0.7134334217870993,0.1077985294749657,0.2119419099145231,False,823311,1,final,2026-08-20T09:33:33.181698+00:00,9,7,16,1.5,-1.5,8.0,Win,HOME,0.1077985294749657,-175.0,,1.5,8.0,0.2119419099145231,0.7134334217870993,Night,0.10_plus,minus_199_to_minus_150,1.0_to_1.9,5_to_9.9,0.20_plus,70_to_74.9,70_to_74.9,8.0_to_8.5,+1.5
aede5ca829ddcbc5ee6726a1c0a03117,baseball,mlb,2026_04_27,10:40 PM,Chicago White Sox,Los Angeles Angels,run_line,home,1.5,home_run_line,-156.0,0.7559410588048275,0.2557741939361271,0.3752091105403584,False,824609,1,final,2026-08-20T09:33:33.181698+00:00,8,7,15,1.5,-1.5,9.0,Win,HOME,0.2557741939361271,-156.0,,1.5,9.0,0.3752091105403584,0.7559410588048275,Night,0.10_plus,minus_199_to_minus_150,1.0_to_1.9,5_to_9.9,0.20_plus,75_to_79.9,75_to_79.9,9.0_to_9.5,+1.5
3c9ebf868da49e615e589bd0d839b640,baseball,mlb,2026_04_28,06:35 PM,Baltimore Orioles,Houston Astros,moneyline,away,,away_moneyline,119.0,0.5009215604411271,0.0923848173660682,0.0815279137529986,False,824849,1,final,2026-08-20T09:33:33.181698+00:00,5,3,8,-1.5,1.5,9.0,Loss,AWAY,0.0923848173660682,119.0,119.0,1.5,9.0,0.0815279137529986,0.5009215604411271,Night,0.075_to_0.0999,plus_101_to_plus_125,1.0_to_1.9,5_to_9.9,0.05_to_0.0999,50_to_54.9,50_to_54.9,9.0_to_9.5,+1.5
5a48e526a92801449cb2aff612e11b5f,baseball,mlb,2026_04_28,07:07 PM,Toronto Blue Jays,Boston Red Sox,run_line,home,1.5,home_run_line,-192.0,0.7342917655801411,0.0843908823753536,0.2241319554940123,False,822823,1,final,2026-08-20T09:33:33.181698+00:00,3,0,3,1.5,-1.5,7.5,Win,HOME,0.0843908823753536,-192.0,,1.5,7.5,0.2241319554940123,0.7342917655801411,Night,0.075_to_0.0999,minus_199_to_minus_150,1.0_to_1.9,5_to_9.9,0.20_plus,70_to_74.9,70_to_74.9,7.5_to_8.0,+1.5
6015a24988595d49a325507fa8543243,baseball,mlb,2026_04_28,07:15 PM,Atlanta Braves,Detroit Tigers,run_line,home,1.5,home_run_line,-192.0,0.798368477340753,0.1928019926223955,0.411235953834999,False,824931,1,final,2026-08-20T09:33:33.181698+00:00,5,2,7,1.5,-1.5,9.0,Win,HOME,0.1928019926223955,-192.0,,1.5,9.0,0.411235953834999,0.798368477340753,Night,0.10_plus,minus_199_to_minus_150,1.0_to_1.9,5_to_9.9,0.20_plus,75_to_79.9,75_to_79.9,9.0_to_9.5,+1.5
6015a24988595d49a325507fa8543243,baseball,mlb,2026_04_28,07:15 PM,Atlanta Braves,Detroit Tigers,total,under,9.0,under_total,-102.0,0.7041466337444452,0.3935659760179577,0.4023762001637792,False,824931,1,final,2026-08-20T09:33:33.181698+00:00,5,2,7,1.5,-1.5,9.0,Win,UNDER,0.3935659760179577,-102.0,,,9.0,0.4023762001637792,0.7041466337444452,Night,0.10_plus,minus_109_to_minus_101,UNBUCKETED,5_to_9.9,0.20_plus,70_to_74.9,70_to_74.9,9.0_to_9.5,UNBUCKETED
72f79061defb394c2e533967c55edb30,baseball,mlb,2026_04_28,07:40 PM,Milwaukee Brewers,Arizona Diamondbacks,run_line,home,1.5,home_run_line,-192.0,0.8191362286197563,0.3111604365814354,0.4718777875696887,False,823798,1,final,2026-08-20T09:33:33.181698+00:00,13,2,15,1.5,-1.5,8.0,Win,HOME,0.3111604365814354,-192.0,,1.5,8.0,0.4718777875696887,0.8191362286197563,Night,0.10_plus,minus_199_to_minus_150,1.0_to_1.9,5_to_9.9,0.20_plus,80_plus,80_plus,8.0_to_8.5,+1.5
7401e0a3694fdfd518a0b949987e61b4,baseball,mlb,2026_04_28,07:40 PM,Minnesota Twins,Seattle Mariners,run_line,home,1.5,home_run_line,-163.0,0.6697331505722544,0.078717984052165,0.131398186005029,False,823716,1,final,2026-08-20T09:33:33.181698+00:00,1,7,8,1.5,-1.5,7.5,Loss,HOME,0.078717984052165,-163.0,,1.5,7.5,0.131398186005029,0.6697331505722544,Night,0.075_to_0.0999,minus_199_to_minus_150,1.0_to_1.9,5_to_9.9,0.10_to_0.1499,65_to_69.9,65_to_69.9,7.5_to_8.0,+1.5
bb7e51c3ed5e76ca658d46e6b586c0fa,baseball,mlb,2026_04_28,08:05 PM,Texas Rangers,New York Yankees,run_line,home,1.5,home_run_line,-166.0,0.6921948888805997,0.0938380950335712,0.181238404422395,False,822908,1,final,2026-08-20T09:33:33.181698+00:00,2,3,5,1.5,-1.5,7.5,Win,HOME,0.0938380950335712,-166.0,,1.5,7.5,0.181238404422395,0.6921948888805997,Night,0.075_to_0.0999,minus_199_to_minus_150,1.0_to_1.9,5_to_9.9,0.15_to_0.1999,65_to_69.9,65_to_69.9,7.5_to_8.0,+1.5
bb7e51c3ed5e76ca658d46e6b586c0fa,baseball,mlb,2026_04_28,08:05 PM,Texas Rangers,New York Yankees,total,under,7.5,under_total,-120.0,0.7301414746478485,0.3488399094155964,0.4063112442252666,False,822908,1,final,2026-08-20T09:33:33.181698+00:00,2,3,5,1.5,-1.5,7.5,Win,UNDER,0.3488399094155964,-120.0,,,7.5,0.4063112442252666,0.7301414746478485,Night,0.10_plus,minus_124_to_minus_110,UNBUCKETED,5_to_9.9,0.20_plus,70_to_74.9,70_to_74.9,7.5_to_8.0,UNBUCKETED
1893671667b0416333a1bb815e98c138,baseball,mlb,2026_04_29,09:40 PM,Athletics,Kansas City Royals,run_line,home,1.5,home_run_line,-178.0,0.6556482522602873,0.0226344114577021,0.0427021412835988,False,,,final,2026-08-20T09:33:33.181698+00:00,5,2,7,,,,Win,HOME,0.0226344114577021,-178.0,,,,0.0427021412835988,0.6556482522602873,Night,0.02_to_0.0299,minus_199_to_minus_150,UNBUCKETED,UNBUCKETED,0.03_to_0.0499,65_to_69.9,65_to_69.9,UNBUCKETED,UNBUCKETED
68d4de1e01d8567e0d2e4a137d4b254b,baseball,mlb,2026_04_29,07:15 PM,Atlanta Braves,Detroit Tigers,total,under,8.0,under_total,-107.0,0.7071249187089086,0.3706533500598002,0.3937485817274408,False,824930,1,final,2026-08-20T09:33:33.181698+00:00,4,3,7,1.5,-1.5,8.0,Win,UNDER,0.3706533500598002,-107.0,,,8.0,0.3937485817274408,0.7071249187089086,Night,0.10_plus,minus_109_to_minus_101,UNBUCKETED,5_to_9.9,0.20_plus,70_to_74.9,70_to_74.9,8.0_to_8.5,UNBUCKETED
abd0114b226ed04c6bd4daac824f5241,baseball,mlb,2026_04_29,01:10 PM,Chicago White Sox,Los Angeles Angels,run_line,home,1.5,home_run_line,-156.0,0.6718817227038189,0.108769512471224,0.1600172101217761,False,824608,1,final,2026-08-20T09:33:33.181698+00:00,3,2,5,1.5,-1.5,8.5,Win,HOME,0.108769512471224,-156.0,,1.5,8.5,0.1600172101217761,0.6718817227038189,Day,0.10_plus,minus_199_to_minus_150,1.0_to_1.9,5_to_9.9,0.15_to_0.1999,65_to_69.9,65_to_69.9,8.5_to_9.0,+1.5
abd0114b226ed04c6bd4daac824f5241,baseball,mlb,2026_04_29,01:10 PM,Chicago White Sox,Los Angeles Angels,moneyline,home,,home_moneyline,104.0,0.5122686355820774,0.0512223943652157,0.0432961697956132,False,824608,1,final,2026-08-20T09:33:33.181698+00:00,3,2,5,1.5,-1.5,8.5,Win,HOME,0.0512223943652157,104.0,104.0,1.5,8.5,0.0432961697956132,0.5122686355820774,Day,0.05_to_0.0749,plus_101_to_plus_125,1.0_to_1.9,5_to_9.9,0.03_to_0.0499,50_to_54.9,50_to_54.9,8.5_to_9.0,+1.5
af3e6454c0293bcd38866af00fb22cc1,baseball,mlb,2026_04_29,02:35 PM,Texas Rangers,New York Yankees,run_line,home,1.5,home_run_line,-163.0,0.7131811508297412,0.1965378214137678,0.2456664266822193,False,822907,1,final,2026-08-20T09:33:33.181698+00:00,3,0,3,1.5,-1.5,8.5,Win,HOME,0.1965378214137678,-163.0,,1.5,8.5,0.2456664266822193,0.7131811508297412,Day,0.10_plus,minus_199_to_minus_150,1.0_to_1.9,5_to_9.9,0.20_plus,70_to_74.9,70_to_74.9,8.5_to_9.0,+1.5
af3e6454c0293bcd38866af00fb22cc1,baseball,mlb,2026_04_29,02:35 PM,Texas Rangers,New York Yankees,total,under,8.5,under_total,-105.0,0.7146412136293209,0.4094272554747958,0.4150144879401077,False,822907,1,final,2026-08-20T09:33:33.181698+00:00,3,0,3,1.5,-1.5,8.5,Win,UNDER,0.4094272554747958,-105.0,,,8.5,0.4150144879401077,0.7146412136293209,Day,0.10_plus,minus_109_to_minus_101,UNBUCKETED,5_to_9.9,0.20_plus,70_to_74.9,70_to_74.9,8.5_to_9.0,UNBUCKETED
dbb1f14488d5ad0f783dce845101d4c1,baseball,mlb,2026_04_29,07:40 PM,Milwaukee Brewers,Arizona Diamondbacks,run_line,home,1.5,home_run_line,-188.0,0.7779152241479288,0.18728876228808,0.3603958455460349,False,823796,1,final,2026-08-20T09:33:33.181698+00:00,2,6,8,1.5,-1.5,8.5,Loss,HOME,0.18728876228808,-188.0,,1.5,8.5,0.3603958455460349,0.7779152241479288,Night,0.10_plus,minus_199_to_minus_150,1.0_to_1.9,5_to_9.9,0.20_plus,75_to_79.9,75_to_79.9,8.5_to_9.0,+1.5
de142860d352b18879f2382e67ab3e2e,baseball,mlb,2026_04_29,02:30 PM,Cleveland Guardians,Tampa Bay Rays,run_line,home,1.5,home_run_line,-200.0,0.7368006413779948,0.0839477176225478,0.2104019241339845,False,824445,1,final,2026-08-20T09:33:33.181698+00:00,3,1,4,1.5,-1.5,7.0,Win,HOME,0.0839477176225478,-200.0,,1.5,7.0,0.2104019241339845,0.7368006413779948,Day,0.075_to_0.0999,minus_200_or_lower,1.0_to_1.9,5_to_9.9,0.20_plus,70_to_74.9,70_to_74.9,7.0_to_7.5,+1.5
6f84f4f2e016877657f3d3ae23ce6760,baseball,mlb,2026_04_30,12:35 PM,Baltimore Orioles,Houston Astros,run_line,home,1.5,home_run_line,-185.0,0.7292035299980526,0.0936010224894925,0.2282300604944499,False,824848,1,final,2026-08-20T09:33:33.181698+00:00,10,3,13,1.5,-1.5,9.0,Win,HOME,0.0936010224894925,-185.0,,1.5,9.0,0.2282300604944499,0.7292035299980526,Day,0.075_to_0.0999,minus_199_to_minus_150,1.0_to_1.9,5_to_9.9,0.20_plus,70_to_74.9,70_to_74.9,9.0_to_9.5,+1.5
c31726958fc1b67f38d3673aa8931ab7,baseball,mlb,2026_04_30,03:05 PM,Athletics,Kansas City Royals,run_line,away,1.5,away_run_line,-185.0,0.6696250115560294,0.0493011439286579,0.0584312829346837,False,,,final,2026-08-20T09:33:33.181698+00:00,6,3,9,,,,Loss,AWAY,0.0493011439286579,-185.0,,,,0.0584312829346837,0.6696250115560294,Day,0.04_to_0.0499,minus_199_to_minus_150,UNBUCKETED,UNBUCKETED,0.05_to_0.0999,65_to_69.9,65_to_69.9,UNBUCKETED,UNBUCKETED
c31726958fc1b67f38d3673aa8931ab7,baseball,mlb,2026_04_30,03:05 PM,Athletics,Kansas City Royals,moneyline,away,,away_moneyline,108.0,0.5086563736894583,0.0757219239407399,0.0537085715500678,False,,,final,2026-08-20T09:33:33.181698+00:00,6,3,9,,,,Loss,AWAY,0.0757219239407399,108.0,108.0,,,0.0537085715500678,0.5086563736894583,Day,0.075_to_0.0999,plus_101_to_plus_125,UNBUCKETED,UNBUCKETED,0.05_to_0.0999,50_to_54.9,50_to_54.9,UNBUCKETED,UNBUCKETED
e5babd0fb427836d74e73a544af17f39,baseball,mlb,2026_04_30,01:40 PM,Milwaukee Brewers,Arizona Diamondbacks,run_line,home,1.5,home_run_line,-200.0,0.7748714581791981,0.1941571872687971,0.3246143745375943,False,823795,1,final,2026-08-20T09:33:33.181698+00:00,13,1,14,1.5,-1.5,7.5,Win,HOME,0.1941571872687971,-200.0,,1.5,7.5,0.3246143745375943,0.7748714581791981,Day,0.10_plus,minus_200_or_lower,1.0_to_1.9,5_to_9.9,0.20_plus,75_to_79.9,75_to_79.9,7.5_to_8.0,+1.5
224916189ace451ec4c3a758ac5d3b0d,baseball,mlb,2026_05_01,07:10 PM,Miami Marlins,Philadelphia Phillies,run_line,home,1.5,home_run_line,-156.0,0.6943992698028397,0.1086325624114975,0.2176621306952696,False,823877,1,final,2026-08-20T09:33:33.181698+00:00,5,6,11,1.5,-1.5,8.0,Win,HOME,0.1086325624114975,-156.0,,1.5,8.0,0.2176621306952696,0.6943992698028397,Night,0.10_plus,minus_199_to_minus_150,1.0_to_1.9,5_to_9.9,0.20_plus,65_to_69.9,65_to_69.9,8.0_to_8.5,+1.5
4c46549aafa11d0400c4c8c87e755dda,baseball,mlb,2026_05_01,09:40 PM,San Diego Padres,Chicago White Sox,run_line,away,1.5,away_run_line,-172.0,0.6356587217489283,0.0057891015771168,0.0089917231570852,False,823309,1,final,2026-08-20T09:33:33.181698+00:00,2,8,10,-1.5,1.5,8.0,Win,AWAY,0.0057891015771168,-172.0,,1.5,8.0,0.0089917231570852,0.6356587217489283,Night,0.00_to_0.0099,minus_199_to_minus_150,1.0_to_1.9,5_to_9.9,0.001_to_0.0099,60_to_64.9,60_to_64.9,8.0_to_8.5,+1.5
4c46549aafa11d0400c4c8c87e755dda,baseball,mlb,2026_05_01,09:40 PM,San Diego Padres,Chicago White Sox,moneyline,away,,away_moneyline,123.0,0.4879993356033552,0.0887998739510377,0.0717386328418553,False,823309,1,final,2026-08-20T09:33:33.181698+00:00,2,8,10,-1.5,1.5,8.0,Win,AWAY,0.0887998739510377,123.0,123.0,1.5,8.0,0.0717386328418553,0.4879993356033552,Night,0.075_to_0.0999,plus_101_to_plus_125,1.0_to_1.9,5_to_9.9,0.05_to_0.0999,<50,<50,8.0_to_8.5,+1.5
71bed1a7ce55f688df69c714d2376fe7,baseball,mlb,2026_05_01,07:10 PM,Boston Red Sox,Houston Astros,run_line,home,1.5,home_run_line,-185.0,0.7668527842049909,0.205540091583064,0.3355304349842242,False,824772,1,final,2026-08-20T09:33:33.181698+00:00,3,1,4,1.5,-1.5,9.5,Win,HOME,0.205540091583064,-185.0,,1.5,9.5,0.3355304349842242,0.7668527842049909,Night,0.10_plus,minus_199_to_minus_150,1.0_to_1.9,5_to_9.9,0.20_plus,75_to_79.9,75_to_79.9,9.5_to_10.0,+1.5
eb5e5ee05cf9e2c9e3df8f51d9835b52,baseball,mlb,2026_05_01,06:40 PM,Detroit Tigers,Texas Rangers,run_line,home,1.5,home_run_line,-188.0,0.7371715296255126,0.1199636898282084,0.2430540053214761,False,824287,1,final,2026-08-20T09:33:33.181698+00:00,4,5,9,1.5,-1.5,8.0,Win,HOME,0.1199636898282084,-188.0,,1.5,8.0,0.2430540053214761,0.7371715296255126,Night,0.10_plus,minus_199_to_minus_150,1.0_to_1.9,5_to_9.9,0.20_plus,70_to_74.9,70_to_74.9,8.0_to_8.5,+1.5
383d74609e0b5f77bfaf7eaa55477b31,baseball,mlb,2026_05_02,09:40 PM,Seattle Mariners,Kansas City Royals,run_line,away,1.5,away_run_line,-181.0,0.6581120733026393,0.009832059412139,0.0392949259804164,False,823144,1,final,2026-08-20T09:33:33.181698+00:00,2,3,5,-1.5,1.5,7.5,Win,AWAY,0.009832059412139,-181.0,,1.5,7.5,0.0392949259804164,0.6581120733026393,Night,0.00_to_0.0099,minus_199_to_minus_150,1.0_to_1.9,5_to_9.9,0.03_to_0.0499,65_to_69.9,65_to_69.9,7.5_to_8.0,+1.5
446e036e67d7b97011f14ad76cab4645,baseball,mlb,2026_05_02,04:05 PM,Athletics,Cleveland Guardians,run_line,away,1.5,away_run_line,-166.0,0.6749115063681109,0.0443180363087399,0.135264606939175,False,,,final,2026-08-20T09:33:33.181698+00:00,6,14,20,,,,Win,AWAY,0.0443180363087399,-166.0,,,,0.135264606939175,0.6749115063681109,Day,0.04_to_0.0499,minus_199_to_minus_150,UNBUCKETED,UNBUCKETED,0.10_to_0.1499,65_to_69.9,65_to_69.9,UNBUCKETED,UNBUCKETED
446e036e67d7b97011f14ad76cab4645,baseball,mlb,2026_05_02,04:05 PM,Athletics,Cleveland Guardians,moneyline,away,,away_moneyline,112.0,0.5283098933074686,0.0828503071451667,0.1071580123319941,False,,,final,2026-08-20T09:33:33.181698+00:00,6,14,20,,,,Win,AWAY,0.0828503071451667,112.0,112.0,,,0.1071580123319941,0.5283098933074686,Day,0.075_to_0.0999,plus_101_to_plus_125,UNBUCKETED,UNBUCKETED,0.10_to_0.1499,50_to_54.9,50_to_54.9,UNBUCKETED,UNBUCKETED
a5c3ef5e48ad39a2a1e04b385a33f7f0,baseball,mlb,2026_05_02,06:10 PM,Tampa Bay Rays,San Francisco Giants,run_line,home,1.5,home_run_line,-185.0,0.746189283194468,0.1374959972335197,0.2766394571042337,False,822988,1,final,2026-08-20T09:33:33.181698+00:00,5,1,6,1.5,-1.5,7.5,Win,HOME,0.1374959972335197,-185.0,,1.5,7.5,0.2766394571042337,0.746189283194468,Night,0.10_plus,minus_199_to_minus_150,1.0_to_1.9,5_to_9.9,0.20_plus,70_to_74.9,70_to_74.9,7.5_to_8.0,+1.5
ad24319e5623a8196399f98734f3be87,baseball,mlb,2026_05_02,04:10 PM,Miami Marlins,Philadelphia Phillies,run_line,home,1.5,home_run_line,-188.0,0.7276093672976734,0.1342634042763413,0.2155149778172995,False,823876,1,final,2026-08-20T09:33:33.181698+00:00,4,0,4,1.5,-1.5,8.5,Win,HOME,0.1342634042763413,-188.0,,1.5,8.5,0.2155149778172995,0.7276093672976734,Day,0.10_plus,minus_199_to_minus_150,1.0_to_1.9,5_to_9.9,0.20_plus,70_to_74.9,70_to_74.9,8.5_to_9.0,+1.5
341da475ed0042be75b5bc44221f8161,baseball,mlb,2026_05_03,12:45 PM,Minnesota Twins,Toronto Blue Jays,run_line,home,1.5,home_run_line,-185.0,0.7406916238705279,0.1526036746113537,0.2609711280310046,False,823711,1,final,2026-08-20T09:33:33.181698+00:00,4,3,7,1.5,-1.5,8.0,Win,HOME,0.1526036746113537,-185.0,,1.5,8.0,0.2609711280310046,0.7406916238705279,Day,0.10_plus,minus_199_to_minus_150,1.0_to_1.9,5_to_9.9,0.20_plus,70_to_74.9,70_to_74.9,8.0_to_8.5,+1.5
b713b3ae079ed7d21c2a9f7edb043f6b,baseball,mlb,2026_05_03,07:20 PM,Detroit Tigers,Texas Rangers,run_line,home,1.5,home_run_line,-188.0,0.7677362721028251,0.2061677851598834,0.3310804636561364,False,824285,1,final,2026-08-20T09:33:33.181698+00:00,7,1,8,1.5,-1.5,8.0,Win,HOME,0.2061677851598834,-188.0,,1.5,8.0,0.3310804636561364,0.7677362721028251,Night,0.10_plus,minus_199_to_minus_150,1.0_to_1.9,5_to_9.9,0.20_plus,75_to_79.9,75_to_79.9,8.0_to_8.5,+1.5
b7ecafff68e95721e956a1a960acdd98,baseball,mlb,2026_05_03,01:35 PM,Pittsburgh Pirates,Cincinnati Reds,run_line,home,1.5,home_run_line,-188.0,0.769604866537258,0.1774383794707876,0.336462015627303,False,823387,1,final,2026-08-20T09:33:33.181698+00:00,1,0,1,1.5,-1.5,7.5,Win,HOME,0.1774383794707876,-188.0,,1.5,7.5,0.336462015627303,0.769604866537258,Day,0.10_plus,minus_199_to_minus_150,1.0_to_1.9,5_to_9.9,0.20_plus,75_to_79.9,75_to_79.9,7.5_to_8.0,+1.5
25d5af851ff059eb0a390e1f5908f926,baseball,mlb,2026_05_04,08:50 PM,Chicago Cubs,Cincinnati Reds,total,under,11.5,under_total,-117.0,0.7498722310372584,0.4007134762122264,0.4572227413508508,False,824684,1,final,2026-08-20T09:33:33.181698+00:00,5,4,9,-1.5,1.5,11.5,Win,UNDER,0.4007134762122264,-117.0,,,11.5,0.4572227413508508,0.7498722310372584,Night,0.10_plus,minus_124_to_minus_110,UNBUCKETED,10_to_14.9,0.20_plus,70_to_74.9,70_to_74.9,11.5_to_12.0,UNBUCKETED
286159b7ccc29dea1805a4ce6218be0e,baseball,mlb,2026_05_04,07:40 PM,Kansas City Royals,Cleveland Guardians,run_line,home,1.5,home_run_line,-192.0,0.7630222339828775,0.1736185364045152,0.3080249232300026,False,824120,1,final,2026-08-20T09:33:33.181698+00:00,6,2,8,1.5,-1.5,9.0,Win,HOME,0.1736185364045152,-192.0,,1.5,9.0,0.3080249232300026,0.7630222339828775,Night,0.10_plus,minus_199_to_minus_150,1.0_to_1.9,5_to_9.9,0.20_plus,75_to_79.9,75_to_79.9,9.0_to_9.5,+1.5
6afb68c3e91d245e69a9eec05286476d,baseball,mlb,2026_05_04,09:40 PM,Seattle Mariners,Atlanta Braves,run_line,away,1.5,away_run_line,-172.0,0.6375778220401943,-0.0129471310372119,0.0142116759493286,False,823143,1,final,2026-08-20T09:33:33.181698+00:00,5,4,9,-1.5,1.5,7.5,Win,AWAY,-0.0129471310372119,-172.0,,1.5,7.5,0.0142116759493286,0.6375778220401943,Night,<0,minus_199_to_minus_150,1.0_to_1.9,5_to_9.9,0.01_to_0.0199,60_to_64.9,60_to_64.9,7.5_to_8.0,+1.5
724956d85946d94ae169ea8b4f5299b3,baseball,mlb,2026_05_04,06:40 PM,Tampa Bay Rays,Toronto Blue Jays,run_line,home,1.5,home_run_line,-200.0,0.7370786145987362,0.109593388564771,0.2112358437962087,False,822984,1,final,2026-08-20T09:33:33.181698+00:00,5,1,6,1.5,-1.5,8.0,Win,HOME,0.109593388564771,-200.0,,1.5,8.0,0.2112358437962087,0.7370786145987362,Night,0.10_plus,minus_200_or_lower,1.0_to_1.9,5_to_9.9,0.20_plus,70_to_74.9,70_to_74.9,8.0_to_8.5,+1.5
80044e6fc3586ebcf9f4df924a6f9519,baseball,mlb,2026_05_04,05:40 PM,Colorado Rockies,New York Mets,total,under,11.0,under_total,-117.0,0.7852273046322679,0.4379476442033294,0.5339432510520212,False,824363,1,final,2026-08-20T09:33:33.181698+00:00,2,4,6,1.5,-1.5,11.0,Win,UNDER,0.4379476442033294,-117.0,,,11.0,0.5339432510520212,0.7852273046322679,Night,0.10_plus,minus_124_to_minus_110,UNBUCKETED,10_to_14.9,0.20_plus,75_to_79.9,75_to_79.9,11.0_to_11.5,UNBUCKETED
a8b6869ab87cab44f73e7d8fe9c435f5,baseball,mlb,2026_05_04,06:40 PM,Miami Marlins,Philadelphia Phillies,run_line,home,1.5,home_run_line,-175.0,0.772118497631271,0.2055148677062831,0.3733258684859954,False,823874,1,final,2026-08-20T09:33:33.181698+00:00,0,1,1,1.5,-1.5,8.5,Win,HOME,0.2055148677062831,-175.0,,1.5,8.5,0.3733258684859954,0.772118497631271,Night,0.10_plus,minus_199_to_minus_150,1.0_to_1.9,5_to_9.9,0.20_plus,75_to_79.9,75_to_79.9,8.5_to_9.0,+1.5
642027e0dc5d6fe0e383f9c8b6453d6c,baseball,mlb,2026_05_05,07:05 PM,New York Yankees,Texas Rangers,run_line,home,1.5,home_run_line,-181.0,0.7286648912895807,0.0959699570726516,0.2375483445237216,False,823553,1,final,2026-08-20T09:33:33.181698+00:00,7,4,11,1.5,-1.5,8.0,Win,HOME,0.0959699570726516,-181.0,,1.5,8.0,0.2375483445237216,0.7286648912895807,Night,0.075_to_0.0999,minus_199_to_minus_150,1.0_to_1.9,5_to_9.9,0.20_plus,70_to_74.9,70_to_74.9,8.0_to_8.5,+1.5
732ae7d99e94ec771af4f2525709bb66,baseball,mlb,2026_05_05,09:40 PM,Seattle Mariners,Atlanta Braves,run_line,away,1.5,away_run_line,-175.0,0.655033021868952,0.0096209391274005,0.0513408101396178,False,823142,1,final,2026-08-20T09:33:33.181698+00:00,2,3,5,-1.5,1.5,8.0,Win,AWAY,0.0096209391274005,-175.0,,1.5,8.0,0.0513408101396178,0.655033021868952,Night,0.00_to_0.0099,minus_199_to_minus_150,1.0_to_1.9,5_to_9.9,0.05_to_0.0999,65_to_69.9,65_to_69.9,8.0_to_8.5,+1.5
a3d49ab06b3c4cfdcaeec1ee6be2c11f,baseball,mlb,2026_05_05,09:38 PM,Los Angeles Angels,Chicago White Sox,run_line,home,1.5,home_run_line,-192.0,0.7582169554390097,0.1389000863968275,0.2939935098819086,False,824040,1,final,2026-08-20T09:33:33.181698+00:00,4,3,7,1.5,-1.5,9.0,Win,HOME,0.1389000863968275,-192.0,,1.5,9.0,0.2939935098819086,0.7582169554390097,Night,0.10_plus,minus_199_to_minus_150,1.0_to_1.9,5_to_9.9,0.20_plus,75_to_79.9,75_to_79.9,9.0_to_9.5,+1.5
b30fec61cfbf1f3dfe4bb5e70a150f48,baseball,mlb,2026_05_05,06:40 PM,Philadelphia Phillies,Athletics,total,over,9.0,over_total,100.0,0.6033116035890164,0.2020695696282789,0.2066232071780327,False,,,final,2026-08-20T09:33:33.181698+00:00,9,1,10,,,,Win,OVER,0.2020695696282789,100.0,,,,0.2066232071780327,0.6033116035890164,Night,0.10_plus,minus_100_to_plus_100,UNBUCKETED,UNBUCKETED,0.20_plus,60_to_64.9,60_to_64.9,UNBUCKETED,UNBUCKETED
d1bb060e1d2465b94fde23b308c82f30,baseball,mlb,2026_05_05,06:45 PM,Washington Nationals,Minnesota Twins,run_line,home,1.5,home_run_line,-175.0,0.6969478637882057,0.1025093415084502,0.1666066254175657,False,822743,1,final,2026-08-20T09:33:33.181698+00:00,3,11,14,1.5,-1.5,9.0,Loss,HOME,0.1025093415084502,-175.0,,1.5,9.0,0.1666066254175657,0.6969478637882057,Night,0.10_plus,minus_199_to_minus_150,1.0_to_1.9,5_to_9.9,0.15_to_0.1999,65_to_69.9,65_to_69.9,9.0_to_9.5,+1.5
50bf885c9e829f1de48161f3ec47e5dc,baseball,mlb,2026_05_06,06:45 PM,Washington Nationals,Minnesota Twins,moneyline,home,,home_moneyline,112.0,0.4982964224872233,0.0549272378951355,0.0503467997079584,False,822740,1,final,2026-08-20T09:33:33.181698+00:00,15,2,17,1.5,-1.5,9.5,Win,HOME,0.0549272378951355,112.0,112.0,1.5,9.5,0.0503467997079584,0.4982964224872233,Night,0.05_to_0.0749,plus_101_to_plus_125,1.0_to_1.9,5_to_9.9,0.05_to_0.0999,<50,<50,9.5_to_10.0,+1.5
71fad9f636c723c1e774d7aa9651880b,baseball,mlb,2026_05_06,01:15 PM,St Louis Cardinals,Milwaukee Brewers,run_line,home,1.5,home_run_line,-169.0,0.6810098392746071,0.1082758634344666,0.141916467648693,False,,,final,2026-08-20T09:33:33.181698+00:00,2,6,8,,,,Loss,HOME,0.1082758634344666,-169.0,,,,0.141916467648693,0.6810098392746071,Day,0.10_plus,minus_199_to_minus_150,UNBUCKETED,UNBUCKETED,0.10_to_0.1499,65_to_69.9,65_to_69.9,UNBUCKETED,UNBUCKETED
7c30fa11564865dd19f2a9c4a7e9d937,baseball,mlb,2026_05_06,04:07 PM,Los Angeles Angels,Chicago White Sox,run_line,home,1.5,home_run_line,-175.0,0.742280674715618,0.2131521713785107,0.2912718554679495,False,824036,1,final,2026-08-20T09:33:33.181698+00:00,8,2,10,1.5,-1.5,9.0,Win,HOME,0.2131521713785107,-175.0,,1.5,9.0,0.2912718554679495,0.742280674715618,Day,0.10_plus,minus_199_to_minus_150,1.0_to_1.9,5_to_9.9,0.20_plus,70_to_74.9,70_to_74.9,9.0_to_9.5,+1.5
de734f0e0ca302bf4a6c20844ec6127c,baseball,mlb,2026_05_06,02:10 PM,Houston Astros,Los Angeles Dodgers,moneyline,away,,away_moneyline,-217.0,0.7161248793047956,0.0967449888666573,0.1001158673962021,False,824198,1,final,2026-08-20T09:33:33.181698+00:00,2,12,14,1.5,-1.5,9.0,Win,AWAY,0.0967449888666573,-217.0,-217.0,-1.5,9.0,0.1001158673962021,0.7161248793047956,Day,0.075_to_0.0999,minus_200_or_lower,1.0_to_1.9,5_to_9.9,0.10_to_0.1499,70_to_74.9,70_to_74.9,9.0_to_9.5,-1.5
24892453777c4e3f95360ff530e09902,baseball,mlb,2026_05_08,09:45 PM,San Diego Padres,St Louis Cardinals,run_line,away,1.5,away_run_line,-172.0,0.6765033744782746,0.0492970676503982,0.120089178580907,False,,,final,2026-08-20T09:33:33.181698+00:00,0,6,6,,,,Win,AWAY,0.0492970676503982,-172.0,,,,0.120089178580907,0.6765033744782746,Night,0.04_to_0.0499,minus_199_to_minus_150,UNBUCKETED,UNBUCKETED,0.10_to_0.1499,65_to_69.9,65_to_69.9,UNBUCKETED,UNBUCKETED
6aa50c59681975bb7beff37ab4f46bb5,baseball,mlb,2026_05_08,07:40 PM,Kansas City Royals,Detroit Tigers,run_line,away,1.5,away_run_line,-175.0,0.6541314776381326,0.0545931156535735,0.0488615635048646,False,824116,1,final,2026-08-20T09:33:33.181698+00:00,4,3,7,-1.5,1.5,8.5,Win,AWAY,0.0545931156535735,-175.0,,1.5,8.5,0.0488615635048646,0.6541314776381326,Night,0.05_to_0.0749,minus_199_to_minus_150,1.0_to_1.9,5_to_9.9,0.03_to_0.0499,65_to_69.9,65_to_69.9,8.5_to_9.0,+1.5
79db8c5227deae699a7b9c123aaf6d3f,baseball,mlb,2026_05_08,07:40 PM,Chicago White Sox,Seattle Mariners,moneyline,home,,home_moneyline,119.0,0.4757781227023935,0.0500164887182416,0.0352555367380183,False,824607,1,final,2026-08-20T09:33:33.181698+00:00,8,12,20,1.5,-1.5,8.0,Loss,HOME,0.0500164887182416,119.0,119.0,1.5,8.0,0.0352555367380183,0.4757781227023935,Night,0.05_to_0.0749,plus_101_to_plus_125,1.0_to_1.9,5_to_9.9,0.03_to_0.0499,<50,<50,8.0_to_8.5,+1.5
9faf187505c47b0f5009cb7d7da5200c,baseball,mlb,2026_05_08,10:10 PM,Los Angeles Dodgers,Atlanta Braves,run_line,home,1.5,home_run_line,-192.0,0.7240518235485971,0.0904026594246028,0.1942313247619038,False,823957,1,final,2026-08-20T09:33:33.181698+00:00,3,1,4,1.5,-1.5,8.0,Win,HOME,0.0904026594246028,-192.0,,1.5,8.0,0.1942313247619038,0.7240518235485971,Night,0.075_to_0.0999,minus_199_to_minus_150,1.0_to_1.9,5_to_9.9,0.15_to_0.1999,70_to_74.9,70_to_74.9,8.0_to_8.5,+1.5
ad17b69505e6a7e7c4c06dc7f6b91ac6,baseball,mlb,2026_05_08,07:10 PM,Miami Marlins,Washington Nationals,run_line,home,1.5,home_run_line,-192.0,0.7401434714957162,0.1146601740108465,0.2412189367674918,False,823871,1,final,2026-08-20T09:33:33.181698+00:00,2,3,5,1.5,-1.5,8.5,Win,HOME,0.1146601740108465,-192.0,,1.5,8.5,0.2412189367674918,0.7401434714957162,Night,0.10_plus,minus_199_to_minus_150,1.0_to_1.9,5_to_9.9,0.20_plus,70_to_74.9,70_to_74.9,8.5_to_9.0,+1.5
bb96582815dabc42936e794a19c74217,baseball,mlb,2026_05_08,09:40 PM,Arizona Diamondbacks,New York Mets,moneyline,home,,home_moneyline,119.0,0.507936507936508,0.0654086857142858,0.0944377751100441,False,825088,1,final,2026-08-20T09:33:33.181698+00:00,1,3,4,1.5,-1.5,8.5,Loss,HOME,0.0654086857142858,119.0,119.0,1.5,8.5,0.0944377751100441,0.507936507936508,Night,0.05_to_0.0749,plus_101_to_plus_125,1.0_to_1.9,5_to_9.9,0.05_to_0.0999,50_to_54.9,50_to_54.9,8.5_to_9.0,+1.5
177cdddf981aae461d064d643293c5f4,baseball,mlb,2026_05_09,04:05 PM,Baltimore Orioles,Athletics,run_line,away,1.5,away_run_line,-185.0,0.677665638501665,0.0362825001542166,0.0813470697297451,False,,,final,2026-08-20T09:33:33.181698+00:00,2,6,8,,,,Win,AWAY,0.0362825001542166,-185.0,,,,0.0813470697297451,0.677665638501665,Day,0.03_to_0.0399,minus_199_to_minus_150,UNBUCKETED,UNBUCKETED,0.05_to_0.0999,65_to_69.9,65_to_69.9,UNBUCKETED,UNBUCKETED
54ac0c67d3a1921cfede4e125572526e,baseball,mlb,2026_05_09,09:05 PM,San Francisco Giants,Pittsburgh Pirates,run_line,home,1.5,home_run_line,-181.0,0.6674693680949308,0.025836974777213,0.0655889243467556,False,823224,1,final,2026-08-20T09:33:33.181698+00:00,3,13,16,1.5,-1.5,7.5,Loss,HOME,0.025836974777213,-181.0,,1.5,7.5,0.0655889243467556,0.6674693680949308,Night,0.02_to_0.0299,minus_199_to_minus_150,1.0_to_1.9,5_to_9.9,0.05_to_0.0999,65_to_69.9,65_to_69.9,7.5_to_8.0,+1.5
9fd60ef171dd7d6b753c07fe32aa37f6,baseball,mlb,2026_05_09,08:15 PM,Cleveland Guardians,Minnesota Twins,run_line,home,1.5,home_run_line,-192.0,0.7697952534673068,0.1520721702037516,0.3278021401245362,False,824444,1,final,2026-08-20T09:33:33.181698+00:00,1,2,3,1.5,-1.5,8.0,Win,HOME,0.1520721702037516,-192.0,,1.5,8.0,0.3278021401245362,0.7697952534673068,Night,0.10_plus,minus_199_to_minus_150,1.0_to_1.9,5_to_9.9,0.20_plus,75_to_79.9,75_to_79.9,8.0_to_8.5,+1.5
dd95987c051582f99dbe07d5424b2a03,baseball,mlb,2026_05_09,07:10 PM,Kansas City Royals,Detroit Tigers,run_line,away,1.5,away_run_line,-175.0,0.6572362703534522,0.0547498534125677,0.0573997434719935,False,824115,1,final,2026-08-20T09:33:33.181698+00:00,5,1,6,-1.5,1.5,9.5,Loss,AWAY,0.0547498534125677,-175.0,,1.5,9.5,0.0573997434719935,0.6572362703534522,Night,0.05_to_0.0749,minus_199_to_minus_150,1.0_to_1.9,5_to_9.9,0.05_to_0.0999,65_to_69.9,65_to_69.9,9.5_to_10.0,+1.5
dd95987c051582f99dbe07d5424b2a03,baseball,mlb,2026_05_09,07:10 PM,Kansas City Royals,Detroit Tigers,total,under,9.5,under_total,-121.0,0.7104434496060724,0.2963964492023988,0.3600800236294202,False,824115,1,final,2026-08-20T09:33:33.181698+00:00,5,1,6,-1.5,1.5,9.5,Win,UNDER,0.2963964492023988,-121.0,,,9.5,0.3600800236294202,0.7104434496060724,Night,0.10_plus,minus_124_to_minus_110,UNBUCKETED,5_to_9.9,0.20_plus,70_to_74.9,70_to_74.9,9.5_to_10.0,UNBUCKETED
1a0f51cf52137e602d477a383aededcd,baseball,mlb,2026_05_10,04:10 PM,Arizona Diamondbacks,New York Mets,run_line,home,1.5,home_run_line,-169.0,0.720935291973587,0.1044656665799171,0.2493159354089488,False,825085,1,final,2026-08-20T09:33:33.181698+00:00,5,1,6,1.5,-1.5,8.5,Win,HOME,0.1044656665799171,-169.0,,1.5,8.5,0.2493159354089488,0.720935291973587,Day,0.10_plus,minus_199_to_minus_150,1.0_to_1.9,5_to_9.9,0.20_plus,70_to_74.9,70_to_74.9,8.5_to_9.0,+1.5
1a85cdf5d7c53f361d8dd4b822af8f09,baseball,mlb,2026_05_10,07:20 PM,Kansas City Royals,Detroit Tigers,run_line,away,1.5,away_run_line,-192.0,0.6704730718051841,-0.0120722032962821,0.0377813696711381,False,824113,1,final,2026-08-20T09:33:33.181698+00:00,3,6,9,-1.5,1.5,8.0,Win,AWAY,-0.0120722032962821,-192.0,,1.5,8.0,0.0377813696711381,0.6704730718051841,Night,<0,minus_199_to_minus_150,1.0_to_1.9,5_to_9.9,0.03_to_0.0499,65_to_69.9,65_to_69.9,8.0_to_8.5,+1.5
24f0fb743655b2176ff9d2f1d17bc2d0,baseball,mlb,2026_05_10,04:05 PM,San Francisco Giants,Pittsburgh Pirates,run_line,home,1.5,home_run_line,-192.0,0.7216410501127687,0.1054568748242803,0.1871918663292849,False,823221,1,final,2026-08-20T09:33:33.181698+00:00,7,6,13,1.5,-1.5,8.0,Win,HOME,0.1054568748242803,-192.0,,1.5,8.0,0.1871918663292849,0.7216410501127687,Day,0.10_plus,minus_199_to_minus_150,1.0_to_1.9,5_to_9.9,0.15_to_0.1999,70_to_74.9,70_to_74.9,8.0_to_8.5,+1.5
42a6a833eaecf112c826202eb1d596f9,baseball,mlb,2026_05_10,01:35 PM,Baltimore Orioles,Athletics,run_line,home,1.5,home_run_line,-181.0,0.7092796696461214,0.1203024460006389,0.1830758717056012,False,,,final,2026-08-20T09:33:33.181698+00:00,2,1,3,,,,Win,HOME,0.1203024460006389,-181.0,,,,0.1830758717056012,0.7092796696461214,Day,0.10_plus,minus_199_to_minus_150,UNBUCKETED,UNBUCKETED,0.15_to_0.1999,70_to_74.9,70_to_74.9,UNBUCKETED,UNBUCKETED
73c2cde50707b32c9767a0a8fbb2e7d2,baseball,mlb,2026_05_10,01:35 PM,Boston Red Sox,Tampa Bay Rays,moneyline,away,,away_moneyline,108.0,0.5435611380874033,0.0802034783329099,0.1209325622424062,False,824765,1,final,2026-08-20T09:33:33.181698+00:00,1,4,5,-1.5,1.5,8.0,Win,AWAY,0.0802034783329099,108.0,108.0,1.5,8.0,0.1209325622424062,0.5435611380874033,Day,0.075_to_0.0999,plus_101_to_plus_125,1.0_to_1.9,5_to_9.9,0.10_to_0.1499,50_to_54.9,50_to_54.9,8.0_to_8.5,+1.5
9bfd5fd962a5ede4a98e0c595c9db46f,baseball,mlb,2026_05_10,01:37 PM,Toronto Blue Jays,Los Angeles Angels,run_line,home,1.5,home_run_line,-172.0,0.7556214619676611,0.2263466876594537,0.3352903765520383,False,822819,1,final,2026-08-20T09:33:33.181698+00:00,1,6,7,1.5,-1.5,8.0,Loss,HOME,0.2263466876594537,-172.0,,1.5,8.0,0.3352903765520383,0.7556214619676611,Day,0.10_plus,minus_199_to_minus_150,1.0_to_1.9,5_to_9.9,0.20_plus,75_to_79.9,75_to_79.9,8.0_to_8.5,+1.5
bdfc7e1e5ee8e2389bbdfb8f9521a582,baseball,mlb,2026_05_10,04:10 PM,San Diego Padres,St Louis Cardinals,run_line,away,1.5,away_run_line,-185.0,0.6830761195224697,0.0307064543994804,0.0967669406390387,False,,,final,2026-08-20T09:33:33.181698+00:00,3,2,5,,,,Win,AWAY,0.0307064543994804,-185.0,,,,0.0967669406390387,0.6830761195224697,Day,0.03_to_0.0399,minus_199_to_minus_150,UNBUCKETED,UNBUCKETED,0.05_to_0.0999,65_to_69.9,65_to_69.9,UNBUCKETED,UNBUCKETED
bdfc7e1e5ee8e2389bbdfb8f9521a582,baseball,mlb,2026_05_10,04:10 PM,San Diego Padres,St Louis Cardinals,moneyline,away,,away_moneyline,112.0,0.5263157894736842,0.0941894736842104,0.1033834586466165,False,,,final,2026-08-20T09:33:33.181698+00:00,3,2,5,,,,Loss,AWAY,0.0941894736842104,112.0,112.0,,,0.1033834586466165,0.5263157894736842,Day,0.075_to_0.0999,plus_101_to_plus_125,UNBUCKETED,UNBUCKETED,0.10_to_0.1499,50_to_54.9,50_to_54.9,UNBUCKETED,UNBUCKETED
7018d88c446b88b45928fc75ec91e83c,baseball,mlb,2026_05_13,10:10 PM,Los Angeles Dodgers,San Francisco Giants,total,under,8.0,under_total,-114.0,0.74177339100741,0.390097093346774,0.4473950567558574,False,823952,1,final,2026-08-20T09:33:33.181698+00:00,4,0,4,-1.5,1.5,8.0,Win,UNDER,0.390097093346774,-114.0,,,8.0,0.4473950567558574,0.74177339100741,Night,0.10_plus,minus_124_to_minus_110,UNBUCKETED,5_to_9.9,0.20_plus,70_to_74.9,70_to_74.9,8.0_to_8.5,UNBUCKETED
ca6c0da9264577ed9bb23ff05ee77801,baseball,mlb,2026_05_13,07:10 PM,New York Mets,Detroit Tigers,run_line,home,1.5,home_run_line,-175.0,0.69988061130673,0.1134833225296232,0.1746716810935074,False,823631,1,final,2026-08-20T09:33:33.181698+00:00,3,2,5,1.5,-1.5,8.0,Win,HOME,0.1134833225296232,-175.0,,1.5,8.0,0.1746716810935074,0.69988061130673,Night,0.10_plus,minus_199_to_minus_150,1.0_to_1.9,5_to_9.9,0.15_to_0.1999,65_to_69.9,65_to_69.9,8.0_to_8.5,+1.5
d27ba1c4cb8a441ca047f3a9054aab48,baseball,mlb,2026_05_13,09:40 PM,Athletics,St Louis Cardinals,run_line,away,1.5,away_run_line,-156.0,0.6529746357315538,0.0546647868415241,0.1116150674727776,False,,,final,2026-08-20T09:33:33.181698+00:00,6,2,8,,,,Loss,AWAY,0.0546647868415241,-156.0,,,,0.1116150674727776,0.6529746357315538,Night,0.05_to_0.0749,minus_199_to_minus_150,UNBUCKETED,UNBUCKETED,0.10_to_0.1499,65_to_69.9,65_to_69.9,UNBUCKETED,UNBUCKETED
0a103297db91d5bd1abf13d04b710c2a,baseball,mlb,2026_05_15,07:15 PM,Atlanta Braves,Boston Red Sox,run_line,away,1.5,away_run_line,-163.0,0.6559727668065657,0.0462925581671035,0.0952083767012677,False,824925,1,final,2026-08-20T09:33:33.181698+00:00,3,2,5,-1.5,1.5,8.0,Win,AWAY,0.0462925581671035,-163.0,,1.5,8.0,0.0952083767012677,0.6559727668065657,Night,0.04_to_0.0499,minus_199_to_minus_150,1.0_to_1.9,5_to_9.9,0.05_to_0.0999,65_to_69.9,65_to_69.9,8.0_to_8.5,+1.5
19b80d07edae4ffcb25b42667963c877,baseball,mlb,2026_05_15,06:45 PM,Detroit Tigers,Toronto Blue Jays,run_line,home,1.5,home_run_line,-156.0,0.6889053801118277,0.0847237930040249,0.2035977730862788,False,824280,1,final,2026-08-20T09:33:33.181698+00:00,3,2,5,1.5,-1.5,8.0,Win,HOME,0.0847237930040249,-156.0,,1.5,8.0,0.2035977730862788,0.6889053801118277,Night,0.075_to_0.0999,minus_199_to_minus_150,1.0_to_1.9,5_to_9.9,0.20_plus,65_to_69.9,65_to_69.9,8.0_to_8.5,+1.5
2aee6b065d2ab7dd34a7bf34c50ecf64,baseball,mlb,2026_05_15,07:10 PM,Tampa Bay Rays,Miami Marlins,run_line,home,1.5,home_run_line,-200.0,0.7780425299415723,0.1727971282456916,0.3341275898247169,False,822983,1,final,2026-08-20T09:33:33.181698+00:00,7,2,9,1.5,-1.5,8.0,Win,HOME,0.1727971282456916,-200.0,,1.5,8.0,0.3341275898247169,0.7780425299415723,Night,0.10_plus,minus_200_or_lower,1.0_to_1.9,5_to_9.9,0.20_plus,75_to_79.9,75_to_79.9,8.0_to_8.5,+1.5
4323e1f1f88640843f73a6482a7730d5,baseball,mlb,2026_05_15,08:10 PM,Houston Astros,Texas Rangers,run_line,home,1.5,home_run_line,-178.0,0.6777598580909149,0.0431455566438634,0.1041724054927434,False,824194,1,final,2026-08-20T09:33:33.181698+00:00,2,0,2,1.5,-1.5,8.5,Win,HOME,0.0431455566438634,-178.0,,1.5,8.5,0.1041724054927434,0.6777598580909149,Night,0.04_to_0.0499,minus_199_to_minus_150,1.0_to_1.9,5_to_9.9,0.10_to_0.1499,65_to_69.9,65_to_69.9,8.5_to_9.0,+1.5
919b933a4af691070848a940a7d07a84,baseball,mlb,2026_05_15,09:40 PM,Seattle Mariners,San Diego Padres,run_line,away,1.5,away_run_line,-181.0,0.664280830444457,0.0045701474487609,0.0566291335489239,False,823140,1,final,2026-08-20T09:33:33.181698+00:00,0,2,2,-1.5,1.5,7.0,Win,AWAY,0.0045701474487609,-181.0,,1.5,7.0,0.0566291335489239,0.664280830444457,Night,0.00_to_0.0099,minus_199_to_minus_150,1.0_to_1.9,5_to_9.9,0.05_to_0.0999,65_to_69.9,65_to_69.9,7.0_to_7.5,+1.5
8c4164a5b90b37ee80487fbe77607394,baseball,mlb,2026_05_16,09:40 PM,Athletics,San Francisco Giants,run_line,away,1.5,away_run_line,-175.0,0.6413756629687001,0.0079371529190684,0.0137830731639252,False,,,final,2026-08-20T09:33:33.181698+00:00,4,6,10,,,,Win,AWAY,0.0079371529190684,-175.0,,,,0.0137830731639252,0.6413756629687001,Night,0.00_to_0.0099,minus_199_to_minus_150,UNBUCKETED,UNBUCKETED,0.01_to_0.0199,60_to_64.9,60_to_64.9,UNBUCKETED,UNBUCKETED
cc7b9980605dd66040b354031b4491c8,baseball,mlb,2026_05_16,04:05 PM,Washington Nationals,Baltimore Orioles,run_line,home,1.5,home_run_line,-172.0,0.6905209925543372,0.1100365970109932,0.1582170997477973,False,822737,1,final,2026-08-20T09:33:33.181698+00:00,13,3,16,1.5,-1.5,10.0,Win,HOME,0.1100365970109932,-172.0,,1.5,10.0,0.1582170997477973,0.6905209925543372,Day,0.10_plus,minus_199_to_minus_150,1.0_to_1.9,10_to_14.9,0.15_to_0.1999,65_to_69.9,65_to_69.9,10.0_to_10.5,+1.5
f1f5588e7499f45638568bb30db784a3,baseball,mlb,2026_05_16,03:00 PM,St Louis Cardinals,Kansas City Royals,run_line,home,1.5,home_run_line,-185.0,0.7193387096552022,0.0949094001595157,0.2001153225173262,False,,,final,2026-08-20T09:33:33.181698+00:00,4,2,6,,,,Win,HOME,0.0949094001595157,-185.0,,,,0.2001153225173262,0.7193387096552022,Day,0.075_to_0.0999,minus_199_to_minus_150,UNBUCKETED,UNBUCKETED,0.20_plus,70_to_74.9,70_to_74.9,UNBUCKETED,UNBUCKETED
4a7ed5c0f59bf539dffd13712f0d22e3,baseball,mlb,2026_05_17,07:20 PM,Seattle Mariners,San Diego Padres,run_line,away,1.5,away_run_line,-163.0,0.6736649841726643,0.0518563855055872,0.1417389083741071,False,823138,1,final,2026-08-03T19:17:32.328250+00:00,3,8,11,-1.5,1.5,7.5,Win,AWAY,0.0518563855055872,-163.0,,1.5,7.5,0.1417389083741071,0.6736649841726643,Night,0.05_to_0.0749,minus_199_to_minus_150,1.0_to_1.9,5_to_9.9,0.10_to_0.1499,65_to_69.9,65_to_69.9,7.5_to_8.0,+1.5
b51f77ee601ba774b0fc72ab78459a22,baseball,mlb,2026_05_17,04:05 PM,Athletics,San Francisco Giants,run_line,away,1.5,away_run_line,-163.0,0.6203329803031888,0.0002553608572924,0.0014757381973866,False,,,final,2026-08-03T19:17:32.328250+00:00,1,10,11,,,,Win,AWAY,0.0002553608572924,-163.0,,,,0.0014757381973866,0.6203329803031888,Day,0.00_to_0.0099,minus_199_to_minus_150,UNBUCKETED,UNBUCKETED,0.001_to_0.0099,60_to_64.9,60_to_64.9,UNBUCKETED,UNBUCKETED
d125d71e5b57f505a63c57086e78bfea,baseball,mlb,2026_05_17,01:35 PM,Pittsburgh Pirates,Philadelphia Phillies,run_line,away,1.5,away_run_line,-192.0,0.6760692463088492,0.0372886454280417,0.0541221992218401,False,823381,1,final,2026-08-03T19:17:32.328250+00:00,0,6,6,-1.5,1.5,7.0,Win,AWAY,0.0372886454280417,-192.0,,1.5,7.0,0.0541221992218401,0.6760692463088492,Day,0.03_to_0.0399,minus_199_to_minus_150,1.0_to_1.9,5_to_9.9,0.05_to_0.0999,65_to_69.9,65_to_69.9,7.0_to_7.5,+1.5
d125d71e5b57f505a63c57086e78bfea,baseball,mlb,2026_05_17,01:35 PM,Pittsburgh Pirates,Philadelphia Phillies,moneyline,away,,away_moneyline,119.0,0.4908811026270988,0.0841296147533462,0.0630500964313834,False,823381,1,final,2026-08-03T19:17:32.328250+00:00,0,6,6,-1.5,1.5,7.0,Win,AWAY,0.0841296147533462,119.0,119.0,1.5,7.0,0.0630500964313834,0.4908811026270988,Day,0.075_to_0.0999,plus_101_to_plus_125,1.0_to_1.9,5_to_9.9,0.05_to_0.0999,<50,<50,7.0_to_7.5,+1.5
42fd4ebc22c3536132b84d9c0a55ef29,baseball,mlb,2026_05_18,07:40 PM,Minnesota Twins,Houston Astros,run_line,home,1.5,home_run_line,-175.0,0.7282560999718243,0.1673635539239778,0.2527042749225167,False,823705,1,final,2026-08-20T09:33:33.181698+00:00,6,3,9,1.5,-1.5,9.5,Win,HOME,0.1673635539239778,-175.0,,1.5,9.5,0.2527042749225167,0.7282560999718243,Night,0.10_plus,minus_199_to_minus_150,1.0_to_1.9,5_to_9.9,0.20_plus,70_to_74.9,70_to_74.9,9.5_to_10.0,+1.5
60ea4be5f7a9bd97fd35cbbbe9e208fa,baseball,mlb,2026_05_18,06:40 PM,Miami Marlins,Atlanta Braves,run_line,home,1.5,home_run_line,-175.0,0.7059878440473863,0.1330261358839879,0.1914665711303124,False,823867,1,final,2026-08-20T09:33:33.181698+00:00,12,0,12,1.5,-1.5,8.5,Win,HOME,0.1330261358839879,-175.0,,1.5,8.5,0.1914665711303124,0.7059878440473863,Night,0.10_plus,minus_199_to_minus_150,1.0_to_1.9,5_to_9.9,0.15_to_0.1999,70_to_74.9,70_to_74.9,8.5_to_9.0,+1.5
00aa355eed768f248a9d925736ced07e,baseball,mlb,2026_05_19,09:40 PM,Arizona Diamondbacks,San Francisco Giants,run_line,home,1.5,home_run_line,-192.0,0.7498519313495399,0.1199157900385366,0.2695676395406567,False,825086,1,final,2026-08-20T09:33:33.181698+00:00,5,3,8,1.5,-1.5,8.5,Win,HOME,0.1199157900385366,-192.0,,1.5,8.5,0.2695676395406567,0.7498519313495399,Night,0.10_plus,minus_199_to_minus_150,1.0_to_1.9,5_to_9.9,0.20_plus,70_to_74.9,70_to_74.9,8.5_to_9.0,+1.5
36672faae36a4b8104686a4a2068f311,baseball,mlb,2026_05_19,09:38 PM,Los Angeles Angels,Athletics,run_line,away,1.5,away_run_line,-185.0,0.6837277203755902,0.0503270052632965,0.0986240030704319,False,,,final,2026-08-20T09:33:33.181698+00:00,6,14,20,,,,Win,AWAY,0.0503270052632965,-185.0,,,,0.0986240030704319,0.6837277203755902,Night,0.05_to_0.0749,minus_199_to_minus_150,UNBUCKETED,UNBUCKETED,0.05_to_0.0999,65_to_69.9,65_to_69.9,UNBUCKETED,UNBUCKETED
36672faae36a4b8104686a4a2068f311,baseball,mlb,2026_05_19,09:38 PM,Los Angeles Angels,Athletics,moneyline,away,,away_moneyline,108.0,0.5236486486486486,0.0862059225225224,0.0825825825825824,False,,,final,2026-08-20T09:33:33.181698+00:00,6,14,20,,,,Win,AWAY,0.0862059225225224,108.0,108.0,,,0.0825825825825824,0.5236486486486486,Night,0.075_to_0.0999,plus_101_to_plus_125,UNBUCKETED,UNBUCKETED,0.05_to_0.0999,50_to_54.9,50_to_54.9,UNBUCKETED,UNBUCKETED
9dc0d5b7cb72b6692039e5b9a98b9c02,baseball,mlb,2026_05_19,07:45 PM,St Louis Cardinals,Pittsburgh Pirates,run_line,home,1.5,home_run_line,-181.0,0.6920161328944465,0.0794553103069707,0.1345653334333946,False,,,final,2026-08-20T09:33:33.181698+00:00,9,6,15,,,,Win,HOME,0.0794553103069707,-181.0,,,,0.1345653334333946,0.6920161328944465,Night,0.075_to_0.0999,minus_199_to_minus_150,UNBUCKETED,UNBUCKETED,0.10_to_0.1499,65_to_69.9,65_to_69.9,UNBUCKETED,UNBUCKETED
a1ca821baa20137a228b1dff8e70c21d,baseball,mlb,2026_05_19,07:40 PM,Chicago Cubs,Milwaukee Brewers,run_line,home,1.5,home_run_line,-163.0,0.6981749549515816,0.079215881506744,0.2062001315226595,False,824677,1,final,2026-08-20T09:33:33.181698+00:00,2,5,7,1.5,-1.5,8.0,Loss,HOME,0.079215881506744,-163.0,,1.5,8.0,0.2062001315226595,0.6981749549515816,Night,0.075_to_0.0999,minus_199_to_minus_150,1.0_to_1.9,5_to_9.9,0.20_plus,65_to_69.9,65_to_69.9,8.0_to_8.5,+1.5
c974a8cecb0d3237e2c78f1920c5eaf3,baseball,mlb,2026_05_19,06:40 PM,Tampa Bay Rays,Baltimore Orioles,run_line,home,1.5,home_run_line,-200.0,0.7866347323496932,0.1718256985245397,0.3599041970490795,False,822979,1,final,2026-08-20T09:33:33.181698+00:00,4,1,5,1.5,-1.5,7.5,Win,HOME,0.1718256985245397,-200.0,,1.5,7.5,0.3599041970490795,0.7866347323496932,Night,0.10_plus,minus_200_or_lower,1.0_to_1.9,5_to_9.9,0.20_plus,75_to_79.9,75_to_79.9,7.5_to_8.0,+1.5
005a4910f335d19816293b6d19644bd0,baseball,mlb,2026_05_20,07:40 PM,Kansas City Royals,Boston Red Sox,run_line,home,1.5,home_run_line,-196.0,0.7559549621951047,0.1427018249930604,0.2776266880975099,False,824111,1,final,2026-08-20T09:33:33.181698+00:00,3,4,7,1.5,-1.5,8.0,Win,HOME,0.1427018249930604,-196.0,,1.5,8.0,0.2776266880975099,0.7559549621951047,Night,0.10_plus,minus_199_to_minus_150,1.0_to_1.9,5_to_9.9,0.20_plus,75_to_79.9,75_to_79.9,8.0_to_8.5,+1.5
44f850d55bfab7238e84fbd1b0e4c76f,baseball,mlb,2026_05_20,01:05 PM,Philadelphia Phillies,Cincinnati Reds,run_line,away,1.5,away_run_line,-163.0,0.6463578987274148,0.0411853757926318,0.0699212736531008,False,823462,1,final,2026-08-20T09:33:33.181698+00:00,4,9,13,-1.5,1.5,10.0,Win,AWAY,0.0411853757926318,-163.0,,1.5,10.0,0.0699212736531008,0.6463578987274148,Day,0.04_to_0.0499,minus_199_to_minus_150,1.0_to_1.9,10_to_14.9,0.05_to_0.0999,60_to_64.9,60_to_64.9,10.0_to_10.5,+1.5
9090dcea2ce4abd32e09245a44d713d7,baseball,mlb,2026_05_20,07:45 PM,St Louis Cardinals,Pittsburgh Pirates,run_line,home,1.5,home_run_line,-192.0,0.781652065878159,0.1921180724119227,0.3624240323642247,False,,,final,2026-08-20T09:33:33.181698+00:00,0,7,7,,,,Loss,HOME,0.1921180724119227,-192.0,,,,0.3624240323642247,0.781652065878159,Night,0.10_plus,minus_199_to_minus_150,UNBUCKETED,UNBUCKETED,0.20_plus,75_to_79.9,75_to_79.9,UNBUCKETED,UNBUCKETED
6a7d1b1febdcfcc35087e32a118d0e3e,baseball,mlb,2026_05_21,04:05 PM,Washington Nationals,New York Mets,run_line,home,1.5,home_run_line,-172.0,0.6927949643204957,0.1258105120520501,0.1644023029517484,False,822733,1,final,2026-08-20T09:33:33.181698+00:00,1,2,3,1.5,-1.5,8.5,Win,HOME,0.1258105120520501,-172.0,,1.5,8.5,0.1644023029517484,0.6927949643204957,Day,0.10_plus,minus_199_to_minus_150,1.0_to_1.9,5_to_9.9,0.15_to_0.1999,65_to_69.9,65_to_69.9,8.5_to_9.0,+1.5
ad313997692fb82ede49e0b3e0c17525,baseball,mlb,2026_05_21,09:38 PM,Los Angeles Angels,Athletics,run_line,home,1.5,home_run_line,-172.0,0.7361204396272625,0.1552252171883325,0.282247595786154,False,,,final,2026-08-20T09:33:33.181698+00:00,2,3,5,,,,Win,HOME,0.1552252171883325,-172.0,,,,0.282247595786154,0.7361204396272625,Night,0.10_plus,minus_199_to_minus_150,UNBUCKETED,UNBUCKETED,0.20_plus,70_to_74.9,70_to_74.9,UNBUCKETED,UNBUCKETED
fa85c6e14d2b480b97a6f0004286ec0b,baseball,mlb,2026_05_21,06:40 PM,Miami Marlins,Atlanta Braves,moneyline,home,,home_moneyline,119.0,0.4888703082460665,0.0696597972811077,0.059349558873013,False,823864,1,final,2026-08-20T09:33:33.181698+00:00,3,9,12,1.5,-1.5,7.5,Loss,HOME,0.0696597972811077,119.0,119.0,1.5,7.5,0.059349558873013,0.4888703082460665,Night,0.05_to_0.0749,plus_101_to_plus_125,1.0_to_1.9,5_to_9.9,0.05_to_0.0999,<50,<50,7.5_to_8.0,+1.5
0fec3ff922e35049f5bbc3e899ce1cef,baseball,mlb,2026_05_22,07:40 PM,Milwaukee Brewers,Los Angeles Dodgers,run_line,home,1.5,home_run_line,-178.0,0.6786746439333021,0.1098659560056941,0.1067155101345799,False,823788,1,final,2026-08-20T09:33:33.181698+00:00,5,1,6,1.5,-1.5,8.5,Win,HOME,0.1098659560056941,-178.0,,1.5,8.5,0.1067155101345799,0.6786746439333021,Night,0.10_plus,minus_199_to_minus_150,1.0_to_1.9,5_to_9.9,0.10_to_0.1499,65_to_69.9,65_to_69.9,8.5_to_9.0,+1.5
2e525c53c28c114fe0aeaafcbe01e2be,baseball,mlb,2026_05_22,10:15 PM,San Francisco Giants,Chicago White Sox,run_line,home,1.5,home_run_line,-185.0,0.7049847077957329,0.1003575228204534,0.1592064172178386,False,823223,1,final,2026-08-20T09:33:33.181698+00:00,4,9,13,1.5,-1.5,7.5,Loss,HOME,0.1003575228204534,-185.0,,1.5,7.5,0.1592064172178386,0.7049847077957329,Night,0.10_plus,minus_199_to_minus_150,1.0_to_1.9,5_to_9.9,0.15_to_0.1999,70_to_74.9,70_to_74.9,7.5_to_8.0,+1.5
668e5f71f74fad13739788e98ce12084,baseball,mlb,2026_05_22,07:15 PM,Baltimore Orioles,Detroit Tigers,run_line,away,1.5,away_run_line,-175.0,0.6533330624927579,0.0009897521711593,0.0466659218550842,False,824842,1,final,2026-08-20T09:33:33.181698+00:00,7,4,11,-1.5,1.5,8.5,Loss,AWAY,0.0009897521711593,-175.0,,1.5,8.5,0.0466659218550842,0.6533330624927579,Night,0.00_to_0.0099,minus_199_to_minus_150,1.0_to_1.9,5_to_9.9,0.03_to_0.0499,65_to_69.9,65_to_69.9,8.5_to_9.0,+1.5
a29760479f428402af00a34cffbc00cf,baseball,mlb,2026_05_22,07:10 PM,Miami Marlins,New York Mets,run_line,home,1.5,home_run_line,-192.0,0.6788890210490596,0.0473603861787783,0.0623559414632543,False,823863,1,final,2026-08-20T09:33:33.181698+00:00,2,1,3,1.5,-1.5,8.0,Win,HOME,0.0473603861787783,-192.0,,1.5,8.0,0.0623559414632543,0.6788890210490596,Night,0.04_to_0.0499,minus_199_to_minus_150,1.0_to_1.9,5_to_9.9,0.05_to_0.0999,65_to_69.9,65_to_69.9,8.0_to_8.5,+1.5
188966d9ba86d03383806bac10bc777c,baseball,mlb,2026_05_23,07:15 PM,Cincinnati Reds,St Louis Cardinals,run_line,home,1.5,home_run_line,-163.0,0.6995994908876411,0.112596076980945,0.209946661034496,False,,,final,2026-08-20T09:33:33.181698+00:00,7,6,13,,,,Win,HOME,0.112596076980945,-163.0,,,,0.209946661034496,0.6995994908876411,Night,0.10_plus,minus_199_to_minus_150,UNBUCKETED,UNBUCKETED,0.20_plus,65_to_69.9,65_to_69.9,UNBUCKETED,UNBUCKETED
1b110a61227c86ab2f069fb32d6720af,baseball,mlb,2026_05_23,09:40 PM,San Diego Padres,Athletics,run_line,home,1.5,home_run_line,-181.0,0.8022700454745405,0.2148964978545811,0.4443788277834587,False,,,final,2026-08-20T09:33:33.181698+00:00,2,0,2,,,,Win,HOME,0.2148964978545811,-181.0,,,,0.4443788277834587,0.8022700454745405,Night,0.10_plus,minus_199_to_minus_150,UNBUCKETED,UNBUCKETED,0.20_plus,80_plus,80_plus,UNBUCKETED,UNBUCKETED
613fbf2d89b0e9cffb2d70ebdbe1f178,baseball,mlb,2026_05_23,04:10 PM,Boston Red Sox,Minnesota Twins,run_line,home,1.5,home_run_line,-192.0,0.7808141975641893,0.2186104143510937,0.3599774568874332,False,824760,1,final,2026-08-20T09:33:33.181698+00:00,2,4,6,1.5,-1.5,8.5,Loss,HOME,0.2186104143510937,-192.0,,1.5,8.5,0.3599774568874332,0.7808141975641893,Day,0.10_plus,minus_199_to_minus_150,1.0_to_1.9,5_to_9.9,0.20_plus,75_to_79.9,75_to_79.9,8.5_to_9.0,+1.5
8cd9a8c51a76ba56fe6f4a174a01a9ee,baseball,mlb,2026_05_23,04:10 PM,Miami Marlins,New York Mets,run_line,home,1.5,home_run_line,-185.0,0.7270590325905036,0.1162860706274125,0.2221182428829354,False,823862,1,final,2026-08-20T09:33:33.181698+00:00,4,1,5,1.5,-1.5,8.0,Win,HOME,0.1162860706274125,-185.0,,1.5,8.0,0.2221182428829354,0.7270590325905036,Day,0.10_plus,minus_199_to_minus_150,1.0_to_1.9,5_to_9.9,0.20_plus,70_to_74.9,70_to_74.9,8.0_to_8.5,+1.5
bb14f988c4cc921c1b5286bf757183f6,baseball,mlb,2026_05_23,06:00 PM,Philadelphia Phillies,Cleveland Guardians,moneyline,home,,home_moneyline,-200.0,0.6706714944042134,0.0666706638285424,0.01201448321264,False,823458,1,final,2026-08-20T09:33:33.181698+00:00,3,0,3,-1.5,1.5,7.5,Win,HOME,0.0666706638285424,-200.0,-200.0,-1.5,7.5,0.01201448321264,0.6706714944042134,Night,0.05_to_0.0749,minus_200_or_lower,1.0_to_1.9,5_to_9.9,0.01_to_0.0199,65_to_69.9,65_to_69.9,7.5_to_8.0,-1.5
e8edd4604077b2fc638f1b2e3db08545,baseball,mlb,2026_05_23,07:15 PM,Milwaukee Brewers,Los Angeles Dodgers,run_line,home,1.5,home_run_line,-156.0,0.7197125479050086,0.1820259897244586,0.282464122636822,False,823787,1,final,2026-08-20T09:33:33.181698+00:00,3,11,14,1.5,-1.5,9.0,Loss,HOME,0.1820259897244586,-156.0,,1.5,9.0,0.282464122636822,0.7197125479050086,Night,0.10_plus,minus_199_to_minus_150,1.0_to_1.9,5_to_9.9,0.20_plus,70_to_74.9,70_to_74.9,9.0_to_9.5,+1.5
24764298bc8225d9b8c29e943649671f,baseball,mlb,2026_05_24,01:40 PM,Miami Marlins,New York Mets,run_line,home,1.5,home_run_line,-166.0,0.7299076084587987,0.143761053715103,0.2815542385004044,False,823861,1,final,2026-08-20T09:33:33.181698+00:00,4,0,4,1.5,-1.5,8.5,Win,HOME,0.143761053715103,-166.0,,1.5,8.5,0.2815542385004044,0.7299076084587987,Day,0.10_plus,minus_199_to_minus_150,1.0_to_1.9,5_to_9.9,0.20_plus,70_to_74.9,70_to_74.9,8.5_to_9.0,+1.5
bcb23e6708172d9bcdc2a18e01b320ce,baseball,mlb,2026_05_24,04:05 PM,San Francisco Giants,Chicago White Sox,run_line,home,1.5,home_run_line,-181.0,0.7725857894948546,0.2245176560052099,0.3609660684805413,False,823220,1,final,2026-08-20T09:33:33.181698+00:00,8,5,13,1.5,-1.5,8.0,Win,HOME,0.2245176560052099,-181.0,,1.5,8.0,0.3609660684805413,0.7725857894948546,Day,0.10_plus,minus_199_to_minus_150,1.0_to_1.9,5_to_9.9,0.20_plus,75_to_79.9,75_to_79.9,8.0_to_8.5,+1.5
f70aa43669ed4dd4d5fa56bbe2964822,baseball,mlb,2026_05_24,12:15 PM,Toronto Blue Jays,Pittsburgh Pirates,run_line,away,1.5,away_run_line,-158.0,0.6352579989117604,-0.0195521986827656,0.0589656371923415,False,822813,1,final,2026-08-20T09:33:33.181698+00:00,1,4,5,-1.5,1.5,7.5,Win,AWAY,-0.0195521986827656,-158.0,,1.5,7.5,0.0589656371923415,0.6352579989117604,Day,<0,minus_199_to_minus_150,1.0_to_1.9,5_to_9.9,0.05_to_0.0999,60_to_64.9,60_to_64.9,7.5_to_8.0,+1.5
56f5691dc9526c1284405c8be014cd55,baseball,mlb,2026_05_25,02:10 PM,Chicago White Sox,Minnesota Twins,run_line,home,1.5,home_run_line,-175.0,0.6999498266368805,0.097976711699225,0.1748620232514215,False,824598,1,final,2026-08-20T09:33:33.181698+00:00,3,1,4,1.5,-1.5,8.5,Win,HOME,0.097976711699225,-175.0,,1.5,8.5,0.1748620232514215,0.6999498266368805,Day,0.075_to_0.0999,minus_199_to_minus_150,1.0_to_1.9,5_to_9.9,0.15_to_0.1999,65_to_69.9,65_to_69.9,8.5_to_9.0,+1.5
e03d047a725cd7870eb6b6eaf8b23942,baseball,mlb,2026_05_25,09:40 PM,Athletics,Seattle Mariners,run_line,home,1.5,home_run_line,-161.0,0.6664446565392922,0.0774965481095909,0.1294205535675524,False,,,final,2026-08-20T09:33:33.181698+00:00,2,9,11,,,,Loss,HOME,0.0774965481095909,-161.0,,,,0.1294205535675524,0.6664446565392922,Night,0.075_to_0.0999,minus_199_to_minus_150,UNBUCKETED,UNBUCKETED,0.10_to_0.1499,65_to_69.9,65_to_69.9,UNBUCKETED,UNBUCKETED
42ec808f3f2b51bde3830094a2d31f59,baseball,mlb,2026_05_26,07:10 PM,New York Mets,Cincinnati Reds,run_line,home,1.5,home_run_line,-172.0,0.7233881609043569,0.1020070508358305,0.2476157976598508,False,823624,1,final,2026-08-20T09:33:33.181698+00:00,2,7,9,1.5,-1.5,7.5,Loss,HOME,0.1020070508358305,-172.0,,1.5,7.5,0.2476157976598508,0.7233881609043569,Night,0.10_plus,minus_199_to_minus_150,1.0_to_1.9,5_to_9.9,0.20_plus,70_to_74.9,70_to_74.9,7.5_to_8.0,+1.5
82e37a8a126f9724f8872ec1669446da,baseball,mlb,2026_05_26,09:40 PM,San Diego Padres,Philadelphia Phillies,run_line,home,1.5,home_run_line,-204.0,0.7886669655071828,0.14702957474273,0.3575475751418359,False,823294,1,final,2026-08-20T09:33:33.181698+00:00,3,4,7,1.5,-1.5,8.0,Win,HOME,0.14702957474273,-204.0,,1.5,8.0,0.3575475751418359,0.7886669655071828,Night,0.10_plus,minus_200_or_lower,1.0_to_1.9,5_to_9.9,0.20_plus,75_to_79.9,75_to_79.9,8.0_to_8.5,+1.5
990789f1b2f666667f7dad0fe7d8b8b8,baseball,mlb,2026_05_26,06:45 PM,Boston Red Sox,Atlanta Braves,run_line,home,1.5,home_run_line,-175.0,0.7194278869745441,0.1434803588965057,0.2284266891799961,False,824758,1,final,2026-08-20T09:33:33.181698+00:00,6,7,13,1.5,-1.5,8.0,Win,HOME,0.1434803588965057,-175.0,,1.5,8.0,0.2284266891799961,0.7194278869745441,Night,0.10_plus,minus_199_to_minus_150,1.0_to_1.9,5_to_9.9,0.20_plus,70_to_74.9,70_to_74.9,8.0_to_8.5,+1.5
a688baa4f466d96e091e81af30a03a59,baseball,mlb,2026_05_26,09:40 PM,Athletics,Seattle Mariners,run_line,home,1.5,home_run_line,-163.0,0.6828295300466333,0.1014211299389099,0.1658416640226455,False,,,final,2026-08-20T09:33:33.181698+00:00,1,4,5,,,,Loss,HOME,0.1014211299389099,-163.0,,,,0.1658416640226455,0.6828295300466333,Night,0.10_plus,minus_199_to_minus_150,UNBUCKETED,UNBUCKETED,0.15_to_0.1999,65_to_69.9,65_to_69.9,UNBUCKETED,UNBUCKETED
0bf247d0cff39f586755507c71b2d50c,baseball,mlb,2026_05_27,03:45 PM,San Francisco Giants,Arizona Diamondbacks,run_line,home,1.5,home_run_line,-156.0,0.7057566969792503,0.1543370582907354,0.2467371442668805,False,823217,1,final,2026-08-20T09:33:33.181698+00:00,2,3,5,1.5,-1.5,7.5,Win,HOME,0.1543370582907354,-156.0,,1.5,7.5,0.2467371442668805,0.7057566969792503,Day,0.10_plus,minus_199_to_minus_150,1.0_to_1.9,5_to_9.9,0.20_plus,70_to_74.9,70_to_74.9,7.5_to_8.0,+1.5
77b3529d80cffeb203543f5f2201f8ff,baseball,mlb,2026_05_27,10:10 PM,Los Angeles Dodgers,Colorado Rockies,run_line,home,-1.5,home_run_line,-178.0,0.7277335379937466,0.2262726042823682,0.2430992356226156,False,823947,1,final,2026-08-20T09:33:33.181698+00:00,4,1,5,-1.5,1.5,8.0,Win,HOME,0.2262726042823682,-178.0,,-1.5,8.0,0.2430992356226156,0.7277335379937466,Night,0.10_plus,minus_199_to_minus_150,1.0_to_1.9,5_to_9.9,0.20_plus,70_to_74.9,70_to_74.9,8.0_to_8.5,-1.5
77b3529d80cffeb203543f5f2201f8ff,baseball,mlb,2026_05_27,10:10 PM,Los Angeles Dodgers,Colorado Rockies,total,under,8.0,under_total,-103.0,0.7024999258971475,0.3795047928373744,0.3960748495712094,False,823947,1,final,2026-08-20T09:33:33.181698+00:00,4,1,5,-1.5,1.5,8.0,Win,UNDER,0.3795047928373744,-103.0,,,8.0,0.3960748495712094,0.7024999258971475,Night,0.10_plus,minus_109_to_minus_101,UNBUCKETED,5_to_9.9,0.20_plus,70_to_74.9,70_to_74.9,8.0_to_8.5,UNBUCKETED
880e1e94ed3cbd5f07937fd05887eb09,baseball,mlb,2026_05_27,06:45 PM,Boston Red Sox,Atlanta Braves,run_line,home,1.5,home_run_line,-163.0,0.6660100758806599,0.0791227033466407,0.1216064995661354,False,824756,1,final,2026-08-20T09:33:33.181698+00:00,8,0,8,1.5,-1.5,8.0,Win,HOME,0.0791227033466407,-163.0,,1.5,8.0,0.1216064995661354,0.6660100758806599,Night,0.075_to_0.0999,minus_199_to_minus_150,1.0_to_1.9,5_to_9.9,0.10_to_0.1499,65_to_69.9,65_to_69.9,8.0_to_8.5,+1.5
a9124c7ee5e65da688ee0e5e3c192445,baseball,mlb,2026_05_27,07:40 PM,Kansas City Royals,New York Yankees,total,under,9.0,under_total,-107.0,0.7502221495306799,0.4454985279723304,0.4829598495285075,False,824104,1,final,2026-08-20T09:33:33.181698+00:00,0,7,7,1.5,-1.5,9.0,Win,UNDER,0.4454985279723304,-107.0,,,9.0,0.4829598495285075,0.7502221495306799,Night,0.10_plus,minus_109_to_minus_101,UNBUCKETED,5_to_9.9,0.20_plus,75_to_79.9,75_to_79.9,9.0_to_9.5,UNBUCKETED
ded9b9a083989d5a8249364b1eb5a293,baseball,mlb,2026_05_27,07:10 PM,New York Mets,Cincinnati Reds,run_line,home,1.5,home_run_line,-185.0,0.7529533583961754,0.1972687515232371,0.2959170714290999,False,823626,1,final,2026-08-20T09:33:33.181698+00:00,4,2,6,1.5,-1.5,8.0,Win,HOME,0.1972687515232371,-185.0,,1.5,8.0,0.2959170714290999,0.7529533583961754,Night,0.10_plus,minus_199_to_minus_150,1.0_to_1.9,5_to_9.9,0.20_plus,75_to_79.9,75_to_79.9,8.0_to_8.5,+1.5
26a9e538184a6f2d2c207fd1872bd028,baseball,mlb,2026_05_28,02:10 PM,Chicago White Sox,Minnesota Twins,run_line,away,1.5,away_run_line,-172.0,0.6481807491330893,0.0502721552182189,0.043051637642003,False,824595,1,final,2026-08-20T09:33:33.181698+00:00,6,2,8,-1.5,1.5,7.5,Loss,AWAY,0.0502721552182189,-172.0,,1.5,7.5,0.043051637642003,0.6481807491330893,Day,0.05_to_0.0749,minus_199_to_minus_150,1.0_to_1.9,5_to_9.9,0.03_to_0.0499,60_to_64.9,60_to_64.9,7.5_to_8.0,+1.5
f83cd7ff929aebf58050093ee52c8a86,baseball,mlb,2026_05_28,06:35 PM,Baltimore Orioles,Toronto Blue Jays,moneyline,away,,away_moneyline,108.0,0.5356066996023617,0.090013801839579,0.1056129029378818,False,824834,1,final,2026-08-20T09:33:33.181698+00:00,1,2,3,-1.5,1.5,8.5,Win,AWAY,0.090013801839579,108.0,108.0,1.5,8.5,0.1056129029378818,0.5356066996023617,Night,0.075_to_0.0999,plus_101_to_plus_125,1.0_to_1.9,5_to_9.9,0.10_to_0.1499,50_to_54.9,50_to_54.9,8.5_to_9.0,+1.5
18e8a4acb1d40019544cfef0a5f07ef1,baseball,mlb,2026_05_29,10:15 PM,Los Angeles Dodgers,Philadelphia Phillies,run_line,home,1.5,home_run_line,-188.0,0.7470114018509351,0.1049523366416215,0.2713928373306929,False,823946,1,final,2026-08-20T09:33:33.181698+00:00,4,2,6,1.5,-1.5,8.0,Win,HOME,0.1049523366416215,-188.0,,1.5,8.0,0.2713928373306929,0.7470114018509351,Night,0.10_plus,minus_199_to_minus_150,1.0_to_1.9,5_to_9.9,0.20_plus,70_to_74.9,70_to_74.9,8.0_to_8.5,+1.5
57848c1e5cf12fb46c9c6e5c89c1022e,baseball,mlb,2026_05_29,08:05 PM,Texas Rangers,Kansas City Royals,run_line,away,1.5,away_run_line,-192.0,0.699090240536852,0.0551386297053515,0.1213435023676081,False,822894,1,final,2026-08-20T09:33:33.181698+00:00,9,1,10,-1.5,1.5,7.5,Loss,AWAY,0.0551386297053515,-192.0,,1.5,7.5,0.1213435023676081,0.699090240536852,Night,0.05_to_0.0749,minus_199_to_minus_150,1.0_to_1.9,5_to_9.9,0.10_to_0.1499,65_to_69.9,65_to_69.9,7.5_to_8.0,+1.5
6493e9132fdd464eebd5031d8ad02c41,baseball,mlb,2026_05_29,07:10 PM,New York Mets,Miami Marlins,run_line,home,1.5,home_run_line,-192.0,0.7497243441325898,0.1396946622572028,0.2691950848671626,False,823623,1,final,2026-08-20T09:33:33.181698+00:00,9,7,16,1.5,-1.5,7.5,Win,HOME,0.1396946622572028,-192.0,,1.5,7.5,0.2691950848671626,0.7497243441325898,Night,0.10_plus,minus_199_to_minus_150,1.0_to_1.9,5_to_9.9,0.20_plus,70_to_74.9,70_to_74.9,7.5_to_8.0,+1.5
ddd9481c210fa90dea318ad8e185cf22,baseball,mlb,2026_05_29,07:05 PM,Baltimore Orioles,Toronto Blue Jays,moneyline,away,,away_moneyline,108.0,0.5362122893754414,0.0801103841231404,0.1067792239823316,False,824835,1,final,2026-08-20T09:33:33.181698+00:00,5,6,11,-1.5,1.5,9.0,Win,AWAY,0.0801103841231404,108.0,108.0,1.5,9.0,0.1067792239823316,0.5362122893754414,Night,0.075_to_0.0999,plus_101_to_plus_125,1.0_to_1.9,5_to_9.9,0.10_to_0.1499,50_to_54.9,50_to_54.9,9.0_to_9.5,+1.5
63299501,baseball,mlb,2026_05_30,04:05 PM,Texas Rangers,Kansas City Royals,run_line,home,1.5,home_run_line,-196.0,0.720807571039384,0.1081776469665072,0.1735904102765764,False,822893,1,final,2026-08-20T09:33:33.181698+00:00,7,6,13,1.5,-1.5,8.0,Win,HOME,0.1081776469665072,-196.0,,1.5,8.0,0.1735904102765764,0.720807571039384,Day,0.10_plus,minus_199_to_minus_150,1.0_to_1.9,5_to_9.9,0.15_to_0.1999,70_to_74.9,70_to_74.9,8.0_to_8.5,+1.5
63299639,baseball,mlb,2026_05_30,04:05 PM,Washington Nationals,San Diego Padres,run_line,home,1.5,home_run_line,-158.0,0.6548528846293895,0.0796139578828707,0.1095204423438247,False,822731,1,final,2026-08-20T09:33:33.181698+00:00,9,4,13,1.5,-1.5,7.5,Win,HOME,0.0796139578828707,-158.0,,1.5,7.5,0.1095204423438247,0.6548528846293895,Day,0.075_to_0.0999,minus_199_to_minus_150,1.0_to_1.9,5_to_9.9,0.10_to_0.1499,65_to_69.9,65_to_69.9,7.5_to_8.0,+1.5
63299695,baseball,mlb,2026_05_30,04:10 PM,Houston Astros,Milwaukee Brewers,run_line,home,1.5,home_run_line,-172.0,0.6646913218931454,0.0886175426320544,0.0879603955493555,False,824190,1,final,2026-08-20T09:33:33.181698+00:00,9,2,11,1.5,-1.5,9.0,Win,HOME,0.0886175426320544,-172.0,,1.5,9.0,0.0879603955493555,0.6646913218931454,Day,0.075_to_0.0999,minus_199_to_minus_150,1.0_to_1.9,5_to_9.9,0.05_to_0.0999,65_to_69.9,65_to_69.9,9.0_to_9.5,+1.5
63299725,baseball,mlb,2026_05_31,01:35 PM,Washington Nationals,San Diego Padres,total,over,8.5,over_total,100.0,0.6359739278570316,0.275280347604537,0.2719478557140631,False,822729,1,final,2026-08-20T09:33:33.181698+00:00,4,2,6,1.5,-1.5,8.5,Loss,OVER,0.275280347604537,100.0,,,8.5,0.2719478557140631,0.6359739278570316,Day,0.10_plus,minus_100_to_plus_100,UNBUCKETED,5_to_9.9,0.20_plus,60_to_64.9,60_to_64.9,8.5_to_9.0,UNBUCKETED
63300573,baseball,mlb,2026_05_31,02:35 PM,Texas Rangers,Kansas City Royals,run_line,home,1.5,home_run_line,-188.0,0.7165897578530234,0.0938100782240168,0.1837785026167072,False,822895,1,final,2026-08-20T09:33:33.181698+00:00,6,3,9,1.5,-1.5,7.5,Win,HOME,0.0938100782240168,-188.0,,1.5,7.5,0.1837785026167072,0.7165897578530234,Day,0.075_to_0.0999,minus_199_to_minus_150,1.0_to_1.9,5_to_9.9,0.15_to_0.1999,70_to_74.9,70_to_74.9,7.5_to_8.0,+1.5
63299391,baseball,mlb,2026_06_01,07:40 PM,Milwaukee Brewers,San Francisco Giants,total,over,7.5,over_total,102.0,0.5072701081686503,0.0263335668031432,0.0242015867653661,False,823781,1,final,2026-08-20T09:33:33.181698+00:00,16,2,18,-1.5,1.5,7.5,Win,OVER,0.0263335668031432,102.0,,,7.5,0.0242015867653661,0.5072701081686503,Night,0.02_to_0.0299,plus_101_to_plus_125,UNBUCKETED,5_to_9.9,0.02_to_0.0299,50_to_54.9,50_to_54.9,7.5_to_8.0,UNBUCKETED
63300829,baseball,mlb,2026_06_02,09:40 PM,Arizona Diamondbacks,Los Angeles Dodgers,run_line,home,1.5,home_run_line,-163.0,0.6501510326401887,0.0444000968366234,0.0798972158436962,False,825079,1,final,2026-08-20T09:33:33.181698+00:00,5,6,11,1.5,-1.5,9.0,Win,HOME,0.0444000968366234,-163.0,,1.5,9.0,0.0798972158436962,0.6501510326401887,Night,0.04_to_0.0499,minus_199_to_minus_150,1.0_to_1.9,5_to_9.9,0.05_to_0.0999,65_to_69.9,65_to_69.9,9.0_to_9.5,+1.5
63301197,baseball,mlb,2026_06_02,07:40 PM,Minnesota Twins,Chicago White Sox,run_line,home,1.5,home_run_line,-161.0,0.6674231530143604,0.0801396508148601,0.1319744293674805,False,823700,1,final,2026-08-20T09:33:33.181698+00:00,6,4,10,1.5,-1.5,8.0,Win,HOME,0.0801396508148601,-161.0,,1.5,8.0,0.1319744293674805,0.6674231530143604,Night,0.075_to_0.0999,minus_199_to_minus_150,1.0_to_1.9,5_to_9.9,0.10_to_0.1499,65_to_69.9,65_to_69.9,8.0_to_8.5,+1.5
63302527,baseball,mlb,2026_06_02,07:15 PM,Atlanta Braves,Toronto Blue Jays,run_line,home,1.5,home_run_line,-204.0,0.7626788259699273,0.1370465511185845,0.278543630948579,False,824918,1,final,2026-08-20T09:33:33.181698+00:00,4,3,7,1.5,-1.5,7.5,Win,HOME,0.1370465511185845,-204.0,,1.5,7.5,0.278543630948579,0.7626788259699273,Night,0.10_plus,minus_200_or_lower,1.0_to_1.9,5_to_9.9,0.20_plus,75_to_79.9,75_to_79.9,7.5_to_8.0,+1.5
63301907,baseball,mlb,2026_06_03,07:10 PM,Cincinnati Reds,Kansas City Royals,run_line,away,1.5,away_run_line,-163.0,0.6677299706512492,0.0488135927276802,0.1261298228127853,False,824509,1,final,2026-08-20T09:33:33.181698+00:00,2,5,7,-1.5,1.5,8.5,Win,AWAY,0.0488135927276802,-163.0,,1.5,8.5,0.1261298228127853,0.6677299706512492,Night,0.04_to_0.0499,minus_199_to_minus_150,1.0_to_1.9,5_to_9.9,0.10_to_0.1499,65_to_69.9,65_to_69.9,8.5_to_9.0,+1.5
63302343,baseball,mlb,2026_06_03,07:45 PM,St Louis Cardinals,Texas Rangers,run_line,home,1.5,home_run_line,-188.0,0.682628576705816,0.0408733279086733,0.08597030091275,False,,,final,2026-08-20T09:33:33.181698+00:00,5,3,8,,,,Win,HOME,0.0408733279086733,-188.0,,,,0.08597030091275,0.682628576705816,Night,0.04_to_0.0499,minus_199_to_minus_150,UNBUCKETED,UNBUCKETED,0.05_to_0.0999,65_to_69.9,65_to_69.9,UNBUCKETED,UNBUCKETED
63303087,baseball,mlb,2026_06_03,03:40 PM,Seattle Mariners,New York Mets,run_line,away,1.5,away_run_line,-188.0,0.6724050305233469,0.0338617919128339,0.056526487907239,False,823130,1,final,2026-08-20T09:33:33.181698+00:00,1,7,8,-1.5,1.5,7.0,Win,AWAY,0.0338617919128339,-188.0,,1.5,7.0,0.056526487907239,0.6724050305233469,Day,0.03_to_0.0399,minus_199_to_minus_150,1.0_to_1.9,5_to_9.9,0.05_to_0.0999,65_to_69.9,65_to_69.9,7.0_to_7.5,+1.5
63301717,baseball,mlb,2026_06_04,01:35 PM,Boston Red Sox,Baltimore Orioles,run_line,home,1.5,home_run_line,-181.0,0.7429924656207475,0.1138519627715593,0.2778088283943004,False,824753,1,final,2026-08-20T09:33:33.181698+00:00,2,8,10,1.5,-1.5,10.5,Loss,HOME,0.1138519627715593,-181.0,,1.5,10.5,0.2778088283943004,0.7429924656207475,Day,0.10_plus,minus_199_to_minus_150,1.0_to_1.9,10_to_14.9,0.20_plus,70_to_74.9,70_to_74.9,10.5_to_11.0,+1.5
63301717,baseball,mlb,2026_06_04,01:35 PM,Boston Red Sox,Baltimore Orioles,total,under,10.5,under_total,-117.0,0.723619729271174,0.3351613883172046,0.4002548125184476,False,824753,1,final,2026-08-20T09:33:33.181698+00:00,2,8,10,1.5,-1.5,10.5,Win,UNDER,0.3351613883172046,-117.0,,,10.5,0.4002548125184476,0.723619729271174,Day,0.10_plus,minus_124_to_minus_110,UNBUCKETED,10_to_14.9,0.20_plus,70_to_74.9,70_to_74.9,10.5_to_11.0,UNBUCKETED
63303517,baseball,mlb,2026_06_04,07:40 PM,Minnesota Twins,Kansas City Royals,run_line,home,1.5,home_run_line,-163.0,0.7015295202439769,0.1746490845381685,0.2150226382416591,False,823698,1,final,2026-08-20T09:33:33.181698+00:00,6,8,14,1.5,-1.5,9.0,Loss,HOME,0.1746490845381685,-163.0,,1.5,9.0,0.2150226382416591,0.7015295202439769,Night,0.10_plus,minus_199_to_minus_150,1.0_to_1.9,5_to_9.9,0.20_plus,70_to_74.9,70_to_74.9,9.0_to_9.5,+1.5
63300949,baseball,mlb,2026_06_05,08:40 PM,Colorado Rockies,Milwaukee Brewers,total,under,12.0,under_total,-112.0,0.7182906955383188,0.3392415961933448,0.4027762745412358,False,824350,1,final,2026-08-20T09:33:33.181698+00:00,7,9,16,1.5,-1.5,12.0,Loss,UNDER,0.3392415961933448,-112.0,,,12.0,0.4027762745412358,0.7182906955383188,Night,0.10_plus,minus_124_to_minus_110,UNBUCKETED,10_to_14.9,0.20_plus,70_to_74.9,70_to_74.9,12.0_to_12.5,UNBUCKETED
63303571,baseball,mlb,2026_06_05,08:10 PM,Houston Astros,Athletics,run_line,home,1.5,home_run_line,-181.0,0.7118895092750883,0.1172567415326571,0.190409521062998,False,,,final,2026-08-20T09:33:33.181698+00:00,5,1,6,,,,Win,HOME,0.1172567415326571,-181.0,,,,0.190409521062998,0.7118895092750883,Night,0.10_plus,minus_199_to_minus_150,UNBUCKETED,UNBUCKETED,0.15_to_0.1999,70_to_74.9,70_to_74.9,UNBUCKETED,UNBUCKETED
63303813,baseball,mlb,2026_06_05,09:40 PM,Arizona Diamondbacks,Washington Nationals,moneyline,away,,away_moneyline,112.0,0.4791742895475057,0.0792803605073788,0.01415133378635,False,825073,1,final,2026-08-20T09:33:33.181698+00:00,1,14,15,-1.5,1.5,9.0,Win,AWAY,0.0792803605073788,112.0,112.0,1.5,9.0,0.01415133378635,0.4791742895475057,Night,0.075_to_0.0999,plus_101_to_plus_125,1.0_to_1.9,5_to_9.9,0.01_to_0.0199,<50,<50,9.0_to_9.5,+1.5
63301995,baseball,mlb,2026_06_06,04:10 PM,Atlanta Braves,Pittsburgh Pirates,run_line,home,1.5,home_run_line,-178.0,0.7400698559460017,0.1424282601603597,0.2773941995298848,False,824915,1,final,2026-08-20T09:33:33.181698+00:00,6,3,9,1.5,-1.5,8.5,Win,HOME,0.1424282601603597,-178.0,,1.5,8.5,0.2773941995298848,0.7400698559460017,Day,0.10_plus,minus_199_to_minus_150,1.0_to_1.9,5_to_9.9,0.20_plus,70_to_74.9,70_to_74.9,8.5_to_9.0,+1.5
63302467,baseball,mlb,2026_06_06,10:10 PM,Los Angeles Dodgers,Los Angeles Angels,run_line,home,-1.5,home_run_line,-163.0,0.7010757693877915,0.1988019144791426,0.2138292734898915,False,823942,1,final,2026-08-20T09:33:33.181698+00:00,9,2,11,-1.5,1.5,8.5,Win,HOME,0.1988019144791426,-163.0,,-1.5,8.5,0.2138292734898915,0.7010757693877915,Night,0.10_plus,minus_199_to_minus_150,1.0_to_1.9,5_to_9.9,0.20_plus,70_to_74.9,70_to_74.9,8.5_to_9.0,-1.5
63302719,baseball,mlb,2026_06_06,04:10 PM,Arizona Diamondbacks,Washington Nationals,run_line,away,1.5,away_run_line,-151.0,0.6081355763288043,-0.0088978536226865,0.0164202965852989,False,825075,1,final,2026-08-20T09:33:33.181698+00:00,1,6,7,-1.5,1.5,9.0,Win,AWAY,-0.0088978536226865,-151.0,,1.5,9.0,0.0164202965852989,0.6081355763288043,Day,<0,minus_199_to_minus_150,1.0_to_1.9,5_to_9.9,0.01_to_0.0199,60_to_64.9,60_to_64.9,9.0_to_9.5,+1.5
63303447,baseball,mlb,2026_06_06,02:15 PM,St Louis Cardinals,Cincinnati Reds,run_line,away,1.5,away_run_line,-188.0,0.6679594457428317,0.002158667710059,0.0437232037393554,False,,,final,2026-08-20T09:33:33.181698+00:00,6,5,11,,,,Win,AWAY,0.002158667710059,-188.0,,,,0.0437232037393554,0.6679594457428317,Day,0.00_to_0.0099,minus_199_to_minus_150,UNBUCKETED,UNBUCKETED,0.03_to_0.0499,65_to_69.9,65_to_69.9,UNBUCKETED,UNBUCKETED
63303473,baseball,mlb,2026_06_06,03:07 PM,Toronto Blue Jays,Baltimore Orioles,run_line,home,1.5,home_run_line,-185.0,0.7195094926030348,0.0947610759920626,0.200602053918649,False,822808,1,final,2026-08-20T09:33:33.181698+00:00,6,4,10,1.5,-1.5,8.0,Win,HOME,0.0947610759920626,-185.0,,1.5,8.0,0.200602053918649,0.7195094926030348,Day,0.075_to_0.0999,minus_199_to_minus_150,1.0_to_1.9,5_to_9.9,0.20_plus,70_to_74.9,70_to_74.9,8.0_to_8.5,+1.5
63303689,baseball,mlb,2026_06_06,09:10 PM,Colorado Rockies,Milwaukee Brewers,total,under,10.5,under_total,-112.0,0.7271065547389339,0.3499463422154256,0.4214658960465399,False,824351,1,final,2026-08-20T09:33:33.181698+00:00,1,7,8,1.5,-1.5,10.5,Win,UNDER,0.3499463422154256,-112.0,,,10.5,0.4214658960465399,0.7271065547389339,Night,0.10_plus,minus_124_to_minus_110,UNBUCKETED,10_to_14.9,0.20_plus,70_to_74.9,70_to_74.9,10.5_to_11.0,UNBUCKETED
63299429,baseball,mlb,2026_06_07,01:35 PM,New York Yankees,Boston Red Sox,total,under,8.0,under_total,-106.0,0.7432442388757814,0.4416097456894176,0.4710831320841097,False,823537,1,final,2026-08-20T09:33:33.181698+00:00,6,1,7,-1.5,1.5,8.0,Win,UNDER,0.4416097456894176,-106.0,,,8.0,0.4710831320841097,0.7432442388757814,Day,0.10_plus,minus_109_to_minus_101,UNBUCKETED,5_to_9.9,0.20_plus,70_to_74.9,70_to_74.9,8.0_to_8.5,UNBUCKETED
63301451,baseball,mlb,2026_06_07,01:40 PM,Miami Marlins,Tampa Bay Rays,run_line,home,1.5,home_run_line,-175.0,0.7115865897626434,0.1346297870873284,0.2068631218472694,False,823857,1,final,2026-08-20T09:33:33.181698+00:00,4,1,5,1.5,-1.5,8.5,Win,HOME,0.1346297870873284,-175.0,,1.5,8.5,0.2068631218472694,0.7115865897626434,Day,0.10_plus,minus_199_to_minus_150,1.0_to_1.9,5_to_9.9,0.20_plus,70_to_74.9,70_to_74.9,8.5_to_9.0,+1.5
63301753,baseball,mlb,2026_06_07,03:10 PM,Colorado Rockies,Milwaukee Brewers,total,under,12.5,under_total,-116.0,0.7820373327949541,0.432860136364533,0.5292006388371008,False,824349,1,final,2026-08-20T09:33:33.181698+00:00,4,12,16,1.5,-1.5,12.5,Loss,UNDER,0.432860136364533,-116.0,,,12.5,0.5292006388371008,0.7820373327949541,Day,0.10_plus,minus_124_to_minus_110,UNBUCKETED,10_to_14.9,0.20_plus,75_to_79.9,75_to_79.9,12.5_to_13.0,UNBUCKETED
63301789,baseball,mlb,2026_06_07,02:10 PM,Houston Astros,Athletics,run_line,home,1.5,home_run_line,-169.0,0.6619599877661986,0.042392554886237,0.0906723670910741,False,,,final,2026-08-20T09:33:33.181698+00:00,0,5,5,,,,Loss,HOME,0.042392554886237,-169.0,,,,0.0906723670910741,0.6619599877661986,Day,0.04_to_0.0499,minus_199_to_minus_150,UNBUCKETED,UNBUCKETED,0.05_to_0.0999,65_to_69.9,65_to_69.9,UNBUCKETED,UNBUCKETED
63302133,baseball,mlb,2026_06_07,02:10 PM,Minnesota Twins,Kansas City Royals,run_line,home,1.5,home_run_line,-172.0,0.6571582787135659,0.0219561120741663,0.0674705181008994,False,823696,1,final,2026-08-20T09:33:33.181698+00:00,5,6,11,1.5,-1.5,9.0,Win,HOME,0.0219561120741663,-172.0,,1.5,9.0,0.0674705181008994,0.6571582787135659,Day,0.02_to_0.0299,minus_199_to_minus_150,1.0_to_1.9,5_to_9.9,0.05_to_0.0999,65_to_69.9,65_to_69.9,9.0_to_9.5,+1.5
63302133,baseball,mlb,2026_06_07,02:10 PM,Minnesota Twins,Kansas City Royals,total,under,9.0,under_total,-111.0,0.7393161970452532,0.3999963769043744,0.4499571757654843,False,823696,1,final,2026-08-20T09:33:33.181698+00:00,5,6,11,1.5,-1.5,9.0,Loss,UNDER,0.3999963769043744,-111.0,,,9.0,0.4499571757654843,0.7393161970452532,Day,0.10_plus,minus_124_to_minus_110,UNBUCKETED,5_to_9.9,0.20_plus,70_to_74.9,70_to_74.9,9.0_to_9.5,UNBUCKETED
63303593,baseball,mlb,2026_06_07,08:30 PM,Chicago Cubs,San Francisco Giants,run_line,home,1.5,home_run_line,-212.0,0.800580287413792,0.1397137873469224,0.377810496731031,False,824670,1,final,2026-08-20T09:33:33.181698+00:00,1,2,3,1.5,-1.5,8.0,Win,HOME,0.1397137873469224,-212.0,,1.5,8.0,0.377810496731031,0.800580287413792,Night,0.10_plus,minus_200_or_lower,1.0_to_1.9,5_to_9.9,0.20_plus,80_plus,80_plus,8.0_to_8.5,+1.5
63299157,baseball,mlb,2026_06_08,10:05 PM,Athletics,Milwaukee Brewers,total,under,11.0,under_total,-111.0,0.7034851719439582,0.3365314599758383,0.3743537128017519,False,,,final,2026-08-20T09:33:33.181698+00:00,14,15,29,,,,Loss,UNDER,0.3365314599758383,-111.0,,,,0.3743537128017519,0.7034851719439582,Night,0.10_plus,minus_124_to_minus_110,UNBUCKETED,UNBUCKETED,0.20_plus,70_to_74.9,70_to_74.9,UNBUCKETED,UNBUCKETED
63302861,baseball,mlb,2026_06_08,09:38 PM,Los Angeles Angels,Houston Astros,moneyline,away,,away_moneyline,-131.0,0.6028282745893699,0.0851025300011025,0.0825333143014444,False,824025,1,final,2026-08-20T09:33:33.181698+00:00,4,5,9,1.5,-1.5,9.0,Win,AWAY,0.0851025300011025,-131.0,-131.0,-1.5,9.0,0.0825333143014444,0.6028282745893699,Night,0.075_to_0.0999,minus_149_to_minus_125,1.0_to_1.9,5_to_9.9,0.05_to_0.0999,60_to_64.9,60_to_64.9,9.0_to_9.5,-1.5
63302877,baseball,mlb,2026_06_08,09:45 PM,San Francisco Giants,Washington Nationals,run_line,away,1.5,away_run_line,-151.0,0.6071873084880602,-0.029051891188721,0.0140401443050312,False,823218,1,final,2026-08-20T09:33:33.181698+00:00,3,4,7,-1.5,1.5,8.0,Win,AWAY,-0.029051891188721,-151.0,,1.5,8.0,0.0140401443050312,0.6071873084880602,Night,<0,minus_199_to_minus_150,1.0_to_1.9,5_to_9.9,0.01_to_0.0199,60_to_64.9,60_to_64.9,8.0_to_8.5,+1.5
63302909,baseball,mlb,2026_06_08,06:40 PM,Tampa Bay Rays,Boston Red Sox,run_line,home,1.5,home_run_line,-175.0,0.7086184871302685,0.1326949591412155,0.1987008396082384,False,822972,1,final,2026-08-20T09:33:33.181698+00:00,3,1,4,1.5,-1.5,8.0,Win,HOME,0.1326949591412155,-175.0,,1.5,8.0,0.1987008396082384,0.7086184871302685,Night,0.10_plus,minus_199_to_minus_150,1.0_to_1.9,5_to_9.9,0.15_to_0.1999,70_to_74.9,70_to_74.9,8.0_to_8.5,+1.5
63303263,baseball,mlb,2026_06_08,06:40 PM,Cleveland Guardians,New York Yankees,run_line,home,1.5,home_run_line,-204.0,0.7696066723982095,0.1643259562535408,0.2996042840905568,False,824427,1,final,2026-08-20T09:33:33.181698+00:00,5,7,12,1.5,-1.5,7.5,Loss,HOME,0.1643259562535408,-204.0,,1.5,7.5,0.2996042840905568,0.7696066723982095,Night,0.10_plus,minus_200_or_lower,1.0_to_1.9,5_to_9.9,0.20_plus,75_to_79.9,75_to_79.9,7.5_to_8.0,+1.5
63301141,baseball,mlb,2026_06_09,10:05 PM,Athletics,Milwaukee Brewers,total,under,13.0,under_total,-113.0,0.7137450004571244,0.3443044013673479,0.3902768509736748,False,,,final,2026-08-20T09:33:33.181698+00:00,7,5,12,,,,Win,UNDER,0.3443044013673479,-113.0,,,,0.3902768509736748,0.7137450004571244,Night,0.10_plus,minus_124_to_minus_110,UNBUCKETED,UNBUCKETED,0.20_plus,70_to_74.9,70_to_74.9,UNBUCKETED,UNBUCKETED
63302797,baseball,mlb,2026_06_09,06:40 PM,Pittsburgh Pirates,Los Angeles Dodgers,run_line,home,1.5,home_run_line,-188.0,0.7185049758793561,0.1247912514653019,0.1892943305325456,False,823374,1,final,2026-08-20T09:33:33.181698+00:00,3,12,15,1.5,-1.5,8.5,Loss,HOME,0.1247912514653019,-188.0,,1.5,8.5,0.1892943305325456,0.7185049758793561,Night,0.10_plus,minus_199_to_minus_150,1.0_to_1.9,5_to_9.9,0.15_to_0.1999,70_to_74.9,70_to_74.9,8.5_to_9.0,+1.5
63303449,baseball,mlb,2026_06_09,09:38 PM,Los Angeles Angels,Houston Astros,run_line,home,1.5,home_run_line,-163.0,0.6679854832139828,0.1108052836860922,0.1268018208527746,False,824023,1,final,2026-08-20T09:33:33.181698+00:00,10,1,11,1.5,-1.5,8.5,Win,HOME,0.1108052836860922,-163.0,,1.5,8.5,0.1268018208527746,0.6679854832139828,Night,0.10_plus,minus_199_to_minus_150,1.0_to_1.9,5_to_9.9,0.10_to_0.1499,65_to_69.9,65_to_69.9,8.5_to_9.0,+1.5
63303449,baseball,mlb,2026_06_09,09:38 PM,Los Angeles Angels,Houston Astros,moneyline,home,,home_moneyline,104.0,0.5032597691840454,0.059662684691008,0.025624931861012,False,824023,1,final,2026-08-20T09:33:33.181698+00:00,10,1,11,1.5,-1.5,8.5,Win,HOME,0.059662684691008,104.0,104.0,1.5,8.5,0.025624931861012,0.5032597691840454,Night,0.05_to_0.0749,plus_101_to_plus_125,1.0_to_1.9,5_to_9.9,0.02_to_0.0299,50_to_54.9,50_to_54.9,8.5_to_9.0,+1.5
63301019,baseball,mlb,2026_06_10,06:40 PM,Miami Marlins,Arizona Diamondbacks,run_line,home,1.5,home_run_line,-181.0,0.7084093537075953,0.1143735147492376,0.1806302839183426,False,823856,1,final,2026-08-20T09:33:33.181698+00:00,8,0,8,1.5,-1.5,8.0,Win,HOME,0.1143735147492376,-181.0,,1.5,8.0,0.1806302839183426,0.7084093537075953,Night,0.10_plus,minus_199_to_minus_150,1.0_to_1.9,5_to_9.9,0.15_to_0.1999,70_to_74.9,70_to_74.9,8.0_to_8.5,+1.5
63303615,baseball,mlb,2026_06_10,01:10 PM,Cleveland Guardians,New York Yankees,run_line,home,1.5,home_run_line,-208.0,0.7284963748299202,0.0898366610195186,0.1637688344761544,False,824428,1,final,2026-08-20T09:33:33.181698+00:00,4,8,12,1.5,-1.5,8.0,Loss,HOME,0.0898366610195186,-208.0,,1.5,8.0,0.1637688344761544,0.7284963748299202,Day,0.075_to_0.0999,minus_200_or_lower,1.0_to_1.9,5_to_9.9,0.15_to_0.1999,70_to_74.9,70_to_74.9,8.0_to_8.5,+1.5
63302121,baseball,mlb,2026_06_11,07:05 PM,Baltimore Orioles,Seattle Mariners,run_line,home,1.5,home_run_line,-172.0,0.6611675397956955,0.0449822944572757,0.078375708244292,False,824827,1,final,2026-08-20T09:33:33.181698+00:00,7,5,12,1.5,-1.5,8.5,Win,HOME,0.0449822944572757,-172.0,,1.5,8.5,0.078375708244292,0.6611675397956955,Night,0.04_to_0.0499,minus_199_to_minus_150,1.0_to_1.9,5_to_9.9,0.05_to_0.0999,65_to_69.9,65_to_69.9,8.5_to_9.0,+1.5
63303779,baseball,mlb,2026_06_11,03:10 PM,Colorado Rockies,Chicago Cubs,total,under,11.0,under_total,-105.0,0.7047592250460837,0.3629901424221091,0.3947564113444715,False,824346,1,final,2026-08-20T09:33:33.181698+00:00,3,9,12,1.5,-1.5,11.0,Loss,UNDER,0.3629901424221091,-105.0,,,11.0,0.3947564113444715,0.7047592250460837,Day,0.10_plus,minus_109_to_minus_101,UNBUCKETED,10_to_14.9,0.20_plus,70_to_74.9,70_to_74.9,11.0_to_11.5,UNBUCKETED
63299233,baseball,mlb,2026_06_12,08:30 PM,New York Mets,Atlanta Braves,run_line,home,1.5,home_run_line,-196.0,0.7592189744595598,0.1496298607484507,0.2872881644002968,False,823617,1,final,2026-08-20T09:33:33.181698+00:00,7,5,12,1.5,-1.5,8.0,Win,HOME,0.1496298607484507,-196.0,,1.5,8.0,0.2872881644002968,0.7592189744595598,Night,0.10_plus,minus_199_to_minus_150,1.0_to_1.9,5_to_9.9,0.20_plus,75_to_79.9,75_to_79.9,8.0_to_8.5,+1.5
63302575,baseball,mlb,2026_06_12,07:10 PM,Cleveland Guardians,Detroit Tigers,run_line,home,1.5,home_run_line,-192.0,0.8409470010240969,0.2809895418352588,0.5355652429903632,False,824425,1,final,2026-08-20T09:33:33.181698+00:00,3,2,5,1.5,-1.5,8.5,Win,HOME,0.2809895418352588,-192.0,,1.5,8.5,0.5355652429903632,0.8409470010240969,Night,0.10_plus,minus_199_to_minus_150,1.0_to_1.9,5_to_9.9,0.20_plus,80_plus,80_plus,8.5_to_9.0,+1.5
63301585,baseball,mlb,2026_06_13,04:05 PM,Pittsburgh Pirates,Miami Marlins,run_line,home,1.5,home_run_line,-196.0,0.7369483779562003,0.1020591150086833,0.2213671987503527,False,823369,1,final,2026-08-20T09:33:33.181698+00:00,3,2,5,1.5,-1.5,9.0,Win,HOME,0.1020591150086833,-196.0,,1.5,9.0,0.2213671987503527,0.7369483779562003,Day,0.10_plus,minus_199_to_minus_150,1.0_to_1.9,5_to_9.9,0.20_plus,70_to_74.9,70_to_74.9,9.0_to_9.5,+1.5
63302453,baseball,mlb,2026_06_13,04:10 PM,Cincinnati Reds,Arizona Diamondbacks,moneyline,home,,home_moneyline,124.0,0.4819417314326088,0.0623955672979327,0.0641528051685837,False,824508,1,final,2026-08-20T09:33:33.181698+00:00,2,1,3,1.5,-1.5,9.5,Win,HOME,0.0623955672979327,124.0,124.0,1.5,9.5,0.0641528051685837,0.4819417314326088,Day,0.05_to_0.0749,plus_101_to_plus_125,1.0_to_1.9,5_to_9.9,0.05_to_0.0999,<50,<50,9.5_to_10.0,+1.5
63299225,baseball,mlb,2026_06_14,01:40 PM,New York Mets,Atlanta Braves,run_line,home,1.5,home_run_line,-192.0,0.7145950675738683,0.0961787097130359,0.1666175973156957,False,823615,1,final,2026-08-20T09:33:33.181698+00:00,8,1,9,1.5,-1.5,8.5,Win,HOME,0.0961787097130359,-192.0,,1.5,8.5,0.1666175973156957,0.7145950675738683,Day,0.075_to_0.0999,minus_199_to_minus_150,1.0_to_1.9,5_to_9.9,0.15_to_0.1999,70_to_74.9,70_to_74.9,8.5_to_9.0,+1.5
63302635,baseball,mlb,2026_06_14,01:40 PM,Cincinnati Reds,Arizona Diamondbacks,run_line,home,1.5,home_run_line,-169.0,0.7056615214666685,0.142181139823014,0.2082294927453381,False,824506,1,final,2026-08-20T09:33:33.181698+00:00,3,5,8,1.5,-1.5,9.5,Loss,HOME,0.142181139823014,-169.0,,1.5,9.5,0.2082294927453381,0.7056615214666685,Day,0.10_plus,minus_199_to_minus_150,1.0_to_1.9,5_to_9.9,0.20_plus,70_to_74.9,70_to_74.9,9.5_to_10.0,+1.5
63302869,baseball,mlb,2026_06_14,02:10 PM,Milwaukee Brewers,Philadelphia Phillies,run_line,home,1.5,home_run_line,-175.0,0.7025119496434598,0.1028686383286113,0.1819078615195143,False,823777,1,final,2026-08-20T09:33:33.181698+00:00,4,0,4,1.5,-1.5,7.0,Win,HOME,0.1028686383286113,-175.0,,1.5,7.0,0.1819078615195143,0.7025119496434598,Day,0.10_plus,minus_199_to_minus_150,1.0_to_1.9,5_to_9.9,0.15_to_0.1999,70_to_74.9,70_to_74.9,7.0_to_7.5,+1.5
63299361,baseball,mlb,2026_06_15,08:10 PM,Houston Astros,Detroit Tigers,run_line,away,1.5,away_run_line,-188.0,0.6677974082977433,0.0575088401346043,0.0432565358975006,False,824181,1,final,2026-08-20T09:33:33.181698+00:00,3,9,12,-1.5,1.5,9.0,Win,AWAY,0.0575088401346043,-188.0,,1.5,9.0,0.0432565358975006,0.6677974082977433,Night,0.05_to_0.0749,minus_199_to_minus_150,1.0_to_1.9,5_to_9.9,0.03_to_0.0499,65_to_69.9,65_to_69.9,9.0_to_9.5,+1.5
63299361,baseball,mlb,2026_06_15,08:10 PM,Houston Astros,Detroit Tigers,moneyline,away,,away_moneyline,108.0,0.505651937375325,0.0862560741851204,0.0479222497598852,False,824181,1,final,2026-08-20T09:33:33.181698+00:00,3,9,12,-1.5,1.5,9.0,Win,AWAY,0.0862560741851204,108.0,108.0,1.5,9.0,0.0479222497598852,0.505651937375325,Night,0.075_to_0.0999,plus_101_to_plus_125,1.0_to_1.9,5_to_9.9,0.03_to_0.0499,50_to_54.9,50_to_54.9,9.0_to_9.5,+1.5
63300953,baseball,mlb,2026_06_15,08:05 PM,Chicago Cubs,Colorado Rockies,moneyline,home,,home_moneyline,-208.0,0.6794162053346754,0.0523539895233547,0.0126019124308003,False,824666,1,final,2026-08-20T09:33:33.181698+00:00,5,4,9,-1.5,1.5,9.5,Win,HOME,0.0523539895233547,-208.0,-208.0,-1.5,9.5,0.0126019124308003,0.6794162053346754,Night,0.05_to_0.0749,minus_200_or_lower,1.0_to_1.9,5_to_9.9,0.01_to_0.0199,65_to_69.9,65_to_69.9,9.5_to_10.0,-1.5
63301387,baseball,mlb,2026_06_15,09:40 PM,Athletics,Pittsburgh Pirates,run_line,away,1.5,away_run_line,-181.0,0.6462959561569945,0.008915545194008,0.0060916368011545,False,,,final,2026-08-20T09:33:33.181698+00:00,11,2,13,,,,Loss,AWAY,0.008915545194008,-181.0,,,,0.0060916368011545,0.6462959561569945,Night,0.00_to_0.0099,minus_199_to_minus_150,UNBUCKETED,UNBUCKETED,0.001_to_0.0099,60_to_64.9,60_to_64.9,UNBUCKETED,UNBUCKETED
63301751,baseball,mlb,2026_06_15,07:45 PM,St Louis Cardinals,San Diego Padres,run_line,away,1.5,away_run_line,-169.0,0.6511407016848534,0.035753279933616,0.0615684875322554,False,,,final,2026-08-20T09:33:33.181698+00:00,3,0,3,,,,Loss,AWAY,0.035753279933616,-169.0,,,,0.0615684875322554,0.6511407016848534,Night,0.03_to_0.0399,minus_199_to_minus_150,UNBUCKETED,UNBUCKETED,0.05_to_0.0999,65_to_69.9,65_to_69.9,UNBUCKETED,UNBUCKETED
63303721,baseball,mlb,2026_06_15,08:05 PM,Texas Rangers,Minnesota Twins,run_line,away,1.5,away_run_line,-156.0,0.6286438529030615,-0.0060959849795914,0.0493282634318372,False,822887,1,final,2026-08-20T09:33:33.181698+00:00,2,4,6,-1.5,1.5,8.0,Win,AWAY,-0.0060959849795914,-156.0,,1.5,8.0,0.0493282634318372,0.6286438529030615,Night,<0,minus_199_to_minus_150,1.0_to_1.9,5_to_9.9,0.03_to_0.0499,60_to_64.9,60_to_64.9,8.0_to_8.5,+1.5
63301883,baseball,mlb,2026_06_16,07:10 PM,Cincinnati Reds,New York Mets,run_line,home,1.5,home_run_line,-156.0,0.6895255411518035,0.1222893820610792,0.2051853853486169,False,824504,1,final,2026-08-20T09:33:33.181698+00:00,5,3,8,1.5,-1.5,9.5,Win,HOME,0.1222893820610792,-156.0,,1.5,9.5,0.2051853853486169,0.6895255411518035,Night,0.10_plus,minus_199_to_minus_150,1.0_to_1.9,5_to_9.9,0.20_plus,65_to_69.9,65_to_69.9,9.5_to_10.0,+1.5
63301883,baseball,mlb,2026_06_16,07:10 PM,Cincinnati Reds,New York Mets,moneyline,home,,home_moneyline,104.0,0.5252525252525252,0.0622754404040401,0.0687645687645686,False,824504,1,final,2026-08-20T09:33:33.181698+00:00,5,3,8,1.5,-1.5,9.5,Win,HOME,0.0622754404040401,104.0,104.0,1.5,9.5,0.0687645687645686,0.5252525252525252,Night,0.05_to_0.0749,plus_101_to_plus_125,1.0_to_1.9,5_to_9.9,0.05_to_0.0999,50_to_54.9,50_to_54.9,9.5_to_10.0,+1.5
63301927,baseball,mlb,2026_06_16,06:45 PM,Boston Red Sox,Toronto Blue Jays,run_line,home,1.5,home_run_line,-172.0,0.7535153212144424,0.2017888909127617,0.3295616737032835,False,824750,1,final,2026-08-20T09:33:33.181698+00:00,1,6,7,1.5,-1.5,7.5,Loss,HOME,0.2017888909127617,-172.0,,1.5,7.5,0.3295616737032835,0.7535153212144424,Night,0.10_plus,minus_199_to_minus_150,1.0_to_1.9,5_to_9.9,0.20_plus,75_to_79.9,75_to_79.9,7.5_to_8.0,+1.5
63302605,baseball,mlb,2026_06_16,07:45 PM,St Louis Cardinals,San Diego Padres,total,over,8.5,over_total,104.0,0.5742417129193875,0.1684805241289284,0.1648587445726447,False,,,final,2026-08-20T09:33:33.181698+00:00,3,2,5,,,,Loss,OVER,0.1684805241289284,104.0,,,,0.1648587445726447,0.5742417129193875,Night,0.10_plus,plus_101_to_plus_125,UNBUCKETED,UNBUCKETED,0.15_to_0.1999,55_to_59.9,55_to_59.9,UNBUCKETED,UNBUCKETED
63303259,baseball,mlb,2026_06_16,09:40 PM,Arizona Diamondbacks,Los Angeles Angels,run_line,home,1.5,home_run_line,-181.0,0.7673986419891564,0.1077151700371863,0.3463901839895295,False,825070,1,final,2026-08-20T09:33:33.181698+00:00,0,7,7,1.5,-1.5,8.5,Loss,HOME,0.1077151700371863,-181.0,,1.5,8.5,0.3463901839895295,0.7673986419891564,Night,0.10_plus,minus_199_to_minus_150,1.0_to_1.9,5_to_9.9,0.20_plus,75_to_79.9,75_to_79.9,8.5_to_9.0,+1.5
63303487,baseball,mlb,2026_06_16,09:40 PM,Athletics,Pittsburgh Pirates,run_line,away,1.5,away_run_line,-169.0,0.6876833793028745,0.0668132881605911,0.1598682903247322,False,,,final,2026-08-20T09:33:33.181698+00:00,5,6,11,,,,Win,AWAY,0.0668132881605911,-169.0,,,,0.1598682903247322,0.6876833793028745,Night,0.05_to_0.0749,minus_199_to_minus_150,UNBUCKETED,UNBUCKETED,0.15_to_0.1999,65_to_69.9,65_to_69.9,UNBUCKETED,UNBUCKETED
63303733,baseball,mlb,2026_06_16,10:10 PM,Los Angeles Dodgers,Tampa Bay Rays,total,under,8.5,under_total,-123.0,0.7407475487061659,0.3373861015013626,0.4218670336147498,False,823939,1,final,2026-08-20T09:33:33.181698+00:00,1,0,1,-1.5,1.5,8.5,Win,UNDER,0.3373861015013626,-123.0,,,8.5,0.4218670336147498,0.7407475487061659,Night,0.10_plus,minus_124_to_minus_110,UNBUCKETED,5_to_9.9,0.20_plus,70_to_74.9,70_to_74.9,8.5_to_9.0,UNBUCKETED
63299187,baseball,mlb,2026_06_17,02:10 PM,Houston Astros,Detroit Tigers,run_line,home,1.5,home_run_line,-175.0,0.6979861353082809,0.0999186221511081,0.1694618720977724,False,824178,1,final,2026-08-20T09:33:33.181698+00:00,4,2,6,1.5,-1.5,8.5,Win,HOME,0.0999186221511081,-175.0,,1.5,8.5,0.1694618720977724,0.6979861353082809,Day,0.075_to_0.0999,minus_199_to_minus_150,1.0_to_1.9,5_to_9.9,0.15_to_0.1999,65_to_69.9,65_to_69.9,8.5_to_9.0,+1.5
63301219,baseball,mlb,2026_06_18,02:10 PM,Milwaukee Brewers,Cleveland Guardians,moneyline,away,,away_moneyline,124.0,0.4819417314326088,0.0931994784090437,0.0641528051685837,False,823772,1,final,2026-08-03T19:17:32.328250+00:00,2,4,6,-1.5,1.5,7.5,Win,AWAY,0.0931994784090437,124.0,124.0,1.5,7.5,0.0641528051685837,0.4819417314326088,Day,0.075_to_0.0999,plus_101_to_plus_125,1.0_to_1.9,5_to_9.9,0.05_to_0.0999,<50,<50,7.5_to_8.0,+1.5
63301439,baseball,mlb,2026_06_18,07:40 PM,Kansas City Royals,St Louis Cardinals,run_line,home,1.5,home_run_line,-204.0,0.7329732514203736,0.1065738648617331,0.1882386843179359,False,,,final,2026-08-03T19:17:32.328250+00:00,14,6,20,,,,Win,HOME,0.1065738648617331,-204.0,,,,0.1882386843179359,0.7329732514203736,Night,0.10_plus,minus_200_or_lower,UNBUCKETED,UNBUCKETED,0.15_to_0.1999,70_to_74.9,70_to_74.9,UNBUCKETED,UNBUCKETED
63302829,baseball,mlb,2026_06_18,09:40 PM,Athletics,Los Angeles Angels,run_line,away,1.5,away_run_line,-175.0,0.6392344107587163,0.0045112169065542,0.0078946295864698,False,,,final,2026-08-03T19:17:32.328250+00:00,5,0,5,,,,Loss,AWAY,0.0045112169065542,-175.0,,,,0.0078946295864698,0.6392344107587163,Night,0.00_to_0.0099,minus_199_to_minus_150,UNBUCKETED,UNBUCKETED,0.001_to_0.0099,60_to_64.9,60_to_64.9,UNBUCKETED,UNBUCKETED
63301421,baseball,mlb,2026_06_19,08:15 PM,Kansas City Royals,St Louis Cardinals,run_line,home,1.5,home_run_line,-156.0,0.6923093050323341,0.1406473210787022,0.2123118208827752,False,,,final,2026-08-03T19:17:32.328250+00:00,6,5,11,,,,Win,HOME,0.1406473210787022,-156.0,,,,0.2123118208827752,0.6923093050323341,Night,0.10_plus,minus_199_to_minus_150,UNBUCKETED,UNBUCKETED,0.20_plus,65_to_69.9,65_to_69.9,UNBUCKETED,UNBUCKETED
63301437,baseball,mlb,2026_06_19,08:05 PM,Texas Rangers,San Diego Padres,run_line,away,1.5,away_run_line,-163.0,0.6899897696592042,0.0690963768120902,0.1846730942037071,False,822886,1,final,2026-08-03T19:17:32.328250+00:00,9,7,16,-1.5,1.5,7.5,Loss,AWAY,0.0690963768120902,-163.0,,1.5,7.5,0.1846730942037071,0.6899897696592042,Night,0.05_to_0.0749,minus_199_to_minus_150,1.0_to_1.9,5_to_9.9,0.15_to_0.1999,65_to_69.9,65_to_69.9,7.5_to_8.0,+1.5
63301885,baseball,mlb,2026_06_19,02:20 PM,Chicago Cubs,Toronto Blue Jays,run_line,home,1.5,home_run_line,-212.0,0.7826346446404977,0.1687019298482797,0.3218200912783529,False,824663,1,final,2026-08-03T19:17:32.328250+00:00,16,2,18,1.5,-1.5,7.0,Win,HOME,0.1687019298482797,-212.0,,1.5,7.0,0.3218200912783529,0.7826346446404977,Day,0.10_plus,minus_200_or_lower,1.0_to_1.9,5_to_9.9,0.20_plus,75_to_79.9,75_to_79.9,7.0_to_7.5,+1.5
63302851,baseball,mlb,2026_06_19,08:40 PM,Colorado Rockies,Pittsburgh Pirates,total,under,11.5,under_total,-114.0,0.7719576171852839,0.4259133796404965,0.5119893007765075,False,824345,1,final,2026-08-03T19:17:32.328250+00:00,4,3,7,1.5,-1.5,11.5,Win,UNDER,0.4259133796404965,-114.0,,,11.5,0.5119893007765075,0.7719576171852839,Night,0.10_plus,minus_124_to_minus_110,UNBUCKETED,10_to_14.9,0.20_plus,75_to_79.9,75_to_79.9,11.5_to_12.0,UNBUCKETED
63302497,baseball,mlb,2026_06_20,04:10 PM,Tampa Bay Rays,Washington Nationals,run_line,home,1.5,home_run_line,-204.0,0.7653499876265715,0.1476715501886163,0.2866639623847773,False,822967,1,final,2026-08-03T19:17:32.328250+00:00,3,4,7,1.5,-1.5,8.0,Win,HOME,0.1476715501886163,-204.0,,1.5,8.0,0.2866639623847773,0.7653499876265715,Day,0.10_plus,minus_200_or_lower,1.0_to_1.9,5_to_9.9,0.20_plus,75_to_79.9,75_to_79.9,8.0_to_8.5,+1.5
63303135,baseball,mlb,2026_06_20,04:10 PM,Atlanta Braves,Milwaukee Brewers,moneyline,away,,away_moneyline,108.0,0.5276381909547738,0.0916374371859295,0.0902661455425273,False,824909,1,final,2026-08-03T19:17:32.328250+00:00,4,3,7,-1.5,1.5,7.0,Loss,AWAY,0.0916374371859295,108.0,108.0,1.5,7.0,0.0902661455425273,0.5276381909547738,Day,0.075_to_0.0999,plus_101_to_plus_125,1.0_to_1.9,5_to_9.9,0.05_to_0.0999,50_to_54.9,50_to_54.9,7.0_to_7.5,+1.5
63301041,baseball,mlb,2026_06_21,01:35 PM,New York Yankees,Cincinnati Reds,run_line,home,1.5,home_run_line,-200.0,0.8236782788324792,0.1744174182487189,0.4710348364974377,False,823531,1,final,2026-08-03T19:17:32.328250+00:00,1,4,5,1.5,-1.5,9.0,Loss,HOME,0.1744174182487189,-200.0,,1.5,9.0,0.4710348364974377,0.8236782788324792,Day,0.10_plus,minus_200_or_lower,1.0_to_1.9,5_to_9.9,0.20_plus,80_plus,80_plus,9.0_to_9.5,+1.5
63301291,baseball,mlb,2026_06_21,01:40 PM,Detroit Tigers,Chicago White Sox,run_line,home,1.5,home_run_line,-208.0,0.7356991512960916,0.1173506663422897,0.1859533859919623,False,824260,1,final,2026-08-03T19:17:32.328250+00:00,5,4,9,1.5,-1.5,8.5,Win,HOME,0.1173506663422897,-208.0,,1.5,8.5,0.1859533859919623,0.7356991512960916,Day,0.10_plus,minus_200_or_lower,1.0_to_1.9,5_to_9.9,0.15_to_0.1999,70_to_74.9,70_to_74.9,8.5_to_9.0,+1.5
63301739,baseball,mlb,2026_06_21,02:35 PM,Texas Rangers,San Diego Padres,run_line,away,1.5,away_run_line,-178.0,0.6780585736309855,0.0589903565697413,0.1050028346941398,False,822883,1,final,2026-08-03T19:17:32.328250+00:00,4,3,7,-1.5,1.5,8.0,Win,AWAY,0.0589903565697413,-178.0,,1.5,8.0,0.1050028346941398,0.6780585736309855,Day,0.05_to_0.0749,minus_199_to_minus_150,1.0_to_1.9,5_to_9.9,0.10_to_0.1499,65_to_69.9,65_to_69.9,8.0_to_8.5,+1.5
63302349,baseball,mlb,2026_06_21,01:35 PM,Atlanta Braves,Milwaukee Brewers,moneyline,away,,away_moneyline,108.0,0.5256438609541808,0.089439230784696,0.0864252136895334,False,824908,1,final,2026-08-03T19:17:32.328250+00:00,4,9,13,1.5,-1.5,9.0,Win,AWAY,0.089439230784696,108.0,108.0,-1.5,9.0,0.0864252136895334,0.5256438609541808,Day,0.075_to_0.0999,plus_101_to_plus_125,1.0_to_1.9,5_to_9.9,0.05_to_0.0999,50_to_54.9,50_to_54.9,9.0_to_9.5,-1.5
63303551,baseball,mlb,2026_06_21,02:10 PM,Kansas City Royals,St Louis Cardinals,run_line,home,1.5,home_run_line,-156.0,0.6691506766513386,0.1026434180945043,0.1530257322274268,False,,,final,2026-08-03T19:17:32.328250+00:00,10,12,22,,,,Loss,HOME,0.1026434180945043,-156.0,,,,0.1530257322274268,0.6691506766513386,Day,0.10_plus,minus_199_to_minus_150,UNBUCKETED,UNBUCKETED,0.15_to_0.1999,65_to_69.9,65_to_69.9,UNBUCKETED,UNBUCKETED
63303711,baseball,mlb,2026_06_21,04:10 PM,Seattle Mariners,Boston Red Sox,moneyline,away,,away_moneyline,122.0,0.4778974508254667,0.0869323408325361,0.0499445416660132,False,823123,1,final,2026-08-03T19:17:32.328250+00:00,3,1,4,-1.5,1.5,6.5,Loss,AWAY,0.0869323408325361,122.0,122.0,1.5,6.5,0.0499445416660132,0.4778974508254667,Day,0.075_to_0.0999,plus_101_to_plus_125,1.0_to_1.9,5_to_9.9,0.03_to_0.0499,<50,<50,6.5_to_7.0,+1.5
63299249,baseball,mlb,2026_06_22,07:07 PM,Toronto Blue Jays,Houston Astros,total,over,7.5,over_total,100.0,0.6143544388722185,0.2344187887663925,0.228708877744437,False,822800,1,final,2026-08-03T19:17:32.328250+00:00,4,2,6,-1.5,1.5,7.0,Loss,OVER,0.2344187887663925,100.0,,,7.0,0.228708877744437,0.6143544388722185,Night,0.10_plus,minus_100_to_plus_100,UNBUCKETED,5_to_9.9,0.20_plus,60_to_64.9,60_to_64.9,7.0_to_7.5,UNBUCKETED
63301433,baseball,mlb,2026_06_22,07:40 PM,Chicago White Sox,Cleveland Guardians,run_line,home,1.5,home_run_line,-175.0,0.7152887650155068,0.0999752021672247,0.2170441037926435,False,824585,1,final,2026-08-03T19:17:32.328250+00:00,6,5,11,1.5,-1.5,7.5,Win,HOME,0.0999752021672247,-175.0,,1.5,7.5,0.2170441037926435,0.7152887650155068,Night,0.075_to_0.0999,minus_199_to_minus_150,1.0_to_1.9,5_to_9.9,0.20_plus,70_to_74.9,70_to_74.9,7.5_to_8.0,+1.5
63302425,baseball,mlb,2026_06_22,07:45 PM,St Louis Cardinals,Arizona Diamondbacks,run_line,away,1.5,away_run_line,-185.0,0.6733592814587812,-0.0224627285634992,0.0690739521575264,False,,,final,2026-08-03T19:17:32.328250+00:00,3,2,5,,,,Win,AWAY,-0.0224627285634992,-185.0,,,,0.0690739521575264,0.6733592814587812,Night,<0,minus_199_to_minus_150,UNBUCKETED,UNBUCKETED,0.05_to_0.0999,65_to_69.9,65_to_69.9,UNBUCKETED,UNBUCKETED
63302425,baseball,mlb,2026_06_22,07:45 PM,St Louis Cardinals,Arizona Diamondbacks,moneyline,away,,away_moneyline,120.0,0.5171294477639713,0.0778847850807369,0.114737320900614,False,,,final,2026-08-03T19:17:32.328250+00:00,3,2,5,,,,Loss,AWAY,0.0778847850807369,120.0,120.0,,,0.114737320900614,0.5171294477639713,Night,0.075_to_0.0999,plus_101_to_plus_125,UNBUCKETED,UNBUCKETED,0.10_to_0.1499,50_to_54.9,50_to_54.9,UNBUCKETED,UNBUCKETED
63303145,baseball,mlb,2026_06_22,08:15 PM,Washington Nationals,Philadelphia Phillies,total,under,10.0,under_total,-111.0,0.7222319361893151,0.3691016782256086,0.413909385359455,False,822720,1,final,2026-08-03T19:17:32.328250+00:00,4,1,5,-1.5,1.5,9.5,Win,UNDER,0.3691016782256086,-111.0,,,9.5,0.413909385359455,0.7222319361893151,Night,0.10_plus,minus_124_to_minus_110,UNBUCKETED,5_to_9.9,0.20_plus,70_to_74.9,70_to_74.9,9.5_to_10.0,UNBUCKETED
63299317,baseball,mlb,2026_06_23,09:45 PM,San Francisco Giants,Athletics,run_line,home,1.5,home_run_line,-204.0,0.7441936151990626,0.1141944069633088,0.2223485902051503,False,,,final,2026-08-03T19:17:32.328250+00:00,3,1,4,,,,Win,HOME,0.1141944069633088,-204.0,,,,0.2223485902051503,0.7441936151990626,Night,0.10_plus,minus_200_or_lower,UNBUCKETED,UNBUCKETED,0.20_plus,70_to_74.9,70_to_74.9,UNBUCKETED,UNBUCKETED
63301811,baseball,mlb,2026_06_23,07:40 PM,Chicago White Sox,Cleveland Guardians,run_line,home,1.5,home_run_line,-181.0,0.7117501319249175,0.0906822490105072,0.1900178707090182,False,824584,1,final,2026-08-03T19:17:32.328250+00:00,2,1,3,1.5,-1.5,7.0,Win,HOME,0.0906822490105072,-181.0,,1.5,7.0,0.1900178707090182,0.7117501319249175,Night,0.075_to_0.0999,minus_199_to_minus_150,1.0_to_1.9,5_to_9.9,0.15_to_0.1999,70_to_74.9,70_to_74.9,7.0_to_7.5,+1.5
63302393,baseball,mlb,2026_06_23,06:40 PM,Detroit Tigers,New York Yankees,run_line,home,1.5,home_run_line,-181.0,0.6555597064494484,0.0261973895706905,0.0321227751229499,False,824262,1,final,2026-08-03T19:17:32.328250+00:00,3,4,7,1.5,-1.5,8.0,Win,HOME,0.0261973895706905,-181.0,,1.5,8.0,0.0321227751229499,0.6555597064494484,Night,0.02_to_0.0299,minus_199_to_minus_150,1.0_to_1.9,5_to_9.9,0.03_to_0.0499,65_to_69.9,65_to_69.9,8.0_to_8.5,+1.5
63303755,baseball,mlb,2026_06_23,07:45 PM,St Louis Cardinals,Arizona Diamondbacks,run_line,home,1.5,home_run_line,-192.0,0.7225556789133509,0.0917367616807214,0.1898625824269851,False,,,final,2026-08-03T19:17:32.328250+00:00,3,4,7,,,,Win,HOME,0.0917367616807214,-192.0,,,,0.1898625824269851,0.7225556789133509,Night,0.075_to_0.0999,minus_199_to_minus_150,UNBUCKETED,UNBUCKETED,0.15_to_0.1999,70_to_74.9,70_to_74.9,UNBUCKETED,UNBUCKETED
63303785,baseball,mlb,2026_06_23,06:40 PM,Pittsburgh Pirates,Seattle Mariners,run_line,home,1.5,home_run_line,-163.0,0.7201477567969349,0.1281561965496556,0.2639886003759387,False,823365,1,final,2026-08-03T19:17:32.328250+00:00,2,3,5,1.5,-1.5,9.0,Win,HOME,0.1281561965496556,-163.0,,1.5,9.0,0.2639886003759387,0.7201477567969349,Night,0.10_plus,minus_199_to_minus_150,1.0_to_1.9,5_to_9.9,0.20_plus,70_to_74.9,70_to_74.9,9.0_to_9.5,+1.5
63300921,baseball,mlb,2026_06_24,09:45 PM,San Francisco Giants,Athletics,run_line,home,1.5,home_run_line,-166.0,0.7486447407056546,0.2074355483596632,0.3313950102770411,False,,,final,2026-08-03T19:17:32.328250+00:00,2,1,3,,,,Win,HOME,0.2074355483596632,-166.0,,,,0.3313950102770411,0.7486447407056546,Night,0.10_plus,minus_199_to_minus_150,UNBUCKETED,UNBUCKETED,0.20_plus,70_to_74.9,70_to_74.9,UNBUCKETED,UNBUCKETED
63301559,baseball,mlb,2026_06_24,03:10 PM,Colorado Rockies,Boston Red Sox,total,under,11.0,under_total,-114.0,0.7807323850921115,0.4357947517636291,0.5307673040971187,False,824341,1,final,2026-08-03T19:17:32.328250+00:00,8,6,14,1.5,-1.5,10.5,Loss,UNDER,0.4357947517636291,-114.0,,,10.5,0.5307673040971187,0.7807323850921115,Day,0.10_plus,minus_124_to_minus_110,UNBUCKETED,10_to_14.9,0.20_plus,75_to_79.9,75_to_79.9,10.5_to_11.0,UNBUCKETED
63302013,baseball,mlb,2026_06_24,07:45 PM,St Louis Cardinals,Arizona Diamondbacks,run_line,home,1.5,home_run_line,-192.0,0.7251811300075752,0.0859796352198542,0.19752889962212,False,,,final,2026-08-03T19:17:32.328250+00:00,4,9,13,,,,Loss,HOME,0.0859796352198542,-192.0,,,,0.19752889962212,0.7251811300075752,Night,0.075_to_0.0999,minus_199_to_minus_150,UNBUCKETED,UNBUCKETED,0.15_to_0.1999,70_to_74.9,70_to_74.9,UNBUCKETED,UNBUCKETED
63302109,baseball,mlb,2026_06_24,04:50 PM,Chicago White Sox,Cleveland Guardians,run_line,home,1.5,home_run_line,-169.0,0.7109769560234899,0.123223379706028,0.2225280117031877,False,824583,1,final,2026-08-03T19:17:32.328250+00:00,3,4,7,1.5,-1.5,8.0,Win,HOME,0.123223379706028,-169.0,,1.5,8.0,0.2225280117031877,0.7109769560234899,Day,0.10_plus,minus_199_to_minus_150,1.0_to_1.9,5_to_9.9,0.20_plus,70_to_74.9,70_to_74.9,8.0_to_8.5,+1.5
63302173,baseball,mlb,2026_06_24,06:40 PM,Pittsburgh Pirates,Seattle Mariners,run_line,home,1.5,home_run_line,-204.0,0.7189312100808265,0.0771984699243689,0.1455508786457126,False,823367,1,final,2026-08-03T19:17:32.328250+00:00,11,1,12,1.5,-1.5,8.0,Win,HOME,0.0771984699243689,-204.0,,1.5,8.0,0.1455508786457126,0.7189312100808265,Night,0.075_to_0.0999,minus_200_or_lower,1.0_to_1.9,5_to_9.9,0.10_to_0.1499,70_to_74.9,70_to_74.9,8.0_to_8.5,+1.5
63302371,baseball,mlb,2026_06_24,12:10 PM,Miami Marlins,Texas Rangers,run_line,home,1.5,home_run_line,-163.0,0.749998221393078,0.2107698296096904,0.3424953222637952,False,823850,1,final,2026-08-03T19:17:32.328250+00:00,4,2,6,1.5,-1.5,7.5,Win,HOME,0.2107698296096904,-163.0,,1.5,7.5,0.3424953222637952,0.749998221393078,Day,0.10_plus,minus_199_to_minus_150,1.0_to_1.9,5_to_9.9,0.20_plus,70_to_74.9,70_to_74.9,7.5_to_8.0,+1.5
63302397,baseball,mlb,2026_06_24,07:07 PM,Toronto Blue Jays,Houston Astros,run_line,away,1.5,away_run_line,-158.0,0.6129083124513169,-0.0329750340984826,0.0013034461243975,False,822798,1,final,2026-08-03T19:17:32.328250+00:00,1,3,4,-1.5,1.5,8.5,Win,AWAY,-0.0329750340984826,-158.0,,1.5,8.5,0.0013034461243975,0.6129083124513169,Night,<0,minus_199_to_minus_150,1.0_to_1.9,5_to_9.9,0.001_to_0.0099,60_to_64.9,60_to_64.9,8.5_to_9.0,+1.5
63303367,baseball,mlb,2026_06_24,08:40 PM,San Diego Padres,Atlanta Braves,run_line,home,1.5,home_run_line,-161.0,0.6794863482176389,0.0865775582907065,0.1634593688480373,False,823284,1,final,2026-08-03T19:17:32.328250+00:00,5,2,7,1.5,-1.5,8.5,Win,HOME,0.0865775582907065,-161.0,,1.5,8.5,0.1634593688480373,0.6794863482176389,Night,0.075_to_0.0999,minus_199_to_minus_150,1.0_to_1.9,5_to_9.9,0.15_to_0.1999,65_to_69.9,65_to_69.9,8.5_to_9.0,+1.5
63299439,baseball,mlb,2026_06_25,07:07 PM,Toronto Blue Jays,Texas Rangers,run_line,away,1.5,away_run_line,-175.0,0.636695780367341,0.00182194057725,0.0009133960101876,False,822797,1,final,2026-08-03T19:17:32.328250+00:00,5,6,11,-1.5,1.5,8.0,Win,AWAY,0.00182194057725,-175.0,,1.5,8.0,0.0009133960101876,0.636695780367341,Night,0.00_to_0.0099,minus_199_to_minus_150,1.0_to_1.9,5_to_9.9,0.001_to_0.0099,60_to_64.9,60_to_64.9,8.0_to_8.5,+1.5
63302135,baseball,mlb,2026_06_25,06:40 PM,Detroit Tigers,Houston Astros,run_line,home,1.5,home_run_line,-192.0,0.7943164205360794,0.2509228895652878,0.3994039479653521,False,824258,1,final,2026-08-03T19:17:32.328250+00:00,1,2,3,1.5,-1.5,9.0,Win,HOME,0.2509228895652878,-192.0,,1.5,9.0,0.3994039479653521,0.7943164205360794,Night,0.10_plus,minus_199_to_minus_150,1.0_to_1.9,5_to_9.9,0.20_plus,75_to_79.9,75_to_79.9,9.0_to_9.5,+1.5
63302591,baseball,mlb,2026_06_25,12:35 PM,Pittsburgh Pirates,Seattle Mariners,moneyline,home,,home_moneyline,119.0,0.4948999867532124,0.051980970989535,0.0704461941088531,False,823366,1,final,2026-08-03T19:17:32.328250+00:00,5,1,6,1.5,-1.5,8.5,Win,HOME,0.051980970989535,119.0,119.0,1.5,8.5,0.0704461941088531,0.4948999867532124,Day,0.05_to_0.0749,plus_101_to_plus_125,1.0_to_1.9,5_to_9.9,0.05_to_0.0999,<50,<50,8.5_to_9.0,+1.5
63301269,baseball,mlb,2026_06_26,09:38 PM,Los Angeles Angels,Athletics,run_line,home,1.5,home_run_line,-169.0,0.7179097354053285,0.1596083954084816,0.2411771882403337,False,,,final,2026-08-03T19:17:32.328250+00:00,3,9,12,,,,Loss,HOME,0.1596083954084816,-169.0,,,,0.2411771882403337,0.7179097354053285,Night,0.10_plus,minus_199_to_minus_150,UNBUCKETED,UNBUCKETED,0.20_plus,70_to_74.9,70_to_74.9,UNBUCKETED,UNBUCKETED
63302613,baseball,mlb,2026_06_26,07:10 PM,Boston Red Sox,New York Yankees,run_line,home,1.5,home_run_line,-188.0,0.6737168620385907,0.0782268950378411,0.0603045626711412,False,824743,1,final,2026-08-03T19:17:32.328250+00:00,6,1,7,1.5,-1.5,8.5,Win,HOME,0.0782268950378411,-188.0,,1.5,8.5,0.0603045626711412,0.6737168620385907,Night,0.075_to_0.0999,minus_199_to_minus_150,1.0_to_1.9,5_to_9.9,0.05_to_0.0999,65_to_69.9,65_to_69.9,8.5_to_9.0,+1.5
63302633,baseball,mlb,2026_06_26,07:10 PM,Cleveland Guardians,Seattle Mariners,run_line,home,1.5,home_run_line,-200.0,0.71585782607925,0.0945867391188749,0.1475734782377499,False,824423,1,final,2026-08-03T19:17:32.328250+00:00,1,3,4,1.5,-1.5,7.5,Loss,HOME,0.0945867391188749,-200.0,,1.5,7.5,0.1475734782377499,0.71585782607925,Night,0.075_to_0.0999,minus_200_or_lower,1.0_to_1.9,5_to_9.9,0.10_to_0.1499,70_to_74.9,70_to_74.9,7.5_to_8.0,+1.5
63302747,baseball,mlb,2026_06_26,07:07 PM,Toronto Blue Jays,Texas Rangers,run_line,home,1.5,home_run_line,-178.0,0.7698036517216955,0.1769276133630974,0.3600541517863135,False,822796,1,final,2026-08-03T19:17:32.328250+00:00,4,5,9,1.5,-1.5,8.5,Win,HOME,0.1769276133630974,-178.0,,1.5,8.5,0.3600541517863135,0.7698036517216955,Night,0.10_plus,minus_199_to_minus_150,1.0_to_1.9,5_to_9.9,0.20_plus,75_to_79.9,75_to_79.9,8.5_to_9.0,+1.5
63303257,baseball,mlb,2026_06_26,09:45 PM,San Diego Padres,Los Angeles Dodgers,moneyline,home,,home_moneyline,125.0,0.4687805792092607,0.0554063032208364,0.0438050425766692,False,823285,1,final,2026-08-03T19:17:32.328250+00:00,7,1,8,1.5,-1.5,7.5,Win,HOME,0.0554063032208364,125.0,125.0,1.5,7.5,0.0438050425766692,0.4687805792092607,Night,0.05_to_0.0749,plus_101_to_plus_125,1.0_to_1.9,5_to_9.9,0.03_to_0.0499,<50,<50,7.5_to_8.0,+1.5
63299347,baseball,mlb,2026_06_27,07:10 PM,Minnesota Twins,Colorado Rockies,total,over,9.5,over_total,100.0,0.6418288690273733,0.2864948109114037,0.2836577380547467,False,823689,1,final,2026-08-03T19:17:32.328250+00:00,5,8,13,-1.5,1.5,9.5,Win,OVER,0.2864948109114037,100.0,,,9.5,0.2836577380547467,0.6418288690273733,Night,0.10_plus,minus_100_to_plus_100,UNBUCKETED,5_to_9.9,0.20_plus,60_to_64.9,60_to_64.9,9.5_to_10.0,UNBUCKETED
63301457,baseball,mlb,2026_06_27,07:10 PM,Milwaukee Brewers,Chicago Cubs,run_line,away,1.5,away_run_line,-156.0,0.6169537631403524,-0.0259130553594216,0.0194016336393021,False,823770,1,final,2026-08-03T19:17:32.328250+00:00,2,8,10,-1.5,1.5,8.0,Win,AWAY,-0.0259130553594216,-156.0,,1.5,8.0,0.0194016336393021,0.6169537631403524,Night,<0,minus_199_to_minus_150,1.0_to_1.9,5_to_9.9,0.01_to_0.0199,60_to_64.9,60_to_64.9,8.0_to_8.5,+1.5
63301663,baseball,mlb,2026_06_27,01:10 PM,Boston Red Sox,New York Yankees,run_line,home,1.5,home_run_line,-166.0,0.6744068335000283,0.085226010307274,0.1339221771100751,False,824745,1,final,2026-08-03T19:17:32.328250+00:00,4,1,5,1.5,-1.5,8.5,Win,HOME,0.085226010307274,-166.0,,1.5,8.5,0.1339221771100751,0.6744068335000283,Day,0.075_to_0.0999,minus_199_to_minus_150,1.0_to_1.9,5_to_9.9,0.10_to_0.1499,65_to_69.9,65_to_69.9,8.5_to_9.0,+1.5
63301791,baseball,mlb,2026_06_27,06:10 PM,Tampa Bay Rays,Arizona Diamondbacks,run_line,away,1.5,away_run_line,-169.0,0.6321962767246915,-0.0119230861601064,0.0106079843894199,False,822960,1,final,2026-08-03T19:17:32.328250+00:00,4,2,6,-1.5,1.5,8.5,Loss,AWAY,-0.0119230861601064,-169.0,,1.5,8.5,0.0106079843894199,0.6321962767246915,Night,<0,minus_199_to_minus_150,1.0_to_1.9,5_to_9.9,0.01_to_0.0199,60_to_64.9,60_to_64.9,8.5_to_9.0,+1.5
63302933,baseball,mlb,2026_06_27,04:40 PM,Pittsburgh Pirates,Cincinnati Reds,run_line,home,1.5,home_run_line,-172.0,0.7722490807547487,0.2049811044493702,0.3805174996529167,False,823364,1,final,2026-08-03T19:17:32.328250+00:00,7,9,16,1.5,-1.5,8.0,Loss,HOME,0.2049811044493702,-172.0,,1.5,8.0,0.3805174996529167,0.7722490807547487,Day,0.10_plus,minus_199_to_minus_150,1.0_to_1.9,5_to_9.9,0.20_plus,75_to_79.9,75_to_79.9,8.0_to_8.5,+1.5
63303397,baseball,mlb,2026_06_27,07:15 PM,St Louis Cardinals,Miami Marlins,run_line,away,1.5,away_run_line,-178.0,0.6888125409357131,0.0679858785400462,0.1348988638012824,False,,,final,2026-08-03T19:17:32.328250+00:00,1,5,6,,,,Win,AWAY,0.0679858785400462,-178.0,,,,0.1348988638012824,0.6888125409357131,Night,0.05_to_0.0749,minus_199_to_minus_150,UNBUCKETED,UNBUCKETED,0.10_to_0.1499,65_to_69.9,65_to_69.9,UNBUCKETED,UNBUCKETED
63303589,baseball,mlb,2026_06_27,07:05 PM,Baltimore Orioles,Washington Nationals,run_line,home,1.5,home_run_line,-200.0,0.7326789400379096,0.0938184100568642,0.1980368201137287,False,824825,1,final,2026-08-03T19:17:32.328250+00:00,3,4,7,1.5,-1.5,9.0,Win,HOME,0.0938184100568642,-200.0,,1.5,9.0,0.1980368201137287,0.7326789400379096,Night,0.075_to_0.0999,minus_200_or_lower,1.0_to_1.9,5_to_9.9,0.15_to_0.1999,70_to_74.9,70_to_74.9,9.0_to_9.5,+1.5
63303713,baseball,mlb,2026_06_27,09:38 PM,Los Angeles Angels,Athletics,run_line,home,1.5,home_run_line,-185.0,0.6865222224228745,0.0803653156244283,0.1065883339051924,False,,,final,2026-08-03T19:17:32.328250+00:00,5,2,7,,,,Win,HOME,0.0803653156244283,-185.0,,,,0.1065883339051924,0.6865222224228745,Night,0.075_to_0.0999,minus_199_to_minus_150,UNBUCKETED,UNBUCKETED,0.10_to_0.1499,65_to_69.9,65_to_69.9,UNBUCKETED,UNBUCKETED
63301323,baseball,mlb,2026_06_28,02:15 PM,St Louis Cardinals,Miami Marlins,run_line,away,1.5,away_run_line,-188.0,0.6900268494074668,0.0622624076029279,0.1072773262935044,False,,,final,2026-08-03T19:17:32.328250+00:00,2,1,3,,,,Win,AWAY,0.0622624076029279,-188.0,,,,0.1072773262935044,0.6900268494074668,Day,0.05_to_0.0749,minus_199_to_minus_150,UNBUCKETED,UNBUCKETED,0.10_to_0.1499,65_to_69.9,65_to_69.9,UNBUCKETED,UNBUCKETED
63301323,baseball,mlb,2026_06_28,02:15 PM,St Louis Cardinals,Miami Marlins,total,under,9.5,under_total,-123.0,0.722849395137923,0.3121291906334564,0.3819541511575683,False,,,final,2026-08-03T19:17:32.328250+00:00,2,1,3,,,,Win,UNDER,0.3121291906334564,-123.0,,,,0.3819541511575683,0.722849395137923,Day,0.10_plus,minus_124_to_minus_110,UNBUCKETED,UNBUCKETED,0.20_plus,70_to_74.9,70_to_74.9,UNBUCKETED,UNBUCKETED
63302197,baseball,mlb,2026_06_28,01:40 PM,Detroit Tigers,Houston Astros,run_line,home,1.5,home_run_line,-163.0,0.7476202231304356,0.1932829367073899,0.3362411868330457,False,824256,1,final,2026-08-03T19:17:32.328250+00:00,5,7,12,1.5,-1.5,8.0,Loss,HOME,0.1932829367073899,-163.0,,1.5,8.0,0.3362411868330457,0.7476202231304356,Day,0.10_plus,minus_199_to_minus_150,1.0_to_1.9,5_to_9.9,0.20_plus,70_to_74.9,70_to_74.9,8.0_to_8.5,+1.5
63303173,baseball,mlb,2026_06_28,02:10 PM,Minnesota Twins,Colorado Rockies,total,over,9.0,over_total,100.0,0.7192046012068607,0.4417161605349937,0.4384092024137214,False,823686,1,final,2026-08-03T19:17:32.328250+00:00,3,2,5,-1.5,1.5,9.0,Loss,OVER,0.4417161605349937,100.0,,,9.0,0.4384092024137214,0.7192046012068607,Day,0.10_plus,minus_100_to_plus_100,UNBUCKETED,5_to_9.9,0.20_plus,70_to_74.9,70_to_74.9,9.0_to_9.5,UNBUCKETED
63303233,baseball,mlb,2026_06_28,01:37 PM,Toronto Blue Jays,Texas Rangers,moneyline,away,,away_moneyline,114.0,0.4882431773879142,0.0838403996101363,0.0393336838685406,False,822795,1,final,2026-08-03T19:17:32.328250+00:00,2,3,5,-1.5,1.5,8.5,Win,AWAY,0.0838403996101363,114.0,114.0,1.5,8.5,0.0393336838685406,0.4882431773879142,Day,0.075_to_0.0999,plus_101_to_plus_125,1.0_to_1.9,5_to_9.9,0.03_to_0.0499,<50,<50,8.5_to_9.0,+1.5
63303809,baseball,mlb,2026_06_28,03:15 PM,Los Angeles Angels,Athletics,run_line,home,1.5,home_run_line,-161.0,0.6850419358010735,0.0981838213918023,0.1779594524408018,False,,,final,2026-08-03T19:17:32.328250+00:00,4,1,5,,,,Win,HOME,0.0981838213918023,-161.0,,,,0.1779594524408018,0.6850419358010735,Day,0.075_to_0.0999,minus_199_to_minus_150,UNBUCKETED,UNBUCKETED,0.15_to_0.1999,65_to_69.9,65_to_69.9,UNBUCKETED,UNBUCKETED
63299193,baseball,mlb,2026_06_29,06:40 PM,Philadelphia Phillies,Pittsburgh Pirates,run_line,home,1.5,home_run_line,-185.0,0.7814521448065683,0.1817587095668755,0.3771386126987198,False,823444,1,final,2026-08-03T19:17:32.328250+00:00,7,11,18,1.5,-1.5,9.0,Loss,HOME,0.1817587095668755,-185.0,,1.5,9.0,0.3771386126987198,0.7814521448065683,Night,0.10_plus,minus_199_to_minus_150,1.0_to_1.9,5_to_9.9,0.20_plus,75_to_79.9,75_to_79.9,9.0_to_9.5,+1.5
63301105,baseball,mlb,2026_06_29,07:10 PM,Cleveland Guardians,Texas Rangers,run_line,away,1.5,away_run_line,-175.0,0.6654697488914441,0.041188176829412,0.0800418094514711,False,824420,1,final,2026-08-03T19:17:32.328250+00:00,3,6,9,-1.5,1.5,7.5,Win,AWAY,0.041188176829412,-175.0,,1.5,7.5,0.0800418094514711,0.6654697488914441,Night,0.04_to_0.0499,minus_199_to_minus_150,1.0_to_1.9,5_to_9.9,0.05_to_0.0999,65_to_69.9,65_to_69.9,7.5_to_8.0,+1.5
63303427,baseball,mlb,2026_06_29,08:40 PM,Colorado Rockies,Miami Marlins,total,under,11.0,under_total,100.0,0.7634963786989319,0.5036770229835835,0.5269927573978639,False,824339,1,final,2026-08-03T19:17:32.328250+00:00,7,10,17,1.5,-1.5,12.0,Loss,UNDER,0.5036770229835835,100.0,,,12.0,0.5269927573978639,0.7634963786989319,Night,0.10_plus,minus_100_to_plus_100,UNBUCKETED,10_to_14.9,0.20_plus,75_to_79.9,75_to_79.9,12.0_to_12.5,UNBUCKETED
63300839,baseball,mlb,2026_06_30,07:15 PM,Atlanta Braves,St Louis Cardinals,total,under,9.5,under_total,-114.0,0.722849395137923,0.3518900873101901,0.4068977055951552,False,,,final,2026-08-03T19:17:32.328250+00:00,3,5,8,,,,Win,UNDER,0.3518900873101901,-114.0,,,,0.4068977055951552,0.722849395137923,Night,0.10_plus,minus_124_to_minus_110,UNBUCKETED,UNBUCKETED,0.20_plus,70_to_74.9,70_to_74.9,UNBUCKETED,UNBUCKETED
63301107,baseball,mlb,2026_06_30,08:05 PM,Chicago Cubs,San Diego Padres,total,under,11.5,under_total,-121.0,0.7821895287008971,0.4331941200566876,0.5186388584289827,False,824661,1,final,2026-08-03T19:17:32.328250+00:00,9,7,16,-1.5,1.5,11.5,Loss,UNDER,0.4331941200566876,-121.0,,,11.5,0.5186388584289827,0.7821895287008971,Night,0.10_plus,minus_124_to_minus_110,UNBUCKETED,10_to_14.9,0.20_plus,75_to_79.9,75_to_79.9,11.5_to_12.0,UNBUCKETED
63301785,baseball,mlb,2026_06_30,09:40 PM,Arizona Diamondbacks,San Francisco Giants,run_line,home,1.5,home_run_line,-178.0,0.7527376269405321,0.1756239342104941,0.3126106028946794,False,825066,1,final,2026-08-03T19:17:32.328250+00:00,8,2,10,1.5,-1.5,9.0,Win,HOME,0.1756239342104941,-178.0,,1.5,9.0,0.3126106028946794,0.7527376269405321,Night,0.10_plus,minus_199_to_minus_150,1.0_to_1.9,5_to_9.9,0.20_plus,75_to_79.9,75_to_79.9,9.0_to_9.5,+1.5
63301873,baseball,mlb,2026_06_30,06:35 PM,Baltimore Orioles,Chicago White Sox,total,under,10.5,under_total,-112.0,0.7259458143277898,0.3697050393378708,0.4190051263749143,False,824819,1,final,2026-08-03T19:17:32.328250+00:00,3,9,12,-1.5,1.5,10.5,Loss,UNDER,0.3697050393378708,-112.0,,,10.5,0.4190051263749143,0.7259458143277898,Night,0.10_plus,minus_124_to_minus_110,UNBUCKETED,10_to_14.9,0.20_plus,70_to_74.9,70_to_74.9,10.5_to_11.0,UNBUCKETED
63302041,baseball,mlb,2026_06_30,06:40 PM,Cleveland Guardians,Texas Rangers,run_line,home,1.5,home_run_line,-181.0,0.7608682885612839,0.1662875087608881,0.3280398908572075,False,824418,1,final,2026-08-03T19:17:32.328250+00:00,2,4,6,1.5,-1.5,7.5,Loss,HOME,0.1662875087608881,-181.0,,1.5,7.5,0.3280398908572075,0.7608682885612839,Night,0.10_plus,minus_199_to_minus_150,1.0_to_1.9,5_to_9.9,0.20_plus,75_to_79.9,75_to_79.9,7.5_to_8.0,+1.5
63302421,baseball,mlb,2026_06_30,08:10 PM,Houston Astros,Minnesota Twins,run_line,home,1.5,home_run_line,-172.0,0.7334578618151265,0.1293368512425257,0.2750053841371442,False,824175,1,final,2026-08-03T19:17:32.328250+00:00,6,4,10,1.5,-1.5,8.5,Win,HOME,0.1293368512425257,-172.0,,1.5,8.5,0.2750053841371442,0.7334578618151265,Night,0.10_plus,minus_199_to_minus_150,1.0_to_1.9,5_to_9.9,0.20_plus,70_to_74.9,70_to_74.9,8.5_to_9.0,+1.5
63303193,baseball,mlb,2026_06_30,09:40 PM,Seattle Mariners,Los Angeles Angels,total,over,7.5,over_total,100.0,0.5866855248813129,0.1665428698716459,0.1733710497626257,False,823122,1,final,2026-08-03T19:17:32.328250+00:00,8,3,11,-1.5,1.5,7.0,Win,OVER,0.1665428698716459,100.0,,,7.0,0.1733710497626257,0.5866855248813129,Night,0.10_plus,minus_100_to_plus_100,UNBUCKETED,5_to_9.9,0.15_to_0.1999,55_to_59.9,55_to_59.9,7.0_to_7.5,UNBUCKETED
63299203,baseball,mlb,2026_07_01,01:10 PM,Cleveland Guardians,Texas Rangers,run_line,home,1.5,home_run_line,-188.0,0.7629510266909147,0.1681260408882097,0.3172989568698344,False,824419,1,final,2026-08-03T19:17:32.328250+00:00,9,4,13,-1.5,1.5,7.5,Win,HOME,0.1681260408882097,-188.0,,-1.5,7.5,0.3172989568698344,0.7629510266909147,Day,0.10_plus,minus_199_to_minus_150,1.0_to_1.9,5_to_9.9,0.20_plus,75_to_79.9,75_to_79.9,7.5_to_8.0,-1.5
63301501,baseball,mlb,2026_07_01,09:40 PM,Arizona Diamondbacks,San Francisco Giants,run_line,home,1.5,home_run_line,-192.0,0.7444243682677091,0.0853453934071412,0.2537191553417108,False,825064,1,final,2026-08-03T19:17:32.328250+00:00,4,6,10,-1.5,1.5,9.5,Loss,HOME,0.0853453934071412,-192.0,,-1.5,9.5,0.2537191553417108,0.7444243682677091,Night,0.075_to_0.0999,minus_199_to_minus_150,1.0_to_1.9,5_to_9.9,0.20_plus,70_to_74.9,70_to_74.9,9.5_to_10.0,-1.5
63301701,baseball,mlb,2026_07_01,08:40 PM,Colorado Rockies,Miami Marlins,total,under,11.0,under_total,-119.0,0.7784686102056411,0.4123947328247066,0.514846256350354,False,824337,1,final,2026-08-03T19:17:32.328250+00:00,6,3,9,1.5,-1.5,11.0,Win,UNDER,0.4123947328247066,-119.0,,,11.0,0.514846256350354,0.7784686102056411,Night,0.10_plus,minus_124_to_minus_110,UNBUCKETED,10_to_14.9,0.20_plus,75_to_79.9,75_to_79.9,11.0_to_11.5,UNBUCKETED
63302333,baseball,mlb,2026_07_01,02:20 PM,Chicago Cubs,San Diego Padres,run_line,home,1.5,home_run_line,-178.0,0.796048293638826,0.2166164361325485,0.4330142563159363,False,824660,1,final,2026-08-03T19:17:32.328250+00:00,23,3,26,1.5,-1.5,12.0,Win,HOME,0.2166164361325485,-178.0,,1.5,12.0,0.4330142563159363,0.796048293638826,Day,0.10_plus,minus_199_to_minus_150,1.0_to_1.9,10_to_14.9,0.20_plus,75_to_79.9,75_to_79.9,12.0_to_12.5,+1.5
63302401,baseball,mlb,2026_07_01,03:25 PM,Toronto Blue Jays,New York Mets,run_line,home,1.5,home_run_line,-172.0,0.7636085534866943,0.2062670148161679,0.3570152654838086,False,822791,1,final,2026-08-03T19:17:32.328250+00:00,9,3,12,1.5,-1.5,8.5,Win,HOME,0.2062670148161679,-172.0,,1.5,8.5,0.3570152654838086,0.7636085534866943,Day,0.10_plus,minus_199_to_minus_150,1.0_to_1.9,5_to_9.9,0.20_plus,75_to_79.9,75_to_79.9,8.5_to_9.0,+1.5
63302401,baseball,mlb,2026_07_01,03:25 PM,Toronto Blue Jays,New York Mets,total,under,9.0,under_total,-123.0,0.7041466337444452,0.2784054394403669,0.3402469932501128,False,822791,1,final,2026-08-03T19:17:32.328250+00:00,9,3,12,1.5,-1.5,8.5,Loss,UNDER,0.2784054394403669,-123.0,,,8.5,0.3402469932501128,0.7041466337444452,Day,0.10_plus,minus_124_to_minus_110,UNBUCKETED,5_to_9.9,0.20_plus,70_to_74.9,70_to_74.9,8.5_to_9.0,UNBUCKETED
63302515,baseball,mlb,2026_07_01,12:35 PM,Baltimore Orioles,Chicago White Sox,total,under,10.0,under_total,-111.0,0.7182621071578809,0.3554015624635194,0.4055330461031287,False,824818,1,final,2026-08-03T19:17:32.328250+00:00,6,1,7,-1.5,1.5,10.0,Win,UNDER,0.3554015624635194,-111.0,,,10.0,0.4055330461031287,0.7182621071578809,Day,0.10_plus,minus_124_to_minus_110,UNBUCKETED,10_to_14.9,0.20_plus,70_to_74.9,70_to_74.9,10.0_to_10.5,UNBUCKETED
63301307,baseball,mlb,2026_07_02,06:40 PM,Cleveland Guardians,Chicago White Sox,run_line,home,1.5,home_run_line,-163.0,0.7306731353135965,0.175688862499852,0.2916703458747587,False,824416,1,final,2026-08-03T19:17:32.328250+00:00,6,5,11,1.5,-1.5,8.5,Win,HOME,0.175688862499852,-163.0,,1.5,8.5,0.2916703458747587,0.7306731353135965,Night,0.10_plus,minus_199_to_minus_150,1.0_to_1.9,5_to_9.9,0.20_plus,70_to_74.9,70_to_74.9,8.5_to_9.0,+1.5
63301691,baseball,mlb,2026_07_02,12:35 PM,Philadelphia Phillies,Pittsburgh Pirates,total,under,10.5,under_total,-119.0,0.7363355362315889,0.346512556792581,0.4225748243471797,False,823442,1,final,2026-08-03T19:17:32.328250+00:00,1,6,7,-1.5,1.5,10.5,Win,UNDER,0.346512556792581,-119.0,,,10.5,0.4225748243471797,0.7363355362315889,Day,0.10_plus,minus_124_to_minus_110,UNBUCKETED,10_to_14.9,0.20_plus,70_to_74.9,70_to_74.9,10.5_to_11.0,UNBUCKETED
63301891,baseball,mlb,2026_07_02,02:10 PM,Milwaukee Brewers,Cincinnati Reds,total,over,7.0,over_total,102.0,0.7441733316145336,0.4995112518993901,0.4933628724130959,False,823765,1,final,2026-08-03T19:17:32.328250+00:00,2,7,9,-1.5,1.5,7.0,Win,OVER,0.4995112518993901,102.0,,,7.0,0.4933628724130959,0.7441733316145336,Day,0.10_plus,plus_101_to_plus_125,UNBUCKETED,5_to_9.9,0.20_plus,70_to_74.9,70_to_74.9,7.0_to_7.5,UNBUCKETED
63302729,baseball,mlb,2026_07_02,07:15 PM,Atlanta Braves,St Louis Cardinals,run_line,home,1.5,home_run_line,-175.0,0.7916206578788505,0.2121253195239078,0.4269568091668388,False,,,final,2026-08-03T19:17:32.328250+00:00,5,11,16,,,,Loss,HOME,0.2121253195239078,-175.0,,,,0.4269568091668388,0.7916206578788505,Night,0.10_plus,minus_199_to_minus_150,UNBUCKETED,UNBUCKETED,0.20_plus,75_to_79.9,75_to_79.9,UNBUCKETED,UNBUCKETED
63301825,baseball,mlb,2026_07_03,09:38 PM,Los Angeles Angels,Boston Red Sox,moneyline,away,,away_moneyline,-104.0,0.5579885474635051,0.0977659969476447,0.0982966368255505,False,824013,1,final,2026-08-03T19:17:32.328250+00:00,2,5,7,1.5,-1.5,7.5,Win,AWAY,0.0977659969476447,-104.0,-104.0,-1.5,7.5,0.0982966368255505,0.5579885474635051,Night,0.075_to_0.0999,minus_109_to_minus_101,1.0_to_1.9,5_to_9.9,0.05_to_0.0999,55_to_59.9,55_to_59.9,7.5_to_8.0,-1.5
63301981,baseball,mlb,2026_07_03,08:10 PM,Colorado Rockies,San Francisco Giants,total,under,11.0,under_total,-114.0,0.7552558740277628,0.3998411244275036,0.4762475704194124,False,824336,1,final,2026-08-03T19:17:32.328250+00:00,15,3,18,1.5,-1.5,11.5,Loss,UNDER,0.3998411244275036,-114.0,,,11.5,0.4762475704194124,0.7552558740277628,Night,0.10_plus,minus_124_to_minus_110,UNBUCKETED,10_to_14.9,0.20_plus,75_to_79.9,75_to_79.9,11.5_to_12.0,UNBUCKETED
63302669,baseball,mlb,2026_07_03,07:10 PM,Cincinnati Reds,Baltimore Orioles,run_line,home,1.5,home_run_line,-156.0,0.6876976916642018,0.1057795452951002,0.2005060906603565,False,824498,1,final,2026-08-03T19:17:32.328250+00:00,0,3,3,1.5,-1.5,10.5,Loss,HOME,0.1057795452951002,-156.0,,1.5,10.5,0.2005060906603565,0.6876976916642018,Night,0.10_plus,minus_199_to_minus_150,1.0_to_1.9,10_to_14.9,0.20_plus,65_to_69.9,65_to_69.9,10.5_to_11.0,+1.5
63302711,baseball,mlb,2026_07_03,07:15 PM,Atlanta Braves,New York Mets,run_line,home,1.5,home_run_line,-196.0,0.7555584115638123,0.1202473970555532,0.2764528982288843,False,824904,1,final,2026-08-03T19:17:32.328250+00:00,5,3,8,1.5,-1.5,9.0,Win,HOME,0.1202473970555532,-196.0,,1.5,9.0,0.2764528982288843,0.7555584115638123,Night,0.10_plus,minus_199_to_minus_150,1.0_to_1.9,5_to_9.9,0.20_plus,75_to_79.9,75_to_79.9,9.0_to_9.5,+1.5
63302711,baseball,mlb,2026_07_03,07:15 PM,Atlanta Braves,New York Mets,total,under,9.5,under_total,-123.0,0.762551014496178,0.37754800426793,0.4704887623264769,False,824904,1,final,2026-08-03T19:17:32.328250+00:00,5,3,8,1.5,-1.5,9.0,Win,UNDER,0.37754800426793,-123.0,,,9.0,0.4704887623264769,0.762551014496178,Night,0.10_plus,minus_124_to_minus_110,UNBUCKETED,5_to_9.9,0.20_plus,75_to_79.9,75_to_79.9,9.0_to_9.5,UNBUCKETED
63303077,baseball,mlb,2026_07_03,10:10 PM,Seattle Mariners,Toronto Blue Jays,run_line,home,1.5,home_run_line,-175.0,0.7429651846876082,0.1142167187948127,0.2931542578909225,False,823120,1,final,2026-08-03T19:17:32.328250+00:00,0,2,2,1.5,-1.5,7.0,Loss,HOME,0.1142167187948127,-175.0,,1.5,7.0,0.2931542578909225,0.7429651846876082,Night,0.10_plus,minus_199_to_minus_150,1.0_to_1.9,5_to_9.9,0.20_plus,70_to_74.9,70_to_74.9,7.0_to_7.5,+1.5
63303203,baseball,mlb,2026_07_03,04:15 PM,Chicago Cubs,St Louis Cardinals,total,under,10.5,under_total,-112.0,0.7259458143277898,0.3829882483096409,0.4190051263749143,False,,,final,2026-08-03T19:17:32.328250+00:00,1,17,18,,,,Loss,UNDER,0.3829882483096409,-112.0,,,,0.4190051263749143,0.7259458143277898,Day,0.10_plus,minus_124_to_minus_110,UNBUCKETED,UNBUCKETED,0.20_plus,70_to_74.9,70_to_74.9,UNBUCKETED,UNBUCKETED
63299149,baseball,mlb,2026_07_04,04:10 PM,Seattle Mariners,Toronto Blue Jays,run_line,away,1.5,away_run_line,-163.0,0.6453907421504393,-0.0191140172664691,0.0673776518556554,False,823118,1,final,2026-08-03T19:17:32.328250+00:00,11,0,11,-1.5,1.5,7.5,Loss,AWAY,-0.0191140172664691,-163.0,,1.5,7.5,0.0673776518556554,0.6453907421504393,Day,<0,minus_199_to_minus_150,1.0_to_1.9,5_to_9.9,0.05_to_0.0999,60_to_64.9,60_to_64.9,7.5_to_8.0,+1.5
63299431,baseball,mlb,2026_07_04,01:35 PM,New York Yankees,Minnesota Twins,total,under,10.0,under_total,-114.0,0.7456103557924667,0.3960746201993143,0.4556061613958788,False,823526,1,final,2026-08-03T19:17:32.328250+00:00,4,11,15,-1.5,1.5,10.5,Loss,UNDER,0.3960746201993143,-114.0,,,10.5,0.4556061613958788,0.7456103557924667,Day,0.10_plus,minus_124_to_minus_110,UNBUCKETED,10_to_14.9,0.20_plus,70_to_74.9,70_to_74.9,10.5_to_11.0,UNBUCKETED
63300843,baseball,mlb,2026_07_04,04:05 PM,Texas Rangers,Detroit Tigers,run_line,home,1.5,home_run_line,-172.0,0.7313654478277585,0.1520279174950601,0.2693140180915031,False,822882,1,final,2026-08-03T19:17:32.328250+00:00,0,3,3,1.5,-1.5,8.5,Loss,HOME,0.1520279174950601,-172.0,,1.5,8.5,0.2693140180915031,0.7313654478277585,Day,0.10_plus,minus_199_to_minus_150,1.0_to_1.9,5_to_9.9,0.20_plus,70_to_74.9,70_to_74.9,8.5_to_9.0,+1.5
63300919,baseball,mlb,2026_07_04,07:10 PM,Cleveland Guardians,Chicago White Sox,run_line,away,1.5,away_run_line,-175.0,0.6425141478496487,-0.0046349105219807,0.0169139065865337,False,824415,1,final,2026-08-03T19:17:32.328250+00:00,1,3,4,-1.5,1.5,7.5,Win,AWAY,-0.0046349105219807,-175.0,,1.5,7.5,0.0169139065865337,0.6425141478496487,Night,<0,minus_199_to_minus_150,1.0_to_1.9,5_to_9.9,0.01_to_0.0199,60_to_64.9,60_to_64.9,7.5_to_8.0,+1.5
63301745,baseball,mlb,2026_07_04,09:40 PM,Athletics,Miami Marlins,total,under,11.0,under_total,-113.0,0.7818602112333568,0.4698915425903093,0.5353622499270498,False,,,final,2026-08-03T19:17:32.328250+00:00,2,7,9,,,,Win,UNDER,0.4698915425903093,-113.0,,,,0.5353622499270498,0.7818602112333568,Night,0.10_plus,minus_124_to_minus_110,UNBUCKETED,UNBUCKETED,0.20_plus,75_to_79.9,75_to_79.9,UNBUCKETED,UNBUCKETED
63303497,baseball,mlb,2026_07_04,07:10 PM,Cincinnati Reds,Baltimore Orioles,run_line,away,1.5,away_run_line,-196.0,0.6656169222559102,0.0065173927946397,0.0102260898774939,False,824499,1,final,2026-08-03T19:17:32.328250+00:00,5,8,13,-1.5,1.5,9.0,Win,AWAY,0.0065173927946397,-196.0,,1.5,9.0,0.0102260898774939,0.6656169222559102,Night,0.00_to_0.0099,minus_199_to_minus_150,1.0_to_1.9,5_to_9.9,0.01_to_0.0199,65_to_69.9,65_to_69.9,9.0_to_9.5,+1.5
63303607,baseball,mlb,2026_07_04,08:55 PM,Colorado Rockies,San Francisco Giants,total,under,11.5,under_total,100.0,0.7801586049369844,0.5271138080257883,0.5603172098739688,False,824334,1,final,2026-08-03T19:17:32.328250+00:00,4,6,10,1.5,-1.5,12.5,Win,UNDER,0.5271138080257883,100.0,,,12.5,0.5603172098739688,0.7801586049369844,Night,0.10_plus,minus_100_to_plus_100,UNBUCKETED,10_to_14.9,0.20_plus,75_to_79.9,75_to_79.9,12.5_to_13.0,UNBUCKETED
63301519,baseball,mlb,2026_07_05,03:30 PM,Texas Rangers,Detroit Tigers,run_line,home,1.5,home_run_line,-181.0,0.7366162505376341,0.1130365547020726,0.2598916640107518,False,822879,1,final,2026-08-03T19:17:32.328250+00:00,3,6,9,1.5,-1.5,7.5,Loss,HOME,0.1130365547020726,-181.0,,1.5,7.5,0.2598916640107518,0.7366162505376341,Day,0.10_plus,minus_199_to_minus_150,1.0_to_1.9,5_to_9.9,0.20_plus,70_to_74.9,70_to_74.9,7.5_to_8.0,+1.5
63301635,baseball,mlb,2026_07_05,03:30 PM,Cleveland Guardians,Chicago White Sox,run_line,away,1.5,away_run_line,-163.0,0.6399318920168677,0.0494281447879522,0.0530208760043621,False,824413,1,final,2026-08-03T19:17:32.328250+00:00,6,7,13,-1.5,1.5,8.5,Win,AWAY,0.0494281447879522,-163.0,,1.5,8.5,0.0530208760043621,0.6399318920168677,Day,0.04_to_0.0499,minus_199_to_minus_150,1.0_to_1.9,5_to_9.9,0.05_to_0.0999,60_to_64.9,60_to_64.9,8.5_to_9.0,+1.5
63301847,baseball,mlb,2026_07_05,02:15 PM,Atlanta Braves,New York Mets,run_line,home,1.5,home_run_line,-196.0,0.7811621741322932,0.1641143037916262,0.3522400354315877,False,824902,1,final,2026-08-03T19:17:32.328250+00:00,9,10,19,1.5,-1.5,9.0,Win,HOME,0.1641143037916262,-196.0,,1.5,9.0,0.3522400354315877,0.7811621741322932,Day,0.10_plus,minus_199_to_minus_150,1.0_to_1.9,5_to_9.9,0.20_plus,75_to_79.9,75_to_79.9,9.0_to_9.5,+1.5
63301847,baseball,mlb,2026_07_05,02:15 PM,Atlanta Braves,New York Mets,total,under,9.0,under_total,-109.0,0.7254361634479445,0.3862285434637016,0.426161581606204,False,824902,1,final,2026-08-03T19:17:32.328250+00:00,9,10,19,1.5,-1.5,9.0,Loss,UNDER,0.3862285434637016,-109.0,,,9.0,0.426161581606204,0.7254361634479445,Day,0.10_plus,minus_109_to_minus_101,UNBUCKETED,5_to_9.9,0.20_plus,70_to_74.9,70_to_74.9,9.0_to_9.5,UNBUCKETED
63302315,baseball,mlb,2026_07_05,01:00 PM,Washington Nationals,Pittsburgh Pirates,moneyline,away,,away_moneyline,108.0,0.5286350252735879,0.0969608525690627,0.092185974600984,False,822715,1,final,2026-08-03T19:17:32.328250+00:00,5,11,16,-1.5,1.5,9.5,Win,AWAY,0.0969608525690627,108.0,108.0,1.5,9.5,0.092185974600984,0.5286350252735879,Day,0.075_to_0.0999,plus_101_to_plus_125,1.0_to_1.9,5_to_9.9,0.05_to_0.0999,50_to_54.9,50_to_54.9,9.5_to_10.0,+1.5
63303083,baseball,mlb,2026_07_05,04:30 PM,Athletics,Miami Marlins,moneyline,away,,away_moneyline,100.0,0.5391970950171475,0.092694190034295,0.078394190034295,False,,,final,2026-08-03T19:17:32.328250+00:00,8,9,17,,,,Win,AWAY,0.092694190034295,100.0,100.0,,,0.078394190034295,0.5391970950171475,Day,0.075_to_0.0999,minus_100_to_plus_100,UNBUCKETED,UNBUCKETED,0.05_to_0.0999,50_to_54.9,50_to_54.9,UNBUCKETED,UNBUCKETED
63303623,baseball,mlb,2026_07_05,01:05 PM,Cincinnati Reds,Baltimore Orioles,run_line,home,1.5,home_run_line,-175.0,0.7183766655340298,0.091827617267761,0.2255358302185819,False,824497,1,final,2026-08-03T19:17:32.328250+00:00,3,2,5,1.5,-1.5,10.0,Win,HOME,0.091827617267761,-175.0,,1.5,10.0,0.2255358302185819,0.7183766655340298,Day,0.075_to_0.0999,minus_199_to_minus_150,1.0_to_1.9,10_to_14.9,0.20_plus,70_to_74.9,70_to_74.9,10.0_to_10.5,+1.5
63303883,baseball,mlb,2026_07_05,07:20 PM,Los Angeles Dodgers,San Diego Padres,total,under,9.5,under_total,-104.0,0.785522927771894,0.5347896615038897,0.5624667726546638,False,823931,1,final,2026-08-03T19:17:32.328250+00:00,2,5,7,-1.5,1.5,10.5,Win,UNDER,0.5347896615038897,-104.0,,,10.5,0.5624667726546638,0.785522927771894,Night,0.10_plus,minus_109_to_minus_101,UNBUCKETED,10_to_14.9,0.20_plus,75_to_79.9,75_to_79.9,10.5_to_11.0,UNBUCKETED
63299217,baseball,mlb,2026_07_06,09:40 PM,San Diego Padres,Arizona Diamondbacks,run_line,home,1.5,home_run_line,-188.0,0.7276252639772832,0.0990599788588167,0.2155607602545756,False,823282,1,final,2026-08-03T19:17:32.328250+00:00,0,8,8,1.5,-1.5,8.5,Loss,HOME,0.0990599788588167,-188.0,,1.5,8.5,0.2155607602545756,0.7276252639772832,Night,0.075_to_0.0999,minus_199_to_minus_150,1.0_to_1.9,5_to_9.9,0.20_plus,70_to_74.9,70_to_74.9,8.5_to_9.0,+1.5
63302119,baseball,mlb,2026_07_06,06:45 PM,Washington Nationals,Houston Astros,run_line,away,1.5,away_run_line,-172.0,0.6540804193489441,0.0454097329239117,0.0590987406291281,False,822712,1,final,2026-08-03T19:17:32.328250+00:00,12,11,23,1.5,-1.5,10.0,Win,AWAY,0.0454097329239117,-172.0,,-1.5,10.0,0.0590987406291281,0.6540804193489441,Night,0.04_to_0.0499,minus_199_to_minus_150,1.0_to_1.9,10_to_14.9,0.05_to_0.0999,65_to_69.9,65_to_69.9,10.0_to_10.5,-1.5
63302377,baseball,mlb,2026_07_06,07:15 PM,Atlanta Braves,New York Mets,total,under,9.0,under_total,-123.0,0.7254361634479445,0.31050707141688,0.3877226444889162,False,824900,1,final,2026-08-03T19:17:32.328250+00:00,6,7,13,-1.5,1.5,9.0,Loss,UNDER,0.31050707141688,-123.0,,,9.0,0.3877226444889162,0.7254361634479445,Night,0.10_plus,minus_124_to_minus_110,UNBUCKETED,5_to_9.9,0.20_plus,70_to_74.9,70_to_74.9,9.0_to_9.5,UNBUCKETED
63299245,baseball,mlb,2026_07_07,07:30 PM,Baltimore Orioles,Chicago Cubs,run_line,home,1.5,home_run_line,-163.0,0.6803534031636584,0.1139981290309336,0.1593294503204216,False,824820,1,final,2026-08-03T19:17:32.328250+00:00,2,5,7,1.5,-1.5,9.5,Loss,HOME,0.1139981290309336,-163.0,,1.5,9.5,0.1593294503204216,0.6803534031636584,Night,0.10_plus,minus_199_to_minus_150,1.0_to_1.9,5_to_9.9,0.15_to_0.1999,65_to_69.9,65_to_69.9,9.5_to_10.0,+1.5
63301573,baseball,mlb,2026_07_07,06:40 PM,Tampa Bay Rays,New York Yankees,run_line,home,1.5,home_run_line,-204.0,0.6895694177451434,0.0483936421300176,0.0562910299452358,False,822956,1,final,2026-08-03T19:17:32.328250+00:00,6,4,10,-1.5,1.5,7.5,Win,HOME,0.0483936421300176,-204.0,,-1.5,7.5,0.0562910299452358,0.6895694177451434,Night,0.04_to_0.0499,minus_200_or_lower,1.0_to_1.9,5_to_9.9,0.05_to_0.0999,65_to_69.9,65_to_69.9,7.5_to_8.0,-1.5
63302303,baseball,mlb,2026_07_07,06:40 PM,Miami Marlins,Seattle Mariners,run_line,home,1.5,home_run_line,-200.0,0.7312134200663456,0.0968201300995184,0.1936402601990368,False,823847,1,final,2026-08-03T19:17:32.328250+00:00,6,5,11,-1.5,1.5,8.0,Win,HOME,0.0968201300995184,-200.0,,-1.5,8.0,0.1936402601990368,0.7312134200663456,Night,0.075_to_0.0999,minus_200_or_lower,1.0_to_1.9,5_to_9.9,0.15_to_0.1999,70_to_74.9,70_to_74.9,8.0_to_8.5,-1.5
63302819,baseball,mlb,2026_07_07,07:40 PM,Minnesota Twins,Cleveland Guardians,run_line,home,1.5,home_run_line,-204.0,0.7041095884110581,0.0453613474360865,0.1004931487696165,False,823687,1,final,2026-08-03T19:17:32.328250+00:00,3,1,4,1.5,-1.5,8.5,Win,HOME,0.0453613474360865,-204.0,,1.5,8.5,0.1004931487696165,0.7041095884110581,Night,0.04_to_0.0499,minus_200_or_lower,1.0_to_1.9,5_to_9.9,0.10_to_0.1499,70_to_74.9,70_to_74.9,8.5_to_9.0,+1.5
63303455,baseball,mlb,2026_07_07,09:45 PM,San Francisco Giants,Toronto Blue Jays,run_line,home,1.5,home_run_line,-181.0,0.6952221940246348,0.0793228537067534,0.1435743652092238,False,823203,1,final,2026-08-03T19:17:32.328250+00:00,3,9,12,1.5,-1.5,7.5,Loss,HOME,0.0793228537067534,-181.0,,1.5,7.5,0.1435743652092238,0.6952221940246348,Night,0.075_to_0.0999,minus_199_to_minus_150,1.0_to_1.9,5_to_9.9,0.10_to_0.1499,65_to_69.9,65_to_69.9,7.5_to_8.0,+1.5
63303535,baseball,mlb,2026_07_07,06:45 PM,Washington Nationals,Houston Astros,run_line,home,1.5,home_run_line,-196.0,0.7173094281108718,0.0910836261266227,0.1632359072081805,False,822713,1,final,2026-08-03T19:17:32.328250+00:00,3,6,9,1.5,-1.5,9.5,Loss,HOME,0.0910836261266227,-196.0,,1.5,9.5,0.1632359072081805,0.7173094281108718,Night,0.075_to_0.0999,minus_199_to_minus_150,1.0_to_1.9,5_to_9.9,0.15_to_0.1999,70_to_74.9,70_to_74.9,9.5_to_10.0,+1.5
63299475,baseball,mlb,2026_07_08,10:10 PM,San Diego Padres,Arizona Diamondbacks,moneyline,away,,away_moneyline,120.0,0.5081152699569393,0.0977035939052667,0.0982113282543888,False,823279,1,final,2026-08-03T19:17:32.328250+00:00,10,4,14,-1.5,1.5,8.5,Loss,AWAY,0.0977035939052667,120.0,120.0,1.5,8.5,0.0982113282543888,0.5081152699569393,Night,0.075_to_0.0999,plus_101_to_plus_125,1.0_to_1.9,5_to_9.9,0.05_to_0.0999,50_to_54.9,50_to_54.9,8.5_to_9.0,+1.5
63301053,baseball,mlb,2026_07_08,06:40 PM,Detroit Tigers,Athletics,total,over,9.0,over_total,100.0,0.6748064017060548,0.3507703484719118,0.3496128034121095,False,,,final,2026-08-03T19:17:32.328250+00:00,6,1,7,,,,Loss,OVER,0.3507703484719118,100.0,,,,0.3496128034121095,0.6748064017060548,Night,0.10_plus,minus_100_to_plus_100,UNBUCKETED,UNBUCKETED,0.20_plus,65_to_69.9,65_to_69.9,UNBUCKETED,UNBUCKETED
63302673,baseball,mlb,2026_07_08,03:45 PM,San Francisco Giants,Toronto Blue Jays,run_line,home,1.5,home_run_line,-185.0,0.6957452267121775,0.0451737276376789,0.132873896129706,False,823202,1,final,2026-08-03T19:17:32.328250+00:00,0,10,10,1.5,-1.5,7.0,Loss,HOME,0.0451737276376789,-185.0,,1.5,7.0,0.132873896129706,0.6957452267121775,Day,0.04_to_0.0499,minus_199_to_minus_150,1.0_to_1.9,5_to_9.9,0.10_to_0.1499,65_to_69.9,65_to_69.9,7.0_to_7.5,+1.5
63302673,baseball,mlb,2026_07_08,03:45 PM,San Francisco Giants,Toronto Blue Jays,total,over,7.0,over_total,102.0,0.6520163318722281,0.3108678344973178,0.3108558729234321,False,823202,1,final,2026-08-03T19:17:32.328250+00:00,0,10,10,1.5,-1.5,7.0,Win,OVER,0.3108678344973178,102.0,,,7.0,0.3108558729234321,0.6520163318722281,Day,0.10_plus,plus_101_to_plus_125,UNBUCKETED,5_to_9.9,0.20_plus,65_to_69.9,65_to_69.9,7.0_to_7.5,UNBUCKETED
63303037,baseball,mlb,2026_07_08,07:40 PM,Minnesota Twins,Cleveland Guardians,run_line,away,1.5,away_run_line,-188.0,0.6977475284376069,0.0558898307980361,0.1295128819003079,False,823684,1,final,2026-08-03T19:17:32.328250+00:00,6,5,11,-1.5,1.5,8.5,Win,AWAY,0.0558898307980361,-188.0,,1.5,8.5,0.1295128819003079,0.6977475284376069,Night,0.05_to_0.0749,minus_199_to_minus_150,1.0_to_1.9,5_to_9.9,0.10_to_0.1499,65_to_69.9,65_to_69.9,8.5_to_9.0,+1.5
63303037,baseball,mlb,2026_07_08,07:40 PM,Minnesota Twins,Cleveland Guardians,moneyline,away,,away_moneyline,112.0,0.5223246784760981,0.094328318369328,0.0958288556868999,False,823684,1,final,2026-08-03T19:17:32.328250+00:00,6,5,11,-1.5,1.5,8.5,Loss,AWAY,0.094328318369328,112.0,112.0,1.5,8.5,0.0958288556868999,0.5223246784760981,Night,0.075_to_0.0999,plus_101_to_plus_125,1.0_to_1.9,5_to_9.9,0.05_to_0.0999,50_to_54.9,50_to_54.9,8.5_to_9.0,+1.5
63303155,baseball,mlb,2026_07_08,06:35 PM,Baltimore Orioles,Chicago Cubs,moneyline,away,,away_moneyline,108.0,0.541573845505449,0.0978735986513339,0.1171051839364202,False,824815,1,final,2026-08-03T19:17:32.328250+00:00,7,9,16,-1.5,1.5,10.0,Win,AWAY,0.0978735986513339,108.0,108.0,1.5,10.0,0.1171051839364202,0.541573845505449,Night,0.075_to_0.0999,plus_101_to_plus_125,1.0_to_1.9,10_to_14.9,0.10_to_0.1499,50_to_54.9,50_to_54.9,10.0_to_10.5,+1.5
63303567,baseball,mlb,2026_07_08,07:40 PM,Chicago White Sox,Boston Red Sox,moneyline,away,,away_moneyline,102.0,0.515951008349917,0.0779710368668323,0.0413931733988553,False,824578,1,final,2026-08-03T19:17:32.328250+00:00,0,5,5,1.5,-1.5,8.0,Win,AWAY,0.0779710368668323,102.0,102.0,-1.5,8.0,0.0413931733988553,0.515951008349917,Night,0.075_to_0.0999,plus_101_to_plus_125,1.0_to_1.9,5_to_9.9,0.03_to_0.0499,50_to_54.9,50_to_54.9,8.0_to_8.5,-1.5
63303643,baseball,mlb,2026_07_08,06:40 PM,Miami Marlins,Seattle Mariners,total,under,8.5,under_total,-111.0,0.7106644555111001,0.3456107560269907,0.3895020011284213,False,823848,1,final,2026-08-03T19:17:32.328250+00:00,2,0,2,1.5,-1.5,9.0,Win,UNDER,0.3456107560269907,-111.0,,,9.0,0.3895020011284213,0.7106644555111001,Night,0.10_plus,minus_124_to_minus_110,UNBUCKETED,5_to_9.9,0.20_plus,70_to_74.9,70_to_74.9,9.0_to_9.5,UNBUCKETED
63301801,baseball,mlb,2026_07_09,12:35 PM,Pittsburgh Pirates,Atlanta Braves,run_line,home,1.5,home_run_line,-158.0,0.7242015210098374,0.1533069140540381,0.2884399242053803,False,823359,1,final,2026-08-03T19:17:32.328250+00:00,5,10,15,1.5,-1.5,10.0,Loss,HOME,0.1533069140540381,-158.0,,1.5,10.0,0.2884399242053803,0.7242015210098374,Day,0.10_plus,minus_199_to_minus_150,1.0_to_1.9,10_to_14.9,0.20_plus,70_to_74.9,70_to_74.9,10.0_to_10.5,+1.5
63301801,baseball,mlb,2026_07_09,12:35 PM,Pittsburgh Pirates,Atlanta Braves,total,under,9.5,under_total,-117.0,0.7004118470293378,0.2934684904456824,0.3498937080536631,False,823359,1,final,2026-08-03T19:17:32.328250+00:00,5,10,15,1.5,-1.5,10.0,Loss,UNDER,0.2934684904456824,-117.0,,,10.0,0.3498937080536631,0.7004118470293378,Day,0.10_plus,minus_124_to_minus_110,UNBUCKETED,10_to_14.9,0.20_plus,70_to_74.9,70_to_74.9,10.0_to_10.5,UNBUCKETED
63301801,baseball,mlb,2026_07_09,12:35 PM,Pittsburgh Pirates,Atlanta Braves,moneyline,home,,home_moneyline,100.0,0.5411859620814845,0.053121924162969,0.082371924162969,False,823359,1,final,2026-08-03T19:17:32.328250+00:00,5,10,15,1.5,-1.5,10.0,Loss,HOME,0.053121924162969,100.0,100.0,1.5,10.0,0.082371924162969,0.5411859620814845,Day,0.05_to_0.0749,minus_100_to_plus_100,1.0_to_1.9,10_to_14.9,0.05_to_0.0999,50_to_54.9,50_to_54.9,10.0_to_10.5,+1.5
63301879,baseball,mlb,2026_07_09,09:40 PM,San Diego Padres,Arizona Diamondbacks,run_line,away,1.5,away_run_line,-196.0,0.6687791109377648,-0.0322570569511307,0.0195861683757835,False,823277,1,final,2026-08-03T19:17:32.328250+00:00,1,3,4,-1.5,1.5,9.0,Win,AWAY,-0.0322570569511307,-196.0,,1.5,9.0,0.0195861683757835,0.6687791109377648,Night,<0,minus_199_to_minus_150,1.0_to_1.9,5_to_9.9,0.01_to_0.0199,65_to_69.9,65_to_69.9,9.0_to_9.5,+1.5
63302027,baseball,mlb,2026_07_09,09:45 PM,San Francisco Giants,Colorado Rockies,total,over,8.5,over_total,100.0,0.7653401583164531,0.5244486728333112,0.5306803166329062,False,823201,1,final,2026-08-03T19:17:32.328250+00:00,8,2,10,-1.5,1.5,9.0,Win,OVER,0.5244486728333112,100.0,,,9.0,0.5306803166329062,0.7653401583164531,Night,0.10_plus,minus_100_to_plus_100,UNBUCKETED,5_to_9.9,0.20_plus,75_to_79.9,75_to_79.9,9.0_to_9.5,UNBUCKETED
63301909,baseball,mlb,2026_07_10,07:10 PM,Miami Marlins,Cleveland Guardians,run_line,home,1.5,home_run_line,-212.0,0.7732532710814383,0.1230453800821167,0.2925502057740874,False,823845,1,final,2026-08-03T19:17:32.328250+00:00,2,3,5,1.5,-1.5,7.0,Win,HOME,0.1230453800821167,-212.0,,1.5,7.0,0.2925502057740874,0.7732532710814383,Night,0.10_plus,minus_200_or_lower,1.0_to_1.9,5_to_9.9,0.20_plus,75_to_79.9,75_to_79.9,7.0_to_7.5,+1.5
63303457,baseball,mlb,2026_07_10,07:05 PM,Baltimore Orioles,Kansas City Royals,run_line,away,1.5,away_run_line,-156.0,0.6101893865592222,-0.0090635707746098,0.0020848295916086,False,824817,1,final,2026-08-03T19:17:32.328250+00:00,5,3,8,-1.5,1.5,10.5,Loss,AWAY,-0.0090635707746098,-156.0,,1.5,10.5,0.0020848295916086,0.6101893865592222,Night,<0,minus_199_to_minus_150,1.0_to_1.9,10_to_14.9,0.001_to_0.0099,60_to_64.9,60_to_64.9,10.5_to_11.0,+1.5
63303861,baseball,mlb,2026_07_10,07:10 PM,Cincinnati Reds,Chicago Cubs,run_line,home,1.5,home_run_line,-175.0,0.6607906984439768,0.0234353832691063,0.067174420720936,False,824493,1,final,2026-08-03T19:17:32.328250+00:00,4,0,4,1.5,-1.5,9.5,Win,HOME,0.0234353832691063,-175.0,,1.5,9.5,0.067174420720936,0.6607906984439768,Night,0.02_to_0.0299,minus_199_to_minus_150,1.0_to_1.9,5_to_9.9,0.05_to_0.0999,65_to_69.9,65_to_69.9,9.5_to_10.0,+1.5
63299227,baseball,mlb,2026_07_11,04:15 PM,Pittsburgh Pirates,Milwaukee Brewers,run_line,home,1.5,home_run_line,-158.0,0.675217493114104,0.0908703368572075,0.1620611322343881,False,823356,2,final,2026-08-03T19:17:32.328250+00:00,3,2,5,1.5,-1.5,9.0,Win,HOME,0.0908703368572075,-158.0,,1.5,9.0,0.1620611322343881,0.675217493114104,Day,0.075_to_0.0999,minus_199_to_minus_150,1.0_to_1.9,5_to_9.9,0.15_to_0.1999,65_to_69.9,65_to_69.9,9.0_to_9.5,+1.5
63301211,baseball,mlb,2026_07_11,02:10 PM,Chicago White Sox,Athletics,run_line,home,1.5,home_run_line,-166.0,0.737963605586531,0.2098199944940796,0.3029831908601723,False,,,final,2026-08-03T19:17:32.328250+00:00,1,0,1,,,,Win,HOME,0.2098199944940796,-166.0,,,,0.3029831908601723,0.737963605586531,Day,0.10_plus,minus_199_to_minus_150,UNBUCKETED,UNBUCKETED,0.20_plus,70_to_74.9,70_to_74.9,UNBUCKETED,UNBUCKETED
63301975,baseball,mlb,2026_07_11,07:05 PM,Baltimore Orioles,Kansas City Royals,run_line,away,1.5,away_run_line,-156.0,0.6145157741157541,0.0064861421386733,0.0131603817363303,False,824813,1,final,2026-08-03T19:17:32.328250+00:00,6,1,7,-1.5,1.5,9.0,Loss,AWAY,0.0064861421386733,-156.0,,1.5,9.0,0.0131603817363303,0.6145157741157541,Night,0.00_to_0.0099,minus_199_to_minus_150,1.0_to_1.9,5_to_9.9,0.01_to_0.0199,60_to_64.9,60_to_64.9,9.0_to_9.5,+1.5
63302127,baseball,mlb,2026_07_11,06:10 PM,Detroit Tigers,Philadelphia Phillies,run_line,home,1.5,home_run_line,-151.0,0.6821048536072631,0.1344799222213448,0.2020831825542305,False,824249,1,final,2026-08-03T19:17:32.328250+00:00,2,4,6,1.5,-1.5,7.5,Loss,HOME,0.1344799222213448,-151.0,,1.5,7.5,0.2020831825542305,0.6821048536072631,Night,0.10_plus,minus_199_to_minus_150,1.0_to_1.9,5_to_9.9,0.20_plus,65_to_69.9,65_to_69.9,7.5_to_8.0,+1.5
63302567,baseball,mlb,2026_07_11,04:30 PM,Tampa Bay Rays,Seattle Mariners,run_line,home,1.5,home_run_line,-200.0,0.7437566291526778,0.0987349437290167,0.2312698874580334,False,822953,1,final,2026-08-03T19:17:32.328250+00:00,6,1,7,1.5,-1.5,7.0,Win,HOME,0.0987349437290167,-200.0,,1.5,7.0,0.2312698874580334,0.7437566291526778,Day,0.075_to_0.0999,minus_200_or_lower,1.0_to_1.9,5_to_9.9,0.20_plus,70_to_74.9,70_to_74.9,7.0_to_7.5,+1.5
63302643,baseball,mlb,2026_07_11,04:10 PM,Miami Marlins,Cleveland Guardians,run_line,away,1.5,away_run_line,-172.0,0.6325098011168127,-0.0153519424199241,0.0004266590377305,False,823844,1,final,2026-08-03T19:17:32.328250+00:00,1,4,5,-1.5,1.5,7.5,Win,AWAY,-0.0153519424199241,-172.0,,1.5,7.5,0.0004266590377305,0.6325098011168127,Day,<0,minus_199_to_minus_150,1.0_to_1.9,5_to_9.9,0.001_to_0.0099,60_to_64.9,60_to_64.9,7.5_to_8.0,+1.5
63303763,baseball,mlb,2026_07_11,04:10 PM,New York Mets,Boston Red Sox,run_line,away,1.5,away_run_line,-172.0,0.6714155573667575,0.0617734395567328,0.1062503160375806,False,823603,1,final,2026-08-03T19:17:32.328250+00:00,0,4,4,-1.5,1.5,7.5,Win,AWAY,0.0617734395567328,-172.0,,1.5,7.5,0.1062503160375806,0.6714155573667575,Day,0.05_to_0.0749,minus_199_to_minus_150,1.0_to_1.9,5_to_9.9,0.10_to_0.1499,65_to_69.9,65_to_69.9,7.5_to_8.0,+1.5
63301035,baseball,mlb,2026_07_12,02:10 PM,Chicago White Sox,Athletics,run_line,home,1.5,home_run_line,-204.0,0.7640214557063282,0.1021417771309989,0.2826252253472376,False,,,final,2026-08-03T19:17:32.328250+00:00,9,1,10,,,,Win,HOME,0.1021417771309989,-204.0,,,,0.2826252253472376,0.7640214557063282,Day,0.10_plus,minus_200_or_lower,UNBUCKETED,UNBUCKETED,0.20_plus,75_to_79.9,75_to_79.9,UNBUCKETED,UNBUCKETED
63301077,baseball,mlb,2026_07_12,01:35 PM,Baltimore Orioles,Kansas City Royals,run_line,away,1.5,away_run_line,-158.0,0.613063032716286,-0.0197223896151786,0.0017026244080178,False,824814,1,final,2026-08-03T19:17:32.328250+00:00,8,2,10,-1.5,1.5,9.5,Loss,AWAY,-0.0197223896151786,-158.0,,1.5,9.5,0.0017026244080178,0.613063032716286,Day,<0,minus_199_to_minus_150,1.0_to_1.9,5_to_9.9,0.001_to_0.0099,60_to_64.9,60_to_64.9,9.5_to_10.0,+1.5
63301945,baseball,mlb,2026_07_12,02:35 PM,Texas Rangers,Houston Astros,run_line,away,1.5,away_run_line,-188.0,0.6624828275954441,-0.0267326896410217,0.0279505434748789,False,822876,1,final,2026-08-03T19:17:32.328250+00:00,6,5,11,-1.5,1.5,9.0,Win,AWAY,-0.0267326896410217,-188.0,,1.5,9.0,0.0279505434748789,0.6624828275954441,Day,<0,minus_199_to_minus_150,1.0_to_1.9,5_to_9.9,0.02_to_0.0299,65_to_69.9,65_to_69.9,9.0_to_9.5,+1.5
63302047,baseball,mlb,2026_07_12,01:40 PM,New York Mets,Boston Red Sox,run_line,home,1.5,home_run_line,-163.0,0.7150640830763733,0.1017537045956207,0.2506185384908617,False,823602,1,final,2026-08-03T19:17:32.328250+00:00,2,3,5,1.5,-1.5,8.0,Win,HOME,0.1017537045956207,-163.0,,1.5,8.0,0.2506185384908617,0.7150640830763733,Day,0.10_plus,minus_199_to_minus_150,1.0_to_1.9,5_to_9.9,0.20_plus,70_to_74.9,70_to_74.9,8.0_to_8.5,+1.5
63303419,baseball,mlb,2026_07_12,01:40 PM,Tampa Bay Rays,Seattle Mariners,run_line,away,1.5,away_run_line,-188.0,0.6550106514806594,-0.0043794275189898,0.006430676264299,False,822951,1,final,2026-08-03T19:17:32.328250+00:00,2,7,9,-1.5,1.5,8.0,Win,AWAY,-0.0043794275189898,-188.0,,1.5,8.0,0.006430676264299,0.6550106514806594,Day,<0,minus_199_to_minus_150,1.0_to_1.9,5_to_9.9,0.001_to_0.0099,65_to_69.9,65_to_69.9,8.0_to_8.5,+1.5
63303443,baseball,mlb,2026_07_12,12:15 PM,Pittsburgh Pirates,Milwaukee Brewers,moneyline,away,,away_moneyline,104.0,0.5501259445843828,0.0949569269521409,0.1175547374539816,False,823358,1,final,2026-08-03T19:17:32.328250+00:00,14,5,19,-1.5,1.5,8.5,Loss,AWAY,0.0949569269521409,104.0,104.0,1.5,8.5,0.1175547374539816,0.5501259445843828,Day,0.075_to_0.0999,plus_101_to_plus_125,1.0_to_1.9,5_to_9.9,0.10_to_0.1499,55_to_59.9,55_to_59.9,8.5_to_9.0,+1.5
63303737,baseball,mlb,2026_07_12,01:40 PM,Miami Marlins,Cleveland Guardians,run_line,home,1.5,home_run_line,-188.0,0.7694222585941974,0.1578894174208981,0.3359361047512886,False,823842,1,final,2026-08-03T19:17:32.328250+00:00,2,5,7,1.5,-1.5,7.5,Loss,HOME,0.1578894174208981,-188.0,,1.5,7.5,0.3359361047512886,0.7694222585941974,Day,0.10_plus,minus_199_to_minus_150,1.0_to_1.9,5_to_9.9,0.20_plus,75_to_79.9,75_to_79.9,7.5_to_8.0,+1.5
63301305,baseball,mlb,2026_07_16,06:10 PM,Philadelphia Phillies,New York Mets,run_line,away,1.5,away_run_line,-181.0,0.659037284826116,0.0322462819676164,0.0418947703613859,False,823440,1,final,2026-08-03T19:17:32.328250+00:00,1,4,5,-1.5,1.5,9.5,Win,AWAY,0.0322462819676164,-181.0,,1.5,9.5,0.0418947703613859,0.659037284826116,Night,0.03_to_0.0399,minus_199_to_minus_150,1.0_to_1.9,5_to_9.9,0.03_to_0.0499,65_to_69.9,65_to_69.9,9.5_to_10.0,+1.5
63300983,baseball,mlb,2026_07_17,08:40 PM,Colorado Rockies,Cincinnati Reds,total,under,12.0,under_total,-111.0,0.7827540681320032,0.4620067958656816,0.5416110837585267,False,824332,1,final,2026-08-03T19:17:32.328250+00:00,2,7,9,1.5,-1.5,12.0,Win,UNDER,0.4620067958656816,-111.0,,,12.0,0.5416110837585267,0.7827540681320032,Night,0.10_plus,minus_124_to_minus_110,UNBUCKETED,10_to_14.9,0.20_plus,75_to_79.9,75_to_79.9,12.0_to_12.5,UNBUCKETED
63303013,baseball,mlb,2026_07_17,09:40 PM,Arizona Diamondbacks,St Louis Cardinals,run_line,home,1.5,home_run_line,-175.0,0.7283095773719618,0.1444864787273685,0.2528513377728948,False,,,final,2026-08-03T19:17:32.328250+00:00,4,5,9,,,,Win,HOME,0.1444864787273685,-175.0,,,,0.2528513377728948,0.7283095773719618,Night,0.10_plus,minus_199_to_minus_150,UNBUCKETED,UNBUCKETED,0.20_plus,70_to_74.9,70_to_74.9,UNBUCKETED,UNBUCKETED
63303587,baseball,mlb,2026_07_17,08:10 PM,Houston Astros,Baltimore Orioles,run_line,home,1.5,home_run_line,-192.0,0.7043859848560546,0.0914036853019168,0.1368070757796799,False,824170,1,final,2026-08-03T19:17:32.328250+00:00,2,3,5,1.5,-1.5,8.5,Win,HOME,0.0914036853019168,-192.0,,1.5,8.5,0.1368070757796799,0.7043859848560546,Night,0.075_to_0.0999,minus_199_to_minus_150,1.0_to_1.9,5_to_9.9,0.10_to_0.1499,70_to_74.9,70_to_74.9,8.5_to_9.0,+1.5
63303845,baseball,mlb,2026_07_17,07:05 PM,New York Yankees,Los Angeles Dodgers,run_line,home,1.5,home_run_line,-175.0,0.6774178306545231,0.0866137338856791,0.1128990342999385,False,823524,1,final,2026-08-03T19:17:32.328250+00:00,1,2,3,1.5,-1.5,9.0,Win,HOME,0.0866137338856791,-175.0,,1.5,9.0,0.1128990342999385,0.6774178306545231,Night,0.075_to_0.0999,minus_199_to_minus_150,1.0_to_1.9,5_to_9.9,0.10_to_0.1499,65_to_69.9,65_to_69.9,9.0_to_9.5,+1.5
63301029,baseball,mlb,2026_07_18,05:10 PM,Boston Red Sox,Tampa Bay Rays,run_line,home,1.5,home_run_line,-192.0,0.6892864036092915,0.0235897388224643,0.0927162985391315,False,824738,1,final,2026-08-03T19:17:32.328250+00:00,7,6,13,1.5,-1.5,9.5,Win,HOME,0.0235897388224643,-192.0,,1.5,9.5,0.0927162985391315,0.6892864036092915,Night,0.02_to_0.0299,minus_199_to_minus_150,1.0_to_1.9,5_to_9.9,0.05_to_0.0999,65_to_69.9,65_to_69.9,9.5_to_10.0,+1.5
63301591,baseball,mlb,2026_07_18,04:10 PM,Atlanta Braves,Texas Rangers,run_line,home,1.5,home_run_line,-188.0,0.7920823348709131,0.1809027257596966,0.4011971244282296,False,824899,1,final,2026-08-03T19:17:32.328250+00:00,6,7,13,1.5,-1.5,9.0,Win,HOME,0.1809027257596966,-188.0,,1.5,9.0,0.4011971244282296,0.7920823348709131,Day,0.10_plus,minus_199_to_minus_150,1.0_to_1.9,5_to_9.9,0.20_plus,75_to_79.9,75_to_79.9,9.0_to_9.5,+1.5
63301893,baseball,mlb,2026_07_18,10:05 PM,Athletics,Washington Nationals,run_line,away,1.5,away_run_line,-181.0,0.6775411208421916,0.0076732318047283,0.0938905495665584,False,,,final,2026-08-03T19:17:32.328250+00:00,15,1,16,,,,Loss,AWAY,0.0076732318047283,-181.0,,,,0.0938905495665584,0.6775411208421916,Night,0.00_to_0.0099,minus_199_to_minus_150,UNBUCKETED,UNBUCKETED,0.05_to_0.0999,65_to_69.9,65_to_69.9,UNBUCKETED,UNBUCKETED
63302305,baseball,mlb,2026_07_18,03:45 PM,Toronto Blue Jays,Chicago White Sox,run_line,home,1.5,home_run_line,-172.0,0.7538714017520499,0.155118728352079,0.3305302127655758,False,822790,1,final,2026-08-03T19:17:32.328250+00:00,1,0,1,1.5,-1.5,9.0,Win,HOME,0.155118728352079,-172.0,,1.5,9.0,0.3305302127655758,0.7538714017520499,Day,0.10_plus,minus_199_to_minus_150,1.0_to_1.9,5_to_9.9,0.20_plus,75_to_79.9,75_to_79.9,9.0_to_9.5,+1.5
63302615,baseball,mlb,2026_07_19,02:10 PM,Kansas City Royals,San Diego Padres,run_line,away,1.5,away_run_line,-175.0,0.6831091112991644,0.0429071748986869,0.1285500560727021,False,824086,1,final,2026-08-03T19:17:32.328250+00:00,2,19,21,1.5,-1.5,9.5,Win,AWAY,0.0429071748986869,-175.0,,-1.5,9.5,0.1285500560727021,0.6831091112991644,Day,0.04_to_0.0499,minus_199_to_minus_150,1.0_to_1.9,5_to_9.9,0.10_to_0.1499,65_to_69.9,65_to_69.9,9.5_to_10.0,-1.5
63302663,baseball,mlb,2026_07_19,12:15 PM,Toronto Blue Jays,Chicago White Sox,run_line,home,1.5,home_run_line,-172.0,0.7590223911833932,0.2061644790807149,0.3445409040188296,False,822786,1,final,2026-08-03T19:17:32.328250+00:00,0,3,3,1.5,-1.5,8.0,Loss,HOME,0.2061644790807149,-172.0,,1.5,8.0,0.3445409040188296,0.7590223911833932,Day,0.10_plus,minus_199_to_minus_150,1.0_to_1.9,5_to_9.9,0.20_plus,75_to_79.9,75_to_79.9,8.0_to_8.5,+1.5
63302739,baseball,mlb,2026_07_19,01:35 PM,Philadelphia Phillies,New York Mets,run_line,home,1.5,home_run_line,-156.0,0.7980322290098208,0.2972413501699623,0.4829625062651414,False,823439,1,final,2026-08-03T19:17:32.328250+00:00,1,6,7,1.5,-1.5,8.5,Loss,HOME,0.2972413501699623,-156.0,,1.5,8.5,0.4829625062651414,0.7980322290098208,Day,0.10_plus,minus_199_to_minus_150,1.0_to_1.9,5_to_9.9,0.20_plus,75_to_79.9,75_to_79.9,8.5_to_9.0,+1.5
63303267,baseball,mlb,2026_07_19,01:35 PM,Atlanta Braves,Texas Rangers,run_line,home,1.5,home_run_line,-163.0,0.7979339907229144,0.2744640463811439,0.4685663956012648,False,824897,1,final,2026-08-03T19:17:32.328250+00:00,8,5,13,1.5,-1.5,8.5,Win,HOME,0.2744640463811439,-163.0,,1.5,8.5,0.4685663956012648,0.7979339907229144,Day,0.10_plus,minus_199_to_minus_150,1.0_to_1.9,5_to_9.9,0.20_plus,75_to_79.9,75_to_79.9,8.5_to_9.0,+1.5
63303685,baseball,mlb,2026_07_19,07:20 PM,New York Yankees,Los Angeles Dodgers,run_line,home,1.5,home_run_line,-169.0,0.6763484501032824,0.0765546335963487,0.1293773307778294,False,823521,2,final,2026-08-03T19:17:32.328250+00:00,2,1,3,1.5,-1.5,9.0,Win,HOME,0.0765546335963487,-169.0,,1.5,9.0,0.1293773307778294,0.6763484501032824,Night,0.075_to_0.0999,minus_199_to_minus_150,1.0_to_1.9,5_to_9.9,0.10_to_0.1499,65_to_69.9,65_to_69.9,9.0_to_9.5,+1.5
63301085,baseball,mlb,2026_07_20,08:35 PM,Chicago Cubs,Detroit Tigers,run_line,home,1.5,home_run_line,-172.0,0.7850992238786373,0.2155522610173799,0.4154698889498935,False,824654,1,final,2026-08-03T19:17:32.328250+00:00,6,8,14,1.5,-1.5,11.5,Loss,HOME,0.2155522610173799,-172.0,,1.5,11.5,0.4154698889498935,0.7850992238786373,Night,0.10_plus,minus_199_to_minus_150,1.0_to_1.9,10_to_14.9,0.20_plus,75_to_79.9,75_to_79.9,11.5_to_12.0,+1.5
63301121,baseball,mlb,2026_07_20,06:40 PM,Cleveland Guardians,Minnesota Twins,run_line,home,1.5,home_run_line,-172.0,0.7812356550480651,0.2159424312388008,0.4049609817307373,False,824410,1,final,2026-08-03T19:17:32.328250+00:00,13,4,17,1.5,-1.5,7.5,Win,HOME,0.2159424312388008,-172.0,,1.5,7.5,0.4049609817307373,0.7812356550480651,Night,0.10_plus,minus_199_to_minus_150,1.0_to_1.9,5_to_9.9,0.20_plus,75_to_79.9,75_to_79.9,7.5_to_8.0,+1.5
63301693,baseball,mlb,2026_07_20,08:40 PM,Colorado Rockies,Washington Nationals,total,under,12.0,under_total,-116.0,0.7675911574018424,0.4056337370345525,0.4979968999879794,False,824328,1,final,2026-08-03T19:17:32.328250+00:00,3,7,10,1.5,-1.5,12.0,Win,UNDER,0.4056337370345525,-116.0,,,12.0,0.4979968999879794,0.7675911574018424,Night,0.10_plus,minus_124_to_minus_110,UNBUCKETED,10_to_14.9,0.20_plus,75_to_79.9,75_to_79.9,12.0_to_12.5,UNBUCKETED
63302183,baseball,mlb,2026_07_20,07:07 PM,Toronto Blue Jays,Tampa Bay Rays,run_line,away,1.5,away_run_line,-175.0,0.6662810624865567,0.0015130981931604,0.0822729218380309,False,822788,1,final,2026-08-03T19:17:32.328250+00:00,1,7,8,-1.5,1.5,7.5,Win,AWAY,0.0015130981931604,-175.0,,1.5,7.5,0.0822729218380309,0.6662810624865567,Night,0.00_to_0.0099,minus_199_to_minus_150,1.0_to_1.9,5_to_9.9,0.05_to_0.0999,65_to_69.9,65_to_69.9,7.5_to_8.0,+1.5
63302731,baseball,mlb,2026_07_20,09:40 PM,Seattle Mariners,Cincinnati Reds,run_line,away,1.5,away_run_line,-169.0,0.6465642088663639,0.0096465809766382,0.0492577218505188,False,823112,1,final,2026-08-03T19:17:32.328250+00:00,8,0,8,-1.5,1.5,7.5,Loss,AWAY,0.0096465809766382,-169.0,,1.5,7.5,0.0492577218505188,0.6465642088663639,Night,0.00_to_0.0099,minus_199_to_minus_150,1.0_to_1.9,5_to_9.9,0.03_to_0.0499,60_to_64.9,60_to_64.9,7.5_to_8.0,+1.5
63303101,baseball,mlb,2026_07_20,07:40 PM,Kansas City Royals,San Francisco Giants,run_line,home,1.5,home_run_line,-185.0,0.7022983776445171,0.079969122317229,0.1515503762868737,False,824087,1,final,2026-08-03T19:17:32.328250+00:00,4,3,7,-1.5,1.5,10.0,Win,HOME,0.079969122317229,-185.0,,-1.5,10.0,0.1515503762868737,0.7022983776445171,Night,0.075_to_0.0999,minus_199_to_minus_150,1.0_to_1.9,10_to_14.9,0.15_to_0.1999,70_to_74.9,70_to_74.9,10.0_to_10.5,-1.5
63303645,baseball,mlb,2026_07_20,10:10 PM,Los Angeles Angels,St Louis Cardinals,run_line,home,1.5,home_run_line,-196.0,0.685667388933353,0.0465476894095533,0.0695754712427247,False,,,final,2026-08-03T19:17:32.328250+00:00,3,2,5,,,,Win,HOME,0.0465476894095533,-196.0,,,,0.0695754712427247,0.685667388933353,Night,0.04_to_0.0499,minus_199_to_minus_150,UNBUCKETED,UNBUCKETED,0.05_to_0.0999,65_to_69.9,65_to_69.9,UNBUCKETED,UNBUCKETED
63301503,baseball,mlb,2026_07_21,07:40 PM,Milwaukee Brewers,New York Mets,total,under,9.0,under_total,-119.0,0.7365616155394318,0.3778085316301323,0.4230699380313557,False,823760,1,final,2026-08-03T19:17:32.328250+00:00,0,4,4,-1.5,1.5,8.5,Win,UNDER,0.3778085316301323,-119.0,,,8.5,0.4230699380313557,0.7365616155394318,Night,0.10_plus,minus_124_to_minus_110,UNBUCKETED,5_to_9.9,0.20_plus,70_to_74.9,70_to_74.9,8.5_to_9.0,UNBUCKETED
63301797,baseball,mlb,2026_07_21,09:38 PM,Los Angeles Angels,St Louis Cardinals,run_line,home,1.5,home_run_line,-172.0,0.6726280166308087,0.0994408169975581,0.1095482052357998,False,,,final,2026-08-03T19:17:32.328250+00:00,5,1,6,,,,Win,HOME,0.0994408169975581,-172.0,,,,0.1095482052357998,0.6726280166308087,Night,0.075_to_0.0999,minus_199_to_minus_150,UNBUCKETED,UNBUCKETED,0.10_to_0.1499,65_to_69.9,65_to_69.9,UNBUCKETED,UNBUCKETED
63302261,baseball,mlb,2026_07_21,07:40 PM,Kansas City Royals,San Francisco Giants,run_line,home,1.5,home_run_line,-181.0,0.7148637019932991,0.0883660235365581,0.1987670026011703,False,824085,1,final,2026-08-03T19:17:32.328250+00:00,3,2,5,1.5,-1.5,9.0,Win,HOME,0.0883660235365581,-181.0,,1.5,9.0,0.1987670026011703,0.7148637019932991,Night,0.075_to_0.0999,minus_199_to_minus_150,1.0_to_1.9,5_to_9.9,0.15_to_0.1999,70_to_74.9,70_to_74.9,9.0_to_9.5,+1.5
63303679,baseball,mlb,2026_07_21,07:07 PM,Toronto Blue Jays,Tampa Bay Rays,run_line,home,1.5,home_run_line,-181.0,0.7140993420845809,0.0884793653357306,0.1966191512576723,False,822787,1,final,2026-08-03T19:17:32.328250+00:00,2,12,14,1.5,-1.5,7.5,Loss,HOME,0.0884793653357306,-181.0,,1.5,7.5,0.1966191512576723,0.7140993420845809,Night,0.075_to_0.0999,minus_199_to_minus_150,1.0_to_1.9,5_to_9.9,0.15_to_0.1999,70_to_74.9,70_to_74.9,7.5_to_8.0,+1.5
63303751,baseball,mlb,2026_07_22,08:05 PM,Chicago Cubs,Detroit Tigers,run_line,home,1.5,home_run_line,-204.0,0.781744052035487,0.1201019206803336,0.3365019181878806,False,824650,1,final,2026-08-03T19:17:32.328250+00:00,1,5,6,-1.5,1.5,8.0,Loss,HOME,0.1201019206803336,-204.0,,-1.5,8.0,0.3365019181878806,0.781744052035487,Night,0.10_plus,minus_200_or_lower,1.0_to_1.9,5_to_9.9,0.20_plus,75_to_79.9,75_to_79.9,8.0_to_8.5,-1.5
63301349,baseball,mlb,2026_07_24,07:10 PM,Miami Marlins,San Diego Padres,run_line,away,1.5,away_run_line,-175.0,0.640382534654299,0.0063154115996126,0.0110519702993221,False,823843,1,final,2026-08-03T19:17:32.328250+00:00,2,4,6,1.5,-1.5,9.0,Win,AWAY,0.0063154115996126,-175.0,,-1.5,9.0,0.0110519702993221,0.640382534654299,Night,0.00_to_0.0099,minus_199_to_minus_150,1.0_to_1.9,5_to_9.9,0.01_to_0.0199,60_to_64.9,60_to_64.9,9.0_to_9.5,-1.5
63302321,baseball,mlb,2026_07_24,06:45 PM,Washington Nationals,Arizona Diamondbacks,run_line,home,1.5,home_run_line,-163.0,0.7403136298021394,0.1918937707850471,0.3170248463796267,False,822707,1,final,2026-08-03T19:17:32.328250+00:00,2,3,5,1.5,-1.5,9.5,Win,HOME,0.1918937707850471,-163.0,,1.5,9.5,0.3170248463796267,0.7403136298021394,Night,0.10_plus,minus_199_to_minus_150,1.0_to_1.9,5_to_9.9,0.20_plus,70_to_74.9,70_to_74.9,9.5_to_10.0,+1.5
63302569,baseball,mlb,2026_07_24,10:15 PM,San Francisco Giants,Los Angeles Angels,run_line,away,1.5,away_run_line,-156.0,0.6404522826155621,-0.0036013823744623,0.0795578434958389,False,823196,1,final,2026-08-03T19:17:32.328250+00:00,7,6,13,-1.5,1.5,8.5,Win,AWAY,-0.0036013823744623,-156.0,,1.5,8.5,0.0795578434958389,0.6404522826155621,Night,<0,minus_199_to_minus_150,1.0_to_1.9,5_to_9.9,0.05_to_0.0999,60_to_64.9,60_to_64.9,8.5_to_9.0,+1.5
63302867,baseball,mlb,2026_07_24,07:40 PM,Chicago White Sox,Houston Astros,run_line,away,1.5,away_run_line,-181.0,0.652335882973015,0.0049424481514764,0.0230638311541721,False,824573,1,final,2026-08-03T19:17:32.328250+00:00,5,9,14,-1.5,1.5,9.0,Win,AWAY,0.0049424481514764,-181.0,,1.5,9.0,0.0230638311541721,0.652335882973015,Night,0.00_to_0.0099,minus_199_to_minus_150,1.0_to_1.9,5_to_9.9,0.02_to_0.0299,65_to_69.9,65_to_69.9,9.0_to_9.5,+1.5
63300965,baseball,mlb,2026_07_25,04:05 PM,Washington Nationals,Arizona Diamondbacks,run_line,away,1.5,away_run_line,-175.0,0.6739599145818213,0.0616798657714333,0.1033897651000084,False,822704,1,final,2026-08-03T19:17:32.328250+00:00,5,3,8,-1.5,1.5,9.5,Loss,AWAY,0.0616798657714333,-175.0,,1.5,9.5,0.1033897651000084,0.6739599145818213,Day,0.05_to_0.0749,minus_199_to_minus_150,1.0_to_1.9,5_to_9.9,0.10_to_0.1499,65_to_69.9,65_to_69.9,9.5_to_10.0,+1.5
63301055,baseball,mlb,2026_07_25,06:05 PM,Philadelphia Phillies,New York Yankees,run_line,home,1.5,home_run_line,-169.0,0.7434560902336582,0.1833709365257636,0.3098968827285405,False,823435,1,final,2026-08-03T19:17:32.328250+00:00,1,3,4,1.5,-1.5,9.0,Loss,HOME,0.1833709365257636,-169.0,,1.5,9.0,0.3098968827285405,0.7434560902336582,Night,0.10_plus,minus_199_to_minus_150,1.0_to_1.9,5_to_9.9,0.20_plus,70_to_74.9,70_to_74.9,9.0_to_9.5,+1.5
63301235,baseball,mlb,2026_07_25,07:15 PM,Texas Rangers,Seattle Mariners,run_line,home,1.5,home_run_line,-188.0,0.6789684660658536,0.0251719054625843,0.0754291822696583,False,822869,1,final,2026-08-03T19:17:32.328250+00:00,7,1,8,1.5,-1.5,7.5,Win,HOME,0.0251719054625843,-188.0,,1.5,7.5,0.0754291822696583,0.6789684660658536,Night,0.02_to_0.0299,minus_199_to_minus_150,1.0_to_1.9,5_to_9.9,0.05_to_0.0999,65_to_69.9,65_to_69.9,7.5_to_8.0,+1.5
63301865,baseball,mlb,2026_07_25,06:40 PM,Pittsburgh Pirates,Chicago Cubs,run_line,away,1.5,away_run_line,-192.0,0.6750361245569427,0.0084174394303506,0.0511054837062732,False,823355,1,final,2026-08-03T19:17:32.328250+00:00,0,11,11,-1.5,1.5,7.5,Win,AWAY,0.0084174394303506,-192.0,,1.5,7.5,0.0511054837062732,0.6750361245569427,Night,0.00_to_0.0099,minus_199_to_minus_150,1.0_to_1.9,5_to_9.9,0.05_to_0.0999,65_to_69.9,65_to_69.9,7.5_to_8.0,+1.5
63302003,baseball,mlb,2026_07_25,07:10 PM,Minnesota Twins,Athletics,total,under,10.5,under_total,-114.0,0.754469593443575,0.4062641905887351,0.4745649299692505,False,,,final,2026-08-03T19:17:32.328250+00:00,2,0,2,,,,Win,UNDER,0.4062641905887351,-114.0,,,,0.4745649299692505,0.754469593443575,Night,0.10_plus,minus_124_to_minus_110,UNBUCKETED,UNBUCKETED,0.20_plus,75_to_79.9,75_to_79.9,UNBUCKETED,UNBUCKETED
63303759,baseball,mlb,2026_07_25,04:10 PM,Boston Red Sox,Toronto Blue Jays,run_line,home,1.5,home_run_line,-208.0,0.7575948036927777,0.0958230746989208,0.2533919953737552,False,824734,1,final,2026-08-03T19:17:32.328250+00:00,0,6,6,1.5,-1.5,7.0,Loss,HOME,0.0958230746989208,-208.0,,1.5,7.0,0.2533919953737552,0.7575948036927777,Day,0.075_to_0.0999,minus_200_or_lower,1.0_to_1.9,5_to_9.9,0.20_plus,75_to_79.9,75_to_79.9,7.0_to_7.5,+1.5
63303847,baseball,mlb,2026_07_25,07:15 PM,St Louis Cardinals,Cincinnati Reds,run_line,home,1.5,home_run_line,-204.0,0.7325615640559008,0.1046603699656562,0.1869871547299383,False,,,final,2026-08-03T19:17:32.328250+00:00,7,0,7,,,,Win,HOME,0.1046603699656562,-204.0,,,,0.1869871547299383,0.7325615640559008,Night,0.10_plus,minus_200_or_lower,UNBUCKETED,UNBUCKETED,0.15_to_0.1999,70_to_74.9,70_to_74.9,UNBUCKETED,UNBUCKETED
63299147,baseball,mlb,2026_07_26,01:35 PM,Baltimore Orioles,Atlanta Braves,run_line,home,1.5,home_run_line,-185.0,0.6599810823170473,0.0258276132992351,0.0309460846035849,False,824810,1,final,2026-08-03T19:17:32.328250+00:00,2,3,5,1.5,-1.5,8.5,Win,HOME,0.0258276132992351,-185.0,,1.5,8.5,0.0309460846035849,0.6599810823170473,Day,0.02_to_0.0299,minus_199_to_minus_150,1.0_to_1.9,5_to_9.9,0.03_to_0.0499,65_to_69.9,65_to_69.9,8.5_to_9.0,+1.5
63300845,baseball,mlb,2026_07_26,02:10 PM,Chicago White Sox,Houston Astros,run_line,home,1.5,home_run_line,-181.0,0.7432820080120768,0.1675850511126715,0.2786224425139357,False,824572,1,final,2026-08-03T19:17:32.328250+00:00,12,3,15,1.5,-1.5,9.0,Win,HOME,0.1675850511126715,-181.0,,1.5,9.0,0.2786224425139357,0.7432820080120768,Day,0.10_plus,minus_199_to_minus_150,1.0_to_1.9,5_to_9.9,0.20_plus,70_to_74.9,70_to_74.9,9.0_to_9.5,+1.5
63301185,baseball,mlb,2026_07_26,02:10 PM,Minnesota Twins,Athletics,total,under,10.0,under_total,-108.0,0.7379047518442814,0.413629364500779,0.4548418838361053,False,,,final,2026-08-03T19:17:32.328250+00:00,11,8,19,,,,Loss,UNDER,0.413629364500779,-108.0,,,,0.4548418838361053,0.7379047518442814,Day,0.10_plus,minus_109_to_minus_101,UNBUCKETED,UNBUCKETED,0.20_plus,70_to_74.9,70_to_74.9,UNBUCKETED,UNBUCKETED
63301463,baseball,mlb,2026_07_26,01:35 PM,Boston Red Sox,Toronto Blue Jays,run_line,away,1.5,away_run_line,-181.0,0.6482763697546093,-0.0007098900494739,0.0116565990104521,False,824730,1,final,2026-08-03T19:17:32.328250+00:00,6,1,7,-1.5,1.5,7.5,Loss,AWAY,-0.0007098900494739,-181.0,,1.5,7.5,0.0116565990104521,0.6482763697546093,Day,<0,minus_199_to_minus_150,1.0_to_1.9,5_to_9.9,0.01_to_0.0199,60_to_64.9,60_to_64.9,7.5_to_8.0,+1.5
63302021,baseball,mlb,2026_07_26,01:35 PM,Pittsburgh Pirates,Chicago Cubs,run_line,away,1.5,away_run_line,-196.0,0.6756021261168835,-0.031052911578584,0.0397822933059751,False,823354,1,final,2026-08-03T19:17:32.328250+00:00,8,7,15,-1.5,1.5,9.0,Win,AWAY,-0.031052911578584,-196.0,,1.5,9.0,0.0397822933059751,0.6756021261168835,Day,<0,minus_199_to_minus_150,1.0_to_1.9,5_to_9.9,0.03_to_0.0499,65_to_69.9,65_to_69.9,9.0_to_9.5,+1.5
63303577,baseball,mlb,2026_07_26,01:35 PM,Washington Nationals,Arizona Diamondbacks,run_line,home,1.5,home_run_line,-156.0,0.7123486881732081,0.2183824626432132,0.2636126417234126,False,822706,1,final,2026-08-03T19:17:32.328250+00:00,10,7,17,1.5,-1.5,10.0,Win,HOME,0.2183824626432132,-156.0,,1.5,10.0,0.2636126417234126,0.7123486881732081,Day,0.10_plus,minus_199_to_minus_150,1.0_to_1.9,10_to_14.9,0.20_plus,70_to_74.9,70_to_74.9,10.0_to_10.5,+1.5
63303577,baseball,mlb,2026_07_26,01:35 PM,Washington Nationals,Arizona Diamondbacks,total,under,10.5,under_total,-117.0,0.7012347175404527,0.2940330049284446,0.3516793370627825,False,822706,1,final,2026-08-03T19:17:32.328250+00:00,10,7,17,1.5,-1.5,10.0,Loss,UNDER,0.2940330049284446,-117.0,,,10.0,0.3516793370627825,0.7012347175404527,Day,0.10_plus,minus_124_to_minus_110,UNBUCKETED,10_to_14.9,0.20_plus,70_to_74.9,70_to_74.9,10.0_to_10.5,UNBUCKETED
63303057,baseball,mlb,2026_07_27,06:40 PM,Detroit Tigers,Baltimore Orioles,run_line,home,1.5,home_run_line,-200.0,0.7414499637771692,0.1264749456657537,0.2243498913315076,False,824245,1,final,2026-08-03T19:17:32.328250+00:00,5,8,13,-1.5,1.5,8.5,Loss,HOME,0.1264749456657537,-200.0,,-1.5,8.5,0.2243498913315076,0.7414499637771692,Night,0.10_plus,minus_200_or_lower,1.0_to_1.9,5_to_9.9,0.20_plus,70_to_74.9,70_to_74.9,8.5_to_9.0,-1.5
63303221,baseball,mlb,2026_07_27,06:45 PM,Washington Nationals,Toronto Blue Jays,run_line,away,1.5,away_run_line,-175.0,0.6749636007348105,0.0567570868689879,0.1061499020207289,False,822705,1,final,2026-08-03T19:17:32.328250+00:00,2,3,5,-1.5,1.5,10.0,Win,AWAY,0.0567570868689879,-175.0,,1.5,10.0,0.1061499020207289,0.6749636007348105,Night,0.05_to_0.0749,minus_199_to_minus_150,1.0_to_1.9,10_to_14.9,0.10_to_0.1499,65_to_69.9,65_to_69.9,10.0_to_10.5,+1.5
63303221,baseball,mlb,2026_07_27,06:45 PM,Washington Nationals,Toronto Blue Jays,total,under,10.0,under_total,-114.0,0.7102640548679721,0.3263878178930882,0.3799650774174603,False,822705,1,final,2026-08-03T19:17:32.328250+00:00,2,3,5,-1.5,1.5,10.0,Win,UNDER,0.3263878178930882,-114.0,,,10.0,0.3799650774174603,0.7102640548679721,Night,0.10_plus,minus_124_to_minus_110,UNBUCKETED,10_to_14.9,0.20_plus,70_to_74.9,70_to_74.9,10.0_to_10.5,UNBUCKETED
63299213,baseball,mlb,2026_07_28,07:50 PM,Washington Nationals,Toronto Blue Jays,run_line,away,1.5,away_run_line,-175.0,0.6700176649005949,-0.0010650980133509,0.0925485784766358,False,822703,1,final,2026-08-03T19:17:32.328250+00:00,8,6,14,-1.5,1.5,9.0,Loss,AWAY,-0.0010650980133509,-175.0,,1.5,9.0,0.0925485784766358,0.6700176649005949,Night,<0,minus_199_to_minus_150,1.0_to_1.9,5_to_9.9,0.05_to_0.0999,65_to_69.9,65_to_69.9,9.0_to_9.5,+1.5
63299315,baseball,mlb,2026_07_28,06:40 PM,Detroit Tigers,Baltimore Orioles,run_line,away,1.5,away_run_line,-166.0,0.6420319863798081,0.0008482432351141,0.0478050837702894,False,824243,1,final,2026-08-03T19:17:32.328250+00:00,14,0,14,-1.5,1.5,9.5,Loss,AWAY,0.0008482432351141,-166.0,,1.5,9.5,0.0478050837702894,0.6420319863798081,Night,0.00_to_0.0099,minus_199_to_minus_150,1.0_to_1.9,5_to_9.9,0.03_to_0.0499,60_to_64.9,60_to_64.9,9.5_to_10.0,+1.5
63302757,baseball,mlb,2026_07_28,07:40 PM,Minnesota Twins,Kansas City Royals,run_line,away,1.5,away_run_line,-151.0,0.6038083236286158,-0.0210186143656783,0.0055588923078257,False,823676,1,final,2026-08-03T19:17:32.328250+00:00,3,2,5,-1.5,1.5,9.0,Win,AWAY,-0.0210186143656783,-151.0,,1.5,9.0,0.0055588923078257,0.6038083236286158,Night,<0,minus_199_to_minus_150,1.0_to_1.9,5_to_9.9,0.001_to_0.0099,60_to_64.9,60_to_64.9,9.0_to_9.5,+1.5
63303463,baseball,mlb,2026_07_28,06:40 PM,Pittsburgh Pirates,Arizona Diamondbacks,run_line,home,1.5,home_run_line,-196.0,0.7435274414857124,0.1118281769376063,0.2408412267977085,False,823350,1,final,2026-08-03T19:17:32.328250+00:00,7,8,15,1.5,-1.5,9.0,Win,HOME,0.1118281769376063,-196.0,,1.5,9.0,0.2408412267977085,0.7435274414857124,Night,0.10_plus,minus_199_to_minus_150,1.0_to_1.9,5_to_9.9,0.20_plus,70_to_74.9,70_to_74.9,9.0_to_9.5,+1.5
63301049,baseball,mlb,2026_07_29,09:40 PM,Athletics,Boston Red Sox,total,under,10.5,under_total,-106.0,0.7012347175404527,0.3588210638993704,0.3845435181333326,False,,,final,2026-08-03T19:17:32.328250+00:00,2,4,6,,,,Win,UNDER,0.3588210638993704,-106.0,,,,0.3845435181333326,0.7012347175404527,Night,0.10_plus,minus_109_to_minus_101,UNBUCKETED,UNBUCKETED,0.20_plus,70_to_74.9,70_to_74.9,UNBUCKETED,UNBUCKETED
63301649,baseball,mlb,2026_07_29,07:45 PM,St Louis Cardinals,Chicago Cubs,run_line,home,1.5,home_run_line,-158.0,0.6593418621369457,0.0967968381729872,0.1211020043133196,False,,,final,2026-08-03T19:17:32.328250+00:00,3,2,5,,,,Win,HOME,0.0967968381729872,-158.0,,,,0.1211020043133196,0.6593418621369457,Night,0.075_to_0.0999,minus_199_to_minus_150,UNBUCKETED,UNBUCKETED,0.10_to_0.1499,65_to_69.9,65_to_69.9,UNBUCKETED,UNBUCKETED
63302509,baseball,mlb,2026_07_29,01:05 PM,Washington Nationals,Toronto Blue Jays,run_line,home,1.5,home_run_line,-163.0,0.7227858316456461,0.1070627222257971,0.2709267372280493,False,822702,1,final,2026-08-03T19:17:32.328250+00:00,2,5,7,1.5,-1.5,9.0,Loss,HOME,0.1070627222257971,-163.0,,1.5,9.0,0.2709267372280493,0.7227858316456461,Day,0.10_plus,minus_199_to_minus_150,1.0_to_1.9,5_to_9.9,0.20_plus,70_to_74.9,70_to_74.9,9.0_to_9.5,+1.5
63303665,baseball,mlb,2026_07_30,02:15 PM,St Louis Cardinals,Chicago Cubs,moneyline,away,,away_moneyline,100.0,0.546851171407224,0.0774523428144478,0.0937023428144478,False,,,final,2026-08-03T19:17:32.328250+00:00,2,4,6,,,,Win,AWAY,0.0774523428144478,100.0,100.0,,,0.0937023428144478,0.546851171407224,Day,0.075_to_0.0999,minus_100_to_plus_100,UNBUCKETED,UNBUCKETED,0.05_to_0.0999,50_to_54.9,50_to_54.9,UNBUCKETED,UNBUCKETED
63299237,baseball,mlb,2026_07_31,06:10 PM,Cincinnati Reds,Pittsburgh Pirates,run_line,home,1.5,home_run_line,-156.0,0.6909452063764651,0.1007088002075322,0.2088197283237505,False,824486,1,final,2026-08-03T19:17:32.328250+00:00,8,7,15,1.5,-1.5,8.0,Win,HOME,0.1007088002075322,-156.0,,1.5,8.0,0.2088197283237505,0.6909452063764651,Night,0.10_plus,minus_199_to_minus_150,1.0_to_1.9,5_to_9.9,0.20_plus,65_to_69.9,65_to_69.9,8.0_to_8.5,+1.5
63300867,baseball,mlb,2026_07_31,10:10 PM,Los Angeles Dodgers,Boston Red Sox,run_line,home,1.5,home_run_line,-192.0,0.8103108611930988,0.2563977680645047,0.4461077146838488,False,823922,1,final,2026-08-03T19:17:32.328250+00:00,4,9,13,-1.5,1.5,8.0,Loss,HOME,0.2563977680645047,-192.0,,-1.5,8.0,0.4461077146838488,0.8103108611930988,Night,0.10_plus,minus_199_to_minus_150,1.0_to_1.9,5_to_9.9,0.20_plus,80_plus,80_plus,8.0_to_8.5,-1.5
63300989,baseball,mlb,2026_07_31,09:40 PM,Colorado Rockies,Kansas City Royals,run_line,home,1.5,home_run_line,-163.0,0.7036614716650805,0.0827056260608355,0.2206296704791618,False,824325,1,final,2026-08-03T19:17:32.328250+00:00,3,1,4,1.5,-1.5,11.0,Win,HOME,0.0827056260608355,-163.0,,1.5,11.0,0.2206296704791618,0.7036614716650805,Night,0.075_to_0.0999,minus_199_to_minus_150,1.0_to_1.9,10_to_14.9,0.20_plus,70_to_74.9,70_to_74.9,11.0_to_11.5,+1.5
63301603,baseball,mlb,2026_07_31,07:05 PM,Baltimore Orioles,Philadelphia Phillies,moneyline,away,,away_moneyline,104.0,0.5282439664748056,0.0776176916086035,0.0746323957775034,False,824809,1,final,2026-08-03T19:17:32.328250+00:00,6,4,10,1.5,-1.5,9.0,Loss,AWAY,0.0776176916086035,104.0,104.0,-1.5,9.0,0.0746323957775034,0.5282439664748056,Night,0.075_to_0.0999,plus_101_to_plus_125,1.0_to_1.9,5_to_9.9,0.05_to_0.0999,50_to_54.9,50_to_54.9,9.0_to_9.5,-1.5
63303511,baseball,mlb,2026_07_31,07:10 PM,Cleveland Guardians,Arizona Diamondbacks,run_line,away,1.5,away_run_line,-175.0,0.6602048851860748,0.0433148195781175,0.0655634342617055,False,824407,1,final,2026-08-03T19:17:32.328250+00:00,1,4,5,-1.5,1.5,8.5,Win,AWAY,0.0433148195781175,-175.0,,1.5,8.5,0.0655634342617055,0.6602048851860748,Night,0.04_to_0.0499,minus_199_to_minus_150,1.0_to_1.9,5_to_9.9,0.05_to_0.0999,65_to_69.9,65_to_69.9,8.5_to_9.0,+1.5
63299357,baseball,mlb,2026_08_01,03:07 PM,Toronto Blue Jays,St Louis Cardinals,run_line,away,1.5,away_run_line,-175.0,0.6485587254538687,0.039963711427508,0.0335364949981389,False,,,final,2026-08-03T19:17:32.328250+00:00,5,1,6,,,,Loss,AWAY,0.039963711427508,-175.0,,,,0.0335364949981389,0.6485587254538687,Day,0.03_to_0.0399,minus_199_to_minus_150,UNBUCKETED,UNBUCKETED,0.03_to_0.0499,60_to_64.9,60_to_64.9,UNBUCKETED,UNBUCKETED
63299357,baseball,mlb,2026_08_01,03:07 PM,Toronto Blue Jays,St Louis Cardinals,moneyline,away,,away_moneyline,119.0,0.4878645727105854,0.0892234142361821,0.0574986674253631,False,,,final,2026-08-03T19:17:32.328250+00:00,5,1,6,,,,Loss,AWAY,0.0892234142361821,119.0,119.0,,,0.0574986674253631,0.4878645727105854,Day,0.075_to_0.0999,plus_101_to_plus_125,UNBUCKETED,UNBUCKETED,0.05_to_0.0999,<50,<50,UNBUCKETED,UNBUCKETED
63301147,baseball,mlb,2026_08_01,07:10 PM,Houston Astros,Texas Rangers,run_line,home,1.5,home_run_line,-156.0,0.7222005120620966,0.148099558255748,0.2888333108789672,False,824162,1,final,2026-08-03T19:17:32.328250+00:00,5,4,9,1.5,-1.5,8.0,Win,HOME,0.148099558255748,-156.0,,1.5,8.0,0.2888333108789672,0.7222005120620966,Night,0.10_plus,minus_199_to_minus_150,1.0_to_1.9,5_to_9.9,0.20_plus,70_to_74.9,70_to_74.9,8.0_to_8.5,+1.5
63301233,baseball,mlb,2026_08_01,07:15 PM,Chicago Cubs,New York Yankees,run_line,home,1.5,home_run_line,-175.0,0.7774842180131452,0.1619609140206566,0.3880815995361492,False,824649,1,final,2026-08-03T19:17:32.328250+00:00,5,2,7,1.5,-1.5,6.0,Win,HOME,0.1619609140206566,-175.0,,1.5,6.0,0.3880815995361492,0.7774842180131452,Night,0.10_plus,minus_199_to_minus_150,1.0_to_1.9,5_to_9.9,0.20_plus,75_to_79.9,75_to_79.9,6.0_to_6.5,+1.5
63301661,baseball,mlb,2026_08_01,08:10 PM,Colorado Rockies,Kansas City Royals,run_line,home,1.5,home_run_line,-178.0,0.7057938757428293,0.0932072890814973,0.1821069745650653,False,824326,1,final,2026-08-03T19:17:32.328250+00:00,12,6,18,-1.5,1.5,11.5,Win,HOME,0.0932072890814973,-178.0,,-1.5,11.5,0.1821069745650653,0.7057938757428293,Night,0.075_to_0.0999,minus_199_to_minus_150,1.0_to_1.9,10_to_14.9,0.15_to_0.1999,70_to_74.9,70_to_74.9,11.5_to_12.0,-1.5
63301661,baseball,mlb,2026_08_01,08:10 PM,Colorado Rockies,Kansas City Royals,total,under,11.5,under_total,-104.0,0.7159585318016074,0.3791677592970482,0.4205554048752791,False,824326,1,final,2026-08-03T19:17:32.328250+00:00,12,6,18,-1.5,1.5,11.5,Loss,UNDER,0.3791677592970482,-104.0,,,11.5,0.4205554048752791,0.7159585318016074,Night,0.10_plus,minus_109_to_minus_101,UNBUCKETED,10_to_14.9,0.20_plus,70_to_74.9,70_to_74.9,11.5_to_12.0,UNBUCKETED
63301679,baseball,mlb,2026_08_01,04:30 PM,New York Mets,Miami Marlins,run_line,away,1.5,away_run_line,-188.0,0.6774125339800343,0.038388349926861,0.0709480978624988,False,823594,1,final,2026-08-03T19:17:32.328250+00:00,2,6,8,-1.5,1.5,9.0,Win,AWAY,0.038388349926861,-188.0,,1.5,9.0,0.0709480978624988,0.6774125339800343,Day,0.03_to_0.0399,minus_199_to_minus_150,1.0_to_1.9,5_to_9.9,0.05_to_0.0999,65_to_69.9,65_to_69.9,9.0_to_9.5,+1.5
63301679,baseball,mlb,2026_08_01,04:30 PM,New York Mets,Miami Marlins,moneyline,away,,away_moneyline,108.0,0.5186567539561977,0.0794560482288912,0.0729685631748993,False,823594,1,final,2026-08-03T19:17:32.328250+00:00,2,6,8,-1.5,1.5,9.0,Win,AWAY,0.0794560482288912,108.0,108.0,1.5,9.0,0.0729685631748993,0.5186567539561977,Day,0.075_to_0.0999,plus_101_to_plus_125,1.0_to_1.9,5_to_9.9,0.05_to_0.0999,50_to_54.9,50_to_54.9,9.0_to_9.5,+1.5
63302015,baseball,mlb,2026_08_01,09:40 PM,Athletics,Detroit Tigers,moneyline,home,,home_moneyline,114.0,0.4902557856272839,0.0530473812423874,0.0431117379319189,False,,,final,2026-08-03T19:17:32.328250+00:00,6,8,14,,,,Loss,HOME,0.0530473812423874,114.0,114.0,,,0.0431117379319189,0.4902557856272839,Night,0.05_to_0.0749,plus_101_to_plus_125,UNBUCKETED,UNBUCKETED,0.03_to_0.0499,<50,<50,UNBUCKETED,UNBUCKETED
63302105,baseball,mlb,2026_08_01,07:15 PM,Cleveland Guardians,Arizona Diamondbacks,run_line,away,1.5,away_run_line,-158.0,0.6506172034416318,-0.0402997564054367,0.0985923848794098,False,824405,1,final,2026-08-03T19:17:32.328250+00:00,8,12,20,-1.5,1.5,8.5,Win,AWAY,-0.0402997564054367,-158.0,,1.5,8.5,0.0985923848794098,0.6506172034416318,Night,<0,minus_199_to_minus_150,1.0_to_1.9,5_to_9.9,0.05_to_0.0999,65_to_69.9,65_to_69.9,8.5_to_9.0,+1.5
63301071,baseball,mlb,2026_08_02,04:05 PM,Athletics,Detroit Tigers,run_line,home,1.5,home_run_line,-163.0,0.6563489446842292,0.0408170089076826,0.0961977245195228,False,,,final,2026-08-03T19:17:32.328250+00:00,0,11,11,,,,Loss,HOME,0.0408170089076826,-163.0,,,,0.0961977245195228,0.6563489446842292,Day,0.04_to_0.0499,minus_199_to_minus_150,UNBUCKETED,UNBUCKETED,0.05_to_0.0999,65_to_69.9,65_to_69.9,UNBUCKETED,UNBUCKETED
63301071,baseball,mlb,2026_08_02,04:05 PM,Athletics,Detroit Tigers,total,under,11.0,under_total,-112.0,0.7492965879412412,0.4143488100316352,0.4685087664354313,False,,,final,2026-08-03T19:17:32.328250+00:00,0,11,11,,,,Push,UNDER,0.4143488100316352,-112.0,,,,0.4685087664354313,0.7492965879412412,Day,0.10_plus,minus_124_to_minus_110,UNBUCKETED,UNBUCKETED,0.20_plus,70_to_74.9,70_to_74.9,UNBUCKETED,UNBUCKETED
63301149,baseball,mlb,2026_08_02,01:40 PM,Cleveland Guardians,Arizona Diamondbacks,run_line,away,1.5,away_run_line,-172.0,0.6592032045336892,-0.0173391184118402,0.0730327163316347,False,824404,1,final,2026-08-03T19:17:32.328250+00:00,5,0,5,-1.5,1.5,8.0,Loss,AWAY,-0.0173391184118402,-172.0,,1.5,8.0,0.0730327163316347,0.6592032045336892,Day,<0,minus_199_to_minus_150,1.0_to_1.9,5_to_9.9,0.05_to_0.0999,65_to_69.9,65_to_69.9,8.0_to_8.5,+1.5
63301795,baseball,mlb,2026_08_02,03:10 PM,Colorado Rockies,Kansas City Royals,run_line,home,1.5,home_run_line,-181.0,0.7101985723824058,0.1019234742511381,0.1856579883945602,False,824323,1,final,2026-08-03T19:17:32.328250+00:00,8,1,9,-1.5,1.5,11.5,Win,HOME,0.1019234742511381,-181.0,,-1.5,11.5,0.1856579883945602,0.7101985723824058,Day,0.10_plus,minus_199_to_minus_150,1.0_to_1.9,10_to_14.9,0.15_to_0.1999,70_to_74.9,70_to_74.9,11.5_to_12.0,-1.5
63301795,baseball,mlb,2026_08_02,03:10 PM,Colorado Rockies,Kansas City Royals,total,under,12.0,under_total,-104.0,0.7880529223486049,0.5147055705578314,0.567627961591154,False,824323,1,final,2026-08-03T19:17:32.328250+00:00,8,1,9,-1.5,1.5,11.5,Win,UNDER,0.5147055705578314,-104.0,,,11.5,0.567627961591154,0.7880529223486049,Day,0.10_plus,minus_109_to_minus_101,UNBUCKETED,10_to_14.9,0.20_plus,75_to_79.9,75_to_79.9,11.5_to_12.0,UNBUCKETED
63301987,baseball,mlb,2026_08_02,02:20 PM,Chicago Cubs,New York Yankees,run_line,home,1.5,home_run_line,-172.0,0.7770571514561156,0.1807345650933922,0.3935954519606346,False,824648,1,final,2026-08-03T19:17:32.328250+00:00,1,2,3,1.5,-1.5,6.5,Win,HOME,0.1807345650933922,-172.0,,1.5,6.5,0.3935954519606346,0.7770571514561156,Day,0.10_plus,minus_199_to_minus_150,1.0_to_1.9,5_to_9.9,0.20_plus,75_to_79.9,75_to_79.9,6.5_to_7.0,+1.5
63302733,baseball,mlb,2026_08_02,04:10 PM,San Diego Padres,San Francisco Giants,moneyline,away,,away_moneyline,124.0,0.4778974508254667,0.0847902898490456,0.0568470079427786,False,823270,1,final,2026-08-03T19:17:32.328250+00:00,5,4,9,-1.5,1.5,8.0,Loss,AWAY,0.0847902898490456,124.0,124.0,1.5,8.0,0.0568470079427786,0.4778974508254667,Day,0.075_to_0.0999,plus_101_to_plus_125,1.0_to_1.9,5_to_9.9,0.05_to_0.0999,<50,<50,8.0_to_8.5,+1.5
63303213,baseball,mlb,2026_08_02,01:37 PM,Toronto Blue Jays,St Louis Cardinals,run_line,home,1.5,home_run_line,-192.0,0.7470729726988373,0.1394234793128153,0.2614530802806053,False,,,final,2026-08-03T19:17:32.328250+00:00,1,5,6,,,,Loss,HOME,0.1394234793128153,-192.0,,,,0.2614530802806053,0.7470729726988373,Day,0.10_plus,minus_199_to_minus_150,UNBUCKETED,UNBUCKETED,0.20_plus,70_to_74.9,70_to_74.9,UNBUCKETED,UNBUCKETED
63303603,baseball,mlb,2026_08_02,01:40 PM,New York Mets,Miami Marlins,run_line,home,1.5,home_run_line,-166.0,0.7005996908744835,0.0907976974253771,0.203595177726126,False,823592,1,final,2026-08-03T19:17:32.328250+00:00,0,2,2,1.5,-1.5,8.5,Loss,HOME,0.0907976974253771,-166.0,,1.5,8.5,0.203595177726126,0.7005996908744835,Day,0.075_to_0.0999,minus_199_to_minus_150,1.0_to_1.9,5_to_9.9,0.20_plus,70_to_74.9,70_to_74.9,8.5_to_9.0,+1.5
63303603,baseball,mlb,2026_08_02,01:40 PM,New York Mets,Miami Marlins,moneyline,home,,home_moneyline,104.0,0.5362122893754414,0.0620230703259005,0.0902625676210582,False,823592,1,final,2026-08-03T19:17:32.328250+00:00,0,2,2,1.5,-1.5,8.5,Loss,HOME,0.0620230703259005,104.0,104.0,1.5,8.5,0.0902625676210582,0.5362122893754414,Day,0.05_to_0.0749,plus_101_to_plus_125,1.0_to_1.9,5_to_9.9,0.05_to_0.0999,50_to_54.9,50_to_54.9,8.5_to_9.0,+1.5
63303653,baseball,mlb,2026_08_02,01:40 PM,Cincinnati Reds,Pittsburgh Pirates,run_line,away,1.5,away_run_line,-163.0,0.6991545233990077,0.0741336788585218,0.2087763965393903,False,824483,1,final,2026-08-03T19:17:32.328250+00:00,10,2,12,-1.5,1.5,8.5,Loss,AWAY,0.0741336788585218,-163.0,,1.5,8.5,0.2087763965393903,0.6991545233990077,Day,0.05_to_0.0749,minus_199_to_minus_150,1.0_to_1.9,5_to_9.9,0.20_plus,65_to_69.9,65_to_69.9,8.5_to_9.0,+1.5
63303271,baseball,mlb,2026_08_03,08:10 PM,Houston Astros,Toronto Blue Jays,run_line,away,1.5,away_run_line,-181.0,0.6935806606113561,0.046580017977974,0.1389616563179106,False,824160,1,final,2026-08-20T09:33:33.181698+00:00,1,3,4,-1.5,1.5,9.0,Win,AWAY,0.046580017977974,-181.0,,1.5,9.0,0.1389616563179106,0.6935806606113561,Night,0.04_to_0.0499,minus_199_to_minus_150,1.0_to_1.9,5_to_9.9,0.10_to_0.1499,65_to_69.9,65_to_69.9,9.0_to_9.5,+1.5
63303271,baseball,mlb,2026_08_03,08:10 PM,Houston Astros,Toronto Blue Jays,moneyline,away,,away_moneyline,110.0,0.5332909245122986,0.0897165636980494,0.1090099467962066,False,824160,1,final,2026-08-20T09:33:33.181698+00:00,1,3,4,-1.5,1.5,9.0,Win,AWAY,0.0897165636980494,110.0,110.0,1.5,9.0,0.1090099467962066,0.5332909245122986,Night,0.075_to_0.0999,plus_101_to_plus_125,1.0_to_1.9,5_to_9.9,0.10_to_0.1499,50_to_54.9,50_to_54.9,9.0_to_9.5,+1.5
63300955,baseball,mlb,2026_08_05,09:40 PM,Arizona Diamondbacks,San Diego Padres,run_line,home,1.5,home_run_line,-156.0,0.6702718868599796,0.0817333527958638,0.1558960303615477,False,825052,1,final,2026-08-20T09:33:33.181698+00:00,10,4,14,1.5,-1.5,8.5,Win,HOME,0.0817333527958638,-156.0,,1.5,8.5,0.1558960303615477,0.6702718868599796,Night,0.075_to_0.0999,minus_199_to_minus_150,1.0_to_1.9,5_to_9.9,0.15_to_0.1999,65_to_69.9,65_to_69.9,8.5_to_9.0,+1.5
63301505,baseball,mlb,2026_08_05,07:40 PM,Kansas City Royals,Minnesota Twins,run_line,home,1.5,home_run_line,-192.0,0.7154742699952219,0.083717118951067,0.1691848683860483,False,824082,1,final,2026-08-20T09:33:33.181698+00:00,2,1,3,1.5,-1.5,8.5,Win,HOME,0.083717118951067,-192.0,,1.5,8.5,0.1691848683860483,0.7154742699952219,Night,0.075_to_0.0999,minus_199_to_minus_150,1.0_to_1.9,5_to_9.9,0.15_to_0.1999,70_to_74.9,70_to_74.9,8.5_to_9.0,+1.5
63302129,baseball,mlb,2026_08_05,06:40 PM,Cincinnati Reds,Athletics,run_line,away,1.5,away_run_line,-156.0,0.6232628846425146,0.0571398859090836,0.0355529846848372,False,,,final,2026-08-20T09:33:33.181698+00:00,3,2,5,,,,Win,AWAY,0.0571398859090836,-156.0,,,,0.0355529846848372,0.6232628846425146,Night,0.05_to_0.0749,minus_199_to_minus_150,UNBUCKETED,UNBUCKETED,0.03_to_0.0499,60_to_64.9,60_to_64.9,UNBUCKETED,UNBUCKETED
63303799,baseball,mlb,2026_08_05,07:10 PM,Boston Red Sox,Chicago White Sox,moneyline,away,,away_moneyline,120.0,0.4900161899622233,0.0841244401391135,0.0650296815974093,False,824728,1,final,2026-08-20T09:33:33.181698+00:00,4,0,4,-1.5,1.5,8.0,Loss,AWAY,0.0841244401391135,120.0,120.0,1.5,8.0,0.0650296815974093,0.4900161899622233,Night,0.075_to_0.0999,plus_101_to_plus_125,1.0_to_1.9,5_to_9.9,0.05_to_0.0999,<50,<50,8.0_to_8.5,+1.5
63303629,baseball,mlb,2026_08_06,09:40 PM,Arizona Diamondbacks,San Diego Padres,run_line,home,1.5,home_run_line,-181.0,0.7354255014898367,0.0784713332521772,0.2565456591864409,False,825053,1,final,2026-08-20T09:33:33.181698+00:00,1,5,6,1.5,-1.5,9.0,Loss,HOME,0.0784713332521772,-181.0,,1.5,9.0,0.2565456591864409,0.7354255014898367,Night,0.075_to_0.0999,minus_199_to_minus_150,1.0_to_1.9,5_to_9.9,0.20_plus,70_to_74.9,70_to_74.9,9.0_to_9.5,+1.5
63303747,baseball,mlb,2026_08_10,09:38 PM,Los Angeles Angels,Texas Rangers,run_line,home,1.5,home_run_line,-169.0,0.6761422108791758,0.0953151815506145,0.1288225472649828,False,823998,1,final,2026-08-20T09:33:33.181698+00:00,1,4,5,1.5,-1.5,8.0,Loss,HOME,0.0953151815506145,-169.0,,1.5,8.0,0.1288225472649828,0.6761422108791758,Night,0.075_to_0.0999,minus_199_to_minus_150,1.0_to_1.9,5_to_9.9,0.10_to_0.1499,65_to_69.9,65_to_69.9,8.0_to_8.5,+1.5
63301205,baseball,mlb,2026_08_11,07:40 PM,Minnesota Twins,Baltimore Orioles,run_line,home,1.5,home_run_line,-188.0,0.7064074822486829,0.084801365241481,0.1544535488762067,False,823673,1,final,2026-08-20T09:33:33.181698+00:00,2,5,7,1.5,-1.5,9.5,Loss,HOME,0.084801365241481,-188.0,,1.5,9.5,0.1544535488762067,0.7064074822486829,Night,0.075_to_0.0999,minus_199_to_minus_150,1.0_to_1.9,5_to_9.9,0.15_to_0.1999,70_to_74.9,70_to_74.9,9.5_to_10.0,+1.5
63302243,baseball,mlb,2026_08_14,09:38 PM,Los Angeles Angels,Kansas City Royals,run_line,home,1.5,home_run_line,-181.0,0.6733626105699156,0.025528130099028,0.0821489357014628,False,823993,1,final,2026-08-20T09:33:33.181698+00:00,6,7,13,1.5,-1.5,9.0,Win,HOME,0.025528130099028,-181.0,,1.5,9.0,0.0821489357014628,0.6733626105699156,Night,0.02_to_0.0299,minus_199_to_minus_150,1.0_to_1.9,5_to_9.9,0.05_to_0.0999,65_to_69.9,65_to_69.9,9.0_to_9.5,+1.5
63302243,baseball,mlb,2026_08_14,09:38 PM,Los Angeles Angels,Kansas City Royals,total,over,9.0,over_total,100.0,0.5143215170914817,0.0323920554164993,0.0286430341829633,False,823993,1,final,2026-08-20T09:33:33.181698+00:00,6,7,13,1.5,-1.5,9.0,Win,OVER,0.0323920554164993,100.0,,,9.0,0.0286430341829633,0.5143215170914817,Night,0.03_to_0.0399,minus_100_to_plus_100,UNBUCKETED,5_to_9.9,0.02_to_0.0299,50_to_54.9,50_to_54.9,9.0_to_9.5,UNBUCKETED
63301899,baseball,mlb,2026_08_17,07:05 PM,Pittsburgh Pirates,Detroit Tigers,run_line,home,1.5,home_run_line,-169.0,0.7545133523076415,0.1855900905567388,0.3396409177075555,False,823343,1,final,2026-08-20T09:33:33.181698+00:00,5,8,13,1.5,-1.5,8.0,Loss,HOME,0.1855900905567388,-169.0,,1.5,8.0,0.3396409177075555,0.7545133523076415,Night,0.10_plus,minus_199_to_minus_150,1.0_to_1.9,5_to_9.9,0.20_plus,75_to_79.9,75_to_79.9,8.0_to_8.5,+1.5
63302053,baseball,mlb,2026_08_17,07:10 PM,New York Mets,San Diego Padres,run_line,home,1.5,home_run_line,-204.0,0.800047729137731,0.2036631885189717,0.3921450965787024,False,823589,1,final,2026-08-20T09:33:33.181698+00:00,2,1,3,1.5,-1.5,8.0,Win,HOME,0.2036631885189717,-204.0,,1.5,8.0,0.3921450965787024,0.800047729137731,Night,0.10_plus,minus_200_or_lower,1.0_to_1.9,5_to_9.9,0.20_plus,80_plus,80_plus,8.0_to_8.5,+1.5
63301807,baseball,mlb,2026_08_18,07:10 PM,New York Mets,San Diego Padres,run_line,home,1.5,home_run_line,-172.0,0.6944640084099862,0.094183263945508,0.1689421028751627,False,823586,1,final,2026-08-20T09:33:33.181698+00:00,2,5,7,1.5,-1.5,8.5,Loss,HOME,0.094183263945508,-172.0,,1.5,8.5,0.1689421028751627,0.6944640084099862,Night,0.075_to_0.0999,minus_199_to_minus_150,1.0_to_1.9,5_to_9.9,0.15_to_0.1999,65_to_69.9,65_to_69.9,8.5_to_9.0,+1.5
63299381,baseball,mlb,2026_08_19,01:40 PM,Minnesota Twins,Atlanta Braves,run_line,home,1.5,home_run_line,-175.0,0.6673941951346498,0.0929623066401639,0.0853340366202869,False,823664,1,final,2026-08-20T09:33:33.181698+00:00,6,4,10,1.5,-1.5,8.5,Win,HOME,0.0929623066401639,-175.0,,1.5,8.5,0.0853340366202869,0.6673941951346498,Day,0.075_to_0.0999,minus_199_to_minus_150,1.0_to_1.9,5_to_9.9,0.05_to_0.0999,65_to_69.9,65_to_69.9,8.5_to_9.0,+1.5
63302593,baseball,mlb,2026_08_19,04:05 PM,Texas Rangers,Washington Nationals,run_line,away,1.5,away_run_line,-188.0,0.682947373585953,0.0555577864862825,0.0868884359275447,False,822860,1,final,2026-08-20T09:33:33.181698+00:00,0,6,6,-1.5,1.5,7.5,Win,AWAY,0.0555577864862825,-188.0,,1.5,7.5,0.0868884359275447,0.682947373585953,Day,0.05_to_0.0749,minus_199_to_minus_150,1.0_to_1.9,5_to_9.9,0.05_to_0.0999,65_to_69.9,65_to_69.9,7.5_to_8.0,+1.5
63303379,baseball,mlb,2026_08_19,04:10 PM,Houston Astros,Los Angeles Angels,run_line,away,1.5,away_run_line,-158.0,0.6559028056225515,0.0626312302781748,0.1122292385061827,False,824155,1,final,2026-08-20T09:33:33.181698+00:00,3,2,5,-1.5,1.5,8.5,Win,AWAY,0.0626312302781748,-158.0,,1.5,8.5,0.1122292385061827,0.6559028056225515,Day,0.05_to_0.0749,minus_199_to_minus_150,1.0_to_1.9,5_to_9.9,0.10_to_0.1499,65_to_69.9,65_to_69.9,8.5_to_9.0,+1.5
63303707,baseball,mlb,2026_08_19,06:05 PM,Philadelphia Phillies,Miami Marlins,run_line,away,1.5,away_run_line,-196.0,0.6726746929970816,0.0375371114196287,0.0311170912713614,False,823424,1,final,2026-08-20T09:33:33.181698+00:00,4,1,5,-1.5,1.5,8.5,Loss,AWAY,0.0375371114196287,-196.0,,1.5,8.5,0.0311170912713614,0.6726746929970816,Night,0.03_to_0.0399,minus_199_to_minus_150,1.0_to_1.9,5_to_9.9,0.03_to_0.0499,65_to_69.9,65_to_69.9,8.5_to_9.0,+1.5
63303707,baseball,mlb,2026_08_19,06:05 PM,Philadelphia Phillies,Miami Marlins,moneyline,away,,away_moneyline,108.0,0.513659332031486,0.0900724550699351,0.0633438987273063,False,823424,1,final,2026-08-20T09:33:33.181698+00:00,4,1,5,-1.5,1.5,8.5,Loss,AWAY,0.0900724550699351,108.0,108.0,1.5,8.5,0.0633438987273063,0.513659332031486,Night,0.075_to_0.0999,plus_101_to_plus_125,1.0_to_1.9,5_to_9.9,0.05_to_0.0999,50_to_54.9,50_to_54.9,8.5_to_9.0,+1.5
