"sport","league","game_date","game_id","odds_last_update","game_time","home_team","away_team","home_spread","away_spread","total","home_dk_moneyline_american","away_dk_moneyline_american","home_dk_spread_american","away_dk_spread_american","dk_total_over_american","dk_total_under_american","home_dk_moneyline_decimal","away_dk_moneyline_decimal","home_dk_spread_decimal","away_dk_spread_decimal","dk_total_over_decimal","dk_total_under_decimal"
"Basketball","NBA","2025_10_21","NBA_2025_10_21_Los_Angeles_Lakers_Golden_State_Warriors","2026_04_17","10:15 PM","Los Angeles Lakers","Golden State Warriors","-3.5","+3.5","226","+110","-130","-110","-110","-110","-110","2.1","1.769231","1.909091","1.909091","1.909091","1.909091"
"Basketball","NBA","2025_10_21","NBA_2025_10_21_Oklahoma_City_Thunder_Houston_Rockets","2026_04_17","07:43 PM","Oklahoma City Thunder","Houston Rockets","-6.5","+6.5","226.5","-300","+245","-110","-110","-110","-110","1.333333","3.45","1.909091","1.909091","1.909091","1.909091"
"Basketball","NBA","2025_10_22","NBA_2025_10_22_Atlanta_Hawks_Toronto_Raptors","2026_04_17","07:40 PM","Atlanta Hawks","Toronto Raptors","-6","+6","235","-215","+183","-110","-110","-110","-110","1.465116","2.83","1.909091","1.909091","1.909091","1.909091"
"Basketball","NBA","2025_10_22","NBA_2025_10_22_Boston_Celtics_Philadelphia_76ers","2026_04_17","07:40 PM","Boston Celtics","Philadelphia 76ers","-2.5","+2.5","225.5","-140","+120","-115","-105","-105","-115","1.714286","2.2","1.869565","1.952381","1.952381","1.869565"
"Basketball","NBA","2025_10_22","NBA_2025_10_22_Charlotte_Hornets_Brooklyn_Nets","2026_04_17","07:10 PM","Charlotte Hornets","Brooklyn Nets","-4.5","+4.5","225.5","-180","+157","-110","-110","-115","-105","1.555556","2.57","1.909091","1.909091","1.869565","1.952381"
"Basketball","NBA","2025_10_22","NBA_2025_10_22_Chicago_Bulls_Detroit_Pistons","2026_04_17","08:10 PM","Chicago Bulls","Detroit Pistons","+2","-2","234","+115","-135","-110","-110","-110","-110","2.15","1.740741","1.909091","1.909091","1.909091","1.909091"
"Basketball","NBA","2025_10_22","NBA_2025_10_22_Dallas_Mavericks_San_Antonio_Spurs","2026_04_17","09:40 PM","Dallas Mavericks","San Antonio Spurs","-2.5","+2.5","225","-145","+125","-115","-105","-115","-105","1.689655","2.25","1.869565","1.952381","1.869565","1.952381"
"Basketball","NBA","2025_10_22","NBA_2025_10_22_Memphis_Grizzlies_New_Orleans_Pelicans","2026_04_17","08:10 PM","Memphis Grizzlies","New Orleans Pelicans","-3.5","+3.5","235.5","-160","+140","-115","-105","-115","-105","1.625","2.4","1.869565","1.952381","1.869565","1.952381"
"Basketball","NBA","2025_10_22","NBA_2025_10_22_Milwaukee_Bucks_Washington_Wizards","2026_04_17","08:10 PM","Milwaukee Bucks","Washington Wizards","-8.5","+8.5","229","-385","+306","-115","-105","-110","-110","1.25974","4.06","1.869565","1.952381","1.909091","1.909091"
"Basketball","NBA","2025_10_22","NBA_2025_10_22_New_York_Knicks_Cleveland_Cavaliers","2026_04_17","07:12 PM","New York Knicks","Cleveland Cavaliers","-4","+4","229.5","-165","+145","-110","-110","-110","-110","1.606061","2.45","1.909091","1.909091","1.909091","1.909091"
"Basketball","NBA","2025_10_22","NBA_2025_10_22_Orlando_Magic_Miami_Heat","2026_04_17","07:10 PM","Orlando Magic","Miami Heat","-8","+8","214.5","-380","+303","-110","-110","-110","-110","1.263158","4.03","1.909091","1.909091","1.909091","1.909091"
"Basketball","NBA","2025_10_22","NBA_2025_10_22_Phoenix_Suns_Sacramento_Kings","2026_04_17","10:10 PM","Phoenix Suns","Sacramento Kings","-1.5","+1.5","228.5","-165","+145","-115","-105","-110","-110","1.606061","2.45","1.869565","1.952381","1.909091","1.909091"
"Basketball","NBA","2025_10_22","NBA_2025_10_22_Portland_Trail_Blazers_Minnesota_Timberwolves","2026_04_17","10:10 PM","Portland Trail Blazers","Minnesota Timberwolves","+3","-3","219.5","+140","-160","-110","-110","-110","-110","2.4","1.625","1.909091","1.909091","1.909091","1.909091"
"Basketball","NBA","2025_10_22","NBA_2025_10_22_Utah_Jazz_Los_Angeles_Clippers","2026_04_17","09:10 PM","Utah Jazz","Los Angeles Clippers","+8.5","-8.5","227","+303","-380","-105","-115","-110","-110","4.03","1.263158","1.952381","1.869565","1.909091","1.909091"
"Basketball","NBA","2025_10_23","NBA_2025_10_23_Golden_State_Warriors_Denver_Nuggets","2026_04_17","10:10 PM","Golden State Warriors","Denver Nuggets","+1.5","-1.5","233.5","-135","+115","-110","-110","-105","-115","1.740741","2.15","1.909091","1.909091","1.952381","1.869565"
"Basketball","NBA","2025_10_23","NBA_2025_10_23_Indiana_Pacers_Oklahoma_City_Thunder","2026_04_17","07:40 PM","Indiana Pacers","Oklahoma City Thunder","+7.5","-7.5","228.5","+245","-300","-110","-110","-110","-110","3.45","1.333333","1.909091","1.909091","1.909091","1.909091"
"Basketball","NBA","2025_10_24","NBA_2025_10_24_Brooklyn_Nets_Cleveland_Cavaliers","2026_04_17","07:40 PM","Brooklyn Nets","Cleveland Cavaliers","+12.5","-12.5","228.5","+637","-950","-110","-110","-105","-115","7.37","1.105263","1.909091","1.909091","1.952381","1.869565"
"Basketball","NBA","2025_10_24","NBA_2025_10_24_Dallas_Mavericks_Washington_Wizards","2026_04_17","08:40 PM","Dallas Mavericks","Washington Wizards","-11","+11","227","-600","+446","-110","-110","-110","-110","1.166667","5.46","1.909091","1.909091","1.909091","1.909091"
"Basketball","NBA","2025_10_24","NBA_2025_10_24_Houston_Rockets_Detroit_Pistons","2026_04_17","08:10 PM","Houston Rockets","Detroit Pistons","-5.5","+5.5","227","-240","+200","-110","-110","-110","-110","1.416667","3","1.909091","1.909091","1.909091","1.909091"
"Basketball","NBA","2025_10_24","NBA_2025_10_24_Los_Angeles_Clippers_Phoenix_Suns","2026_04_17","10:40 PM","Los Angeles Clippers","Phoenix Suns","-9.5","+9.5","226.5","-480","+370","-110","-110","-110","-110","1.208333","4.7","1.909091","1.909091","1.909091","1.909091"
"Basketball","NBA","2025_10_24","NBA_2025_10_24_Los_Angeles_Lakers_Minnesota_Timberwolves","2026_04_17","10:10 PM","Los Angeles Lakers","Minnesota Timberwolves","+2.5","-2.5","225","+120","-140","-115","-105","-110","-110","2.2","1.714286","1.869565","1.952381","1.909091","1.909091"
"Basketball","NBA","2025_10_24","NBA_2025_10_24_Memphis_Grizzlies_Miami_Heat","2026_04_17","08:10 PM","Memphis Grizzlies","Miami Heat","-4","+4","231.5","-165","+145","-110","-110","-115","-105","1.606061","2.45","1.909091","1.909091","1.869565","1.952381"
"Basketball","NBA","2025_10_24","NBA_2025_10_24_New_Orleans_Pelicans_San_Antonio_Spurs","2026_04_17","08:10 PM","New Orleans Pelicans","San Antonio Spurs","+3","-3","231","+149","-170","-110","-110","-110","-110","2.49","1.588235","1.909091","1.909091","1.909091","1.909091"
"Basketball","NBA","2025_10_24","NBA_2025_10_24_New_York_Knicks_Boston_Celtics","2026_04_17","07:43 PM","New York Knicks","Boston Celtics","-6","+6","228.5","-225","+189","-110","-110","-105","-115","1.444444","2.89","1.909091","1.909091","1.952381","1.869565"
"Basketball","NBA","2025_10_24","NBA_2025_10_24_Orlando_Magic_Atlanta_Hawks","2026_04_17","07:10 PM","Orlando Magic","Atlanta Hawks","-5.5","+5.5","229","-200","+174","-110","-110","-105","-115","1.5","2.74","1.909091","1.909091","1.952381","1.869565"
"Basketball","NBA","2025_10_24","NBA_2025_10_24_Portland_Trail_Blazers_Golden_State_Warriors","2026_04_17","10:10 PM","Portland Trail Blazers","Golden State Warriors","+2.5","-2.5","228","-125","+105","-110","-110","-105","-115","1.8","2.05","1.909091","1.909091","1.952381","1.869565"
"Basketball","NBA","2025_10_24","NBA_2025_10_24_Sacramento_Kings_Utah_Jazz","2026_04_17","10:10 PM","Sacramento Kings","Utah Jazz","-4.5","+4.5","233","-245","+203","-105","-115","-105","-115","1.408163","3.03","1.952381","1.869565","1.952381","1.869565"
"Basketball","NBA","2025_10_24","NBA_2025_10_24_Toronto_Raptors_Milwaukee_Bucks","2026_04_17","06:40 PM","Toronto Raptors","Milwaukee Bucks","+1.5","-1.5","230.5","-120","+100","-110","-110","-105","-115","1.833333","2","1.909091","1.909091","1.952381","1.869565"
"Basketball","NBA","2025_10_25","NBA_2025_10_25_Atlanta_Hawks_Oklahoma_City_Thunder","2026_04_17","07:40 PM","Atlanta Hawks","Oklahoma City Thunder","+6.5","-6.5","235.5","+219","-265","-110","-110","-110","-110","3.19","1.377358","1.909091","1.909091","1.909091","1.909091"
"Basketball","NBA","2025_10_25","NBA_2025_10_25_Denver_Nuggets_Phoenix_Suns","2026_04_17","09:10 PM","Denver Nuggets","Phoenix Suns","-12.5","+12.5","235","-910","+618","-110","-110","-110","-110","1.10989","7.18","1.909091","1.909091","1.909091","1.909091"
"Basketball","NBA","2025_10_25","NBA_2025_10_25_Memphis_Grizzlies_Indiana_Pacers","2026_04_17","08:10 PM","Memphis Grizzlies","Indiana Pacers","+1.5","-1.5","236.5","+115","-135","-110","-110","-110","-110","2.15","1.740741","1.909091","1.909091","1.909091","1.909091"
"Basketball","NBA","2025_10_25","NBA_2025_10_25_Orlando_Magic_Chicago_Bulls","2026_04_17","07:10 PM","Orlando Magic","Chicago Bulls","-6","+6","235","-235","+195","-110","-110","-110","-110","1.425532","2.95","1.909091","1.909091","1.909091","1.909091"
"Basketball","NBA","2025_10_25","NBA_2025_10_25_Philadelphia_76ers_Charlotte_Hornets","2026_04_17","07:40 PM","Philadelphia 76ers","Charlotte Hornets","-6.5","+6.5","232.5","-240","+200","-110","-110","-110","-110","1.416667","3","1.909091","1.909091","1.909091","1.909091"
"Basketball","NBA","2025_10_26","NBA_2025_10_26_Cleveland_Cavaliers_Milwaukee_Bucks","2026_04_17","06:10 PM","Cleveland Cavaliers","Milwaukee Bucks","-8","+8","233.5","-250","+207","-110","-110","-110","-110","1.4","3.07","1.909091","1.909091","1.909091","1.909091"
"Basketball","NBA","2025_10_26","NBA_2025_10_26_Dallas_Mavericks_Toronto_Raptors","2026_04_17","07:40 PM","Dallas Mavericks","Toronto Raptors","-4.5","+4.5","232.5","-125","+105","-105","-115","-110","-110","1.8","2.05","1.952381","1.869565","1.909091","1.909091"
"Basketball","NBA","2025_10_26","NBA_2025_10_26_Detroit_Pistons_Boston_Celtics","2026_04_17","03:40 PM","Detroit Pistons","Boston Celtics","-3","+3","225.5","-165","+145","-115","-105","-110","-110","1.606061","2.45","1.869565","1.952381","1.909091","1.909091"
"Basketball","NBA","2025_10_26","NBA_2025_10_26_Los_Angeles_Clippers_Portland_Trail_Blazers","2026_04_17","09:10 PM","Los Angeles Clippers","Portland Trail Blazers","-8.5","+8.5","225","-295","+241","-110","-110","-110","-110","1.338983","3.41","1.909091","1.909091","1.909091","1.909091"
"Basketball","NBA","2025_10_26","NBA_2025_10_26_Miami_Heat_New_York_Knicks","2026_04_17","06:10 PM","Miami Heat","New York Knicks","+2.5","-2.5","227.5","+120","-140","-110","-110","-110","-110","2.2","1.714286","1.909091","1.909091","1.909091","1.909091"
"Basketball","NBA","2025_10_26","NBA_2025_10_26_Minnesota_Timberwolves_Indiana_Pacers","2026_04_17","07:10 PM","Minnesota Timberwolves","Indiana Pacers","-8","+8","230.5","-375","+299","-110","-110","-110","-110","1.266667","3.99","1.909091","1.909091","1.909091","1.909091"
"Basketball","NBA","2025_10_26","NBA_2025_10_26_Sacramento_Kings_Los_Angeles_Lakers","2026_04_17","09:10 PM","Sacramento Kings","Los Angeles Lakers","+1.5","-1.5","230","+102","-122","-110","-110","-110","-110","2.02","1.819672","1.909091","1.909091","1.909091","1.909091"
"Basketball","NBA","2025_10_26","NBA_2025_10_26_San_Antonio_Spurs_Brooklyn_Nets","2026_04_17","02:10 PM","San Antonio Spurs","Brooklyn Nets","-10","+10","229","-655","+479","-110","-110","-110","-110","1.152672","5.79","1.909091","1.909091","1.909091","1.909091"
"Basketball","NBA","2025_10_26","NBA_2025_10_26_Washington_Wizards_Charlotte_Hornets","2026_04_17","06:10 PM","Washington Wizards","Charlotte Hornets","-1","+1","234.5","-120","+100","-110","-110","-110","-110","1.833333","2","1.909091","1.909091","1.909091","1.909091"
"Basketball","NBA","2025_10_27","NBA_2025_10_27_Chicago_Bulls_Atlanta_Hawks","2026_04_17","08:10 PM","Chicago Bulls","Atlanta Hawks","-1","+1","239","-105","-115","-110","-110","-110","-110","1.952381","1.869565","1.909091","1.909091","1.909091","1.909091"
"Basketball","NBA","2025_10_27","NBA_2025_10_27_Dallas_Mavericks_Oklahoma_City_Thunder","2026_04_17","08:40 PM","Dallas Mavericks","Oklahoma City Thunder","+7.5","-7.5","228.5","+245","-300","-110","-110","-110","-110","3.45","1.333333","1.909091","1.909091","1.909091","1.909091"
"Basketball","NBA","2025_10_27","NBA_2025_10_27_Detroit_Pistons_Cleveland_Cavaliers","2026_04_17","07:10 PM","Detroit Pistons","Cleveland Cavaliers","+4","-4","232","+115","-135","-110","-110","-110","-110","2.15","1.740741","1.909091","1.909091","1.909091","1.909091"
"Basketball","NBA","2025_10_27","NBA_2025_10_27_Golden_State_Warriors_Memphis_Grizzlies","2026_04_17","10:10 PM","Golden State Warriors","Memphis Grizzlies","-8","+8","237","-300","+245","-110","-110","-110","-110","1.333333","3.45","1.909091","1.909091","1.909091","1.909091"
"Basketball","NBA","2025_10_27","NBA_2025_10_27_Houston_Rockets_Brooklyn_Nets","2026_04_17","08:10 PM","Houston Rockets","Brooklyn Nets","-14.5","+14.5","227.5","-1250","+776","-110","-110","-110","-110","1.08","8.76","1.909091","1.909091","1.909091","1.909091"
"Basketball","NBA","2025_10_27","NBA_2025_10_27_Los_Angeles_Lakers_Portland_Trail_Blazers","2026_04_17","10:40 PM","Los Angeles Lakers","Portland Trail Blazers","+3","-3","222","-103","-117","+100","-120","-110","-110","1.970874","1.854701","2","1.833333","1.909091","1.909091"
"Basketball","NBA","2025_10_27","NBA_2025_10_27_Minnesota_Timberwolves_Denver_Nuggets","2026_04_17","09:40 PM","Minnesota Timberwolves","Denver Nuggets","+6","-6","232","+157","-180","-107","-113","-110","-110","2.57","1.555556","1.934579","1.884956","1.909091","1.909091"
"Basketball","NBA","2025_10_27","NBA_2025_10_27_New_Orleans_Pelicans_Boston_Celtics","2026_04_17","08:10 PM","New Orleans Pelicans","Boston Celtics","-2","+2","233.5","-130","+110","-110","-110","-110","-110","1.769231","2.1","1.909091","1.909091","1.909091","1.909091"
"Basketball","NBA","2025_10_27","NBA_2025_10_27_Philadelphia_76ers_Orlando_Magic","2026_04_17","07:10 PM","Philadelphia 76ers","Orlando Magic","+4.5","-4.5","225.5","+135","-155","-110","-110","-110","-110","2.35","1.645161","1.909091","1.909091","1.909091","1.909091"
"Basketball","NBA","2025_10_27","NBA_2025_10_27_San_Antonio_Spurs_Toronto_Raptors","2026_04_17","08:10 PM","San Antonio Spurs","Toronto Raptors","-4","+4","233","-185","+161","-110","-110","-110","-110","1.540541","2.61","1.909091","1.909091","1.909091","1.909091"
"Basketball","NBA","2025_10_27","NBA_2025_10_27_Utah_Jazz_Phoenix_Suns","2026_04_17","09:10 PM","Utah Jazz","Phoenix Suns","+2","-2","233.5","+100","-120","-110","-110","-110","-110","2","1.833333","1.909091","1.909091","1.909091","1.909091"
"Basketball","NBA","2025_10_28","NBA_2025_10_28_Golden_State_Warriors_Los_Angeles_Clippers","2026_04_17","11:10 PM","Golden State Warriors","Los Angeles Clippers","+1.5","-1.5","227","-105","-115","-103","-117","-110","-110","1.952381","1.869565","1.970874","1.854701","1.909091","1.909091"
"Basketball","NBA","2025_10_28","NBA_2025_10_28_Miami_Heat_Charlotte_Hornets","2026_04_17","07:40 PM","Miami Heat","Charlotte Hornets","-4.5","+4.5","234","-240","+200","-110","-110","-110","-110","1.416667","3","1.909091","1.909091","1.909091","1.909091"
"Basketball","NBA","2025_10_28","NBA_2025_10_28_Milwaukee_Bucks_New_York_Knicks","2026_04_17","08:10 PM","Milwaukee Bucks","New York Knicks","+1","-1","232","-102","-118","-110","-110","-110","-110","1.980392","1.847458","1.909091","1.909091","1.909091","1.909091"
"Basketball","NBA","2025_10_28","NBA_2025_10_28_Oklahoma_City_Thunder_Sacramento_Kings","2026_04_17","08:10 PM","Oklahoma City Thunder","Sacramento Kings","-10.5","+10.5","228.5","-510","+390","-110","-110","-110","-110","1.196078","4.9","1.909091","1.909091","1.909091","1.909091"
"Basketball","NBA","2025_10_28","NBA_2025_10_28_Washington_Wizards_Philadelphia_76ers","2026_04_17","07:10 PM","Washington Wizards","Philadelphia 76ers","+5","-5","237.5","+174","-200","-110","-110","-110","-110","2.74","1.5","1.909091","1.909091","1.909091","1.909091"
"Basketball","NBA","2025_10_29","NBA_2025_10_29_Boston_Celtics_Cleveland_Cavaliers","2026_04_17","07:10 PM","Boston Celtics","Cleveland Cavaliers","+3.5","-3.5","233","+157","-180","-110","-110","-110","-110","2.57","1.555556","1.909091","1.909091","1.909091","1.909091"
"Basketball","NBA","2025_10_29","NBA_2025_10_29_Brooklyn_Nets_Atlanta_Hawks","2026_04_17","07:40 PM","Brooklyn Nets","Atlanta Hawks","+7.5","-7.5","235.5","+267","-330","-110","-110","-110","-110","3.67","1.30303","1.909091","1.909091","1.909091","1.909091"
"Basketball","NBA","2025_10_29","NBA_2025_10_29_Chicago_Bulls_Sacramento_Kings","2026_04_17","08:10 PM","Chicago Bulls","Sacramento Kings","-3.5","+3.5","237","-200","+174","-110","-110","-110","-110","1.5","2.74","1.909091","1.909091","1.909091","1.909091"
"Basketball","NBA","2025_10_29","NBA_2025_10_29_Dallas_Mavericks_Indiana_Pacers","2026_04_17","08:40 PM","Dallas Mavericks","Indiana Pacers","-7.5","+7.5","228","-285","+234","-110","-110","-105","-115","1.350877","3.34","1.909091","1.909091","1.952381","1.869565"
"Basketball","NBA","2025_10_29","NBA_2025_10_29_Denver_Nuggets_New_Orleans_Pelicans","2026_04_17","09:10 PM","Denver Nuggets","New Orleans Pelicans","-12.5","+12.5","237.5","-700","+505","-110","-110","-110","-110","1.142857","6.05","1.909091","1.909091","1.909091","1.909091"
"Basketball","NBA","2025_10_29","NBA_2025_10_29_Detroit_Pistons_Orlando_Magic","2026_04_17","07:10 PM","Detroit Pistons","Orlando Magic","-1.5","+1.5","228","-105","-115","-110","-110","-110","-110","1.952381","1.869565","1.909091","1.909091","1.909091","1.909091"
"Basketball","NBA","2025_10_29","NBA_2025_10_29_Minnesota_Timberwolves_Los_Angeles_Lakers","2026_04_17","09:40 PM","Minnesota Timberwolves","Los Angeles Lakers","-6.5","+6.5","225.5","-270","+222","-110","-110","-110","-110","1.37037","3.22","1.909091","1.909091","1.909091","1.909091"
"Basketball","NBA","2025_10_29","NBA_2025_10_29_Phoenix_Suns_Memphis_Grizzlies","2026_04_17","10:10 PM","Phoenix Suns","Memphis Grizzlies","+1.5","-1.5","238.5","+100","-120","-110","-110","-110","-110","2","1.833333","1.909091","1.909091","1.909091","1.909091"
"Basketball","NBA","2025_10_29","NBA_2025_10_29_Toronto_Raptors_Houston_Rockets","2026_04_17","06:40 PM","Toronto Raptors","Houston Rockets","+3.5","-3.5","233","+192","-230","-110","-110","-110","-110","2.92","1.434783","1.909091","1.909091","1.909091","1.909091"
"Basketball","NBA","2025_10_29","NBA_2025_10_29_Utah_Jazz_Portland_Trail_Blazers","2026_04_17","09:10 PM","Utah Jazz","Portland Trail Blazers","+2","-2","233","+110","-130","-110","-110","-110","-110","2.1","1.769231","1.909091","1.909091","1.909091","1.909091"
"Basketball","NBA","2025_10_30","NBA_2025_10_30_Charlotte_Hornets_Orlando_Magic","2026_04_17","07:10 PM","Charlotte Hornets","Orlando Magic","+4","-4","239","+125","-145","-105","-115","-110","-110","2.25","1.689655","1.952381","1.869565","1.909091","1.909091"
"Basketball","NBA","2025_10_30","NBA_2025_10_30_Milwaukee_Bucks_Golden_State_Warriors","2026_04_17","08:10 PM","Milwaukee Bucks","Golden State Warriors","+2","-2","231","+113","-133","-115","-105","-110","-110","2.13","1.75188","1.869565","1.952381","1.909091","1.909091"
"Basketball","NBA","2025_10_30","NBA_2025_10_30_Oklahoma_City_Thunder_Washington_Wizards","2026_04_17","08:10 PM","Oklahoma City Thunder","Washington Wizards","-14.5","+14.5","230","-1100","+709","-110","-110","-110","-110","1.090909","8.09","1.909091","1.909091","1.909091","1.909091"
"Basketball","NBA","2025_10_30","NBA_2025_10_30_San_Antonio_Spurs_Miami_Heat","2026_04_17","08:40 PM","San Antonio Spurs","Miami Heat","-6","+6","232.5","-220","+186","-110","-110","-110","-110","1.454545","2.86","1.909091","1.909091","1.909091","1.909091"
"Basketball","NBA","2025_10_31","NBA_2025_10_31_Chicago_Bulls_New_York_Knicks","2026_04_17","08:10 PM","Chicago Bulls","New York Knicks","+3.5","-3.5","236.5","+153","-175","-105","-115","-110","-110","2.53","1.571429","1.952381","1.869565","1.909091","1.909091"
"Basketball","NBA","2025_10_31","NBA_2025_10_31_Cleveland_Cavaliers_Toronto_Raptors","2026_04_17","07:40 PM","Cleveland Cavaliers","Toronto Raptors","-9.5","+9.5","236.5","-295","+241","-105","-115","-110","-110","1.338983","3.41","1.952381","1.869565","1.909091","1.909091"
"Basketball","NBA","2025_10_31","NBA_2025_10_31_Indiana_Pacers_Atlanta_Hawks","2026_04_17","07:10 PM","Indiana Pacers","Atlanta Hawks","+2.5","-2.5","232","+115","-135","-110","-110","-110","-110","2.15","1.740741","1.909091","1.909091","1.909091","1.909091"
"Basketball","NBA","2025_10_31","NBA_2025_10_31_Los_Angeles_Clippers_New_Orleans_Pelicans","2026_04_17","10:40 PM","Los Angeles Clippers","New Orleans Pelicans","-10.5","+10.5","227","-500","+383","-110","-110","-110","-110","1.2","4.83","1.909091","1.909091","1.909091","1.909091"
"Basketball","NBA","2025_10_31","NBA_2025_10_31_Memphis_Grizzlies_Los_Angeles_Lakers","2026_04_17","09:40 PM","Memphis Grizzlies","Los Angeles Lakers","-5","+5","235","-140","+120","-110","-110","-105","-115","1.714286","2.2","1.909091","1.909091","1.952381","1.869565"
"Basketball","NBA","2025_10_31","NBA_2025_10_31_Philadelphia_76ers_Boston_Celtics","2026_04_17","07:10 PM","Philadelphia 76ers","Boston Celtics","-3.5","+3.5","234.5","-138","+118","-110","-110","-110","-110","1.724638","2.18","1.909091","1.909091","1.909091","1.909091"
"Basketball","NBA","2025_10_31","NBA_2025_10_31_Phoenix_Suns_Utah_Jazz","2026_04_17","10:10 PM","Phoenix Suns","Utah Jazz","-4.5","+4.5","232","-145","+125","-110","-110","-105","-115","1.689655","2.25","1.909091","1.909091","1.952381","1.869565"
"Basketball","NBA","2025_10_31","NBA_2025_10_31_Portland_Trail_Blazers_Denver_Nuggets","2026_04_17","10:10 PM","Portland Trail Blazers","Denver Nuggets","+5.5","-5.5","236.5","+161","-185","-115","-105","-110","-110","2.61","1.540541","1.869565","1.952381","1.909091","1.909091"
"Basketball","NBA","2025_11_01","NBA_2025_11_01_Boston_Celtics_Houston_Rockets","2026_04_17","08:10 PM","Boston Celtics","Houston Rockets","+4","-4","232","+161","-185","-110","-110","-110","-110","2.61","1.540541","1.909091","1.909091","1.909091","1.909091"
"Basketball","NBA","2025_11_01","NBA_2025_11_01_Charlotte_Hornets_Minnesota_Timberwolves","2026_04_17","06:10 PM","Charlotte Hornets","Minnesota Timberwolves","+3","-3","232.5","+174","-200","+105","-125","-110","-110","2.74","1.5","2.05","1.8","1.909091","1.909091"
"Basketball","NBA","2025_11_01","NBA_2025_11_01_Detroit_Pistons_Dallas_Mavericks","2026_04_17","10:10 PM","Detroit Pistons","Dallas Mavericks","-8","+8","225.5","-310","+252","-110","-110","-110","-110","1.322581","3.52","1.909091","1.909091","1.909091","1.909091"
"Basketball","NBA","2025_11_01","NBA_2025_11_01_Indiana_Pacers_Golden_State_Warriors","2026_04_17","07:10 PM","Indiana Pacers","Golden State Warriors","+9","-9","232.5","+330","-420","-110","-110","-110","-110","4.3","1.238095","1.909091","1.909091","1.909091","1.909091"
"Basketball","NBA","2025_11_01","NBA_2025_11_01_Milwaukee_Bucks_Sacramento_Kings","2026_04_17","05:10 PM","Milwaukee Bucks","Sacramento Kings","-6","+6","233","-230","+192","-110","-110","-110","-110","1.434783","2.92","1.909091","1.909091","1.909091","1.909091"
"Basketball","NBA","2025_11_01","NBA_2025_11_01_Washington_Wizards_Orlando_Magic","2026_04_17","07:10 PM","Washington Wizards","Orlando Magic","+8","-8","236","+278","-345","-110","-110","-110","-110","3.78","1.289855","1.909091","1.909091","1.909091","1.909091"
"Basketball","NBA","2025_11_02","NBA_2025_11_02_Brooklyn_Nets_Philadelphia_76ers","2026_04_17","07:10 PM","Brooklyn Nets","Philadelphia 76ers","+7.5","-7.5","235","+186","-220","-110","-110","-110","-110","2.86","1.454545","1.909091","1.909091","1.909091","1.909091"
"Basketball","NBA","2025_11_02","NBA_2025_11_02_Charlotte_Hornets_Utah_Jazz","2026_04_17","07:10 PM","Charlotte Hornets","Utah Jazz","-3.5","+3.5","238.5","-155","+135","-110","-110","-110","-110","1.645161","2.35","1.909091","1.909091","1.909091","1.909091"
"Basketball","NBA","2025_11_02","NBA_2025_11_02_Cleveland_Cavaliers_Atlanta_Hawks","2026_04_17","07:10 PM","Cleveland Cavaliers","Atlanta Hawks","-5.5","+5.5","231","-220","+186","-110","-110","-110","-110","1.454545","2.86","1.909091","1.909091","1.909091","1.909091"
"Basketball","NBA","2025_11_02","NBA_2025_11_02_Los_Angeles_Lakers_Miami_Heat","2026_04_17","10:40 PM","Los Angeles Lakers","Miami Heat","-5.5","+5.5","236","-200","+174","-110","-110","-110","-110","1.5","2.74","1.909091","1.909091","1.909091","1.909091"
"Basketball","NBA","2025_11_02","NBA_2025_11_02_New_York_Knicks_Chicago_Bulls","2026_04_17","08:10 PM","New York Knicks","Chicago Bulls","-8","+8","237.5","-255","+211","-110","-110","-110","-110","1.392157","3.11","1.909091","1.909091","1.909091","1.909091"
"Basketball","NBA","2025_11_02","NBA_2025_11_02_Oklahoma_City_Thunder_New_Orleans_Pelicans","2026_04_17","04:40 PM","Oklahoma City Thunder","New Orleans Pelicans","-11.5","+11.5","229.5","-650","+476","-110","-110","-110","-110","1.153846","5.76","1.909091","1.909091","1.909091","1.909091"
"Basketball","NBA","2025_11_02","NBA_2025_11_02_Phoenix_Suns_San_Antonio_Spurs","2026_04_17","09:10 PM","Phoenix Suns","San Antonio Spurs","+6.5","-6.5","228","+211","-255","-110","-110","-110","-110","3.11","1.392157","1.909091","1.909091","1.909091","1.909091"
"Basketball","NBA","2025_11_02","NBA_2025_11_02_Toronto_Raptors_Memphis_Grizzlies","2026_04_17","07:10 PM","Toronto Raptors","Memphis Grizzlies","-4.5","+4.5","242","-220","+186","-110","-110","-110","-110","1.454545","2.86","1.909091","1.909091","1.909091","1.909091"
"Basketball","NBA","2025_11_03","NBA_2025_11_03_Boston_Celtics_Utah_Jazz","2026_04_17","08:40 PM","Boston Celtics","Utah Jazz","-8.5","+8.5","232.5","-415","+327","-110","-110","-110","-110","1.240964","4.27","1.909091","1.909091","1.909091","1.909091"
"Basketball","NBA","2025_11_03","NBA_2025_11_03_Brooklyn_Nets_Minnesota_Timberwolves","2026_04_17","08:10 PM","Brooklyn Nets","Minnesota Timberwolves","+9","-9","230","+306","-385","-110","-110","-110","-110","4.06","1.25974","1.909091","1.909091","1.909091","1.909091"
"Basketball","NBA","2025_11_03","NBA_2025_11_03_Denver_Nuggets_Sacramento_Kings","2026_04_17","10:10 PM","Denver Nuggets","Sacramento Kings","-10.5","+10.5","238.5","-585","+437","-108","-112","-110","-110","1.17094","5.37","1.925926","1.892857","1.909091","1.909091"
"Basketball","NBA","2025_11_03","NBA_2025_11_03_Houston_Rockets_Dallas_Mavericks","2026_04_17","09:10 PM","Houston Rockets","Dallas Mavericks","-12","+12","229","-675","+491","-110","-110","-110","-110","1.148148","5.91","1.909091","1.909091","1.909091","1.909091"
"Basketball","NBA","2025_11_03","NBA_2025_11_03_Indiana_Pacers_Milwaukee_Bucks","2026_04_17","08:10 PM","Indiana Pacers","Milwaukee Bucks","+5","-5","233.5","+186","-220","-115","-105","-110","-110","2.86","1.454545","1.869565","1.952381","1.909091","1.909091"
"Basketball","NBA","2025_11_03","NBA_2025_11_03_Los_Angeles_Clippers_Miami_Heat","2026_04_17","11:40 PM","Los Angeles Clippers","Miami Heat","-7.5","+7.5","230.5","-300","+245","-110","-110","-110","-110","1.333333","3.45","1.909091","1.909091","1.909091","1.909091"
"Basketball","NBA","2025_11_03","NBA_2025_11_03_Memphis_Grizzlies_Detroit_Pistons","2026_04_17","09:10 PM","Memphis Grizzlies","Detroit Pistons","+3","-3","238","+145","-165","-110","-110","-110","-110","2.45","1.606061","1.909091","1.909091","1.909091","1.909091"
"Basketball","NBA","2025_11_03","NBA_2025_11_03_New_York_Knicks_Washington_Wizards","2026_04_17","08:40 PM","New York Knicks","Washington Wizards","-11.5","+11.5","236","-620","+458","-110","-110","-110","-110","1.16129","5.58","1.909091","1.909091","1.909091","1.909091"
"Basketball","NBA","2025_11_03","NBA_2025_11_03_Portland_Trail_Blazers_Los_Angeles_Lakers","2026_04_17","11:10 PM","Portland Trail Blazers","Los Angeles Lakers","-9.5","+9.5","231.5","-165","+145","-115","-105","-110","-110","1.606061","2.45","1.869565","1.952381","1.909091","1.909091"
"Basketball","NBA","2025_11_04","NBA_2025_11_04_Atlanta_Hawks_Orlando_Magic","2026_04_17","09:10 PM","Atlanta Hawks","Orlando Magic","+2.5","-2.5","229.5","+149","-170","-108","-112","-110","-110","2.49","1.588235","1.925926","1.892857","1.909091","1.909091"
"Basketball","NBA","2025_11_04","NBA_2025_11_04_Chicago_Bulls_Philadelphia_76ers","2026_04_17","09:10 PM","Chicago Bulls","Philadelphia 76ers","-1","+1","239","-125","+105","-110","-110","-110","-110","1.8","2.05","1.909091","1.909091","1.909091","1.909091"
"Basketball","NBA","2025_11_04","NBA_2025_11_04_Golden_State_Warriors_Phoenix_Suns","2026_04_17","11:10 PM","Golden State Warriors","Phoenix Suns","-10","+10","231.5","-450","+350","-110","-110","-110","-110","1.222222","4.5","1.909091","1.909091","1.909091","1.909091"
"Basketball","NBA","2025_11_04","NBA_2025_11_04_Los_Angeles_Clippers_Oklahoma_City_Thunder","2026_04_17","12:10 AM","Los Angeles Clippers","Oklahoma City Thunder","+5.5","-5.5","224.5","+183","-215","-110","-110","-110","-110","2.83","1.465116","1.909091","1.909091","1.909091","1.909091"
"Basketball","NBA","2025_11_04","NBA_2025_11_04_New_Orleans_Pelicans_Charlotte_Hornets","2026_04_17","09:10 PM","New Orleans Pelicans","Charlotte Hornets","-1.5","+1.5","234","-120","+100","-110","-110","-110","-110","1.833333","2","1.909091","1.909091","1.909091","1.909091"
"Basketball","NBA","2025_11_04","NBA_2025_11_04_Toronto_Raptors_Milwaukee_Bucks","2026_04_17","08:40 PM","Toronto Raptors","Milwaukee Bucks","-4","+4","237.5","-175","+153","-115","-105","-110","-110","1.571429","2.53","1.869565","1.952381","1.909091","1.909091"
"Basketball","NBA","2025_11_05","NBA_2025_11_05_Boston_Celtics_Washington_Wizards","2026_04_17","08:40 PM","Boston Celtics","Washington Wizards","-12","+12","230.5","-580","+434","-110","-110","-110","-110","1.172414","5.34","1.909091","1.909091","1.909091","1.909091"
"Basketball","NBA","2025_11_05","NBA_2025_11_05_Cleveland_Cavaliers_Philadelphia_76ers","2026_04_17","08:10 PM","Cleveland Cavaliers","Philadelphia 76ers","-9.5","+9.5","233.5","-430","+337","-110","-110","-110","-110","1.232558","4.37","1.909091","1.909091","1.909091","1.909091"
"Basketball","NBA","2025_11_05","NBA_2025_11_05_Dallas_Mavericks_New_Orleans_Pelicans","2026_04_17","09:40 PM","Dallas Mavericks","New Orleans Pelicans","-7.5","+7.5","227.5","-290","+237","-110","-110","-110","-110","1.344828","3.37","1.909091","1.909091","1.909091","1.909091"
"Basketball","NBA","2025_11_05","NBA_2025_11_05_Denver_Nuggets_Miami_Heat","2026_04_17","10:10 PM","Denver Nuggets","Miami Heat","-9","+9","237","-390","+310","-110","-110","-110","-110","1.25641","4.1","1.909091","1.909091","1.909091","1.909091"
"Basketball","NBA","2025_11_05","NBA_2025_11_05_Detroit_Pistons_Utah_Jazz","2026_04_17","08:10 PM","Detroit Pistons","Utah Jazz","-9","+9","232","-460","+358","-110","-110","-110","-110","1.217391","4.58","1.909091","1.909091","1.909091","1.909091"
"Basketball","NBA","2025_11_05","NBA_2025_11_05_Indiana_Pacers_Brooklyn_Nets","2026_04_17","08:10 PM","Indiana Pacers","Brooklyn Nets","-6.5","+6.5","232.5","-255","+211","-110","-110","-110","-110","1.392157","3.11","1.909091","1.909091","1.909091","1.909091"
"Basketball","NBA","2025_11_05","NBA_2025_11_05_Los_Angeles_Lakers_San_Antonio_Spurs","2026_04_17","11:10 PM","Los Angeles Lakers","San Antonio Spurs","-3.5","+3.5","230.5","-133","+113","-110","-110","-110","-110","1.75188","2.13","1.909091","1.909091","1.909091","1.909091"
"Basketball","NBA","2025_11_05","NBA_2025_11_05_Memphis_Grizzlies_Houston_Rockets","2026_04_17","09:10 PM","Memphis Grizzlies","Houston Rockets","+6.5","-6.5","233.5","+234","-285","-110","-110","-110","-110","3.34","1.350877","1.909091","1.909091","1.909091","1.909091"
"Basketball","NBA","2025_11_05","NBA_2025_11_05_New_York_Knicks_Minnesota_Timberwolves","2026_04_17","08:40 PM","New York Knicks","Minnesota Timberwolves","-4.5","+4.5","229.5","-200","+174","-110","-110","-110","-110","1.5","2.74","1.909091","1.909091","1.909091","1.909091"
"Basketball","NBA","2025_11_05","NBA_2025_11_05_Portland_Trail_Blazers_Oklahoma_City_Thunder","2026_04_17","11:10 PM","Portland Trail Blazers","Oklahoma City Thunder","+6","-6","229.5","+183","-215","-115","-105","-110","-110","2.83","1.465116","1.869565","1.952381","1.909091","1.909091"
"Basketball","NBA","2025_11_05","NBA_2025_11_05_Sacramento_Kings_Golden_State_Warriors","2026_04_17","11:10 PM","Sacramento Kings","Golden State Warriors","-3","+3","227.5","-145","+125","-110","-110","-110","-110","1.689655","2.25","1.909091","1.909091","1.909091","1.909091"
"Basketball","NBA","2025_11_06","NBA_2025_11_06_Phoenix_Suns_Los_Angeles_Clippers","2026_04_17","10:10 PM","Phoenix Suns","Los Angeles Clippers","+5.5","-5.5","227","-145","+125","-110","-110","-110","-110","1.689655","2.25","1.909091","1.909091","1.909091","1.909091"
"Basketball","NBA","2025_11_07","NBA_2025_11_07_Atlanta_Hawks_Toronto_Raptors","2026_04_17","08:40 PM","Atlanta Hawks","Toronto Raptors","-2.5","+2.5","234.5","-115","-105","-110","-110","-110","-110","1.869565","1.952381","1.909091","1.909091","1.909091","1.909091"
"Basketball","NBA","2025_11_07","NBA_2025_11_07_Brooklyn_Nets_Detroit_Pistons","2026_04_17","08:40 PM","Brooklyn Nets","Detroit Pistons","+9","-9","228","+367","-475","-110","-110","-110","-110","4.67","1.210526","1.909091","1.909091","1.909091","1.909091"
"Basketball","NBA","2025_11_07","NBA_2025_11_07_Denver_Nuggets_Golden_State_Warriors","2026_04_17","11:10 PM","Denver Nuggets","Golden State Warriors","-5","+5","236","-425","+334","-110","-110","-110","-110","1.235294","4.34","1.909091","1.909091","1.909091","1.909091"
"Basketball","NBA","2025_11_07","NBA_2025_11_07_Memphis_Grizzlies_Dallas_Mavericks","2026_04_17","09:10 PM","Memphis Grizzlies","Dallas Mavericks","-3","+3","228.5","-170","+149","-110","-110","-110","-110","1.588235","2.49","1.909091","1.909091","1.909091","1.909091"
"Basketball","NBA","2025_11_07","NBA_2025_11_07_Miami_Heat_Charlotte_Hornets","2026_04_17","09:10 PM","Miami Heat","Charlotte Hornets","-5","+5","238.5","-180","+157","-110","-110","-110","-110","1.555556","2.57","1.909091","1.909091","1.909091","1.909091"
"Basketball","NBA","2025_11_07","NBA_2025_11_07_Milwaukee_Bucks_Chicago_Bulls","2026_04_17","09:10 PM","Milwaukee Bucks","Chicago Bulls","-4","+4","242","-165","+145","-110","-110","-110","-110","1.606061","2.45","1.909091","1.909091","1.909091","1.909091"
"Basketball","NBA","2025_11_07","NBA_2025_11_07_Minnesota_Timberwolves_Utah_Jazz","2026_04_17","09:10 PM","Minnesota Timberwolves","Utah Jazz","-14","+14","230.5","-535","+406","-110","-110","-110","-110","1.186916","5.06","1.909091","1.909091","1.909091","1.909091"
"Basketball","NBA","2025_11_07","NBA_2025_11_07_Orlando_Magic_Boston_Celtics","2026_04_17","08:10 PM","Orlando Magic","Boston Celtics","-4","+4","224.5","-150","+130","-110","-110","-110","-110","1.666667","2.3","1.909091","1.909091","1.909091","1.909091"
"Basketball","NBA","2025_11_07","NBA_2025_11_07_Sacramento_Kings_Oklahoma_City_Thunder","2026_04_17","11:10 PM","Sacramento Kings","Oklahoma City Thunder","+8.5","-8.5","228","+400","-525","-110","-110","-110","-110","5","1.190476","1.909091","1.909091","1.909091","1.909091"
"Basketball","NBA","2025_11_07","NBA_2025_11_07_San_Antonio_Spurs_Houston_Rockets","2026_04_17","08:40 PM","San Antonio Spurs","Houston Rockets","+2","-2","225","+125","-145","-110","-110","-110","-110","2.25","1.689655","1.909091","1.909091","1.909091","1.909091"
"Basketball","NBA","2025_11_07","NBA_2025_11_07_Washington_Wizards_Cleveland_Cavaliers","2026_04_17","08:10 PM","Washington Wizards","Cleveland Cavaliers","+12.5","-12.5","237","+546","-775","-110","-110","-110","-110","6.46","1.129032","1.909091","1.909091","1.909091","1.909091"
"Basketball","NBA","2025_11_08","NBA_2025_11_08_Atlanta_Hawks_Los_Angeles_Lakers","2026_04_17","09:10 PM","Atlanta Hawks","Los Angeles Lakers","+2","-2","231","+130","-150","-110","-110","-110","-110","2.3","1.666667","1.909091","1.909091","1.909091","1.909091"
"Basketball","NBA","2025_11_08","NBA_2025_11_08_Cleveland_Cavaliers_Chicago_Bulls","2026_04_17","09:10 PM","Cleveland Cavaliers","Chicago Bulls","-8.5","+8.5","241","-365","+292","-110","-110","-110","-110","1.273973","3.92","1.909091","1.909091","1.909091","1.909091"
"Basketball","NBA","2025_11_08","NBA_2025_11_08_Denver_Nuggets_Indiana_Pacers","2026_04_17","10:10 PM","Denver Nuggets","Indiana Pacers","-12.5","+12.5","235","-575","+431","-110","-110","-110","-110","1.173913","5.31","1.909091","1.909091","1.909091","1.909091"
"Basketball","NBA","2025_11_08","NBA_2025_11_08_Los_Angeles_Clippers_Phoenix_Suns","2026_04_17","11:40 PM","Los Angeles Clippers","Phoenix Suns","-5.5","+5.5","225.5","-180","+157","-110","-110","-110","-110","1.555556","2.57","1.909091","1.909091","1.909091","1.909091"
"Basketball","NBA","2025_11_08","NBA_2025_11_08_Miami_Heat_Portland_Trail_Blazers","2026_04_17","09:10 PM","Miami Heat","Portland Trail Blazers","+2.5","-2.5","239.5","+117","-137","-115","-105","-110","-110","2.17","1.729927","1.869565","1.952381","1.909091","1.909091"
"Basketball","NBA","2025_11_08","NBA_2025_11_08_Philadelphia_76ers_Toronto_Raptors","2026_04_17","08:40 PM","Philadelphia 76ers","Toronto Raptors","-5.5","+5.5","237.5","-190","+165","-110","-110","-110","-110","1.526316","2.65","1.909091","1.909091","1.909091","1.909091"
"Basketball","NBA","2025_11_08","NBA_2025_11_08_San_Antonio_Spurs_New_Orleans_Pelicans","2026_04_17","09:10 PM","San Antonio Spurs","New Orleans Pelicans","-12","+12","230","-550","+415","-110","-110","-110","-110","1.181818","5.15","1.909091","1.909091","1.909091","1.909091"
"Basketball","NBA","2025_11_08","NBA_2025_11_08_Washington_Wizards_Dallas_Mavericks","2026_04_17","08:10 PM","Washington Wizards","Dallas Mavericks","+4","-4","231","+157","-180","-110","-110","-110","-110","2.57","1.555556","1.909091","1.909091","1.909091","1.909091"
"Basketball","NBA","2025_11_09","NBA_2025_11_09_Golden_State_Warriors_Indiana_Pacers","2026_04_17","09:40 PM","Golden State Warriors","Indiana Pacers","-13.5","+13.5","227.5","-750","+534","-110","-110","-110","-110","1.133333","6.34","1.909091","1.909091","1.909091","1.909091"
"Basketball","NBA","2025_11_09","NBA_2025_11_09_Memphis_Grizzlies_Oklahoma_City_Thunder","2026_04_17","07:10 PM","Memphis Grizzlies","Oklahoma City Thunder","+9.5","-9.5","235.5","+400","-525","-110","-110","-110","-110","5","1.190476","1.909091","1.909091","1.909091","1.909091"
"Basketball","NBA","2025_11_09","NBA_2025_11_09_Milwaukee_Bucks_Houston_Rockets","2026_04_17","04:40 PM","Milwaukee Bucks","Houston Rockets","+3.5","-3.5","231.5","+149","-170","-110","-110","-110","-110","2.49","1.588235","1.909091","1.909091","1.909091","1.909091"
"Basketball","NBA","2025_11_09","NBA_2025_11_09_New_York_Knicks_Brooklyn_Nets","2026_04_17","07:10 PM","New York Knicks","Brooklyn Nets","-15","+15","229.5","-1100","+709","-110","-110","-110","-110","1.090909","8.09","1.909091","1.909091","1.909091","1.909091"
"Basketball","NBA","2025_11_09","NBA_2025_11_09_Orlando_Magic_Boston_Celtics","2026_04_17","07:10 PM","Orlando Magic","Boston Celtics","-4","+4","228","-170","+149","-110","-110","-110","-110","1.588235","2.49","1.909091","1.909091","1.909091","1.909091"
"Basketball","NBA","2025_11_09","NBA_2025_11_09_Philadelphia_76ers_Detroit_Pistons","2026_04_17","08:40 PM","Philadelphia 76ers","Detroit Pistons","+2.5","-2.5","232.5","+137","-157","-105","-115","-110","-110","2.37","1.636943","1.952381","1.869565","1.909091","1.909091"
"Basketball","NBA","2025_11_09","NBA_2025_11_09_Sacramento_Kings_Minnesota_Timberwolves","2026_04_17","10:10 PM","Sacramento Kings","Minnesota Timberwolves","+5.5","-5.5","234.5","+183","-215","-110","-110","-110","-110","2.83","1.465116","1.909091","1.909091","1.909091","1.909091"
"Basketball","NBA","2025_11_10","NBA_2025_11_10_Charlotte_Hornets_Los_Angeles_Lakers","2026_04_17","08:10 PM","Charlotte Hornets","Los Angeles Lakers","+7.5","-7.5","231","+234","-285","-110","-110","-110","-110","3.34","1.350877","1.909091","1.909091","1.909091","1.909091"
"Basketball","NBA","2025_11_10","NBA_2025_11_10_Chicago_Bulls_San_Antonio_Spurs","2026_04_17","09:10 PM","Chicago Bulls","San Antonio Spurs","+1","-1","234.5","+145","-165","-110","-110","-110","-110","2.45","1.606061","1.909091","1.909091","1.909091","1.909091"
"Basketball","NBA","2025_11_10","NBA_2025_11_10_Dallas_Mavericks_Milwaukee_Bucks","2026_04_17","09:40 PM","Dallas Mavericks","Milwaukee Bucks","+2","-2","231","+110","-130","-110","-110","-110","-110","2.1","1.769231","1.909091","1.909091","1.909091","1.909091"
"Basketball","NBA","2025_11_10","NBA_2025_11_10_Detroit_Pistons_Washington_Wizards","2026_04_17","08:10 PM","Detroit Pistons","Washington Wizards","-12.5","+12.5","235","-725","+520","-110","-110","-110","-110","1.137931","6.2","1.909091","1.909091","1.909091","1.909091"
"Basketball","NBA","2025_11_10","NBA_2025_11_10_Los_Angeles_Clippers_Atlanta_Hawks","2026_04_17","11:40 PM","Los Angeles Clippers","Atlanta Hawks","-4.5","+4.5","225.5","-170","+149","-110","-110","-110","-110","1.588235","2.49","1.909091","1.909091","1.909091","1.909091"
"Basketball","NBA","2025_11_10","NBA_2025_11_10_Miami_Heat_Cleveland_Cavaliers","2026_04_17","08:40 PM","Miami Heat","Cleveland Cavaliers","+6.5","-6.5","246","+237","-290","-110","-110","-110","-110","3.37","1.344828","1.909091","1.909091","1.909091","1.909091"
"Basketball","NBA","2025_11_10","NBA_2025_11_10_Orlando_Magic_Portland_Trail_Blazers","2026_04_17","08:10 PM","Orlando Magic","Portland Trail Blazers","-2.5","+2.5","236","-135","+115","-105","-115","-110","-110","1.740741","2.15","1.952381","1.869565","1.909091","1.909091"
"Basketball","NBA","2025_11_10","NBA_2025_11_10_Phoenix_Suns_New_Orleans_Pelicans","2026_04_17","10:10 PM","Phoenix Suns","New Orleans Pelicans","-6","+6","230.5","-300","+245","-110","-110","-110","-110","1.333333","3.45","1.909091","1.909091","1.909091","1.909091"
"Basketball","NBA","2025_11_10","NBA_2025_11_10_Utah_Jazz_Minnesota_Timberwolves","2026_04_17","10:10 PM","Utah Jazz","Minnesota Timberwolves","+7.5","-7.5","236","+234","-285","-110","-110","-110","-110","3.34","1.350877","1.909091","1.909091","1.909091","1.909091"
"Basketball","NBA","2025_11_11","NBA_2025_11_11_Brooklyn_Nets_Toronto_Raptors","2026_04_17","08:40 PM","Brooklyn Nets","Toronto Raptors","+8","-8","232.5","+316","-400","-110","-110","-110","-110","4.16","1.25","1.909091","1.909091","1.909091","1.909091"
"Basketball","NBA","2025_11_11","NBA_2025_11_11_New_York_Knicks_Memphis_Grizzlies","2026_04_17","08:40 PM","New York Knicks","Memphis Grizzlies","-9","+9","235","-400","+316","-110","-110","-110","-110","1.25","4.16","1.909091","1.909091","1.909091","1.909091"
"Basketball","NBA","2025_11_11","NBA_2025_11_11_Oklahoma_City_Thunder_Golden_State_Warriors","2026_04_17","09:10 PM","Oklahoma City Thunder","Golden State Warriors","-7.5","+7.5","228.5","-315","+256","-110","-110","-110","-110","1.31746","3.56","1.909091","1.909091","1.909091","1.909091"
"Basketball","NBA","2025_11_11","NBA_2025_11_11_Philadelphia_76ers_Boston_Celtics","2026_04_17","09:10 PM","Philadelphia 76ers","Boston Celtics","-1.5","+1.5","233","-130","+110","-110","-110","-110","-110","1.769231","2.1","1.909091","1.909091","1.909091","1.909091"
"Basketball","NBA","2025_11_11","NBA_2025_11_11_Sacramento_Kings_Denver_Nuggets","2026_04_17","12:12 AM","Sacramento Kings","Denver Nuggets","+8","-8","240.5","+280","-350","-110","-110","-110","-110","3.8","1.285714","1.909091","1.909091","1.909091","1.909091"
"Basketball","NBA","2025_11_11","NBA_2025_11_11_Utah_Jazz_Indiana_Pacers","2026_04_17","10:10 PM","Utah Jazz","Indiana Pacers","+1.5","-1.5","229","+100","-120","-110","-110","-105","-115","2","1.833333","1.909091","1.909091","1.952381","1.869565"
"Basketball","NBA","2025_11_12","NBA_2025_11_12_Boston_Celtics_Memphis_Grizzlies","2026_04_17","08:40 PM","Boston Celtics","Memphis Grizzlies","-8","+8","230","-250","+207","-110","-110","-110","-110","1.4","3.07","1.909091","1.909091","1.909091","1.909091"
"Basketball","NBA","2025_11_12","NBA_2025_11_12_Charlotte_Hornets_Milwaukee_Bucks","2026_04_17","08:10 PM","Charlotte Hornets","Milwaukee Bucks","+5","-5","233.5","+183","-215","-110","-110","-110","-110","2.83","1.465116","1.909091","1.909091","1.909091","1.909091"
"Basketball","NBA","2025_11_12","NBA_2025_11_12_Dallas_Mavericks_Phoenix_Suns","2026_04_17","09:40 PM","Dallas Mavericks","Phoenix Suns","+2","-2","226.5","+100","-120","-113","-107","-110","-110","2","1.833333","1.884956","1.934579","1.909091","1.909091"
"Basketball","NBA","2025_11_12","NBA_2025_11_12_Detroit_Pistons_Chicago_Bulls","2026_04_17","08:10 PM","Detroit Pistons","Chicago Bulls","-2","+2","233.5","-140","+120","-110","-110","-110","-110","1.714286","2.2","1.909091","1.909091","1.909091","1.909091"
"Basketball","NBA","2025_11_12","NBA_2025_11_12_Houston_Rockets_Washington_Wizards","2026_04_17","09:10 PM","Houston Rockets","Washington Wizards","-15","+15","235.5","-1500","+874","-110","-110","-110","-110","1.066667","9.74","1.909091","1.909091","1.909091","1.909091"
"Basketball","NBA","2025_11_12","NBA_2025_11_12_Los_Angeles_Clippers_Denver_Nuggets","2026_04_17","11:40 PM","Los Angeles Clippers","Denver Nuggets","+2","-2","226","+115","-135","-110","-110","-110","-110","2.15","1.740741","1.909091","1.909091","1.909091","1.909091"
"Basketball","NBA","2025_11_12","NBA_2025_11_12_Miami_Heat_Cleveland_Cavaliers","2026_04_17","08:40 PM","Miami Heat","Cleveland Cavaliers","+7.5","-7.5","250","-215","+183","-110","-110","-110","-110","1.465116","2.83","1.909091","1.909091","1.909091","1.909091"
"Basketball","NBA","2025_11_12","NBA_2025_11_12_New_Orleans_Pelicans_Portland_Trail_Blazers","2026_04_17","09:10 PM","New Orleans Pelicans","Portland Trail Blazers","+6.5","-6.5","230.5","+278","-345","-110","-110","-110","-110","3.78","1.289855","1.909091","1.909091","1.909091","1.909091"
"Basketball","NBA","2025_11_12","NBA_2025_11_12_New_York_Knicks_Orlando_Magic","2026_04_17","08:10 PM","New York Knicks","Orlando Magic","-4.5","+4.5","228.5","-160","+140","-110","-110","-110","-110","1.625","2.4","1.909091","1.909091","1.909091","1.909091"
"Basketball","NBA","2025_11_12","NBA_2025_11_12_Oklahoma_City_Thunder_Los_Angeles_Lakers","2026_04_17","10:40 PM","Oklahoma City Thunder","Los Angeles Lakers","-6.5","+6.5","232","-270","+222","-110","-110","-110","-110","1.37037","3.22","1.909091","1.909091","1.909091","1.909091"
"Basketball","NBA","2025_11_12","NBA_2025_11_12_Sacramento_Kings_Atlanta_Hawks","2026_04_17","11:10 PM","Sacramento Kings","Atlanta Hawks","+3.5","-3.5","234.5","+140","-160","-110","-110","-110","-110","2.4","1.625","1.909091","1.909091","1.909091","1.909091"
"Basketball","NBA","2025_11_12","NBA_2025_11_12_San_Antonio_Spurs_Golden_State_Warriors","2026_04_17","09:10 PM","San Antonio Spurs","Golden State Warriors","-3.5","+3.5","229","-195","+170","-115","-105","-110","-110","1.512821","2.7","1.869565","1.952381","1.909091","1.909091"
"Basketball","NBA","2025_11_13","NBA_2025_11_13_Cleveland_Cavaliers_Toronto_Raptors","2026_04_17","08:10 PM","Cleveland Cavaliers","Toronto Raptors","-5.5","+5.5","235.5","-280","+230","-110","-110","-110","-110","1.357143","3.3","1.909091","1.909091","1.909091","1.909091"
"Basketball","NBA","2025_11_13","NBA_2025_11_13_Phoenix_Suns_Indiana_Pacers","2026_04_17","10:10 PM","Phoenix Suns","Indiana Pacers","-4","+4","234.5","-190","+165","-110","-110","-110","-110","1.526316","2.65","1.909091","1.909091","1.909091","1.909091"
"Basketball","NBA","2025_11_13","NBA_2025_11_13_Utah_Jazz_Atlanta_Hawks","2026_04_17","10:10 PM","Utah Jazz","Atlanta Hawks","+1","-1","233.5","+108","-128","-110","-110","-110","-110","2.08","1.78125","1.909091","1.909091","1.909091","1.909091"
"Basketball","NBA","2025_11_14","NBA_2025_11_14_Dallas_Mavericks_Los_Angeles_Clippers","2026_04_17","09:40 PM","Dallas Mavericks","Los Angeles Clippers","+3.5","-3.5","218.5","+145","-165","-110","-110","-110","-110","2.45","1.606061","1.909091","1.909091","1.909091","1.909091"
"Basketball","NBA","2025_11_14","NBA_2025_11_14_Detroit_Pistons_Philadelphia_76ers","2026_04_17","08:40 PM","Detroit Pistons","Philadelphia 76ers","-5.5","+5.5","232.5","-210","+180","-105","-115","-110","-110","1.47619","2.8","1.952381","1.869565","1.909091","1.909091"
"Basketball","NBA","2025_11_14","NBA_2025_11_14_Houston_Rockets_Portland_Trail_Blazers","2026_04_17","09:10 PM","Houston Rockets","Portland Trail Blazers","-7.5","+7.5","234","-325","+263","-110","-110","-110","-110","1.307692","3.63","1.909091","1.909091","1.909091","1.909091"
"Basketball","NBA","2025_11_14","NBA_2025_11_14_Milwaukee_Bucks_Charlotte_Hornets","2026_04_17","09:10 PM","Milwaukee Bucks","Charlotte Hornets","-10","+10","238","-410","+324","-110","-110","-110","-110","1.243902","4.24","1.909091","1.909091","1.909091","1.909091"
"Basketball","NBA","2025_11_14","NBA_2025_11_14_Minnesota_Timberwolves_Sacramento_Kings","2026_04_17","09:10 PM","Minnesota Timberwolves","Sacramento Kings","-11.5","+11.5","239","-600","+446","-110","-110","-110","-110","1.166667","5.46","1.909091","1.909091","1.909091","1.909091"
"Basketball","NBA","2025_11_14","NBA_2025_11_14_New_Orleans_Pelicans_Los_Angeles_Lakers","2026_04_17","09:10 PM","New Orleans Pelicans","Los Angeles Lakers","+10.5","-10.5","233.5","+361","-465","-110","-110","-110","-110","4.61","1.215054","1.909091","1.909091","1.909091","1.909091"
"Basketball","NBA","2025_11_14","NBA_2025_11_14_New_York_Knicks_Miami_Heat","2026_04_17","08:10 PM","New York Knicks","Miami Heat","-4.5","+4.5","235.5","-180","+157","-110","-110","-110","-110","1.555556","2.57","1.909091","1.909091","1.909091","1.909091"
"Basketball","NBA","2025_11_14","NBA_2025_11_14_Orlando_Magic_Brooklyn_Nets","2026_04_17","08:10 PM","Orlando Magic","Brooklyn Nets","-14","+14","228","-890","+607","-110","-110","-110","-110","1.11236","7.07","1.909091","1.909091","1.909091","1.909091"
"Basketball","NBA","2025_11_14","NBA_2025_11_14_San_Antonio_Spurs_Golden_State_Warriors","2026_04_17","10:40 PM","San Antonio Spurs","Golden State Warriors","-2.5","+2.5","235","-140","+120","-110","-110","-110","-110","1.714286","2.2","1.909091","1.909091","1.909091","1.909091"
"Basketball","NBA","2025_11_15","NBA_2025_11_15_Charlotte_Hornets_Oklahoma_City_Thunder","2026_04_17","08:10 PM","Charlotte Hornets","Oklahoma City Thunder","+16.5","-16.5","230","+795","-1300","-110","-110","-110","-110","8.95","1.076923","1.909091","1.909091","1.909091","1.909091"
"Basketball","NBA","2025_11_15","NBA_2025_11_15_Cleveland_Cavaliers_Memphis_Grizzlies","2026_04_17","06:10 PM","Cleveland Cavaliers","Memphis Grizzlies","-10","+10","238.5","-490","+377","-110","-110","-110","-110","1.204082","4.77","1.909091","1.909091","1.909091","1.909091"
"Basketball","NBA","2025_11_15","NBA_2025_11_15_Indiana_Pacers_Toronto_Raptors","2026_04_17","08:10 PM","Indiana Pacers","Toronto Raptors","+7","-7","233.5","+207","-250","-110","-110","-110","-110","3.07","1.4","1.909091","1.909091","1.909091","1.909091"
"Basketball","NBA","2025_11_15","NBA_2025_11_15_Milwaukee_Bucks_Los_Angeles_Lakers","2026_04_17","09:10 PM","Milwaukee Bucks","Los Angeles Lakers","-2","+2","232.5","+100","-120","-115","-105","-110","-110","2","1.833333","1.869565","1.952381","1.909091","1.909091"
"Basketball","NBA","2025_11_15","NBA_2025_11_15_Minnesota_Timberwolves_Denver_Nuggets","2026_04_17","09:10 PM","Minnesota Timberwolves","Denver Nuggets","+2.5","-2.5","241","-115","-105","-110","-110","-110","-110","1.869565","1.952381","1.909091","1.909091","1.909091","1.909091"
"Basketball","NBA","2025_11_16","NBA_2025_11_16_Boston_Celtics_Los_Angeles_Clippers","2026_04_17","04:40 PM","Boston Celtics","Los Angeles Clippers","-4","+4","224","-205","+177","-110","-110","-110","-110","1.487805","2.77","1.909091","1.909091","1.909091","1.909091"
"Basketball","NBA","2025_11_16","NBA_2025_11_16_Dallas_Mavericks_Portland_Trail_Blazers","2026_04_17","08:40 PM","Dallas Mavericks","Portland Trail Blazers","+3.5","-3.5","229.5","+140","-160","-110","-110","-110","-110","2.4","1.625","1.909091","1.909091","1.909091","1.909091"
"Basketball","NBA","2025_11_16","NBA_2025_11_16_Houston_Rockets_Orlando_Magic","2026_04_17","08:10 PM","Houston Rockets","Orlando Magic","-8","+8","230","-320","+260","-110","-110","-110","-110","1.3125","3.6","1.909091","1.909091","1.909091","1.909091"
"Basketball","NBA","2025_11_16","NBA_2025_11_16_New_Orleans_Pelicans_Golden_State_Warriors","2026_04_17","08:10 PM","New Orleans Pelicans","Golden State Warriors","+11","-11","227.5","+383","-500","-110","-110","-110","-110","4.83","1.2","1.909091","1.909091","1.909091","1.909091"
"Basketball","NBA","2025_11_16","NBA_2025_11_16_Phoenix_Suns_Atlanta_Hawks","2026_04_17","09:10 PM","Phoenix Suns","Atlanta Hawks","+1","-1","233","+105","-125","-110","-110","-110","-110","2.05","1.8","1.909091","1.909091","1.909091","1.909091"
"Basketball","NBA","2025_11_16","NBA_2025_11_16_San_Antonio_Spurs_Sacramento_Kings","2026_04_17","05:10 PM","San Antonio Spurs","Sacramento Kings","-5","+5","239","-260","+215","-110","-110","-110","-110","1.384615","3.15","1.909091","1.909091","1.909091","1.909091"
"Basketball","NBA","2025_11_16","NBA_2025_11_16_Utah_Jazz_Chicago_Bulls","2026_04_17","09:10 PM","Utah Jazz","Chicago Bulls","+4.5","-4.5","241","+153","-175","-110","-110","-110","-110","2.53","1.571429","1.909091","1.909091","1.909091","1.909091"
"Basketball","NBA","2025_11_16","NBA_2025_11_16_Washington_Wizards_Brooklyn_Nets","2026_04_17","07:10 PM","Washington Wizards","Brooklyn Nets","-3.5","+3.5","231.5","-150","+130","-110","-110","-110","-110","1.666667","2.3","1.909091","1.909091","1.909091","1.909091"
"Basketball","NBA","2025_11_17","NBA_2025_11_17_Cleveland_Cavaliers_Milwaukee_Bucks","2026_04_17","08:10 PM","Cleveland Cavaliers","Milwaukee Bucks","-7.5","+7.5","238.5","-255","+211","-115","-105","-110","-110","1.392157","3.11","1.869565","1.952381","1.909091","1.909091"
"Basketball","NBA","2025_11_17","NBA_2025_11_17_Denver_Nuggets_Chicago_Bulls","2026_04_17","10:10 PM","Denver Nuggets","Chicago Bulls","-10.5","+10.5","244","-850","+586","-110","-110","-110","-110","1.117647","6.86","1.909091","1.909091","1.909091","1.909091"
"Basketball","NBA","2025_11_17","NBA_2025_11_17_Detroit_Pistons_Indiana_Pacers","2026_04_17","08:10 PM","Detroit Pistons","Indiana Pacers","-8.5","+8.5","230","-420","+330","-110","-110","-110","-110","1.238095","4.3","1.909091","1.909091","1.909091","1.909091"
"Basketball","NBA","2025_11_17","NBA_2025_11_17_Miami_Heat_New_York_Knicks","2026_04_17","08:40 PM","Miami Heat","New York Knicks","-1","+1","242.5","-115","-105","-110","-110","-110","-110","1.869565","1.952381","1.909091","1.909091","1.909091","1.909091"
"Basketball","NBA","2025_11_17","NBA_2025_11_17_Minnesota_Timberwolves_Dallas_Mavericks","2026_04_17","09:10 PM","Minnesota Timberwolves","Dallas Mavericks","-13.5","+13.5","227.5","-950","+637","-115","-105","-110","-110","1.105263","7.37","1.869565","1.952381","1.909091","1.909091"
"Basketball","NBA","2025_11_17","NBA_2025_11_17_New_Orleans_Pelicans_Oklahoma_City_Thunder","2026_04_17","09:10 PM","New Orleans Pelicans","Oklahoma City Thunder","+17.5","-17.5","226","+874","-1500","-110","-110","-110","-110","9.74","1.066667","1.909091","1.909091","1.909091","1.909091"
"Basketball","NBA","2025_11_17","NBA_2025_11_17_Philadelphia_76ers_Los_Angeles_Clippers","2026_04_17","08:10 PM","Philadelphia 76ers","Los Angeles Clippers","-4.5","+4.5","223","-200","+174","-110","-110","-110","-110","1.5","2.74","1.909091","1.909091","1.909091","1.909091"
"Basketball","NBA","2025_11_17","NBA_2025_11_17_Toronto_Raptors_Charlotte_Hornets","2026_04_17","08:40 PM","Toronto Raptors","Charlotte Hornets","-7","+7","240","-325","+263","-110","-110","-110","-110","1.307692","3.63","1.909091","1.909091","1.909091","1.909091"
"Basketball","NBA","2025_11_18","NBA_2025_11_18_Atlanta_Hawks_Detroit_Pistons","2026_04_17","08:40 PM","Atlanta Hawks","Detroit Pistons","+2","-2","229.5","+110","-130","-110","-110","-115","-105","2.1","1.769231","1.909091","1.909091","1.869565","1.952381"
"Basketball","NBA","2025_11_18","NBA_2025_11_18_Brooklyn_Nets_Boston_Celtics","2026_04_17","08:40 PM","Brooklyn Nets","Boston Celtics","+10.5","-10.5","229","+415","-550","-110","-110","-110","-110","5.15","1.181818","1.909091","1.909091","1.909091","1.909091"
"Basketball","NBA","2025_11_18","NBA_2025_11_18_Los_Angeles_Lakers_Utah_Jazz","2026_04_17","11:40 PM","Los Angeles Lakers","Utah Jazz","-12","+12","236","-600","+446","-110","-110","-110","-110","1.166667","5.46","1.909091","1.909091","1.909091","1.909091"
"Basketball","NBA","2025_11_18","NBA_2025_11_18_Orlando_Magic_Golden_State_Warriors","2026_04_17","08:10 PM","Orlando Magic","Golden State Warriors","+3.5","-3.5","225.5","+135","-155","-110","-110","-110","-110","2.35","1.645161","1.909091","1.909091","1.909091","1.909091"
"Basketball","NBA","2025_11_18","NBA_2025_11_18_Portland_Trail_Blazers_Phoenix_Suns","2026_04_17","12:10 AM","Portland Trail Blazers","Phoenix Suns","-4","+4","236.5","+100","-120","-110","-110","-110","-110","2","1.833333","1.909091","1.909091","1.909091","1.909091"
"Basketball","NBA","2025_11_18","NBA_2025_11_18_San_Antonio_Spurs_Memphis_Grizzlies","2026_04_17","09:10 PM","San Antonio Spurs","Memphis Grizzlies","-7","+7","234.5","-240","+200","-110","-110","-110","-110","1.416667","3","1.909091","1.909091","1.909091","1.909091"
"Basketball","NBA","2025_11_19","NBA_2025_11_19_Cleveland_Cavaliers_Houston_Rockets","2026_04_17","08:10 PM","Cleveland Cavaliers","Houston Rockets","-1","+1","234.5","-105","-115","-105","-115","-110","-110","1.952381","1.869565","1.952381","1.869565","1.909091","1.909091"
"Basketball","NBA","2025_11_19","NBA_2025_11_19_Dallas_Mavericks_New_York_Knicks","2026_04_17","10:45 PM","Dallas Mavericks","New York Knicks","+4.5","-4.5","228.5","+157","-180","-110","-110","-110","-110","2.57","1.555556","1.909091","1.909091","1.909091","1.909091"
"Basketball","NBA","2025_11_19","NBA_2025_11_19_Indiana_Pacers_Charlotte_Hornets","2026_04_17","08:10 PM","Indiana Pacers","Charlotte Hornets","+1","-1","234.5","+100","-120","-110","-110","-110","-110","2","1.833333","1.909091","1.909091","1.909091","1.909091"
"Basketball","NBA","2025_11_19","NBA_2025_11_19_Miami_Heat_Golden_State_Warriors","2026_04_17","08:40 PM","Miami Heat","Golden State Warriors","-6.5","+6.5","230.5","-235","+195","-110","-110","-110","-110","1.425532","2.95","1.909091","1.909091","1.909091","1.909091"
"Basketball","NBA","2025_11_19","NBA_2025_11_19_Minnesota_Timberwolves_Washington_Wizards","2026_04_17","09:10 PM","Minnesota Timberwolves","Washington Wizards","-15","+15","238","-1200","+754","-110","-110","-115","-105","1.083333","8.54","1.909091","1.909091","1.869565","1.952381"
"Basketball","NBA","2025_11_19","NBA_2025_11_19_New_Orleans_Pelicans_Denver_Nuggets","2026_04_17","09:10 PM","New Orleans Pelicans","Denver Nuggets","+13.5","-13.5","232.5","+561","-800","-110","-110","-110","-110","6.61","1.125","1.909091","1.909091","1.909091","1.909091"
"Basketball","NBA","2025_11_19","NBA_2025_11_19_Oklahoma_City_Thunder_Sacramento_Kings","2026_04_17","09:10 PM","Oklahoma City Thunder","Sacramento Kings","-16.5","+16.5","233.5","-1900","+1011","-110","-110","-110","-110","1.052632","11.11","1.909091","1.909091","1.909091","1.909091"
"Basketball","NBA","2025_11_19","NBA_2025_11_19_Philadelphia_76ers_Toronto_Raptors","2026_04_17","08:10 PM","Philadelphia 76ers","Toronto Raptors","-1.5","+1.5","236.5","-102","-118","-110","-110","-110","-110","1.980392","1.847458","1.909091","1.909091","1.909091","1.909091"
"Basketball","NBA","2025_11_19","NBA_2025_11_19_Portland_Trail_Blazers_Chicago_Bulls","2026_04_17","11:10 PM","Portland Trail Blazers","Chicago Bulls","+1.5","-1.5","243.5","+100","-120","-110","-110","-110","-110","2","1.833333","1.909091","1.909091","1.909091","1.909091"
"Basketball","NBA","2025_11_20","NBA_2025_11_20_Memphis_Grizzlies_Sacramento_Kings","2026_04_17","09:10 PM","Memphis Grizzlies","Sacramento Kings","-2.5","+2.5","234.5","-145","+125","-110","-110","-110","-110","1.689655","2.25","1.909091","1.909091","1.909091","1.909091"
"Basketball","NBA","2025_11_20","NBA_2025_11_20_Milwaukee_Bucks_Philadelphia_76ers","2026_04_17","09:10 PM","Milwaukee Bucks","Philadelphia 76ers","+1","-1","230","+105","-125","-115","-105","-110","-110","2.05","1.8","1.869565","1.952381","1.909091","1.909091"
"Basketball","NBA","2025_11_20","NBA_2025_11_20_Orlando_Magic_Los_Angeles_Clippers","2026_04_17","08:10 PM","Orlando Magic","Los Angeles Clippers","-4.5","+4.5","220","-230","+192","-110","-110","-110","-110","1.434783","2.92","1.909091","1.909091","1.909091","1.909091"
"Basketball","NBA","2025_11_20","NBA_2025_11_20_San_Antonio_Spurs_Atlanta_Hawks","2026_04_17","09:10 PM","San Antonio Spurs","Atlanta Hawks","-3.5","+3.5","232","-115","-105","-110","-110","-110","-110","1.869565","1.952381","1.909091","1.909091","1.909091","1.909091"
"Basketball","NBA","2025_11_21","NBA_2025_11_21_Boston_Celtics_Brooklyn_Nets","2026_04_17","08:40 PM","Boston Celtics","Brooklyn Nets","-15","+15","221.5","-1100","+709","-110","-110","-110","-110","1.090909","8.09","1.909091","1.909091","1.909091","1.909091"
"Basketball","NBA","2025_11_21","NBA_2025_11_21_Chicago_Bulls_Miami_Heat","2026_04_17","09:10 PM","Chicago Bulls","Miami Heat","-3","+3","247.5","-135","+115","-110","-110","-110","-110","1.740741","2.15","1.909091","1.909091","1.909091","1.909091"
"Basketball","NBA","2025_11_21","NBA_2025_11_21_Cleveland_Cavaliers_Indiana_Pacers","2026_04_17","08:10 PM","Cleveland Cavaliers","Indiana Pacers","-14","+14","236.5","-800","+561","-115","-105","-110","-110","1.125","6.61","1.869565","1.952381","1.909091","1.909091"
"Basketball","NBA","2025_11_21","NBA_2025_11_21_Dallas_Mavericks_New_Orleans_Pelicans","2026_04_17","09:40 PM","Dallas Mavericks","New Orleans Pelicans","-3.5","+3.5","228.5","-153","+133","-110","-110","-110","-110","1.653595","2.33","1.909091","1.909091","1.909091","1.909091"
"Basketball","NBA","2025_11_21","NBA_2025_11_21_Golden_State_Warriors_Portland_Trail_Blazers","2026_04_17","11:10 PM","Golden State Warriors","Portland Trail Blazers","-7","+7","237","-300","+245","-110","-110","-110","-110","1.333333","3.45","1.909091","1.909091","1.909091","1.909091"
"Basketball","NBA","2025_11_21","NBA_2025_11_21_Houston_Rockets_Denver_Nuggets","2026_04_17","10:40 PM","Houston Rockets","Denver Nuggets","-3","+3","234.5","-127","+107","-110","-110","-110","-110","1.787402","2.07","1.909091","1.909091","1.909091","1.909091"
"Basketball","NBA","2025_11_21","NBA_2025_11_21_Phoenix_Suns_Minnesota_Timberwolves","2026_04_17","10:10 PM","Phoenix Suns","Minnesota Timberwolves","+3","-3","233.5","+140","-160","-115","-105","-110","-110","2.4","1.625","1.869565","1.952381","1.909091","1.909091"
"Basketball","NBA","2025_11_21","NBA_2025_11_21_Toronto_Raptors_Washington_Wizards","2026_04_17","08:40 PM","Toronto Raptors","Washington Wizards","-14","+14","239","-900","+613","-110","-110","-110","-110","1.111111","7.13","1.909091","1.909091","1.909091","1.909091"
"Basketball","NBA","2025_11_21","NBA_2025_11_21_Utah_Jazz_Oklahoma_City_Thunder","2026_04_17","11:10 PM","Utah Jazz","Oklahoma City Thunder","+14.5","-14.5","235","+874","-1500","-110","-110","-110","-110","9.74","1.066667","1.909091","1.909091","1.909091","1.909091"
"Basketball","NBA","2025_11_22","NBA_2025_11_22_Charlotte_Hornets_Los_Angeles_Clippers","2026_04_17","02:10 PM","Charlotte Hornets","Los Angeles Clippers","+1","-1","227.5","+110","-130","-105","-115","-105","-115","2.1","1.769231","1.952381","1.869565","1.952381","1.869565"
"Basketball","NBA","2025_11_22","NBA_2025_11_22_Chicago_Bulls_Washington_Wizards","2026_04_17","09:10 PM","Chicago Bulls","Washington Wizards","-14","+14","245","-700","+505","-110","-110","-110","-110","1.142857","6.05","1.909091","1.909091","1.909091","1.909091"
"Basketball","NBA","2025_11_22","NBA_2025_11_22_Dallas_Mavericks_Memphis_Grizzlies","2026_04_17","09:40 PM","Dallas Mavericks","Memphis Grizzlies","-2","+2","226","-135","+115","-110","-110","-110","-110","1.740741","2.15","1.909091","1.909091","1.909091","1.909091"
"Basketball","NBA","2025_11_22","NBA_2025_11_22_Denver_Nuggets_Sacramento_Kings","2026_04_17","11:10 PM","Denver Nuggets","Sacramento Kings","-13.5","+13.5","237","-670","+488","-110","-110","-115","-105","1.149254","5.88","1.909091","1.909091","1.869565","1.952381"
"Basketball","NBA","2025_11_22","NBA_2025_11_22_Milwaukee_Bucks_Detroit_Pistons","2026_04_17","09:10 PM","Milwaukee Bucks","Detroit Pistons","+7.5","-7.5","226.5","+292","-365","-105","-115","-105","-115","3.92","1.273973","1.952381","1.869565","1.952381","1.869565"
"Basketball","NBA","2025_11_22","NBA_2025_11_22_New_Orleans_Pelicans_Atlanta_Hawks","2026_04_17","08:10 PM","New Orleans Pelicans","Atlanta Hawks","+8.5","-8.5","231","+263","-325","-110","-110","-105","-115","3.63","1.307692","1.909091","1.909091","1.952381","1.869565"
"Basketball","NBA","2025_11_22","NBA_2025_11_22_Orlando_Magic_New_York_Knicks","2026_04_17","06:10 PM","Orlando Magic","New York Knicks","-2","+2","228.5","+100","-120","-108","-112","-115","-105","2","1.833333","1.925926","1.892857","1.869565","1.952381"
"Basketball","NBA","2025_11_23","NBA_2025_11_23_Atlanta_Hawks_Charlotte_Hornets","2026_04_17","07:10 PM","Atlanta Hawks","Charlotte Hornets","-7","+7","232.5","-265","+219","-110","-110","-110","-110","1.377358","3.19","1.909091","1.909091","1.909091","1.909091"
"Basketball","NBA","2025_11_23","NBA_2025_11_23_Boston_Celtics_Orlando_Magic","2026_04_17","07:10 PM","Boston Celtics","Orlando Magic","-4.5","+4.5","222.5","-177","+155","-110","-110","-105","-115","1.564972","2.55","1.909091","1.909091","1.952381","1.869565"
"Basketball","NBA","2025_11_23","NBA_2025_11_23_Cleveland_Cavaliers_Los_Angeles_Clippers","2026_04_17","07:10 PM","Cleveland Cavaliers","Los Angeles Clippers","-7.5","+7.5","230","-370","+296","-110","-110","-110","-110","1.27027","3.96","1.909091","1.909091","1.909091","1.909091"
"Basketball","NBA","2025_11_23","NBA_2025_11_23_Oklahoma_City_Thunder_Portland_Trail_Blazers","2026_04_17","08:10 PM","Oklahoma City Thunder","Portland Trail Blazers","-15.5","+15.5","235","-1000","+661","-110","-110","-110","-110","1.1","7.61","1.909091","1.909091","1.909091","1.909091"
"Basketball","NBA","2025_11_23","NBA_2025_11_23_Philadelphia_76ers_Miami_Heat","2026_04_17","02:10 PM","Philadelphia 76ers","Miami Heat","-1","+1","241","-115","-105","-110","-110","-110","-110","1.869565","1.952381","1.909091","1.909091","1.909091","1.909091"
"Basketball","NBA","2025_11_23","NBA_2025_11_23_Phoenix_Suns_San_Antonio_Spurs","2026_04_17","09:10 PM","Phoenix Suns","San Antonio Spurs","-1","+1","234.5","-147","+127","-115","-105","-110","-110","1.680272","2.27","1.869565","1.952381","1.909091","1.909091"
"Basketball","NBA","2025_11_23","NBA_2025_11_23_Toronto_Raptors_Brooklyn_Nets","2026_04_17","07:10 PM","Toronto Raptors","Brooklyn Nets","-14","+14","231","-800","+561","-110","-110","-110","-110","1.125","6.61","1.909091","1.909091","1.909091","1.909091"
"Basketball","NBA","2025_11_23","NBA_2025_11_23_Utah_Jazz_Los_Angeles_Lakers","2026_04_17","09:10 PM","Utah Jazz","Los Angeles Lakers","+10.5","-10.5","243.5","+330","-420","-110","-110","-110","-110","4.3","1.238095","1.909091","1.909091","1.909091","1.909091"
"Basketball","NBA","2025_11_24","NBA_2025_11_24_Brooklyn_Nets_New_York_Knicks","2026_04_17","08:40 PM","Brooklyn Nets","New York Knicks","+14","-14","228","+561","-800","-110","-110","-115","-105","6.61","1.125","1.909091","1.909091","1.869565","1.952381"
"Basketball","NBA","2025_11_24","NBA_2025_11_24_Golden_State_Warriors_Utah_Jazz","2026_04_17","11:10 PM","Golden State Warriors","Utah Jazz","-14.5","+14.5","239.5","-800","+561","-110","-110","-110","-110","1.125","6.61","1.909091","1.909091","1.909091","1.909091"
"Basketball","NBA","2025_11_24","NBA_2025_11_24_Indiana_Pacers_Detroit_Pistons","2026_04_17","08:10 PM","Indiana Pacers","Detroit Pistons","+10","-10","236","+316","-400","-110","-110","-110","-110","4.16","1.25","1.909091","1.909091","1.909091","1.909091"
"Basketball","NBA","2025_11_24","NBA_2025_11_24_Memphis_Grizzlies_Denver_Nuggets","2026_04_17","09:10 PM","Memphis Grizzlies","Denver Nuggets","+8.5","-8.5","234","+234","-285","-110","-110","-110","-110","3.34","1.350877","1.909091","1.909091","1.909091","1.909091"
"Basketball","NBA","2025_11_24","NBA_2025_11_24_Miami_Heat_Dallas_Mavericks","2026_04_17","08:40 PM","Miami Heat","Dallas Mavericks","-8","+8","238","-300","+245","-110","-110","-110","-110","1.333333","3.45","1.909091","1.909091","1.909091","1.909091"
"Basketball","NBA","2025_11_24","NBA_2025_11_24_Milwaukee_Bucks_Portland_Trail_Blazers","2026_04_17","09:10 PM","Milwaukee Bucks","Portland Trail Blazers","-2.5","+2.5","235.5","-140","+120","-110","-110","-110","-110","1.714286","2.2","1.909091","1.909091","1.909091","1.909091"
"Basketball","NBA","2025_11_24","NBA_2025_11_24_New_Orleans_Pelicans_Chicago_Bulls","2026_04_17","09:10 PM","New Orleans Pelicans","Chicago Bulls","+5","-5","241.5","+174","-200","-110","-110","-110","-110","2.74","1.5","1.909091","1.909091","1.909091","1.909091"
"Basketball","NBA","2025_11_24","NBA_2025_11_24_Phoenix_Suns_Houston_Rockets","2026_04_17","10:40 PM","Phoenix Suns","Houston Rockets","+7.5","-7.5","232.5","+183","-215","-110","-110","-110","-110","2.83","1.465116","1.909091","1.909091","1.909091","1.909091"
"Basketball","NBA","2025_11_24","NBA_2025_11_24_Sacramento_Kings_Minnesota_Timberwolves","2026_04_17","11:10 PM","Sacramento Kings","Minnesota Timberwolves","+9","-9","236.5","+306","-385","-110","-110","-110","-110","4.06","1.25974","1.909091","1.909091","1.909091","1.909091"
"Basketball","NBA","2025_11_24","NBA_2025_11_24_Toronto_Raptors_Cleveland_Cavaliers","2026_04_17","08:10 PM","Toronto Raptors","Cleveland Cavaliers","+2","-2","239","+110","-130","-110","-110","-110","-110","2.1","1.769231","1.909091","1.909091","1.909091","1.909091"
"Basketball","NBA","2025_11_25","NBA_2025_11_25_Los_Angeles_Lakers_Los_Angeles_Clippers","2026_04_17","12:10 AM","Los Angeles Lakers","Los Angeles Clippers","-5","+5","229","-235","+195","-110","-110","-110","-110","1.425532","2.95","1.909091","1.909091","1.909091","1.909091"
"Basketball","NBA","2025_11_25","NBA_2025_11_25_Philadelphia_76ers_Orlando_Magic","2026_04_17","09:10 PM","Philadelphia 76ers","Orlando Magic","+1","-1","228.5","-105","-115","-110","-110","-110","-110","1.952381","1.869565","1.909091","1.909091","1.909091","1.909091"
"Basketball","NBA","2025_11_25","NBA_2025_11_25_Washington_Wizards_Atlanta_Hawks","2026_04_17","08:10 PM","Washington Wizards","Atlanta Hawks","+10","-10","236.5","+337","-430","-110","-110","-110","-110","4.37","1.232558","1.909091","1.909091","1.909091","1.909091"
"Basketball","NBA","2025_11_26","NBA_2025_11_26_Boston_Celtics_Detroit_Pistons","2026_04_17","06:12 PM","Boston Celtics","Detroit Pistons","+3","-3","231","+130","-150","-110","-110","-110","-110","2.3","1.666667","1.909091","1.909091","1.909091","1.909091"
"Basketball","NBA","2025_11_26","NBA_2025_11_26_Charlotte_Hornets_New_York_Knicks","2026_04_17","08:10 PM","Charlotte Hornets","New York Knicks","+6.5","-6.5","236.5","+215","-260","-105","-115","-110","-110","3.15","1.384615","1.952381","1.869565","1.909091","1.909091"
"Basketball","NBA","2025_11_26","NBA_2025_11_26_Golden_State_Warriors_Houston_Rockets","2026_04_17","11:10 PM","Golden State Warriors","Houston Rockets","+1","-1","225","-120","+100","-105","-115","-110","-110","1.833333","2","1.952381","1.869565","1.909091","1.909091"
"Basketball","NBA","2025_11_26","NBA_2025_11_26_Miami_Heat_Milwaukee_Bucks","2026_04_17","08:40 PM","Miami Heat","Milwaukee Bucks","-8","+8","231.5","-275","+226","-115","-105","-110","-110","1.363636","3.26","1.869565","1.952381","1.909091","1.909091"
"Basketball","NBA","2025_11_26","NBA_2025_11_26_New_Orleans_Pelicans_Memphis_Grizzlies","2026_04_17","09:10 PM","New Orleans Pelicans","Memphis Grizzlies","+2","-2","235","+120","-140","+110","-130","-110","-110","2.2","1.714286","2.1","1.769231","1.909091","1.909091"
"Basketball","NBA","2025_11_26","NBA_2025_11_26_Oklahoma_City_Thunder_Minnesota_Timberwolves","2026_04_17","08:40 PM","Oklahoma City Thunder","Minnesota Timberwolves","-10","+10","228.5","-350","+280","-115","-105","-110","-110","1.285714","3.8","1.869565","1.952381","1.909091","1.909091"
"Basketball","NBA","2025_11_26","NBA_2025_11_26_Portland_Trail_Blazers_San_Antonio_Spurs","2026_04_17","11:10 PM","Portland Trail Blazers","San Antonio Spurs","-2.5","+2.5","238","-135","+115","-110","-110","-110","-110","1.740741","2.15","1.909091","1.909091","1.909091","1.909091"
"Basketball","NBA","2025_11_26","NBA_2025_11_26_Sacramento_Kings_Phoenix_Suns","2026_04_17","11:10 PM","Sacramento Kings","Phoenix Suns","+3.5","-3.5","235","+149","-170","-105","-115","-110","-110","2.49","1.588235","1.952381","1.869565","1.909091","1.909091"
"Basketball","NBA","2025_11_26","NBA_2025_11_26_Toronto_Raptors_Indiana_Pacers","2026_04_17","08:40 PM","Toronto Raptors","Indiana Pacers","-9.5","+9.5","234.5","-400","+316","-115","-105","-110","-110","1.25","4.16","1.869565","1.952381","1.909091","1.909091"
"Basketball","NBA","2025_11_28","NBA_2025_11_28_Atlanta_Hawks_Cleveland_Cavaliers","2026_04_17","08:40 PM","Atlanta Hawks","Cleveland Cavaliers","+5.5","-5.5","239.5","+153","-175","-110","-110","-110","-110","2.53","1.571429","1.909091","1.909091","1.909091","1.909091"
"Basketball","NBA","2025_11_28","NBA_2025_11_28_Brooklyn_Nets_Philadelphia_76ers","2026_04_17","08:40 PM","Brooklyn Nets","Philadelphia 76ers","+6.5","-6.5","227.5","+226","-275","-110","-110","-110","-110","3.26","1.363636","1.909091","1.909091","1.909091","1.909091"
"Basketball","NBA","2025_11_28","NBA_2025_11_28_Charlotte_Hornets_Chicago_Bulls","2026_04_17","08:40 PM","Charlotte Hornets","Chicago Bulls","+3.5","-3.5","247.5","+135","-155","-110","-110","-110","-110","2.35","1.645161","1.909091","1.909091","1.909091","1.909091"
"Basketball","NBA","2025_11_28","NBA_2025_11_28_Denver_Nuggets_San_Antonio_Spurs","2026_04_17","10:40 PM","Denver Nuggets","San Antonio Spurs","-10.5","+10.5","237","-410","+324","-110","-110","-110","-110","1.243902","4.24","1.909091","1.909091","1.909091","1.909091"
"Basketball","NBA","2025_11_28","NBA_2025_11_28_Detroit_Pistons_Orlando_Magic","2026_04_17","08:40 PM","Detroit Pistons","Orlando Magic","-5.5","+5.5","234.5","-197","+172","-110","-110","-110","-110","1.507614","2.72","1.909091","1.909091","1.909091","1.909091"
"Basketball","NBA","2025_11_28","NBA_2025_11_28_Indiana_Pacers_Washington_Wizards","2026_04_17","08:40 PM","Indiana Pacers","Washington Wizards","-6.5","+6.5","240","-255","+211","-110","-110","-110","-110","1.392157","3.11","1.909091","1.909091","1.909091","1.909091"
"Basketball","NBA","2025_11_28","NBA_2025_11_28_Los_Angeles_Clippers_Memphis_Grizzlies","2026_04_17","11:10 PM","Los Angeles Clippers","Memphis Grizzlies","-7","+7","227.5","-255","+211","-110","-110","-110","-110","1.392157","3.11","1.909091","1.909091","1.909091","1.909091"
"Basketball","NBA","2025_11_28","NBA_2025_11_28_Los_Angeles_Lakers_Dallas_Mavericks","2026_04_17","11:10 PM","Los Angeles Lakers","Dallas Mavericks","-11","+11","230.5","-520","+396","-110","-110","-110","-110","1.192308","4.96","1.909091","1.909091","1.909091","1.909091"
"Basketball","NBA","2025_11_28","NBA_2025_11_28_New_York_Knicks_Milwaukee_Bucks","2026_04_17","08:40 PM","New York Knicks","Milwaukee Bucks","-7.5","+7.5","235","-300","+245","-113","-107","-110","-110","1.333333","3.45","1.884956","1.934579","1.909091","1.909091"
"Basketball","NBA","2025_11_28","NBA_2025_11_28_Oklahoma_City_Thunder_Phoenix_Suns","2026_04_17","10:40 PM","Oklahoma City Thunder","Phoenix Suns","-14.5","+14.5","227.5","-1000","+661","-110","-110","-110","-110","1.1","7.61","1.909091","1.909091","1.909091","1.909091"
"Basketball","NBA","2025_11_28","NBA_2025_11_28_Utah_Jazz_Sacramento_Kings","2026_04_17","10:40 PM","Utah Jazz","Sacramento Kings","-1","+1","240.5","-115","-105","-114","-106","-110","-110","1.869565","1.952381","1.877193","1.943396","1.909091","1.909091"
"Basketball","NBA","2025_11_29","NBA_2025_11_29_Charlotte_Hornets_Toronto_Raptors","2026_04_17","07:10 PM","Charlotte Hornets","Toronto Raptors","+6.5","-6.5","237","+274","-340","-110","-110","-110","-110","3.74","1.294118","1.909091","1.909091","1.909091","1.909091"
"Basketball","NBA","2025_11_29","NBA_2025_11_29_Golden_State_Warriors_New_Orleans_Pelicans","2026_04_17","09:40 PM","Golden State Warriors","New Orleans Pelicans","-9","+9","225","-315","+256","-110","-110","-110","-110","1.31746","3.56","1.909091","1.909091","1.909091","1.909091"
"Basketball","NBA","2025_11_29","NBA_2025_11_29_Indiana_Pacers_Chicago_Bulls","2026_04_17","08:40 PM","Indiana Pacers","Chicago Bulls","+3","-3","247.5","+157","-180","-110","-110","-110","-110","2.57","1.555556","1.909091","1.909091","1.909091","1.909091"
"Basketball","NBA","2025_11_29","NBA_2025_11_29_Los_Angeles_Clippers_Dallas_Mavericks","2026_04_17","11:10 PM","Los Angeles Clippers","Dallas Mavericks","-6.5","+6.5","219.5","-270","+222","-110","-110","-110","-110","1.37037","3.22","1.909091","1.909091","1.909091","1.909091"
"Basketball","NBA","2025_11_29","NBA_2025_11_29_Miami_Heat_Detroit_Pistons","2026_04_17","09:10 PM","Miami Heat","Detroit Pistons","-2","+2","238","-140","+120","-110","-110","-105","-115","1.714286","2.2","1.909091","1.909091","1.952381","1.869565"
"Basketball","NBA","2025_11_29","NBA_2025_11_29_Milwaukee_Bucks_Brooklyn_Nets","2026_04_17","09:10 PM","Milwaukee Bucks","Brooklyn Nets","-10","+10","224","-415","+327","-110","-110","-110","-110","1.240964","4.27","1.909091","1.909091","1.909091","1.909091"
"Basketball","NBA","2025_11_29","NBA_2025_11_29_Minnesota_Timberwolves_Boston_Celtics","2026_04_17","06:10 PM","Minnesota Timberwolves","Boston Celtics","-7.5","+7.5","227","-285","+234","-110","-110","-110","-110","1.350877","3.34","1.909091","1.909091","1.909091","1.909091"
"Basketball","NBA","2025_11_29","NBA_2025_11_29_Phoenix_Suns_Denver_Nuggets","2026_04_17","10:10 PM","Phoenix Suns","Denver Nuggets","+5.5","-5.5","234","+189","-225","-105","-115","-110","-110","2.89","1.444444","1.952381","1.869565","1.909091","1.909091"
"Basketball","NBA","2025_11_30","NBA_2025_11_30_Cleveland_Cavaliers_Boston_Celtics","2026_04_17","07:10 PM","Cleveland Cavaliers","Boston Celtics","-8","+8","232","-320","+260","-110","-110","-110","-110","1.3125","3.6","1.909091","1.909091","1.909091","1.909091"
"Basketball","NBA","2025_11_30","NBA_2025_11_30_Los_Angeles_Lakers_New_Orleans_Pelicans","2026_04_17","10:40 PM","Los Angeles Lakers","New Orleans Pelicans","-14.5","+14.5","233.5","-925","+624","-110","-110","-110","-110","1.108108","7.24","1.909091","1.909091","1.909091","1.909091"
"Basketball","NBA","2025_11_30","NBA_2025_11_30_Minnesota_Timberwolves_San_Antonio_Spurs","2026_04_17","08:10 PM","Minnesota Timberwolves","San Antonio Spurs","-4","+4","233","-165","+145","-110","-110","-110","-110","1.606061","2.45","1.909091","1.909091","1.909091","1.909091"
"Basketball","NBA","2025_11_30","NBA_2025_11_30_New_York_Knicks_Toronto_Raptors","2026_04_17","07:10 PM","New York Knicks","Toronto Raptors","-6","+6","231.5","-300","+245","-110","-110","-110","-110","1.333333","3.45","1.909091","1.909091","1.909091","1.909091"
"Basketball","NBA","2025_11_30","NBA_2025_11_30_Philadelphia_76ers_Atlanta_Hawks","2026_04_17","07:10 PM","Philadelphia 76ers","Atlanta Hawks","-1","+1","232.5","-115","-105","-110","-110","-110","-110","1.869565","1.952381","1.909091","1.909091","1.909091","1.909091"
"Basketball","NBA","2025_11_30","NBA_2025_11_30_Portland_Trail_Blazers_Oklahoma_City_Thunder","2026_04_17","07:10 PM","Portland Trail Blazers","Oklahoma City Thunder","+12","-12","233","+505","-700","-110","-110","-110","-110","6.05","1.142857","1.909091","1.909091","1.909091","1.909091"
"Basketball","NBA","2025_11_30","NBA_2025_11_30_Sacramento_Kings_Memphis_Grizzlies","2026_04_17","10:10 PM","Sacramento Kings","Memphis Grizzlies","+2.5","-2.5","235","+130","-150","-110","-110","-110","-110","2.3","1.666667","1.909091","1.909091","1.909091","1.909091"
"Basketball","NBA","2025_11_30","NBA_2025_11_30_Utah_Jazz_Houston_Rockets","2026_04_17","04:10 PM","Utah Jazz","Houston Rockets","+9.5","-9.5","238","+431","-575","-110","-110","-110","-110","5.31","1.173913","1.909091","1.909091","1.909091","1.909091"
"Basketball","NBA","2025_12_01","NBA_2025_12_01_Brooklyn_Nets_Charlotte_Hornets","2026_04_17","08:40 PM","Brooklyn Nets","Charlotte Hornets","+4","-4","228","+157","-180","-110","-110","-110","-110","2.57","1.555556","1.909091","1.909091","1.909091","1.909091"
"Basketball","NBA","2025_12_01","NBA_2025_12_01_Denver_Nuggets_Dallas_Mavericks","2026_04_17","10:10 PM","Denver Nuggets","Dallas Mavericks","-11","+11","235","-500","+383","-110","-110","-110","-110","1.2","4.83","1.909091","1.909091","1.909091","1.909091"
"Basketball","NBA","2025_12_01","NBA_2025_12_01_Detroit_Pistons_Atlanta_Hawks","2026_04_17","08:10 PM","Detroit Pistons","Atlanta Hawks","-8","+8","233.5","-380","+303","-115","-105","-110","-110","1.263158","4.03","1.869565","1.952381","1.909091","1.909091"
"Basketball","NBA","2025_12_01","NBA_2025_12_01_Indiana_Pacers_Cleveland_Cavaliers","2026_04_17","08:10 PM","Indiana Pacers","Cleveland Cavaliers","+7","-7","234.5","+177","-205","-110","-110","-110","-110","2.77","1.487805","1.909091","1.909091","1.909091","1.909091"
"Basketball","NBA","2025_12_01","NBA_2025_12_01_Los_Angeles_Lakers_Phoenix_Suns","2026_04_17","11:10 PM","Los Angeles Lakers","Phoenix Suns","-9","+9","233.5","-215","+183","-110","-110","-110","-110","1.465116","2.83","1.909091","1.909091","1.909091","1.909091"
"Basketball","NBA","2025_12_01","NBA_2025_12_01_Miami_Heat_Los_Angeles_Clippers","2026_04_17","08:40 PM","Miami Heat","Los Angeles Clippers","-5","+5","237.5","-225","+189","-110","-110","-115","-105","1.444444","2.89","1.909091","1.909091","1.869565","1.952381"
"Basketball","NBA","2025_12_01","NBA_2025_12_01_Orlando_Magic_Chicago_Bulls","2026_04_17","08:40 PM","Orlando Magic","Chicago Bulls","-6","+6","237.5","-340","+274","-110","-110","-115","-105","1.294118","3.74","1.909091","1.909091","1.869565","1.952381"
"Basketball","NBA","2025_12_01","NBA_2025_12_01_Utah_Jazz_Houston_Rockets","2026_04_17","10:10 PM","Utah Jazz","Houston Rockets","+12","-12","233.5","+446","-600","-110","-110","-110","-110","5.46","1.166667","1.909091","1.909091","1.909091","1.909091"
"Basketball","NBA","2025_12_01","NBA_2025_12_01_Washington_Wizards_Milwaukee_Bucks","2026_04_17","08:10 PM","Washington Wizards","Milwaukee Bucks","+10","-10","237","+334","-425","-110","-110","-110","-110","4.34","1.235294","1.909091","1.909091","1.909091","1.909091"
"Basketball","NBA","2025_12_02","NBA_2025_12_02_Boston_Celtics_New_York_Knicks","2026_04_17","09:10 PM","Boston Celtics","New York Knicks","+1","-1","228","-105","-115","-110","-110","-110","-110","1.952381","1.869565","1.909091","1.909091","1.909091","1.909091"
"Basketball","NBA","2025_12_02","NBA_2025_12_02_Golden_State_Warriors_Oklahoma_City_Thunder","2026_04_17","12:10 AM","Golden State Warriors","Oklahoma City Thunder","+10","-10","225.5","+469","-640","-110","-110","-110","-110","5.69","1.15625","1.909091","1.909091","1.909091","1.909091"
"Basketball","NBA","2025_12_02","NBA_2025_12_02_New_Orleans_Pelicans_Minnesota_Timberwolves","2026_04_17","09:10 PM","New Orleans Pelicans","Minnesota Timberwolves","+9","-9","232.5","+299","-375","-110","-110","-110","-110","3.99","1.266667","1.909091","1.909091","1.909091","1.909091"
"Basketball","NBA","2025_12_02","NBA_2025_12_02_Philadelphia_76ers_Washington_Wizards","2026_04_17","08:10 PM","Philadelphia 76ers","Washington Wizards","-13.5","+13.5","236.5","-800","+561","-110","-110","-110","-110","1.125","6.61","1.909091","1.909091","1.909091","1.909091"
"Basketball","NBA","2025_12_02","NBA_2025_12_02_San_Antonio_Spurs_Memphis_Grizzlies","2026_04_17","09:10 PM","San Antonio Spurs","Memphis Grizzlies","-5","+5","232","-200","+174","-110","-110","-110","-110","1.5","2.74","1.909091","1.909091","1.909091","1.909091"
"Basketball","NBA","2025_12_02","NBA_2025_12_02_Toronto_Raptors_Portland_Trail_Blazers","2026_04_17","08:40 PM","Toronto Raptors","Portland Trail Blazers","-5","+5","234","-200","+174","-110","-110","-110","-110","1.5","2.74","1.909091","1.909091","1.909091","1.909091"
"Basketball","NBA","2025_12_03","NBA_2025_12_03_Atlanta_Hawks_Los_Angeles_Clippers","2026_04_17","08:40 PM","Atlanta Hawks","Los Angeles Clippers","-3.5","+3.5","229","-155","+135","-110","-110","-110","-110","1.645161","2.35","1.909091","1.909091","1.909091","1.909091"
"Basketball","NBA","2025_12_03","NBA_2025_12_03_Chicago_Bulls_Brooklyn_Nets","2026_04_17","09:10 PM","Chicago Bulls","Brooklyn Nets","-9.5","+9.5","232","-340","+274","-110","-110","-110","-110","1.294118","3.74","1.909091","1.909091","1.909091","1.909091"
"Basketball","NBA","2025_12_03","NBA_2025_12_03_Cleveland_Cavaliers_Portland_Trail_Blazers","2026_04_17","08:10 PM","Cleveland Cavaliers","Portland Trail Blazers","-9.5","+9.5","236","-425","+334","-110","-110","-110","-110","1.235294","4.34","1.909091","1.909091","1.909091","1.909091"
"Basketball","NBA","2025_12_03","NBA_2025_12_03_Dallas_Mavericks_Miami_Heat","2026_04_17","09:40 PM","Dallas Mavericks","Miami Heat","+2.5","-2.5","240.5","+149","-170","-110","-110","-110","-110","2.49","1.588235","1.909091","1.909091","1.909091","1.909091"
"Basketball","NBA","2025_12_03","NBA_2025_12_03_Houston_Rockets_Sacramento_Kings","2026_04_17","09:10 PM","Houston Rockets","Sacramento Kings","-15","+15","236","-1200","+754","-110","-110","-110","-110","1.083333","8.54","1.909091","1.909091","1.909091","1.909091"
"Basketball","NBA","2025_12_03","NBA_2025_12_03_Indiana_Pacers_Denver_Nuggets","2026_04_17","08:10 PM","Indiana Pacers","Denver Nuggets","+7.5","-7.5","236","+249","-305","-110","-110","-110","-110","3.49","1.327869","1.909091","1.909091","1.909091","1.909091"
"Basketball","NBA","2025_12_03","NBA_2025_12_03_Milwaukee_Bucks_Detroit_Pistons","2026_04_17","09:10 PM","Milwaukee Bucks","Detroit Pistons","+3","-3","233","+130","-150","-110","-110","-110","-110","2.3","1.666667","1.909091","1.909091","1.909091","1.909091"
"Basketball","NBA","2025_12_03","NBA_2025_12_03_New_York_Knicks_Charlotte_Hornets","2026_04_17","08:40 PM","New York Knicks","Charlotte Hornets","-8","+8","237","-430","+337","-110","-110","-110","-110","1.232558","4.37","1.909091","1.909091","1.909091","1.909091"
"Basketball","NBA","2025_12_03","NBA_2025_12_03_Orlando_Magic_San_Antonio_Spurs","2026_04_17","08:10 PM","Orlando Magic","San Antonio Spurs","-7","+7","233.5","-250","+207","-110","-110","-110","-110","1.4","3.07","1.909091","1.909091","1.909091","1.909091"
"Basketball","NBA","2025_12_04","NBA_2025_12_04_Brooklyn_Nets_Utah_Jazz","2026_04_17","08:40 PM","Brooklyn Nets","Utah Jazz","+2.5","-2.5","232","+153","-175","-110","-110","-110","-110","2.53","1.571429","1.909091","1.909091","1.909091","1.909091"
"Basketball","NBA","2025_12_04","NBA_2025_12_04_New_Orleans_Pelicans_Minnesota_Timberwolves","2026_04_17","09:10 PM","New Orleans Pelicans","Minnesota Timberwolves","+11.5","-11.5","234.5","+415","-550","-110","-110","-115","-105","5.15","1.181818","1.909091","1.909091","1.869565","1.952381"
"Basketball","NBA","2025_12_04","NBA_2025_12_04_Philadelphia_76ers_Golden_State_Warriors","2026_04_17","08:10 PM","Philadelphia 76ers","Golden State Warriors","-3.5","+3.5","221.5","-165","+145","-110","-110","-110","-110","1.606061","2.45","1.909091","1.909091","1.909091","1.909091"
"Basketball","NBA","2025_12_04","NBA_2025_12_04_Toronto_Raptors_Los_Angeles_Lakers","2026_04_17","08:40 PM","Toronto Raptors","Los Angeles Lakers","+3","-3","234.5","-130","+110","-110","-110","-110","-110","1.769231","2.1","1.909091","1.909091","1.909091","1.909091"
"Basketball","NBA","2025_12_04","NBA_2025_12_04_Washington_Wizards_Boston_Celtics","2026_04_17","08:10 PM","Washington Wizards","Boston Celtics","+10.5","-10.5","234","+327","-415","-110","-110","-110","-110","4.27","1.240964","1.909091","1.909091","1.909091","1.909091"
"Basketball","NBA","2025_12_05","NBA_2025_12_05_Atlanta_Hawks_Denver_Nuggets","2026_04_17","08:40 PM","Atlanta Hawks","Denver Nuggets","+8","-8","238","+252","-310","-105","-115","-110","-110","3.52","1.322581","1.952381","1.869565","1.909091","1.909091"
"Basketball","NBA","2025_12_05","NBA_2025_12_05_Boston_Celtics_Los_Angeles_Lakers","2026_04_17","08:10 PM","Boston Celtics","Los Angeles Lakers","-7","+7","224","-265","+219","-110","-110","-110","-110","1.377358","3.19","1.909091","1.909091","1.909091","1.909091"
"Basketball","NBA","2025_12_05","NBA_2025_12_05_Chicago_Bulls_Indiana_Pacers","2026_04_17","09:10 PM","Chicago Bulls","Indiana Pacers","-5.5","+5.5","239","-210","+180","-110","-110","-110","-110","1.47619","2.8","1.909091","1.909091","1.909091","1.909091"
"Basketball","NBA","2025_12_05","NBA_2025_12_05_Cleveland_Cavaliers_San_Antonio_Spurs","2026_04_17","08:40 PM","Cleveland Cavaliers","San Antonio Spurs","-5","+5","238.5","-195","+170","-110","-110","-110","-110","1.512821","2.7","1.909091","1.909091","1.909091","1.909091"
"Basketball","NBA","2025_12_05","NBA_2025_12_05_Detroit_Pistons_Portland_Trail_Blazers","2026_04_17","08:40 PM","Detroit Pistons","Portland Trail Blazers","-7","+7","237.5","-250","+207","-110","-110","-110","-110","1.4","3.07","1.909091","1.909091","1.909091","1.909091"
"Basketball","NBA","2025_12_05","NBA_2025_12_05_Houston_Rockets_Phoenix_Suns","2026_04_17","09:10 PM","Houston Rockets","Phoenix Suns","-11","+11","222","-525","+400","-110","-110","-110","-110","1.190476","5","1.909091","1.909091","1.909091","1.909091"
"Basketball","NBA","2025_12_05","NBA_2025_12_05_Memphis_Grizzlies_Los_Angeles_Clippers","2026_04_17","09:10 PM","Memphis Grizzlies","Los Angeles Clippers","+2","-2","225","+105","-125","-112","-108","-110","-110","2.05","1.8","1.892857","1.925926","1.909091","1.909091"
"Basketball","NBA","2025_12_05","NBA_2025_12_05_Milwaukee_Bucks_Philadelphia_76ers","2026_04_17","09:10 PM","Milwaukee Bucks","Philadelphia 76ers","+1.5","-1.5","224","+102","-122","-110","-110","-110","-110","2.02","1.819672","1.909091","1.909091","1.909091","1.909091"
"Basketball","NBA","2025_12_05","NBA_2025_12_05_New_York_Knicks_Utah_Jazz","2026_04_17","08:40 PM","New York Knicks","Utah Jazz","-14","+14","236.5","-1100","+709","-110","-110","-110","-110","1.090909","8.09","1.909091","1.909091","1.909091","1.909091"
"Basketball","NBA","2025_12_05","NBA_2025_12_05_Oklahoma_City_Thunder_Dallas_Mavericks","2026_04_17","10:42 PM","Oklahoma City Thunder","Dallas Mavericks","-15","+15","225.5","-1050","+686","-110","-110","-110","-110","1.095238","7.86","1.909091","1.909091","1.909091","1.909091"
"Basketball","NBA","2025_12_05","NBA_2025_12_05_Orlando_Magic_Miami_Heat","2026_04_17","08:10 PM","Orlando Magic","Miami Heat","-6","+6","240.5","-210","+180","-110","-110","-110","-110","1.47619","2.8","1.909091","1.909091","1.909091","1.909091"
"Basketball","NBA","2025_12_05","NBA_2025_12_05_Toronto_Raptors_Charlotte_Hornets","2026_04_17","08:40 PM","Toronto Raptors","Charlotte Hornets","-8","+8","233.5","-345","+278","-110","-110","-110","-110","1.289855","3.78","1.909091","1.909091","1.909091","1.909091"
"Basketball","NBA","2025_12_06","NBA_2025_12_06_Brooklyn_Nets_New_Orleans_Pelicans","2026_04_17","06:10 PM","Brooklyn Nets","New Orleans Pelicans","-2","+2","226.5","-135","+115","-110","-110","-110","-110","1.740741","2.15","1.909091","1.909091","1.909091","1.909091"
"Basketball","NBA","2025_12_06","NBA_2025_12_06_Cleveland_Cavaliers_Golden_State_Warriors","2026_04_17","08:40 PM","Cleveland Cavaliers","Golden State Warriors","-7.5","+7.5","227","-285","+234","-110","-110","-110","-110","1.350877","3.34","1.909091","1.909091","1.909091","1.909091"
"Basketball","NBA","2025_12_06","NBA_2025_12_06_Dallas_Mavericks_Houston_Rockets","2026_04_17","09:40 PM","Dallas Mavericks","Houston Rockets","+10","-10","222","+350","-450","-105","-115","-105","-115","4.5","1.222222","1.952381","1.869565","1.952381","1.869565"
"Basketball","NBA","2025_12_06","NBA_2025_12_06_Detroit_Pistons_Milwaukee_Bucks","2026_04_17","08:40 PM","Detroit Pistons","Milwaukee Bucks","-12","+12","226.5","-650","+476","-110","-110","-110","-110","1.153846","5.76","1.909091","1.909091","1.909091","1.909091"
"Basketball","NBA","2025_12_06","NBA_2025_12_06_Miami_Heat_Sacramento_Kings","2026_04_17","09:10 PM","Miami Heat","Sacramento Kings","-7","+7","242","-320","+260","-110","-110","-110","-110","1.3125","3.6","1.909091","1.909091","1.909091","1.909091"
"Basketball","NBA","2025_12_06","NBA_2025_12_06_Minnesota_Timberwolves_Los_Angeles_Clippers","2026_04_17","09:10 PM","Minnesota Timberwolves","Los Angeles Clippers","-10.5","+10.5","225.5","-485","+374","-110","-110","-110","-110","1.206186","4.74","1.909091","1.909091","1.909091","1.909091"
"Basketball","NBA","2025_12_06","NBA_2025_12_06_Washington_Wizards_Atlanta_Hawks","2026_04_17","08:10 PM","Washington Wizards","Atlanta Hawks","+9.5","-9.5","236","+306","-385","-110","-110","-110","-110","4.06","1.25974","1.909091","1.909091","1.909091","1.909091"
"Basketball","NBA","2025_12_07","NBA_2025_12_07_Charlotte_Hornets_Denver_Nuggets","2026_04_17","07:10 PM","Charlotte Hornets","Denver Nuggets","+10.5","-10.5","234","+377","-490","-110","-110","-110","-110","4.77","1.204082","1.909091","1.909091","1.909091","1.909091"
"Basketball","NBA","2025_12_07","NBA_2025_12_07_Chicago_Bulls_Golden_State_Warriors","2026_04_17","08:10 PM","Chicago Bulls","Golden State Warriors","+1","-1","227.5","-105","-115","-110","-110","-110","-110","1.952381","1.869565","1.909091","1.909091","1.909091","1.909091"
"Basketball","NBA","2025_12_07","NBA_2025_12_07_Memphis_Grizzlies_Portland_Trail_Blazers","2026_04_17","07:10 PM","Memphis Grizzlies","Portland Trail Blazers","-1.5","+1.5","236.5","-115","-105","-110","-110","-110","-110","1.869565","1.952381","1.909091","1.909091","1.909091","1.909091"
"Basketball","NBA","2025_12_07","NBA_2025_12_07_New_York_Knicks_Orlando_Magic","2026_04_17","01:10 PM","New York Knicks","Orlando Magic","-3","+3","233.5","-155","+135","-110","-110","-110","-110","1.645161","2.35","1.909091","1.909091","1.909091","1.909091"
"Basketball","NBA","2025_12_07","NBA_2025_12_07_Philadelphia_76ers_Los_Angeles_Lakers","2026_04_17","08:40 PM","Philadelphia 76ers","Los Angeles Lakers","+4","-4","235.5","+149","-170","-110","-110","-110","-110","2.49","1.588235","1.909091","1.909091","1.909091","1.909091"
"Basketball","NBA","2025_12_07","NBA_2025_12_07_Toronto_Raptors_Boston_Celtics","2026_04_17","04:40 PM","Toronto Raptors","Boston Celtics","+3.5","-3.5","228.5","+110","-130","-110","-110","-110","-110","2.1","1.769231","1.909091","1.909091","1.909091","1.909091"
"Basketball","NBA","2025_12_07","NBA_2025_12_07_Utah_Jazz_Oklahoma_City_Thunder","2026_04_17","09:10 PM","Utah Jazz","Oklahoma City Thunder","+16.5","-16.5","239","+421","-560","-110","-110","-110","-110","5.21","1.178571","1.909091","1.909091","1.909091","1.909091"
"Basketball","NBA","2025_12_08","NBA_2025_12_08_Indiana_Pacers_Sacramento_Kings","2026_04_17","08:10 PM","Indiana Pacers","Sacramento Kings","-3.5","+3.5","235","-160","+140","-110","-110","-110","-110","1.625","2.4","1.909091","1.909091","1.909091","1.909091"
"Basketball","NBA","2025_12_08","NBA_2025_12_08_Minnesota_Timberwolves_Phoenix_Suns","2026_04_17","08:40 PM","Minnesota Timberwolves","Phoenix Suns","-9","+9","226","-425","+334","-110","-110","-110","-110","1.235294","4.34","1.909091","1.909091","1.909091","1.909091"
"Basketball","NBA","2025_12_08","NBA_2025_12_08_New_Orleans_Pelicans_San_Antonio_Spurs","2026_04_17","09:10 PM","New Orleans Pelicans","San Antonio Spurs","+10","-10","237","+306","-385","-110","-110","-110","-110","4.06","1.25974","1.909091","1.909091","1.909091","1.909091"
"Basketball","NBA","2025_12_09","NBA_2025_12_09_Orlando_Magic_Miami_Heat","2026_04_17","07:10 PM","Orlando Magic","Miami Heat","+2","-2","237.5","-105","-115","-110","-110","-110","-110","1.952381","1.869565","1.909091","1.909091","1.909091","1.909091"
"Basketball","NBA","2025_12_09","NBA_2025_12_09_Toronto_Raptors_New_York_Knicks","2026_04_17","09:47 PM","Toronto Raptors","New York Knicks","+3.5","-3.5","230","+157","-180","-105","-115","-112","-108","2.57","1.555556","1.952381","1.869565","1.892857","1.925926"
"Basketball","NBA","2025_12_10","NBA_2025_12_10_Los_Angeles_Lakers_San_Antonio_Spurs","2026_04_17","11:10 PM","Los Angeles Lakers","San Antonio Spurs","-4.5","+4.5","235","-228","+191","-110","-110","-110","-110","1.438596","2.91","1.909091","1.909091","1.909091","1.909091"
"Basketball","NBA","2025_12_10","NBA_2025_12_10_Oklahoma_City_Thunder_Phoenix_Suns","2026_04_17","08:40 PM","Oklahoma City Thunder","Phoenix Suns","-15.5","+15.5","224.5","-1000","+661","-110","-110","-110","-110","1.1","7.61","1.909091","1.909091","1.909091","1.909091"
"Basketball","NBA","2025_12_11","NBA_2025_12_11_Houston_Rockets_Los_Angeles_Clippers","2026_04_17","09:10 PM","Houston Rockets","Los Angeles Clippers","-8.5","+8.5","221","-420","+330","-110","-110","-110","-110","1.238095","4.3","1.909091","1.909091","1.909091","1.909091"
"Basketball","NBA","2025_12_11","NBA_2025_12_11_Milwaukee_Bucks_Boston_Celtics","2026_04_17","09:10 PM","Milwaukee Bucks","Boston Celtics","+7.5","-7.5","227","+274","-340","-105","-115","-110","-110","3.74","1.294118","1.952381","1.869565","1.909091","1.909091"
"Basketball","NBA","2025_12_11","NBA_2025_12_11_New_Orleans_Pelicans_Portland_Trail_Blazers","2026_04_17","09:10 PM","New Orleans Pelicans","Portland Trail Blazers","+5.5","-5.5","237.5","+186","-220","-110","-110","-110","-110","2.86","1.454545","1.909091","1.909091","1.909091","1.909091"
"Basketball","NBA","2025_12_11","NBA_2025_12_11_Sacramento_Kings_Denver_Nuggets","2026_04_17","11:10 PM","Sacramento Kings","Denver Nuggets","+9","-9","238.5","+303","-380","-110","-110","-115","-105","4.03","1.263158","1.909091","1.909091","1.869565","1.952381"
"Basketball","NBA","2025_12_12","NBA_2025_12_12_Charlotte_Hornets_Chicago_Bulls","2026_04_17","08:10 PM","Charlotte Hornets","Chicago Bulls","+3.5","-3.5","235.5","+128","-148","-110","-110","-110","-110","2.28","1.675676","1.909091","1.909091","1.909091","1.909091"
"Basketball","NBA","2025_12_12","NBA_2025_12_12_Dallas_Mavericks_Brooklyn_Nets","2026_04_17","09:40 PM","Dallas Mavericks","Brooklyn Nets","-7","+7","224.5","-300","+245","-110","-110","-110","-110","1.333333","3.45","1.909091","1.909091","1.909091","1.909091"
"Basketball","NBA","2025_12_12","NBA_2025_12_12_Detroit_Pistons_Atlanta_Hawks","2026_04_17","08:10 PM","Detroit Pistons","Atlanta Hawks","-6.5","+6.5","233","-240","+200","-110","-110","-110","-110","1.416667","3","1.909091","1.909091","1.909091","1.909091"
"Basketball","NBA","2025_12_12","NBA_2025_12_12_Golden_State_Warriors_Minnesota_Timberwolves","2026_04_17","11:10 PM","Golden State Warriors","Minnesota Timberwolves","-2","+2","227.5","-170","+149","-115","-105","-110","-110","1.588235","2.49","1.869565","1.952381","1.909091","1.909091"
"Basketball","NBA","2025_12_12","NBA_2025_12_12_Memphis_Grizzlies_Utah_Jazz","2026_04_17","09:10 PM","Memphis Grizzlies","Utah Jazz","-6.5","+6.5","238.5","-250","+207","-105","-115","-110","-110","1.4","3.07","1.952381","1.869565","1.909091","1.909091"
"Basketball","NBA","2025_12_12","NBA_2025_12_12_Philadelphia_76ers_Indiana_Pacers","2026_04_17","08:10 PM","Philadelphia 76ers","Indiana Pacers","-7.5","+7.5","229.5","-300","+245","-110","-110","-110","-110","1.333333","3.45","1.909091","1.909091","1.909091","1.909091"
"Basketball","NBA","2025_12_12","NBA_2025_12_12_Washington_Wizards_Cleveland_Cavaliers","2026_04_17","08:10 PM","Washington Wizards","Cleveland Cavaliers","+14.5","-14.5","239","+637","-950","-110","-110","-110","-110","7.37","1.105263","1.909091","1.909091","1.909091","1.909091"
"Basketball","NBA","2025_12_13","NBA_2025_12_13_Oklahoma_City_Thunder_San_Antonio_Spurs","2026_04_17","10:05 PM","Oklahoma City Thunder","San Antonio Spurs","-10","+10","226.5","-450","+350","-110","-110","-110","-110","1.222222","4.5","1.909091","1.909091","1.909091","1.909091"
"Basketball","NBA","2025_12_13","NBA_2025_12_13_Orlando_Magic_New_York_Knicks","2026_04_17","06:40 PM","Orlando Magic","New York Knicks","+4.5","-4.5","223.5","+174","-200","-110","-110","-110","-110","2.74","1.5","1.909091","1.909091","1.909091","1.909091"
"Basketball","NBA","2025_12_14","NBA_2025_12_14_Atlanta_Hawks_Philadelphia_76ers","2026_04_17","07:10 PM","Atlanta Hawks","Philadelphia 76ers","-5","+5","226.5","-200","+174","-110","-110","-110","-110","1.5","2.74","1.909091","1.909091","1.909091","1.909091"
"Basketball","NBA","2025_12_14","NBA_2025_12_14_Brooklyn_Nets_Milwaukee_Bucks","2026_04_17","07:10 PM","Brooklyn Nets","Milwaukee Bucks","+1.5","-1.5","217.5","+105","-125","-110","-110","-110","-110","2.05","1.8","1.909091","1.909091","1.909091","1.909091"
"Basketball","NBA","2025_12_14","NBA_2025_12_14_Chicago_Bulls_New_Orleans_Pelicans","2026_04_17","08:10 PM","Chicago Bulls","New Orleans Pelicans","-6","+6","243.5","-205","+177","-110","-110","-110","-110","1.487805","2.77","1.909091","1.909091","1.909091","1.909091"
"Basketball","NBA","2025_12_14","NBA_2025_12_14_Cleveland_Cavaliers_Charlotte_Hornets","2026_04_17","04:40 PM","Cleveland Cavaliers","Charlotte Hornets","-10.5","+10.5","236","-500","+383","-110","-110","-110","-110","1.2","4.83","1.909091","1.909091","1.909091","1.909091"
"Basketball","NBA","2025_12_14","NBA_2025_12_14_Indiana_Pacers_Washington_Wizards","2026_04_17","04:10 PM","Indiana Pacers","Washington Wizards","-9.5","+9.5","235.5","-350","+280","-110","-110","-110","-110","1.285714","3.8","1.909091","1.909091","1.909091","1.909091"
"Basketball","NBA","2025_12_14","NBA_2025_12_14_Minnesota_Timberwolves_Sacramento_Kings","2026_04_17","08:10 PM","Minnesota Timberwolves","Sacramento Kings","-11.5","+11.5","229.5","-540","+409","-110","-110","-110","-110","1.185185","5.09","1.909091","1.909091","1.909091","1.909091"
"Basketball","NBA","2025_12_14","NBA_2025_12_14_Phoenix_Suns_Los_Angeles_Lakers","2026_04_17","09:10 PM","Phoenix Suns","Los Angeles Lakers","+3.5","-3.5","229","+115","-135","-110","-110","-105","-115","2.15","1.740741","1.909091","1.909091","1.952381","1.869565"
"Basketball","NBA","2025_12_14","NBA_2025_12_14_Portland_Trail_Blazers_Golden_State_Warriors","2026_04_17","10:10 PM","Portland Trail Blazers","Golden State Warriors","+4.5","-4.5","236","+157","-180","-110","-110","-110","-110","2.57","1.555556","1.909091","1.909091","1.909091","1.909091"
"Basketball","NBA","2025_12_15","NBA_2025_12_15_Boston_Celtics_Detroit_Pistons","2026_04_17","08:10 PM","Boston Celtics","Detroit Pistons","-2","+2","231","-130","+110","-110","-110","-110","-110","1.769231","2.1","1.909091","1.909091","1.909091","1.909091"
"Basketball","NBA","2025_12_15","NBA_2025_12_15_Denver_Nuggets_Houston_Rockets","2026_04_17","10:40 PM","Denver Nuggets","Houston Rockets","-2","+2","233","-120","+100","-110","-113","-110","-110","1.833333","2","1.909091","1.884956","1.909091","1.909091"
"Basketball","NBA","2025_12_15","NBA_2025_12_15_Los_Angeles_Clippers_Memphis_Grizzlies","2026_04_17","11:40 PM","Los Angeles Clippers","Memphis Grizzlies","-3","+3","226","-145","+125","-110","-110","-110","-110","1.689655","2.25","1.909091","1.909091","1.909091","1.909091"
"Basketball","NBA","2025_12_15","NBA_2025_12_15_Miami_Heat_Toronto_Raptors","2026_04_17","08:40 PM","Miami Heat","Toronto Raptors","-5.5","+5.5","238.5","-230","+192","-110","-110","-110","-110","1.434783","2.92","1.909091","1.909091","1.909091","1.909091"
"Basketball","NBA","2025_12_15","NBA_2025_12_15_Utah_Jazz_Dallas_Mavericks","2026_04_17","10:10 PM","Utah Jazz","Dallas Mavericks","+2.5","-2.5","237.5","+105","-125","-110","-110","-110","-110","2.05","1.8","1.909091","1.909091","1.909091","1.909091"
"Basketball","NBA","2025_12_16","NBA_2025_12_16_New_York_Knicks_San_Antonio_Spurs","2026_04_17","09:42 PM","New York Knicks","San Antonio Spurs","-2.5","+2.5","228.5","-135","+115","-105","-115","-110","-110","1.740741","2.15","1.952381","1.869565","1.909091","1.909091"
"Basketball","NBA","2025_12_17","NBA_2025_12_17_Chicago_Bulls_Cleveland_Cavaliers","2026_04_17","09:10 PM","Chicago Bulls","Cleveland Cavaliers","+5","-5","242","+183","-215","-110","-110","-110","-110","2.83","1.465116","1.909091","1.909091","1.909091","1.909091"
"Basketball","NBA","2025_12_17","NBA_2025_12_17_Minnesota_Timberwolves_Memphis_Grizzlies","2026_04_17","09:10 PM","Minnesota Timberwolves","Memphis Grizzlies","-8","+8","233.5","-290","+237","-110","-110","-110","-110","1.344828","3.37","1.909091","1.909091","1.909091","1.909091"
"Basketball","NBA","2025_12_18","NBA_2025_12_18_Brooklyn_Nets_Miami_Heat","2026_04_17","08:40 PM","Brooklyn Nets","Miami Heat","+5.5","-5.5","228.5","+203","-245","-110","-110","-110","-110","3.03","1.408163","1.909091","1.909091","1.909091","1.909091"
"Basketball","NBA","2025_12_18","NBA_2025_12_18_Charlotte_Hornets_Atlanta_Hawks","2026_04_17","08:10 PM","Charlotte Hornets","Atlanta Hawks","+6","-6","237.5","+170","-195","-110","-110","-110","-110","2.7","1.512821","1.909091","1.909091","1.909091","1.909091"
"Basketball","NBA","2025_12_18","NBA_2025_12_18_Dallas_Mavericks_Detroit_Pistons","2026_04_17","09:40 PM","Dallas Mavericks","Detroit Pistons","+6","-6","231.5","+180","-210","-110","-110","-110","-110","2.8","1.47619","1.909091","1.909091","1.909091","1.909091"
"Basketball","NBA","2025_12_18","NBA_2025_12_18_Denver_Nuggets_Orlando_Magic","2026_04_17","10:10 PM","Denver Nuggets","Orlando Magic","-8","+8","233.5","-290","+237","-110","-110","-110","-110","1.344828","3.37","1.909091","1.909091","1.909091","1.909091"
"Basketball","NBA","2025_12_18","NBA_2025_12_18_Indiana_Pacers_New_York_Knicks","2026_04_17","08:10 PM","Indiana Pacers","New York Knicks","+4.5","-4.5","225","+156","-178","-110","-110","-110","-110","2.56","1.561798","1.909091","1.909091","1.909091","1.909091"
"Basketball","NBA","2025_12_18","NBA_2025_12_18_Milwaukee_Bucks_Toronto_Raptors","2026_04_17","09:10 PM","Milwaukee Bucks","Toronto Raptors","+4","-4","220.5","+180","-210","-110","-110","-110","-110","2.8","1.47619","1.909091","1.909091","1.909091","1.909091"
"Basketball","NBA","2025_12_18","NBA_2025_12_18_New_Orleans_Pelicans_Houston_Rockets","2026_04_17","09:10 PM","New Orleans Pelicans","Houston Rockets","+10","-10","235.5","+337","-430","-110","-110","-110","-110","4.37","1.232558","1.909091","1.909091","1.909091","1.909091"
"Basketball","NBA","2025_12_18","NBA_2025_12_18_Oklahoma_City_Thunder_Los_Angeles_Clippers","2026_04_17","09:10 PM","Oklahoma City Thunder","Los Angeles Clippers","-15","+15","223.5","-1500","+874","-110","-110","-110","-110","1.066667","9.74","1.909091","1.909091","1.909091","1.909091"
"Basketball","NBA","2025_12_18","NBA_2025_12_18_Phoenix_Suns_Golden_State_Warriors","2026_04_17","10:10 PM","Phoenix Suns","Golden State Warriors","+1.5","-1.5","230","+110","-130","-110","-110","-110","-110","2.1","1.769231","1.909091","1.909091","1.909091","1.909091"
"Basketball","NBA","2025_12_18","NBA_2025_12_18_Portland_Trail_Blazers_Sacramento_Kings","2026_04_17","11:10 PM","Portland Trail Blazers","Sacramento Kings","-7.5","+7.5","236.5","-340","+274","-110","-110","-110","-110","1.294118","3.74","1.909091","1.909091","1.909091","1.909091"
"Basketball","NBA","2025_12_18","NBA_2025_12_18_San_Antonio_Spurs_Washington_Wizards","2026_04_17","09:10 PM","San Antonio Spurs","Washington Wizards","-14.5","+14.5","242","-950","+637","-110","-110","-110","-110","1.105263","7.37","1.909091","1.909091","1.909091","1.909091"
"Basketball","NBA","2025_12_18","NBA_2025_12_18_Utah_Jazz_Los_Angeles_Lakers","2026_04_17","10:10 PM","Utah Jazz","Los Angeles Lakers","+7","-7","244","+237","-290","-110","-110","-110","-110","3.37","1.344828","1.909091","1.909091","1.909091","1.909091"
"Basketball","NBA","2025_12_19","NBA_2025_12_19_Atlanta_Hawks_San_Antonio_Spurs","2026_04_17","08:40 PM","Atlanta Hawks","San Antonio Spurs","+2","-2","242","+110","-130","-110","-110","-110","-110","2.1","1.769231","1.909091","1.909091","1.909091","1.909091"
"Basketball","NBA","2025_12_19","NBA_2025_12_19_Boston_Celtics_Miami_Heat","2026_04_17","08:10 PM","Boston Celtics","Miami Heat","-6.5","+6.5","234","-250","+207","-110","-110","-110","-110","1.4","3.07","1.909091","1.909091","1.909091","1.909091"
"Basketball","NBA","2025_12_19","NBA_2025_12_19_Cleveland_Cavaliers_Chicago_Bulls","2026_04_17","08:40 PM","Cleveland Cavaliers","Chicago Bulls","-7.5","+7.5","242","-260","+215","-110","-110","-110","-110","1.384615","3.15","1.909091","1.909091","1.909091","1.909091"
"Basketball","NBA","2025_12_19","NBA_2025_12_19_Minnesota_Timberwolves_Oklahoma_City_Thunder","2026_04_17","10:40 PM","Minnesota Timberwolves","Oklahoma City Thunder","+7.5","-7.5","226","+260","-320","-110","-110","-110","-110","3.6","1.3125","1.909091","1.909091","1.909091","1.909091"
"Basketball","NBA","2025_12_19","NBA_2025_12_19_New_York_Knicks_Philadelphia_76ers","2026_04_17","08:10 PM","New York Knicks","Philadelphia 76ers","-6","+6","229","-210","+180","-110","-110","-110","-110","1.47619","2.8","1.909091","1.909091","1.909091","1.909091"
"Basketball","NBA","2025_12_20","NBA_2025_12_20_Denver_Nuggets_Houston_Rockets","2026_04_17","06:10 PM","Denver Nuggets","Houston Rockets","-1.5","+1.5","237","-115","-105","-110","-110","-110","-110","1.869565","1.952381","1.909091","1.909091","1.909091","1.909091"
"Basketball","NBA","2025_12_20","NBA_2025_12_20_Detroit_Pistons_Charlotte_Hornets","2026_04_17","08:40 PM","Detroit Pistons","Charlotte Hornets","-9.5","+9.5","237","-440","+344","-110","-110","-110","-110","1.227273","4.44","1.909091","1.909091","1.909091","1.909091"
"Basketball","NBA","2025_12_20","NBA_2025_12_20_Golden_State_Warriors_Phoenix_Suns","2026_04_17","09:40 PM","Golden State Warriors","Phoenix Suns","-6.5","+6.5","225.5","-230","+192","-110","-110","-110","-110","1.434783","2.92","1.909091","1.909091","1.909091","1.909091"
"Basketball","NBA","2025_12_20","NBA_2025_12_20_Los_Angeles_Clippers_Los_Angeles_Lakers","2026_04_17","11:40 PM","Los Angeles Clippers","Los Angeles Lakers","+4","-4","230.5","+125","-145","-110","-110","-110","-110","2.25","1.689655","1.909091","1.909091","1.909091","1.909091"
"Basketball","NBA","2025_12_20","NBA_2025_12_20_Memphis_Grizzlies_Washington_Wizards","2026_04_17","09:10 PM","Memphis Grizzlies","Washington Wizards","-10","+10","235.5","-540","+409","-110","-110","-110","-110","1.185185","5.09","1.909091","1.909091","1.909091","1.909091"
"Basketball","NBA","2025_12_20","NBA_2025_12_20_New_Orleans_Pelicans_Indiana_Pacers","2026_04_17","08:10 PM","New Orleans Pelicans","Indiana Pacers","-3.5","+3.5","234","-160","+140","-110","-110","-115","-105","1.625","2.4","1.909091","1.909091","1.869565","1.952381"
"Basketball","NBA","2025_12_20","NBA_2025_12_20_Philadelphia_76ers_Dallas_Mavericks","2026_04_17","08:10 PM","Philadelphia 76ers","Dallas Mavericks","-2.5","+2.5","228.5","-120","+100","-110","-110","-110","-110","1.833333","2","1.909091","1.909091","1.909091","1.909091"
"Basketball","NBA","2025_12_20","NBA_2025_12_20_Sacramento_Kings_Portland_Trail_Blazers","2026_04_17","11:10 PM","Sacramento Kings","Portland Trail Blazers","+4","-4","238","+153","-175","-110","-110","-110","-110","2.53","1.571429","1.909091","1.909091","1.909091","1.909091"
"Basketball","NBA","2025_12_20","NBA_2025_12_20_Toronto_Raptors_Boston_Celtics","2026_04_17","08:10 PM","Toronto Raptors","Boston Celtics","+2.5","-2.5","223.5","+100","-120","-110","-110","-110","-110","2","1.833333","1.909091","1.909091","1.909091","1.909091"
"Basketball","NBA","2025_12_20","NBA_2025_12_20_Utah_Jazz_Orlando_Magic","2026_04_17","10:40 PM","Utah Jazz","Orlando Magic","+7.5","-7.5","240.5","+230","-280","-110","-110","-110","-110","3.3","1.357143","1.909091","1.909091","1.909091","1.909091"
"Basketball","NBA","2025_12_21","NBA_2025_12_21_Atlanta_Hawks_Chicago_Bulls","2026_04_17","04:40 PM","Atlanta Hawks","Chicago Bulls","-4","+4","245","-180","+157","-110","-110","-110","-110","1.555556","2.57","1.909091","1.909091","1.909091","1.909091"
"Basketball","NBA","2025_12_21","NBA_2025_12_21_Brooklyn_Nets_Toronto_Raptors","2026_04_17","07:10 PM","Brooklyn Nets","Toronto Raptors","+6.5","-6.5","222.5","+140","-160","-115","-105","-110","-110","2.4","1.625","1.869565","1.952381","1.909091","1.909091"
"Basketball","NBA","2025_12_21","NBA_2025_12_21_Minnesota_Timberwolves_Milwaukee_Bucks","2026_04_17","08:10 PM","Minnesota Timberwolves","Milwaukee Bucks","-12","+12","222.5","-650","+476","-110","-110","-110","-110","1.153846","5.76","1.909091","1.909091","1.909091","1.909091"
"Basketball","NBA","2025_12_21","NBA_2025_12_21_New_York_Knicks_Miami_Heat","2026_04_17","07:10 PM","New York Knicks","Miami Heat","-8","+8","235.5","-335","+270","-110","-110","-110","-110","1.298507","3.7","1.909091","1.909091","1.909091","1.909091"
"Basketball","NBA","2025_12_21","NBA_2025_12_21_Sacramento_Kings_Houston_Rockets","2026_04_17","11:10 PM","Sacramento Kings","Houston Rockets","+11","-11","232","+476","-650","-110","-110","-110","-110","5.76","1.153846","1.909091","1.909091","1.909091","1.909091"
"Basketball","NBA","2025_12_21","NBA_2025_12_21_Washington_Wizards_San_Antonio_Spurs","2026_04_17","08:10 PM","Washington Wizards","San Antonio Spurs","+14.5","-14.5","240","+817","-1350","-110","-110","-110","-110","9.17","1.074074","1.909091","1.909091","1.909091","1.909091"
"Basketball","NBA","2025_12_22","NBA_2025_12_22_Boston_Celtics_Indiana_Pacers","2026_04_17","08:40 PM","Boston Celtics","Indiana Pacers","-10","+10","226","-425","+334","-110","-110","-110","-110","1.235294","4.34","1.909091","1.909091","1.909091","1.909091"
"Basketball","NBA","2025_12_22","NBA_2025_12_22_Cleveland_Cavaliers_Charlotte_Hornets","2026_04_17","08:10 PM","Cleveland Cavaliers","Charlotte Hornets","-9","+9","237","-380","+303","-110","-110","-110","-110","1.263158","4.03","1.909091","1.909091","1.909091","1.909091"
"Basketball","NBA","2025_12_22","NBA_2025_12_22_Denver_Nuggets_Utah_Jazz","2026_04_17","10:10 PM","Denver Nuggets","Utah Jazz","-14.5","+14.5","246.5","-1000","+661","-110","-110","-110","-110","1.1","7.61","1.909091","1.909091","1.909091","1.909091"
"Basketball","NBA","2025_12_22","NBA_2025_12_22_Golden_State_Warriors_Orlando_Magic","2026_04_17","11:10 PM","Golden State Warriors","Orlando Magic","-4.5","+4.5","229.5","-195","+170","-115","-105","-110","-110","1.512821","2.7","1.869565","1.952381","1.909091","1.909091"
"Basketball","NBA","2025_12_22","NBA_2025_12_22_New_Orleans_Pelicans_Dallas_Mavericks","2026_04_17","09:10 PM","New Orleans Pelicans","Dallas Mavericks","+1","-1","238","-120","+100","-105","-115","-115","-105","1.833333","2","1.952381","1.869565","1.869565","1.952381"
"Basketball","NBA","2025_12_22","NBA_2025_12_22_Oklahoma_City_Thunder_Memphis_Grizzlies","2026_04_17","10:40 PM","Oklahoma City Thunder","Memphis Grizzlies","-16.5","+16.5","227.5","-1200","+754","-110","-110","-110","-110","1.083333","8.54","1.909091","1.909091","1.909091","1.909091"
"Basketball","NBA","2025_12_22","NBA_2025_12_22_Portland_Trail_Blazers_Detroit_Pistons","2026_04_17","11:10 PM","Portland Trail Blazers","Detroit Pistons","+5.5","-5.5","237","+200","-240","-105","-115","-105","-115","3","1.416667","1.952381","1.869565","1.952381","1.869565"
"Basketball","NBA","2025_12_23","NBA_2025_12_23_Atlanta_Hawks_Chicago_Bulls","2026_04_17","08:40 PM","Atlanta Hawks","Chicago Bulls","-4","+4","252.5","-170","+149","-110","-110","-115","-105","1.588235","2.49","1.909091","1.909091","1.869565","1.952381"
"Basketball","NBA","2025_12_23","NBA_2025_12_23_Charlotte_Hornets_Washington_Wizards","2026_04_17","08:10 PM","Charlotte Hornets","Washington Wizards","-6","+6","235","-225","+189","-110","-110","-110","-110","1.444444","2.89","1.909091","1.909091","1.909091","1.909091"
"Basketball","NBA","2025_12_23","NBA_2025_12_23_Cleveland_Cavaliers_New_Orleans_Pelicans","2026_04_17","08:40 PM","Cleveland Cavaliers","New Orleans Pelicans","-9.5","+9.5","237.5","-415","+327","-110","-110","-115","-105","1.240964","4.27","1.909091","1.909091","1.869565","1.952381"
"Basketball","NBA","2025_12_23","NBA_2025_12_23_Dallas_Mavericks_Denver_Nuggets","2026_04_17","09:10 PM","Dallas Mavericks","Denver Nuggets","+7","-7","237.5","+230","-280","-110","-110","-110","-110","3.3","1.357143","1.909091","1.909091","1.909091","1.909091"
"Basketball","NBA","2025_12_23","NBA_2025_12_23_Indiana_Pacers_Milwaukee_Bucks","2026_04_17","08:40 PM","Indiana Pacers","Milwaukee Bucks","+1","-1","222","-105","-115","-110","-110","-110","-110","1.952381","1.869565","1.909091","1.909091","1.909091","1.909091"
"Basketball","NBA","2025_12_23","NBA_2025_12_23_Los_Angeles_Clippers_Houston_Rockets","2026_04_17","11:40 PM","Los Angeles Clippers","Houston Rockets","+7","-7","220.5","+215","-260","-110","-110","-110","-110","3.15","1.384615","1.909091","1.909091","1.909091","1.909091"
"Basketball","NBA","2025_12_23","NBA_2025_12_23_Miami_Heat_Toronto_Raptors","2026_04_17","08:40 PM","Miami Heat","Toronto Raptors","-4.5","+4.5","229","-180","+157","-110","-110","-110","-110","1.555556","2.57","1.909091","1.909091","1.909091","1.909091"
"Basketball","NBA","2025_12_23","NBA_2025_12_23_Minnesota_Timberwolves_New_York_Knicks","2026_04_17","09:10 PM","Minnesota Timberwolves","New York Knicks","-7","+7","233","-270","+222","-108","-112","-110","-110","1.37037","3.22","1.925926","1.892857","1.909091","1.909091"
"Basketball","NBA","2025_12_23","NBA_2025_12_23_Philadelphia_76ers_Brooklyn_Nets","2026_04_17","08:10 PM","Philadelphia 76ers","Brooklyn Nets","-10","+10","219.5","-400","+316","-110","-110","-110","-110","1.25","4.16","1.909091","1.909091","1.909091","1.909091"
"Basketball","NBA","2025_12_23","NBA_2025_12_23_Phoenix_Suns_Los_Angeles_Lakers","2026_04_17","10:10 PM","Phoenix Suns","Los Angeles Lakers","-5","+5","225","-210","+180","-110","-110","-110","-110","1.47619","2.8","1.909091","1.909091","1.909091","1.909091"
"Basketball","NBA","2025_12_23","NBA_2025_12_23_Portland_Trail_Blazers_Orlando_Magic","2026_04_17","11:10 PM","Portland Trail Blazers","Orlando Magic","+3","-3","234.5","+110","-130","-110","-110","-105","-115","2.1","1.769231","1.909091","1.909091","1.952381","1.869565"
"Basketball","NBA","2025_12_23","NBA_2025_12_23_Sacramento_Kings_Detroit_Pistons","2026_04_17","11:10 PM","Sacramento Kings","Detroit Pistons","+9","-9","230","+306","-385","-110","-110","-105","-115","4.06","1.25974","1.909091","1.909091","1.952381","1.869565"
"Basketball","NBA","2025_12_23","NBA_2025_12_23_San_Antonio_Spurs_Oklahoma_City_Thunder","2026_04_17","09:40 PM","San Antonio Spurs","Oklahoma City Thunder","+6.5","-6.5","234.5","+215","-260","-110","-110","-110","-110","3.15","1.384615","1.909091","1.909091","1.909091","1.909091"
"Basketball","NBA","2025_12_23","NBA_2025_12_23_Utah_Jazz_Memphis_Grizzlies","2026_04_17","10:10 PM","Utah Jazz","Memphis Grizzlies","+2.5","-2.5","243.5","+125","-145","-110","-110","-110","-110","2.25","1.689655","1.909091","1.909091","1.909091","1.909091"
"Basketball","NBA","2025_12_25","NBA_2025_12_25_Denver_Nuggets_Minnesota_Timberwolves","2026_04_17","11:43 PM","Denver Nuggets","Minnesota Timberwolves","-4.5","+4.5","230","-155","+135","-115","-105","-110","-110","1.645161","2.35","1.869565","1.952381","1.909091","1.909091"
"Basketball","NBA","2025_12_25","NBA_2025_12_25_Golden_State_Warriors_Dallas_Mavericks","2026_04_17","06:18 PM","Golden State Warriors","Dallas Mavericks","-4","+4","227.5","-335","+270","-110","-110","-110","-110","1.298507","3.7","1.909091","1.909091","1.909091","1.909091"
"Basketball","NBA","2025_12_25","NBA_2025_12_25_Los_Angeles_Lakers_Houston_Rockets","2026_04_17","09:12 PM","Los Angeles Lakers","Houston Rockets","-1.5","+1.5","226.5","+135","-155","-105","-115","-110","-110","2.35","1.645161","1.952381","1.869565","1.909091","1.909091"
"Basketball","NBA","2025_12_25","NBA_2025_12_25_New_York_Knicks_Cleveland_Cavaliers","2026_04_17","01:08 PM","New York Knicks","Cleveland Cavaliers","-3","+3","229.5","-250","+207","-110","-110","-110","-110","1.4","3.07","1.909091","1.909091","1.909091","1.909091"
"Basketball","NBA","2025_12_25","NBA_2025_12_25_Oklahoma_City_Thunder_San_Antonio_Spurs","2026_04_17","03:40 PM","Oklahoma City Thunder","San Antonio Spurs","-9.5","+9.5","228","-355","+285","-110","-110","-110","-110","1.28169","3.85","1.909091","1.909091","1.909091","1.909091"
"Basketball","NBA","2025_12_26","NBA_2025_12_26_Atlanta_Hawks_Miami_Heat","2026_04_17","08:10 PM","Atlanta Hawks","Miami Heat","-4","+4","243.5","-170","+149","-110","-110","-110","-110","1.588235","2.49","1.909091","1.909091","1.909091","1.909091"
"Basketball","NBA","2025_12_26","NBA_2025_12_26_Chicago_Bulls_Philadelphia_76ers","2026_04_17","08:40 PM","Chicago Bulls","Philadelphia 76ers","-1.5","+1.5","239.5","-120","+100","-110","-114","-110","-110","1.833333","2","1.909091","1.877193","1.909091","1.909091"
"Basketball","NBA","2025_12_26","NBA_2025_12_26_Indiana_Pacers_Boston_Celtics","2026_04_17","08:10 PM","Indiana Pacers","Boston Celtics","+8","-8","220","+280","-350","-110","-110","-110","-110","3.8","1.285714","1.909091","1.909091","1.909091","1.909091"
"Basketball","NBA","2025_12_26","NBA_2025_12_26_Memphis_Grizzlies_Milwaukee_Bucks","2026_04_17","09:10 PM","Memphis Grizzlies","Milwaukee Bucks","-5","+5","226","-200","+174","-110","-110","-110","-110","1.5","2.74","1.909091","1.909091","1.909091","1.909091"
"Basketball","NBA","2025_12_26","NBA_2025_12_26_New_Orleans_Pelicans_Phoenix_Suns","2026_04_17","09:10 PM","New Orleans Pelicans","Phoenix Suns","+2.5","-2.5","237","+145","-165","-110","-110","-110","-110","2.45","1.606061","1.909091","1.909091","1.909091","1.909091"
"Basketball","NBA","2025_12_26","NBA_2025_12_26_Orlando_Magic_Charlotte_Hornets","2026_04_17","08:10 PM","Orlando Magic","Charlotte Hornets","-8","+8","234.5","-270","+222","-110","-110","-110","-110","1.37037","3.22","1.909091","1.909091","1.909091","1.909091"
"Basketball","NBA","2025_12_26","NBA_2025_12_26_Portland_Trail_Blazers_Los_Angeles_Clippers","2026_04_17","11:12 PM","Portland Trail Blazers","Los Angeles Clippers","+1.5","-1.5","228.5","+105","-125","-112","-108","-110","-110","2.05","1.8","1.892857","1.925926","1.909091","1.909091"
"Basketball","NBA","2025_12_26","NBA_2025_12_26_Utah_Jazz_Detroit_Pistons","2026_04_17","10:40 PM","Utah Jazz","Detroit Pistons","+8","-8","244","+337","-430","-110","-110","-115","-105","4.37","1.232558","1.909091","1.909091","1.869565","1.952381"
"Basketball","NBA","2025_12_26","NBA_2025_12_26_Washington_Wizards_Toronto_Raptors","2026_04_17","08:10 PM","Washington Wizards","Toronto Raptors","+9.5","-9.5","233.5","+299","-375","-110","-110","-105","-115","3.99","1.266667","1.909091","1.909091","1.952381","1.869565"
"Basketball","NBA","2025_12_27","NBA_2025_12_27_Atlanta_Hawks_New_York_Knicks","2026_04_17","09:10 PM","Atlanta Hawks","New York Knicks","+5.5","-5.5","245","+186","-220","-105","-115","-110","-110","2.86","1.454545","1.952381","1.869565","1.909091","1.909091"
"Basketball","NBA","2025_12_27","NBA_2025_12_27_Chicago_Bulls_Milwaukee_Bucks","2026_04_17","09:10 PM","Chicago Bulls","Milwaukee Bucks","-5","+5","236.5","-240","+200","-110","-110","-110","-110","1.416667","3","1.909091","1.909091","1.909091","1.909091"
"Basketball","NBA","2025_12_27","NBA_2025_12_27_Houston_Rockets_Cleveland_Cavaliers","2026_04_17","09:10 PM","Houston Rockets","Cleveland Cavaliers","-5","+5","240","-190","+165","-105","-115","-105","-115","1.526316","2.65","1.952381","1.869565","1.952381","1.869565"
"Basketball","NBA","2025_12_27","NBA_2025_12_27_Miami_Heat_Indiana_Pacers","2026_04_17","09:10 PM","Miami Heat","Indiana Pacers","-8.5","+8.5","232","-370","+296","-115","-105","-110","-110","1.27027","3.96","1.869565","1.952381","1.909091","1.909091"
"Basketball","NBA","2025_12_27","NBA_2025_12_27_Minnesota_Timberwolves_Brooklyn_Nets","2026_04_17","09:10 PM","Minnesota Timberwolves","Brooklyn Nets","-11.5","+11.5","222","-400","+316","-110","-110","-105","-115","1.25","4.16","1.909091","1.909091","1.952381","1.869565"
"Basketball","NBA","2025_12_27","NBA_2025_12_27_New_Orleans_Pelicans_Phoenix_Suns","2026_04_17","08:10 PM","New Orleans Pelicans","Phoenix Suns","+5.5","-5.5","238.5","+186","-220","-105","-115","-110","-110","2.86","1.454545","1.952381","1.869565","1.909091","1.909091"
"Basketball","NBA","2025_12_27","NBA_2025_12_27_Orlando_Magic_Denver_Nuggets","2026_04_17","08:10 PM","Orlando Magic","Denver Nuggets","+3.5","-3.5","238.5","+170","-195","-110","-110","-105","-115","2.7","1.512821","1.909091","1.909091","1.952381","1.869565"
"Basketball","NBA","2025_12_27","NBA_2025_12_27_Sacramento_Kings_Dallas_Mavericks","2026_04_17","06:10 PM","Sacramento Kings","Dallas Mavericks","+3","-3","227.5","+117","-137","-110","-110","-110","-110","2.17","1.729927","1.909091","1.909091","1.909091","1.909091"
"Basketball","NBA","2025_12_27","NBA_2025_12_27_San_Antonio_Spurs_Utah_Jazz","2026_04_17","09:10 PM","San Antonio Spurs","Utah Jazz","-16.5","+16.5","246.5","-1350","+817","-110","-110","-110","-110","1.074074","9.17","1.909091","1.909091","1.909091","1.909091"
"Basketball","NBA","2025_12_28","NBA_2025_12_28_Los_Angeles_Clippers_Detroit_Pistons","2026_04_17","10:10 PM","Los Angeles Clippers","Detroit Pistons","+4","-4","227","+125","-145","-110","-110","-110","-110","2.25","1.689655","1.909091","1.909091","1.909091","1.909091"
"Basketball","NBA","2025_12_28","NBA_2025_12_28_Los_Angeles_Lakers_Sacramento_Kings","2026_04_17","10:40 PM","Los Angeles Lakers","Sacramento Kings","-13.5","+13.5","232","-650","+476","-110","-110","-115","-105","1.153846","5.76","1.909091","1.909091","1.869565","1.952381"
"Basketball","NBA","2025_12_28","NBA_2025_12_28_Oklahoma_City_Thunder_Philadelphia_76ers","2026_04_17","04:40 PM","Oklahoma City Thunder","Philadelphia 76ers","-15","+15","225.5","-1000","+661","-110","-110","-110","-110","1.1","7.61","1.909091","1.909091","1.909091","1.909091"
"Basketball","NBA","2025_12_28","NBA_2025_12_28_Portland_Trail_Blazers_Boston_Celtics","2026_04_17","07:10 PM","Portland Trail Blazers","Boston Celtics","+6","-6","227","+234","-285","-110","-110","-105","-115","3.34","1.350877","1.909091","1.909091","1.952381","1.869565"
"Basketball","NBA","2025_12_28","NBA_2025_12_28_Toronto_Raptors_Golden_State_Warriors","2026_04_17","04:40 PM","Toronto Raptors","Golden State Warriors","+3","-3","225","+135","-155","-110","-110","-110","-110","2.35","1.645161","1.909091","1.909091","1.909091","1.909091"
"Basketball","NBA","2025_12_28","NBA_2025_12_28_Washington_Wizards_Memphis_Grizzlies","2026_04_17","07:10 PM","Washington Wizards","Memphis Grizzlies","+7.5","-7.5","237.5","+226","-275","-110","-110","-110","-110","3.26","1.363636","1.909091","1.909091","1.909091","1.909091"
"Basketball","NBA","2025_12_29","NBA_2025_12_29_Brooklyn_Nets_Golden_State_Warriors","2026_04_17","08:40 PM","Brooklyn Nets","Golden State Warriors","+7","-7","225.5","+140","-160","-110","-110","-110","-110","2.4","1.625","1.909091","1.909091","1.909091","1.909091"
"Basketball","NBA","2025_12_29","NBA_2025_12_29_Charlotte_Hornets_Milwaukee_Bucks","2026_04_17","08:10 PM","Charlotte Hornets","Milwaukee Bucks","+3.5","-3.5","231.5","+130","-150","-110","-110","-110","-110","2.3","1.666667","1.909091","1.909091","1.909091","1.909091"
"Basketball","NBA","2025_12_29","NBA_2025_12_29_Chicago_Bulls_Minnesota_Timberwolves","2026_04_17","09:10 PM","Chicago Bulls","Minnesota Timberwolves","+4","-4","241.5","+180","-210","-110","-110","-110","-110","2.8","1.47619","1.909091","1.909091","1.909091","1.909091"
"Basketball","NBA","2025_12_29","NBA_2025_12_29_Houston_Rockets_Indiana_Pacers","2026_04_17","09:10 PM","Houston Rockets","Indiana Pacers","-14","+14","223.5","-1000","+661","-110","-110","-110","-110","1.1","7.61","1.909091","1.909091","1.909091","1.909091"
"Basketball","NBA","2025_12_29","NBA_2025_12_29_Miami_Heat_Denver_Nuggets","2026_04_17","08:40 PM","Miami Heat","Denver Nuggets","+3","-3","245","+120","-140","-105","-115","-110","-110","2.2","1.714286","1.952381","1.869565","1.909091","1.909091"
"Basketball","NBA","2025_12_29","NBA_2025_12_29_New_Orleans_Pelicans_New_York_Knicks","2026_04_17","09:10 PM","New Orleans Pelicans","New York Knicks","+8","-8","242.5","+280","-350","-105","-115","-110","-110","3.8","1.285714","1.952381","1.869565","1.909091","1.909091"
"Basketball","NBA","2025_12_29","NBA_2025_12_29_Oklahoma_City_Thunder_Atlanta_Hawks","2026_04_17","09:10 PM","Oklahoma City Thunder","Atlanta Hawks","-14","+14","236","-1200","+754","-110","-110","-110","-110","1.083333","8.54","1.909091","1.909091","1.909091","1.909091"
"Basketball","NBA","2025_12_29","NBA_2025_12_29_Portland_Trail_Blazers_Dallas_Mavericks","2026_04_17","11:40 PM","Portland Trail Blazers","Dallas Mavericks","+1","-1","235","-120","+100","-110","-110","-110","-110","1.833333","2","1.909091","1.909091","1.909091","1.909091"
"Basketball","NBA","2025_12_29","NBA_2025_12_29_San_Antonio_Spurs_Cleveland_Cavaliers","2026_04_17","09:10 PM","San Antonio Spurs","Cleveland Cavaliers","-4.5","+4.5","242.5","-180","+157","-110","-110","-110","-110","1.555556","2.57","1.909091","1.909091","1.909091","1.909091"
"Basketball","NBA","2025_12_29","NBA_2025_12_29_Toronto_Raptors_Orlando_Magic","2026_04_17","08:40 PM","Toronto Raptors","Orlando Magic","+2","-2","224","+100","-120","-110","-110","-110","-110","2","1.833333","1.909091","1.909091","1.909091","1.909091"
"Basketball","NBA","2025_12_29","NBA_2025_12_29_Washington_Wizards_Phoenix_Suns","2026_04_17","08:10 PM","Washington Wizards","Phoenix Suns","+11","-11","240","+383","-500","-110","-110","-110","-110","4.83","1.2","1.909091","1.909091","1.909091","1.909091"
"Basketball","NBA","2025_12_30","NBA_2025_12_30_Los_Angeles_Clippers_Sacramento_Kings","2026_04_17","12:10 AM","Los Angeles Clippers","Sacramento Kings","-11.5","+11.5","224.5","-415","+327","-110","-110","-110","-110","1.240964","4.27","1.909091","1.909091","1.909091","1.909091"
"Basketball","NBA","2025_12_30","NBA_2025_12_30_Los_Angeles_Lakers_Detroit_Pistons","2026_04_17","11:40 PM","Los Angeles Lakers","Detroit Pistons","-1.5","+1.5","231","+120","-140","-110","-110","-110","-110","2.2","1.714286","1.909091","1.909091","1.909091","1.909091"
"Basketball","NBA","2025_12_30","NBA_2025_12_30_Memphis_Grizzlies_Philadelphia_76ers","2026_04_17","09:10 PM","Memphis Grizzlies","Philadelphia 76ers","-1","+1","233","-115","-105","-110","-110","-110","-110","1.869565","1.952381","1.909091","1.909091","1.909091","1.909091"
"Basketball","NBA","2025_12_30","NBA_2025_12_30_Utah_Jazz_Boston_Celtics","2026_04_17","10:10 PM","Utah Jazz","Boston Celtics","+8","-8","240.5","+252","-310","-110","-110","-110","-110","3.52","1.322581","1.909091","1.909091","1.909091","1.909091"
"Basketball","NBA","2025_12_31","NBA_2025_12_31_Atlanta_Hawks_Minnesota_Timberwolves","2026_04_17","04:10 PM","Atlanta Hawks","Minnesota Timberwolves","+3.5","-3.5","243","+157","-180","-110","-110","-110","-110","2.57","1.555556","1.909091","1.909091","1.909091","1.909091"
"Basketball","NBA","2025_12_31","NBA_2025_12_31_Charlotte_Hornets_Golden_State_Warriors","2026_04_17","02:10 PM","Charlotte Hornets","Golden State Warriors","+7","-7","231.5","+234","-285","-110","-110","-110","-110","3.34","1.350877","1.909091","1.909091","1.909091","1.909091"
"Basketball","NBA","2025_12_31","NBA_2025_12_31_Chicago_Bulls_New_Orleans_Pelicans","2026_04_17","08:10 PM","Chicago Bulls","New Orleans Pelicans","+1.5","-1.5","244.5","+105","-125","-110","-110","-110","-110","2.05","1.8","1.909091","1.909091","1.909091","1.909091"
"Basketball","NBA","2025_12_31","NBA_2025_12_31_Cleveland_Cavaliers_Phoenix_Suns","2026_04_17","04:40 PM","Cleveland Cavaliers","Phoenix Suns","-5.5","+5.5","236.5","-245","+203","-110","-110","-105","-115","1.408163","3.03","1.909091","1.909091","1.952381","1.869565"
"Basketball","NBA","2025_12_31","NBA_2025_12_31_Indiana_Pacers_Orlando_Magic","2026_04_17","04:10 PM","Indiana Pacers","Orlando Magic","+3.5","-3.5","225.5","+140","-160","-110","-110","-110","-110","2.4","1.625","1.909091","1.909091","1.909091","1.909091"
"Basketball","NBA","2025_12_31","NBA_2025_12_31_Milwaukee_Bucks_Washington_Wizards","2026_04_17","09:10 PM","Milwaukee Bucks","Washington Wizards","-10.5","+10.5","232.5","-540","+409","-105","-115","-105","-115","1.185185","5.09","1.952381","1.869565","1.952381","1.869565"
"Basketball","NBA","2025_12_31","NBA_2025_12_31_Oklahoma_City_Thunder_Portland_Trail_Blazers","2026_04_17","09:10 PM","Oklahoma City Thunder","Portland Trail Blazers","-15","+15","234","-1150","+732","-110","-110","-110","-110","1.086957","8.32","1.909091","1.909091","1.909091","1.909091"
"Basketball","NBA","2025_12_31","NBA_2025_12_31_San_Antonio_Spurs_New_York_Knicks","2026_04_17","08:10 PM","San Antonio Spurs","New York Knicks","-2.5","+2.5","239","-116","-104","-110","-110","-110","-110","1.862069","1.961538","1.909091","1.909091","1.909091","1.909091"
"Basketball","NBA","2025_12_31","NBA_2025_12_31_Toronto_Raptors_Denver_Nuggets","2026_04_17","08:40 PM","Toronto Raptors","Denver Nuggets","-6.5","+6.5","226","-275","+226","-115","-105","-105","-115","1.363636","3.26","1.869565","1.952381","1.952381","1.869565"
"Basketball","NBA","2026_01_01","NBA_2026_01_01_Brooklyn_Nets_Houston_Rockets","2026_04_17","07:10 PM","Brooklyn Nets","Houston Rockets","+10.5","-10.5","221","+400","-525","-110","-110","-110","-110","5","1.190476","1.909091","1.909091","1.909091","1.909091"
"Basketball","NBA","2026_01_01","NBA_2026_01_01_Dallas_Mavericks_Philadelphia_76ers","2026_04_17","09:40 PM","Dallas Mavericks","Philadelphia 76ers","-1","+1","232","-115","-105","-105","-115","-110","-110","1.869565","1.952381","1.952381","1.869565","1.909091","1.909091"
"Basketball","NBA","2026_01_01","NBA_2026_01_01_Detroit_Pistons_Miami_Heat","2026_04_17","08:10 PM","Detroit Pistons","Miami Heat","-6","+6","239.5","-190","+165","-110","-110","-110","-110","1.526316","2.65","1.909091","1.909091","1.909091","1.909091"
"Basketball","NBA","2026_01_01","NBA_2026_01_01_Los_Angeles_Clippers_Utah_Jazz","2026_04_17","11:40 PM","Los Angeles Clippers","Utah Jazz","-11","+11","238.5","-550","+415","-110","-110","-110","-110","1.181818","5.15","1.909091","1.909091","1.909091","1.909091"
"Basketball","NBA","2026_01_01","NBA_2026_01_01_Sacramento_Kings_Boston_Celtics","2026_04_17","11:10 PM","Sacramento Kings","Boston Celtics","+8","-8","227.5","+278","-345","-110","-110","-110","-110","3.78","1.289855","1.909091","1.909091","1.909091","1.909091"
"Basketball","NBA","2026_01_02","NBA_2026_01_02_Chicago_Bulls_Orlando_Magic","2026_04_17","09:10 PM","Chicago Bulls","Orlando Magic","+4.5","-4.5","241","+161","-185","-110","-110","-110","-110","2.61","1.540541","1.909091","1.909091","1.909091","1.909091"
"Basketball","NBA","2026_01_02","NBA_2026_01_02_Cleveland_Cavaliers_Denver_Nuggets","2026_04_17","08:40 PM","Cleveland Cavaliers","Denver Nuggets","-10","+10","233.5","-750","+534","-110","-110","-110","-110","1.133333","6.34","1.909091","1.909091","1.909091","1.909091"
"Basketball","NBA","2026_01_02","NBA_2026_01_02_Golden_State_Warriors_Oklahoma_City_Thunder","2026_04_17","11:10 PM","Golden State Warriors","Oklahoma City Thunder","+6.5","-6.5","230.5","+303","-380","-110","-110","-110","-110","4.03","1.263158","1.909091","1.909091","1.909091","1.909091"
"Basketball","NBA","2026_01_02","NBA_2026_01_02_Indiana_Pacers_San_Antonio_Spurs","2026_04_17","08:10 PM","Indiana Pacers","San Antonio Spurs","+5.5","-5.5","239","+180","-210","-110","-110","-110","-110","2.8","1.47619","1.909091","1.909091","1.909091","1.909091"
"Basketball","NBA","2026_01_02","NBA_2026_01_02_Los_Angeles_Lakers_Memphis_Grizzlies","2026_04_17","11:40 PM","Los Angeles Lakers","Memphis Grizzlies","-4.5","+4.5","239","-175","+153","-110","-110","-110","-110","1.571429","2.53","1.909091","1.909091","1.909091","1.909091"
"Basketball","NBA","2026_01_02","NBA_2026_01_02_Milwaukee_Bucks_Charlotte_Hornets","2026_04_17","09:10 PM","Milwaukee Bucks","Charlotte Hornets","-6.5","+6.5","231.5","-240","+200","-110","-110","-110","-110","1.416667","3","1.909091","1.909091","1.909091","1.909091"
"Basketball","NBA","2026_01_02","NBA_2026_01_02_New_Orleans_Pelicans_Portland_Trail_Blazers","2026_04_17","09:10 PM","New Orleans Pelicans","Portland Trail Blazers","+1.5","-1.5","245","-105","-115","-110","-110","-110","-110","1.952381","1.869565","1.909091","1.909091","1.909091","1.909091"
"Basketball","NBA","2026_01_02","NBA_2026_01_02_New_York_Knicks_Atlanta_Hawks","2026_04_17","08:40 PM","New York Knicks","Atlanta Hawks","-7.5","+7.5","245","-300","+245","-110","-110","-110","-110","1.333333","3.45","1.909091","1.909091","1.909091","1.909091"
"Basketball","NBA","2026_01_02","NBA_2026_01_02_Phoenix_Suns_Sacramento_Kings","2026_04_17","10:10 PM","Phoenix Suns","Sacramento Kings","-11","+11","229.5","-650","+476","-110","-110","-110","-110","1.153846","5.76","1.909091","1.909091","1.909091","1.909091"
"Basketball","NBA","2026_01_02","NBA_2026_01_02_Washington_Wizards_Brooklyn_Nets","2026_04_17","08:10 PM","Washington Wizards","Brooklyn Nets","+1.5","-1.5","226.5","+100","-120","-110","-110","-110","-110","2","1.833333","1.909091","1.909091","1.909091","1.909091"
"Basketball","NBA","2026_01_03","NBA_2026_01_03_Chicago_Bulls_Charlotte_Hornets","2026_04_17","09:10 PM","Chicago Bulls","Charlotte Hornets","-1.5","+1.5","235.5","-133","+113","-110","-110","-110","-110","1.75188","2.13","1.909091","1.909091","1.909091","1.909091"
"Basketball","NBA","2026_01_03","NBA_2026_01_03_Dallas_Mavericks_Houston_Rockets","2026_04_17","09:40 PM","Dallas Mavericks","Houston Rockets","+9","-9","228","+245","-300","-110","-110","-110","-110","3.45","1.333333","1.909091","1.909091","1.909091","1.909091"
"Basketball","NBA","2026_01_03","NBA_2026_01_03_Golden_State_Warriors_Utah_Jazz","2026_04_17","11:10 PM","Golden State Warriors","Utah Jazz","-12.5","+12.5","239.5","-650","+476","-110","-110","-110","-110","1.153846","5.76","1.909091","1.909091","1.909091","1.909091"
"Basketball","NBA","2026_01_03","NBA_2026_01_03_Los_Angeles_Clippers_Boston_Celtics","2026_04_17","11:40 PM","Los Angeles Clippers","Boston Celtics","+2.5","-2.5","221.5","-108","-112","-117","-103","-105","-115","1.925926","1.892857","1.854701","1.970874","1.952381","1.869565"
"Basketball","NBA","2026_01_03","NBA_2026_01_03_Miami_Heat_Minnesota_Timberwolves","2026_04_17","06:10 PM","Miami Heat","Minnesota Timberwolves","+1","-1","240.5","+116","-136","-105","-115","-110","-110","2.16","1.735294","1.952381","1.869565","1.909091","1.909091"
"Basketball","NBA","2026_01_03","NBA_2026_01_03_New_York_Knicks_Philadelphia_76ers","2026_04_17","08:40 PM","New York Knicks","Philadelphia 76ers","-2","+2","232","-160","+140","-110","-110","-110","-110","1.625","2.4","1.909091","1.909091","1.909091","1.909091"
"Basketball","NBA","2026_01_03","NBA_2026_01_03_San_Antonio_Spurs_Portland_Trail_Blazers","2026_04_17","09:10 PM","San Antonio Spurs","Portland Trail Blazers","-8.5","+8.5","241.5","-350","+280","-110","-110","-110","-110","1.285714","3.8","1.909091","1.909091","1.909091","1.909091"
"Basketball","NBA","2026_01_03","NBA_2026_01_03_Toronto_Raptors_Atlanta_Hawks","2026_04_17","08:40 PM","Toronto Raptors","Atlanta Hawks","-3","+3","231","-155","+135","-110","-110","-110","-110","1.645161","2.35","1.909091","1.909091","1.909091","1.909091"
"Basketball","NBA","2026_01_04","NBA_2026_01_04_Brooklyn_Nets_Denver_Nuggets","2026_04_17","04:40 PM","Brooklyn Nets","Denver Nuggets","+3","-3","219.5","+130","-150","-110","-110","-110","-110","2.3","1.666667","1.909091","1.909091","1.909091","1.909091"
"Basketball","NBA","2026_01_04","NBA_2026_01_04_Cleveland_Cavaliers_Detroit_Pistons","2026_04_17","03:10 PM","Cleveland Cavaliers","Detroit Pistons","-4.5","+4.5","235","-200","+174","-105","-115","-105","-115","1.5","2.74","1.952381","1.869565","1.952381","1.869565"
"Basketball","NBA","2026_01_04","NBA_2026_01_04_Los_Angeles_Lakers_Memphis_Grizzlies","2026_04_17","10:40 PM","Los Angeles Lakers","Memphis Grizzlies","-4","+4","245.5","-240","+200","-105","-115","-115","-105","1.416667","3","1.952381","1.869565","1.869565","1.952381"
"Basketball","NBA","2026_01_04","NBA_2026_01_04_Miami_Heat_New_Orleans_Pelicans","2026_04_17","07:10 PM","Miami Heat","New Orleans Pelicans","-7.5","+7.5","241","-285","+234","-110","-110","-110","-110","1.350877","3.34","1.909091","1.909091","1.909091","1.909091"
"Basketball","NBA","2026_01_04","NBA_2026_01_04_Orlando_Magic_Indiana_Pacers","2026_04_17","04:10 PM","Orlando Magic","Indiana Pacers","-7","+7","228","-285","+234","-105","-115","-110","-110","1.350877","3.34","1.952381","1.869565","1.909091","1.909091"
"Basketball","NBA","2026_01_04","NBA_2026_01_04_Phoenix_Suns_Oklahoma_City_Thunder","2026_04_17","09:10 PM","Phoenix Suns","Oklahoma City Thunder","+8.5","-8.5","227","+285","-355","-110","-110","-110","-110","3.85","1.28169","1.909091","1.909091","1.909091","1.909091"
"Basketball","NBA","2026_01_04","NBA_2026_01_04_Sacramento_Kings_Milwaukee_Bucks","2026_04_17","10:10 PM","Sacramento Kings","Milwaukee Bucks","+6","-6","229","+195","-235","-110","-110","-110","-110","2.95","1.425532","1.909091","1.909091","1.909091","1.909091"
"Basketball","NBA","2026_01_04","NBA_2026_01_04_Washington_Wizards_Minnesota_Timberwolves","2026_04_17","07:10 PM","Washington Wizards","Minnesota Timberwolves","+10","-10","235","+350","-450","-105","-115","-105","-115","4.5","1.222222","1.952381","1.869565","1.952381","1.869565"
"Basketball","NBA","2026_01_05","NBA_2026_01_05_Boston_Celtics_Chicago_Bulls","2026_04_17","08:40 PM","Boston Celtics","Chicago Bulls","-9","+9","236","-510","+390","-110","-110","-110","-110","1.196078","4.9","1.909091","1.909091","1.909091","1.909091"
"Basketball","NBA","2026_01_05","NBA_2026_01_05_Detroit_Pistons_New_York_Knicks","2026_04_17","08:10 PM","Detroit Pistons","New York Knicks","+3.5","-3.5","236","+130","-150","-105","-115","-110","-110","2.3","1.666667","1.952381","1.869565","1.909091","1.909091"
"Basketball","NBA","2026_01_05","NBA_2026_01_05_Houston_Rockets_Phoenix_Suns","2026_04_17","09:10 PM","Houston Rockets","Phoenix Suns","-8.5","+8.5","224.5","-300","+245","-110","-110","-110","-110","1.333333","3.45","1.909091","1.909091","1.909091","1.909091"
"Basketball","NBA","2026_01_05","NBA_2026_01_05_Los_Angeles_Clippers_Golden_State_Warriors","2026_04_17","11:10 PM","Los Angeles Clippers","Golden State Warriors","+4.5","-4.5","225.5","-120","+100","-113","-107","-115","-105","1.833333","2","1.884956","1.934579","1.869565","1.952381"
"Basketball","NBA","2026_01_05","NBA_2026_01_05_Oklahoma_City_Thunder_Charlotte_Hornets","2026_04_17","09:10 PM","Oklahoma City Thunder","Charlotte Hornets","-15","+15","233","-1100","+709","-110","-110","-110","-110","1.090909","8.09","1.909091","1.909091","1.909091","1.909091"
"Basketball","NBA","2026_01_05","NBA_2026_01_05_Philadelphia_76ers_Denver_Nuggets","2026_04_17","09:40 PM","Philadelphia 76ers","Denver Nuggets","-10.5","+10.5","229.5","-550","+415","-110","-110","-110","-110","1.181818","5.15","1.909091","1.909091","1.909091","1.909091"
"Basketball","NBA","2026_01_05","NBA_2026_01_05_Portland_Trail_Blazers_Utah_Jazz","2026_04_17","11:10 PM","Portland Trail Blazers","Utah Jazz","-6","+6","244.5","-240","+200","-105","-115","-105","-115","1.416667","3","1.952381","1.869565","1.952381","1.869565"
"Basketball","NBA","2026_01_05","NBA_2026_01_05_Toronto_Raptors_Atlanta_Hawks","2026_04_17","08:40 PM","Toronto Raptors","Atlanta Hawks","-3.5","+3.5","237","-160","+140","-110","-110","-110","-110","1.625","2.4","1.909091","1.909091","1.909091","1.909091"
"Basketball","NBA","2026_01_06","NBA_2026_01_06_Indiana_Pacers_Cleveland_Cavaliers","2026_04_17","08:10 PM","Indiana Pacers","Cleveland Cavaliers","+8.5","-8.5","236","+183","-215","-110","-110","-110","-110","2.83","1.465116","1.909091","1.909091","1.909091","1.909091"
"Basketball","NBA","2026_01_06","NBA_2026_01_06_Memphis_Grizzlies_San_Antonio_Spurs","2026_04_17","09:10 PM","Memphis Grizzlies","San Antonio Spurs","+5","-5","236","+174","-200","-110","-110","-110","-110","2.74","1.5","1.909091","1.909091","1.909091","1.909091"
"Basketball","NBA","2026_01_06","NBA_2026_01_06_Minnesota_Timberwolves_Miami_Heat","2026_04_17","09:10 PM","Minnesota Timberwolves","Miami Heat","-6","+6","239","-235","+195","-110","-110","-110","-110","1.425532","2.95","1.909091","1.909091","1.909091","1.909091"
"Basketball","NBA","2026_01_06","NBA_2026_01_06_New_Orleans_Pelicans_Los_Angeles_Lakers","2026_04_17","09:10 PM","New Orleans Pelicans","Los Angeles Lakers","+5","-5","242","+177","-205","-110","-110","-110","-110","2.77","1.487805","1.909091","1.909091","1.909091","1.909091"
"Basketball","NBA","2026_01_06","NBA_2026_01_06_Sacramento_Kings_Dallas_Mavericks","2026_04_17","12:12 AM","Sacramento Kings","Dallas Mavericks","+4.5","-4.5","228.5","+177","-205","-110","-110","-110","-110","2.77","1.487805","1.909091","1.909091","1.909091","1.909091"
"Basketball","NBA","2026_01_06","NBA_2026_01_06_Washington_Wizards_Orlando_Magic","2026_04_17","08:10 PM","Washington Wizards","Orlando Magic","+7.5","-7.5","235.5","+215","-260","-110","-110","-110","-110","3.15","1.384615","1.909091","1.909091","1.909091","1.909091"
"Basketball","NBA","2026_01_07","NBA_2026_01_07_Atlanta_Hawks_New_Orleans_Pelicans","2026_04_17","08:40 PM","Atlanta Hawks","New Orleans Pelicans","-9.5","+9.5","241.5","-400","+316","-110","-110","-110","-110","1.25","4.16","1.909091","1.909091","1.909091","1.909091"
"Basketball","NBA","2026_01_07","NBA_2026_01_07_Boston_Celtics_Denver_Nuggets","2026_04_17","08:10 PM","Boston Celtics","Denver Nuggets","-9.5","+9.5","230","-375","+299","-105","-115","-110","-110","1.266667","3.99","1.952381","1.869565","1.909091","1.909091"
"Basketball","NBA","2026_01_07","NBA_2026_01_07_Brooklyn_Nets_Orlando_Magic","2026_04_17","08:40 PM","Brooklyn Nets","Orlando Magic","+1.5","-1.5","224.5","+102","-122","-115","-105","-110","-110","2.02","1.819672","1.869565","1.952381","1.909091","1.909091"
"Basketball","NBA","2026_01_07","NBA_2026_01_07_Charlotte_Hornets_Toronto_Raptors","2026_04_17","08:10 PM","Charlotte Hornets","Toronto Raptors","+2","-2","232","+115","-135","-110","-110","-105","-115","2.15","1.740741","1.909091","1.909091","1.952381","1.869565"
"Basketball","NBA","2026_01_07","NBA_2026_01_07_Detroit_Pistons_Chicago_Bulls","2026_04_17","08:10 PM","Detroit Pistons","Chicago Bulls","-8.5","+8.5","236","-450","+350","-105","-115","-110","-110","1.222222","4.5","1.952381","1.869565","1.909091","1.909091"
"Basketball","NBA","2026_01_07","NBA_2026_01_07_Golden_State_Warriors_Milwaukee_Bucks","2026_04_17","11:10 PM","Golden State Warriors","Milwaukee Bucks","-5","+5","228.5","-220","+186","-110","-110","-110","-110","1.454545","2.86","1.909091","1.909091","1.909091","1.909091"
"Basketball","NBA","2026_01_07","NBA_2026_01_07_Memphis_Grizzlies_Phoenix_Suns","2026_04_17","09:10 PM","Memphis Grizzlies","Phoenix Suns","+4","-4","227.5","+165","-190","-110","-110","-110","-110","2.65","1.526316","1.909091","1.909091","1.909091","1.909091"
"Basketball","NBA","2026_01_07","NBA_2026_01_07_New_York_Knicks_Los_Angeles_Clippers","2026_04_17","08:40 PM","New York Knicks","Los Angeles Clippers","-5.5","+5.5","224.5","-220","+186","-115","-105","-110","-110","1.454545","2.86","1.869565","1.952381","1.909091","1.909091"
"Basketball","NBA","2026_01_07","NBA_2026_01_07_Oklahoma_City_Thunder_Utah_Jazz","2026_04_17","09:10 PM","Oklahoma City Thunder","Utah Jazz","-17","+17","238.5","-1500","+874","-110","-110","-110","-110","1.066667","9.74","1.909091","1.909091","1.909091","1.909091"
"Basketball","NBA","2026_01_07","NBA_2026_01_07_Philadelphia_76ers_Washington_Wizards","2026_04_17","08:10 PM","Philadelphia 76ers","Washington Wizards","-11.5","+11.5","234","-560","+421","-110","-110","-110","-110","1.178571","5.21","1.909091","1.909091","1.909091","1.909091"
"Basketball","NBA","2026_01_07","NBA_2026_01_07_Portland_Trail_Blazers_Houston_Rockets","2026_04_17","11:10 PM","Portland Trail Blazers","Houston Rockets","+6","-6","229","+200","-240","-110","-110","-110","-110","3","1.416667","1.909091","1.909091","1.909091","1.909091"
"Basketball","NBA","2026_01_07","NBA_2026_01_07_San_Antonio_Spurs_Los_Angeles_Lakers","2026_04_17","10:43 PM","San Antonio Spurs","Los Angeles Lakers","-7.5","+7.5","233.5","-270","+222","-110","-110","-110","-110","1.37037","3.22","1.909091","1.909091","1.909091","1.909091"
"Basketball","NBA","2026_01_08","NBA_2026_01_08_Charlotte_Hornets_Indiana_Pacers","2026_04_17","08:10 PM","Charlotte Hornets","Indiana Pacers","-3.5","+3.5","234.5","-165","+145","-110","-110","-110","-110","1.606061","2.45","1.909091","1.909091","1.909091","1.909091"
"Basketball","NBA","2026_01_08","NBA_2026_01_08_Minnesota_Timberwolves_Cleveland_Cavaliers","2026_04_17","09:10 PM","Minnesota Timberwolves","Cleveland Cavaliers","-4","+4","238","-150","+130","-110","-110","-110","-110","1.666667","2.3","1.909091","1.909091","1.909091","1.909091"
"Basketball","NBA","2026_01_08","NBA_2026_01_08_Utah_Jazz_Dallas_Mavericks","2026_04_17","10:10 PM","Utah Jazz","Dallas Mavericks","+6.5","-6.5","241.5","+200","-240","-110","-110","-110","-110","3","1.416667","1.909091","1.909091","1.909091","1.909091"
"Basketball","NBA","2026_01_09","NBA_2026_01_09_Boston_Celtics_Toronto_Raptors","2026_04_17","08:10 PM","Boston Celtics","Toronto Raptors","-8.5","+8.5","224","-325","+263","-110","-110","-110","-110","1.307692","3.63","1.909091","1.909091","1.909091","1.909091"
"Basketball","NBA","2026_01_09","NBA_2026_01_09_Brooklyn_Nets_Los_Angeles_Clippers","2026_04_17","08:40 PM","Brooklyn Nets","Los Angeles Clippers","+5.5","-5.5","217.5","+130","-150","-110","-110","-110","-110","2.3","1.666667","1.909091","1.909091","1.909091","1.909091"
"Basketball","NBA","2026_01_09","NBA_2026_01_09_Denver_Nuggets_Atlanta_Hawks","2026_04_17","10:10 PM","Denver Nuggets","Atlanta Hawks","-1.5","+1.5","238","-127","+107","-115","-105","-110","-110","1.787402","2.07","1.869565","1.952381","1.909091","1.909091"
"Basketball","NBA","2026_01_09","NBA_2026_01_09_Golden_State_Warriors_Sacramento_Kings","2026_04_17","11:10 PM","Golden State Warriors","Sacramento Kings","-12","+12","228","-650","+476","-110","-110","-110","-110","1.153846","5.76","1.909091","1.909091","1.909091","1.909091"
"Basketball","NBA","2026_01_09","NBA_2026_01_09_Los_Angeles_Lakers_Milwaukee_Bucks","2026_04_17","11:40 PM","Los Angeles Lakers","Milwaukee Bucks","-3","+3","232","-150","+130","-105","-115","-110","-110","1.666667","2.3","1.952381","1.869565","1.909091","1.909091"
"Basketball","NBA","2026_01_09","NBA_2026_01_09_Memphis_Grizzlies_Oklahoma_City_Thunder","2026_04_17","09:10 PM","Memphis Grizzlies","Oklahoma City Thunder","+4.5","-4.5","231.5","+157","-180","-110","-110","-110","-110","2.57","1.555556","1.909091","1.909091","1.909091","1.909091"
"Basketball","NBA","2026_01_09","NBA_2026_01_09_Orlando_Magic_Philadelphia_76ers","2026_04_17","08:10 PM","Orlando Magic","Philadelphia 76ers","+1.5","-1.5","227","+110","-130","-110","-110","-110","-110","2.1","1.769231","1.909091","1.909091","1.909091","1.909091"
"Basketball","NBA","2026_01_09","NBA_2026_01_09_Phoenix_Suns_New_York_Knicks","2026_04_17","10:10 PM","Phoenix Suns","New York Knicks","+2","-2","230","+105","-125","-110","-108","-110","-110","2.05","1.8","1.909091","1.925926","1.909091","1.909091"
"Basketball","NBA","2026_01_09","NBA_2026_01_09_Portland_Trail_Blazers_Houston_Rockets","2026_04_17","11:10 PM","Portland Trail Blazers","Houston Rockets","+5.5","-5.5","219","+195","-235","-110","-110","-110","-110","2.95","1.425532","1.909091","1.909091","1.909091","1.909091"
"Basketball","NBA","2026_01_09","NBA_2026_01_09_Washington_Wizards_New_Orleans_Pelicans","2026_04_17","08:10 PM","Washington Wizards","New Orleans Pelicans","+2","-2","239","+110","-130","-110","-110","-110","-110","2.1","1.769231","1.909091","1.909091","1.909091","1.909091"
"Basketball","NBA","2026_01_10","NBA_2026_01_10_Boston_Celtics_San_Antonio_Spurs","2026_04_17","09:10 PM","Boston Celtics","San Antonio Spurs","+1","-1","231.5","-105","-115","-110","-110","-110","-110","1.952381","1.869565","1.909091","1.909091","1.909091","1.909091"
"Basketball","NBA","2026_01_10","NBA_2026_01_10_Chicago_Bulls_Dallas_Mavericks","2026_04_17","09:10 PM","Chicago Bulls","Dallas Mavericks","-4.5","+4.5","233","-150","+130","-110","-110","-110","-110","1.666667","2.3","1.909091","1.909091","1.909091","1.909091"
"Basketball","NBA","2026_01_10","NBA_2026_01_10_Cleveland_Cavaliers_Minnesota_Timberwolves","2026_04_17","02:10 PM","Cleveland Cavaliers","Minnesota Timberwolves","-2.5","+2.5","241.5","-165","+145","-110","-110","-110","-110","1.606061","2.45","1.909091","1.909091","1.909091","1.909091"
"Basketball","NBA","2026_01_10","NBA_2026_01_10_Detroit_Pistons_Los_Angeles_Clippers","2026_04_17","08:40 PM","Detroit Pistons","Los Angeles Clippers","-6.5","+6.5","219","-300","+245","-110","-110","-110","-110","1.333333","3.45","1.909091","1.909091","1.909091","1.909091"
"Basketball","NBA","2026_01_10","NBA_2026_01_10_Indiana_Pacers_Miami_Heat","2026_04_17","08:10 PM","Indiana Pacers","Miami Heat","+7","-7","236","+245","-300","-110","-110","-110","-110","3.45","1.333333","1.909091","1.909091","1.909091","1.909091"
"Basketball","NBA","2026_01_10","NBA_2026_01_10_Utah_Jazz_Charlotte_Hornets","2026_04_17","10:40 PM","Utah Jazz","Charlotte Hornets","+1.5","-1.5","245","+170","-195","-110","-110","-110","-110","2.7","1.512821","1.909091","1.909091","1.909091","1.909091"
"Basketball","NBA","2026_01_11","NBA_2026_01_11_Denver_Nuggets_Milwaukee_Bucks","2026_04_17","09:10 PM","Denver Nuggets","Milwaukee Bucks","+2","-2","223.5","+105","-125","-110","-110","-110","-110","2.05","1.8","1.909091","1.909091","1.909091","1.909091"
"Basketball","NBA","2026_01_11","NBA_2026_01_11_Golden_State_Warriors_Atlanta_Hawks","2026_04_17","09:40 PM","Golden State Warriors","Atlanta Hawks","-6","+6","235","-225","+189","-110","-110","-115","-105","1.444444","2.89","1.909091","1.909091","1.869565","1.952381"
"Basketball","NBA","2026_01_11","NBA_2026_01_11_Memphis_Grizzlies_Brooklyn_Nets","2026_04_17","04:40 PM","Memphis Grizzlies","Brooklyn Nets","-6.5","+6.5","223","-250","+207","-110","-110","-110","-110","1.4","3.07","1.909091","1.909091","1.909091","1.909091"
"Basketball","NBA","2026_01_11","NBA_2026_01_11_Minnesota_Timberwolves_San_Antonio_Spurs","2026_04_17","08:10 PM","Minnesota Timberwolves","San Antonio Spurs","-3","+3","235","-140","+120","-110","-110","-110","-110","1.714286","2.2","1.909091","1.909091","1.909091","1.909091"
"Basketball","NBA","2026_01_11","NBA_2026_01_11_Oklahoma_City_Thunder_Miami_Heat","2026_04_17","08:10 PM","Oklahoma City Thunder","Miami Heat","-14","+14","233","-850","+586","-110","-110","-110","-110","1.117647","6.86","1.909091","1.909091","1.909091","1.909091"
"Basketball","NBA","2026_01_11","NBA_2026_01_11_Orlando_Magic_New_Orleans_Pelicans","2026_04_17","04:10 PM","Orlando Magic","New Orleans Pelicans","-6.5","+6.5","235","-245","+203","-110","-110","-110","-110","1.408163","3.03","1.909091","1.909091","1.909091","1.909091"
"Basketball","NBA","2026_01_11","NBA_2026_01_11_Phoenix_Suns_Washington_Wizards","2026_04_17","09:10 PM","Phoenix Suns","Washington Wizards","-14","+14","233","-850","+586","-110","-110","-110","-110","1.117647","6.86","1.909091","1.909091","1.909091","1.909091"
"Basketball","NBA","2026_01_11","NBA_2026_01_11_Portland_Trail_Blazers_New_York_Knicks","2026_04_17","07:10 PM","Portland Trail Blazers","New York Knicks","+6","-6","232","+153","-175","-110","-110","-110","-110","2.53","1.571429","1.909091","1.909091","1.909091","1.909091"
"Basketball","NBA","2026_01_11","NBA_2026_01_11_Sacramento_Kings_Houston_Rockets","2026_04_17","10:10 PM","Sacramento Kings","Houston Rockets","+12.5","-12.5","223","+520","-725","-110","-110","-110","-110","6.2","1.137931","1.909091","1.909091","1.909091","1.909091"
"Basketball","NBA","2026_01_11","NBA_2026_01_11_Toronto_Raptors_Philadelphia_76ers","2026_04_17","07:10 PM","Toronto Raptors","Philadelphia 76ers","+4","-4","223.5","+145","-165","-110","-110","-110","-110","2.45","1.606061","1.909091","1.909091","1.909091","1.909091"
"Basketball","NBA","2026_01_12","NBA_2026_01_12_Cleveland_Cavaliers_Utah_Jazz","2026_04_17","08:10 PM","Cleveland Cavaliers","Utah Jazz","-12","+12","246.5","-775","+546","-110","-110","-110","-110","1.129032","6.46","1.909091","1.909091","1.909091","1.909091"
"Basketball","NBA","2026_01_12","NBA_2026_01_12_Dallas_Mavericks_Brooklyn_Nets","2026_04_17","09:40 PM","Dallas Mavericks","Brooklyn Nets","-4","+4","220.5","-170","+149","-110","-110","-110","-110","1.588235","2.49","1.909091","1.909091","1.909091","1.909091"
"Basketball","NBA","2026_01_12","NBA_2026_01_12_Indiana_Pacers_Boston_Celtics","2026_04_17","08:40 PM","Indiana Pacers","Boston Celtics","+7.5","-7.5","226.5","+189","-225","-110","-110","-110","-110","2.89","1.444444","1.909091","1.909091","1.909091","1.909091"
"Basketball","NBA","2026_01_12","NBA_2026_01_12_Los_Angeles_Clippers_Charlotte_Hornets","2026_04_17","11:40 PM","Los Angeles Clippers","Charlotte Hornets","-4","+4","228","-190","+165","-110","-110","-110","-110","1.526316","2.65","1.909091","1.909091","1.909091","1.909091"
"Basketball","NBA","2026_01_12","NBA_2026_01_12_Sacramento_Kings_Los_Angeles_Lakers","2026_04_17","11:10 PM","Sacramento Kings","Los Angeles Lakers","+9","-9","230","+334","-425","-115","-105","-110","-110","4.34","1.235294","1.869565","1.952381","1.909091","1.909091"
"Basketball","NBA","2026_01_12","NBA_2026_01_12_Toronto_Raptors_Philadelphia_76ers","2026_04_17","08:40 PM","Toronto Raptors","Philadelphia 76ers","+2.5","-2.5","220.5","+120","-140","-110","-110","-110","-110","2.2","1.714286","1.909091","1.909091","1.909091","1.909091"
"Basketball","NBA","2026_01_13","NBA_2026_01_13_Golden_State_Warriors_Portland_Trail_Blazers","2026_04_17","12:10 AM","Golden State Warriors","Portland Trail Blazers","-9.5","+9.5","225.5","-450","+350","-110","-110","-110","-110","1.222222","4.5","1.909091","1.909091","1.909091","1.909091"
"Basketball","NBA","2026_01_13","NBA_2026_01_13_Houston_Rockets_Chicago_Bulls","2026_04_17","09:10 PM","Houston Rockets","Chicago Bulls","-10.5","+10.5","228.5","-600","+446","-110","-110","-110","-110","1.166667","5.46","1.909091","1.909091","1.909091","1.909091"
"Basketball","NBA","2026_01_13","NBA_2026_01_13_Los_Angeles_Lakers_Atlanta_Hawks","2026_04_17","11:40 PM","Los Angeles Lakers","Atlanta Hawks","-1","+1","233.5","-105","-115","-110","-110","-110","-110","1.952381","1.869565","1.909091","1.909091","1.909091","1.909091"
"Basketball","NBA","2026_01_13","NBA_2026_01_13_Miami_Heat_Phoenix_Suns","2026_04_17","08:40 PM","Miami Heat","Phoenix Suns","-1.5","+1.5","230.5","-108","-112","-114","-105","-110","-110","1.925926","1.892857","1.877193","1.952381","1.909091","1.909091"
"Basketball","NBA","2026_01_13","NBA_2026_01_13_Milwaukee_Bucks_Minnesota_Timberwolves","2026_04_17","09:10 PM","Milwaukee Bucks","Minnesota Timberwolves","+3","-3","230","-142","+122","-110","-110","-105","-115","1.704225","2.22","1.909091","1.909091","1.952381","1.869565"
"Basketball","NBA","2026_01_13","NBA_2026_01_13_New_Orleans_Pelicans_Denver_Nuggets","2026_04_17","09:10 PM","New Orleans Pelicans","Denver Nuggets","+3","-3","234.5","+130","-150","-110","-110","-110","-110","2.3","1.666667","1.909091","1.909091","1.909091","1.909091"
"Basketball","NBA","2026_01_13","NBA_2026_01_13_Oklahoma_City_Thunder_San_Antonio_Spurs","2026_04_17","09:10 PM","Oklahoma City Thunder","San Antonio Spurs","-6.5","+6.5","229.5","-280","+230","-105","-115","-105","-115","1.357143","3.3","1.952381","1.869565","1.952381","1.869565"
"Basketball","NBA","2026_01_14","NBA_2026_01_14_Chicago_Bulls_Utah_Jazz","2026_04_17","09:10 PM","Chicago Bulls","Utah Jazz","-3.5","+3.5","246.5","-135","+115","-110","-110","-110","-110","1.740741","2.15","1.909091","1.909091","1.909091","1.909091"
"Basketball","NBA","2026_01_14","NBA_2026_01_14_Dallas_Mavericks_Denver_Nuggets","2026_04_17","10:40 PM","Dallas Mavericks","Denver Nuggets","-1.5","+1.5","224.5","-120","+100","-107","-113","-110","-110","1.833333","2","1.934579","1.884956","1.909091","1.909091"
"Basketball","NBA","2026_01_14","NBA_2026_01_14_Indiana_Pacers_Toronto_Raptors","2026_04_17","08:10 PM","Indiana Pacers","Toronto Raptors","+3","-3","224.5","+115","-135","-110","-110","-110","-110","2.15","1.740741","1.909091","1.909091","1.909091","1.909091"
"Basketball","NBA","2026_01_14","NBA_2026_01_14_Los_Angeles_Clippers_Washington_Wizards","2026_04_17","11:40 PM","Los Angeles Clippers","Washington Wizards","-13","+13","226","-600","+446","-110","-110","-110","-110","1.166667","5.46","1.909091","1.909091","1.909091","1.909091"
"Basketball","NBA","2026_01_14","NBA_2026_01_14_New_Orleans_Pelicans_Brooklyn_Nets","2026_04_17","09:10 PM","New Orleans Pelicans","Brooklyn Nets","+2","-2","229.5","+110","-130","-110","-110","-110","-110","2.1","1.769231","1.909091","1.909091","1.909091","1.909091"
"Basketball","NBA","2026_01_14","NBA_2026_01_14_Philadelphia_76ers_Cleveland_Cavaliers","2026_04_17","08:10 PM","Philadelphia 76ers","Cleveland Cavaliers","-1.5","+1.5","240","-115","-105","-110","-110","-110","-110","1.869565","1.952381","1.909091","1.909091","1.909091","1.909091"
"Basketball","NBA","2026_01_14","NBA_2026_01_14_Sacramento_Kings_New_York_Knicks","2026_04_17","11:10 PM","Sacramento Kings","New York Knicks","+10.5","-10.5","230","+383","-500","-110","-110","-110","-110","4.83","1.2","1.909091","1.909091","1.909091","1.909091"
"Basketball","NBA","2026_01_15","NBA_2026_01_15_Dallas_Mavericks_Utah_Jazz","2026_04_17","09:40 PM","Dallas Mavericks","Utah Jazz","+1","-1","235","-105","-115","-110","-110","-110","-110","1.952381","1.869565","1.909091","1.909091","1.909091","1.909091"
"Basketball","NBA","2026_01_15","NBA_2026_01_15_Detroit_Pistons_Phoenix_Suns","2026_04_17","08:10 PM","Detroit Pistons","Phoenix Suns","-6.5","+6.5","221","-235","+195","-105","-115","-110","-110","1.425532","2.95","1.952381","1.869565","1.909091","1.909091"
"Basketball","NBA","2026_01_15","NBA_2026_01_15_Golden_State_Warriors_New_York_Knicks","2026_04_17","11:10 PM","Golden State Warriors","New York Knicks","-2.5","+2.5","233","-155","+135","-110","-110","-110","-110","1.645161","2.35","1.909091","1.909091","1.909091","1.909091"
"Basketball","NBA","2026_01_15","NBA_2026_01_15_Houston_Rockets_Oklahoma_City_Thunder","2026_04_17","08:40 PM","Houston Rockets","Oklahoma City Thunder","+5","-5","224","+161","-185","-105","-115","-110","-110","2.61","1.540541","1.952381","1.869565","1.909091","1.909091"
"Basketball","NBA","2026_01_15","NBA_2026_01_15_Los_Angeles_Lakers_Charlotte_Hornets","2026_04_17","11:40 PM","Los Angeles Lakers","Charlotte Hornets","-4","+4","233.5","-200","+174","-110","-110","-110","-110","1.5","2.74","1.909091","1.909091","1.909091","1.909091"
"Basketball","NBA","2026_01_15","NBA_2026_01_15_Miami_Heat_Boston_Celtics","2026_04_17","08:40 PM","Miami Heat","Boston Celtics","+1.5","-1.5","233","+105","-125","-110","-110","-110","-110","2.05","1.8","1.909091","1.909091","1.909091","1.909091"
"Basketball","NBA","2026_01_15","NBA_2026_01_15_Orlando_Magic_Memphis_Grizzlies","2026_04_17","03:10 PM","Orlando Magic","Memphis Grizzlies","-5","+5","230","-200","+174","-110","-110","-110","-110","1.5","2.74","1.909091","1.909091","1.909091","1.909091"
"Basketball","NBA","2026_01_15","NBA_2026_01_15_Portland_Trail_Blazers_Atlanta_Hawks","2026_04_17","11:10 PM","Portland Trail Blazers","Atlanta Hawks","+4","-4","229","+157","-180","-110","-110","-110","-110","2.57","1.555556","1.909091","1.909091","1.909091","1.909091"
"Basketball","NBA","2026_01_15","NBA_2026_01_15_San_Antonio_Spurs_Milwaukee_Bucks","2026_04_17","09:10 PM","San Antonio Spurs","Milwaukee Bucks","-7","+7","228","-290","+237","-110","-110","-105","-115","1.344828","3.37","1.909091","1.909091","1.952381","1.869565"
"Basketball","NBA","2026_01_16","NBA_2026_01_16_Brooklyn_Nets_Chicago_Bulls","2026_04_17","08:40 PM","Brooklyn Nets","Chicago Bulls","+1","-1","228.5","-115","-105","-110","-110","-110","-110","1.869565","1.952381","1.909091","1.909091","1.909091","1.909091"
"Basketball","NBA","2026_01_16","NBA_2026_01_16_Houston_Rockets_Minnesota_Timberwolves","2026_04_17","10:40 PM","Houston Rockets","Minnesota Timberwolves","-4","+4","224","-155","+135","-110","-110","-110","-110","1.645161","2.35","1.909091","1.909091","1.909091","1.909091"
"Basketball","NBA","2026_01_16","NBA_2026_01_16_Indiana_Pacers_New_Orleans_Pelicans","2026_04_17","08:10 PM","Indiana Pacers","New Orleans Pelicans","-3","+3","236","-135","+115","-110","-110","-110","-110","1.740741","2.15","1.909091","1.909091","1.909091","1.909091"
"Basketball","NBA","2026_01_16","NBA_2026_01_16_Philadelphia_76ers_Cleveland_Cavaliers","2026_04_17","08:10 PM","Philadelphia 76ers","Cleveland Cavaliers","-1.5","+1.5","236","-120","+100","-110","-110","-110","-110","1.833333","2","1.909091","1.909091","1.909091","1.909091"
"Basketball","NBA","2026_01_16","NBA_2026_01_16_Sacramento_Kings_Washington_Wizards","2026_04_17","11:10 PM","Sacramento Kings","Washington Wizards","-6.5","+6.5","230","-245","+203","-110","-110","-110","-110","1.408163","3.03","1.909091","1.909091","1.909091","1.909091"
"Basketball","NBA","2026_01_16","NBA_2026_01_16_Toronto_Raptors_Los_Angeles_Clippers","2026_04_17","08:40 PM","Toronto Raptors","Los Angeles Clippers","+2","-2","216","+110","-130","-110","-110","-110","-110","2.1","1.769231","1.909091","1.909091","1.909091","1.909091"
"Basketball","NBA","2026_01_17","NBA_2026_01_17_Atlanta_Hawks_Boston_Celtics","2026_04_17","08:40 PM","Atlanta Hawks","Boston Celtics","+4","-4","230.5","+135","-155","-110","-110","-110","-110","2.35","1.645161","1.909091","1.909091","1.909091","1.909091"
"Basketball","NBA","2026_01_17","NBA_2026_01_17_Dallas_Mavericks_Utah_Jazz","2026_04_17","06:10 PM","Dallas Mavericks","Utah Jazz","-3.5","+3.5","241.5","-175","+153","-110","-110","-110","-110","1.571429","2.53","1.909091","1.909091","1.909091","1.909091"
"Basketball","NBA","2026_01_17","NBA_2026_01_17_Denver_Nuggets_Washington_Wizards","2026_04_17","10:10 PM","Denver Nuggets","Washington Wizards","-12.5","+12.5","231.5","-600","+446","-110","-110","-110","-110","1.166667","5.46","1.909091","1.909091","1.909091","1.909091"
"Basketball","NBA","2026_01_17","NBA_2026_01_17_Detroit_Pistons_Indiana_Pacers","2026_04_17","08:40 PM","Detroit Pistons","Indiana Pacers","-13","+13","228.5","-700","+505","-110","-110","-110","-110","1.142857","6.05","1.909091","1.909091","1.909091","1.909091"
"Basketball","NBA","2026_01_17","NBA_2026_01_17_Golden_State_Warriors_Charlotte_Hornets","2026_04_17","09:40 PM","Golden State Warriors","Charlotte Hornets","-5.5","+5.5","236","-235","+195","-110","-110","-110","-110","1.425532","2.95","1.909091","1.909091","1.909091","1.909091"
"Basketball","NBA","2026_01_17","NBA_2026_01_17_Miami_Heat_Oklahoma_City_Thunder","2026_04_17","09:10 PM","Miami Heat","Oklahoma City Thunder","+8","-8","235.5","+274","-340","-110","-110","-110","-110","3.74","1.294118","1.909091","1.909091","1.909091","1.909091"
"Basketball","NBA","2026_01_17","NBA_2026_01_17_New_York_Knicks_Phoenix_Suns","2026_04_17","08:40 PM","New York Knicks","Phoenix Suns","-3.5","+3.5","223.5","-165","+145","-110","-110","-110","-110","1.606061","2.45","1.909091","1.909091","1.909091","1.909091"
"Basketball","NBA","2026_01_17","NBA_2026_01_17_Portland_Trail_Blazers_Los_Angeles_Lakers","2026_04_17","11:10 PM","Portland Trail Blazers","Los Angeles Lakers","-2.5","+2.5","224.5","-145","+125","-110","-110","-110","-110","1.689655","2.25","1.909091","1.909091","1.909091","1.909091"
"Basketball","NBA","2026_01_17","NBA_2026_01_17_San_Antonio_Spurs_Minnesota_Timberwolves","2026_04_17","09:10 PM","San Antonio Spurs","Minnesota Timberwolves","-6.5","+6.5","229.5","-240","+200","-110","-110","-110","-110","1.416667","3","1.909091","1.909091","1.909091","1.909091"
"Basketball","NBA","2026_01_18","NBA_2026_01_18_Chicago_Bulls_Brooklyn_Nets","2026_04_17","08:10 PM","Chicago Bulls","Brooklyn Nets","-3.5","+3.5","225","-240","+200","-110","-110","-110","-110","1.416667","3","1.909091","1.909091","1.909091","1.909091"
"Basketball","NBA","2026_01_18","NBA_2026_01_18_Denver_Nuggets_Charlotte_Hornets","2026_04_17","09:10 PM","Denver Nuggets","Charlotte Hornets","-3","+3","231.5","-145","+125","-110","-110","-110","-110","1.689655","2.25","1.909091","1.909091","1.909091","1.909091"
"Basketball","NBA","2026_01_18","NBA_2026_01_18_Houston_Rockets_New_Orleans_Pelicans","2026_04_17","08:10 PM","Houston Rockets","New Orleans Pelicans","-12.5","+12.5","231.5","-675","+491","-110","-110","-105","-115","1.148148","5.91","1.909091","1.909091","1.952381","1.869565"
"Basketball","NBA","2026_01_18","NBA_2026_01_18_Los_Angeles_Lakers_Toronto_Raptors","2026_04_17","10:40 PM","Los Angeles Lakers","Toronto Raptors","-1.5","+1.5","226.5","-122","+102","-110","-110","-110","-110","1.819672","2.02","1.909091","1.909091","1.909091","1.909091"
"Basketball","NBA","2026_01_18","NBA_2026_01_18_Memphis_Grizzlies_Orlando_Magic","2026_04_17","01:10 PM","Memphis Grizzlies","Orlando Magic","+3.5","-3.5","231","+147","-167","-110","-110","-115","-105","2.47","1.598802","1.909091","1.909091","1.869565","1.952381"
"Basketball","NBA","2026_01_18","NBA_2026_01_18_Sacramento_Kings_Portland_Trail_Blazers","2026_04_17","10:10 PM","Sacramento Kings","Portland Trail Blazers","-2","+2","230","-125","+105","-110","-110","-110","-110","1.8","2.05","1.909091","1.909091","1.909091","1.909091"
"Basketball","NBA","2026_01_19","NBA_2026_01_19_Atlanta_Hawks_Milwaukee_Bucks","2026_04_17","02:10 PM","Atlanta Hawks","Milwaukee Bucks","-3","+3","230","-135","+115","-110","-110","-110","-110","1.740741","2.15","1.909091","1.909091","1.909091","1.909091"
"Basketball","NBA","2026_01_19","NBA_2026_01_19_Brooklyn_Nets_Phoenix_Suns","2026_04_17","08:40 PM","Brooklyn Nets","Phoenix Suns","+6.5","-6.5","217.5","+237","-290","-110","-110","-110","-110","3.37","1.344828","1.909091","1.909091","1.909091","1.909091"
"Basketball","NBA","2026_01_19","NBA_2026_01_19_Cleveland_Cavaliers_Oklahoma_City_Thunder","2026_04_17","03:40 PM","Cleveland Cavaliers","Oklahoma City Thunder","+6","-6","234.5","+200","-240","-110","-110","-110","-110","3","1.416667","1.909091","1.909091","1.909091","1.909091"
"Basketball","NBA","2026_01_19","NBA_2026_01_19_Detroit_Pistons_Boston_Celtics","2026_04_17","09:12 PM","Detroit Pistons","Boston Celtics","-4.5","+4.5","225","-145","+125","-110","-110","-110","-110","1.689655","2.25","1.909091","1.909091","1.909091","1.909091"
"Basketball","NBA","2026_01_19","NBA_2026_01_19_Golden_State_Warriors_Miami_Heat","2026_04_17","11:10 PM","Golden State Warriors","Miami Heat","-6.5","+6.5","238","-245","+203","-110","-110","-110","-110","1.408163","3.03","1.909091","1.909091","1.909091","1.909091"
"Basketball","NBA","2026_01_19","NBA_2026_01_19_New_York_Knicks_Dallas_Mavericks","2026_04_17","06:10 PM","New York Knicks","Dallas Mavericks","-10.5","+10.5","230.5","-420","+330","-110","-110","-110","-110","1.238095","4.3","1.909091","1.909091","1.909091","1.909091"
"Basketball","NBA","2026_01_19","NBA_2026_01_19_Philadelphia_76ers_Indiana_Pacers","2026_04_17","08:10 PM","Philadelphia 76ers","Indiana Pacers","-10","+10","226.5","-330","+267","-110","-110","-110","-110","1.30303","3.67","1.909091","1.909091","1.909091","1.909091"
"Basketball","NBA","2026_01_19","NBA_2026_01_19_San_Antonio_Spurs_Utah_Jazz","2026_04_17","06:10 PM","San Antonio Spurs","Utah Jazz","-15.5","+15.5","241","-1300","+795","-110","-110","-110","-110","1.076923","8.95","1.909091","1.909091","1.909091","1.909091"
"Basketball","NBA","2026_01_19","NBA_2026_01_19_Washington_Wizards_Los_Angeles_Clippers","2026_04_17","04:10 PM","Washington Wizards","Los Angeles Clippers","+6","-6","223.5","+222","-270","-110","-110","-110","-110","3.22","1.37037","1.909091","1.909091","1.909091","1.909091"
"Basketball","NBA","2026_01_20","NBA_2026_01_20_Chicago_Bulls_Los_Angeles_Clippers","2026_04_17","09:10 PM","Chicago Bulls","Los Angeles Clippers","-2","+2","227","-145","+125","-110","-110","-110","-110","1.689655","2.25","1.909091","1.909091","1.909091","1.909091"
"Basketball","NBA","2026_01_20","NBA_2026_01_20_Denver_Nuggets_Los_Angeles_Lakers","2026_04_17","11:10 PM","Denver Nuggets","Los Angeles Lakers","+1","-1","228.5","+100","-120","-110","-110","-110","-110","2","1.833333","1.909091","1.909091","1.909091","1.909091"
"Basketball","NBA","2026_01_20","NBA_2026_01_20_Golden_State_Warriors_Toronto_Raptors","2026_04_17","11:10 PM","Golden State Warriors","Toronto Raptors","-5.5","+5.5","227.5","-220","+186","-110","-110","-110","-110","1.454545","2.86","1.909091","1.909091","1.909091","1.909091"
"Basketball","NBA","2026_01_20","NBA_2026_01_20_Houston_Rockets_San_Antonio_Spurs","2026_04_17","09:10 PM","Houston Rockets","San Antonio Spurs","-5.5","+5.5","225.5","-165","+145","-110","-110","-110","-110","1.606061","2.45","1.909091","1.909091","1.909091","1.909091"
"Basketball","NBA","2026_01_20","NBA_2026_01_20_Philadelphia_76ers_Phoenix_Suns","2026_04_17","08:10 PM","Philadelphia 76ers","Phoenix Suns","-1","+1","224","-115","-105","-110","-110","-110","-110","1.869565","1.952381","1.909091","1.909091","1.909091","1.909091"
"Basketball","NBA","2026_01_20","NBA_2026_01_20_Sacramento_Kings_Miami_Heat","2026_04_17","11:10 PM","Sacramento Kings","Miami Heat","+4","-4","236.5","+115","-135","-110","-110","-110","-110","2.15","1.740741","1.909091","1.909091","1.909091","1.909091"
"Basketball","NBA","2026_01_20","NBA_2026_01_20_Utah_Jazz_Minnesota_Timberwolves","2026_04_17","10:10 PM","Utah Jazz","Minnesota Timberwolves","+11","-11","244","+383","-500","-110","-110","-110","-110","4.83","1.2","1.909091","1.909091","1.909091","1.909091"
"Basketball","NBA","2026_01_21","NBA_2026_01_21_Boston_Celtics_Indiana_Pacers","2026_04_17","08:40 PM","Boston Celtics","Indiana Pacers","-11.5","+11.5","226.5","-525","+400","-110","-110","-110","-110","1.190476","5","1.909091","1.909091","1.909091","1.909091"
"Basketball","NBA","2026_01_21","NBA_2026_01_21_Charlotte_Hornets_Cleveland_Cavaliers","2026_04_17","08:10 PM","Charlotte Hornets","Cleveland Cavaliers","+3.5","-3.5","236","+120","-140","-110","-110","-110","-110","2.2","1.714286","1.909091","1.909091","1.909091","1.909091"
"Basketball","NBA","2026_01_21","NBA_2026_01_21_Memphis_Grizzlies_Atlanta_Hawks","2026_04_17","09:10 PM","Memphis Grizzlies","Atlanta Hawks","-2","+2","234","-140","+120","-110","-110","-110","-110","1.714286","2.2","1.909091","1.909091","1.909091","1.909091"
"Basketball","NBA","2026_01_21","NBA_2026_01_21_Milwaukee_Bucks_Oklahoma_City_Thunder","2026_04_17","10:50 PM","Milwaukee Bucks","Oklahoma City Thunder","+9","-9","225.5","+340","-435","-110","-110","-105","-115","4.4","1.229885","1.909091","1.909091","1.952381","1.869565"
"Basketball","NBA","2026_01_21","NBA_2026_01_21_New_Orleans_Pelicans_Detroit_Pistons","2026_04_17","09:10 PM","New Orleans Pelicans","Detroit Pistons","+7.5","-7.5","237.5","+334","-425","-110","-110","-110","-110","4.34","1.235294","1.909091","1.909091","1.909091","1.909091"
"Basketball","NBA","2026_01_21","NBA_2026_01_21_New_York_Knicks_Brooklyn_Nets","2026_04_17","08:40 PM","New York Knicks","Brooklyn Nets","-11","+11","226","-550","+415","-110","-110","-110","-110","1.181818","5.15","1.909091","1.909091","1.909091","1.909091"
"Basketball","NBA","2026_01_21","NBA_2026_01_21_Sacramento_Kings_Toronto_Raptors","2026_04_17","11:10 PM","Sacramento Kings","Toronto Raptors","+4","-4","223","+165","-190","-110","-110","-110","-110","2.65","1.526316","1.909091","1.909091","1.909091","1.909091"
"Basketball","NBA","2026_01_22","NBA_2026_01_22_Dallas_Mavericks_Golden_State_Warriors","2026_04_17","08:40 PM","Dallas Mavericks","Golden State Warriors","+4","-4","232","+149","-170","-110","-110","-110","-110","2.49","1.588235","1.909091","1.909091","1.909091","1.909091"
"Basketball","NBA","2026_01_22","NBA_2026_01_22_Los_Angeles_Clippers_Los_Angeles_Lakers","2026_04_17","11:10 PM","Los Angeles Clippers","Los Angeles Lakers","-2.5","+2.5","225","-115","-105","-110","-110","-110","-110","1.869565","1.952381","1.909091","1.909091","1.909091","1.909091"
"Basketball","NBA","2026_01_22","NBA_2026_01_22_Minnesota_Timberwolves_Chicago_Bulls","2026_04_17","09:10 PM","Minnesota Timberwolves","Chicago Bulls","-9.5","+9.5","238","-400","+316","-110","-110","-110","-110","1.25","4.16","1.909091","1.909091","1.909091","1.909091"
"Basketball","NBA","2026_01_22","NBA_2026_01_22_Orlando_Magic_Charlotte_Hornets","2026_04_17","08:10 PM","Orlando Magic","Charlotte Hornets","-6.5","+6.5","230","-235","+195","-110","-110","-110","-110","1.425532","2.95","1.909091","1.909091","1.909091","1.909091"
"Basketball","NBA","2026_01_22","NBA_2026_01_22_Philadelphia_76ers_Houston_Rockets","2026_04_17","08:10 PM","Philadelphia 76ers","Houston Rockets","+3","-3","222","+108","-128","-110","-110","-110","-110","2.08","1.78125","1.909091","1.909091","1.909091","1.909091"
"Basketball","NBA","2026_01_22","NBA_2026_01_22_Portland_Trail_Blazers_Miami_Heat","2026_04_17","11:10 PM","Portland Trail Blazers","Miami Heat","+1.5","-1.5","239","-120","+100","-110","-110","-110","-110","1.833333","2","1.909091","1.909091","1.909091","1.909091"
"Basketball","NBA","2026_01_22","NBA_2026_01_22_Utah_Jazz_San_Antonio_Spurs","2026_04_17","10:10 PM","Utah Jazz","San Antonio Spurs","+13","-13","238.5","+561","-800","-110","-110","-110","-110","6.61","1.125","1.909091","1.909091","1.909091","1.909091"
"Basketball","NBA","2026_01_22","NBA_2026_01_22_Washington_Wizards_Denver_Nuggets","2026_04_17","08:10 PM","Washington Wizards","Denver Nuggets","+5.5","-5.5","229","+189","-225","-110","-110","-110","-110","2.89","1.444444","1.909091","1.909091","1.909091","1.909091"
"Basketball","NBA","2026_01_23","NBA_2026_01_23_Atlanta_Hawks_Phoenix_Suns","2026_04_17","08:40 PM","Atlanta Hawks","Phoenix Suns","+3","-3","230","+125","-145","-105","-115","-115","-105","2.25","1.689655","1.952381","1.869565","1.869565","1.952381"
"Basketball","NBA","2026_01_23","NBA_2026_01_23_Brooklyn_Nets_Boston_Celtics","2026_04_17","08:40 PM","Brooklyn Nets","Boston Celtics","+10","-10","216.5","+299","-375","-110","-110","-110","-110","3.99","1.266667","1.909091","1.909091","1.909091","1.909091"
"Basketball","NBA","2026_01_23","NBA_2026_01_23_Cleveland_Cavaliers_Sacramento_Kings","2026_04_17","08:40 PM","Cleveland Cavaliers","Sacramento Kings","-11.5","+11.5","235","-575","+431","-112","-108","-110","-110","1.173913","5.31","1.892857","1.925926","1.909091","1.909091"
"Basketball","NBA","2026_01_23","NBA_2026_01_23_Detroit_Pistons_Houston_Rockets","2026_04_17","08:10 PM","Detroit Pistons","Houston Rockets","-3","+3","218.5","-175","+153","-110","-110","-110","-110","1.571429","2.53","1.909091","1.909091","1.909091","1.909091"
"Basketball","NBA","2026_01_23","NBA_2026_01_23_Memphis_Grizzlies_New_Orleans_Pelicans","2026_04_17","09:10 PM","Memphis Grizzlies","New Orleans Pelicans","-4.5","+4.5","236.5","-180","+157","-110","-110","-110","-110","1.555556","2.57","1.909091","1.909091","1.909091","1.909091"
"Basketball","NBA","2026_01_23","NBA_2026_01_23_Milwaukee_Bucks_Denver_Nuggets","2026_04_17","10:40 PM","Milwaukee Bucks","Denver Nuggets","-5","+5","223","-225","+189","-110","-110","-110","-110","1.444444","2.89","1.909091","1.909091","1.909091","1.909091"
"Basketball","NBA","2026_01_23","NBA_2026_01_23_Oklahoma_City_Thunder_Indiana_Pacers","2026_04_17","09:10 PM","Oklahoma City Thunder","Indiana Pacers","-16","+16","227","-1500","+874","-105","-115","-105","-115","1.066667","9.74","1.952381","1.869565","1.952381","1.869565"
"Basketball","NBA","2026_01_23","NBA_2026_01_23_Portland_Trail_Blazers_Toronto_Raptors","2026_04_17","11:10 PM","Portland Trail Blazers","Toronto Raptors","+3","-3","227","+130","-150","-110","-110","-110","-110","2.3","1.666667","1.909091","1.909091","1.909091","1.909091"
"Basketball","NBA","2026_01_24","NBA_2026_01_24_Charlotte_Hornets_Washington_Wizards","2026_04_17","01:10 PM","Charlotte Hornets","Washington Wizards","-9","+9","232","-510","+390","-110","-110","-110","-110","1.196078","4.9","1.909091","1.909091","1.909091","1.909091"
"Basketball","NBA","2026_01_24","NBA_2026_01_24_Chicago_Bulls_Boston_Celtics","2026_04_17","09:10 PM","Chicago Bulls","Boston Celtics","+3.5","-3.5","232","-115","-105","-110","-110","-110","-110","1.869565","1.952381","1.909091","1.909091","1.909091","1.909091"
"Basketball","NBA","2026_01_24","NBA_2026_01_24_Dallas_Mavericks_Los_Angeles_Lakers","2026_04_17","09:40 PM","Dallas Mavericks","Los Angeles Lakers","+4","-4","236.5","+149","-170","-110","-110","-110","-110","2.49","1.588235","1.909091","1.909091","1.909091","1.909091"
"Basketball","NBA","2026_01_24","NBA_2026_01_24_Orlando_Magic_Cleveland_Cavaliers","2026_04_17","08:10 PM","Orlando Magic","Cleveland Cavaliers","+1","-1","228","-120","+100","-110","-110","-110","-110","1.833333","2","1.909091","1.909091","1.909091","1.909091"
"Basketball","NBA","2026_01_24","NBA_2026_01_24_Philadelphia_76ers_New_York_Knicks","2026_04_17","04:10 PM","Philadelphia 76ers","New York Knicks","-2","+2","231","-107","-113","-110","-110","-110","-110","1.934579","1.884956","1.909091","1.909091","1.909091","1.909091"
"Basketball","NBA","2026_01_24","NBA_2026_01_24_Utah_Jazz_Miami_Heat","2026_04_17","10:40 PM","Utah Jazz","Miami Heat","+7","-7","244.5","+215","-260","-110","-110","-110","-110","3.15","1.384615","1.909091","1.909091","1.909091","1.909091"
"Basketball","NBA","2026_01_25","NBA_2026_01_25_Detroit_Pistons_Sacramento_Kings","2026_04_17","04:10 PM","Detroit Pistons","Sacramento Kings","-12.5","+12.5","227","-800","+561","-110","-110","-110","-110","1.125","6.61","1.909091","1.909091","1.909091","1.909091"
"Basketball","NBA","2026_01_25","NBA_2026_01_25_Los_Angeles_Clippers_Brooklyn_Nets","2026_04_17","10:10 PM","Los Angeles Clippers","Brooklyn Nets","-10.5","+10.5","214","-375","+299","-110","-110","-110","-110","1.266667","3.99","1.909091","1.909091","1.909091","1.909091"
"Basketball","NBA","2026_01_25","NBA_2026_01_25_Minnesota_Timberwolves_Golden_State_Warriors","2026_04_17","06:30 PM","Minnesota Timberwolves","Golden State Warriors","-5","+5","235","-235","+195","-110","-110","-110","-110","1.425532","2.95","1.909091","1.909091","1.909091","1.909091"
"Basketball","NBA","2026_01_25","NBA_2026_01_25_Oklahoma_City_Thunder_Toronto_Raptors","2026_04_17","08:10 PM","Oklahoma City Thunder","Toronto Raptors","-11","+11","224","-650","+476","-105","-115","-110","-110","1.153846","5.76","1.952381","1.869565","1.909091","1.909091"
"Basketball","NBA","2026_01_25","NBA_2026_01_25_Phoenix_Suns_Miami_Heat","2026_04_17","09:10 PM","Phoenix Suns","Miami Heat","-2","+2","229.5","-150","+130","-110","-110","-110","-110","1.666667","2.3","1.909091","1.909091","1.909091","1.909091"
"Basketball","NBA","2026_01_25","NBA_2026_01_25_San_Antonio_Spurs_New_Orleans_Pelicans","2026_04_17","08:10 PM","San Antonio Spurs","New Orleans Pelicans","-12","+12","239","-625","+461","-110","-110","-110","-110","1.16","5.61","1.909091","1.909091","1.909091","1.909091"
"Basketball","NBA","2026_01_26","NBA_2026_01_26_Atlanta_Hawks_Indiana_Pacers","2026_04_17","02:40 PM","Atlanta Hawks","Indiana Pacers","-5","+5","232.5","-190","+165","-110","-110","-110","-110","1.526316","2.65","1.909091","1.909091","1.909091","1.909091"
"Basketball","NBA","2026_01_26","NBA_2026_01_26_Boston_Celtics_Portland_Trail_Blazers","2026_04_17","09:10 PM","Boston Celtics","Portland Trail Blazers","-9","+9","224.5","-360","+289","-110","-110","-110","-110","1.277778","3.89","1.909091","1.909091","1.909091","1.909091"
"Basketball","NBA","2026_01_26","NBA_2026_01_26_Charlotte_Hornets_Philadelphia_76ers","2026_04_17","04:10 PM","Charlotte Hornets","Philadelphia 76ers","-1","+1","229","-155","+135","-110","-110","-105","-115","1.645161","2.35","1.909091","1.909091","1.952381","1.869565"
"Basketball","NBA","2026_01_26","NBA_2026_01_26_Chicago_Bulls_Los_Angeles_Lakers","2026_04_17","09:10 PM","Chicago Bulls","Los Angeles Lakers","+2","-2","232.5","-103","-117","-110","-110","-110","-110","1.970874","1.854701","1.909091","1.909091","1.909091","1.909091"
"Basketball","NBA","2026_01_26","NBA_2026_01_26_Cleveland_Cavaliers_Orlando_Magic","2026_04_17","08:10 PM","Cleveland Cavaliers","Orlando Magic","-5","+5","226","-200","+174","-110","-110","-110","-110","1.5","2.74","1.909091","1.909091","1.909091","1.909091"
"Basketball","NBA","2026_01_26","NBA_2026_01_26_Houston_Rockets_Memphis_Grizzlies","2026_04_17","09:10 PM","Houston Rockets","Memphis Grizzlies","-12","+12","222.5","-500","+383","-110","-110","-115","-105","1.2","4.83","1.909091","1.909091","1.869565","1.952381"
"Basketball","NBA","2026_01_26","NBA_2026_01_26_Minnesota_Timberwolves_Golden_State_Warriors","2026_04_17","10:40 PM","Minnesota Timberwolves","Golden State Warriors","-7","+7","233.5","-300","+245","-110","-110","-110","-110","1.333333","3.45","1.909091","1.909091","1.909091","1.909091"
"Basketball","NBA","2026_01_27","NBA_2026_01_27_Denver_Nuggets_Detroit_Pistons","2026_04_17","10:10 PM","Denver Nuggets","Detroit Pistons","+6","-6","219","+203","-245","-110","-110","-110","-110","3.03","1.408163","1.909091","1.909091","1.909091","1.909091"
"Basketball","NBA","2026_01_27","NBA_2026_01_27_New_York_Knicks_Sacramento_Kings","2026_04_17","08:40 PM","New York Knicks","Sacramento Kings","-13.5","+13.5","230","-700","+505","-110","-110","-110","-110","1.142857","6.05","1.909091","1.909091","1.909091","1.909091"
"Basketball","NBA","2026_01_27","NBA_2026_01_27_Oklahoma_City_Thunder_New_Orleans_Pelicans","2026_04_17","09:10 PM","Oklahoma City Thunder","New Orleans Pelicans","-14.5","+14.5","233","-900","+613","-110","-110","-110","-110","1.111111","7.13","1.909091","1.909091","1.909091","1.909091"
"Basketball","NBA","2026_01_27","NBA_2026_01_27_Philadelphia_76ers_Milwaukee_Bucks","2026_04_17","09:10 PM","Philadelphia 76ers","Milwaukee Bucks","-9","+9","220.5","-400","+316","-110","-110","-110","-110","1.25","4.16","1.909091","1.909091","1.909091","1.909091"
"Basketball","NBA","2026_01_27","NBA_2026_01_27_Phoenix_Suns_Brooklyn_Nets","2026_04_17","10:10 PM","Phoenix Suns","Brooklyn Nets","-9.5","+9.5","211","-380","+303","-110","-110","-110","-110","1.263158","4.03","1.909091","1.909091","1.909091","1.909091"
"Basketball","NBA","2026_01_27","NBA_2026_01_27_Utah_Jazz_Los_Angeles_Clippers","2026_04_17","11:10 PM","Utah Jazz","Los Angeles Clippers","+9.5","-9.5","230","+274","-340","-110","-110","-110","-110","3.74","1.294118","1.909091","1.909091","1.909091","1.909091"
"Basketball","NBA","2026_01_27","NBA_2026_01_27_Washington_Wizards_Portland_Trail_Blazers","2026_04_17","08:10 PM","Washington Wizards","Portland Trail Blazers","+6","-6","231","+230","-280","-110","-110","-110","-110","3.3","1.357143","1.909091","1.909091","1.909091","1.909091"
"Basketball","NBA","2026_01_28","NBA_2026_01_28_Boston_Celtics_Atlanta_Hawks","2026_04_17","08:40 PM","Boston Celtics","Atlanta Hawks","-7.5","+7.5","231","-265","+219","-115","-105","-110","-110","1.377358","3.19","1.869565","1.952381","1.909091","1.909091"
"Basketball","NBA","2026_01_28","NBA_2026_01_28_Cleveland_Cavaliers_Los_Angeles_Lakers","2026_04_17","08:10 PM","Cleveland Cavaliers","Los Angeles Lakers","-2.5","+2.5","235.5","-150","+130","-110","-110","-110","-110","1.666667","2.3","1.909091","1.909091","1.909091","1.909091"
"Basketball","NBA","2026_01_28","NBA_2026_01_28_Dallas_Mavericks_Minnesota_Timberwolves","2026_04_17","09:40 PM","Dallas Mavericks","Minnesota Timberwolves","+7","-7","232","+226","-275","-110","-110","-110","-110","3.26","1.363636","1.909091","1.909091","1.909091","1.909091"
"Basketball","NBA","2026_01_28","NBA_2026_01_28_Houston_Rockets_San_Antonio_Spurs","2026_04_17","10:40 PM","Houston Rockets","San Antonio Spurs","-3","+3","218.5","-145","+125","-105","-115","-105","-115","1.689655","2.25","1.952381","1.869565","1.952381","1.869565"
"Basketball","NBA","2026_01_28","NBA_2026_01_28_Indiana_Pacers_Chicago_Bulls","2026_04_17","08:10 PM","Indiana Pacers","Chicago Bulls","+1","-1","236","+100","-120","-105","-115","-110","-110","2","1.833333","1.952381","1.869565","1.909091","1.909091"
"Basketball","NBA","2026_01_28","NBA_2026_01_28_Memphis_Grizzlies_Charlotte_Hornets","2026_04_17","09:10 PM","Memphis Grizzlies","Charlotte Hornets","+1","-1","232","+110","-130","-105","-115","-105","-115","2.1","1.769231","1.952381","1.869565","1.952381","1.869565"
"Basketball","NBA","2026_01_28","NBA_2026_01_28_Miami_Heat_Orlando_Magic","2026_04_17","08:40 PM","Miami Heat","Orlando Magic","-3","+3","229.5","-145","+125","-110","-110","-110","-110","1.689655","2.25","1.909091","1.909091","1.909091","1.909091"
"Basketball","NBA","2026_01_28","NBA_2026_01_28_Toronto_Raptors_New_York_Knicks","2026_04_17","08:40 PM","Toronto Raptors","New York Knicks","-2","+2","225","-135","+115","-110","-110","-110","-110","1.740741","2.15","1.909091","1.909091","1.909091","1.909091"
"Basketball","NBA","2026_01_28","NBA_2026_01_28_Utah_Jazz_Golden_State_Warriors","2026_04_17","10:10 PM","Utah Jazz","Golden State Warriors","+9.5","-9.5","240.5","+316","-400","-110","-110","-110","-110","4.16","1.25","1.909091","1.909091","1.909091","1.909091"
"Basketball","NBA","2026_01_29","NBA_2026_01_29_Atlanta_Hawks_Houston_Rockets","2026_04_17","09:10 PM","Atlanta Hawks","Houston Rockets","+4","-4","225","+132","-152","-110","-110","-110","-110","2.32","1.657895","1.909091","1.909091","1.909091","1.909091"
"Basketball","NBA","2026_01_29","NBA_2026_01_29_Chicago_Bulls_Miami_Heat","2026_04_17","09:10 PM","Chicago Bulls","Miami Heat","-1.5","+1.5","242.5","-105","-115","-110","-110","-110","-110","1.952381","1.869565","1.909091","1.909091","1.909091","1.909091"
"Basketball","NBA","2026_01_29","NBA_2026_01_29_Dallas_Mavericks_Charlotte_Hornets","2026_04_17","09:40 PM","Dallas Mavericks","Charlotte Hornets","+4","-4","230","+145","-165","-110","-110","-110","-110","2.45","1.606061","1.909091","1.909091","1.909091","1.909091"
"Basketball","NBA","2026_01_29","NBA_2026_01_29_Denver_Nuggets_Brooklyn_Nets","2026_04_17","10:10 PM","Denver Nuggets","Brooklyn Nets","-5.5","+5.5","214","-285","+234","-110","-110","-110","-110","1.350877","3.34","1.909091","1.909091","1.909091","1.909091"
"Basketball","NBA","2026_01_29","NBA_2026_01_29_Minnesota_Timberwolves_Oklahoma_City_Thunder","2026_04_17","10:40 PM","Minnesota Timberwolves","Oklahoma City Thunder","+5.5","-5.5","225.5","+177","-205","-110","-110","-110","-110","2.77","1.487805","1.909091","1.909091","1.909091","1.909091"
"Basketball","NBA","2026_01_29","NBA_2026_01_29_Philadelphia_76ers_Sacramento_Kings","2026_04_17","08:10 PM","Philadelphia 76ers","Sacramento Kings","-12","+12","228","-550","+415","-110","-110","-110","-110","1.181818","5.15","1.909091","1.909091","1.909091","1.909091"
"Basketball","NBA","2026_01_29","NBA_2026_01_29_Phoenix_Suns_Detroit_Pistons","2026_04_17","10:10 PM","Phoenix Suns","Detroit Pistons","+4.5","-4.5","212","+149","-170","-110","-110","-110","-110","2.49","1.588235","1.909091","1.909091","1.909091","1.909091"
"Basketball","NBA","2026_01_29","NBA_2026_01_29_Washington_Wizards_Milwaukee_Bucks","2026_04_17","08:10 PM","Washington Wizards","Milwaukee Bucks","+3","-3","225.5","+115","-135","-110","-110","-110","-110","2.15","1.740741","1.909091","1.909091","1.909091","1.909091"
"Basketball","NBA","2026_01_30","NBA_2026_01_30_Boston_Celtics_Sacramento_Kings","2026_04_17","08:40 PM","Boston Celtics","Sacramento Kings","-14","+14","226","-550","+415","-110","-110","-110","-110","1.181818","5.15","1.909091","1.909091","1.909091","1.909091"
"Basketball","NBA","2026_01_30","NBA_2026_01_30_Denver_Nuggets_Los_Angeles_Clippers","2026_04_17","10:10 PM","Denver Nuggets","Los Angeles Clippers","+5.5","-5.5","210.5","+174","-200","-110","-110","-110","-110","2.74","1.5","1.909091","1.909091","1.909091","1.909091"
"Basketball","NBA","2026_01_30","NBA_2026_01_30_Golden_State_Warriors_Detroit_Pistons","2026_04_17","11:10 PM","Golden State Warriors","Detroit Pistons","-2","+2","225","-120","+100","-113","-107","-110","-110","1.833333","2","1.884956","1.934579","1.909091","1.909091"
"Basketball","NBA","2026_01_30","NBA_2026_01_30_New_Orleans_Pelicans_Memphis_Grizzlies","2026_04_17","08:40 PM","New Orleans Pelicans","Memphis Grizzlies","-1.5","+1.5","241.5","-150","+130","-110","-110","-110","-110","1.666667","2.3","1.909091","1.909091","1.909091","1.909091"
"Basketball","NBA","2026_01_30","NBA_2026_01_30_New_York_Knicks_Portland_Trail_Blazers","2026_04_17","08:40 PM","New York Knicks","Portland Trail Blazers","-7","+7","227","-270","+222","-105","-115","-110","-110","1.37037","3.22","1.952381","1.869565","1.909091","1.909091"
"Basketball","NBA","2026_01_30","NBA_2026_01_30_Orlando_Magic_Toronto_Raptors","2026_04_17","08:42 PM","Orlando Magic","Toronto Raptors","-1.5","+1.5","218.5","-115","-105","-110","-110","-110","-110","1.869565","1.952381","1.909091","1.909091","1.909091","1.909091"
"Basketball","NBA","2026_01_30","NBA_2026_01_30_Phoenix_Suns_Cleveland_Cavaliers","2026_04_17","10:10 PM","Phoenix Suns","Cleveland Cavaliers","+4.5","-4.5","223","+157","-180","-110","-110","-110","-110","2.57","1.555556","1.909091","1.909091","1.909091","1.909091"
"Basketball","NBA","2026_01_30","NBA_2026_01_30_Utah_Jazz_Brooklyn_Nets","2026_04_17","10:40 PM","Utah Jazz","Brooklyn Nets","-2","+2","225.5","-143","+123","-110","-110","-110","-110","1.699301","2.23","1.909091","1.909091","1.909091","1.909091"
"Basketball","NBA","2026_01_30","NBA_2026_01_30_Washington_Wizards_Los_Angeles_Lakers","2026_04_17","08:10 PM","Washington Wizards","Los Angeles Lakers","+8","-8","228","+245","-300","-110","-110","-110","-110","3.45","1.333333","1.909091","1.909091","1.909091","1.909091"
"Basketball","NBA","2026_01_31","NBA_2026_01_31_Charlotte_Hornets_San_Antonio_Spurs","2026_04_17","01:10 PM","Charlotte Hornets","San Antonio Spurs","+3","-3","227.5","+153","-175","-110","-110","-110","-110","2.53","1.571429","1.909091","1.909091","1.909091","1.909091"
"Basketball","NBA","2026_01_31","NBA_2026_01_31_Houston_Rockets_Dallas_Mavericks","2026_04_17","09:40 PM","Houston Rockets","Dallas Mavericks","-12.5","+12.5","223","-550","+415","-110","-110","-110","-110","1.181818","5.15","1.909091","1.909091","1.909091","1.909091"
"Basketball","NBA","2026_01_31","NBA_2026_01_31_Indiana_Pacers_Atlanta_Hawks","2026_04_17","08:10 PM","Indiana Pacers","Atlanta Hawks","+1.5","-1.5","233","+100","-120","-110","-110","-110","-110","2","1.833333","1.909091","1.909091","1.909091","1.909091"
"Basketball","NBA","2026_01_31","NBA_2026_01_31_Memphis_Grizzlies_Minnesota_Timberwolves","2026_04_17","09:10 PM","Memphis Grizzlies","Minnesota Timberwolves","+7","-7","230","+226","-275","-110","-110","-110","-110","3.26","1.363636","1.909091","1.909091","1.909091","1.909091"
"Basketball","NBA","2026_01_31","NBA_2026_01_31_Miami_Heat_Chicago_Bulls","2026_04_17","09:10 PM","Miami Heat","Chicago Bulls","-5.5","+5.5","236","-210","+180","-110","-110","-110","-110","1.47619","2.8","1.909091","1.909091","1.909091","1.909091"
"Basketball","NBA","2026_01_31","NBA_2026_01_31_Philadelphia_76ers_New_Orleans_Pelicans","2026_04_17","08:40 PM","Philadelphia 76ers","New Orleans Pelicans","-10","+10","232","-415","+327","-110","-110","-110","-110","1.240964","4.27","1.909091","1.909091","1.909091","1.909091"
"Basketball","NBA","2026_02_01","NBA_2026_02_01_Boston_Celtics_Milwaukee_Bucks","2026_04_17","04:40 PM","Boston Celtics","Milwaukee Bucks","-13","+13","217","-750","+534","-110","-110","-110","-110","1.133333","6.34","1.909091","1.909091","1.909091","1.909091"
"Basketball","NBA","2026_02_01","NBA_2026_02_01_Denver_Nuggets_Oklahoma_City_Thunder","2026_04_17","10:40 PM","Denver Nuggets","Oklahoma City Thunder","+4","-4","229","+165","-190","-110","-110","-110","-110","2.65","1.526316","1.909091","1.909091","1.909091","1.909091"
"Basketball","NBA","2026_02_01","NBA_2026_02_01_Detroit_Pistons_Brooklyn_Nets","2026_04_17","07:10 PM","Detroit Pistons","Brooklyn Nets","-13.5","+13.5","213.5","-850","+586","-110","-110","-110","-110","1.117647","6.86","1.909091","1.909091","1.909091","1.909091"
"Basketball","NBA","2026_02_01","NBA_2026_02_01_Miami_Heat_Chicago_Bulls","2026_04_17","07:10 PM","Miami Heat","Chicago Bulls","-3","+3","235.5","-145","+125","-110","-110","-110","-110","1.689655","2.25","1.909091","1.909091","1.909091","1.909091"
"Basketball","NBA","2026_02_01","NBA_2026_02_01_New_York_Knicks_Los_Angeles_Lakers","2026_04_17","08:10 PM","New York Knicks","Los Angeles Lakers","-4.5","+4.5","229.5","-180","+157","-105","-115","-110","-110","1.555556","2.57","1.952381","1.869565","1.909091","1.909091"
"Basketball","NBA","2026_02_01","NBA_2026_02_01_Phoenix_Suns_Los_Angeles_Clippers","2026_04_17","09:10 PM","Phoenix Suns","Los Angeles Clippers","-2.5","+2.5","212","-105","-115","-115","-105","-110","-110","1.952381","1.869565","1.869565","1.952381","1.909091","1.909091"
"Basketball","NBA","2026_02_01","NBA_2026_02_01_Portland_Trail_Blazers_Cleveland_Cavaliers","2026_04_17","10:10 PM","Portland Trail Blazers","Cleveland Cavaliers","+1.5","-1.5","229","+130","-150","-105","-115","-115","-105","2.3","1.666667","1.952381","1.869565","1.869565","1.952381"
"Basketball","NBA","2026_02_01","NBA_2026_02_01_San_Antonio_Spurs_Orlando_Magic","2026_04_17","10:10 PM","San Antonio Spurs","Orlando Magic","-6.5","+6.5","225.5","-200","+174","-105","-115","-110","-110","1.5","2.74","1.952381","1.869565","1.909091","1.909091"
"Basketball","NBA","2026_02_01","NBA_2026_02_01_Toronto_Raptors_Utah_Jazz","2026_04_17","07:10 PM","Toronto Raptors","Utah Jazz","-11.5","+11.5","233.5","-550","+415","-110","-110","-110","-110","1.181818","5.15","1.909091","1.909091","1.909091","1.909091"
"Basketball","NBA","2026_02_01","NBA_2026_02_01_Washington_Wizards_Sacramento_Kings","2026_04_17","07:10 PM","Washington Wizards","Sacramento Kings","+3","-3","229","+115","-135","-110","-110","-110","-110","2.15","1.740741","1.909091","1.909091","1.909091","1.909091"
"Basketball","NBA","2026_02_02","NBA_2026_02_02_Charlotte_Hornets_New_Orleans_Pelicans","2026_04_17","04:10 PM","Charlotte Hornets","New Orleans Pelicans","-7","+7","233.5","-290","+237","-115","-105","-110","-110","1.344828","3.37","1.869565","1.952381","1.909091","1.909091"
"Basketball","NBA","2026_02_02","NBA_2026_02_02_Indiana_Pacers_Houston_Rockets","2026_04_17","08:10 PM","Indiana Pacers","Houston Rockets","+7.5","-7.5","223","+180","-210","-110","-110","-110","-110","2.8","1.47619","1.909091","1.909091","1.909091","1.909091"
"Basketball","NBA","2026_02_02","NBA_2026_02_02_Los_Angeles_Clippers_Philadelphia_76ers","2026_04_17","11:10 PM","Los Angeles Clippers","Philadelphia 76ers","+1","-1","221.5","-140","+120","-113","-107","-110","-110","1.714286","2.2","1.884956","1.934579","1.909091","1.909091"
"Basketball","NBA","2026_02_02","NBA_2026_02_02_Memphis_Grizzlies_Minnesota_Timberwolves","2026_04_17","08:40 PM","Memphis Grizzlies","Minnesota Timberwolves","+8","-8","228.5","+245","-300","-110","-110","-110","-110","3.45","1.333333","1.909091","1.909091","1.909091","1.909091"
"Basketball","NBA","2026_02_03","NBA_2026_02_03_Brooklyn_Nets_Los_Angeles_Lakers","2026_04_17","08:40 PM","Brooklyn Nets","Los Angeles Lakers","+8","-8","222.5","+274","-340","-110","-110","-110","-110","3.74","1.294118","1.909091","1.909091","1.909091","1.909091"
"Basketball","NBA","2026_02_03","NBA_2026_02_03_Dallas_Mavericks_Boston_Celtics","2026_04_17","09:10 PM","Dallas Mavericks","Boston Celtics","+7","-7","222","+222","-270","-110","-110","-110","-110","3.22","1.37037","1.909091","1.909091","1.909091","1.909091"
"Basketball","NBA","2026_02_03","NBA_2026_02_03_Detroit_Pistons_Denver_Nuggets","2026_04_17","08:10 PM","Detroit Pistons","Denver Nuggets","-6.5","+6.5","225.5","-180","+157","-110","-110","-110","-110","1.555556","2.57","1.909091","1.909091","1.909091","1.909091"
"Basketball","NBA","2026_02_03","NBA_2026_02_03_Golden_State_Warriors_Philadelphia_76ers","2026_04_17","11:10 PM","Golden State Warriors","Philadelphia 76ers","-1.5","+1.5","219","-120","+100","-110","-110","-110","-110","1.833333","2","1.909091","1.909091","1.909091","1.909091"
"Basketball","NBA","2026_02_03","NBA_2026_02_03_Indiana_Pacers_Utah_Jazz","2026_04_17","08:10 PM","Indiana Pacers","Utah Jazz","-4.5","+4.5","234.5","-190","+165","-110","-110","-110","-110","1.526316","2.65","1.909091","1.909091","1.909091","1.909091"
"Basketball","NBA","2026_02_03","NBA_2026_02_03_Miami_Heat_Atlanta_Hawks","2026_04_17","08:40 PM","Miami Heat","Atlanta Hawks","-4.5","+4.5","240","-180","+157","-110","-110","-110","-110","1.555556","2.57","1.909091","1.909091","1.909091","1.909091"
"Basketball","NBA","2026_02_03","NBA_2026_02_03_Milwaukee_Bucks_Chicago_Bulls","2026_04_17","09:10 PM","Milwaukee Bucks","Chicago Bulls","+3","-3","225.5","+130","-150","-110","-110","-110","-110","2.3","1.666667","1.909091","1.909091","1.909091","1.909091"
"Basketball","NBA","2026_02_03","NBA_2026_02_03_Oklahoma_City_Thunder_Orlando_Magic","2026_04_17","09:10 PM","Oklahoma City Thunder","Orlando Magic","-8","+8","219.5","-270","+222","-110","-110","-110","-110","1.37037","3.22","1.909091","1.909091","1.909091","1.909091"
"Basketball","NBA","2026_02_03","NBA_2026_02_03_Portland_Trail_Blazers_Phoenix_Suns","2026_04_17","12:10 AM","Portland Trail Blazers","Phoenix Suns","+4.5","-4.5","219.5","+135","-155","-110","-110","-110","-110","2.35","1.645161","1.909091","1.909091","1.909091","1.909091"
"Basketball","NBA","2026_02_03","NBA_2026_02_03_Washington_Wizards_New_York_Knicks","2026_04_17","08:10 PM","Washington Wizards","New York Knicks","+14.5","-14.5","227","+505","-700","-110","-110","-110","-110","6.05","1.142857","1.909091","1.909091","1.909091","1.909091"
"Basketball","NBA","2026_02_04","NBA_2026_02_04_Houston_Rockets_Boston_Celtics","2026_04_17","09:10 PM","Houston Rockets","Boston Celtics","-6","+6","217","-220","+186","-110","-110","-110","-110","1.454545","2.86","1.909091","1.909091","1.909091","1.909091"
"Basketball","NBA","2026_02_04","NBA_2026_02_04_Los_Angeles_Clippers_Cleveland_Cavaliers","2026_04_17","11:40 PM","Los Angeles Clippers","Cleveland Cavaliers","+1.5","-1.5","222.5","+102","-122","-110","-110","-110","-110","2.02","1.819672","1.909091","1.909091","1.909091","1.909091"
"Basketball","NBA","2026_02_04","NBA_2026_02_04_Milwaukee_Bucks_New_Orleans_Pelicans","2026_04_17","09:10 PM","Milwaukee Bucks","New Orleans Pelicans","+5","-5","221","+161","-185","-105","-115","-110","-110","2.61","1.540541","1.952381","1.869565","1.909091","1.909091"
"Basketball","NBA","2026_02_04","NBA_2026_02_04_New_York_Knicks_Denver_Nuggets","2026_04_17","08:10 PM","New York Knicks","Denver Nuggets","-6.5","+6.5","223.5","-205","+177","-110","-110","-115","-105","1.487805","2.77","1.909091","1.909091","1.869565","1.952381"
"Basketball","NBA","2026_02_04","NBA_2026_02_04_Sacramento_Kings_Memphis_Grizzlies","2026_04_17","11:10 PM","Sacramento Kings","Memphis Grizzlies","-2.5","+2.5","229","-132","+112","-110","-110","-110","-110","1.757576","2.12","1.909091","1.909091","1.909091","1.909091"
"Basketball","NBA","2026_02_04","NBA_2026_02_04_San_Antonio_Spurs_Oklahoma_City_Thunder","2026_04_17","10:40 PM","San Antonio Spurs","Oklahoma City Thunder","+2","-2","225.5","+108","-128","-110","-110","-110","-110","2.08","1.78125","1.909091","1.909091","1.909091","1.909091"
"Basketball","NBA","2026_02_04","NBA_2026_02_04_Toronto_Raptors_Minnesota_Timberwolves","2026_04_17","08:40 PM","Toronto Raptors","Minnesota Timberwolves","+2.5","-2.5","224.5","-105","-115","-115","-105","-110","-110","1.952381","1.869565","1.869565","1.952381","1.909091","1.909091"
"Basketball","NBA","2026_02_05","NBA_2026_02_05_Atlanta_Hawks_Utah_Jazz","2026_04_17","08:40 PM","Atlanta Hawks","Utah Jazz","-11","+11","240","-425","+334","-110","-110","-110","-110","1.235294","4.34","1.909091","1.909091","1.909091","1.909091"
"Basketball","NBA","2026_02_05","NBA_2026_02_05_Dallas_Mavericks_San_Antonio_Spurs","2026_04_17","09:40 PM","Dallas Mavericks","San Antonio Spurs","+6","-6","222.5","+200","-240","-110","-110","-110","-110","3","1.416667","1.909091","1.909091","1.909091","1.909091"
"Basketball","NBA","2026_02_05","NBA_2026_02_05_Detroit_Pistons_Washington_Wizards","2026_04_17","08:10 PM","Detroit Pistons","Washington Wizards","-17","+17","229.5","-850","+586","-110","-110","-115","-105","1.117647","6.86","1.909091","1.909091","1.869565","1.952381"
"Basketball","NBA","2026_02_05","NBA_2026_02_05_Houston_Rockets_Charlotte_Hornets","2026_04_17","09:10 PM","Houston Rockets","Charlotte Hornets","-4","+4","219.5","-165","+145","-105","-115","-110","-110","1.606061","2.45","1.952381","1.869565","1.909091","1.909091"
"Basketball","NBA","2026_02_05","NBA_2026_02_05_Los_Angeles_Lakers_Philadelphia_76ers","2026_04_17","11:10 PM","Los Angeles Lakers","Philadelphia 76ers","-3.5","+3.5","233","-165","+145","-105","-115","-110","-110","1.606061","2.45","1.952381","1.869565","1.909091","1.909091"
"Basketball","NBA","2026_02_05","NBA_2026_02_05_Orlando_Magic_Brooklyn_Nets","2026_04_17","08:10 PM","Orlando Magic","Brooklyn Nets","-11.5","+11.5","213","-500","+383","-110","-110","-110","-110","1.2","4.83","1.909091","1.909091","1.909091","1.909091"
"Basketball","NBA","2026_02_05","NBA_2026_02_05_Phoenix_Suns_Golden_State_Warriors","2026_04_17","11:10 PM","Phoenix Suns","Golden State Warriors","-7","+7","220","-255","+211","-110","-110","-110","-110","1.392157","3.11","1.909091","1.909091","1.909091","1.909091"
"Basketball","NBA","2026_02_05","NBA_2026_02_05_Toronto_Raptors_Chicago_Bulls","2026_04_17","08:40 PM","Toronto Raptors","Chicago Bulls","-8.5","+8.5","228","-375","+299","-110","-110","-110","-110","1.266667","3.99","1.909091","1.909091","1.909091","1.909091"
"Basketball","NBA","2026_02_06","NBA_2026_02_06_Boston_Celtics_Miami_Heat","2026_04_17","08:40 PM","Boston Celtics","Miami Heat","-7.5","+7.5","229.5","-250","+207","-110","-110","-110","-110","1.4","3.07","1.909091","1.909091","1.909091","1.909091"
"Basketball","NBA","2026_02_06","NBA_2026_02_06_Detroit_Pistons_New_York_Knicks","2026_04_17","08:40 PM","Detroit Pistons","New York Knicks","-2","+2","224","+105","-125","-110","-110","-110","-110","2.05","1.8","1.909091","1.909091","1.909091","1.909091"
"Basketball","NBA","2026_02_06","NBA_2026_02_06_Milwaukee_Bucks_Indiana_Pacers","2026_04_17","09:10 PM","Milwaukee Bucks","Indiana Pacers","-1.5","+1.5","224.5","+105","-125","-110","-110","-110","-110","2.05","1.8","1.909091","1.909091","1.909091","1.909091"
"Basketball","NBA","2026_02_06","NBA_2026_02_06_Minnesota_Timberwolves_New_Orleans_Pelicans","2026_04_17","09:10 PM","Minnesota Timberwolves","New Orleans Pelicans","-11.5","+11.5","236.5","-475","+367","-110","-110","-110","-110","1.210526","4.67","1.909091","1.909091","1.909091","1.909091"
"Basketball","NBA","2026_02_06","NBA_2026_02_06_Portland_Trail_Blazers_Memphis_Grizzlies","2026_04_17","11:10 PM","Portland Trail Blazers","Memphis Grizzlies","-7.5","+7.5","234.5","-250","+207","-110","-110","-110","-110","1.4","3.07","1.909091","1.909091","1.909091","1.909091"
"Basketball","NBA","2026_02_06","NBA_2026_02_06_Sacramento_Kings_Los_Angeles_Clippers","2026_04_17","11:10 PM","Sacramento Kings","Los Angeles Clippers","+3.5","-3.5","222.5","+140","-160","-110","-110","-110","-110","2.4","1.625","1.909091","1.909091","1.909091","1.909091"
"Basketball","NBA","2026_02_07","NBA_2026_02_07_Atlanta_Hawks_Charlotte_Hornets","2026_04_17","08:40 PM","Atlanta Hawks","Charlotte Hornets","+1.5","-1.5","231.5","+105","-125","-110","-110","-110","-110","2.05","1.8","1.909091","1.909091","1.909091","1.909091"
"Basketball","NBA","2026_02_07","NBA_2026_02_07_Brooklyn_Nets_Washington_Wizards","2026_04_17","04:10 PM","Brooklyn Nets","Washington Wizards","-4.5","+4.5","219","-180","+157","-110","-110","-110","-110","1.555556","2.57","1.909091","1.909091","1.909091","1.909091"
"Basketball","NBA","2026_02_07","NBA_2026_02_07_Chicago_Bulls_Denver_Nuggets","2026_04_17","09:10 PM","Chicago Bulls","Denver Nuggets","+5","-5","228.5","+192","-230","-110","-110","-110","-110","2.92","1.434783","1.909091","1.909091","1.909091","1.909091"
"Basketball","NBA","2026_02_07","NBA_2026_02_07_Los_Angeles_Lakers_Golden_State_Warriors","2026_04_17","09:40 PM","Los Angeles Lakers","Golden State Warriors","-3.5","+3.5","224","-155","+135","-110","-110","-110","-110","1.645161","2.35","1.909091","1.909091","1.909091","1.909091"
"Basketball","NBA","2026_02_07","NBA_2026_02_07_Oklahoma_City_Thunder_Houston_Rockets","2026_04_17","04:40 PM","Oklahoma City Thunder","Houston Rockets","-5","+5","213","-160","+140","-110","-110","-110","-110","1.625","2.4","1.909091","1.909091","1.909091","1.909091"
"Basketball","NBA","2026_02_07","NBA_2026_02_07_Orlando_Magic_Utah_Jazz","2026_04_17","08:10 PM","Orlando Magic","Utah Jazz","-9.5","+9.5","234.5","-400","+316","-110","-110","-110","-110","1.25","4.16","1.909091","1.909091","1.909091","1.909091"
"Basketball","NBA","2026_02_07","NBA_2026_02_07_Phoenix_Suns_Philadelphia_76ers","2026_04_17","10:10 PM","Phoenix Suns","Philadelphia 76ers","-1.5","+1.5","223","-122","+102","-110","-110","-110","-110","1.819672","2.02","1.909091","1.909091","1.909091","1.909091"
"Basketball","NBA","2026_02_07","NBA_2026_02_07_Portland_Trail_Blazers_Memphis_Grizzlies","2026_04_17","11:10 PM","Portland Trail Blazers","Memphis Grizzlies","-9.5","+9.5","237.5","-380","+303","-110","-110","-110","-110","1.263158","4.03","1.909091","1.909091","1.909091","1.909091"
"Basketball","NBA","2026_02_07","NBA_2026_02_07_Sacramento_Kings_Cleveland_Cavaliers","2026_04_17","11:10 PM","Sacramento Kings","Cleveland Cavaliers","+12.5","-12.5","234","+431","-575","-110","-110","-110","-110","5.31","1.173913","1.909091","1.909091","1.909091","1.909091"
"Basketball","NBA","2026_02_07","NBA_2026_02_07_San_Antonio_Spurs_Dallas_Mavericks","2026_04_17","07:10 PM","San Antonio Spurs","Dallas Mavericks","-11","+11","230","-485","+374","-110","-110","-110","-110","1.206186","4.74","1.909091","1.909091","1.909091","1.909091"
"Basketball","NBA","2026_02_08","NBA_2026_02_08_Boston_Celtics_New_York_Knicks","2026_04_17","01:40 PM","Boston Celtics","New York Knicks","-3.5","+3.5","215","-155","+135","-110","-110","-110","-110","1.645161","2.35","1.909091","1.909091","1.909091","1.909091"
"Basketball","NBA","2026_02_08","NBA_2026_02_08_Minnesota_Timberwolves_Los_Angeles_Clippers","2026_04_17","04:10 PM","Minnesota Timberwolves","Los Angeles Clippers","-8.5","+8.5","226","-330","+267","-110","-110","-110","-110","1.30303","3.67","1.909091","1.909091","1.909091","1.909091"
"Basketball","NBA","2026_02_08","NBA_2026_02_08_Toronto_Raptors_Indiana_Pacers","2026_04_17","04:10 PM","Toronto Raptors","Indiana Pacers","-8.5","+8.5","225","-320","+260","-110","-110","-110","-110","1.3125","3.6","1.909091","1.909091","1.909091","1.909091"
"Basketball","NBA","2026_02_08","NBA_2026_02_08_Washington_Wizards_Miami_Heat","2026_04_17","03:10 PM","Washington Wizards","Miami Heat","+11","-11","234","+374","-485","-110","-110","-110","-110","4.74","1.206186","1.909091","1.909091","1.909091","1.909091"
"Basketball","NBA","2026_02_09","NBA_2026_02_09_Brooklyn_Nets_Chicago_Bulls","2026_04_17","08:40 PM","Brooklyn Nets","Chicago Bulls","+2.5","-2.5","224","+125","-145","-105","-115","-110","-110","2.25","1.689655","1.952381","1.869565","1.909091","1.909091"
"Basketball","NBA","2026_02_09","NBA_2026_02_09_Charlotte_Hornets_Detroit_Pistons","2026_04_17","08:10 PM","Charlotte Hornets","Detroit Pistons","+2.5","-2.5","223","+120","-140","-110","-110","-110","-110","2.2","1.714286","1.909091","1.909091","1.909091","1.909091"
"Basketball","NBA","2026_02_09","NBA_2026_02_09_Denver_Nuggets_Cleveland_Cavaliers","2026_04_17","10:10 PM","Denver Nuggets","Cleveland Cavaliers","+1","-1","234","-105","-115","-110","-110","-110","-110","1.952381","1.869565","1.909091","1.909091","1.909091","1.909091"
"Basketball","NBA","2026_02_09","NBA_2026_02_09_Golden_State_Warriors_Memphis_Grizzlies","2026_04_17","11:10 PM","Golden State Warriors","Memphis Grizzlies","-7","+7","225.5","-280","+230","-105","-115","-110","-110","1.357143","3.3","1.952381","1.869565","1.909091","1.909091"
"Basketball","NBA","2026_02_09","NBA_2026_02_09_Los_Angeles_Lakers_Oklahoma_City_Thunder","2026_04_17","11:10 PM","Los Angeles Lakers","Oklahoma City Thunder","+3.5","-3.5","219.5","+149","-170","-110","-110","-110","-110","2.49","1.588235","1.909091","1.909091","1.909091","1.909091"
"Basketball","NBA","2026_02_09","NBA_2026_02_09_Miami_Heat_Utah_Jazz","2026_04_17","08:40 PM","Miami Heat","Utah Jazz","-8.5","+8.5","244.5","-320","+260","-110","-110","-110","-110","1.3125","3.6","1.909091","1.909091","1.909091","1.909091"
"Basketball","NBA","2026_02_09","NBA_2026_02_09_Minnesota_Timberwolves_Atlanta_Hawks","2026_04_17","09:10 PM","Minnesota Timberwolves","Atlanta Hawks","-7","+7","236","-245","+203","-105","-115","-110","-110","1.408163","3.03","1.952381","1.869565","1.909091","1.909091"
"Basketball","NBA","2026_02_09","NBA_2026_02_09_New_Orleans_Pelicans_Sacramento_Kings","2026_04_17","09:10 PM","New Orleans Pelicans","Sacramento Kings","-6","+6","233","-240","+200","-110","-110","-110","-110","1.416667","3","1.909091","1.909091","1.909091","1.909091"
"Basketball","NBA","2026_02_09","NBA_2026_02_09_Orlando_Magic_Milwaukee_Bucks","2026_04_17","08:40 PM","Orlando Magic","Milwaukee Bucks","-9.5","+9.5","218.5","-400","+316","-110","-110","-110","-110","1.25","4.16","1.909091","1.909091","1.909091","1.909091"
"Basketball","NBA","2026_02_09","NBA_2026_02_09_Portland_Trail_Blazers_Philadelphia_76ers","2026_04_17","11:10 PM","Portland Trail Blazers","Philadelphia 76ers","+2","-2","230.5","+110","-130","-110","-110","-110","-110","2.1","1.769231","1.909091","1.909091","1.909091","1.909091"
"Basketball","NBA","2026_02_10","NBA_2026_02_10_Houston_Rockets_Los_Angeles_Clippers","2026_04_17","09:10 PM","Houston Rockets","Los Angeles Clippers","-7.5","+7.5","211","-290","+237","-110","-110","-110","-110","1.344828","3.37","1.909091","1.909091","1.909091","1.909091"
"Basketball","NBA","2026_02_10","NBA_2026_02_10_Los_Angeles_Lakers_San_Antonio_Spurs","2026_04_17","11:40 PM","Los Angeles Lakers","San Antonio Spurs","+8","-8","228","+245","-300","-105","-115","-110","-110","3.45","1.333333","1.952381","1.869565","1.909091","1.909091"
"Basketball","NBA","2026_02_10","NBA_2026_02_10_New_York_Knicks_Indiana_Pacers","2026_04_17","08:40 PM","New York Knicks","Indiana Pacers","-12","+12","223.5","-625","+461","-110","-110","-110","-110","1.16","5.61","1.909091","1.909091","1.909091","1.909091"
"Basketball","NBA","2026_02_10","NBA_2026_02_10_Phoenix_Suns_Dallas_Mavericks","2026_04_17","10:10 PM","Phoenix Suns","Dallas Mavericks","-7.5","+7.5","226","-280","+230","-110","-110","-110","-110","1.357143","3.3","1.909091","1.909091","1.909091","1.909091"
"Basketball","NBA","2026_02_11","NBA_2026_02_11_Boston_Celtics_Chicago_Bulls","2026_04_17","08:40 PM","Boston Celtics","Chicago Bulls","-14","+14","225.5","-750","+534","-110","-110","-110","-110","1.133333","6.34","1.909091","1.909091","1.909091","1.909091"
"Basketball","NBA","2026_02_11","NBA_2026_02_11_Brooklyn_Nets_Indiana_Pacers","2026_04_17","08:40 PM","Brooklyn Nets","Indiana Pacers","-3","+3","214.5","-185","+161","-110","-110","-110","-110","1.540541","2.61","1.909091","1.909091","1.909091","1.909091"
"Basketball","NBA","2026_02_11","NBA_2026_02_11_Charlotte_Hornets_Atlanta_Hawks","2026_04_17","08:10 PM","Charlotte Hornets","Atlanta Hawks","-6.5","+6.5","232.5","-225","+189","-110","-110","-110","-110","1.444444","2.89","1.909091","1.909091","1.909091","1.909091"
"Basketball","NBA","2026_02_11","NBA_2026_02_11_Cleveland_Cavaliers_Washington_Wizards","2026_04_17","08:10 PM","Cleveland Cavaliers","Washington Wizards","-18.5","+18.5","236","-1500","+874","-110","-110","-110","-110","1.066667","9.74","1.909091","1.909091","1.909091","1.909091"
"Basketball","NBA","2026_02_11","NBA_2026_02_11_Denver_Nuggets_Memphis_Grizzlies","2026_04_17","10:10 PM","Denver Nuggets","Memphis Grizzlies","-13.5","+13.5","236","-750","+534","-110","-110","-110","-110","1.133333","6.34","1.909091","1.909091","1.909091","1.909091"
"Basketball","NBA","2026_02_11","NBA_2026_02_11_Golden_State_Warriors_San_Antonio_Spurs","2026_04_17","11:10 PM","Golden State Warriors","San Antonio Spurs","+6","-6","218","+189","-225","-110","-110","-110","-110","2.89","1.444444","1.909091","1.909091","1.909091","1.909091"
"Basketball","NBA","2026_02_11","NBA_2026_02_11_Houston_Rockets_Los_Angeles_Clippers","2026_04_17","09:10 PM","Houston Rockets","Los Angeles Clippers","-8","+8","210","-310","+252","-110","-110","-110","-110","1.322581","3.52","1.909091","1.909091","1.909091","1.909091"
"Basketball","NBA","2026_02_11","NBA_2026_02_11_Minnesota_Timberwolves_Portland_Trail_Blazers","2026_04_17","09:10 PM","Minnesota Timberwolves","Portland Trail Blazers","-7","+7","236","-300","+245","-110","-110","-110","-110","1.333333","3.45","1.909091","1.909091","1.909091","1.909091"
"Basketball","NBA","2026_02_11","NBA_2026_02_11_New_Orleans_Pelicans_Miami_Heat","2026_04_17","09:10 PM","New Orleans Pelicans","Miami Heat","-2","+2","233","-123","+103","-110","-110","-110","-110","1.813008","2.03","1.909091","1.909091","1.909091","1.909091"
"Basketball","NBA","2026_02_11","NBA_2026_02_11_Orlando_Magic_Milwaukee_Bucks","2026_04_17","08:10 PM","Orlando Magic","Milwaukee Bucks","-10.5","+10.5","221.5","-500","+383","-110","-110","-110","-110","1.2","4.83","1.909091","1.909091","1.909091","1.909091"
"Basketball","NBA","2026_02_11","NBA_2026_02_11_Philadelphia_76ers_New_York_Knicks","2026_04_17","08:40 PM","Philadelphia 76ers","New York Knicks","+1","-1","224.5","-135","+115","-115","-105","-110","-110","1.740741","2.15","1.869565","1.952381","1.909091","1.909091"
"Basketball","NBA","2026_02_11","NBA_2026_02_11_Phoenix_Suns_Oklahoma_City_Thunder","2026_04_17","10:10 PM","Phoenix Suns","Oklahoma City Thunder","+6.5","-6.5","217.5","+245","-300","-110","-110","-110","-110","3.45","1.333333","1.909091","1.909091","1.909091","1.909091"
"Basketball","NBA","2026_02_11","NBA_2026_02_11_Toronto_Raptors_Detroit_Pistons","2026_04_17","08:40 PM","Toronto Raptors","Detroit Pistons","+2.5","-2.5","224.5","+100","-120","-110","-110","-110","-110","2","1.833333","1.909091","1.909091","1.909091","1.909091"
"Basketball","NBA","2026_02_11","NBA_2026_02_11_Utah_Jazz_Sacramento_Kings","2026_04_17","10:10 PM","Utah Jazz","Sacramento Kings","-7","+7","233","-245","+203","-110","-110","-110","-110","1.408163","3.03","1.909091","1.909091","1.909091","1.909091"
"Basketball","NBA","2026_02_12","NBA_2026_02_12_Los_Angeles_Lakers_Dallas_Mavericks","2026_04_17","11:10 PM","Los Angeles Lakers","Dallas Mavericks","-7","+7","231.5","-250","+207","-110","-110","-110","-110","1.4","3.07","1.909091","1.909091","1.909091","1.909091"
"Basketball","NBA","2026_02_12","NBA_2026_02_12_Oklahoma_City_Thunder_Milwaukee_Bucks","2026_04_17","08:40 PM","Oklahoma City Thunder","Milwaukee Bucks","-14","+14","215.5","-650","+476","-110","-110","-110","-110","1.153846","5.76","1.909091","1.909091","1.909091","1.909091"
"Basketball","NBA","2026_02_12","NBA_2026_02_12_Utah_Jazz_Portland_Trail_Blazers","2026_04_17","10:10 PM","Utah Jazz","Portland Trail Blazers","+7.5","-7.5","236","+237","-290","-110","-110","-110","-110","3.37","1.344828","1.909091","1.909091","1.909091","1.909091"
"Basketball","NBA","2026_02_19","NBA_2026_02_19_Charlotte_Hornets_Houston_Rockets","2026_04_17","08:10 PM","Charlotte Hornets","Houston Rockets","+2","-2","214.5","+140","-160","-110","-110","-110","-110","2.4","1.625","1.909091","1.909091","1.909091","1.909091"
"Basketball","NBA","2026_02_19","NBA_2026_02_19_Chicago_Bulls_Toronto_Raptors","2026_04_17","09:10 PM","Chicago Bulls","Toronto Raptors","+4.5","-4.5","230.5","+174","-200","-110","-110","-110","-110","2.74","1.5","1.909091","1.909091","1.909091","1.909091"
"Basketball","NBA","2026_02_19","NBA_2026_02_19_Cleveland_Cavaliers_Brooklyn_Nets","2026_04_17","08:10 PM","Cleveland Cavaliers","Brooklyn Nets","-13.5","+13.5","226.5","-1100","+709","-110","-110","-110","-110","1.090909","8.09","1.909091","1.909091","1.909091","1.909091"
"Basketball","NBA","2026_02_19","NBA_2026_02_19_Golden_State_Warriors_Boston_Celtics","2026_04_17","11:10 PM","Golden State Warriors","Boston Celtics","+3.5","-3.5","223.5","+120","-140","-110","-110","-110","-110","2.2","1.714286","1.909091","1.909091","1.909091","1.909091"
"Basketball","NBA","2026_02_19","NBA_2026_02_19_Los_Angeles_Clippers_Denver_Nuggets","2026_04_17","11:40 PM","Los Angeles Clippers","Denver Nuggets","+3.5","-3.5","225.5","+155","-177","-110","-110","-110","-110","2.55","1.564972","1.909091","1.909091","1.909091","1.909091"
"Basketball","NBA","2026_02_19","NBA_2026_02_19_New_York_Knicks_Detroit_Pistons","2026_04_17","08:42 PM","New York Knicks","Detroit Pistons","-3","+3","222.5","-177","+155","-110","-110","-110","-110","1.564972","2.55","1.909091","1.909091","1.909091","1.909091"
"Basketball","NBA","2026_02_19","NBA_2026_02_19_Philadelphia_76ers_Atlanta_Hawks","2026_04_17","08:10 PM","Philadelphia 76ers","Atlanta Hawks","-4.5","+4.5","235.5","-177","+155","-110","-110","-110","-110","1.564972","2.55","1.909091","1.909091","1.909091","1.909091"
"Basketball","NBA","2026_02_19","NBA_2026_02_19_Sacramento_Kings_Orlando_Magic","2026_04_17","11:10 PM","Sacramento Kings","Orlando Magic","+11","-11","223.5","+306","-385","-110","-110","-110","-110","4.06","1.25974","1.909091","1.909091","1.909091","1.909091"
"Basketball","NBA","2026_02_19","NBA_2026_02_19_San_Antonio_Spurs_Phoenix_Suns","2026_04_17","09:40 PM","San Antonio Spurs","Phoenix Suns","-6.5","+6.5","225.5","-340","+274","-110","-110","-110","-110","1.294118","3.74","1.909091","1.909091","1.909091","1.909091"
"Basketball","NBA","2026_02_19","NBA_2026_02_19_Washington_Wizards_Indiana_Pacers","2026_04_17","08:10 PM","Washington Wizards","Indiana Pacers","+2.5","-2.5","234.5","+170","-195","-110","-110","-110","-110","2.7","1.512821","1.909091","1.909091","1.909091","1.909091"
"Basketball","NBA","2026_02_20","NBA_2026_02_20_Atlanta_Hawks_Miami_Heat","2026_04_17","08:40 PM","Atlanta Hawks","Miami Heat","+2.5","-2.5","241","+130","-150","-110","-110","-110","-110","2.3","1.666667","1.909091","1.909091","1.909091","1.909091"
"Basketball","NBA","2026_02_20","NBA_2026_02_20_Charlotte_Hornets_Cleveland_Cavaliers","2026_04_17","08:10 PM","Charlotte Hornets","Cleveland Cavaliers","+4.5","-4.5","234.5","+180","-210","-110","-110","-110","-110","2.8","1.47619","1.909091","1.909091","1.909091","1.909091"
"Basketball","NBA","2026_02_20","NBA_2026_02_20_Los_Angeles_Lakers_Los_Angeles_Clippers","2026_04_17","11:10 PM","Los Angeles Lakers","Los Angeles Clippers","-7","+7","224","-275","+226","-110","-110","-110","-110","1.363636","3.26","1.909091","1.909091","1.909091","1.909091"
"Basketball","NBA","2026_02_20","NBA_2026_02_20_Memphis_Grizzlies_Utah_Jazz","2026_04_17","08:10 PM","Memphis Grizzlies","Utah Jazz","-3.5","+3.5","238.5","-130","+110","-105","-115","-110","-110","1.769231","2.1","1.952381","1.869565","1.909091","1.909091"
"Basketball","NBA","2026_02_20","NBA_2026_02_20_Minnesota_Timberwolves_Dallas_Mavericks","2026_04_17","08:40 PM","Minnesota Timberwolves","Dallas Mavericks","-12.5","+12.5","236.5","-650","+476","-110","-110","-110","-110","1.153846","5.76","1.909091","1.909091","1.909091","1.909091"
"Basketball","NBA","2026_02_20","NBA_2026_02_20_New_Orleans_Pelicans_Milwaukee_Bucks","2026_04_17","09:10 PM","New Orleans Pelicans","Milwaukee Bucks","-4","+4","221","-165","+145","-110","-110","-110","-110","1.606061","2.45","1.909091","1.909091","1.909091","1.909091"
"Basketball","NBA","2026_02_20","NBA_2026_02_20_Oklahoma_City_Thunder_Brooklyn_Nets","2026_04_17","09:10 PM","Oklahoma City Thunder","Brooklyn Nets","-16.5","+16.5","218","-1250","+776","-110","-110","-110","-110","1.08","8.76","1.909091","1.909091","1.909091","1.909091"
"Basketball","NBA","2026_02_20","NBA_2026_02_20_Portland_Trail_Blazers_Denver_Nuggets","2026_04_17","11:10 PM","Portland Trail Blazers","Denver Nuggets","+2","-2","239","+130","-150","-110","-110","-110","-110","2.3","1.666667","1.909091","1.909091","1.909091","1.909091"
"Basketball","NBA","2026_02_20","NBA_2026_02_20_Washington_Wizards_Indiana_Pacers","2026_04_17","08:10 PM","Washington Wizards","Indiana Pacers","+3","-3","233","+115","-135","-110","-110","-110","-110","2.15","1.740741","1.909091","1.909091","1.909091","1.909091"
"Basketball","NBA","2026_02_21","NBA_2026_02_21_Chicago_Bulls_Detroit_Pistons","2026_04_17","09:10 PM","Chicago Bulls","Detroit Pistons","+10.5","-10.5","230.5","+415","-550","-105","-115","-110","-110","5.15","1.181818","1.952381","1.869565","1.909091","1.909091"
"Basketball","NBA","2026_02_21","NBA_2026_02_21_Miami_Heat_Memphis_Grizzlies","2026_04_17","09:10 PM","Miami Heat","Memphis Grizzlies","-9.5","+9.5","238","-370","+296","-110","-110","-110","-110","1.27027","3.96","1.909091","1.909091","1.909091","1.909091"
"Basketball","NBA","2026_02_21","NBA_2026_02_21_New_Orleans_Pelicans_Philadelphia_76ers","2026_04_17","08:10 PM","New Orleans Pelicans","Philadelphia 76ers","+3.5","-3.5","229","+130","-150","-110","-110","-110","-110","2.3","1.666667","1.909091","1.909091","1.909091","1.909091"
"Basketball","NBA","2026_02_21","NBA_2026_02_21_New_York_Knicks_Houston_Rockets","2026_04_17","09:40 PM","New York Knicks","Houston Rockets","-2.5","+2.5","214.5","-150","+130","-110","-110","-110","-110","1.666667","2.3","1.909091","1.909091","1.909091","1.909091"
"Basketball","NBA","2026_02_21","NBA_2026_02_21_Phoenix_Suns_Orlando_Magic","2026_04_17","06:10 PM","Phoenix Suns","Orlando Magic","-2","+2","220","-125","+105","-110","-110","-110","-110","1.8","2.05","1.909091","1.909091","1.909091","1.909091"
"Basketball","NBA","2026_02_21","NBA_2026_02_21_San_Antonio_Spurs_Sacramento_Kings","2026_04_17","09:10 PM","San Antonio Spurs","Sacramento Kings","-17.5","+17.5","228","-1700","+945","-115","-105","-110","-110","1.058824","10.45","1.869565","1.952381","1.909091","1.909091"
"Basketball","NBA","2026_02_22","NBA_2026_02_22_Atlanta_Hawks_Brooklyn_Nets","2026_04_17","04:40 PM","Atlanta Hawks","Brooklyn Nets","-8.5","+8.5","228","-360","+289","-110","-110","-110","-110","1.277778","3.89","1.909091","1.909091","1.909091","1.909091"
"Basketball","NBA","2026_02_22","NBA_2026_02_22_Chicago_Bulls_New_York_Knicks","2026_04_17","09:10 PM","Chicago Bulls","New York Knicks","+10.5","-10.5","232.5","+383","-500","-110","-110","-110","-110","4.83","1.2","1.909091","1.909091","1.909091","1.909091"
"Basketball","NBA","2026_02_22","NBA_2026_02_22_Golden_State_Warriors_Denver_Nuggets","2026_04_17","04:40 PM","Golden State Warriors","Denver Nuggets","+4","-4","230.5","+165","-190","-110","-110","-110","-110","2.65","1.526316","1.909091","1.909091","1.909091","1.909091"
"Basketball","NBA","2026_02_22","NBA_2026_02_22_Indiana_Pacers_Dallas_Mavericks","2026_04_17","06:10 PM","Indiana Pacers","Dallas Mavericks","+2.5","-2.5","230.5","+105","-125","-110","-110","-110","-110","2.05","1.8","1.909091","1.909091","1.909091","1.909091"
"Basketball","NBA","2026_02_22","NBA_2026_02_22_Los_Angeles_Clippers_Orlando_Magic","2026_04_17","10:10 PM","Los Angeles Clippers","Orlando Magic","-4.5","+4.5","215.5","-180","+157","-110","-110","-110","-110","1.555556","2.57","1.909091","1.909091","1.909091","1.909091"
"Basketball","NBA","2026_02_22","NBA_2026_02_22_Los_Angeles_Lakers_Boston_Celtics","2026_04_17","07:38 PM","Los Angeles Lakers","Boston Celtics","+1","-1","227.5","+110","-130","-110","-104","-110","-110","2.1","1.769231","1.909091","1.961538","1.909091","1.909091"
"Basketball","NBA","2026_02_22","NBA_2026_02_22_Milwaukee_Bucks_Toronto_Raptors","2026_04_17","04:40 PM","Milwaukee Bucks","Toronto Raptors","+3.5","-3.5","222.5","+135","-155","-110","-110","-110","-110","2.35","1.645161","1.909091","1.909091","1.909091","1.909091"
"Basketball","NBA","2026_02_22","NBA_2026_02_22_Minnesota_Timberwolves_Philadelphia_76ers","2026_04_17","08:10 PM","Minnesota Timberwolves","Philadelphia 76ers","-9","+9","237","-350","+280","-110","-110","-110","-110","1.285714","3.8","1.909091","1.909091","1.909091","1.909091"
"Basketball","NBA","2026_02_22","NBA_2026_02_22_Oklahoma_City_Thunder_Cleveland_Cavaliers","2026_04_17","02:10 PM","Oklahoma City Thunder","Cleveland Cavaliers","+2.5","-2.5","224","+125","-145","-110","-110","-110","-110","2.25","1.689655","1.909091","1.909091","1.909091","1.909091"
"Basketball","NBA","2026_02_22","NBA_2026_02_22_Phoenix_Suns_Portland_Trail_Blazers","2026_04_17","09:10 PM","Phoenix Suns","Portland Trail Blazers","+2.5","-2.5","222","+130","-150","-110","-110","-110","-110","2.3","1.666667","1.909091","1.909091","1.909091","1.909091"
"Basketball","NBA","2026_02_22","NBA_2026_02_22_Washington_Wizards_Charlotte_Hornets","2026_04_17","07:10 PM","Washington Wizards","Charlotte Hornets","+10","-10","229","+400","-525","-110","-110","-110","-110","5","1.190476","1.909091","1.909091","1.909091","1.909091"
"Basketball","NBA","2026_02_23","NBA_2026_02_23_Detroit_Pistons_San_Antonio_Spurs","2026_04_17","08:10 PM","Detroit Pistons","San Antonio Spurs","-2","+2","227.5","-115","-105","-110","-110","-110","-110","1.869565","1.952381","1.909091","1.909091","1.909091","1.909091"
"Basketball","NBA","2026_02_23","NBA_2026_02_23_Houston_Rockets_Utah_Jazz","2026_04_17","10:40 PM","Houston Rockets","Utah Jazz","-15.5","+15.5","224","-1050","+686","-110","-110","-110","-110","1.095238","7.86","1.909091","1.909091","1.909091","1.909091"
"Basketball","NBA","2026_02_23","NBA_2026_02_23_Memphis_Grizzlies_Sacramento_Kings","2026_04_17","09:10 PM","Memphis Grizzlies","Sacramento Kings","-4","+4","233","-215","+183","-110","-110","-110","-110","1.465116","2.83","1.909091","1.909091","1.909091","1.909091"
"Basketball","NBA","2026_02_24","NBA_2026_02_24_Indiana_Pacers_Philadelphia_76ers","2026_04_17","7:10 PM","Indiana Pacers","Philadelphia 76ers","+9.5","-9.5","233.5","+330","-425","+100","-120","-108","-112","4.3","1.235294","2","1.833333","1.925926","1.892857"
"Basketball","NBA","2026_02_24","NBA_2026_02_24_Cleveland_Cavaliers_New_York_Knicks","2026_04_17","7:40 PM","Cleveland Cavaliers","New York Knicks","-4.5","+4.5","231.5","-170","+142","-102","-118","-115","-105","1.588235","2.42","1.980392","1.847458","1.869565","1.952381"
"Basketball","NBA","2026_02_24","NBA_2026_02_24_Toronto_Raptors_Oklahoma_City_Thunder","2026_04_17","7:40 PM","Toronto Raptors","Oklahoma City Thunder","-2.5","+2.5","215.5","-142","+120","-108","-112","-112","-108","1.704225","2.2","1.925926","1.892857","1.892857","1.925926"
"Basketball","NBA","2026_02_24","NBA_2026_02_24_Atlanta_Hawks_Washington_Wizards","2026_04_17","7:40 PM","Atlanta Hawks","Washington Wizards","-12.5","+12.5","235.5","-650","+470","-102","-118","-112","-108","1.153846","5.7","1.980392","1.847458","1.892857","1.925926"
"Basketball","NBA","2026_02_24","NBA_2026_02_24_Brooklyn_Nets_Dallas_Mavericks","2026_04_17","7:40 PM","Brooklyn Nets","Dallas Mavericks","+1.5","-1.5","226.5","+105","-125","-110","-110","-110","-110","2.05","1.8","1.909091","1.909091","1.909091","1.909091"
"Basketball","NBA","2026_02_24","NBA_2026_02_24_Chicago_Bulls_Charlotte_Hornets","2026_04_17","8:10 PM","Chicago Bulls","Charlotte Hornets","+8.5","-8.5","232.5","+260","-325","-120","+100","-108","-112","3.6","1.307692","1.833333","2","1.925926","1.892857"
"Basketball","NBA","2026_02_24","NBA_2026_02_24_Milwaukee_Bucks_Miami_Heat","2026_04_17","8:10 PM","Milwaukee Bucks","Miami Heat","+6.5","-6.5","228.5","+195","-238","-112","-108","-110","-110","2.95","1.420168","1.892857","1.925926","1.909091","1.909091"
"Basketball","NBA","2026_02_24","NBA_2026_02_24_New_Orleans_Pelicans_Golden_State_Warriors","2026_04_17","8:10 PM","New Orleans Pelicans","Golden State Warriors","+1.5","-1.5","227.5","+100","-120","-110","-110","-110","-110","2","1.833333","1.909091","1.909091","1.909091","1.909091"
"Basketball","NBA","2026_02_24","NBA_2026_02_24_Phoenix_Suns_Boston_Celtics","2026_04_17","9:10 PM","Phoenix Suns","Boston Celtics","+5.5","-5.5","206.5","+180","-218","-112","-108","-115","-105","2.8","1.458716","1.892857","1.925926","1.869565","1.952381"
"Basketball","NBA","2026_02_24","NBA_2026_02_24_Portland_Trail_Blazers_Minnesota_Timberwolves","2026_04_17","10:10 PM","Portland Trail Blazers","Minnesota Timberwolves","+6.5","-6.5","235.5","+205","-250","-110","-110","-108","-112","3.05","1.4","1.909091","1.909091","1.925926","1.892857"
"Basketball","NBA","2026_02_24","NBA_2026_02_24_Los_Angeles_Lakers_Orlando_Magic","2026_04_17","10:40 PM","Los Angeles Lakers","Orlando Magic","-5.5","+5.5","230.5","-205","+170","-108","-112","-105","-115","1.487805","2.7","1.925926","1.892857","1.952381","1.869565"
"Basketball","NBA","2026_02_25","NBA_2026_02_25_Denver_Nuggets_Boston_Celtics","2026_04_17","11:10 PM","Denver Nuggets","Boston Celtics","-4.5","+4.5","227.5","-165","+145","-110","-110","-110","-110","1.606061","2.45","1.909091","1.909091","1.909091","1.909091"
"Basketball","NBA","2026_02_25","NBA_2026_02_25_Detroit_Pistons_Oklahoma_City_Thunder","2026_04_17","08:40 PM","Detroit Pistons","Oklahoma City Thunder","-5.5","+5.5","218","-300","+245","-110","-110","-110","-110","1.333333","3.45","1.909091","1.909091","1.909091","1.909091"
"Basketball","NBA","2026_02_25","NBA_2026_02_25_Houston_Rockets_Sacramento_Kings","2026_04_17","09:10 PM","Houston Rockets","Sacramento Kings","-15","+15","222","-1100","+709","-110","-110","-110","-110","1.090909","8.09","1.909091","1.909091","1.909091","1.909091"
"Basketball","NBA","2026_02_25","NBA_2026_02_25_Memphis_Grizzlies_Golden_State_Warriors","2026_04_17","08:40 PM","Memphis Grizzlies","Golden State Warriors","+1.5","-1.5","226.5","+145","-165","-110","-110","-110","-110","2.45","1.606061","1.909091","1.909091","1.909091","1.909091"
"Basketball","NBA","2026_02_25","NBA_2026_02_25_Milwaukee_Bucks_Cleveland_Cavaliers","2026_04_17","09:10 PM","Milwaukee Bucks","Cleveland Cavaliers","+9","-9","230","+296","-370","-110","-110","-110","-110","3.96","1.27027","1.909091","1.909091","1.909091","1.909091"
"Basketball","NBA","2026_02_25","NBA_2026_02_25_Toronto_Raptors_San_Antonio_Spurs","2026_04_17","08:40 PM","Toronto Raptors","San Antonio Spurs","+6.5","-6.5","229","+237","-290","-110","-110","-110","-110","3.37","1.344828","1.909091","1.909091","1.909091","1.909091"
"Basketball","NBA","2026_02_26","NBA_2026_02_26_Atlanta_Hawks_Washington_Wizards","2026_04_17","08:40 PM","Atlanta Hawks","Washington Wizards","-12","+12","233","-650","+476","-110","-110","-110","-110","1.153846","5.76","1.909091","1.909091","1.909091","1.909091"
"Basketball","NBA","2026_02_26","NBA_2026_02_26_Brooklyn_Nets_San_Antonio_Spurs","2026_04_17","08:40 PM","Brooklyn Nets","San Antonio Spurs","+14","-14","225","+526","-735","-110","-110","-110","-110","6.26","1.136054","1.909091","1.909091","1.909091","1.909091"
"Basketball","NBA","2026_02_26","NBA_2026_02_26_Chicago_Bulls_Portland_Trail_Blazers","2026_04_17","09:10 PM","Chicago Bulls","Portland Trail Blazers","+4.5","-4.5","235","+153","-175","-110","-110","-110","-110","2.53","1.571429","1.909091","1.909091","1.909091","1.909091"
"Basketball","NBA","2026_02_26","NBA_2026_02_26_Dallas_Mavericks_Sacramento_Kings","2026_04_17","09:40 PM","Dallas Mavericks","Sacramento Kings","-8.5","+8.5","233.5","-260","+215","-110","-110","-110","-110","1.384615","3.15","1.909091","1.909091","1.909091","1.909091"
"Basketball","NBA","2026_02_26","NBA_2026_02_26_Indiana_Pacers_Charlotte_Hornets","2026_04_17","08:10 PM","Indiana Pacers","Charlotte Hornets","+13","-13","230","+561","-800","-110","-110","-110","-110","6.61","1.125","1.909091","1.909091","1.909091","1.909091"
"Basketball","NBA","2026_02_26","NBA_2026_02_26_Los_Angeles_Clippers_Minnesota_Timberwolves","2026_04_17","11:10 PM","Los Angeles Clippers","Minnesota Timberwolves","+4.5","-4.5","226","+180","-210","-110","-110","-110","-110","2.8","1.47619","1.909091","1.909091","1.909091","1.909091"
"Basketball","NBA","2026_02_26","NBA_2026_02_26_Orlando_Magic_Houston_Rockets","2026_04_17","08:40 PM","Orlando Magic","Houston Rockets","+2.5","-2.5","216","+110","-130","-110","-110","-110","-110","2.1","1.769231","1.909091","1.909091","1.909091","1.909091"
"Basketball","NBA","2026_02_26","NBA_2026_02_26_Philadelphia_76ers_Miami_Heat","2026_04_17","08:10 PM","Philadelphia 76ers","Miami Heat","-2.5","+2.5","239","-130","+110","-110","-110","-110","-110","1.769231","2.1","1.909091","1.909091","1.909091","1.909091"
"Basketball","NBA","2026_02_26","NBA_2026_02_26_Phoenix_Suns_Los_Angeles_Lakers","2026_04_17","10:10 PM","Phoenix Suns","Los Angeles Lakers","+4.5","-4.5","216.5","+174","-200","-105","-115","-110","-110","2.74","1.5","1.952381","1.869565","1.909091","1.909091"
"Basketball","NBA","2026_02_26","NBA_2026_02_26_Utah_Jazz_New_Orleans_Pelicans","2026_04_17","10:10 PM","Utah Jazz","New Orleans Pelicans","+1.5","-1.5","237","+161","-185","-110","-110","-110","-110","2.61","1.540541","1.909091","1.909091","1.909091","1.909091"
"Basketball","NBA","2026_02_27","NBA_2026_02_27_Boston_Celtics_Brooklyn_Nets","2026_04_17","08:40 PM","Boston Celtics","Brooklyn Nets","-18.5","+18.5","210","-1400","+836","-110","-110","-110","-110","1.071429","9.36","1.909091","1.909091","1.909091","1.909091"
"Basketball","NBA","2026_02_27","NBA_2026_02_27_Dallas_Mavericks_Memphis_Grizzlies","2026_04_17","09:40 PM","Dallas Mavericks","Memphis Grizzlies","-5.5","+5.5","236.5","-210","+180","-110","-110","-110","-110","1.47619","2.8","1.909091","1.909091","1.909091","1.909091"
"Basketball","NBA","2026_02_27","NBA_2026_02_27_Detroit_Pistons_Cleveland_Cavaliers","2026_04_17","08:10 PM","Detroit Pistons","Cleveland Cavaliers","-7","+7","225","-250","+207","-110","-110","-110","-110","1.4","3.07","1.909091","1.909091","1.909091","1.909091"
"Basketball","NBA","2026_02_27","NBA_2026_02_27_Milwaukee_Bucks_New_York_Knicks","2026_04_17","09:10 PM","Milwaukee Bucks","New York Knicks","+8","-8","223","+252","-310","-110","-110","-110","-110","3.52","1.322581","1.909091","1.909091","1.909091","1.909091"
"Basketball","NBA","2026_02_27","NBA_2026_02_27_Oklahoma_City_Thunder_Denver_Nuggets","2026_04_17","10:40 PM","Oklahoma City Thunder","Denver Nuggets","-8","+8","231.5","-320","+260","-110","-110","-110","-110","1.3125","3.6","1.909091","1.909091","1.909091","1.909091"
"Basketball","NBA","2026_02_28","NBA_2026_02_28_Charlotte_Hornets_Portland_Trail_Blazers","2026_04_17","02:10 PM","Charlotte Hornets","Portland Trail Blazers","-8","+8","231","-300","+245","-110","-110","-110","-110","1.333333","3.45","1.909091","1.909091","1.909091","1.909091"
"Basketball","NBA","2026_02_28","NBA_2026_02_28_Golden_State_Warriors_Los_Angeles_Lakers","2026_04_17","09:40 PM","Golden State Warriors","Los Angeles Lakers","+3","-3","225.5","+135","-155","-105","-115","-110","-110","2.35","1.645161","1.952381","1.869565","1.909091","1.909091"
"Basketball","NBA","2026_02_28","NBA_2026_02_28_Miami_Heat_Houston_Rockets","2026_04_17","04:40 PM","Miami Heat","Houston Rockets","+3.5","-3.5","226","+145","-165","-110","-110","-110","-110","2.45","1.606061","1.909091","1.909091","1.909091","1.909091"
"Basketball","NBA","2026_02_28","NBA_2026_02_28_Utah_Jazz_New_Orleans_Pelicans","2026_04_17","10:40 PM","Utah Jazz","New Orleans Pelicans","+5.5","-5.5","242.5","+207","-250","-110","-110","-110","-110","3.07","1.4","1.909091","1.909091","1.909091","1.909091"
"Basketball","NBA","2026_02_28","NBA_2026_02_28_Washington_Wizards_Toronto_Raptors","2026_04_17","08:10 PM","Washington Wizards","Toronto Raptors","+13.5","-13.5","226.5","+613","-900","-110","-110","-110","-110","7.13","1.111111","1.909091","1.909091","1.909091","1.909091"
"Basketball","NBA","2026_03_01","NBA_2026_03_01_New_York_Knicks_San_Antonio_Spurs","2026_04_17","1:10 PM","New York Knicks","San Antonio Spurs","+1.5","-1.5","228.5","-108","-112","-120","+100","-105","-115","1.925926","1.892857","1.833333","2","1.952381","1.869565"
"Basketball","NBA","2026_03_01","NBA_2026_03_01_Denver_Nuggets_Minnesota_Timberwolves","2026_04_17","3:40 PM","Denver Nuggets","Minnesota Timberwolves","-3.5","+3.5","239.5","-155","+130","+100","-120","-108","-112","1.645161","2.3","2","1.833333","1.925926","1.892857"
"Basketball","NBA","2026_03_01","NBA_2026_03_01_Brooklyn_Nets_Cleveland_Cavaliers","2026_04_17","3:40 PM","Brooklyn Nets","Cleveland Cavaliers","+11.5","-11.5","222.5","+440","-600","-102","-118","-112","-108","5.4","1.166667","1.980392","1.847458","1.892857","1.925926"
"Basketball","NBA","2026_03_01","NBA_2026_03_01_Chicago_Bulls_Milwaukee_Bucks","2026_04_17","3:40 PM","Chicago Bulls","Milwaukee Bucks","+3.5","-3.5","228.5","+140","-166","-110","-110","-112","-108","2.4","1.60241","1.909091","1.909091","1.892857","1.925926"
"Basketball","NBA","2026_03_01","NBA_2026_03_01_Indiana_Pacers_Memphis_Grizzlies","2026_04_17","5:10 PM","Indiana Pacers","Memphis Grizzlies","-1.5","+1.5","237.5","-118","-102","+100","-120","-115","-105","1.847458","1.980392","2","1.833333","1.869565","1.952381"
"Basketball","NBA","2026_03_01","NBA_2026_03_01_Orlando_Magic_Detroit_Pistons","2026_04_17","6:10 PM","Orlando Magic","Detroit Pistons","+5.5","-5.5","223.5","+180","-218","-112","-108","-105","-115","2.8","1.458716","1.892857","1.925926","1.952381","1.869565"
"Basketball","NBA","2026_03_01","NBA_2026_03_01_Atlanta_Hawks_Portland_Trail_Blazers","2026_04_17","6:10 PM","Atlanta Hawks","Portland Trail Blazers","-5.5","+5.5","236.5","-198","+164","-108","-112","-115","-105","1.505051","2.64","1.925926","1.892857","1.869565","1.952381"
"Basketball","NBA","2026_03_01","NBA_2026_03_01_Boston_Celtics_Philadelphia_76ers","2026_04_17","8:10 PM","Boston Celtics","Philadelphia 76ers","-9.5","+9.5","221.5","-360","+285","-108","-112","-110","-110","1.277778","3.85","1.925926","1.892857","1.909091","1.909091"
"Basketball","NBA","2026_03_01","NBA_2026_03_01_Dallas_Mavericks_Oklahoma_City_Thunder","2026_04_17","8:10 PM","Dallas Mavericks","Oklahoma City Thunder","+15.5","-15.5","233.5","+675","-1050","-108","-112","-112","-108","7.75","1.095238","1.925926","1.892857","1.892857","1.925926"
"Basketball","NBA","2026_03_01","NBA_2026_03_01_Los_Angeles_Clippers_New_Orleans_Pelicans","2026_04_17","9:10 PM","Los Angeles Clippers","New Orleans Pelicans","-8.5","+8.5","222.5","-360","+285","-115","-105","-108","-112","1.277778","3.85","1.869565","1.952381","1.925926","1.892857"
"Basketball","NBA","2026_03_01","NBA_2026_03_01_Los_Angeles_Lakers_Sacramento_Kings","2026_04_17","9:40 PM","Los Angeles Lakers","Sacramento Kings","-12.5","+12.5","232.5","-700","+500","-112","-108","-108","-112","1.142857","6","1.892857","1.925926","1.925926","1.892857"
"Basketball","NBA","2026_03_02","NBA_2026_03_02_Golden_State_Warriors_Los_Angeles_Clippers","2026_04_17","11:10 PM","Golden State Warriors","Los Angeles Clippers","-1","+1","221","+105","-125","-110","-110","-110","-110","2.05","1.8","1.909091","1.909091","1.909091","1.909091"
"Basketball","NBA","2026_03_02","NBA_2026_03_02_Milwaukee_Bucks_Boston_Celtics","2026_04_17","08:40 PM","Milwaukee Bucks","Boston Celtics","+7","-7","219","+256","-315","-110","-110","-110","-110","3.56","1.31746","1.909091","1.909091","1.909091","1.909091"
"Basketball","NBA","2026_03_02","NBA_2026_03_02_Utah_Jazz_Denver_Nuggets","2026_04_17","10:10 PM","Utah Jazz","Denver Nuggets","+12","-12","243.5","+446","-600","-110","-110","-110","-110","5.46","1.166667","1.909091","1.909091","1.909091","1.909091"
"Basketball","NBA","2026_03_02","NBA_2026_03_02_Washington_Wizards_Houston_Rockets","2026_04_17","08:10 PM","Washington Wizards","Houston Rockets","+16","-16","225","+754","-1200","-110","-110","-110","-110","8.54","1.083333","1.909091","1.909091","1.909091","1.909091"
"Basketball","NBA","2026_03_03","NBA_2026_03_03_Charlotte_Hornets_Dallas_Mavericks","2026_04_17","08:10 PM","Charlotte Hornets","Dallas Mavericks","-11","+11","229.5","-600","+446","-110","-110","-110","-110","1.166667","5.46","1.909091","1.909091","1.909091","1.909091"
"Basketball","NBA","2026_03_03","NBA_2026_03_03_Chicago_Bulls_Oklahoma_City_Thunder","2026_04_17","09:10 PM","Chicago Bulls","Oklahoma City Thunder","+11.5","-11.5","229","+367","-475","-110","-110","-110","-110","4.67","1.210526","1.909091","1.909091","1.909091","1.909091"
"Basketball","NBA","2026_03_03","NBA_2026_03_03_Cleveland_Cavaliers_Detroit_Pistons","2026_04_17","08:10 PM","Cleveland Cavaliers","Detroit Pistons","+1.5","-1.5","228","-102","-118","-110","-110","-110","-110","1.980392","1.847458","1.909091","1.909091","1.909091","1.909091"
"Basketball","NBA","2026_03_03","NBA_2026_03_03_Los_Angeles_Lakers_New_Orleans_Pelicans","2026_04_17","11:40 PM","Los Angeles Lakers","New Orleans Pelicans","-10","+10","236","-450","+350","-110","-110","-110","-110","1.222222","4.5","1.909091","1.909091","1.909091","1.909091"
"Basketball","NBA","2026_03_03","NBA_2026_03_03_Miami_Heat_Brooklyn_Nets","2026_04_17","08:40 PM","Miami Heat","Brooklyn Nets","-13","+13","227","-750","+534","-110","-110","-110","-110","1.133333","6.34","1.909091","1.909091","1.909091","1.909091"
"Basketball","NBA","2026_03_03","NBA_2026_03_03_Minnesota_Timberwolves_Memphis_Grizzlies","2026_04_17","09:10 PM","Minnesota Timberwolves","Memphis Grizzlies","-14.5","+14.5","238","-775","+546","-110","-110","-110","-110","1.129032","6.46","1.909091","1.909091","1.909091","1.909091"
"Basketball","NBA","2026_03_03","NBA_2026_03_03_Orlando_Magic_Washington_Wizards","2026_04_17","08:10 PM","Orlando Magic","Washington Wizards","-15.5","+15.5","228","-1200","+754","-110","-110","-110","-110","1.083333","8.54","1.909091","1.909091","1.909091","1.909091"
"Basketball","NBA","2026_03_03","NBA_2026_03_03_Philadelphia_76ers_San_Antonio_Spurs","2026_04_17","09:10 PM","Philadelphia 76ers","San Antonio Spurs","+6.5","-6.5","231.5","+252","-310","-105","-115","-110","-110","3.52","1.322581","1.952381","1.869565","1.909091","1.909091"
"Basketball","NBA","2026_03_03","NBA_2026_03_03_Sacramento_Kings_Phoenix_Suns","2026_04_17","12:10 AM","Sacramento Kings","Phoenix Suns","+10.5","-10.5","226.5","+370","-480","-110","-110","-110","-110","4.7","1.208333","1.909091","1.909091","1.909091","1.909091"
"Basketball","NBA","2026_03_03","NBA_2026_03_03_Toronto_Raptors_New_York_Knicks","2026_04_17","08:40 PM","Toronto Raptors","New York Knicks","+1.5","-1.5","223.5","+115","-135","-105","-115","-110","-110","2.15","1.740741","1.952381","1.869565","1.909091","1.909091"
"Basketball","NBA","2026_03_04","NBA_2026_03_04_Boston_Celtics_Charlotte_Hornets","2026_04_17","08:40 PM","Boston Celtics","Charlotte Hornets","-6","+6","216","-260","+215","-110","-110","-110","-110","1.384615","3.15","1.909091","1.909091","1.909091","1.909091"
"Basketball","NBA","2026_03_04","NBA_2026_03_04_Los_Angeles_Clippers_Indiana_Pacers","2026_04_17","11:40 PM","Los Angeles Clippers","Indiana Pacers","-12","+12","224.5","-675","+491","-110","-110","-110","-110","1.148148","5.91","1.909091","1.909091","1.909091","1.909091"
"Basketball","NBA","2026_03_04","NBA_2026_03_04_Memphis_Grizzlies_Portland_Trail_Blazers","2026_04_17","09:10 PM","Memphis Grizzlies","Portland Trail Blazers","+6.5","-6.5","237.5","+207","-250","-110","-110","-110","-110","3.07","1.4","1.909091","1.909091","1.909091","1.909091"
"Basketball","NBA","2026_03_04","NBA_2026_03_04_Milwaukee_Bucks_Atlanta_Hawks","2026_04_17","10:40 PM","Milwaukee Bucks","Atlanta Hawks","+1","-1","231","-118","-102","-110","-110","-110","-110","1.847458","1.980392","1.909091","1.909091","1.909091","1.909091"
"Basketball","NBA","2026_03_04","NBA_2026_03_04_New_York_Knicks_Oklahoma_City_Thunder","2026_04_17","08:10 PM","New York Knicks","Oklahoma City Thunder","+3.5","-3.5","222","+165","-190","-110","-110","-110","-110","2.65","1.526316","1.909091","1.909091","1.909091","1.909091"
"Basketball","NBA","2026_03_04","NBA_2026_03_04_Philadelphia_76ers_Utah_Jazz","2026_04_17","08:40 PM","Philadelphia 76ers","Utah Jazz","-9.5","+9.5","241.5","-420","+330","-105","-115","-110","-110","1.238095","4.3","1.952381","1.869565","1.909091","1.909091"
"Basketball","NBA","2026_03_05","NBA_2026_03_05_Orlando_Magic_Dallas_Mavericks","2026_04_17","7:10 PM","Orlando Magic","Dallas Mavericks","-8.5","+8.5","228.5","-360","+285","-115","-105","-110","-110","1.277778","3.85","1.869565","1.952381","1.909091","1.909091"
"Basketball","NBA","2026_03_05","NBA_2026_03_05_Washington_Wizards_Utah_Jazz","2026_04_17","7:10 PM","Washington Wizards","Utah Jazz","-1.5","+1.5","242.5","-125","+105","-115","-105","-115","-105","1.8","2.05","1.869565","1.952381","1.869565","1.952381"
"Basketball","NBA","2026_03_05","NBA_2026_03_05_Houston_Rockets_Golden_State_Warriors","2026_04_17","7:40 PM","Houston Rockets","Golden State Warriors","-9.5","+9.5","215.5","-380","+300","-105","-115","-110","-110","1.263158","4","1.952381","1.869565","1.909091","1.909091"
"Basketball","NBA","2026_03_05","NBA_2026_03_05_Miami_Heat_Brooklyn_Nets","2026_04_17","7:40 PM","Miami Heat","Brooklyn Nets","-12.5","+12.5","225.5","-800","+550","-115","-105","-110","-110","1.125","6.5","1.869565","1.952381","1.909091","1.909091"
"Basketball","NBA","2026_03_05","NBA_2026_03_05_San_Antonio_Spurs_Detroit_Pistons","2026_04_17","8:10 PM","San Antonio Spurs","Detroit Pistons","-3.5","+3.5","227.5","-155","+130","-108","-112","-112","-108","1.645161","2.3","1.925926","1.892857","1.892857","1.925926"
"Basketball","NBA","2026_03_05","NBA_2026_03_05_Minnesota_Timberwolves_Toronto_Raptors","2026_04_17","8:10 PM","Minnesota Timberwolves","Toronto Raptors","-5.5","+5.5","227.5","-238","+195","-115","-105","-110","-110","1.420168","2.95","1.869565","1.952381","1.909091","1.909091"
"Basketball","NBA","2026_03_05","NBA_2026_03_05_Phoenix_Suns_Chicago_Bulls","2026_04_17","9:10 PM","Phoenix Suns","Chicago Bulls","-11.5","+11.5","224.5","-535","+400","-110","-110","-112","-108","1.186916","5","1.909091","1.909091","1.892857","1.925926"
"Basketball","NBA","2026_03_05","NBA_2026_03_05_Denver_Nuggets_Los_Angeles_Lakers","2026_04_17","10:10 PM","Denver Nuggets","Los Angeles Lakers","-5.5","+5.5","240.5","-198","+164","-110","-110","-110","-110","1.505051","2.64","1.909091","1.909091","1.909091","1.909091"
"Basketball","NBA","2026_03_05","NBA_2026_03_05_Sacramento_Kings_New_Orleans_Pelicans","2026_04_17","10:10 PM","Sacramento Kings","New Orleans Pelicans","+4.5","-4.5","233.5","+154","-185","-112","-108","-112","-108","2.54","1.540541","1.892857","1.925926","1.892857","1.925926"
"Basketball","NBA","2026_03_06","NBA_2026_03_06_Boston_Celtics_Dallas_Mavericks","2026_04_17","08:10 PM","Boston Celtics","Dallas Mavericks","-15","+15","224.5","-1000","+661","-110","-110","-110","-110","1.1","7.61","1.909091","1.909091","1.909091","1.909091"
"Basketball","NBA","2026_03_06","NBA_2026_03_06_Charlotte_Hornets_Miami_Heat","2026_04_17","08:10 PM","Charlotte Hornets","Miami Heat","-5","+5","232","-255","+211","-110","-110","-110","-110","1.392157","3.11","1.909091","1.909091","1.909091","1.909091"
"Basketball","NBA","2026_03_06","NBA_2026_03_06_Denver_Nuggets_New_York_Knicks","2026_04_17","10:10 PM","Denver Nuggets","New York Knicks","-1","+1","231","+103","-123","-108","-110","-110","-110","2.03","1.813008","1.925926","1.909091","1.909091","1.909091"
"Basketball","NBA","2026_03_06","NBA_2026_03_06_Houston_Rockets_Portland_Trail_Blazers","2026_04_17","09:10 PM","Houston Rockets","Portland Trail Blazers","-7","+7","224","-260","+215","-110","-110","-105","-115","1.384615","3.15","1.909091","1.909091","1.952381","1.869565"
"Basketball","NBA","2026_03_06","NBA_2026_03_06_Los_Angeles_Lakers_Indiana_Pacers","2026_04_17","11:40 PM","Los Angeles Lakers","Indiana Pacers","-10.5","+10.5","232.5","-475","+367","-110","-110","-115","-105","1.210526","4.67","1.909091","1.909091","1.869565","1.952381"
"Basketball","NBA","2026_03_06","NBA_2026_03_06_Phoenix_Suns_New_Orleans_Pelicans","2026_04_17","10:10 PM","Phoenix Suns","New Orleans Pelicans","-7","+7","227","-230","+192","-110","-110","-110","-110","1.434783","2.92","1.909091","1.909091","1.909091","1.909091"
"Basketball","NBA","2026_03_06","NBA_2026_03_06_San_Antonio_Spurs_Los_Angeles_Clippers","2026_04_17","10:40 PM","San Antonio Spurs","Los Angeles Clippers","-9","+9","224","-305","+249","-110","-110","-110","-110","1.327869","3.49","1.909091","1.909091","1.909091","1.909091"
"Basketball","NBA","2026_03_07","NBA_2026_03_07_Atlanta_Hawks_Philadelphia_76ers","2026_04_17","07:10 PM","Atlanta Hawks","Philadelphia 76ers","-5.5","+5.5","233","-215","+183","-105","-115","-110","-110","1.465116","2.83","1.952381","1.869565","1.909091","1.909091"
"Basketball","NBA","2026_03_07","NBA_2026_03_07_Detroit_Pistons_Brooklyn_Nets","2026_04_17","07:10 PM","Detroit Pistons","Brooklyn Nets","-14","+14","215","-900","+613","-105","-115","-110","-110","1.111111","7.13","1.952381","1.869565","1.909091","1.909091"
"Basketball","NBA","2026_03_07","NBA_2026_03_07_Memphis_Grizzlies_Los_Angeles_Clippers","2026_04_17","09:10 PM","Memphis Grizzlies","Los Angeles Clippers","+7.5","-7.5","228","+245","-300","-110","-110","-110","-110","3.45","1.333333","1.909091","1.909091","1.909091","1.909091"
"Basketball","NBA","2026_03_07","NBA_2026_03_07_Milwaukee_Bucks_Utah_Jazz","2026_04_17","09:10 PM","Milwaukee Bucks","Utah Jazz","-11","+11","233","-550","+415","-110","-110","-110","-110","1.181818","5.15","1.909091","1.909091","1.909091","1.909091"
"Basketball","NBA","2026_03_07","NBA_2026_03_07_Minnesota_Timberwolves_Orlando_Magic","2026_04_17","04:10 PM","Minnesota Timberwolves","Orlando Magic","-7.5","+7.5","226","-265","+219","-110","-110","-110","-110","1.377358","3.19","1.909091","1.909091","1.909091","1.909091"
"Basketball","NBA","2026_03_07","NBA_2026_03_07_Oklahoma_City_Thunder_Golden_State_Warriors","2026_04_17","09:40 PM","Oklahoma City Thunder","Golden State Warriors","-15","+15","220","-800","+561","-110","-110","-110","-110","1.125","6.61","1.909091","1.909091","1.909091","1.909091"
"Basketball","NBA","2026_03_08","NBA_2026_03_08_Cleveland_Cavaliers_Boston_Celtics","2026_04_17","1:10 PM","Cleveland Cavaliers","Boston Celtics","+1.5","-1.5","223.5","-108","-112","-120","+100","-110","-110","1.925926","1.892857","1.833333","2","1.909091","1.909091"
"Basketball","NBA","2026_03_08","NBA_2026_03_08_Los_Angeles_Lakers_New_York_Knicks","2026_04_17","3:40 PM","Los Angeles Lakers","New York Knicks","+2.5","-2.5","228.5","+130","-155","-102","-118","-110","-110","2.3","1.645161","1.980392","1.847458","1.909091","1.909091"
"Basketball","NBA","2026_03_08","NBA_2026_03_08_Miami_Heat_Detroit_Pistons","2026_04_17","6:10 PM","Miami Heat","Detroit Pistons","+1.5","-1.5","229.5","-105","-115","-115","-105","-115","-105","1.952381","1.869565","1.869565","1.952381","1.869565","1.952381"
"Basketball","NBA","2026_03_08","NBA_2026_03_08_Toronto_Raptors_Dallas_Mavericks","2026_04_17","6:10 PM","Toronto Raptors","Dallas Mavericks","-10.5","+10.5","229.5","-440","+340","-108","-112","-108","-112","1.227273","4.4","1.925926","1.892857","1.925926","1.892857"
"Basketball","NBA","2026_03_08","NBA_2026_03_08_New_Orleans_Pelicans_Washington_Wizards","2026_04_17","7:10 PM","New Orleans Pelicans","Washington Wizards","-10.5","+10.5","243.5","-440","+340","-108","-112","-105","-115","1.227273","4.4","1.925926","1.892857","1.952381","1.869565"
"Basketball","NBA","2026_03_08","NBA_2026_03_08_San_Antonio_Spurs_Houston_Rockets","2026_04_17","8:10 PM","San Antonio Spurs","Houston Rockets","-5.5","+5.5","221.5","-218","+180","-108","-112","-115","-105","1.458716","2.8","1.925926","1.892857","1.869565","1.952381"
"Basketball","NBA","2026_03_08","NBA_2026_03_08_Milwaukee_Bucks_Orlando_Magic","2026_04_17","8:10 PM","Milwaukee Bucks","Orlando Magic","+3.5","-3.5","218.5","+136","-162","-105","-115","-115","-105","2.36","1.617284","1.952381","1.869565","1.869565","1.952381"
"Basketball","NBA","2026_03_08","NBA_2026_03_08_Portland_Trail_Blazers_Indiana_Pacers","2026_04_17","9:10 PM","Portland Trail Blazers","Indiana Pacers","-8.5","+8.5","236.5","-395","+310","-115","-105","-108","-112","1.253165","4.1","1.869565","1.952381","1.925926","1.892857"
"Basketball","NBA","2026_03_08","NBA_2026_03_08_Sacramento_Kings_Chicago_Bulls","2026_04_17","9:10 PM","Sacramento Kings","Chicago Bulls","+2.5","-2.5","233.5","+114","-135","-112","-108","-115","-105","2.14","1.740741","1.892857","1.925926","1.869565","1.952381"
"Basketball","NBA","2026_03_08","NBA_2026_03_08_Phoenix_Suns_Charlotte_Hornets","2026_04_17","10:10 PM","Phoenix Suns","Charlotte Hornets","+4.5","-4.5","218.5","+150","-180","-108","-112","-110","-110","2.5","1.555556","1.925926","1.892857","1.909091","1.909091"
"Basketball","NBA","2026_03_09","NBA_2026_03_09_Cleveland_Cavaliers_Philadelphia_76ers","2026_04_17","7:00 PM","Cleveland Cavaliers","Philadelphia 76ers","-11.5","+11.5","226.5","-550","+410","-112","-108","-115","-105","1.181818","5.1","1.892857","1.925926","1.869565","1.952381"
"Basketball","NBA","2026_03_09","NBA_2026_03_09_Oklahoma_City_Thunder_Denver_Nuggets","2026_04_17","7:30 PM","Oklahoma City Thunder","Denver Nuggets","-6.5","+6.5","230.5","-285","+230","-118","-102","-110","-110","1.350877","3.3","1.847458","1.980392","1.909091","1.909091"
"Basketball","NBA","2026_03_09","NBA_2026_03_09_Brooklyn_Nets_Memphis_Grizzlies","2026_04_17","7:30 PM","Brooklyn Nets","Memphis Grizzlies","+1.5","-1.5","220.5","-105","-115","-115","-105","-115","-105","1.952381","1.869565","1.869565","1.952381","1.869565","1.952381"
"Basketball","NBA","2026_03_09","NBA_2026_03_09_Utah_Jazz_Golden_State_Warriors","2026_04_17","9:00 PM","Utah Jazz","Golden State Warriors","+5.5","-5.5","226.5","+180","-218","-110","-110","-115","-105","2.8","1.458716","1.909091","1.909091","1.869565","1.952381"
"Basketball","NBA","2026_03_09","NBA_2026_03_09_Los_Angeles_Clippers_New_York_Knicks","2026_04_17","10:00 PM","Los Angeles Clippers","New York Knicks","+2.5","-2.5","220.5","+114","-135","-115","-105","-110","-110","2.14","1.740741","1.869565","1.952381","1.909091","1.909091"
"Basketball","NBA","2026_03_10","NBA_2026_03_10_Philadelphia_76ers_Memphis_Grizzlies","2026_04_17","7:10 PM","Philadelphia 76ers","Memphis Grizzlies","-3.5","+3.5","228.5","-162","+136","-112","-108","-115","-105","1.617284","2.36","1.892857","1.925926","1.869565","1.952381"
"Basketball","NBA","2026_03_10","NBA_2026_03_10_Brooklyn_Nets_Detroit_Pistons","2026_04_17","7:40 PM","Brooklyn Nets","Detroit Pistons","+14.5","-14.5","216.5","+700","-1100","-105","-115","-105","-115","8","1.090909","1.952381","1.869565","1.952381","1.869565"
"Basketball","NBA","2026_03_10","NBA_2026_03_10_Atlanta_Hawks_Dallas_Mavericks","2026_04_17","7:40 PM","Atlanta Hawks","Dallas Mavericks","-9.5","+9.5","240.5","-410","+320","-112","-108","-112","-108","1.243902","4.2","1.892857","1.925926","1.892857","1.925926"
"Basketball","NBA","2026_03_10","NBA_2026_03_10_Miami_Heat_Washington_Wizards","2026_04_17","7:40 PM","Miami Heat","Washington Wizards","-16.5","+16.5","238.5","-1100","+700","-105","-115","-105","-115","1.090909","8","1.952381","1.869565","1.952381","1.869565"
"Basketball","NBA","2026_03_10","NBA_2026_03_10_San_Antonio_Spurs_Boston_Celtics","2026_04_17","8:10 PM","San Antonio Spurs","Boston Celtics","-3.5","+3.5","221.5","-155","+130","-108","-112","-105","-115","1.645161","2.3","1.925926","1.892857","1.952381","1.869565"
"Basketball","NBA","2026_03_10","NBA_2026_03_10_Houston_Rockets_Toronto_Raptors","2026_04_17","8:10 PM","Houston Rockets","Toronto Raptors","-4.5","+4.5","220.5","-192","+160","-108","-112","-105","-115","1.520833","2.6","1.925926","1.892857","1.952381","1.869565"
"Basketball","NBA","2026_03_10","NBA_2026_03_10_Milwaukee_Bucks_Phoenix_Suns","2026_04_17","8:10 PM","Milwaukee Bucks","Phoenix Suns","+1.5","-1.5","218.5","-102","-118","-115","-105","-112","-108","1.980392","1.847458","1.869565","1.952381","1.892857","1.925926"
"Basketball","NBA","2026_03_10","NBA_2026_03_10_Portland_Trail_Blazers_Charlotte_Hornets","2026_04_17","10:10 PM","Portland Trail Blazers","Charlotte Hornets","+3.5","-3.5","227.5","+130","-155","-118","-102","-112","-108","2.3","1.645161","1.847458","1.980392","1.892857","1.925926"
"Basketball","NBA","2026_03_10","NBA_2026_03_10_Golden_State_Warriors_Chicago_Bulls","2026_04_17","10:10 PM","Golden State Warriors","Chicago Bulls","-6.5","+6.5","227.5","-238","+195","-105","-115","-110","-110","1.420168","2.95","1.952381","1.869565","1.909091","1.909091"
"Basketball","NBA","2026_03_10","NBA_2026_03_10_Sacramento_Kings_Indiana_Pacers","2026_04_17","10:10 PM","Sacramento Kings","Indiana Pacers","-2.5","+2.5","236.5","-155","+130","-118","-102","-112","-108","1.645161","2.3","1.847458","1.980392","1.892857","1.925926"
"Basketball","NBA","2026_03_10","NBA_2026_03_10_Los_Angeles_Lakers_Minnesota_Timberwolves","2026_04_17","11:10 PM","Los Angeles Lakers","Minnesota Timberwolves","+2.5","-2.5","230.5","+120","-142","-108","-112","-110","-110","2.2","1.704225","1.925926","1.892857","1.909091","1.909091"
"Basketball","NBA","2026_03_11","NBA_2026_03_11_Orlando_Magic_Cleveland_Cavaliers","2026_04_17","7:40 PM","Orlando Magic","Cleveland Cavaliers","+3.5","-3.5","226.5","+136","-162","-110","-110","-105","-115","2.36","1.617284","1.909091","1.909091","1.952381","1.869565"
"Basketball","NBA","2026_03_11","NBA_2026_03_11_New_Orleans_Pelicans_Toronto_Raptors","2026_04_17","8:10 PM","New Orleans Pelicans","Toronto Raptors","+1.5","-1.5","232.5","+100","-120","-110","-110","-112","-108","2","1.833333","1.909091","1.909091","1.892857","1.925926"
"Basketball","NBA","2026_03_11","NBA_2026_03_11_Utah_Jazz_New_York_Knicks","2026_04_17","9:10 PM","Utah Jazz","New York Knicks","+12.5","-12.5","229.5","+525","-750","-110","-110","-112","-108","6.25","1.133333","1.909091","1.909091","1.892857","1.925926"
"Basketball","NBA","2026_03_11","NBA_2026_03_11_Denver_Nuggets_Houston_Rockets","2026_04_17","10:10 PM","Denver Nuggets","Houston Rockets","-5.5","+5.5","229.5","-218","+180","-110","-110","-105","-115","1.458716","2.8","1.909091","1.909091","1.952381","1.869565"
"Basketball","NBA","2026_03_11","NBA_2026_03_11_Los_Angeles_Clippers_Minnesota_Timberwolves","2026_04_17","10:40 PM","Los Angeles Clippers","Minnesota Timberwolves","-2.5","+2.5","225.5","-135","+114","-110","-110","-115","-105","1.740741","2.14","1.909091","1.909091","1.869565","1.952381"
"Basketball","NBA","2026_03_12","NBA_2026_03_12_Detroit_Pistons_Philadelphia_76ers","2026_04_17","7:10 PM","Detroit Pistons","Philadelphia 76ers","-14.5","+14.5","220.5","-900","+600","-110","-110","-112","-108","1.111111","7","1.909091","1.909091","1.892857","1.925926"
"Basketball","NBA","2026_03_12","NBA_2026_03_12_Indiana_Pacers_Phoenix_Suns","2026_04_17","7:10 PM","Indiana Pacers","Phoenix Suns","+8.5","-8.5","225.5","+300","-380","-108","-112","-110","-110","4","1.263158","1.925926","1.892857","1.909091","1.909091"
"Basketball","NBA","2026_03_12","NBA_2026_03_12_Orlando_Magic_Washington_Wizards","2026_04_17","7:10 PM","Orlando Magic","Washington Wizards","-15.5","+15.5","232.5","-1350","+800","-105","-115","-108","-112","1.074074","9","1.952381","1.869565","1.925926","1.892857"
"Basketball","NBA","2026_03_12","NBA_2026_03_12_Miami_Heat_Milwaukee_Bucks","2026_04_17","7:40 PM","Miami Heat","Milwaukee Bucks","-6.5","+6.5","231.5","-238","+195","-112","-108","-108","-112","1.420168","2.95","1.892857","1.925926","1.925926","1.892857"
"Basketball","NBA","2026_03_12","NBA_2026_03_12_Atlanta_Hawks_Brooklyn_Nets","2026_04_17","7:40 PM","Atlanta Hawks","Brooklyn Nets","-14.5","+14.5","226.5","-1000","+650","-115","-105","-110","-110","1.1","7.5","1.869565","1.952381","1.909091","1.909091"
"Basketball","NBA","2026_03_12","NBA_2026_03_12_Memphis_Grizzlies_Dallas_Mavericks","2026_04_17","8:10 PM","Memphis Grizzlies","Dallas Mavericks","+4.5","-4.5","237.5","+164","-198","-108","-112","-110","-110","2.64","1.505051","1.925926","1.892857","1.909091","1.909091"
"Basketball","NBA","2026_03_12","NBA_2026_03_12_San_Antonio_Spurs_Denver_Nuggets","2026_04_17","9:10 PM","San Antonio Spurs","Denver Nuggets","-5.5","+5.5","236.5","-225","+185","-118","-102","-115","-105","1.444444","2.85","1.847458","1.980392","1.869565","1.952381"
"Basketball","NBA","2026_03_12","NBA_2026_03_12_Oklahoma_City_Thunder_Boston_Celtics","2026_04_17","9:40 PM","Oklahoma City Thunder","Boston Celtics","-6.5","+6.5","216.5","-270","+220","-110","-110","-105","-115","1.37037","3.2","1.909091","1.909091","1.952381","1.869565"
"Basketball","NBA","2026_03_12","NBA_2026_03_12_Los_Angeles_Lakers_Chicago_Bulls","2026_04_17","10:40 PM","Los Angeles Lakers","Chicago Bulls","-11.5","+11.5","235.5","-535","+400","-102","-118","-108","-112","1.186916","5","1.980392","1.847458","1.925926","1.892857"
"Basketball","NBA","2026_03_13","NBA_2026_03_13_Indiana_Pacers_New_York_Knicks","2026_04_17","7:40 PM","Indiana Pacers","New York Knicks","+13.5","-13.5","227.5","+575","-850","-112","-108","-110","-110","6.75","1.117647","1.892857","1.925926","1.909091","1.909091"
"Basketball","NBA","2026_03_13","NBA_2026_03_13_Dallas_Mavericks_Cleveland_Cavaliers","2026_04_17","7:40 PM","Dallas Mavericks","Cleveland Cavaliers","+13.5","-13.5","235.5","+500","-700","-115","-105","-115","-105","6","1.142857","1.869565","1.952381","1.869565","1.952381"
"Basketball","NBA","2026_03_13","NBA_2026_03_13_Detroit_Pistons_Memphis_Grizzlies","2026_04_17","7:40 PM","Detroit Pistons","Memphis Grizzlies","-15.5","+15.5","232.5","-1200","+750","-110","-110","-110","-110","1.083333","8.5","1.909091","1.909091","1.909091","1.909091"
"Basketball","NBA","2026_03_13","NBA_2026_03_13_Toronto_Raptors_Phoenix_Suns","2026_04_17","7:40 PM","Toronto Raptors","Phoenix Suns","-4.5","+4.5","218.5","-185","+154","-108","-112","-110","-110","1.540541","2.54","1.925926","1.892857","1.909091","1.909091"
"Basketball","NBA","2026_03_13","NBA_2026_03_13_Houston_Rockets_New_Orleans_Pelicans","2026_04_17","8:10 PM","Houston Rockets","New Orleans Pelicans","-6.5","+6.5","229.5","-285","+230","-118","-102","-105","-115","1.350877","3.3","1.847458","1.980392","1.952381","1.869565"
"Basketball","NBA","2026_03_13","NBA_2026_03_13_Golden_State_Warriors_Minnesota_Timberwolves","2026_04_17","10:10 PM","Golden State Warriors","Minnesota Timberwolves","+5.5","-5.5","225.5","+190","-230","-105","-115","-110","-110","2.9","1.434783","1.952381","1.869565","1.909091","1.909091"
"Basketball","NBA","2026_03_13","NBA_2026_03_13_Portland_Trail_Blazers_Utah_Jazz","2026_04_17","10:10 PM","Portland Trail Blazers","Utah Jazz","-14.5","+14.5","236.5","-1000","+650","-112","-108","-110","-110","1.1","7.5","1.892857","1.925926","1.909091","1.909091"
"Basketball","NBA","2026_03_13","NBA_2026_03_13_Los_Angeles_Clippers_Chicago_Bulls","2026_04_17","10:40 PM","Los Angeles Clippers","Chicago Bulls","-13.5","+13.5","234.5","-650","+470","-102","-118","-110","-110","1.153846","5.7","1.980392","1.847458","1.909091","1.909091"
"Basketball","NBA","2026_03_14","NBA_2026_03_14_Philadelphia_76ers_Brooklyn_Nets","2026_04_17","1:10 PM","Philadelphia 76ers","Brooklyn Nets","-8.5","+8.5","216.5","-380","+300","-112","-108","-115","-105","1.263158","4","1.892857","1.925926","1.869565","1.952381"
"Basketball","NBA","2026_03_14","NBA_2026_03_14_Atlanta_Hawks_Milwaukee_Bucks","2026_04_17","3:10 PM","Atlanta Hawks","Milwaukee Bucks","-9.5","+9.5","229.5","-355","+280","-108","-112","-115","-105","1.28169","3.8","1.925926","1.892857","1.869565","1.952381"
"Basketball","NBA","2026_03_14","NBA_2026_03_14_San_Antonio_Spurs_Charlotte_Hornets","2026_04_17","3:40 PM","San Antonio Spurs","Charlotte Hornets","-5.5","+5.5","228.5","-218","+180","-102","-118","-112","-108","1.458716","2.8","1.980392","1.847458","1.892857","1.925926"
"Basketball","NBA","2026_03_14","NBA_2026_03_14_Boston_Celtics_Washington_Wizards","2026_04_17","6:10 PM","Boston Celtics","Washington Wizards","-19.5","+19.5","230.5","-2100","+1100","-112","-108","-108","-112","1.047619","12","1.892857","1.925926","1.925926","1.892857"
"Basketball","NBA","2026_03_14","NBA_2026_03_14_Miami_Heat_Orlando_Magic","2026_04_17","8:10 PM","Miami Heat","Orlando Magic","-3.5","+3.5","236.5","-162","+136","-115","-105","-110","-110","1.617284","2.36","1.869565","1.952381","1.909091","1.909091"
"Basketball","NBA","2026_03_14","NBA_2026_03_14_Los_Angeles_Lakers_Denver_Nuggets","2026_04_17","8:40 PM","Los Angeles Lakers","Denver Nuggets","+3.5","-3.5","246.5","+130","-155","-118","-102","-105","-115","2.3","1.645161","1.847458","1.980392","1.952381","1.869565"
"Basketball","NBA","2026_03_14","NBA_2026_03_14_Los_Angeles_Clippers_Sacramento_Kings","2026_04_17","10:40 PM","Los Angeles Clippers","Sacramento Kings","-13.5","+13.5","231.5","-950","+625","-112","-108","-108","-112","1.105263","7.25","1.892857","1.925926","1.925926","1.892857"
"Basketball","NBA","2026_03_15","NBA_2026_03_15_Oklahoma_City_Thunder_Minnesota_Timberwolves","2026_04_17","1:10 PM","Oklahoma City Thunder","Minnesota Timberwolves","-9.5","+9.5","225.5","-395","+310","-102","-118","-105","-115","1.253165","4.1","1.980392","1.847458","1.952381","1.869565"
"Basketball","NBA","2026_03_15","NBA_2026_03_15_Toronto_Raptors_Detroit_Pistons","2026_04_17","3:40 PM","Toronto Raptors","Detroit Pistons","+3.5","-3.5","222.5","+145","-175","-105","-115","-115","-105","2.45","1.571429","1.952381","1.869565","1.869565","1.952381"
"Basketball","NBA","2026_03_15","NBA_2026_03_15_Cleveland_Cavaliers_Dallas_Mavericks","2026_04_17","3:40 PM","Cleveland Cavaliers","Dallas Mavericks","-16.5","+16.5","235.5","-1600","+900","-112","-108","-110","-110","1.0625","10","1.892857","1.925926","1.909091","1.909091"
"Basketball","NBA","2026_03_15","NBA_2026_03_15_Milwaukee_Bucks_Indiana_Pacers","2026_04_17","3:40 PM","Milwaukee Bucks","Indiana Pacers","-7.5","+7.5","227.5","-285","+230","-115","-105","-110","-110","1.350877","3.3","1.869565","1.952381","1.909091","1.909091"
"Basketball","NBA","2026_03_15","NBA_2026_03_15_Philadelphia_76ers_Portland_Trail_Blazers","2026_04_17","6:10 PM","Philadelphia 76ers","Portland Trail Blazers","+8.5","-8.5","229.5","+270","-340","-115","-105","-105","-115","3.7","1.294118","1.869565","1.952381","1.952381","1.869565"
"Basketball","NBA","2026_03_15","NBA_2026_03_15_New_York_Knicks_Golden_State_Warriors","2026_04_17","8:10 PM","New York Knicks","Golden State Warriors","-13.5","+13.5","218.5","-850","+575","-108","-112","-112","-108","1.117647","6.75","1.925926","1.892857","1.892857","1.925926"
"Basketball","NBA","2026_03_15","NBA_2026_03_15_Sacramento_Kings_Utah_Jazz","2026_04_17","10:10 PM","Sacramento Kings","Utah Jazz","-2.5","+2.5","233.5","-142","+120","-105","-115","-110","-110","1.704225","2.2","1.952381","1.869565","1.909091","1.909091"
"Basketball","NBA","2026_03_16","NBA_2026_03_16_Atlanta_Hawks_Orlando_Magic","2026_04_17","7:10 PM","Atlanta Hawks","Orlando Magic","-2.5","+2.5","229.5","-142","+120","-110","-110","-108","-112","1.704225","2.2","1.909091","1.909091","1.925926","1.892857"
"Basketball","NBA","2026_03_16","NBA_2026_03_16_Washington_Wizards_Golden_State_Warriors","2026_04_17","7:10 PM","Washington Wizards","Golden State Warriors","+7.5","-7.5","232.5","+250","-310","-110","-110","-105","-115","3.5","1.322581","1.909091","1.909091","1.952381","1.869565"
"Basketball","NBA","2026_03_16","NBA_2026_03_16_Boston_Celtics_Phoenix_Suns","2026_04_17","7:40 PM","Boston Celtics","Phoenix Suns","-8.5","+8.5","213.5","-425","+330","-118","-102","-110","-110","1.235294","4.3","1.847458","1.980392","1.909091","1.909091"
"Basketball","NBA","2026_03_16","NBA_2026_03_16_Brooklyn_Nets_Portland_Trail_Blazers","2026_04_17","7:40 PM","Brooklyn Nets","Portland Trail Blazers","+10.5","-10.5","222.5","+340","-440","-118","-102","-110","-110","4.4","1.227273","1.847458","1.980392","1.909091","1.909091"
"Basketball","NBA","2026_03_16","NBA_2026_03_16_Chicago_Bulls_Memphis_Grizzlies","2026_04_17","8:10 PM","Chicago Bulls","Memphis Grizzlies","-6.5","+6.5","243.5","-245","+200","-102","-118","-108","-112","1.408163","3","1.980392","1.847458","1.925926","1.892857"
"Basketball","NBA","2026_03_16","NBA_2026_03_16_New_Orleans_Pelicans_Dallas_Mavericks","2026_04_17","8:10 PM","New Orleans Pelicans","Dallas Mavericks","-8.5","+8.5","239.5","-355","+280","-112","-108","-105","-115","1.28169","3.8","1.892857","1.925926","1.952381","1.869565"
"Basketball","NBA","2026_03_16","NBA_2026_03_16_Houston_Rockets_Los_Angeles_Lakers","2026_04_17","9:40 PM","Houston Rockets","Los Angeles Lakers","-2.5","+2.5","227.5","-148","+124","-110","-110","-105","-115","1.675676","2.24","1.909091","1.909091","1.952381","1.869565"
"Basketball","NBA","2026_03_16","NBA_2026_03_16_Los_Angeles_Clippers_San_Antonio_Spurs","2026_04_17","10:10 PM","Los Angeles Clippers","San Antonio Spurs","+9.5","-9.5","228.5","+310","-395","-110","-110","-105","-115","4.1","1.253165","1.909091","1.909091","1.952381","1.869565"
"Basketball","NBA","2026_03_17","NBA_2026_03_17_Charlotte_Hornets_Miami_Heat","2026_04_17","07:10 PM","Charlotte Hornets","Miami Heat","-3.5","+3.5","232.5","-175","+153","-110","-110","-110","-110","1.571429","2.53","1.909091","1.909091","1.909091","1.909091"
"Basketball","NBA","2026_03_17","NBA_2026_03_17_Denver_Nuggets_Philadelphia_76ers","2026_04_17","10:10 PM","Denver Nuggets","Philadelphia 76ers","-16","+16","233","-1100","+709","-110","-110","-110","-110","1.090909","8.09","1.909091","1.909091","1.909091","1.909091"
"Basketball","NBA","2026_03_17","NBA_2026_03_17_Milwaukee_Bucks_Cleveland_Cavaliers","2026_04_17","08:10 PM","Milwaukee Bucks","Cleveland Cavaliers","+9","-9","229","+354","-455","-105","-115","-110","-110","4.54","1.21978","1.952381","1.869565","1.909091","1.909091"
"Basketball","NBA","2026_03_17","NBA_2026_03_17_Minnesota_Timberwolves_Phoenix_Suns","2026_04_17","08:10 PM","Minnesota Timberwolves","Phoenix Suns","-8","+8","227","-182","+159","-110","-110","-110","-110","1.549451","2.59","1.909091","1.909091","1.909091","1.909091"
"Basketball","NBA","2026_03_17","NBA_2026_03_17_New_York_Knicks_Indiana_Pacers","2026_04_17","07:40 PM","New York Knicks","Indiana Pacers","-17.5","+17.5","225","-1300","+795","-110","-110","-110","-110","1.076923","8.95","1.909091","1.909091","1.909091","1.909091"
"Basketball","NBA","2026_03_17","NBA_2026_03_17_Orlando_Magic_Oklahoma_City_Thunder","2026_04_17","07:10 PM","Orlando Magic","Oklahoma City Thunder","+9","-9","224","+350","-450","-105","-115","-110","-110","4.5","1.222222","1.952381","1.869565","1.909091","1.909091"
"Basketball","NBA","2026_03_17","NBA_2026_03_17_Sacramento_Kings_San_Antonio_Spurs","2026_04_17","10:10 PM","Sacramento Kings","San Antonio Spurs","+13.5","-13.5","233","+476","-650","-110","-110","-110","-110","5.76","1.153846","1.909091","1.909091","1.909091","1.909091"
"Basketball","NBA","2026_03_17","NBA_2026_03_17_Washington_Wizards_Detroit_Pistons","2026_04_17","07:10 PM","Washington Wizards","Detroit Pistons","+18.5","-18.5","235","+910","-1600","-110","-110","-110","-110","10.1","1.0625","1.909091","1.909091","1.909091","1.909091"
"Basketball","NBA","2026_03_18","NBA_2026_03_18_Boston_Celtics_Golden_State_Warriors","2026_04_17","07:10 PM","Boston Celtics","Golden State Warriors","-13","+13","215.5","-620","+458","-110","-110","-110","-110","1.16129","5.58","1.909091","1.909091","1.909091","1.909091"
"Basketball","NBA","2026_03_18","NBA_2026_03_18_Brooklyn_Nets_Oklahoma_City_Thunder","2026_04_17","07:40 PM","Brooklyn Nets","Oklahoma City Thunder","+19.5","-19.5","214.5","+1156","-2500","-110","-110","-110","-110","12.56","1.04","1.909091","1.909091","1.909091","1.909091"
"Basketball","NBA","2026_03_18","NBA_2026_03_18_Chicago_Bulls_Toronto_Raptors","2026_04_17","08:10 PM","Chicago Bulls","Toronto Raptors","+7.5","-7.5","233","+245","-300","-110","-110","-110","-110","3.45","1.333333","1.909091","1.909091","1.909091","1.909091"
"Basketball","NBA","2026_03_18","NBA_2026_03_18_Dallas_Mavericks_Atlanta_Hawks","2026_04_17","08:40 PM","Dallas Mavericks","Atlanta Hawks","+8","-8","236.5","+267","-330","-110","-110","-110","-110","3.67","1.30303","1.909091","1.909091","1.909091","1.909091"
"Basketball","NBA","2026_03_18","NBA_2026_03_18_Houston_Rockets_Los_Angeles_Lakers","2026_04_17","09:40 PM","Houston Rockets","Los Angeles Lakers","-1.5","+1.5","222","-135","+115","-110","-110","-110","-110","1.740741","2.15","1.909091","1.909091","1.909091","1.909091"
"Basketball","NBA","2026_03_18","NBA_2026_03_18_Indiana_Pacers_Portland_Trail_Blazers","2026_04_17","07:40 PM","Indiana Pacers","Portland Trail Blazers","+10","-10","231","+383","-500","-110","-110","-110","-110","4.83","1.2","1.909091","1.909091","1.909091","1.909091"
"Basketball","NBA","2026_03_18","NBA_2026_03_18_Memphis_Grizzlies_Denver_Nuggets","2026_04_17","08:40 PM","Memphis Grizzlies","Denver Nuggets","+12.5","-12.5","240.5","+561","-800","-110","-110","-110","-110","6.61","1.125","1.909091","1.909091","1.909091","1.909091"
"Basketball","NBA","2026_03_18","NBA_2026_03_18_Minnesota_Timberwolves_Utah_Jazz","2026_04_17","08:10 PM","Minnesota Timberwolves","Utah Jazz","-12","+12","233","-620","+458","-110","-110","-110","-110","1.16129","5.58","1.909091","1.909091","1.909091","1.909091"
"Basketball","NBA","2026_03_18","NBA_2026_03_18_New_Orleans_Pelicans_Los_Angeles_Clippers","2026_04_17","08:10 PM","New Orleans Pelicans","Los Angeles Clippers","-2","+2","230.5","-125","+105","-110","-110","-110","-110","1.8","2.05","1.909091","1.909091","1.909091","1.909091"
"Basketball","NBA","2026_03_19","NBA_2026_03_19_Charlotte_Hornets_Orlando_Magic","2026_04_17","7:10 PM","Charlotte Hornets","Orlando Magic","-4.5","+4.5","225.5","-205","+170","-118","-102","-112","-108","1.487805","2.7","1.847458","1.980392","1.892857","1.925926"
"Basketball","NBA","2026_03_19","NBA_2026_03_19_Washington_Wizards_Detroit_Pistons","2026_04_17","7:10 PM","Washington Wizards","Detroit Pistons","+15.5","-15.5","230.5","+800","-1350","-105","-115","-110","-110","9","1.074074","1.952381","1.869565","1.909091","1.909091"
"Basketball","NBA","2026_03_19","NBA_2026_03_19_San_Antonio_Spurs_Phoenix_Suns","2026_04_17","8:10 PM","San Antonio Spurs","Phoenix Suns","-9.5","+9.5","227.5","-470","+360","-112","-108","-105","-115","1.212766","4.6","1.892857","1.925926","1.952381","1.869565"
"Basketball","NBA","2026_03_19","NBA_2026_03_19_Chicago_Bulls_Cleveland_Cavaliers","2026_04_17","8:10 PM","Chicago Bulls","Cleveland Cavaliers","+12.5","-12.5","240.5","+525","-750","-102","-118","-112","-108","6.25","1.133333","1.980392","1.847458","1.892857","1.925926"
"Basketball","NBA","2026_03_19","NBA_2026_03_19_Miami_Heat_Los_Angeles_Lakers","2026_04_17","8:10 PM","Miami Heat","Los Angeles Lakers","-2.5","+2.5","239.5","-155","+130","-115","-105","-110","-110","1.645161","2.3","1.869565","1.952381","1.909091","1.909091"
"Basketball","NBA","2026_03_19","NBA_2026_03_19_New_Orleans_Pelicans_Los_Angeles_Clippers","2026_04_17","8:10 PM","New Orleans Pelicans","Los Angeles Clippers","-1.5","+1.5","233.5","-120","+100","-112","-108","-110","-110","1.833333","2","1.892857","1.925926","1.909091","1.909091"
"Basketball","NBA","2026_03_19","NBA_2026_03_19_Utah_Jazz_Milwaukee_Bucks","2026_04_17","9:10 PM","Utah Jazz","Milwaukee Bucks","+5.5","-5.5","229.5","+180","-218","-115","-105","-110","-110","2.8","1.458716","1.869565","1.952381","1.909091","1.909091"
"Basketball","NBA","2026_03_19","NBA_2026_03_19_Sacramento_Kings_Philadelphia_76ers","2026_04_17","10:10 PM","Sacramento Kings","Philadelphia 76ers","+3.5","-3.5","230.5","+130","-155","-112","-108","-115","-105","2.3","1.645161","1.892857","1.925926","1.869565","1.952381"
"Basketball","NBA","2026_03_20","NBA_2026_03_20_Brooklyn_Nets_New_York_Knicks","2026_04_17","7:40 PM","Brooklyn Nets","New York Knicks","+17.5","-17.5","215.5","+1000","-1800","-105","-115","-115","-105","11","1.055556","1.952381","1.869565","1.869565","1.952381"
"Basketball","NBA","2026_03_20","NBA_2026_03_20_Detroit_Pistons_Golden_State_Warriors","2026_04_17","7:40 PM","Detroit Pistons","Golden State Warriors","-6.5","+6.5","217.5","-245","+200","-112","-108","-112","-108","1.408163","3","1.892857","1.925926","1.892857","1.925926"
"Basketball","NBA","2026_03_20","NBA_2026_03_20_Memphis_Grizzlies_Boston_Celtics","2026_04_17","8:10 PM","Memphis Grizzlies","Boston Celtics","+15.5","-15.5","228.5","+750","-1200","-112","-108","-110","-110","8.5","1.083333","1.892857","1.925926","1.909091","1.909091"
"Basketball","NBA","2026_03_20","NBA_2026_03_20_Houston_Rockets_Atlanta_Hawks","2026_04_17","8:10 PM","Houston Rockets","Atlanta Hawks","-3.5","+3.5","227.5","-166","+140","-115","-105","-110","-110","1.60241","2.4","1.869565","1.952381","1.909091","1.909091"
"Basketball","NBA","2026_03_20","NBA_2026_03_20_Minnesota_Timberwolves_Portland_Trail_Blazers","2026_04_17","8:10 PM","Minnesota Timberwolves","Portland Trail Blazers","-2.5","+2.5","230.5","-142","+120","-118","-102","-110","-110","1.704225","2.2","1.847458","1.980392","1.909091","1.909091"
"Basketball","NBA","2026_03_20","NBA_2026_03_20_Denver_Nuggets_Toronto_Raptors","2026_04_17","9:10 PM","Denver Nuggets","Toronto Raptors","-6.5","+6.5","235.5","-258","+210","-112","-108","-115","-105","1.387597","3.1","1.892857","1.925926","1.869565","1.952381"
"Basketball","NBA","2026_03_21","NBA_2026_03_21_Washington_Wizards_Oklahoma_City_Thunder","2026_04_17","5:10 PM","Washington Wizards","Oklahoma City Thunder","+20.5","-20.5","229.5","+1300","-2800","-105","-115","-110","-110","14","1.035714","1.952381","1.869565","1.909091","1.909091"
"Basketball","NBA","2026_03_21","NBA_2026_03_21_Orlando_Magic_Los_Angeles_Lakers","2026_04_17","7:10 PM","Orlando Magic","Los Angeles Lakers","+2.5","-2.5","232.5","+124","-148","-105","-115","-115","-105","2.24","1.675676","1.952381","1.869565","1.869565","1.952381"
"Basketball","NBA","2026_03_21","NBA_2026_03_21_New_Orleans_Pelicans_Cleveland_Cavaliers","2026_04_17","7:10 PM","New Orleans Pelicans","Cleveland Cavaliers","+4.5","-4.5","235.5","+164","-198","-112","-108","-108","-112","2.64","1.505051","1.892857","1.925926","1.925926","1.892857"
"Basketball","NBA","2026_03_21","NBA_2026_03_21_Charlotte_Hornets_Memphis_Grizzlies","2026_04_17","7:10 PM","Charlotte Hornets","Memphis Grizzlies","-16.5","+16.5","234.5","-1200","+750","-112","-108","-112","-108","1.083333","8.5","1.892857","1.925926","1.892857","1.925926"
"Basketball","NBA","2026_03_21","NBA_2026_03_21_San_Antonio_Spurs_Indiana_Pacers","2026_04_17","8:10 PM","San Antonio Spurs","Indiana Pacers","-18.5","+18.5","233.5","-2100","+1100","-115","-105","-110","-110","1.047619","12","1.869565","1.952381","1.909091","1.909091"
"Basketball","NBA","2026_03_21","NBA_2026_03_21_Atlanta_Hawks_Golden_State_Warriors","2026_04_17","8:10 PM","Atlanta Hawks","Golden State Warriors","-10.5","+10.5","229.5","-410","+320","-105","-115","-105","-115","1.243902","4.2","1.952381","1.869565","1.952381","1.869565"
"Basketball","NBA","2026_03_21","NBA_2026_03_21_Houston_Rockets_Miami_Heat","2026_04_17","8:10 PM","Houston Rockets","Miami Heat","-1.5","+1.5","229.5","-135","+114","-118","-102","-110","-110","1.740741","2.14","1.847458","1.980392","1.909091","1.909091"
"Basketball","NBA","2026_03_21","NBA_2026_03_21_Dallas_Mavericks_Los_Angeles_Clippers","2026_04_17","8:40 PM","Dallas Mavericks","Los Angeles Clippers","+6.5","-6.5","233.5","+235","-290","-102","-118","-110","-110","3.35","1.344828","1.980392","1.847458","1.909091","1.909091"
"Basketball","NBA","2026_03_21","NBA_2026_03_21_Utah_Jazz_Philadelphia_76ers","2026_04_17","9:40 PM","Utah Jazz","Philadelphia 76ers","+5.5","-5.5","230.5","+210","-258","-105","-115","-110","-110","3.1","1.387597","1.952381","1.869565","1.909091","1.909091"
"Basketball","NBA","2026_03_21","NBA_2026_03_21_Phoenix_Suns_Milwaukee_Bucks","2026_04_17","10:10 PM","Phoenix Suns","Milwaukee Bucks","-11.5","+11.5","219.5","-600","+440","-110","-110","-110","-110","1.166667","5.4","1.909091","1.909091","1.909091","1.909091"
"Basketball","NBA","2026_03_22","NBA_2026_03_22_Denver_Nuggets_Portland_Trail_Blazers","2026_04_17","5:10 PM","Denver Nuggets","Portland Trail Blazers","-8.5","+8.5","240.5","-375","+295","-110","-110","-112","-108","1.266667","3.95","1.909091","1.909091","1.892857","1.925926"
"Basketball","NBA","2026_03_22","NBA_2026_03_22_Sacramento_Kings_Brooklyn_Nets","2026_04_17","6:10 PM","Sacramento Kings","Brooklyn Nets","-6.5","+6.5","218.5","-250","+205","-110","-110","-110","-110","1.4","3.05","1.909091","1.909091","1.909091","1.909091"
"Basketball","NBA","2026_03_22","NBA_2026_03_22_New_York_Knicks_Washington_Wizards","2026_04_17","7:40 PM","New York Knicks","Washington Wizards","-19.5","+19.5","226.5","-2400","+1200","-115","-105","-115","-105","1.041667","13","1.869565","1.952381","1.869565","1.952381"
"Basketball","NBA","2026_03_22","NBA_2026_03_22_Boston_Celtics_Minnesota_Timberwolves","2026_04_17","8:10 PM","Boston Celtics","Minnesota Timberwolves","-9.5","+9.5","221.5","-380","+300","-118","-102","-108","-112","1.263158","4","1.847458","1.980392","1.925926","1.892857"
"Basketball","NBA","2026_03_22","NBA_2026_03_22_Phoenix_Suns_Toronto_Raptors","2026_04_17","9:10 PM","Phoenix Suns","Toronto Raptors","+2.5","-2.5","220.5","+124","-148","-108","-112","-110","-110","2.24","1.675676","1.925926","1.892857","1.909091","1.909091"
"Basketball","NBA","2026_03_23","NBA_2026_03_23_Detroit_Pistons_Los_Angeles_Lakers","2026_04_17","7:00 PM","Detroit Pistons","Los Angeles Lakers","+2.5","-2.5","226.5","+120","-142","-112","-108","-105","-115","2.2","1.704225","1.892857","1.925926","1.952381","1.869565"
"Basketball","NBA","2026_03_23","NBA_2026_03_23_Philadelphia_76ers_Oklahoma_City_Thunder","2026_04_17","7:00 PM","Philadelphia 76ers","Oklahoma City Thunder","+15.5","-15.5","223.5","+700","-1100","-110","-110","-108","-112","8","1.090909","1.909091","1.909091","1.925926","1.892857"
"Basketball","NBA","2026_03_23","NBA_2026_03_23_Miami_Heat_San_Antonio_Spurs","2026_04_17","7:00 PM","Miami Heat","San Antonio Spurs","+5.5","-5.5","240.5","+170","-205","-115","-105","-110","-110","2.7","1.487805","1.869565","1.952381","1.909091","1.909091"
"Basketball","NBA","2026_03_23","NBA_2026_03_23_Orlando_Magic_Indiana_Pacers","2026_04_17","7:00 PM","Orlando Magic","Indiana Pacers","-12.5","+12.5","232.5","-800","+550","-115","-105","-115","-105","1.125","6.5","1.869565","1.952381","1.869565","1.952381"
"Basketball","NBA","2026_03_23","NBA_2026_03_23_Atlanta_Hawks_Memphis_Grizzlies","2026_04_17","7:30 PM","Atlanta Hawks","Memphis Grizzlies","-14.5","+14.5","239.5","-950","+625","-108","-112","-110","-110","1.105263","7.25","1.925926","1.892857","1.909091","1.909091"
"Basketball","NBA","2026_03_23","NBA_2026_03_23_Chicago_Bulls_Houston_Rockets","2026_04_17","8:00 PM","Chicago Bulls","Houston Rockets","+8.5","-8.5","229.5","+280","-355","-115","-105","-112","-108","3.8","1.28169","1.869565","1.952381","1.892857","1.925926"
"Basketball","NBA","2026_03_23","NBA_2026_03_23_Utah_Jazz_Toronto_Raptors","2026_04_17","9:00 PM","Utah Jazz","Toronto Raptors","+12.5","-12.5","231.5","+525","-750","-110","-110","-110","-110","6.25","1.133333","1.909091","1.909091","1.909091","1.909091"
"Basketball","NBA","2026_03_23","NBA_2026_03_23_Dallas_Mavericks_Golden_State_Warriors","2026_04_17","9:30 PM","Dallas Mavericks","Golden State Warriors","+2.5","-2.5","230.5","+105","-125","-120","+100","-115","-105","2.05","1.8","1.833333","2","1.869565","1.952381"
"Basketball","NBA","2026_03_23","NBA_2026_03_23_Portland_Trail_Blazers_Brooklyn_Nets","2026_04_17","10:00 PM","Portland Trail Blazers","Brooklyn Nets","-14.5","+14.5","219.5","-950","+625","-108","-112","-108","-112","1.105263","7.25","1.925926","1.892857","1.925926","1.892857"
"Basketball","NBA","2026_03_23","NBA_2026_03_23_Los_Angeles_Clippers_Milwaukee_Bucks","2026_04_17","10:30 PM","Los Angeles Clippers","Milwaukee Bucks","-13.5","+13.5","224.5","-800","+550","-105","-115","-108","-112","1.125","6.5","1.952381","1.869565","1.925926","1.892857"
"Basketball","NBA","2026_03_24","c4901bf9c9ebf81236d22ca4626b5a31","2026-03-24T13:50:34Z","07:10 PM","Charlotte Hornets","Sacramento Kings","-16.5","16.5","230.5","-1667","900","-112","-108","-105","-115","1.06","10.0","1.89","1.93","1.95","1.87"
"Basketball","NBA","2026_03_24","3ffbb865981907829bb58d7f86351ba0","2026-03-24T13:50:34Z","07:40 PM","New York Knicks","New Orleans Pelicans","-8.5","8.5","231.5","-357","285","-110","-110","-105","-115","1.28","3.85","1.91","1.91","1.95","1.87"
"Basketball","NBA","2026_03_24","6b03ae1305a70007dbaebefa0c8af0b7","2026-03-24T13:50:34Z","08:10 PM","Cleveland Cavaliers","Orlando Magic","-10.5","10.5","230.5","-476","360","-115","-105","-115","-105","1.21","4.6","1.87","1.95","1.87","1.95"
"Basketball","NBA","2026_03_24","5cc255e5f9f9fefa4cc7e5316e16a519","2026-03-24T13:50:34Z","11:10 PM","Phoenix Suns","Denver Nuggets","5.5","-5.5","233.5","200","-244","-112","-108","-110","-110","3.0","1.41","1.89","1.93","1.91","1.91"
"Basketball","NBA","2026_03_25","8aaad66627fe854cc273103047d880e6","2026-03-25T19:43:40Z","07:10 PM","Detroit Pistons","Atlanta Hawks","-2.5","2.5","228.5","-154","130","-118","-102","-115","-105","1.65","2.3","1.85","1.98","1.87","1.95"
"Basketball","NBA","2026_03_25","eaf07668d23364ac54cbcf69f4808ba9","2026-03-25T19:43:40Z","07:10 PM","Philadelphia 76ers","Chicago Bulls","-6.5","6.5","240.5","-244","200","-110","-110","-108","-112","1.41","3.0","1.91","1.91","1.93","1.89"
"Basketball","NBA","2026_03_25","3d71d6b6b1bc85b5ec831ae9dba2c93c","2026-03-25T19:43:40Z","07:10 PM","Indiana Pacers","Los Angeles Lakers","9.5","-9.5","238.5","380","-500","-112","-108","-105","-115","4.8","1.2","1.89","1.93","1.95","1.87"
"Basketball","NBA","2026_03_25","277fee894c9dc5c623ed6a131bf513c7","2026-03-25T19:43:40Z","07:40 PM","Boston Celtics","Oklahoma City Thunder","2.5","-2.5","218.5","114","-135","-118","-102","-110","-110","2.14","1.74","1.85","1.98","1.91","1.91"
"Basketball","NBA","2026_03_25","bb33d3e33ac233af2a20161310f567f2","2026-03-25T19:43:40Z","07:40 PM","Cleveland Cavaliers","Miami Heat","-2.5","2.5","242.5","-147","124","-110","-110","-115","-105","1.68","2.24","1.91","1.91","1.87","1.95"
"Basketball","NBA","2026_03_25","bcbad64f54906ae96b4be0ef54b453b4","2026-03-25T19:43:40Z","08:10 PM","Memphis Grizzlies","San Antonio Spurs","17.5","-17.5","233.5","950","-1667","-118","-102","-105","-115","10.5","1.06","1.85","1.98","1.95","1.87"
"Basketball","NBA","2026_03_25","dcd42c163a10db20aa31d9ee311c07bd","2026-03-25T19:43:40Z","09:10 PM","Utah Jazz","Washington Wizards","-3.5","3.5","239.5","-167","140","-115","-105","-105","-115","1.6","2.4","1.87","1.95","1.95","1.87"
"Basketball","NBA","2026_03_25","cf2665074fd82e7b5f2b4393f20afd32","2026-03-25T19:43:40Z","09:40 PM","Minnesota Timberwolves","Houston Rockets","1.5","-1.5","223.5","105","-125","-105","-115","-105","-115","2.05","1.8","1.95","1.87","1.95","1.87"
"Basketball","NBA","2026_03_25","f0853d396988ee8ea615897e136d22cb","2026-03-25T19:43:40Z","10:10 PM","Golden State Warriors","Brooklyn Nets","-12.5","12.5","216.5","-625","455","-105","-115","-115","-105","1.16","5.55","1.95","1.87","1.87","1.95"
"Basketball","NBA","2026_03_25","63b3c408cf1e55eb8d34aec686038a87","2026-03-25T19:43:40Z","10:10 PM","Denver Nuggets","Dallas Mavericks","-11.5","11.5","245.5","-667","470","-110","-110","-105","-115","1.15","5.7","1.91","1.91","1.95","1.87"
"Basketball","NBA","2026_03_25","d17b632d984be98852b4bc409ae1d056","2026-03-25T19:43:40Z","10:10 PM","Portland Trail Blazers","Milwaukee Bucks","-13.5","13.5","225.5","-769","525","-102","-118","-115","-105","1.13","6.25","1.98","1.85","1.87","1.95"
"Basketball","NBA","2026_03_25","24a4d71edcffcb5584a61d2aa89c66d8","2026-03-25T19:43:40Z","10:40 PM","Los Angeles Clippers","Toronto Raptors","-3.5","3.5","226.5","-185","154","-118","-102","-115","-105","1.54","2.54","1.85","1.98","1.87","1.95"
"Basketball","NBA","2026_03_26","b5dcac663f902f16c62d91c7552bd07a","2026-03-26T15:57:09Z","07:10 PM","Charlotte Hornets","New York Knicks","-1.5","1.5","222.5","-120","100","-102","-118","-108","-112","1.83","2.0","1.98","1.85","1.93","1.89"
"Basketball","NBA","2026_03_26","63f535c5a95e35b7644f7b6655c82b98","2026-03-26T15:57:09Z","07:10 PM","Detroit Pistons","New Orleans Pelicans","-3.5","3.5","226.5","-179","150","-115","-105","-112","-108","1.56","2.5","1.87","1.95","1.89","1.93"
"Basketball","NBA","2026_03_26","6c518123941e3d6b5ca85502a16136f5","2026-03-26T15:57:09Z","07:10 PM","Orlando Magic","Sacramento Kings","-15.5","15.5","230.5","-1250","750","-105","-115","-110","-110","1.08","8.5","1.95","1.87","1.91","1.91"
"Basketball","NBA","2026_03_27","cfb595cba37696e470059102db23fca9","2026-03-27T09:56:03Z","07:10 PM","Indiana Pacers","Los Angeles Clippers","8.5","-8.5","238.5","330","-417","-105","-115","-105","-115","4.3","1.24","1.95","1.87","1.95","1.87"
"Basketball","NBA","2026_03_27","9443e4a245659d7362366345b5a91b39","2026-03-27T09:56:03Z","07:40 PM","Boston Celtics","Atlanta Hawks","-4.5","4.5","225.5","-217","180","-115","-105","-108","-112","1.46","2.8","1.87","1.95","1.93","1.89"
"Basketball","NBA","2026_03_27","5ce07242b2ab7c9c82700854c237a77a","2026-03-27T09:56:03Z","07:40 PM","Cleveland Cavaliers","Miami Heat","-4.5","4.5","242.5","-204","170","-115","-105","-108","-112","1.49","2.7","1.87","1.95","1.93","1.89"
"Basketball","NBA","2026_03_27","e1036e62b7cea2b7bade60f85bc0c1b1","2026-03-27T09:56:03Z","08:10 PM","Oklahoma City Thunder","Chicago Bulls","-19.5","19.5","237.5","-2500","1300","-110","-110","-105","-115","1.04","14.0","1.91","1.91","1.95","1.87"
"Basketball","NBA","2026_03_27","874b67c6be5c213484fdecdf0e37faf6","2026-03-27T09:56:03Z","08:10 PM","Memphis Grizzlies","Houston Rockets","12.5","-12.5","226.5","550","-833","-110","-110","-110","-110","6.5","1.12","1.91","1.91","1.91","1.91"
"Basketball","NBA","2026_03_27","f2ffa80a1e0d1a911096e80676b07a99","2026-03-27T09:56:03Z","08:40 PM","Toronto Raptors","New Orleans Pelicans","-8.5","8.5","228.5","-345","270","-110","-110","-110","-110","1.29","3.7","1.91","1.91","1.91","1.91"
"Basketball","NBA","2026_03_27","a2b709618069c3dd7c15f6192c11e93c","2026-03-27T09:56:03Z","09:10 PM","Denver Nuggets","Utah Jazz","-18.5","18.5","248.5","-2000","1100","-108","-112","-110","-110","1.05","12.0","1.93","1.89","1.91","1.91"
"Basketball","NBA","2026_03_27","d4d54362306cefaac74ff35c3b020b78","2026-03-27T09:56:03Z","10:10 PM","Portland Trail Blazers","Dallas Mavericks","-10.5","10.5","239.5","-435","340","-102","-118","-110","-110","1.23","4.4","1.98","1.85","1.91","1.91"
"Basketball","NBA","2026_03_27","79aaaf1d88e3174addc5d58bd07e024d","2026-03-27T09:56:03Z","10:10 PM","Golden State Warriors","Washington Wizards","-13.5","13.5","232.5","-1000","650","-118","-102","-110","-110","1.1","7.5","1.85","1.98","1.91","1.91"
"Basketball","NBA","2026_03_27","b552edb9183af4efd9e7b1b203525ac0","2026-03-27T09:56:03Z","10:40 PM","Los Angeles Lakers","Brooklyn Nets","-16.5","16.5","222.5","-1667","950","-110","-110","-105","-115","1.06","10.5","1.91","1.91","1.95","1.87"
"Basketball","NBA","2026_03_28","61b1ef0450e08478d708e8ab8a384647","2026-03-28T09:38:03Z","03:10 PM","Milwaukee Bucks","San Antonio Spurs","18.5","-18.5","225.5","1100","-2000","-108","-112","-115","-105","12.0","1.05","1.93","1.89","1.87","1.95"
"Basketball","NBA","2026_03_28","2f64bcd6f06f9cb1132a6be530d6848c","2026-03-28T09:38:03Z","05:40 PM","Minnesota Timberwolves","Detroit Pistons","-2.5","2.5","223.5","-135","114","-108","-112","-108","-112","1.74","2.14","1.93","1.89","1.93","1.89"
"Basketball","NBA","2026_03_28","def835f85134dff31d0e29a14591d960","2026-03-28T09:38:03Z","06:10 PM","Charlotte Hornets","Philadelphia 76ers","-5.5","5.5","233.5","-217","180","-115","-105","-108","-112","1.46","2.8","1.87","1.95","1.93","1.89"
"Basketball","NBA","2026_03_28","d7a3bd092d17e72cfe007b92fc74dd1f","2026-03-28T09:38:03Z","07:40 PM","Atlanta Hawks","Sacramento Kings","-14.5","14.5","237.5","-1000","650","-115","-105","-110","-110","1.1","7.5","1.87","1.95","1.91","1.91"
"Basketball","NBA","2026_03_28","df362c645ce96c954aeec281f1951a22","2026-03-28T09:38:03Z","08:10 PM","Memphis Grizzlies","Chicago Bulls","3.5","-3.5","244.5","145","-175","-112","-108","-115","-105","2.45","1.57","1.89","1.93","1.87","1.95"
"Basketball","NBA","2026_03_28","6ddf73112fefbe7dcb275c09ebdae6a6","2026-03-28T09:38:03Z","10:10 PM","Phoenix Suns","Utah Jazz","-17.5","17.5","229.5","-1429","800","-105","-115","-115","-105","1.07","9.0","1.95","1.87","1.87","1.95"
"Basketball","NBA","2026_03_29","f31725bf02115b40d00c134f7f730357","2026-03-29T09:38:16Z","03:40 PM","Milwaukee Bucks","Los Angeles Clippers","14.5","-14.5","222.5","600","-909","-115","-105","-112","-108","7.0","1.11","1.87","1.95","1.89","1.93"
"Basketball","NBA","2026_03_29","4a5c2769cf86051e5ed8bdd8a6633ab4","2026-03-29T09:38:16Z","05:10 PM","Indiana Pacers","Miami Heat","9.5","-9.5","245.5","320","-417","-115","-105","-105","-115","4.2","1.24","1.87","1.95","1.95","1.87"
"Basketball","NBA","2026_03_29","8d6b8b25d9790bf08a65761a3d63b611","2026-03-29T09:38:16Z","06:10 PM","Charlotte Hornets","Boston Celtics","1.5","-1.5","215.5","-102","-118","-115","-105","-110","-110","1.98","1.85","1.87","1.95","1.91","1.91"
"Basketball","NBA","2026_03_29","ba9f78305e7187a27e22f030883c2c19","2026-03-29T09:38:16Z","06:10 PM","Brooklyn Nets","Sacramento Kings","1.5","-1.5","221.5","100","-120","-115","-105","-110","-110","2.0","1.83","1.87","1.95","1.91","1.91"
"Basketball","NBA","2026_03_29","4d3b276afc5789fb4a6564eee411bfa9","2026-03-29T09:38:16Z","06:10 PM","Toronto Raptors","Orlando Magic","-2.5","2.5","224.5","-135","114","-108","-112","-110","-110","1.74","2.14","1.93","1.89","1.91","1.91"
"Basketball","NBA","2026_03_29","4ec80843b404f3215ab2cad16ced7f41","2026-03-29T09:38:16Z","06:10 PM","Portland Trail Blazers","Washington Wizards","-15.5","15.5","237.5","-1250","750","-112","-108","-115","-105","1.08","8.5","1.89","1.93","1.87","1.95"
"Basketball","NBA","2026_03_29","c05251e56d0bd871f5523e30058c7735","2026-03-29T09:38:16Z","07:10 PM","New Orleans Pelicans","Houston Rockets","5.5","-5.5","225.5","185","-227","-105","-115","-108","-112","2.85","1.44","1.95","1.87","1.93","1.89"
"Basketball","NBA","2026_03_29","f1fe04fb5d59dc4d3b310d56b74a9f2a","2026-03-29T09:38:16Z","07:40 PM","Oklahoma City Thunder","New York Knicks","-8.5","8.5","224.5","-357","285","-108","-112","-105","-115","1.28","3.85","1.93","1.89","1.95","1.87"
"Basketball","NBA","2026_03_29","976eb35602aca3acd738ec2621478695","2026-03-29T09:38:16Z","10:10 PM","Denver Nuggets","Golden State Warriors","-11.5","11.5","239.5","-588","440","-115","-105","-105","-115","1.17","5.4","1.87","1.95","1.95","1.87"
"Basketball","NBA","2026_03_30","2ba4ff0cef51aafdf9c5509533b14091","2026-03-30T10:17:25Z","07:10 PM","Miami Heat","Philadelphia 76ers","2.5","-2.5","246.5","114","-135","-115","-105","-108","-112","2.14","1.74","1.87","1.95","1.93","1.89"
"Basketball","NBA","2026_03_30","6faf1f26b1e369d008c889f78e15732b","2026-03-30T10:17:25Z","07:40 PM","Atlanta Hawks","Boston Celtics","-1.5","1.5","222.5","-118","-102","-108","-112","-110","-110","1.85","1.98","1.93","1.89","1.91","1.91"
"Basketball","NBA","2026_03_30","99052db19c4b4026e439fcc94cd4f6e8","2026-03-30T10:17:25Z","08:10 PM","San Antonio Spurs","Chicago Bulls","-17.5","17.5","243.5","-1667","1000","-115","-105","-105","-115","1.06","11.0","1.87","1.95","1.95","1.87"
"Basketball","NBA","2026_03_30","7d18651bc9124e2b06c6ffbc3af06ee6","2026-03-30T10:17:25Z","08:10 PM","Memphis Grizzlies","Phoenix Suns","13.5","-13.5","229.5","550","-833","-115","-105","-108","-112","6.5","1.12","1.87","1.95","1.93","1.89"
"Basketball","NBA","2026_03_30","529b588f29593d9353dc633d814bc188","2026-03-30T10:17:25Z","08:40 PM","Dallas Mavericks","Minnesota Timberwolves","6.5","-6.5","235.5","230","-286","-105","-115","-112","-108","3.3","1.35","1.95","1.87","1.89","1.93"
"Basketball","NBA","2026_03_30","2d048fe85c2360eaad38501d77dd41e4","2026-03-30T10:17:25Z","09:10 PM","Utah Jazz","Cleveland Cavaliers","17.5","-17.5","243.5","950","-1667","-108","-112","-110","-110","10.5","1.06","1.93","1.89","1.91","1.91"
"Basketball","NBA","2026_03_30","e3266348b9f8e04ffa8ca5bbe8e55265","2026-03-30T10:17:25Z","09:40 PM","Oklahoma City Thunder","Detroit Pistons","-13.5","13.5","218.5","-833","550","-108","-112","-115","-105","1.12","6.5","1.93","1.89","1.87","1.95"
"Basketball","NBA","2026_03_30","7bab999d0c94806e44c5de1d60333079","2026-03-30T10:17:25Z","10:10 PM","Los Angeles Lakers","Washington Wizards","-15.5","15.5","235.5","-1429","800","-115","-105","-112","-108","1.07","9.0","1.87","1.95","1.89","1.93"
"Basketball","NBA","2026_03_31","8c95b58e16520c12308e0196b0c19198","2026-03-31T10:04:53Z","07:10 PM","Orlando Magic","Phoenix Suns","-2.5","2.5","224.5","-135","114","-105","-115","-112","-108","1.74","2.14","1.95","1.87","1.89","1.93"
"Basketball","NBA","2026_03_31","5821188b8c12a7b49e0f069e3974e502","2026-03-31T10:04:53Z","07:40 PM","Brooklyn Nets","Charlotte Hornets","15.5","-15.5","218.5","850","-1429","-105","-115","-115","-105","9.5","1.07","1.95","1.87","1.87","1.95"
"Basketball","NBA","2026_03_31","ce4beaf577105bae5d26c3205ccce3b4","2026-03-31T10:04:53Z","08:10 PM","Milwaukee Bucks","Dallas Mavericks","1.5","-1.5","228.5","-110","-110","-120","100","-105","-115","1.91","1.91","1.83","2.0","1.95","1.87"
"Basketball","NBA","2026_03_31","b6b9e83d82f672bcffebdad2ba67d51d","2026-03-31T10:04:53Z","08:10 PM","Detroit Pistons","Toronto Raptors","-2.5","2.5","219.5","-143","120","-112","-108","-110","-110","1.7","2.2","1.89","1.93","1.91","1.91"
"Basketball","NBA","2026_03_31","0fee871b4f5cc68f4c933d5eb56d25c8","2026-03-31T10:04:53Z","08:10 PM","Houston Rockets","New York Knicks","1.5","-1.5","218.5","-105","-115","-118","-102","-105","-115","1.95","1.87","1.85","1.98","1.95","1.87"
"Basketball","NBA","2026_03_31","87dab37c8c29cf1586f973f3fe0ca38a","2026-03-31T10:04:53Z","10:40 PM","Los Angeles Lakers","Cleveland Cavaliers","-1.5","1.5","237.5","-125","105","-112","-108","-105","-115","1.8","2.05","1.89","1.93","1.95","1.87"
"Basketball","NBA","2026_03_31","4ae1016a615b3bc0fcef523ab3c8933b","2026-03-31T10:04:53Z","11:10 PM","Los Angeles Clippers","Portland Trail Blazers","-5.5","5.5","226.5","-217","180","-115","-105","-115","-105","1.46","2.8","1.87","1.95","1.87","1.95"
"Basketball","NBA","2026_04_01","4f3f3b8a05f65c9938f8dff1229df5e3","2026-04-01T10:05:36Z","07:10 PM","Orlando Magic","Atlanta Hawks","4.5","-4.5","232.5","142","-169","-118","-102","-110","-110","2.42","1.59","1.85","1.98","1.91","1.91"
"Basketball","NBA","2026_04_01","ccecac4a3706f43f36fd63ae97cbfc88","2026-04-01T10:05:36Z","07:10 PM","Washington Wizards","Philadelphia 76ers","16.5","-16.5","239.5","900","-1667","-115","-105","-112","-108","10.0","1.06","1.87","1.95","1.89","1.93"
"Basketball","NBA","2026_04_01","5f035331e20684a116344413531bab36","2026-04-01T10:05:36Z","07:30 PM","Miami Heat","Boston Celtics","5.5","-5.5","228.5","170","-204","-115","-105","-108","-112","2.7","1.49","1.87","1.95","1.93","1.89"
"Basketball","NBA","2026_04_01","6f4627df908d38c70424ce6896309b37","2026-04-01T10:05:36Z","08:00 PM","Houston Rockets","Milwaukee Bucks","-17.5","17.5","217.5","-1667","950","-105","-115","-115","-105","1.06","10.5","1.95","1.87","1.87","1.95"
"Basketball","NBA","2026_04_01","d1686c3ffba608b202d00ecc3756d422","2026-04-01T10:05:36Z","08:00 PM","Memphis Grizzlies","New York Knicks","14.5","-14.5","227.5","700","-1111","-110","-110","-115","-105","8.0","1.09","1.91","1.91","1.87","1.95"
"Basketball","NBA","2026_04_01","333a6fd05a4f8492b95e9d9426450430","2026-04-01T10:05:36Z","08:00 PM","Toronto Raptors","Sacramento Kings","-13.5","13.5","226.5","-833","575","-105","-115","-110","-110","1.12","6.75","1.95","1.87","1.91","1.91"
"Basketball","NBA","2026_04_01","1e9f8048801efb165d39e008270e4942","2026-04-01T10:05:36Z","08:10 PM","Chicago Bulls","Indiana Pacers","-4.5","4.5","247.5","-192","160","-112","-108","-105","-115","1.52","2.6","1.89","1.93","1.95","1.87"
"Basketball","NBA","2026_04_01","8b86324be55670d1f3c59008ae771dac","2026-04-01T10:05:36Z","09:10 PM","Utah Jazz","Denver Nuggets","16.5","-16.5","249.5","1000","-1667","-105","-115","-108","-112","11.0","1.06","1.95","1.87","1.93","1.89"
"Basketball","NBA","2026_04_01","54540a1bafcd2e0cff9b5cd8a09e0bfa","2026-04-01T10:05:36Z","10:00 PM","Golden State Warriors","San Antonio Spurs","13.5","-13.5","226.5","575","-833","-110","-110","-105","-115","6.75","1.12","1.91","1.91","1.95","1.87"
"Basketball","NBA","2026_04_02","289fb44a6171fe5e7365b05dca97889e","2026-04-02T09:57:54Z","07:10 PM","Charlotte Hornets","Phoenix Suns","-5.5","5.5","222.5","-204","170","-108","-112","-112","-108","1.49","2.7","1.93","1.89","1.89","1.93"
"Basketball","NBA","2026_04_02","b70520c84d1db67fb83d5d3666ef1d46","2026-04-02T09:57:54Z","07:10 PM","Detroit Pistons","Minnesota Timberwolves","-3.5","3.5","224.5","-161","136","-105","-115","-112","-108","1.62","2.36","1.95","1.87","1.89","1.93"
"Basketball","NBA","2026_04_02","97f990a7956a23f16f9298270f5b556e","2026-04-02T09:57:54Z","09:40 PM","Oklahoma City Thunder","Los Angeles Lakers","-9.5","9.5","228.5","-345","275","-105","-115","-108","-112","1.29","3.75","1.95","1.87","1.93","1.89"
"Basketball","NBA","2026_04_02","67a88265216bd48208f38288dba434ba","2026-04-02T09:57:54Z","10:10 PM","Golden State Warriors","Cleveland Cavaliers","10.5","-10.5","227.5","360","-476","-115","-105","-110","-110","4.6","1.21","1.87","1.95","1.91","1.91"
"Basketball","NBA","2026_04_02","52a9bdfa0493e80275ae71f49de1146f","2026-04-02T09:57:54Z","10:10 PM","Portland Trail Blazers","New Orleans Pelicans","-6.5","6.5","232.5","-263","215","-110","-110","-105","-115","1.38","3.15","1.91","1.91","1.95","1.87"
"Basketball","NBA","2026_04_02","8acdc53c485cd361a907edc8d53091f2","2026-04-02T09:57:54Z","10:40 PM","Los Angeles Clippers","San Antonio Spurs","3.5","-3.5","230.5","145","-175","-102","-118","-115","-105","2.45","1.57","1.98","1.85","1.87","1.95"
"Basketball","NBA","2026_04_03","033717528554996f232e2517ea1ad281","2026-04-03T10:27:46Z","07:10 PM","Charlotte Hornets","Indiana Pacers","-15.5","15.5","236.5","-1429","800","-110","-110","-108","-112","1.07","9.0","1.91","1.91","1.93","1.89"
"Basketball","NBA","2026_04_03","21031d5ee035e890ee79d1afeef2f40c","2026-04-03T10:27:46Z","07:10 PM","Philadelphia 76ers","Minnesota Timberwolves","-2.5","2.5","233.5","-135","114","-108","-112","-110","-110","1.74","2.14","1.93","1.89","1.91","1.91"
"Basketball","NBA","2026_04_03","cb55f248d8dbb539ca55edf31d762f6a","2026-04-03T10:27:46Z","07:40 PM","Brooklyn Nets","Atlanta Hawks","16.5","-16.5","226.5","950","-1667","-115","-105","-110","-110","10.5","1.06","1.87","1.95","1.91","1.91"
"Basketball","NBA","2026_04_03","d2565f4ec40ef0701e442d56c8d44ff2","2026-04-03T10:27:46Z","07:40 PM","New York Knicks","Chicago Bulls","-15.5","15.5","236.5","-1667","900","-110","-110","-115","-105","1.06","10.0","1.91","1.91","1.87","1.95"
"Basketball","NBA","2026_04_03","d33be5a00d538b7bd7dee98ed5166593","2026-04-03T10:27:46Z","08:10 PM","Milwaukee Bucks","Boston Celtics","16.5","-16.5","216.5","1000","-1667","-112","-108","-115","-105","11.0","1.06","1.89","1.93","1.87","1.95"
"Basketball","NBA","2026_04_03","e9a2348d7311c62fe296a00ed8c03e29","2026-04-03T10:27:46Z","08:10 PM","Houston Rockets","Utah Jazz","-17.5","17.5","232.5","-1667","1000","-105","-115","-115","-105","1.06","11.0","1.95","1.87","1.87","1.95"
"Basketball","NBA","2026_04_03","3880a34134efe663dcdc776fff7cde38","2026-04-03T10:27:46Z","08:10 PM","Memphis Grizzlies","Toronto Raptors","13.5","-13.5","232.5","625","-909","-118","-102","-112","-108","7.25","1.11","1.85","1.98","1.89","1.93"
"Basketball","NBA","2026_04_03","905392b9896b3f0d42e43bc4af97d72e","2026-04-03T10:27:46Z","08:40 PM","Dallas Mavericks","Orlando Magic","6.5","-6.5","237.5","220","-270","-108","-112","-110","-110","3.2","1.37","1.93","1.89","1.91","1.91"
"Basketball","NBA","2026_04_03","2c0009c3a722545d107730244928ad22","2026-04-03T10:27:46Z","10:10 PM","Sacramento Kings","New Orleans Pelicans","5.5","-5.5","234.5","170","-204","-112","-108","-110","-110","2.7","1.49","1.89","1.93","1.91","1.91"
"Basketball","NBA","2026_04_04","53273367f28e360f2e7814dd06e29a24","2026-04-04T10:22:04Z","03:10 PM","Denver Nuggets","San Antonio Spurs","2.5","-2.5","242.5","114","-135","-118","-102","-110","-110","2.14","1.74","1.85","1.98","1.91","1.91"
"Basketball","NBA","2026_04_04","b146607a8fe26fe467294dfdbaa0ff2b","2026-04-04T10:22:04Z","03:10 PM","Miami Heat","Washington Wizards","-17.5","17.5","248.5","-2000","1100","-112","-108","-115","-105","1.05","12.0","1.89","1.93","1.87","1.95"
"Basketball","NBA","2026_04_04","dc7b446ad8c325394b7d604d3e17ad7b","2026-04-04T10:22:04Z","07:10 PM","Philadelphia 76ers","Detroit Pistons","2.5","-2.5","228.5","120","-143","-108","-112","-105","-115","2.2","1.7","1.93","1.89","1.95","1.87"
"Basketball","NBA","2026_04_05","6f1339b3519de542ab74c59857bfeff1","2026-04-05T10:21:52Z","03:40 PM","Boston Celtics","Toronto Raptors","-9.5","9.5","219.5","-476","360","-112","-108","-112","-108","1.21","4.6","1.89","1.93","1.89","1.93"
"Basketball","NBA","2026_04_05","c1b3d187f022b0870bfa7128e1d02ae5","2026-04-05T10:21:52Z","03:40 PM","Brooklyn Nets","Washington Wizards","-3.5","3.5","230.5","-169","142","-110","-110","-110","-110","1.59","2.42","1.91","1.91","1.91","1.91"
"Basketball","NBA","2026_04_05","8071f80d106d512c88016b240e766d84","2026-04-05T10:21:52Z","03:40 PM","Chicago Bulls","Phoenix Suns","9.5","-9.5","237.5","390","-526","-102","-118","-110","-110","4.9","1.19","1.98","1.85","1.91","1.91"
"Basketball","NBA","2026_04_05","5ce196844b4f956a3c6961eec5bc859b","2026-04-05T10:21:52Z","03:40 PM","Milwaukee Bucks","Memphis Grizzlies","-5.5","5.5","227.5","-227","185","-110","-110","-115","-105","1.44","2.85","1.91","1.91","1.87","1.95"
"Basketball","NBA","2026_04_05","4f3d29a0317850ac56b0c6db31223705","2026-04-05T10:21:52Z","06:10 PM","Cleveland Cavaliers","Indiana Pacers","-16.5","16.5","240.5","-2000","1100","-110","-110","-105","-115","1.05","12.0","1.91","1.91","1.95","1.87"
"Basketball","NBA","2026_04_05","8bce3373da945128589ce3cabae25443","2026-04-05T10:21:52Z","07:10 PM","Minnesota Timberwolves","Charlotte Hornets","1.5","-1.5","229.5","102","-122","-105","-115","-105","-115","2.02","1.82","1.95","1.87","1.95","1.87"
"Basketball","NBA","2026_04_05","9f54cd277a7d7a9fe0de35d568dfa4af","2026-04-05T10:21:52Z","07:10 PM","New Orleans Pelicans","Orlando Magic","4.5","-4.5","236.5","164","-196","-108","-112","-108","-112","2.64","1.51","1.93","1.89","1.93","1.89"
"Basketball","NBA","2026_04_05","5441d9423f924c9a489ca00a7e321466","2026-04-05T10:21:52Z","07:10 PM","Oklahoma City Thunder","Utah Jazz","-22.5","22.5","239.5","-5000","1800","-110","-110","-105","-115","1.02","19.0","1.91","1.91","1.95","1.87"
"Basketball","NBA","2026_04_05","c6dfafffbada89cc908addd3a1f7748b","2026-04-05T10:21:52Z","07:40 PM","Dallas Mavericks","Los Angeles Lakers","1.5","-1.5","232.5","102","-122","-110","-110","-110","-110","2.02","1.82","1.91","1.91","1.91","1.91"
"Basketball","NBA","2026_04_05","f01f7ab4597dc0c1a08e837d9b9beae9","2026-04-05T10:21:52Z","09:10 PM","Sacramento Kings","Los Angeles Clippers","11.5","-11.5","230.5","550","-833","-110","-110","-110","-110","6.5","1.12","1.91","1.91","1.91","1.91"
"Basketball","NBA","2026_04_05","8516988340b00d09278e04abd65885ad","2026-04-05T10:21:52Z","10:10 PM","Golden State Warriors","Houston Rockets","3.5","-3.5","225.5","136","-161","-108","-112","-112","-108","2.36","1.62","1.93","1.89","1.89","1.93"
"Basketball","NBA","2026_04_06","dce0f3f389617fa7daa990c209ee8acc","2026-04-05T10:21:52Z","07:10 PM","Atlanta Hawks","New York Knicks","-1.5","1.5","230.5","-110","-110","100","-120","-110","-110","1.91","1.91","2.0","1.83","1.91","1.91"
"Basketball","NBA","2026_04_06","14dede373d304abbddc590d2bcc81e4e","2026-04-05T10:21:52Z","08:10 PM","San Antonio Spurs","Philadelphia 76ers","-8.5","8.5","234.5","-323","260","-110","-110","-110","-110","1.31","3.6","1.91","1.91","1.91","1.91"
"Basketball","NBA","2026_04_06","76e52ccb4140e4936de62dbadae0808d","2026-04-05T10:21:52Z","09:10 PM","Denver Nuggets","Portland Trail Blazers","-9.5","9.5","239.5","-385","300","-110","-110","-110","-110","1.26","4.0","1.91","1.91","1.91","1.91"
"Basketball","NBA","2026_04_07","9f4ac4d421b28dcb2764f555eb8a8f0c","2026-04-07T09:44:29Z","07:10 PM","Washington Wizards","Chicago Bulls","6.5","-6.5","249.5","205","-250","-112","-108","-115","-105","3.05","1.4","1.89","1.93","1.87","1.95"
"Basketball","NBA","2026_04_07","be5171067867c61067c779345515c72d","2026-04-07T09:44:29Z","07:10 PM","Indiana Pacers","Minnesota Timberwolves","12.5","-12.5","231.5","550","-833","-110","-110","-112","-108","6.5","1.12","1.91","1.91","1.89","1.93"
"Basketball","NBA","2026_04_07","d669fae8ce6b2ba2ca97fb61dc09e2ce","2026-04-07T09:44:29Z","07:40 PM","Brooklyn Nets","Milwaukee Bucks","2.5","-2.5","220.5","120","-143","-115","-105","-112","-108","2.2","1.7","1.87","1.95","1.89","1.93"
"Basketball","NBA","2026_04_07","9aaa887e3f4a853902d6613072b2f35b","2026-04-07T09:44:29Z","07:40 PM","Toronto Raptors","Miami Heat","-1.5","1.5","239.5","-120","100","100","-120","-110","-110","1.83","2.0","2.0","1.83","1.91","1.91"
"Basketball","NBA","2026_04_07","96d26f7a098eba89636e1a99c7c79d8d","2026-04-07T09:44:29Z","08:10 PM","Boston Celtics","Charlotte Hornets","-5.5","5.5","220.5","-227","185","-105","-115","-110","-110","1.44","2.85","1.95","1.87","1.91","1.91"
"Basketball","NBA","2026_04_07","24016853f9722af6d4829341d7ae4d81","2026-04-07T09:44:29Z","08:10 PM","New Orleans Pelicans","Utah Jazz","-11.5","11.5","242.5","-625","455","-110","-110","-105","-115","1.16","5.55","1.91","1.91","1.95","1.87"
"Basketball","NBA","2026_04_07","74efed6fa8060207aa1784a960c6141c","2026-04-07T09:44:29Z","10:10 PM","Golden State Warriors","Sacramento Kings","-15.5","15.5","234.5","-1250","750","-110","-110","-110","-110","1.08","8.5","1.91","1.91","1.91","1.91"
"Basketball","NBA","2026_04_07","3133467540e08b88d68625ed9e975399","2026-04-07T09:44:29Z","10:40 PM","Los Angeles Clippers","Dallas Mavericks","-11.5","11.5","237.5","-588","425","-110","-110","-110","-110","1.17","5.25","1.91","1.91","1.91","1.91"
"Basketball","NBA","2026_04_07","01f002eb30dfd24045740d4fbf68207e","2026-04-07T09:44:29Z","10:40 PM","Los Angeles Lakers","Oklahoma City Thunder","16.5","-16.5","223.5","1100","-2000","-105","-115","-108","-112","12.0","1.05","1.95","1.87","1.93","1.89"
"Basketball","NBA","2026_04_07","6ec00d2267f0fe20067d4e2363a17162","2026-04-07T09:44:29Z","11:10 PM","Phoenix Suns","Houston Rockets","-1.5","1.5","220.5","-115","-105","-102","-118","-110","-110","1.87","1.95","1.98","1.85","1.91","1.91"
"Basketball","NBA","2026_04_08","3fe42fd427985fed1fee7c2e58935a67","2026-04-08T10:07:53Z","07:10 PM","Cleveland Cavaliers","Atlanta Hawks","-1.5","1.5","235.5","-120","100","-105","-115","-115","-105","1.83","2.0","1.95","1.87","1.87","1.95"
"Basketball","NBA","2026_04_08","c14b4c18b6b1e91a53302fdcc32910f2","2026-04-08T10:07:53Z","07:10 PM","Detroit Pistons","Milwaukee Bucks","-18.5","18.5","221.5","-1667","1000","-115","-105","-110","-110","1.06","11.0","1.87","1.95","1.91","1.91"
"Basketball","NBA","2026_04_08","cc5e682d9f44baa1c9d41eb3fd1c89b0","2026-04-08T10:07:53Z","07:10 PM","Orlando Magic","Minnesota Timberwolves","-6.5","6.5","227.5","-227","185","-102","-118","-110","-110","1.44","2.85","1.98","1.85","1.91","1.91"
"Basketball","NBA","2026_04_08","08c9fd2b6b80f1f763e2c2eb3e935208","2026-04-08T10:07:53Z","08:10 PM","San Antonio Spurs","Portland Trail Blazers","-3.5","3.5","233.5","-167","140","-110","-110","-108","-112","1.6","2.4","1.91","1.91","1.93","1.89"
"Basketball","NBA","2026_04_08","41c07b1937b8a59703253dc470ca4ddb","2026-04-08T10:07:53Z","09:10 PM","Denver Nuggets","Memphis Grizzlies","-22.5","22.5","244.5","-3333","1400","-110","-110","-110","-110","1.03","15.0","1.91","1.91","1.91","1.91"
"Basketball","NBA","2026_04_08","3e95057b94b2d930c8cc201db634eaf8","2026-04-08T10:07:53Z","10:10 PM","Phoenix Suns","Dallas Mavericks","-11.5","11.5","230.5","-588","425","-105","-115","-112","-108","1.17","5.25","1.95","1.87","1.89","1.93"
"Basketball","NBA","2026_04_08","68ab4a35de88dba88af31eeb3ba710fb","2026-04-08T10:07:53Z","10:10 PM","Los Angeles Clippers","Oklahoma City Thunder","6.5","-6.5","226.5","220","-270","-108","-112","-105","-115","3.2","1.37","1.93","1.89","1.95","1.87"
"Basketball","NBA","2026_04_09","0852cffec341701f6a0dde8619ae9f56","2026-04-09T10:09:28Z","07:10 PM","Washington Wizards","Chicago Bulls","6.5","-6.5","246.5","205","-250","-115","-105","-112","-108","3.05","1.4","1.87","1.95","1.89","1.93"
"Basketball","NBA","2026_04_09","53b49bbe56f8581f353bbbb5c6179ac5","2026-04-09T10:09:28Z","07:10 PM","Toronto Raptors","Miami Heat","-4.5","4.5","238.5","-169","142","-108","-112","-110","-110","1.59","2.42","1.93","1.89","1.91","1.91"
"Basketball","NBA","2026_04_09","bf30a732402325cab54ab666ee0f5c11","2026-04-09T10:09:28Z","07:40 PM","New York Knicks","Boston Celtics","-4.5","4.5","216.5","-175","145","-110","-110","-110","-110","1.57","2.45","1.91","1.91","1.91","1.91"
"Basketball","NBA","2026_04_09","625bbdf7bc0bdf1d57b3f97742908221","2026-04-09T10:09:28Z","07:40 PM","Brooklyn Nets","Indiana Pacers","3.5","-3.5","223.5","136","-161","-108","-112","-112","-108","2.36","1.62","1.93","1.89","1.89","1.93"
"Basketball","NBA","2026_04_09","30b372ff1973370201b644c207be2dd3","2026-04-09T10:09:28Z","08:10 PM","Houston Rockets","Philadelphia 76ers","-3.5","3.5","225.5","-175","145","-115","-105","-112","-108","1.57","2.45","1.87","1.95","1.89","1.93"
"Basketball","NBA","2026_04_09","29fe17f5b19da82ce2957c3683a10aa7","2026-04-09T10:09:28Z","10:10 PM","Golden State Warriors","Los Angeles Lakers","-4.5","4.5","225.5","-192","160","-115","-105","-110","-110","1.52","2.6","1.87","1.95","1.91","1.91"
"Basketball","NBA","2026_04_10","70a2274c4f82c7a3f37879b7edf0cfa4","2026-04-10T09:37:06Z","07:10 PM","Atlanta Hawks","Cleveland Cavaliers","-7.5","7.5","233.5","-312","250","-115","-105","-110","-110","1.32","3.5","1.87","1.95","1.91","1.91"
"Basketball","NBA","2026_04_10","1126b937945abff19e12dc1ac60f2ecb","2026-04-10T09:37:06Z","07:10 PM","Charlotte Hornets","Detroit Pistons","-4.5","4.5","223.5","-169","142","-108","-112","-110","-110","1.59","2.42","1.93","1.89","1.91","1.91"
"Basketball","NBA","2026_04_10","f47d78a747510d6ef00500f74872372d","2026-04-10T09:37:06Z","07:10 PM","Washington Wizards","Miami Heat","18.5","-18.5","249.5","1000","-1667","-115","-105","-110","-110","11.0","1.06","1.87","1.95","1.91","1.91"
"Basketball","NBA","2026_04_10","80adae4b4459f5602f7500d94892f2a5","2026-04-10T09:37:06Z","07:40 PM","Boston Celtics","New Orleans Pelicans","-16.5","16.5","224.5","-1429","850","-115","-105","-110","-110","1.07","9.5","1.87","1.95","1.91","1.91"
"Basketball","NBA","2026_04_10","4398234154ac742bd22d689c8d4bf956","2026-04-10T09:37:06Z","07:40 PM","Indiana Pacers","Philadelphia 76ers","15.5","-15.5","234.5","800","-1429","-105","-115","-110","-110","9.0","1.07","1.95","1.87","1.91","1.91"
"Basketball","NBA","2026_04_10","39083e08e7959b0ec516933d574379cd","2026-04-10T09:37:06Z","07:40 PM","New York Knicks","Toronto Raptors","-6.5","6.5","219.5","-263","215","-115","-105","-110","-110","1.38","3.15","1.87","1.95","1.91","1.91"
"Basketball","NBA","2026_04_10","d463e0aa51436ff32f8ee83d6d3893a8","2026-04-10T09:37:06Z","08:10 PM","Milwaukee Bucks","Brooklyn Nets","-9.5","9.5","219.5","-476","370","-110","-110","-105","-115","1.21","4.7","1.91","1.91","1.95","1.87"
"Basketball","NBA","2026_04_10","ebbf0d3885094991ff36055e753635a3","2026-04-10T09:37:06Z","08:10 PM","Chicago Bulls","Orlando Magic","14.5","-14.5","242.5","675","-1000","-105","-115","-110","-110","7.75","1.1","1.95","1.87","1.91","1.91"
"Basketball","NBA","2026_04_10","51aa38f3acd638a314975c61ab16a862","2026-04-10T09:37:06Z","08:10 PM","San Antonio Spurs","Dallas Mavericks","-17.5","17.5","236.5","-1667","950","-108","-112","-110","-110","1.06","10.5","1.93","1.89","1.91","1.91"
"Basketball","NBA","2026_04_10","11fa8c6f7710a287909a9765aa925cce","2026-04-10T09:37:06Z","09:10 PM","Denver Nuggets","Oklahoma City Thunder","-11.5","11.5","231.5","-588","440","-105","-115","-110","-110","1.17","5.4","1.95","1.87","1.91","1.91"
"Basketball","NBA","2026_04_10","1fbdc557471472d90b606f5e50853915","2026-04-10T09:37:06Z","09:40 PM","Houston Rockets","Minnesota Timberwolves","-10.5","10.5","221.5","-417","320","-105","-115","-112","-108","1.24","4.2","1.95","1.87","1.89","1.93"
"Basketball","NBA","2026_04_10","88bf78be502ce70dd7e5e669cd9f95df","2026-04-10T09:37:06Z","09:40 PM","Utah Jazz","Memphis Grizzlies","-3.5","3.5","248.5","-169","142","-118","-102","-108","-112","1.59","2.42","1.85","1.98","1.93","1.89"
"Basketball","NBA","2026_04_10","d6099dffbcac5bbcdf69fd35c6229ff7","2026-04-10T09:37:06Z","10:10 PM","Sacramento Kings","Golden State Warriors","11.5","-11.5","230.5","400","-526","-110","-110","-110","-110","5.0","1.19","1.91","1.91","1.91","1.91"
"Basketball","NBA","2026_04_10","858993998045b68682b2aae461cb4037","2026-04-10T09:37:06Z","10:10 PM","Portland Trail Blazers","Los Angeles Clippers","-2.5","2.5","225.5","-125","105","-108","-112","-108","-112","1.8","2.05","1.93","1.89","1.93","1.89"
"Basketball","NBA","2026_04_10","1935906088ec1cf3d2f989ace06a8acb","2026-04-10T09:37:06Z","10:40 PM","Los Angeles Lakers","Phoenix Suns","1.5","-1.5","219.5","110","-130","-110","-110","-110","-110","2.1","1.77","1.91","1.91","1.91","1.91"
"Basketball","NBA","2026_04_12","22dcb3e32847c7eab5774e8927016216","2026-04-12T09:53:29Z","06:10 PM","Miami Heat","Atlanta Hawks","-4.5","4.5","242.5","-175","145","-105","-115","-112","-108","1.57","2.45","1.95","1.87","1.89","1.93"
"Basketball","NBA","2026_04_12","f78d40af453b24c39e18559579894d14","2026-04-12T09:53:29Z","06:10 PM","Boston Celtics","Orlando Magic","12.5","-12.5","217.5","455","-625","-112","-108","-115","-105","5.55","1.16","1.89","1.93","1.87","1.95"
"Basketball","NBA","2026_04_12","d55bfef33abc5dc6dba0717236d0ee80","2026-04-12T09:53:29Z","06:10 PM","Toronto Raptors","Brooklyn Nets","-22.5","22.5","218.5","-5000","1800","-105","-115","-112","-108","1.02","19.0","1.95","1.87","1.89","1.93"
"Basketball","NBA","2026_04_12","38b10a0526d5b246097a502269bcdf71","2026-04-12T09:53:29Z","06:10 PM","New York Knicks","Charlotte Hornets","13.5","-13.5","219.5","525","-769","-115","-105","-112","-108","6.25","1.13","1.87","1.95","1.89","1.93"
"Basketball","NBA","2026_04_12","ad75b36adad0af42dea87b9bcdfa91f8","2026-04-12T09:53:29Z","06:10 PM","Cleveland Cavaliers","Washington Wizards","-10.5","10.5","236.5","-526","390","-105","-115","-105","-115","1.19","4.9","1.95","1.87","1.95","1.87"
"Basketball","NBA","2026_04_12","4675acfb68965858aa571a0493a222da","2026-04-12T09:53:29Z","06:10 PM","Indiana Pacers","Detroit Pistons","14.5","-14.5","229.5","600","-909","-115","-105","-110","-110","7.0","1.11","1.87","1.95","1.91","1.91"
"Basketball","NBA","2026_04_12","23c66e71d25675800d939e532e38bcd2","2026-04-12T09:53:29Z","06:10 PM","Philadelphia 76ers","Milwaukee Bucks","-15.5","15.5","226.5","-1111","700","-105","-115","-115","-105","1.09","8.0","1.95","1.87","1.87","1.95"
"Basketball","NBA","2026_04_12","c8cde1aa908581185caf0bb87659055a","2026-04-12T09:53:29Z","08:40 PM","Dallas Mavericks","Chicago Bulls","-6.5","6.5","246.5","-278","225","-108","-112","-108","-112","1.36","3.25","1.93","1.89","1.93","1.89"
"Basketball","NBA","2026_04_12","09604d4c311c1eb2215317d12154f42a","2026-04-12T09:53:29Z","08:40 PM","San Antonio Spurs","Denver Nuggets","-11.5","11.5","233.5","-526","390","-105","-115","-108","-112","1.19","4.9","1.95","1.87","1.93","1.89"
"Basketball","NBA","2026_04_12","06ccc7d0ba2acaf031c7d42eea09672c","2026-04-12T09:53:29Z","08:40 PM","Los Angeles Clippers","Golden State Warriors","-5.5","5.5","225.5","-244","200","-118","-102","-108","-112","1.41","3.0","1.85","1.98","1.93","1.89"
"Basketball","NBA","2026_04_12","fdd561cce076bab5eb0f0651d1d0f8e4","2026-04-12T09:53:29Z","08:40 PM","Houston Rockets","Memphis Grizzlies","-13.5","13.5","225.5","-833","550","-108","-112","-112","-108","1.12","6.5","1.93","1.89","1.89","1.93"
"Basketball","NBA","2026_04_12","3f3bec3a69985062b105b5fe8bf06fe9","2026-04-12T09:53:29Z","08:40 PM","Los Angeles Lakers","Utah Jazz","-14.5","14.5","236.5","-1250","750","-108","-112","-110","-110","1.08","8.5","1.93","1.89","1.91","1.91"
"Basketball","NBA","2026_04_12","47ede7b5685ae38218b5c2ea1ffd1699","2026-04-12T09:53:29Z","08:40 PM","Minnesota Timberwolves","New Orleans Pelicans","-6.5","6.5","236.5","-270","220","-105","-115","-108","-112","1.37","3.2","1.95","1.87","1.93","1.89"
"Basketball","NBA","2026_04_12","8c4fafe262a5424f243a130d7ab60e82","2026-04-12T09:53:29Z","08:40 PM","Oklahoma City Thunder","Phoenix Suns","-5.5","5.5","213.5","-238","195","-105","-115","-108","-112","1.42","2.95","1.95","1.87","1.93","1.89"
"Basketball","NBA","2026_04_12","3f5adb3e93b0c63eb14ed1d0e8b90a43","2026-04-12T09:53:29Z","08:40 PM","Portland Trail Blazers","Sacramento Kings","-16.5","16.5","228.5","-1429","850","-112","-108","-110","-110","1.07","9.5","1.89","1.93","1.91","1.91"
"Basketball","NBA","2026_04_14","25f53495c4044a1d8fb682e3715eb7b3","2026-04-14T09:52:37Z","07:40 PM","Charlotte Hornets","Miami Heat","-5.5","5.5","228.5","-217","180","-110","-110","-110","-110","1.46","2.8","1.91","1.91","1.91","1.91"
"Basketball","NBA","2026_04_14","0999cb23cd03811476b378dd4045ea16","2026-04-14T09:52:37Z","10:10 PM","Phoenix Suns","Portland Trail Blazers","-3.5","3.5","217.5","-161","136","-110","-110","-110","-110","1.62","2.36","1.91","1.91","1.91","1.91"
"Basketball","NBA","2026_04_15","f7264c00c662a127d58f4ab12fc498bc","2026-04-15T10:06:15Z","07:40 PM","Philadelphia 76ers","Orlando Magic","-2.5","2.5","222.5","-130","110","-105","-115","-110","-110","1.77","2.1","1.95","1.87","1.91","1.91"
"Basketball","NBA","2026_04_15","7cfae0891b99865ef7fc9d357b69ca28","2026-04-15T10:06:15Z","10:10 PM","Los Angeles Clippers","Golden State Warriors","-5.5","5.5","221.5","-204","170","-105","-115","-110","-110","1.49","2.7","1.95","1.87","1.91","1.91"
"Basketball","NBA","2026_04_17","fc16dfbe5b438857b93902fa811dd8f6","2026-04-17T10:05:38Z","07:40 PM","Orlando Magic","Charlotte Hornets","3.5","-3.5","217.5","136","-161","-115","-105","-115","-105","2.36","1.62","1.87","1.95","1.87","1.95"
"Basketball","NBA","2026_04_17","c8d1b7fd06c21e259b9416daf596f023","2026-04-17T10:05:38Z","10:10 PM","Phoenix Suns","Golden State Warriors","-3.5","3.5","219.5","-154","130","-112","-108","-112","-108","1.65","2.3","1.89","1.93","1.89","1.93"
"Basketball","NBA","2026_04_18","2a8e5a45f1bcb477a6f9cbd7739d005e","2026-04-18T09:29:27Z","01:10 PM","Cleveland Cavaliers","Toronto Raptors","-8.5","8.5","219.5","-357","280","-105","-115","-115","-105","1.28","3.8","1.95","1.87","1.87","1.95"
"Basketball","NBA","2026_04_18","526f783434e5dabca25ee032d8fee612","2026-04-18T09:29:27Z","03:40 PM","Denver Nuggets","Minnesota Timberwolves","-6.5","6.5","231.5","-256","210","-115","-105","-110","-110","1.39","3.1","1.87","1.95","1.91","1.91"
"Basketball","NBA","2026_04_18","bee2c9ea4bf8df373aa45af7005b583d","2026-04-18T09:29:27Z","06:10 PM","New York Knicks","Atlanta Hawks","-5.5","5.5","216.5","-227","185","-105","-115","-110","-110","1.44","2.85","1.95","1.87","1.91","1.91"
"Basketball","NBA","2026_04_18","1a9383105929a09e5662227ad45554b8","2026-04-18T09:29:27Z","08:40 PM","Los Angeles Lakers","Houston Rockets","5.5","-5.5","207.5","170","-204","-115","-105","-105","-115","2.7","1.49","1.87","1.95","1.95","1.87"
"Basketball","NBA","2026_04_19","00d1efd43d0790297fb68684a9171191","2026-04-19T10:47:51Z","01:10 PM","Boston Celtics","Philadelphia 76ers","-12.5","12.5","213.5","-833","550","-110","-110","-110","-110","1.12","6.5","1.91","1.91","1.91","1.91"
"Basketball","NBA","2026_04_19","ef6021edff80a85fe2dae5cf3530d9d4","2026-04-19T10:47:51Z","03:40 PM","Oklahoma City Thunder","Phoenix Suns","-14.5","14.5","215.5","-1111","700","-102","-118","-110","-110","1.09","8.0","1.98","1.85","1.91","1.91"
"Basketball","NBA","2026_04_19","e777e2f049a5c85aed96a220a2cfe924","2026-04-19T10:47:51Z","06:40 PM","Detroit Pistons","Orlando Magic","-8.5","8.5","218.5","-345","275","-110","-110","-115","-105","1.29","3.75","1.91","1.91","1.87","1.95"
"Basketball","NBA","2026_04_19","04e3ad1ccbad6419ac711ff120fd5cbe","2026-04-19T10:47:51Z","09:10 PM","San Antonio Spurs","Portland Trail Blazers","-10.5","10.5","221.5","-526","400","-115","-105","-110","-110","1.19","5.0","1.87","1.95","1.91","1.91"
"Basketball","NBA","2026_04_20","273905d6a4ae9217ec0734b66a0eb28b","2026-04-20T10:04:07Z","07:10 PM","Cleveland Cavaliers","Toronto Raptors","-8.5","8.5","222.5","-345","275","-110","-110","-110","-110","1.29","3.75","1.91","1.91","1.91","1.91"
"Basketball","NBA","2026_04_20","a1b444bd00a27cbae3cf7ca3bf75a3f0","2026-04-20T10:04:07Z","08:10 PM","New York Knicks","Atlanta Hawks","-5.5","5.5","216.5","-233","190","-115","-105","-115","-105","1.43","2.9","1.87","1.95","1.87","1.95"
"Basketball","NBA","2026_04_20","a52365fe7f7123df1c4220d9591a6da2","2026-04-20T10:04:07Z","10:40 PM","Denver Nuggets","Minnesota Timberwolves","-6.5","6.5","230.5","-256","210","-115","-105","-110","-110","1.39","3.1","1.87","1.95","1.91","1.91"
"Basketball","NBA","2026_04_21","d1a7a6e7b024f888e922a62b14fcf466","2026-04-21T10:05:48Z","07:10 PM","Boston Celtics","Philadelphia 76ers","-13.5","13.5","216.5","-833","575","-110","-110","-110","-110","1.12","6.75","1.91","1.91","1.91","1.91"
"Basketball","NBA","2026_04_21","680084e4612c197a1cf4170d82ba6f10","2026-04-21T10:05:48Z","08:00 PM","San Antonio Spurs","Portland Trail Blazers","-11.5","11.5","219.5","-667","470","-105","-115","-112","-108","1.15","5.7","1.95","1.87","1.89","1.93"
"Basketball","NBA","2026_04_21","d3d28b764e5099920880de59a45e82cf","2026-04-21T10:05:48Z","10:40 PM","Los Angeles Lakers","Houston Rockets","4.5","-4.5","206.5","160","-192","-105","-115","-110","-110","2.6","1.52","1.95","1.87","1.91","1.91"
"Basketball","NBA","2026_04_22","c9bc6bcae048283407d1cb53995eee8e","2026-04-22T13:14:48Z","07:10 PM","Detroit Pistons","Orlando Magic","-8.5","8.5","218.5","-400","310","-118","-102","-110","-110","1.25","4.1","1.85","1.98","1.91","1.91"
"Basketball","NBA","2026_04_22","0ce48ecb61f40bc3bd784adfe7f8e811","2026-04-22T13:14:48Z","09:40 PM","Oklahoma City Thunder","Phoenix Suns","-17.5","17.5","215.5","-2000","1100","-110","-110","-108","-112","1.05","12.0","1.91","1.91","1.93","1.89"
"Basketball","NBA","2026_04_23","b2b129565e14b8782b318b699b05ab3b","2026-04-23T10:45:21Z","07:10 PM","Atlanta Hawks","New York Knicks","-1.5","1.5","216.5","-110","-110","-102","-118","-108","-112","1.91","1.91","1.98","1.85","1.93","1.89"
"Basketball","NBA","2026_04_23","b754568efb2036d7f3b661cc8093e66f","2026-04-23T10:45:21Z","08:10 PM","Toronto Raptors","Cleveland Cavaliers","2.5","-2.5","219.5","130","-154","-105","-115","-115","-105","2.3","1.65","1.95","1.87","1.87","1.95"
"Basketball","NBA","2026_04_23","c548073cbcde990c77986a123bd2d5bd","2026-04-23T10:45:21Z","09:30 PM","Minnesota Timberwolves","Denver Nuggets","2.5","-2.5","233.5","114","-135","-112","-108","-112","-108","2.14","1.74","1.89","1.93","1.89","1.93"
"Basketball","NBA","2026_04_24","8d8ab21ae69d529ee4bd01fb8ace8276","2026-04-24T10:29:41Z","07:10 PM","Philadelphia 76ers","Boston Celtics","6.5","-6.5","215.5","230","-286","-105","-115","-110","-110","3.3","1.35","1.95","1.87","1.91","1.91"
"Basketball","NBA","2026_04_24","5000a9f1dd7ba71de7ae6ceef836aa48","2026-04-24T10:29:41Z","08:10 PM","Houston Rockets","Los Angeles Lakers","-8.5","8.5","206.5","-345","270","-112","-108","-110","-110","1.29","3.7","1.89","1.93","1.91","1.91"
"Basketball","NBA","2026_04_24","af4847d63733e67ddd02f2bafac8ea6f","2026-04-24T10:29:41Z","10:40 PM","Portland Trail Blazers","San Antonio Spurs","2.5","-2.5","220.5","120","-143","-110","-110","-108","-112","2.2","1.7","1.91","1.91","1.93","1.89"
"Basketball","NBA","2026_04_25","e480da9a1b9dacbed9120388db4f133f","2026-04-25T10:11:37Z","01:10 PM","Orlando Magic","Detroit Pistons","2.5","-2.5","213.5","114","-135","-110","-110","-105","-115","2.14","1.74","1.91","1.91","1.95","1.87"
"Basketball","NBA","2026_04_25","9f41c322eb6aa09683dc241cacc31d7c","2026-04-25T10:11:37Z","03:40 PM","Phoenix Suns","Oklahoma City Thunder","9.5","-9.5","214.5","310","-400","-110","-110","-110","-110","4.1","1.25","1.91","1.91","1.91","1.91"
"Basketball","NBA","2026_04_25","184d31a9a32dffc9c91eac3766d6f12d","2026-04-25T10:11:37Z","06:10 PM","Atlanta Hawks","New York Knicks","2.5","-2.5","214.5","110","-130","-118","-102","-110","-110","2.1","1.77","1.85","1.98","1.91","1.91"
"Basketball","NBA","2026_04_25","b24e970fd53cf667dd009e54d107d4b1","2026-04-25T10:11:37Z","08:40 PM","Minnesota Timberwolves","Denver Nuggets","1.5","-1.5","229.5","102","-122","-108","-112","-112","-108","2.02","1.82","1.93","1.89","1.89","1.93"
"Basketball","NBA","2026_04_26","d94d967f8600a3fb8b869f32c31a7357","2026-04-26T10:34:57Z","01:10 PM","Toronto Raptors","Cleveland Cavaliers","3.5","-3.5","220.5","142","-169","-105","-115","-112","-108","2.42","1.59","1.95","1.87","1.89","1.93"
"Basketball","NBA","2026_04_26","0cab123e90bdf5d1d144a7e26ebc339c","2026-04-26T10:34:57Z","03:40 PM","Portland Trail Blazers","San Antonio Spurs","5.5","-5.5","218.5","180","-217","-115","-105","-110","-110","2.8","1.46","1.87","1.95","1.91","1.91"
"Basketball","NBA","2026_04_26","62dc6619019d4366984883a71b283077","2026-04-26T10:34:57Z","07:10 PM","Philadelphia 76ers","Boston Celtics","7.5","-7.5","213.5","235","-294","-115","-105","-110","-110","3.35","1.34","1.87","1.95","1.91","1.91"
"Basketball","NBA","2026_04_26","399d2e69e4408801d09e614c88779989","2026-04-26T10:34:57Z","09:40 PM","Houston Rockets","Los Angeles Lakers","-4.5","4.5","207.5","-185","154","-115","-105","-110","-110","1.54","2.54","1.87","1.95","1.91","1.91"
"Basketball","NBA","2026_04_27","846b0e9b691b5a291619fa22f96c7dfa","2026-04-27T09:53:43Z","08:10 PM","Orlando Magic","Detroit Pistons","2.5","-2.5","214.5","124","-147","-105","-115","-108","-112","2.24","1.68","1.95","1.87","1.93","1.89"
"Basketball","NBA","2026_04_27","b3eb8f644d05290981f8805f5410f24a","2026-04-27T09:53:43Z","09:40 PM","Phoenix Suns","Oklahoma City Thunder","10.5","-10.5","213.5","380","-500","-108","-112","-110","-110","4.8","1.2","1.93","1.89","1.91","1.91"
"Basketball","NBA","2026_04_27","e4d639b6c49e5fd0accc6e80636e88fe","2026-04-27T09:53:43Z","10:40 PM","Denver Nuggets","Minnesota Timberwolves","-10.5","10.5","221.5","-500","380","-115","-105","-115","-105","1.2","4.8","1.87","1.95","1.87","1.95"
"Basketball","NBA","2026_04_28","d749c50ad2a2660df91f9dc1b8e20d78","2026-04-28T09:49:34Z","07:10 PM","Boston Celtics","Philadelphia 76ers","-11.5","11.5","214.5","-556","410","-115","-105","-105","-115","1.18","5.1","1.87","1.95","1.95","1.87"
"Basketball","NBA","2026_04_28","595b24bea54d0917338e4a51372398b3","2026-04-28T09:49:34Z","08:10 PM","New York Knicks","Atlanta Hawks","-6.5","6.5","213.5","-250","205","-110","-110","-110","-110","1.4","3.05","1.91","1.91","1.91","1.91"
"Basketball","NBA","2026_04_28","f61ea629819d5176316c94a379c02ad2","2026-04-28T09:49:34Z","09:40 PM","San Antonio Spurs","Portland Trail Blazers","-12.5","12.5","215.5","-667","490","-110","-110","-105","-115","1.15","5.9","1.91","1.91","1.95","1.87"
"Basketball","NBA","2026_04_29","912bee9cc9d36b6017819f012c0c56f1","2026-04-29T09:42:10Z","07:10 PM","Detroit Pistons","Orlando Magic","-10.5","10.5","211.5","-417","320","-105","-115","-108","-112","1.24","4.2","1.95","1.87","1.93","1.89"
"Basketball","NBA","2026_04_29","6fa2ebdc614d327bc9a4558541adcd30","2026-04-29T09:42:10Z","07:40 PM","Cleveland Cavaliers","Toronto Raptors","-8.5","8.5","215.5","-370","295","-115","-105","-115","-105","1.27","3.95","1.87","1.95","1.87","1.95"
"Basketball","NBA","2026_04_29","0d0aa62d4305ee094389473b308ce0bd","2026-04-29T09:42:10Z","10:10 PM","Los Angeles Lakers","Houston Rockets","-4.5","4.5","207.5","-179","150","-105","-115","-115","-105","1.56","2.5","1.95","1.87","1.87","1.95"
"Basketball","NBA","2026_04_30","24992ea72a9115eaa601ff602cc60468","2026-04-30T10:23:31Z","07:10 PM","Atlanta Hawks","New York Knicks","2.5","-2.5","213.5","124","-147","-108","-112","-110","-110","2.24","1.68","1.93","1.89","1.91","1.91"
"Basketball","NBA","2026_04_30","b2f1e46d7adfcf49fa68a52df4938626","2026-04-30T10:23:31Z","08:10 PM","Philadelphia 76ers","Boston Celtics","5.5","-5.5","212.5","190","-233","-105","-115","-110","-110","2.9","1.43","1.95","1.87","1.91","1.91"
"Basketball","NBA","2026_04_30","b981ac0f551b6f109cd18fa31de439b4","2026-04-30T10:23:31Z","09:40 PM","Minnesota Timberwolves","Denver Nuggets","5.5","-5.5","224.5","200","-244","-105","-115","-110","-110","3.0","1.41","1.95","1.87","1.91","1.91"
"Basketball","NBA","2026_05_01","88e10294c54deffd6e9e6efcba249d2c","2026-05-01T10:53:27Z","07:10 PM","Orlando Magic","Detroit Pistons","3.5","-3.5","209.5","136","-161","-110","-110","-110","-110","2.36","1.62","1.91","1.91","1.91","1.91"
"Basketball","NBA","2026_05_01","d1938a9c13602a661e894f996f2680e8","2026-05-01T10:53:27Z","07:40 PM","Toronto Raptors","Cleveland Cavaliers","3.5","-3.5","218.5","145","-175","-105","-115","-112","-108","2.45","1.57","1.95","1.87","1.89","1.93"
"Basketball","NBA","2026_05_01","c361a0b8c035a055bd9497b52674e3fb","2026-05-01T10:53:27Z","09:40 PM","Houston Rockets","Los Angeles Lakers","-3.5","3.5","206.5","-169","142","-112","-108","-110","-110","1.59","2.42","1.89","1.93","1.91","1.91"
"Basketball","NBA","2026_05_02","a37e80a2e3cf3aaa3ae84a9124987058","2026-05-02T11:48:56Z","07:40 PM","Boston Celtics","Philadelphia 76ers","-7.5","7.5","205.5","-294","235","-115","-105","-105","-115","1.34","3.35","1.87","1.95","1.95","1.87"
"Basketball","NBA","2026_05_03","be60e6f50fc77fc3a3cf6925472bad91","2026-05-03T13:39:57Z","03:40 PM","Detroit Pistons","Orlando Magic","-8.5","8.5","202.5","-323","260","-105","-115","-105","-115","1.31","3.6","1.95","1.87","1.95","1.87"
"Basketball","NBA","2026_05_03","a463f640631f8b0580966b909965de14","2026-05-03T13:39:57Z","07:40 PM","Cleveland Cavaliers","Toronto Raptors","-8.5","8.5","211.5","-294","240","-102","-118","-108","-112","1.34","3.4","1.98","1.85","1.93","1.89"
"Basketball","NBA","2026_05_04","b11391b35b7a0cf79deeef3bb3eb9009","2026-05-04T18:59:46Z","08:10 PM","New York Knicks","Philadelphia 76ers","-7.5","7.5","213.5","-294","235","-108","-112","-110","-110","1.34","3.35","1.93","1.89","1.91","1.91"
"Basketball","NBA","2026_05_04","219920e3a715ceb3dc69f3638f7571d5","2026-05-04T18:59:46Z","09:40 PM","San Antonio Spurs","Minnesota Timberwolves","-11.5","11.5","218.5","-500","380","-105","-115","-115","-105","1.2","4.8","1.95","1.87","1.87","1.95"
"Basketball","NBA","2026_05_05","0d7933fbc3dd3e384f9b709cff4e882c","2026-05-05T09:09:39Z","07:10 PM","Detroit Pistons","Cleveland Cavaliers","-3.5","3.5","215.5","-147","124","-105","-115","-105","-115","1.68","2.24","1.95","1.87","1.95","1.87"
"Basketball","NBA","2026_05_05","689b4554b0b10e67f46872eb2e74b98d","2026-05-05T09:09:39Z","08:40 PM","Oklahoma City Thunder","Los Angeles Lakers","-15.5","15.5","213.5","-1000","675","-110","-110","-110","-110","1.1","7.75","1.91","1.91","1.91","1.91"
"Basketball","NBA","2026_05_06","d146e10295545e18ac8915a1f5860317","2026-05-06T09:08:40Z","07:10 PM","New York Knicks","Philadelphia 76ers","-6.5","6.5","215.5","-270","220","-115","-105","-110","-110","1.37","3.2","1.87","1.95","1.91","1.91"
"Basketball","NBA","2026_05_06","246001ab42d44857430f7fe63f423461","2026-05-06T09:08:40Z","09:40 PM","San Antonio Spurs","Minnesota Timberwolves","-9.5","9.5","215.5","-417","330","-115","-105","-110","-110","1.24","4.3","1.87","1.95","1.91","1.91"
"Basketball","NBA","2026_05_07","862af0717b53a01b5e93a188a655d663","2026-05-07T09:10:24Z","07:10 PM","Detroit Pistons","Cleveland Cavaliers","-3.5","3.5","215.5","-154","130","-110","-110","-110","-110","1.65","2.3","1.91","1.91","1.91","1.91"
"Basketball","NBA","2026_05_07","a306b74e13d87d2f8d64b1e01c2cf958","2026-05-07T09:10:24Z","09:40 PM","Oklahoma City Thunder","Los Angeles Lakers","-15.5","15.5","209.5","-909","600","-110","-110","-105","-115","1.11","7.0","1.91","1.91","1.95","1.87"
"Basketball","NBA","2026_05_08","30d614c5d781b768faf9cf885e890851","2026-05-08T09:09:54Z","07:10 PM","Philadelphia 76ers","New York Knicks","-1.5","1.5","213.5","-118","-102","-112","-108","-110","-110","1.85","1.98","1.89","1.93","1.91","1.91"
"Basketball","NBA","2026_05_08","1b5c084f510006e8f30cd6cac40e231d","2026-05-08T09:09:54Z","09:40 PM","Minnesota Timberwolves","San Antonio Spurs","4.5","-4.5","215.5","164","-196","-115","-105","-115","-105","2.64","1.51","1.87","1.95","1.87","1.95"
"Basketball","NBA","2026_05_09","2734c350b90f332dbece882dd10b204e","2026-05-09T09:09:39Z","03:10 PM","Cleveland Cavaliers","Detroit Pistons","-4.5","4.5","211.5","-175","145","-105","-115","-110","-110","1.57","2.45","1.95","1.87","1.91","1.91"
"Basketball","NBA","2026_05_09","40c8a29efb894c4dd6bf6acc5025c9cb","2026-05-09T09:09:39Z","08:40 PM","Los Angeles Lakers","Oklahoma City Thunder","8.5","-8.5","211.5","295","-370","-110","-110","-110","-110","3.95","1.27","1.91","1.91","1.91","1.91"
"Basketball","NBA","2026_05_10","878243c543236baba132ad43ae333aae","2026-05-10T09:09:38Z","03:40 PM","Philadelphia 76ers","New York Knicks","1.5","-1.5","212.5","102","-122","-110","-110","-110","-110","2.02","1.82","1.91","1.91","1.91","1.91"
"Basketball","NBA","2026_05_10","77e60e525f42e8337027f550bcd2f1cc","2026-05-10T09:09:38Z","07:40 PM","Minnesota Timberwolves","San Antonio Spurs","4.5","-4.5","218.5","154","-185","-105","-115","-108","-112","2.54","1.54","1.95","1.87","1.93","1.89"
"Basketball","NBA","2026_05_11","b537062ee0483d20ae932052628b663d","2026-05-11T09:09:20Z","08:00 PM","Cleveland Cavaliers","Detroit Pistons","-3.5","3.5","212.5","-154","130","-110","-110","-110","-110","1.65","2.3","1.91","1.91","1.91","1.91"
"Basketball","NBA","2026_05_11","0db68bfa022e22873f48b8539addd5ae","2026-05-11T09:09:20Z","10:40 PM","Los Angeles Lakers","Oklahoma City Thunder","10.5","-10.5","214.5","390","-526","-105","-115","-112","-108","4.9","1.19","1.95","1.87","1.89","1.93"
"Basketball","NBA","2026_05_12","09800f9101b348d4a66742a3d8888b82","2026-05-12T09:09:42Z","08:10 PM","San Antonio Spurs","Minnesota Timberwolves","-10.5","10.5","218.5","-417","320","-105","-115","-108","-112","1.24","4.2","1.95","1.87","1.93","1.89"
"Basketball","NBA","2026_05_13","c3531530e77a4ada542bdbff23de5409","2026-05-13T13:58:22Z","08:10 PM","Detroit Pistons","Cleveland Cavaliers","-4.5","4.5","212.5","-175","145","-105","-115","-112","-108","1.57","2.45","1.95","1.87","1.89","1.93"
"Basketball","NBA","2026_05_15","745d265e0d83dac45060b44665d8cbe5","2026-05-15T14:51:02Z","07:10 PM","Cleveland Cavaliers","Detroit Pistons","-3.5","3.5","211.5","-175","145","-118","-102","-105","-115","1.57","2.45","1.85","1.98","1.95","1.87"
"Basketball","NBA","2026_05_15","1bd4432ce20bc61756180bf2d1c59c91","2026-05-15T14:51:02Z","09:40 PM","Minnesota Timberwolves","San Antonio Spurs","5.5","-5.5","218.5","180","-217","-110","-110","-110","-110","2.8","1.46","1.91","1.91","1.91","1.91"
"Basketball","NBA","2026_05_17","465746f51ad349641512f36c52306968","2026-05-17T09:10:02Z","08:10 PM","Detroit Pistons","Cleveland Cavaliers","-4.5","4.5","206.5","-179","150","-110","-110","-105","-115","1.56","2.5","1.91","1.91","1.95","1.87"
"Basketball","NBA","2026_05_18","924fe1c270c7ccb9e7a9cfa3002bdf05","2026-05-18T16:12:41Z","08:40 PM","Oklahoma City Thunder","San Antonio Spurs","-6.5","6.5","221.5","-244","200","-110","-110","-105","-115","1.41","3.0","1.91","1.91","1.95","1.87"
"Basketball","NBA","2026_05_19","7e2d40a6d3b163e318b7abbe026c40c1","2026-05-19T09:09:52Z","08:10 PM","New York Knicks","Cleveland Cavaliers","-7.5","7.5","217.5","-263","215","-105","-115","-110","-110","1.38","3.15","1.95","1.87","1.91","1.91"
"Basketball","NBA","2026_05_20","51176769d0f89d3e39adc8e90922f84d","2026-05-20T09:09:07Z","08:40 PM","Oklahoma City Thunder","San Antonio Spurs","-6.5","6.5","216.5","-238","195","-110","-110","-110","-110","1.42","2.95","1.91","1.91","1.91","1.91"
"Basketball","NBA","2026_05_21","dc45982e3723fb38d8477a1a75395594","2026-05-21T09:10:07Z","08:10 PM","New York Knicks","Cleveland Cavaliers","-6.5","6.5","216.5","-217","180","-105","-115","-110","-110","1.46","2.8","1.95","1.87","1.91","1.91"
"Basketball","NBA","2026_05_22","7b814a0bc57622abcbc708d9e9a27fca","2026-05-22T14:34:58Z","08:40 PM","San Antonio Spurs","Oklahoma City Thunder","-1.5","1.5","217.5","-125","105","-115","-105","-110","-110","1.8","2.05","1.87","1.95","1.91","1.91"
"Basketball","NBA","2026_05_23","4247d31ac7706ebe455b8f221c9e4184","2026-05-23T09:09:40Z","08:10 PM","Cleveland Cavaliers","New York Knicks","-2.5","2.5","214.5","-130","110","-108","-112","-108","-112","1.77","2.1","1.93","1.89","1.93","1.89"
"Basketball","NBA","2026_05_24","74cd3b630383a2e3eff3afd92006ebb3","2026-05-24T09:09:38Z","08:10 PM","San Antonio Spurs","Oklahoma City Thunder","-2.5","2.5","218.5","-135","114","-110","-110","-110","-110","1.74","2.14","1.91","1.91","1.91","1.91"
"Basketball","NBA","2026_05_25","a752ca36635e2ccb1bb5a9f387282e1c","2026-05-25T12:31:46Z","08:10 PM","Cleveland Cavaliers","New York Knicks","2.5","-2.5","217.5","120","-143","-105","-115","-110","-110","2.2","1.7","1.95","1.87","1.91","1.91"
"Basketball","NBA","2026_05_26","197dd95ba7880a2cd6a00df88014610b","2026-05-26T09:10:18Z","08:40 PM","Oklahoma City Thunder","San Antonio Spurs","-5.5","5.5","216.5","-196","164","-105","-115","-110","-110","1.51","2.64","1.95","1.87","1.91","1.91"
"Basketball","NBA","2026_05_28","78fd894a8789f5fd7f2318cc85b2fc44","2026-05-28T09:10:15Z","08:40 PM","San Antonio Spurs","Oklahoma City Thunder","-3.5","3.5","219.5","-161","136","-110","-110","-108","-112","1.62","2.36","1.91","1.91","1.93","1.89"
"Basketball","NBA","2026_05_30","c2c2561efd4d4f69367aa83be60995a0","2026-05-30T14:44:20Z","08:10 PM","Oklahoma City Thunder","San Antonio Spurs","-3.5","3.5","212.5","-154","130","-112","-108","-115","-105","1.65","2.3","1.89","1.93","1.87","1.95"
"Basketball","NBA","2026_06_03","1aae688472781f1a1aaf3efdb38e884b","2026-06-03T20:16:54Z","08:30 PM","San Antonio Spurs","New York Knicks","-4.5","4.5","217.5","-185","154","-112","-108","-110","-110","1.54","2.54","1.89","1.93","1.91","1.91"
"Basketball","NBA","2026_06_05","2852e944f8ef0bc3eba79f883b9101ba","2026-06-05T09:09:09Z","08:40 PM","San Antonio Spurs","New York Knicks","-6.5","6.5","214.5","-217","180","-102","-118","-112","-108","1.46","2.8","1.98","1.85","1.89","1.93"
"Basketball","NBA","2026_06_08","70505016","2026-06-08T22:55:39.71Z","08:30 PM","New York Knicks","San Antonio Spurs","-1.5","1.5","215.5","-123","106","-118","-104","-112","-108","1.81","2.06","1.85","1.96","1.89","1.93"
"Basketball","NBA","2026_06_10","70505010","","08:30 PM","New York Knicks","San Antonio Spurs","","","","","","","","","","","","","","",""
"Basketball","NBA","2026_06_13","70505012","","08:30 PM","San Antonio Spurs","New York Knicks","","","","","","","","","","","","","","",""
"Basketball","NBA","2026_06_16","70505008","","08:30 PM","New York Knicks","San Antonio Spurs","","","","","","","","","","","","","","",""
"Basketball","NBA","2026_06_19","70505014","","08:30 PM","San Antonio Spurs","New York Knicks","","","","","","","","","","","","","","",""
"Basketball","NBA","2026_06_19","70505020","","08:30 PM","TBC","TBD","","","","","","","","","","","","","","",""
