game_id,sport,league,game_date,game_time,home_team,away_team,market_type,bet_side,line,take_bet,dk_odds_american,model_prob,ev,kelly,low_confidence,gamePk,gameNumber,game_status,final_scores_generated_at,final_home_score,final_away_score,final_total,home_run_line,away_run_line,total,bet_result
7dc467f8d7fca948c9e9ca103825d968,baseball,mlb,2026_03_26,01:15 PM,New York Mets,Pittsburgh Pirates,run_line,home,1.5,home_run_line,-212.0,0.8117251482743014,0.1681032136028503,0.4125824626158205,0,823649,1,final,2026-08-20T09:33:33.181698+00:00,11,7,18,1.5,-1.5,7.0,Win
ded68cb95818777b5dd185d53a79acff,baseball,mlb,2026_03_26,04:10 PM,San Diego Padres,Detroit Tigers,run_line,home,1.5,home_run_line,-156.0,0.7098588477654396,0.2052632818031144,0.2572386502795253,0,823325,1,final,2026-08-20T09:33:33.181698+00:00,2,8,10,1.5,-1.5,7.0,Loss
3a7909f4e2e9f0bedff35e657a6b5cbe,baseball,mlb,2026_03_27,08:15 PM,Houston Astros,Los Angeles Angels,run_line,away,1.5,away_run_line,-156.0,0.6605862415751855,0.0630222494225266,0.1311007784324749,0,824216,1,final,2026-08-20T09:33:33.181698+00:00,2,6,8,-1.5,1.5,8.5,Win
487285d7a2811bab184f43dff7b4f563,baseball,mlb,2026_03_27,04:35 PM,San Francisco Giants,New York Yankees,run_line,home,1.5,home_run_line,-163.0,0.7108198258606546,0.1059833863750304,0.2394561420135216,0,823243,1,final,2026-08-20T09:33:33.181698+00:00,0,3,3,1.5,-1.5,7.5,Loss
7055a07016cd9cb5636dd11078ce1667,baseball,mlb,2026_03_28,02:15 PM,St Louis Cardinals,Tampa Bay Rays,run_line,home,1.5,home_run_line,-185.0,0.6822483282608574,0.0228145417351947,0.0944077355434435,0,,,final,2026-08-20T09:33:33.181698+00:00,6,5,11,,,,Win
83fb92be857af525695a1086c6d0eaaf,baseball,mlb,2026_03_28,04:05 PM,Philadelphia Phillies,Texas Rangers,run_line,home,1.5,home_run_line,-196.0,0.7705934285520774,0.1228423188564251,0.3209565485141489,0,823488,1,final,2026-08-20T09:33:33.181698+00:00,4,5,9,1.5,-1.5,7.5,Win
83fb92be857af525695a1086c6d0eaaf,baseball,mlb,2026_03_28,04:05 PM,Philadelphia Phillies,Texas Rangers,total,over,7.5,over_total,104.0,0.622078555753383,0.2707142760037032,0.2586925516700974,0,823488,1,final,2026-08-20T09:33:33.181698+00:00,4,5,9,1.5,-1.5,7.5,Win
e4be161112d6550a383416acab9cc6cb,baseball,mlb,2026_03_28,07:15 PM,San Francisco Giants,New York Yankees,run_line,home,1.5,home_run_line,-156.0,0.6551131615000442,0.0866574957949442,0.117089693440113,0,823241,1,final,2026-08-20T09:33:33.181698+00:00,1,3,4,1.5,-1.5,8.5,Loss
7082df2b4cf69fb66b014bcf17e6e2d4,baseball,mlb,2026_03_29,02:15 PM,St Louis Cardinals,Tampa Bay Rays,run_line,home,1.5,home_run_line,-181.0,0.7305540940575889,0.1597250738315789,0.2428570043018246,0,,,final,2026-08-20T09:33:33.181698+00:00,7,11,18,,,,Loss
8fe8daacad929f4573b3727c48c408a3,baseball,mlb,2026_03_29,01:35 PM,Baltimore Orioles,Minnesota Twins,total,over,9.0,over_total,100.0,0.6649197959193663,0.3330646973998134,0.3298395918387327,0,824864,1,final,2026-08-20T09:33:33.181698+00:00,8,6,14,-1.5,1.5,9.0,Win
b14a5b9c91da30ed32754a658ccd291a,baseball,mlb,2026_03_29,01:40 PM,Cincinnati Reds,Boston Red Sox,moneyline,home,,home_moneyline,112.0,0.5103280680437425,0.0608622153638454,0.0731209859399412,0,824538,1,final,2026-08-20T09:33:33.181698+00:00,3,2,5,1.5,-1.5,8.0,Win
27331c71f78dcb268af96a5483952ca2,baseball,mlb,2026_03_30,09:40 PM,Seattle Mariners,New York Yankees,moneyline,away,,away_moneyline,-107.0,0.5639614578293822,0.0952504630697189,0.0974002177068213,0,823159,1,final,2026-08-20T09:33:33.181698+00:00,2,1,3,1.5,-1.5,7.5,Loss
302b4128aeb5c50b679d20539e8816c4,baseball,mlb,2026_03_30,06:40 PM,Miami Marlins,Chicago White Sox,run_line,away,1.5,away_run_line,-181.0,0.6462411164806053,0.0084636740205345,0.0059375373105009,0,823890,1,final,2026-08-20T09:33:33.181698+00:00,4,9,13,-1.5,1.5,8.0,Win
302b4128aeb5c50b679d20539e8816c4,baseball,mlb,2026_03_30,06:40 PM,Miami Marlins,Chicago White Sox,moneyline,away,,away_moneyline,119.0,0.4888703082460665,0.0758092417255522,0.059349558873013,0,823890,1,final,2026-08-20T09:33:33.181698+00:00,4,9,13,-1.5,1.5,8.0,Win
640970e11703be5ad9c5087e476eecc7,baseball,mlb,2026_03_30,06:35 PM,Baltimore Orioles,Texas Rangers,run_line,home,1.5,home_run_line,-188.0,0.7292035299980526,0.1263111703043455,0.2201061663943914,0,824863,1,final,2026-08-20T09:33:33.181698+00:00,2,5,7,1.5,-1.5,9.0,Loss
a263feaf763c1299324e6d7fc4f5f5c5,baseball,mlb,2026_03_30,07:40 PM,Milwaukee Brewers,Tampa Bay Rays,run_line,away,1.5,away_run_line,-172.0,0.6416409366410516,-0.0111731182834015,0.0252633476636605,0,823809,1,final,2026-08-20T09:33:33.181698+00:00,2,3,5,-1.5,1.5,8.0,Win
b9044eb7a2798e7b9c463104de35f476,baseball,mlb,2026_03_30,09:40 PM,San Diego Padres,San Francisco Giants,run_line,home,1.5,home_run_line,-185.0,0.743752403197207,0.1310363070275292,0.26969434911204,0,823320,1,final,2026-08-20T09:33:33.181698+00:00,2,3,5,1.5,-1.5,8.5,Win
445445096cf76e57c1a9dee969e15995,baseball,mlb,2026_03_31,06:40 PM,Cincinnati Reds,Pittsburgh Pirates,run_line,home,1.5,home_run_line,-166.0,0.7751813087854792,0.1832358230471466,0.4019822813693746,0,824537,1,final,2026-08-20T09:33:33.181698+00:00,3,8,11,1.5,-1.5,9.0,Loss
8d928227a51e9c7b63c36bcf0a8083f0,baseball,mlb,2026_03_31,09:40 PM,Seattle Mariners,New York Yankees,run_line,home,1.5,home_run_line,-185.0,0.7289387597186593,0.0999985331401568,0.227475465198179,0,823158,1,final,2026-08-20T09:33:33.181698+00:00,0,5,5,1.5,-1.5,7.0,Loss
a7ee9fc9ac1db47a494d6c4c39dfc4de,baseball,mlb,2026_03_31,06:35 PM,Baltimore Orioles,Texas Rangers,run_line,home,1.5,home_run_line,-163.0,0.7078227755726668,0.1378253882621011,0.2315738997561137,0,824861,1,final,2026-08-20T09:33:33.181698+00:00,5,8,13,1.5,-1.5,8.5,Loss
25b209388bb30aa144af568ffd0b3921,baseball,mlb,2026_04_01,04:10 PM,Seattle Mariners,New York Yankees,run_line,home,1.5,home_run_line,-192.0,0.7550032375486749,0.1325841571052768,0.2846094536421311,0,823157,1,final,2026-08-20T09:33:33.181698+00:00,3,5,8,1.5,-1.5,7.5,Loss
25b209388bb30aa144af568ffd0b3921,baseball,mlb,2026_04_01,04:10 PM,Seattle Mariners,New York Yankees,total,over,7.5,over_total,102.0,0.5853442974869505,0.1782611955157363,0.1788190989447451,0,823157,1,final,2026-08-20T09:33:33.181698+00:00,3,5,8,1.5,-1.5,7.5,Win
4dabf3c25d679f972f575c9dfd6f7c94,baseball,mlb,2026_04_01,12:35 PM,Baltimore Orioles,Texas Rangers,run_line,home,1.5,home_run_line,-175.0,0.7642187664630804,0.2187484933308724,0.3516016077734711,0,824860,1,final,2026-08-20T09:33:33.181698+00:00,8,3,11,1.5,-1.5,8.5,Win
cc33d68ceec04cd9b09a8c631d7574a0,baseball,mlb,2026_04_01,07:40 PM,Kansas City Royals,Minnesota Twins,run_line,home,1.5,home_run_line,-163.0,0.7630686708957458,0.2191367375666191,0.3768706044558115,0,824136,1,final,2026-08-20T09:33:33.181698+00:00,13,9,22,1.5,-1.5,8.5,Win
292a9ce022187e0a27729ba402751e8c,baseball,mlb,2026_04_03,02:10 PM,Boston Red Sox,San Diego Padres,run_line,home,1.5,home_run_line,-192.0,0.7067665051381059,0.0840740376753141,0.1437581950032696,0,824786,1,final,2026-08-20T09:33:33.181698+00:00,5,2,7,1.5,-1.5,9.0,Win
c423735bd4d51edf6fe4efc260f2eb08,baseball,mlb,2026_04_03,09:40 PM,Athletics,Houston Astros,run_line,home,1.5,home_run_line,-156.0,0.7360543980527616,0.2280619181720532,0.3242992590150697,0,,,final,2026-08-20T09:33:33.181698+00:00,11,4,15,,,,Win
b58a8d0376af31bc90316319ce719acf,baseball,mlb,2026_04_05,04:30 PM,Cleveland Guardians,Chicago Cubs,run_line,home,1.5,home_run_line,-169.0,0.6940758563519038,0.1216715626745292,0.1770640535866212,0,824460,2,final,2026-08-20T09:33:33.181698+00:00,6,5,11,1.5,-1.5,7.5,Win
b58a8d0376af31bc90316319ce719acf,baseball,mlb,2026_04_05,04:30 PM,Cleveland Guardians,Chicago Cubs,moneyline,home,,home_moneyline,102.0,0.5132686084142395,0.0537025223300971,0.0360809696046704,0,824460,2,final,2026-08-20T09:33:33.181698+00:00,6,5,11,1.5,-1.5,7.5,Win
f546541ad061224570d6c2508ff82661,baseball,mlb,2026_04_05,04:05 PM,San Francisco Giants,New York Mets,moneyline,away,,away_moneyline,100.0,0.559768492954578,0.0968869859091559,0.1195369859091559,0,823238,1,final,2026-08-20T09:33:33.181698+00:00,2,5,7,1.5,-1.5,7.0,Win
6852a6697b356bb6e8a0216138056714,baseball,mlb,2026_04_06,06:45 PM,Boston Red Sox,Milwaukee Brewers,run_line,home,1.5,home_run_line,-172.0,0.7367616454678614,0.1131115282334139,0.2839916756725831,0,824783,1,final,2026-08-20T09:33:33.181698+00:00,6,8,14,1.5,-1.5,8.0,Loss
990a59a7449ed13a05090cf52c0e8d90,baseball,mlb,2026_04_06,06:45 PM,Washington Nationals,St Louis Cardinals,run_line,home,1.5,home_run_line,-172.0,0.7757680874881446,0.1878905786634225,0.3900891979677535,0,,,final,2026-08-20T09:33:33.181698+00:00,9,6,15,,,,Win
e7bc40f9611b8baa6328e83959820910,baseball,mlb,2026_04_06,06:10 PM,Cleveland Guardians,Kansas City Royals,run_line,home,1.5,home_run_line,-196.0,0.7466676134363525,0.1253872107678247,0.2501361357716032,0,824456,1,final,2026-08-20T09:33:33.181698+00:00,2,4,6,1.5,-1.5,7.5,Loss
27c6eeeda2f37653edfab1288fc8d1db,baseball,mlb,2026_04_07,06:45 PM,Washington Nationals,St Louis Cardinals,run_line,home,1.5,home_run_line,-185.0,0.6944389566602448,0.098467010110227,0.1291510264816977,0,,,final,2026-08-20T09:33:33.181698+00:00,6,7,13,,,,Win
34c5b69d9dd0d7d28dcc752eae1cf3ee,baseball,mlb,2026_04_07,08:05 PM,Texas Rangers,Seattle Mariners,run_line,home,1.5,home_run_line,-166.0,0.7448281383165717,0.1884808323493122,0.3212428479220806,0,822916,1,final,2026-08-20T09:33:33.181698+00:00,3,2,5,1.5,-1.5,7.5,Win
cdbfd5e28cb2a7740714cfb069042ee5,baseball,mlb,2026_04_07,01:10 PM,Cleveland Guardians,Kansas City Royals,run_line,home,1.5,home_run_line,-200.0,0.7307719125088108,0.1030578243187718,0.1923157375264323,0,824457,1,final,2026-08-20T09:33:33.181698+00:00,2,1,3,1.5,-1.5,6.5,Win
160de2c0d9ab7767e9268364d732e3a3,baseball,mlb,2026_04_08,01:10 PM,Cleveland Guardians,Kansas City Royals,run_line,home,1.5,home_run_line,-166.0,0.7044311331458518,0.1560982818950262,0.2137868141679658,0,824455,1,final,2026-08-20T09:33:33.181698+00:00,10,2,12,1.5,-1.5,7.0,Win
2f7d7c64bfe4e6ab5864b9f70ae4ba1a,baseball,mlb,2026_04_08,06:40 PM,Tampa Bay Rays,Chicago Cubs,run_line,home,1.5,home_run_line,-181.0,0.7043653159511029,0.1281230686558249,0.1692665378225989,0,823000,1,final,2026-08-20T09:33:33.181698+00:00,2,6,8,1.5,-1.5,8.0,Loss
4ef0a953d5a2ee85f161aca8c6c49b3c,baseball,mlb,2026_04_08,06:40 PM,Miami Marlins,Cincinnati Reds,moneyline,away,,away_moneyline,112.0,0.5312992364561872,0.0986488257315612,0.1128164118634971,0,823885,1,final,2026-08-20T09:33:33.181698+00:00,7,4,11,-1.5,1.5,7.5,Loss
a6d31fb32b9a25db695c58e6621fcd41,baseball,mlb,2026_04_08,04:10 PM,New York Mets,Arizona Diamondbacks,run_line,away,1.5,away_run_line,-175.0,0.6405737437735052,-0.0019897391495711,0.0115777953771392,0,823646,1,final,2026-08-20T09:33:33.181698+00:00,2,7,9,-1.5,1.5,7.5,Win
ed3937bc90189b707190e2ab6060520c,baseball,mlb,2026_04_08,01:35 PM,Boston Red Sox,Milwaukee Brewers,run_line,away,1.5,away_run_line,-185.0,0.6767177180488622,0.0331944347119107,0.0786454964392571,0,824779,1,final,2026-08-20T09:33:33.181698+00:00,5,0,5,-1.5,1.5,7.5,Loss
ed3937bc90189b707190e2ab6060520c,baseball,mlb,2026_04_08,01:35 PM,Boston Red Sox,Milwaukee Brewers,moneyline,away,,away_moneyline,119.0,0.5059333591157972,0.0986774120191513,0.0907513079526015,0,824779,1,final,2026-08-20T09:33:33.181698+00:00,5,0,5,-1.5,1.5,7.5,Loss
eff6484dd3596abf15d8ee0f27b5e9ba,baseball,mlb,2026_04_10,07:15 PM,Baltimore Orioles,San Francisco Giants,run_line,home,1.5,home_run_line,-188.0,0.7493013613412154,0.1522548708016728,0.2779879206627003,0,824858,1,final,2026-08-20T09:33:33.181698+00:00,3,6,9,1.5,-1.5,8.5,Loss
5242327588eadc6af4c8050a32d92f63,baseball,mlb,2026_04_11,07:15 PM,Atlanta Braves,Cleveland Guardians,run_line,home,1.5,home_run_line,-188.0,0.7437404469444725,0.1164581787707284,0.2619724872000808,0,824939,1,final,2026-08-20T09:33:33.181698+00:00,0,6,6,1.5,-1.5,8.0,Loss
48ddab368fb44b8c7e5c7ef18e0ba99a,baseball,mlb,2026_04_12,02:20 PM,Chicago Cubs,Pittsburgh Pirates,total,under,12.5,under_total,-114.0,0.7683359465569188,0.4493918845981712,0.5042389256318064,0,824696,1,final,2026-08-20T09:33:33.181698+00:00,7,6,13,-1.5,1.5,12.5,Loss
752e9b625117fe75f792a9f4c0464b06,baseball,mlb,2026_04_12,01:37 PM,Toronto Blue Jays,Minnesota Twins,run_line,home,1.5,home_run_line,-188.0,0.7598770397818497,0.1495446656705404,0.3084458745717272,0,822828,1,final,2026-08-20T09:33:33.181698+00:00,2,8,10,1.5,-1.5,8.0,Loss
f032258401e01dc5335139248b940efc,baseball,mlb,2026_04_12,01:40 PM,Cincinnati Reds,Los Angeles Angels,run_line,home,1.5,home_run_line,-188.0,0.8038403261546916,0.2386260343930026,0.4350601393255117,0,824533,1,final,2026-08-20T09:33:33.181698+00:00,6,9,15,1.5,-1.5,8.5,Loss
f0a7004057c75d3a27566a9cadac71de,baseball,mlb,2026_04_13,06:35 PM,Baltimore Orioles,Arizona Diamondbacks,run_line,away,1.5,away_run_line,-192.0,0.6839144953070311,0.0021643616127767,0.0770303262965312,0,824856,1,final,2026-08-20T09:33:33.181698+00:00,9,7,16,-1.5,1.5,8.5,Loss
441105a5d9e63b9467a1b49e493aff1f,baseball,mlb,2026_04_14,06:40 PM,Detroit Tigers,Kansas City Royals,run_line,home,1.5,home_run_line,-200.0,0.7857214047025819,0.1991931514983173,0.3571642141077457,0,824292,1,final,2026-08-20T09:33:33.181698+00:00,2,1,3,1.5,-1.5,7.5,Win
4f93a0b7adae6d305b4095cc30172ed9,baseball,mlb,2026_04_14,09:40 PM,Athletics,Texas Rangers,run_line,home,1.5,home_run_line,-163.0,0.7074497229249646,0.1112846245149222,0.2305927712926568,0,,,final,2026-08-20T09:33:33.181698+00:00,2,1,3,,,,Win
70099d392f8cdba638b5d8e7d6dce3e2,baseball,mlb,2026_04_14,09:40 PM,San Diego Padres,Seattle Mariners,run_line,home,1.5,home_run_line,-166.0,0.7154026288602079,0.1246959345992888,0.2429709927681529,0,823315,1,final,2026-08-20T09:33:33.181698+00:00,4,1,5,1.5,-1.5,7.0,Win
9d2cb684d156eddca29c13df0d0bce22,baseball,mlb,2026_04_14,07:40 PM,Milwaukee Brewers,Toronto Blue Jays,run_line,home,1.5,home_run_line,-200.0,0.7126134507985502,0.131481242864492,0.1378403523956506,0,823802,1,final,2026-08-20T09:33:33.181698+00:00,7,9,16,1.5,-1.5,7.0,Loss
5dde1728cec88d86d8dbbaa27a572697,baseball,mlb,2026_04_15,06:40 PM,Cincinnati Reds,San Francisco Giants,run_line,home,1.5,home_run_line,-166.0,0.738975553012016,0.1541415488023869,0.3056749710119625,0,824532,1,final,2026-08-20T09:33:33.181698+00:00,8,3,11,1.5,-1.5,9.0,Win
69d8354de162a3ae1d59bf8aa804c3ca,baseball,mlb,2026_04_15,06:40 PM,Detroit Tigers,Kansas City Royals,run_line,away,1.5,away_run_line,-192.0,0.6632826304394027,-0.0101853550956302,0.0167852808830564,0,824291,1,final,2026-08-20T09:33:33.181698+00:00,2,1,3,-1.5,1.5,8.0,Win
748d289cf73992eb235de4c4f66d4175,baseball,mlb,2026_04_15,06:40 PM,Philadelphia Phillies,Chicago Cubs,run_line,away,1.5,away_run_line,-172.0,0.6770263290465842,0.0570574877945983,0.1215116150067092,0,823477,1,final,2026-08-20T09:33:33.181698+00:00,2,11,13,-1.5,1.5,8.5,Win
851336f466000da358ea664a9302c8f4,baseball,mlb,2026_04_15,07:40 PM,Chicago White Sox,Tampa Bay Rays,run_line,home,1.5,home_run_line,-166.0,0.6561153833009669,0.0854933919829415,0.0852669195805718,0,824615,1,final,2026-08-20T09:33:33.181698+00:00,3,8,11,1.5,-1.5,8.0,Loss
ae6a5b39c2617185d491849bed3ddff8,baseball,mlb,2026_04_15,09:40 PM,Athletics,Texas Rangers,run_line,away,1.5,away_run_line,-188.0,0.6571259279201818,-0.0098167818149461,0.0125226724101235,0,,,final,2026-08-20T09:33:33.181698+00:00,6,5,11,,,,Win
e1d1d3bf816d477e6f48db9e600d48bf,baseball,mlb,2026_04_15,07:40 PM,Milwaukee Brewers,Toronto Blue Jays,run_line,home,1.5,home_run_line,-163.0,0.7437670337919527,0.1651601830849025,0.3261072988728357,0,823803,1,final,2026-08-20T09:33:33.181698+00:00,2,1,3,1.5,-1.5,7.5,Win
e39af7619a05b0b5a99bc6dcd7fbc12b,baseball,mlb,2026_04_15,01:40 PM,Minnesota Twins,Boston Red Sox,run_line,home,1.5,home_run_line,-156.0,0.6834096746815927,0.0853761328108188,0.1895287671848773,0,823722,1,final,2026-08-20T09:33:33.181698+00:00,5,9,14,1.5,-1.5,8.0,Loss
e39af7619a05b0b5a99bc6dcd7fbc12b,baseball,mlb,2026_04_15,01:40 PM,Minnesota Twins,Boston Red Sox,moneyline,home,,home_moneyline,112.0,0.5123299319727891,0.0500227891156462,0.0769102283770651,0,823722,1,final,2026-08-20T09:33:33.181698+00:00,5,9,14,1.5,-1.5,8.0,Loss
f330db82278ea4535ef5b2b1571ee7d1,baseball,mlb,2026_04_15,01:20 PM,St Louis Cardinals,Cleveland Guardians,run_line,home,1.5,home_run_line,-181.0,0.6504083699970626,0.0255054997683066,0.0176475196917459,0,,,final,2026-08-20T09:33:33.181698+00:00,5,3,8,,,,Win
f3b41be4bbb9dbffe13b5c0c9f57bb50,baseball,mlb,2026_04_15,09:40 PM,San Diego Padres,Seattle Mariners,run_line,home,1.5,home_run_line,-178.0,0.7471590343876139,0.126750167564176,0.2971021155975666,0,823314,1,final,2026-08-20T09:33:33.181698+00:00,7,6,13,1.5,-1.5,8.0,Win
01461c715fdcb8321ca3e4ed2762e436,baseball,mlb,2026_04_16,02:15 PM,Detroit Tigers,Kansas City Royals,run_line,home,1.5,home_run_line,-169.0,0.6996318963997062,0.1418764226059755,0.1920098013152096,0,824289,1,final,2026-08-20T09:33:33.181698+00:00,10,9,19,1.5,-1.5,8.0,Win
1be686414809592c870949866675b3f0,baseball,mlb,2026_04_16,03:05 PM,Athletics,Texas Rangers,run_line,home,1.5,home_run_line,-163.0,0.6579027845017182,0.0854352357979325,0.1002843232395189,0,,,final,2026-08-20T09:33:33.181698+00:00,6,9,15,,,,Loss
50a6b335289549d2d3f41d9072e8d031,baseball,mlb,2026_04_16,06:10 PM,Cleveland Guardians,Baltimore Orioles,run_line,home,1.5,home_run_line,-196.0,0.7895181877477914,0.210689234104374,0.3769738357334624,0,824453,1,final,2026-08-20T09:33:33.181698+00:00,4,2,6,1.5,-1.5,8.0,Win
d28f023fdea4d8299ebf509d22707293,baseball,mlb,2026_04_16,01:40 PM,Milwaukee Brewers,Toronto Blue Jays,run_line,away,1.5,away_run_line,-192.0,0.677272750134282,0.0073468408292207,0.0576364303921038,0,823801,1,final,2026-08-20T09:33:33.181698+00:00,2,1,3,-1.5,1.5,8.5,Win
6c36be674cd46d59ac8a57a727b8a4ca,baseball,mlb,2026_04_17,07:10 PM,Miami Marlins,Milwaukee Brewers,run_line,home,1.5,home_run_line,-178.0,0.747696072788923,0.1753152653134652,0.298595082353206,0,823883,1,final,2026-08-20T09:33:33.181698+00:00,5,7,12,1.5,-1.5,8.5,Loss
18200eb582e3bee33b38016accc8cc4e,baseball,mlb,2026_04_18,09:38 PM,Los Angeles Angels,San Diego Padres,run_line,home,1.5,home_run_line,-175.0,0.7022924232839847,0.1127469127795947,0.1813041640309578,0,824049,1,final,2026-08-20T09:33:33.181698+00:00,1,4,5,1.5,-1.5,9.5,Loss
23317fc37d8b970abb36b16450935fe2,baseball,mlb,2026_04_18,07:10 PM,Houston Astros,St Louis Cardinals,run_line,away,1.5,away_run_line,-163.0,0.6510270779277196,0.0579523265541324,0.0822012149499026,0,,,final,2026-08-20T09:33:33.181698+00:00,5,7,12,,,,Win
2ea66f343279c5bb39b4cb87f04810e7,baseball,mlb,2026_04_18,02:20 PM,Chicago Cubs,New York Mets,run_line,home,1.5,home_run_line,-185.0,0.7495491663236209,0.1158720556276802,0.2862151240223196,0,824694,1,final,2026-08-20T09:33:33.181698+00:00,4,2,6,1.5,-1.5,8.5,Win
2ea66f343279c5bb39b4cb87f04810e7,baseball,mlb,2026_04_18,02:20 PM,Chicago Cubs,New York Mets,total,under,8.5,under_total,-114.0,0.7186030657151314,0.3550052370193088,0.3978105606303813,0,824694,1,final,2026-08-20T09:33:33.181698+00:00,4,2,6,1.5,-1.5,8.5,Win
6e5129c6e0fc6e1f6fcaff97e0a79ebc,baseball,mlb,2026_04_18,08:10 PM,Arizona Diamondbacks,Toronto Blue Jays,run_line,home,1.5,home_run_line,-192.0,0.7771531098830311,0.1595148212804433,0.3492870808584511,0,825098,1,final,2026-08-20T09:33:33.181698+00:00,6,2,8,1.5,-1.5,9.0,Win
912d3bf4c4f1b996c5903aa3b6e3bc2a,baseball,mlb,2026_04_18,07:15 PM,Philadelphia Phillies,Atlanta Braves,moneyline,away,,away_moneyline,108.0,0.5166584489680919,0.0946717071869645,0.0691199757903991,0,823474,1,final,2026-08-20T09:33:33.181698+00:00,1,3,4,-1.5,1.5,7.0,Win
e2145c6f89c91d068baad1ef60cb1205,baseball,mlb,2026_04_18,02:10 PM,Minnesota Twins,Cincinnati Reds,run_line,away,1.5,away_run_line,-181.0,0.6935913537801969,0.0523965745304589,0.1389917041223531,0,823721,1,final,2026-08-20T09:33:33.181698+00:00,4,5,9,-1.5,1.5,8.0,Win
e2145c6f89c91d068baad1ef60cb1205,baseball,mlb,2026_04_18,02:10 PM,Minnesota Twins,Cincinnati Reds,moneyline,away,,away_moneyline,112.0,0.5263157894736842,0.0913950514619882,0.1033834586466165,0,823721,1,final,2026-08-20T09:33:33.181698+00:00,4,5,9,-1.5,1.5,8.0,Win
ff3a4cea8f327d320fac1af61a34e8c3,baseball,mlb,2026_04_18,04:05 PM,Washington Nationals,San Francisco Giants,run_line,home,1.5,home_run_line,-163.0,0.6564128463647562,0.0903090029620845,0.0963657859393087,0,822751,1,final,2026-08-20T09:33:33.181698+00:00,6,7,13,1.5,-1.5,9.5,Win
045dc8de81396e0de88fa0884e58750f,baseball,mlb,2026_04_19,02:10 PM,Houston Astros,St Louis Cardinals,run_line,away,1.5,away_run_line,-163.0,0.6627708557669783,0.0689566094072511,0.1130873506671527,0,,,final,2026-08-20T09:33:33.181698+00:00,5,7,12,,,,Win
0d7765b227447b5fb746d1178be90177,baseball,mlb,2026_04_19,07:20 PM,Philadelphia Phillies,Atlanta Braves,run_line,home,1.5,home_run_line,-188.0,0.6914607121124082,0.042103496569363,0.1114068508837357,0,823475,1,final,2026-08-20T09:33:33.181698+00:00,2,4,6,1.5,-1.5,8.0,Loss
0e8cd1402139869a8535c9d0d09acb45,baseball,mlb,2026_04_19,04:10 PM,Arizona Diamondbacks,Toronto Blue Jays,run_line,home,1.5,home_run_line,-185.0,0.7347680990709613,0.1079178889591687,0.2440890823522397,0,825100,1,final,2026-08-20T09:33:33.181698+00:00,4,10,14,1.5,-1.5,8.0,Loss
4c4e3a56911954f45c048e7f6a7f4822,baseball,mlb,2026_04_19,01:40 PM,Cleveland Guardians,Baltimore Orioles,run_line,home,1.5,home_run_line,-200.0,0.737819750022327,0.1080186028112683,0.213459250066981,0,824452,1,final,2026-08-20T09:33:33.181698+00:00,8,4,12,1.5,-1.5,7.0,Win
d97433d24ce14d05b02b695c3cb6d537,baseball,mlb,2026_04_19,01:35 PM,Pittsburgh Pirates,Tampa Bay Rays,run_line,home,1.5,home_run_line,-178.0,0.763789410435585,0.1627734737264879,0.3433345610109263,0,823393,1,final,2026-08-20T09:33:33.181698+00:00,6,3,9,1.5,-1.5,7.5,Win
e1d026d4b97697ac7e0862b37a1e26a5,baseball,mlb,2026_04_19,04:07 PM,Los Angeles Angels,San Diego Padres,moneyline,away,,away_moneyline,-114.0,0.5932872154826145,0.0897145308182413,0.129634641132795,0,824047,1,final,2026-08-20T09:33:33.181698+00:00,1,2,3,1.5,-1.5,8.5,Win
0d70750c31542bcfe935969cb9ccc66e,baseball,mlb,2026_04_20,07:40 PM,Chicago Cubs,Philadelphia Phillies,run_line,home,1.5,home_run_line,-175.0,0.750717390888117,0.149182157109898,0.3144728249423215,0,824692,1,final,2026-08-20T09:33:33.181698+00:00,5,1,6,1.5,-1.5,7.5,Win
4e58a660bb4f20467d3e4261ec9f47ba,baseball,mlb,2026_04_20,08:40 PM,Colorado Rockies,Los Angeles Dodgers,total,under,11.5,under_total,-114.0,0.762588342519127,0.4098293330460213,0.4919390529909317,0,824370,1,final,2026-08-20T09:33:33.181698+00:00,3,12,15,1.5,-1.5,11.5,Loss
6a0b76ac89fd72cc8272b53212004e44,baseball,mlb,2026_04_20,07:40 PM,Kansas City Royals,Baltimore Orioles,run_line,home,1.5,home_run_line,-163.0,0.7759012100127055,0.2209586667348833,0.4106201823334155,0,824125,1,final,2026-08-20T09:33:33.181698+00:00,5,7,12,1.5,-1.5,9.0,Loss
8b84f5c8a8eec852cbc8ab761818b5dc,baseball,mlb,2026_04_20,06:10 PM,Cleveland Guardians,Houston Astros,run_line,home,1.5,home_run_line,-196.0,0.7543754393222186,0.1339665119922848,0.272951300393767,0,824450,1,final,2026-08-20T09:33:33.181698+00:00,2,9,11,1.5,-1.5,7.5,Loss
eaa622d11f4b04e532bbea382e56ca52,baseball,mlb,2026_04_20,06:40 PM,Tampa Bay Rays,Cincinnati Reds,run_line,home,1.5,home_run_line,-192.0,0.7450619206737897,0.1279428265802777,0.2555808083674664,0,822994,1,final,2026-08-20T09:33:33.181698+00:00,1,6,7,1.5,-1.5,8.0,Loss
0567a988f9302cca0e4d8ef6eeb73371,baseball,mlb,2026_04_21,08:40 PM,Colorado Rockies,San Diego Padres,total,under,11.0,under_total,-109.0,0.7796018474928501,0.4768050900141218,0.5393678612600568,0,824369,1,final,2026-08-20T09:33:33.181698+00:00,0,1,1,1.5,-1.5,11.0,Win
1d3c338edb1851414b920c5e62833c42,baseball,mlb,2026_04_21,06:40 PM,Tampa Bay Rays,Cincinnati Reds,run_line,home,1.5,home_run_line,-181.0,0.7719211630321746,0.1535246770462673,0.3590984681204107,0,822995,1,final,2026-08-20T09:33:33.181698+00:00,6,12,18,1.5,-1.5,7.5,Loss
5e611c984388d54390d6d9a5518d84be,baseball,mlb,2026_04_21,06:40 PM,Miami Marlins,St Louis Cardinals,run_line,home,1.5,home_run_line,-188.0,0.7588039026062775,0.1347211330706094,0.3053552395060791,0,,,final,2026-08-20T09:33:33.181698+00:00,3,5,8,,,,Loss
8dd01844bbaffc7ec461c4e06ea83b42,baseball,mlb,2026_04_21,08:05 PM,Texas Rangers,Pittsburgh Pirates,run_line,home,1.5,home_run_line,-192.0,0.764962123902265,0.1875188523235839,0.3136894017946142,0,822914,1,final,2026-08-20T09:33:33.181698+00:00,5,1,6,1.5,-1.5,8.5,Win
bce74dac7fe3dd7ecf80111287a3dd34,baseball,mlb,2026_04_21,06:40 PM,Detroit Tigers,Milwaukee Brewers,run_line,home,1.5,home_run_line,-185.0,0.7358782895796128,0.1302893157788028,0.2472531253018964,0,824290,1,final,2026-08-20T09:33:33.181698+00:00,4,12,16,1.5,-1.5,8.5,Loss
d5285248b8322f4781920eb06d586c63,baseball,mlb,2026_04_21,06:45 PM,Boston Red Sox,New York Yankees,run_line,home,1.5,home_run_line,-175.0,0.6894221866543834,0.1108889218854596,0.1459110132995542,0,824773,1,final,2026-08-20T09:33:33.181698+00:00,0,4,4,1.5,-1.5,8.5,Loss
fd082c9fac90847ff16ee7691851778f,baseball,mlb,2026_04_21,07:40 PM,Chicago Cubs,Philadelphia Phillies,run_line,home,1.5,home_run_line,-192.0,0.8025541206231176,0.1895066806698804,0.4234580322195037,0,824690,1,final,2026-08-20T09:33:33.181698+00:00,7,4,11,1.5,-1.5,8.0,Win
2a8e5f1a3a4ac585a773ec30d535e4e0,baseball,mlb,2026_04_22,08:05 PM,Texas Rangers,Pittsburgh Pirates,run_line,home,1.5,home_run_line,-175.0,0.7217393980494223,0.109728644553854,0.2347833446359113,0,822913,1,final,2026-08-20T09:33:33.181698+00:00,4,8,12,1.5,-1.5,8.0,Loss
e33bac43c9aeb7a52713962ae0686e1f,baseball,mlb,2026_04_22,01:10 PM,Cleveland Guardians,Houston Astros,moneyline,away,,away_moneyline,119.0,0.4808181010991702,0.0841360858516272,0.0445307910984729,0,824449,1,final,2026-08-20T09:33:33.181698+00:00,0,2,2,-1.5,1.5,8.0,Win
0690cb513a9395d92f4b14ef1ff47d78,baseball,mlb,2026_04_23,02:20 PM,Chicago Cubs,Philadelphia Phillies,run_line,home,1.5,home_run_line,-156.0,0.7008113831452126,0.1062325381528274,0.2340771408517443,0,824689,1,final,2026-08-20T09:33:33.181698+00:00,8,7,15,1.5,-1.5,9.0,Win
1e66733b3f851159b9299af54335356a,baseball,mlb,2026_04_23,07:10 PM,New York Mets,Minnesota Twins,run_line,home,1.5,home_run_line,-175.0,0.708162207713052,0.1068040375173356,0.1974460712108931,0,823639,1,final,2026-08-20T09:33:33.181698+00:00,10,8,18,1.5,-1.5,7.5,Win
0bbbb2fddbaa8b74fdca003a5d074d6f,baseball,mlb,2026_04_24,07:40 PM,Milwaukee Brewers,Pittsburgh Pirates,run_line,home,1.5,home_run_line,-156.0,0.7638431940917462,0.2605865116719253,0.3954385768748701,0,823800,1,final,2026-08-20T09:33:33.181698+00:00,0,6,6,1.5,-1.5,7.0,Loss
1a7da3935dee427bcfb5038b6aca6b69,baseball,mlb,2026_04_24,07:40 PM,Chicago White Sox,Washington Nationals,run_line,home,1.5,home_run_line,-185.0,0.6865045128069035,0.1074492110208453,0.1065378614996749,0,824611,1,final,2026-08-20T09:33:33.181698+00:00,5,4,9,1.5,-1.5,9.0,Win
392c482c74dac60779aaf9841598058b,baseball,mlb,2026_04_24,10:15 PM,San Francisco Giants,Miami Marlins,run_line,home,1.5,home_run_line,-181.0,0.7400715852631972,0.1176286919156694,0.269601154589584,0,823232,1,final,2026-08-20T09:33:33.181698+00:00,4,9,13,1.5,-1.5,7.5,Loss
781378f4580bd5ca464d5bfa8f1035a2,baseball,mlb,2026_04_24,07:40 PM,Kansas City Royals,Los Angeles Angels,run_line,home,1.5,home_run_line,-178.0,0.7999380542096821,0.2691914554510766,0.4438277907029163,0,824124,1,final,2026-08-20T09:33:33.181698+00:00,6,3,9,1.5,-1.5,9.0,Win
932ab74f8b661c6fcaea03f907780fce,baseball,mlb,2026_04_24,07:05 PM,Baltimore Orioles,Boston Red Sox,run_line,home,1.5,home_run_line,-185.0,0.7207330400719766,0.142029489360132,0.2040891642051332,0,824854,1,final,2026-08-20T09:33:33.181698+00:00,10,3,13,1.5,-1.5,9.0,Win
988cc0182b2c8cc4ce2bd71787602b09,baseball,mlb,2026_04_24,07:10 PM,Tampa Bay Rays,Minnesota Twins,run_line,home,1.5,home_run_line,-204.0,0.8450595224897457,0.2864266975664183,0.5289809483688269,0,822992,1,final,2026-08-20T09:33:33.181698+00:00,6,2,8,1.5,-1.5,7.5,Win
1461fb537b3598f4090a3bd48ac75aa0,baseball,mlb,2026_04_26,04:10 PM,Los Angeles Dodgers,Chicago Cubs,total,under,9.0,under_total,-102.0,0.7169846339630179,0.4108711937203957,0.428308960605296,0,823959,1,final,2026-08-20T09:33:33.181698+00:00,6,0,6,-1.5,1.5,9.0,Win
1e288a31989294698b1a4901c9fda486,baseball,mlb,2026_04_26,02:10 PM,Chicago White Sox,Washington Nationals,run_line,away,1.5,away_run_line,-192.0,0.6956939054346862,0.0404414145152522,0.1114262038692842,0,824612,1,final,2026-08-20T09:33:33.181698+00:00,1,2,3,-1.5,1.5,8.0,Win
1e288a31989294698b1a4901c9fda486,baseball,mlb,2026_04_26,02:10 PM,Chicago White Sox,Washington Nationals,moneyline,away,,away_moneyline,108.0,0.5256438609541808,0.0757461641180294,0.0864252136895334,0,824612,1,final,2026-08-20T09:33:33.181698+00:00,1,2,3,-1.5,1.5,8.0,Win
4bd84afb941f32d8212a16abd49c992b,baseball,mlb,2026_04_26,04:10 PM,Kansas City Royals,Los Angeles Angels,run_line,home,1.5,home_run_line,-196.0,0.7772122682433418,0.1355880286849559,0.3405483140002915,0,824122,1,final,2026-08-20T09:33:33.181698+00:00,11,9,20,1.5,-1.5,8.5,Win
4bfe574e7c5269d65b3a9936e5793ada,baseball,mlb,2026_04_26,01:40 PM,Cincinnati Reds,Detroit Tigers,run_line,home,1.5,home_run_line,-185.0,0.751974882848878,0.1171091480524759,0.2931284161193024,0,824528,1,final,2026-08-20T09:33:33.181698+00:00,3,8,11,1.5,-1.5,9.0,Loss
4bfe574e7c5269d65b3a9936e5793ada,baseball,mlb,2026_04_26,01:40 PM,Cincinnati Reds,Detroit Tigers,total,under,9.0,under_total,-114.0,0.7226289151800576,0.3541651434321809,0.4064258784853232,0,824528,1,final,2026-08-20T09:33:33.181698+00:00,3,8,11,1.5,-1.5,9.0,Loss
7ec692536ced485b4f6b8d0e30b4fef8,baseball,mlb,2026_04_26,01:35 PM,Baltimore Orioles,Boston Red Sox,run_line,away,1.5,away_run_line,-181.0,0.6847333172108652,0.0461611728829206,0.114100621362531,0,824852,1,final,2026-08-20T09:33:33.181698+00:00,3,5,8,-1.5,1.5,7.5,Win
7ec692536ced485b4f6b8d0e30b4fef8,baseball,mlb,2026_04_26,01:35 PM,Baltimore Orioles,Boston Red Sox,moneyline,away,,away_moneyline,119.0,0.508937746080516,0.0976958194718854,0.0962803898456555,0,824852,1,final,2026-08-20T09:33:33.181698+00:00,3,5,8,-1.5,1.5,7.5,Win
371ff765cd40348073b510b2f45d81e9,baseball,mlb,2026_04_27,08:05 PM,Texas Rangers,New York Yankees,total,under,8.0,under_total,-107.0,0.7132562621163323,0.3924995206346696,0.406440462580808,0,822906,1,final,2026-08-20T09:33:33.181698+00:00,2,4,6,1.5,-1.5,8.0,Win
717163f13d80f9495ad5b88b9396ca1a,baseball,mlb,2026_04_27,09:40 PM,San Diego Padres,Chicago Cubs,run_line,home,1.5,home_run_line,-175.0,0.7134334217870993,0.1077985294749657,0.2119419099145231,0,823311,1,final,2026-08-20T09:33:33.181698+00:00,9,7,16,1.5,-1.5,8.0,Win
aede5ca829ddcbc5ee6726a1c0a03117,baseball,mlb,2026_04_27,10:40 PM,Chicago White Sox,Los Angeles Angels,run_line,home,1.5,home_run_line,-156.0,0.7559410588048275,0.2557741939361271,0.3752091105403584,0,824609,1,final,2026-08-20T09:33:33.181698+00:00,8,7,15,1.5,-1.5,9.0,Win
3c9ebf868da49e615e589bd0d839b640,baseball,mlb,2026_04_28,06:35 PM,Baltimore Orioles,Houston Astros,moneyline,away,,away_moneyline,119.0,0.5009215604411271,0.0923848173660682,0.0815279137529986,0,824849,1,final,2026-08-20T09:33:33.181698+00:00,5,3,8,-1.5,1.5,9.0,Loss
5a48e526a92801449cb2aff612e11b5f,baseball,mlb,2026_04_28,07:07 PM,Toronto Blue Jays,Boston Red Sox,run_line,home,1.5,home_run_line,-192.0,0.7342917655801411,0.0843908823753536,0.2241319554940123,0,822823,1,final,2026-08-20T09:33:33.181698+00:00,3,0,3,1.5,-1.5,7.5,Win
6015a24988595d49a325507fa8543243,baseball,mlb,2026_04_28,07:15 PM,Atlanta Braves,Detroit Tigers,run_line,home,1.5,home_run_line,-192.0,0.798368477340753,0.1928019926223955,0.411235953834999,0,824931,1,final,2026-08-20T09:33:33.181698+00:00,5,2,7,1.5,-1.5,9.0,Win
6015a24988595d49a325507fa8543243,baseball,mlb,2026_04_28,07:15 PM,Atlanta Braves,Detroit Tigers,total,under,9.0,under_total,-102.0,0.7041466337444452,0.3935659760179577,0.4023762001637792,0,824931,1,final,2026-08-20T09:33:33.181698+00:00,5,2,7,1.5,-1.5,9.0,Win
72f79061defb394c2e533967c55edb30,baseball,mlb,2026_04_28,07:40 PM,Milwaukee Brewers,Arizona Diamondbacks,run_line,home,1.5,home_run_line,-192.0,0.8191362286197563,0.3111604365814354,0.4718777875696887,0,823798,1,final,2026-08-20T09:33:33.181698+00:00,13,2,15,1.5,-1.5,8.0,Win
7401e0a3694fdfd518a0b949987e61b4,baseball,mlb,2026_04_28,07:40 PM,Minnesota Twins,Seattle Mariners,run_line,home,1.5,home_run_line,-163.0,0.6697331505722544,0.078717984052165,0.131398186005029,0,823716,1,final,2026-08-20T09:33:33.181698+00:00,1,7,8,1.5,-1.5,7.5,Loss
bb7e51c3ed5e76ca658d46e6b586c0fa,baseball,mlb,2026_04_28,08:05 PM,Texas Rangers,New York Yankees,run_line,home,1.5,home_run_line,-166.0,0.6921948888805997,0.0938380950335712,0.181238404422395,0,822908,1,final,2026-08-20T09:33:33.181698+00:00,2,3,5,1.5,-1.5,7.5,Win
bb7e51c3ed5e76ca658d46e6b586c0fa,baseball,mlb,2026_04_28,08:05 PM,Texas Rangers,New York Yankees,total,under,7.5,under_total,-120.0,0.7301414746478485,0.3488399094155964,0.4063112442252666,0,822908,1,final,2026-08-20T09:33:33.181698+00:00,2,3,5,1.5,-1.5,7.5,Win
1893671667b0416333a1bb815e98c138,baseball,mlb,2026_04_29,09:40 PM,Athletics,Kansas City Royals,run_line,home,1.5,home_run_line,-178.0,0.6556482522602873,0.0226344114577021,0.0427021412835988,0,,,final,2026-08-20T09:33:33.181698+00:00,5,2,7,,,,Win
68d4de1e01d8567e0d2e4a137d4b254b,baseball,mlb,2026_04_29,07:15 PM,Atlanta Braves,Detroit Tigers,total,under,8.0,under_total,-107.0,0.7071249187089086,0.3706533500598002,0.3937485817274408,0,824930,1,final,2026-08-20T09:33:33.181698+00:00,4,3,7,1.5,-1.5,8.0,Win
abd0114b226ed04c6bd4daac824f5241,baseball,mlb,2026_04_29,01:10 PM,Chicago White Sox,Los Angeles Angels,run_line,home,1.5,home_run_line,-156.0,0.6718817227038189,0.108769512471224,0.1600172101217761,0,824608,1,final,2026-08-20T09:33:33.181698+00:00,3,2,5,1.5,-1.5,8.5,Win
abd0114b226ed04c6bd4daac824f5241,baseball,mlb,2026_04_29,01:10 PM,Chicago White Sox,Los Angeles Angels,moneyline,home,,home_moneyline,104.0,0.5122686355820774,0.0512223943652157,0.0432961697956132,0,824608,1,final,2026-08-20T09:33:33.181698+00:00,3,2,5,1.5,-1.5,8.5,Win
af3e6454c0293bcd38866af00fb22cc1,baseball,mlb,2026_04_29,02:35 PM,Texas Rangers,New York Yankees,run_line,home,1.5,home_run_line,-163.0,0.7131811508297412,0.1965378214137678,0.2456664266822193,0,822907,1,final,2026-08-20T09:33:33.181698+00:00,3,0,3,1.5,-1.5,8.5,Win
af3e6454c0293bcd38866af00fb22cc1,baseball,mlb,2026_04_29,02:35 PM,Texas Rangers,New York Yankees,total,under,8.5,under_total,-105.0,0.7146412136293209,0.4094272554747958,0.4150144879401077,0,822907,1,final,2026-08-20T09:33:33.181698+00:00,3,0,3,1.5,-1.5,8.5,Win
dbb1f14488d5ad0f783dce845101d4c1,baseball,mlb,2026_04_29,07:40 PM,Milwaukee Brewers,Arizona Diamondbacks,run_line,home,1.5,home_run_line,-188.0,0.7779152241479288,0.18728876228808,0.3603958455460349,0,823796,1,final,2026-08-20T09:33:33.181698+00:00,2,6,8,1.5,-1.5,8.5,Loss
de142860d352b18879f2382e67ab3e2e,baseball,mlb,2026_04_29,02:30 PM,Cleveland Guardians,Tampa Bay Rays,run_line,home,1.5,home_run_line,-200.0,0.7368006413779948,0.0839477176225478,0.2104019241339845,0,824445,1,final,2026-08-20T09:33:33.181698+00:00,3,1,4,1.5,-1.5,7.0,Win
6f84f4f2e016877657f3d3ae23ce6760,baseball,mlb,2026_04_30,12:35 PM,Baltimore Orioles,Houston Astros,run_line,home,1.5,home_run_line,-185.0,0.7292035299980526,0.0936010224894925,0.2282300604944499,0,824848,1,final,2026-08-20T09:33:33.181698+00:00,10,3,13,1.5,-1.5,9.0,Win
c31726958fc1b67f38d3673aa8931ab7,baseball,mlb,2026_04_30,03:05 PM,Athletics,Kansas City Royals,run_line,away,1.5,away_run_line,-185.0,0.6696250115560294,0.0493011439286579,0.0584312829346837,0,,,final,2026-08-20T09:33:33.181698+00:00,6,3,9,,,,Loss
c31726958fc1b67f38d3673aa8931ab7,baseball,mlb,2026_04_30,03:05 PM,Athletics,Kansas City Royals,moneyline,away,,away_moneyline,108.0,0.5086563736894583,0.0757219239407399,0.0537085715500678,0,,,final,2026-08-20T09:33:33.181698+00:00,6,3,9,,,,Loss
e5babd0fb427836d74e73a544af17f39,baseball,mlb,2026_04_30,01:40 PM,Milwaukee Brewers,Arizona Diamondbacks,run_line,home,1.5,home_run_line,-200.0,0.7748714581791981,0.1941571872687971,0.3246143745375943,0,823795,1,final,2026-08-20T09:33:33.181698+00:00,13,1,14,1.5,-1.5,7.5,Win
224916189ace451ec4c3a758ac5d3b0d,baseball,mlb,2026_05_01,07:10 PM,Miami Marlins,Philadelphia Phillies,run_line,home,1.5,home_run_line,-156.0,0.6943992698028397,0.1086325624114975,0.2176621306952696,0,823877,1,final,2026-08-20T09:33:33.181698+00:00,5,6,11,1.5,-1.5,8.0,Win
4c46549aafa11d0400c4c8c87e755dda,baseball,mlb,2026_05_01,09:40 PM,San Diego Padres,Chicago White Sox,run_line,away,1.5,away_run_line,-172.0,0.6356587217489283,0.0057891015771168,0.0089917231570852,0,823309,1,final,2026-08-20T09:33:33.181698+00:00,2,8,10,-1.5,1.5,8.0,Win
4c46549aafa11d0400c4c8c87e755dda,baseball,mlb,2026_05_01,09:40 PM,San Diego Padres,Chicago White Sox,moneyline,away,,away_moneyline,123.0,0.4879993356033552,0.0887998739510377,0.0717386328418553,0,823309,1,final,2026-08-20T09:33:33.181698+00:00,2,8,10,-1.5,1.5,8.0,Win
71bed1a7ce55f688df69c714d2376fe7,baseball,mlb,2026_05_01,07:10 PM,Boston Red Sox,Houston Astros,run_line,home,1.5,home_run_line,-185.0,0.7668527842049909,0.205540091583064,0.3355304349842242,0,824772,1,final,2026-08-20T09:33:33.181698+00:00,3,1,4,1.5,-1.5,9.5,Win
eb5e5ee05cf9e2c9e3df8f51d9835b52,baseball,mlb,2026_05_01,06:40 PM,Detroit Tigers,Texas Rangers,run_line,home,1.5,home_run_line,-188.0,0.7371715296255126,0.1199636898282084,0.2430540053214761,0,824287,1,final,2026-08-20T09:33:33.181698+00:00,4,5,9,1.5,-1.5,8.0,Win
383d74609e0b5f77bfaf7eaa55477b31,baseball,mlb,2026_05_02,09:40 PM,Seattle Mariners,Kansas City Royals,run_line,away,1.5,away_run_line,-181.0,0.6581120733026393,0.009832059412139,0.0392949259804164,0,823144,1,final,2026-08-20T09:33:33.181698+00:00,2,3,5,-1.5,1.5,7.5,Win
446e036e67d7b97011f14ad76cab4645,baseball,mlb,2026_05_02,04:05 PM,Athletics,Cleveland Guardians,run_line,away,1.5,away_run_line,-166.0,0.6749115063681109,0.0443180363087399,0.135264606939175,0,,,final,2026-08-20T09:33:33.181698+00:00,6,14,20,,,,Win
446e036e67d7b97011f14ad76cab4645,baseball,mlb,2026_05_02,04:05 PM,Athletics,Cleveland Guardians,moneyline,away,,away_moneyline,112.0,0.5283098933074686,0.0828503071451667,0.1071580123319941,0,,,final,2026-08-20T09:33:33.181698+00:00,6,14,20,,,,Win
a5c3ef5e48ad39a2a1e04b385a33f7f0,baseball,mlb,2026_05_02,06:10 PM,Tampa Bay Rays,San Francisco Giants,run_line,home,1.5,home_run_line,-185.0,0.746189283194468,0.1374959972335197,0.2766394571042337,0,822988,1,final,2026-08-20T09:33:33.181698+00:00,5,1,6,1.5,-1.5,7.5,Win
ad24319e5623a8196399f98734f3be87,baseball,mlb,2026_05_02,04:10 PM,Miami Marlins,Philadelphia Phillies,run_line,home,1.5,home_run_line,-188.0,0.7276093672976734,0.1342634042763413,0.2155149778172995,0,823876,1,final,2026-08-20T09:33:33.181698+00:00,4,0,4,1.5,-1.5,8.5,Win
341da475ed0042be75b5bc44221f8161,baseball,mlb,2026_05_03,12:45 PM,Minnesota Twins,Toronto Blue Jays,run_line,home,1.5,home_run_line,-185.0,0.7406916238705279,0.1526036746113537,0.2609711280310046,0,823711,1,final,2026-08-20T09:33:33.181698+00:00,4,3,7,1.5,-1.5,8.0,Win
b713b3ae079ed7d21c2a9f7edb043f6b,baseball,mlb,2026_05_03,07:20 PM,Detroit Tigers,Texas Rangers,run_line,home,1.5,home_run_line,-188.0,0.7677362721028251,0.2061677851598834,0.3310804636561364,0,824285,1,final,2026-08-20T09:33:33.181698+00:00,7,1,8,1.5,-1.5,8.0,Win
b7ecafff68e95721e956a1a960acdd98,baseball,mlb,2026_05_03,01:35 PM,Pittsburgh Pirates,Cincinnati Reds,run_line,home,1.5,home_run_line,-188.0,0.769604866537258,0.1774383794707876,0.336462015627303,0,823387,1,final,2026-08-20T09:33:33.181698+00:00,1,0,1,1.5,-1.5,7.5,Win
25d5af851ff059eb0a390e1f5908f926,baseball,mlb,2026_05_04,08:50 PM,Chicago Cubs,Cincinnati Reds,total,under,11.5,under_total,-117.0,0.7498722310372584,0.4007134762122264,0.4572227413508508,0,824684,1,final,2026-08-20T09:33:33.181698+00:00,5,4,9,-1.5,1.5,11.5,Win
286159b7ccc29dea1805a4ce6218be0e,baseball,mlb,2026_05_04,07:40 PM,Kansas City Royals,Cleveland Guardians,run_line,home,1.5,home_run_line,-192.0,0.7630222339828775,0.1736185364045152,0.3080249232300026,0,824120,1,final,2026-08-20T09:33:33.181698+00:00,6,2,8,1.5,-1.5,9.0,Win
6afb68c3e91d245e69a9eec05286476d,baseball,mlb,2026_05_04,09:40 PM,Seattle Mariners,Atlanta Braves,run_line,away,1.5,away_run_line,-172.0,0.6375778220401943,-0.0129471310372119,0.0142116759493286,0,823143,1,final,2026-08-20T09:33:33.181698+00:00,5,4,9,-1.5,1.5,7.5,Win
724956d85946d94ae169ea8b4f5299b3,baseball,mlb,2026_05_04,06:40 PM,Tampa Bay Rays,Toronto Blue Jays,run_line,home,1.5,home_run_line,-200.0,0.7370786145987362,0.109593388564771,0.2112358437962087,0,822984,1,final,2026-08-20T09:33:33.181698+00:00,5,1,6,1.5,-1.5,8.0,Win
80044e6fc3586ebcf9f4df924a6f9519,baseball,mlb,2026_05_04,05:40 PM,Colorado Rockies,New York Mets,total,under,11.0,under_total,-117.0,0.7852273046322679,0.4379476442033294,0.5339432510520212,0,824363,1,final,2026-08-20T09:33:33.181698+00:00,2,4,6,1.5,-1.5,11.0,Win
a8b6869ab87cab44f73e7d8fe9c435f5,baseball,mlb,2026_05_04,06:40 PM,Miami Marlins,Philadelphia Phillies,run_line,home,1.5,home_run_line,-175.0,0.772118497631271,0.2055148677062831,0.3733258684859954,0,823874,1,final,2026-08-20T09:33:33.181698+00:00,0,1,1,1.5,-1.5,8.5,Win
642027e0dc5d6fe0e383f9c8b6453d6c,baseball,mlb,2026_05_05,07:05 PM,New York Yankees,Texas Rangers,run_line,home,1.5,home_run_line,-181.0,0.7286648912895807,0.0959699570726516,0.2375483445237216,0,823553,1,final,2026-08-20T09:33:33.181698+00:00,7,4,11,1.5,-1.5,8.0,Win
732ae7d99e94ec771af4f2525709bb66,baseball,mlb,2026_05_05,09:40 PM,Seattle Mariners,Atlanta Braves,run_line,away,1.5,away_run_line,-175.0,0.655033021868952,0.0096209391274005,0.0513408101396178,0,823142,1,final,2026-08-20T09:33:33.181698+00:00,2,3,5,-1.5,1.5,8.0,Win
a3d49ab06b3c4cfdcaeec1ee6be2c11f,baseball,mlb,2026_05_05,09:38 PM,Los Angeles Angels,Chicago White Sox,run_line,home,1.5,home_run_line,-192.0,0.7582169554390097,0.1389000863968275,0.2939935098819086,0,824040,1,final,2026-08-20T09:33:33.181698+00:00,4,3,7,1.5,-1.5,9.0,Win
b30fec61cfbf1f3dfe4bb5e70a150f48,baseball,mlb,2026_05_05,06:40 PM,Philadelphia Phillies,Athletics,total,over,9.0,over_total,100.0,0.6033116035890164,0.2020695696282789,0.2066232071780327,0,,,final,2026-08-20T09:33:33.181698+00:00,9,1,10,,,,Win
d1bb060e1d2465b94fde23b308c82f30,baseball,mlb,2026_05_05,06:45 PM,Washington Nationals,Minnesota Twins,run_line,home,1.5,home_run_line,-175.0,0.6969478637882057,0.1025093415084502,0.1666066254175657,0,822743,1,final,2026-08-20T09:33:33.181698+00:00,3,11,14,1.5,-1.5,9.0,Loss
50bf885c9e829f1de48161f3ec47e5dc,baseball,mlb,2026_05_06,06:45 PM,Washington Nationals,Minnesota Twins,moneyline,home,,home_moneyline,112.0,0.4982964224872233,0.0549272378951355,0.0503467997079584,0,822740,1,final,2026-08-20T09:33:33.181698+00:00,15,2,17,1.5,-1.5,9.5,Win
71fad9f636c723c1e774d7aa9651880b,baseball,mlb,2026_05_06,01:15 PM,St Louis Cardinals,Milwaukee Brewers,run_line,home,1.5,home_run_line,-169.0,0.6810098392746071,0.1082758634344666,0.141916467648693,0,,,final,2026-08-20T09:33:33.181698+00:00,2,6,8,,,,Loss
7c30fa11564865dd19f2a9c4a7e9d937,baseball,mlb,2026_05_06,04:07 PM,Los Angeles Angels,Chicago White Sox,run_line,home,1.5,home_run_line,-175.0,0.742280674715618,0.2131521713785107,0.2912718554679495,0,824036,1,final,2026-08-20T09:33:33.181698+00:00,8,2,10,1.5,-1.5,9.0,Win
de734f0e0ca302bf4a6c20844ec6127c,baseball,mlb,2026_05_06,02:10 PM,Houston Astros,Los Angeles Dodgers,moneyline,away,,away_moneyline,-217.0,0.7161248793047956,0.0967449888666573,0.1001158673962021,0,824198,1,final,2026-08-20T09:33:33.181698+00:00,2,12,14,1.5,-1.5,9.0,Win
24892453777c4e3f95360ff530e09902,baseball,mlb,2026_05_08,09:45 PM,San Diego Padres,St Louis Cardinals,run_line,away,1.5,away_run_line,-172.0,0.6765033744782746,0.0492970676503982,0.120089178580907,0,,,final,2026-08-20T09:33:33.181698+00:00,0,6,6,,,,Win
6aa50c59681975bb7beff37ab4f46bb5,baseball,mlb,2026_05_08,07:40 PM,Kansas City Royals,Detroit Tigers,run_line,away,1.5,away_run_line,-175.0,0.6541314776381326,0.0545931156535735,0.0488615635048646,0,824116,1,final,2026-08-20T09:33:33.181698+00:00,4,3,7,-1.5,1.5,8.5,Win
79db8c5227deae699a7b9c123aaf6d3f,baseball,mlb,2026_05_08,07:40 PM,Chicago White Sox,Seattle Mariners,moneyline,home,,home_moneyline,119.0,0.4757781227023935,0.0500164887182416,0.0352555367380183,0,824607,1,final,2026-08-20T09:33:33.181698+00:00,8,12,20,1.5,-1.5,8.0,Loss
9faf187505c47b0f5009cb7d7da5200c,baseball,mlb,2026_05_08,10:10 PM,Los Angeles Dodgers,Atlanta Braves,run_line,home,1.5,home_run_line,-192.0,0.7240518235485971,0.0904026594246028,0.1942313247619038,0,823957,1,final,2026-08-20T09:33:33.181698+00:00,3,1,4,1.5,-1.5,8.0,Win
ad17b69505e6a7e7c4c06dc7f6b91ac6,baseball,mlb,2026_05_08,07:10 PM,Miami Marlins,Washington Nationals,run_line,home,1.5,home_run_line,-192.0,0.7401434714957162,0.1146601740108465,0.2412189367674918,0,823871,1,final,2026-08-20T09:33:33.181698+00:00,2,3,5,1.5,-1.5,8.5,Win
bb96582815dabc42936e794a19c74217,baseball,mlb,2026_05_08,09:40 PM,Arizona Diamondbacks,New York Mets,moneyline,home,,home_moneyline,119.0,0.507936507936508,0.0654086857142858,0.0944377751100441,0,825088,1,final,2026-08-20T09:33:33.181698+00:00,1,3,4,1.5,-1.5,8.5,Loss
177cdddf981aae461d064d643293c5f4,baseball,mlb,2026_05_09,04:05 PM,Baltimore Orioles,Athletics,run_line,away,1.5,away_run_line,-185.0,0.677665638501665,0.0362825001542166,0.0813470697297451,0,,,final,2026-08-20T09:33:33.181698+00:00,2,6,8,,,,Win
54ac0c67d3a1921cfede4e125572526e,baseball,mlb,2026_05_09,09:05 PM,San Francisco Giants,Pittsburgh Pirates,run_line,home,1.5,home_run_line,-181.0,0.6674693680949308,0.025836974777213,0.0655889243467556,0,823224,1,final,2026-08-20T09:33:33.181698+00:00,3,13,16,1.5,-1.5,7.5,Loss
9fd60ef171dd7d6b753c07fe32aa37f6,baseball,mlb,2026_05_09,08:15 PM,Cleveland Guardians,Minnesota Twins,run_line,home,1.5,home_run_line,-192.0,0.7697952534673068,0.1520721702037516,0.3278021401245362,0,824444,1,final,2026-08-20T09:33:33.181698+00:00,1,2,3,1.5,-1.5,8.0,Win
dd95987c051582f99dbe07d5424b2a03,baseball,mlb,2026_05_09,07:10 PM,Kansas City Royals,Detroit Tigers,run_line,away,1.5,away_run_line,-175.0,0.6572362703534522,0.0547498534125677,0.0573997434719935,0,824115,1,final,2026-08-20T09:33:33.181698+00:00,5,1,6,-1.5,1.5,9.5,Loss
dd95987c051582f99dbe07d5424b2a03,baseball,mlb,2026_05_09,07:10 PM,Kansas City Royals,Detroit Tigers,total,under,9.5,under_total,-121.0,0.7104434496060724,0.2963964492023988,0.3600800236294202,0,824115,1,final,2026-08-20T09:33:33.181698+00:00,5,1,6,-1.5,1.5,9.5,Win
1a0f51cf52137e602d477a383aededcd,baseball,mlb,2026_05_10,04:10 PM,Arizona Diamondbacks,New York Mets,run_line,home,1.5,home_run_line,-169.0,0.720935291973587,0.1044656665799171,0.2493159354089488,0,825085,1,final,2026-08-20T09:33:33.181698+00:00,5,1,6,1.5,-1.5,8.5,Win
1a85cdf5d7c53f361d8dd4b822af8f09,baseball,mlb,2026_05_10,07:20 PM,Kansas City Royals,Detroit Tigers,run_line,away,1.5,away_run_line,-192.0,0.6704730718051841,-0.0120722032962821,0.0377813696711381,0,824113,1,final,2026-08-20T09:33:33.181698+00:00,3,6,9,-1.5,1.5,8.0,Win
24f0fb743655b2176ff9d2f1d17bc2d0,baseball,mlb,2026_05_10,04:05 PM,San Francisco Giants,Pittsburgh Pirates,run_line,home,1.5,home_run_line,-192.0,0.7216410501127687,0.1054568748242803,0.1871918663292849,0,823221,1,final,2026-08-20T09:33:33.181698+00:00,7,6,13,1.5,-1.5,8.0,Win
42a6a833eaecf112c826202eb1d596f9,baseball,mlb,2026_05_10,01:35 PM,Baltimore Orioles,Athletics,run_line,home,1.5,home_run_line,-181.0,0.7092796696461214,0.1203024460006389,0.1830758717056012,0,,,final,2026-08-20T09:33:33.181698+00:00,2,1,3,,,,Win
73c2cde50707b32c9767a0a8fbb2e7d2,baseball,mlb,2026_05_10,01:35 PM,Boston Red Sox,Tampa Bay Rays,moneyline,away,,away_moneyline,108.0,0.5435611380874033,0.0802034783329099,0.1209325622424062,0,824765,1,final,2026-08-20T09:33:33.181698+00:00,1,4,5,-1.5,1.5,8.0,Win
9bfd5fd962a5ede4a98e0c595c9db46f,baseball,mlb,2026_05_10,01:37 PM,Toronto Blue Jays,Los Angeles Angels,run_line,home,1.5,home_run_line,-172.0,0.7556214619676611,0.2263466876594537,0.3352903765520383,0,822819,1,final,2026-08-20T09:33:33.181698+00:00,1,6,7,1.5,-1.5,8.0,Loss
bdfc7e1e5ee8e2389bbdfb8f9521a582,baseball,mlb,2026_05_10,04:10 PM,San Diego Padres,St Louis Cardinals,run_line,away,1.5,away_run_line,-185.0,0.6830761195224697,0.0307064543994804,0.0967669406390387,0,,,final,2026-08-20T09:33:33.181698+00:00,3,2,5,,,,Win
bdfc7e1e5ee8e2389bbdfb8f9521a582,baseball,mlb,2026_05_10,04:10 PM,San Diego Padres,St Louis Cardinals,moneyline,away,,away_moneyline,112.0,0.5263157894736842,0.0941894736842104,0.1033834586466165,0,,,final,2026-08-20T09:33:33.181698+00:00,3,2,5,,,,Loss
7018d88c446b88b45928fc75ec91e83c,baseball,mlb,2026_05_13,10:10 PM,Los Angeles Dodgers,San Francisco Giants,total,under,8.0,under_total,-114.0,0.74177339100741,0.390097093346774,0.4473950567558574,0,823952,1,final,2026-08-20T09:33:33.181698+00:00,4,0,4,-1.5,1.5,8.0,Win
ca6c0da9264577ed9bb23ff05ee77801,baseball,mlb,2026_05_13,07:10 PM,New York Mets,Detroit Tigers,run_line,home,1.5,home_run_line,-175.0,0.69988061130673,0.1134833225296232,0.1746716810935074,0,823631,1,final,2026-08-20T09:33:33.181698+00:00,3,2,5,1.5,-1.5,8.0,Win
d27ba1c4cb8a441ca047f3a9054aab48,baseball,mlb,2026_05_13,09:40 PM,Athletics,St Louis Cardinals,run_line,away,1.5,away_run_line,-156.0,0.6529746357315538,0.0546647868415241,0.1116150674727776,0,,,final,2026-08-20T09:33:33.181698+00:00,6,2,8,,,,Loss
0a103297db91d5bd1abf13d04b710c2a,baseball,mlb,2026_05_15,07:15 PM,Atlanta Braves,Boston Red Sox,run_line,away,1.5,away_run_line,-163.0,0.6559727668065657,0.0462925581671035,0.0952083767012677,0,824925,1,final,2026-08-20T09:33:33.181698+00:00,3,2,5,-1.5,1.5,8.0,Win
19b80d07edae4ffcb25b42667963c877,baseball,mlb,2026_05_15,06:45 PM,Detroit Tigers,Toronto Blue Jays,run_line,home,1.5,home_run_line,-156.0,0.6889053801118277,0.0847237930040249,0.2035977730862788,0,824280,1,final,2026-08-20T09:33:33.181698+00:00,3,2,5,1.5,-1.5,8.0,Win
2aee6b065d2ab7dd34a7bf34c50ecf64,baseball,mlb,2026_05_15,07:10 PM,Tampa Bay Rays,Miami Marlins,run_line,home,1.5,home_run_line,-200.0,0.7780425299415723,0.1727971282456916,0.3341275898247169,0,822983,1,final,2026-08-20T09:33:33.181698+00:00,7,2,9,1.5,-1.5,8.0,Win
4323e1f1f88640843f73a6482a7730d5,baseball,mlb,2026_05_15,08:10 PM,Houston Astros,Texas Rangers,run_line,home,1.5,home_run_line,-178.0,0.6777598580909149,0.0431455566438634,0.1041724054927434,0,824194,1,final,2026-08-20T09:33:33.181698+00:00,2,0,2,1.5,-1.5,8.5,Win
919b933a4af691070848a940a7d07a84,baseball,mlb,2026_05_15,09:40 PM,Seattle Mariners,San Diego Padres,run_line,away,1.5,away_run_line,-181.0,0.664280830444457,0.0045701474487609,0.0566291335489239,0,823140,1,final,2026-08-20T09:33:33.181698+00:00,0,2,2,-1.5,1.5,7.0,Win
8c4164a5b90b37ee80487fbe77607394,baseball,mlb,2026_05_16,09:40 PM,Athletics,San Francisco Giants,run_line,away,1.5,away_run_line,-175.0,0.6413756629687001,0.0079371529190684,0.0137830731639252,0,,,final,2026-08-20T09:33:33.181698+00:00,4,6,10,,,,Win
cc7b9980605dd66040b354031b4491c8,baseball,mlb,2026_05_16,04:05 PM,Washington Nationals,Baltimore Orioles,run_line,home,1.5,home_run_line,-172.0,0.6905209925543372,0.1100365970109932,0.1582170997477973,0,822737,1,final,2026-08-20T09:33:33.181698+00:00,13,3,16,1.5,-1.5,10.0,Win
f1f5588e7499f45638568bb30db784a3,baseball,mlb,2026_05_16,03:00 PM,St Louis Cardinals,Kansas City Royals,run_line,home,1.5,home_run_line,-185.0,0.7193387096552022,0.0949094001595157,0.2001153225173262,0,,,final,2026-08-20T09:33:33.181698+00:00,4,2,6,,,,Win
4a7ed5c0f59bf539dffd13712f0d22e3,baseball,mlb,2026_05_17,07:20 PM,Seattle Mariners,San Diego Padres,run_line,away,1.5,away_run_line,-163.0,0.6736649841726643,0.0518563855055872,0.1417389083741071,0,823138,1,final,2026-08-03T19:17:32.328250+00:00,3,8,11,-1.5,1.5,7.5,Win
b51f77ee601ba774b0fc72ab78459a22,baseball,mlb,2026_05_17,04:05 PM,Athletics,San Francisco Giants,run_line,away,1.5,away_run_line,-163.0,0.6203329803031888,0.0002553608572924,0.0014757381973866,0,,,final,2026-08-03T19:17:32.328250+00:00,1,10,11,,,,Win
d125d71e5b57f505a63c57086e78bfea,baseball,mlb,2026_05_17,01:35 PM,Pittsburgh Pirates,Philadelphia Phillies,run_line,away,1.5,away_run_line,-192.0,0.6760692463088492,0.0372886454280417,0.0541221992218401,0,823381,1,final,2026-08-03T19:17:32.328250+00:00,0,6,6,-1.5,1.5,7.0,Win
d125d71e5b57f505a63c57086e78bfea,baseball,mlb,2026_05_17,01:35 PM,Pittsburgh Pirates,Philadelphia Phillies,moneyline,away,,away_moneyline,119.0,0.4908811026270988,0.0841296147533462,0.0630500964313834,0,823381,1,final,2026-08-03T19:17:32.328250+00:00,0,6,6,-1.5,1.5,7.0,Win
42fd4ebc22c3536132b84d9c0a55ef29,baseball,mlb,2026_05_18,07:40 PM,Minnesota Twins,Houston Astros,run_line,home,1.5,home_run_line,-175.0,0.7282560999718243,0.1673635539239778,0.2527042749225167,0,823705,1,final,2026-08-20T09:33:33.181698+00:00,6,3,9,1.5,-1.5,9.5,Win
60ea4be5f7a9bd97fd35cbbbe9e208fa,baseball,mlb,2026_05_18,06:40 PM,Miami Marlins,Atlanta Braves,run_line,home,1.5,home_run_line,-175.0,0.7059878440473863,0.1330261358839879,0.1914665711303124,0,823867,1,final,2026-08-20T09:33:33.181698+00:00,12,0,12,1.5,-1.5,8.5,Win
00aa355eed768f248a9d925736ced07e,baseball,mlb,2026_05_19,09:40 PM,Arizona Diamondbacks,San Francisco Giants,run_line,home,1.5,home_run_line,-192.0,0.7498519313495399,0.1199157900385366,0.2695676395406567,0,825086,1,final,2026-08-20T09:33:33.181698+00:00,5,3,8,1.5,-1.5,8.5,Win
36672faae36a4b8104686a4a2068f311,baseball,mlb,2026_05_19,09:38 PM,Los Angeles Angels,Athletics,run_line,away,1.5,away_run_line,-185.0,0.6837277203755902,0.0503270052632965,0.0986240030704319,0,,,final,2026-08-20T09:33:33.181698+00:00,6,14,20,,,,Win
36672faae36a4b8104686a4a2068f311,baseball,mlb,2026_05_19,09:38 PM,Los Angeles Angels,Athletics,moneyline,away,,away_moneyline,108.0,0.5236486486486486,0.0862059225225224,0.0825825825825824,0,,,final,2026-08-20T09:33:33.181698+00:00,6,14,20,,,,Win
9dc0d5b7cb72b6692039e5b9a98b9c02,baseball,mlb,2026_05_19,07:45 PM,St Louis Cardinals,Pittsburgh Pirates,run_line,home,1.5,home_run_line,-181.0,0.6920161328944465,0.0794553103069707,0.1345653334333946,0,,,final,2026-08-20T09:33:33.181698+00:00,9,6,15,,,,Win
a1ca821baa20137a228b1dff8e70c21d,baseball,mlb,2026_05_19,07:40 PM,Chicago Cubs,Milwaukee Brewers,run_line,home,1.5,home_run_line,-163.0,0.6981749549515816,0.079215881506744,0.2062001315226595,0,824677,1,final,2026-08-20T09:33:33.181698+00:00,2,5,7,1.5,-1.5,8.0,Loss
c974a8cecb0d3237e2c78f1920c5eaf3,baseball,mlb,2026_05_19,06:40 PM,Tampa Bay Rays,Baltimore Orioles,run_line,home,1.5,home_run_line,-200.0,0.7866347323496932,0.1718256985245397,0.3599041970490795,0,822979,1,final,2026-08-20T09:33:33.181698+00:00,4,1,5,1.5,-1.5,7.5,Win
005a4910f335d19816293b6d19644bd0,baseball,mlb,2026_05_20,07:40 PM,Kansas City Royals,Boston Red Sox,run_line,home,1.5,home_run_line,-196.0,0.7559549621951047,0.1427018249930604,0.2776266880975099,0,824111,1,final,2026-08-20T09:33:33.181698+00:00,3,4,7,1.5,-1.5,8.0,Win
44f850d55bfab7238e84fbd1b0e4c76f,baseball,mlb,2026_05_20,01:05 PM,Philadelphia Phillies,Cincinnati Reds,run_line,away,1.5,away_run_line,-163.0,0.6463578987274148,0.0411853757926318,0.0699212736531008,0,823462,1,final,2026-08-20T09:33:33.181698+00:00,4,9,13,-1.5,1.5,10.0,Win
9090dcea2ce4abd32e09245a44d713d7,baseball,mlb,2026_05_20,07:45 PM,St Louis Cardinals,Pittsburgh Pirates,run_line,home,1.5,home_run_line,-192.0,0.781652065878159,0.1921180724119227,0.3624240323642247,0,,,final,2026-08-20T09:33:33.181698+00:00,0,7,7,,,,Loss
6a7d1b1febdcfcc35087e32a118d0e3e,baseball,mlb,2026_05_21,04:05 PM,Washington Nationals,New York Mets,run_line,home,1.5,home_run_line,-172.0,0.6927949643204957,0.1258105120520501,0.1644023029517484,0,822733,1,final,2026-08-20T09:33:33.181698+00:00,1,2,3,1.5,-1.5,8.5,Win
ad313997692fb82ede49e0b3e0c17525,baseball,mlb,2026_05_21,09:38 PM,Los Angeles Angels,Athletics,run_line,home,1.5,home_run_line,-172.0,0.7361204396272625,0.1552252171883325,0.282247595786154,0,,,final,2026-08-20T09:33:33.181698+00:00,2,3,5,,,,Win
fa85c6e14d2b480b97a6f0004286ec0b,baseball,mlb,2026_05_21,06:40 PM,Miami Marlins,Atlanta Braves,moneyline,home,,home_moneyline,119.0,0.4888703082460665,0.0696597972811077,0.059349558873013,0,823864,1,final,2026-08-20T09:33:33.181698+00:00,3,9,12,1.5,-1.5,7.5,Loss
0fec3ff922e35049f5bbc3e899ce1cef,baseball,mlb,2026_05_22,07:40 PM,Milwaukee Brewers,Los Angeles Dodgers,run_line,home,1.5,home_run_line,-178.0,0.6786746439333021,0.1098659560056941,0.1067155101345799,0,823788,1,final,2026-08-20T09:33:33.181698+00:00,5,1,6,1.5,-1.5,8.5,Win
2e525c53c28c114fe0aeaafcbe01e2be,baseball,mlb,2026_05_22,10:15 PM,San Francisco Giants,Chicago White Sox,run_line,home,1.5,home_run_line,-185.0,0.7049847077957329,0.1003575228204534,0.1592064172178386,0,823223,1,final,2026-08-20T09:33:33.181698+00:00,4,9,13,1.5,-1.5,7.5,Loss
668e5f71f74fad13739788e98ce12084,baseball,mlb,2026_05_22,07:15 PM,Baltimore Orioles,Detroit Tigers,run_line,away,1.5,away_run_line,-175.0,0.6533330624927579,0.0009897521711593,0.0466659218550842,0,824842,1,final,2026-08-20T09:33:33.181698+00:00,7,4,11,-1.5,1.5,8.5,Loss
a29760479f428402af00a34cffbc00cf,baseball,mlb,2026_05_22,07:10 PM,Miami Marlins,New York Mets,run_line,home,1.5,home_run_line,-192.0,0.6788890210490596,0.0473603861787783,0.0623559414632543,0,823863,1,final,2026-08-20T09:33:33.181698+00:00,2,1,3,1.5,-1.5,8.0,Win
188966d9ba86d03383806bac10bc777c,baseball,mlb,2026_05_23,07:15 PM,Cincinnati Reds,St Louis Cardinals,run_line,home,1.5,home_run_line,-163.0,0.6995994908876411,0.112596076980945,0.209946661034496,0,,,final,2026-08-20T09:33:33.181698+00:00,7,6,13,,,,Win
1b110a61227c86ab2f069fb32d6720af,baseball,mlb,2026_05_23,09:40 PM,San Diego Padres,Athletics,run_line,home,1.5,home_run_line,-181.0,0.8022700454745405,0.2148964978545811,0.4443788277834587,0,,,final,2026-08-20T09:33:33.181698+00:00,2,0,2,,,,Win
613fbf2d89b0e9cffb2d70ebdbe1f178,baseball,mlb,2026_05_23,04:10 PM,Boston Red Sox,Minnesota Twins,run_line,home,1.5,home_run_line,-192.0,0.7808141975641893,0.2186104143510937,0.3599774568874332,0,824760,1,final,2026-08-20T09:33:33.181698+00:00,2,4,6,1.5,-1.5,8.5,Loss
8cd9a8c51a76ba56fe6f4a174a01a9ee,baseball,mlb,2026_05_23,04:10 PM,Miami Marlins,New York Mets,run_line,home,1.5,home_run_line,-185.0,0.7270590325905036,0.1162860706274125,0.2221182428829354,0,823862,1,final,2026-08-20T09:33:33.181698+00:00,4,1,5,1.5,-1.5,8.0,Win
bb14f988c4cc921c1b5286bf757183f6,baseball,mlb,2026_05_23,06:00 PM,Philadelphia Phillies,Cleveland Guardians,moneyline,home,,home_moneyline,-200.0,0.6706714944042134,0.0666706638285424,0.01201448321264,0,823458,1,final,2026-08-20T09:33:33.181698+00:00,3,0,3,-1.5,1.5,7.5,Win
e8edd4604077b2fc638f1b2e3db08545,baseball,mlb,2026_05_23,07:15 PM,Milwaukee Brewers,Los Angeles Dodgers,run_line,home,1.5,home_run_line,-156.0,0.7197125479050086,0.1820259897244586,0.282464122636822,0,823787,1,final,2026-08-20T09:33:33.181698+00:00,3,11,14,1.5,-1.5,9.0,Loss
24764298bc8225d9b8c29e943649671f,baseball,mlb,2026_05_24,01:40 PM,Miami Marlins,New York Mets,run_line,home,1.5,home_run_line,-166.0,0.7299076084587987,0.143761053715103,0.2815542385004044,0,823861,1,final,2026-08-20T09:33:33.181698+00:00,4,0,4,1.5,-1.5,8.5,Win
bcb23e6708172d9bcdc2a18e01b320ce,baseball,mlb,2026_05_24,04:05 PM,San Francisco Giants,Chicago White Sox,run_line,home,1.5,home_run_line,-181.0,0.7725857894948546,0.2245176560052099,0.3609660684805413,0,823220,1,final,2026-08-20T09:33:33.181698+00:00,8,5,13,1.5,-1.5,8.0,Win
f70aa43669ed4dd4d5fa56bbe2964822,baseball,mlb,2026_05_24,12:15 PM,Toronto Blue Jays,Pittsburgh Pirates,run_line,away,1.5,away_run_line,-158.0,0.6352579989117604,-0.0195521986827656,0.0589656371923415,0,822813,1,final,2026-08-20T09:33:33.181698+00:00,1,4,5,-1.5,1.5,7.5,Win
56f5691dc9526c1284405c8be014cd55,baseball,mlb,2026_05_25,02:10 PM,Chicago White Sox,Minnesota Twins,run_line,home,1.5,home_run_line,-175.0,0.6999498266368805,0.097976711699225,0.1748620232514215,0,824598,1,final,2026-08-20T09:33:33.181698+00:00,3,1,4,1.5,-1.5,8.5,Win
e03d047a725cd7870eb6b6eaf8b23942,baseball,mlb,2026_05_25,09:40 PM,Athletics,Seattle Mariners,run_line,home,1.5,home_run_line,-161.0,0.6664446565392922,0.0774965481095909,0.1294205535675524,0,,,final,2026-08-20T09:33:33.181698+00:00,2,9,11,,,,Loss
42ec808f3f2b51bde3830094a2d31f59,baseball,mlb,2026_05_26,07:10 PM,New York Mets,Cincinnati Reds,run_line,home,1.5,home_run_line,-172.0,0.7233881609043569,0.1020070508358305,0.2476157976598508,0,823624,1,final,2026-08-20T09:33:33.181698+00:00,2,7,9,1.5,-1.5,7.5,Loss
82e37a8a126f9724f8872ec1669446da,baseball,mlb,2026_05_26,09:40 PM,San Diego Padres,Philadelphia Phillies,run_line,home,1.5,home_run_line,-204.0,0.7886669655071828,0.14702957474273,0.3575475751418359,0,823294,1,final,2026-08-20T09:33:33.181698+00:00,3,4,7,1.5,-1.5,8.0,Win
990789f1b2f666667f7dad0fe7d8b8b8,baseball,mlb,2026_05_26,06:45 PM,Boston Red Sox,Atlanta Braves,run_line,home,1.5,home_run_line,-175.0,0.7194278869745441,0.1434803588965057,0.2284266891799961,0,824758,1,final,2026-08-20T09:33:33.181698+00:00,6,7,13,1.5,-1.5,8.0,Win
a688baa4f466d96e091e81af30a03a59,baseball,mlb,2026_05_26,09:40 PM,Athletics,Seattle Mariners,run_line,home,1.5,home_run_line,-163.0,0.6828295300466333,0.1014211299389099,0.1658416640226455,0,,,final,2026-08-20T09:33:33.181698+00:00,1,4,5,,,,Loss
0bf247d0cff39f586755507c71b2d50c,baseball,mlb,2026_05_27,03:45 PM,San Francisco Giants,Arizona Diamondbacks,run_line,home,1.5,home_run_line,-156.0,0.7057566969792503,0.1543370582907354,0.2467371442668805,0,823217,1,final,2026-08-20T09:33:33.181698+00:00,2,3,5,1.5,-1.5,7.5,Win
77b3529d80cffeb203543f5f2201f8ff,baseball,mlb,2026_05_27,10:10 PM,Los Angeles Dodgers,Colorado Rockies,run_line,home,-1.5,home_run_line,-178.0,0.7277335379937466,0.2262726042823682,0.2430992356226156,0,823947,1,final,2026-08-20T09:33:33.181698+00:00,4,1,5,-1.5,1.5,8.0,Win
77b3529d80cffeb203543f5f2201f8ff,baseball,mlb,2026_05_27,10:10 PM,Los Angeles Dodgers,Colorado Rockies,total,under,8.0,under_total,-103.0,0.7024999258971475,0.3795047928373744,0.3960748495712094,0,823947,1,final,2026-08-20T09:33:33.181698+00:00,4,1,5,-1.5,1.5,8.0,Win
880e1e94ed3cbd5f07937fd05887eb09,baseball,mlb,2026_05_27,06:45 PM,Boston Red Sox,Atlanta Braves,run_line,home,1.5,home_run_line,-163.0,0.6660100758806599,0.0791227033466407,0.1216064995661354,0,824756,1,final,2026-08-20T09:33:33.181698+00:00,8,0,8,1.5,-1.5,8.0,Win
a9124c7ee5e65da688ee0e5e3c192445,baseball,mlb,2026_05_27,07:40 PM,Kansas City Royals,New York Yankees,total,under,9.0,under_total,-107.0,0.7502221495306799,0.4454985279723304,0.4829598495285075,0,824104,1,final,2026-08-20T09:33:33.181698+00:00,0,7,7,1.5,-1.5,9.0,Win
ded9b9a083989d5a8249364b1eb5a293,baseball,mlb,2026_05_27,07:10 PM,New York Mets,Cincinnati Reds,run_line,home,1.5,home_run_line,-185.0,0.7529533583961754,0.1972687515232371,0.2959170714290999,0,823626,1,final,2026-08-20T09:33:33.181698+00:00,4,2,6,1.5,-1.5,8.0,Win
26a9e538184a6f2d2c207fd1872bd028,baseball,mlb,2026_05_28,02:10 PM,Chicago White Sox,Minnesota Twins,run_line,away,1.5,away_run_line,-172.0,0.6481807491330893,0.0502721552182189,0.043051637642003,0,824595,1,final,2026-08-20T09:33:33.181698+00:00,6,2,8,-1.5,1.5,7.5,Loss
f83cd7ff929aebf58050093ee52c8a86,baseball,mlb,2026_05_28,06:35 PM,Baltimore Orioles,Toronto Blue Jays,moneyline,away,,away_moneyline,108.0,0.5356066996023617,0.090013801839579,0.1056129029378818,0,824834,1,final,2026-08-20T09:33:33.181698+00:00,1,2,3,-1.5,1.5,8.5,Win
18e8a4acb1d40019544cfef0a5f07ef1,baseball,mlb,2026_05_29,10:15 PM,Los Angeles Dodgers,Philadelphia Phillies,run_line,home,1.5,home_run_line,-188.0,0.7470114018509351,0.1049523366416215,0.2713928373306929,0,823946,1,final,2026-08-20T09:33:33.181698+00:00,4,2,6,1.5,-1.5,8.0,Win
57848c1e5cf12fb46c9c6e5c89c1022e,baseball,mlb,2026_05_29,08:05 PM,Texas Rangers,Kansas City Royals,run_line,away,1.5,away_run_line,-192.0,0.699090240536852,0.0551386297053515,0.1213435023676081,0,822894,1,final,2026-08-20T09:33:33.181698+00:00,9,1,10,-1.5,1.5,7.5,Loss
6493e9132fdd464eebd5031d8ad02c41,baseball,mlb,2026_05_29,07:10 PM,New York Mets,Miami Marlins,run_line,home,1.5,home_run_line,-192.0,0.7497243441325898,0.1396946622572028,0.2691950848671626,0,823623,1,final,2026-08-20T09:33:33.181698+00:00,9,7,16,1.5,-1.5,7.5,Win
ddd9481c210fa90dea318ad8e185cf22,baseball,mlb,2026_05_29,07:05 PM,Baltimore Orioles,Toronto Blue Jays,moneyline,away,,away_moneyline,108.0,0.5362122893754414,0.0801103841231404,0.1067792239823316,0,824835,1,final,2026-08-20T09:33:33.181698+00:00,5,6,11,-1.5,1.5,9.0,Win
63299501,baseball,mlb,2026_05_30,04:05 PM,Texas Rangers,Kansas City Royals,run_line,home,1.5,home_run_line,-196.0,0.720807571039384,0.1081776469665072,0.1735904102765764,0,822893,1,final,2026-08-20T09:33:33.181698+00:00,7,6,13,1.5,-1.5,8.0,Win
63299639,baseball,mlb,2026_05_30,04:05 PM,Washington Nationals,San Diego Padres,run_line,home,1.5,home_run_line,-158.0,0.6548528846293895,0.0796139578828707,0.1095204423438247,0,822731,1,final,2026-08-20T09:33:33.181698+00:00,9,4,13,1.5,-1.5,7.5,Win
63299695,baseball,mlb,2026_05_30,04:10 PM,Houston Astros,Milwaukee Brewers,run_line,home,1.5,home_run_line,-172.0,0.6646913218931454,0.0886175426320544,0.0879603955493555,0,824190,1,final,2026-08-20T09:33:33.181698+00:00,9,2,11,1.5,-1.5,9.0,Win
63299725,baseball,mlb,2026_05_31,01:35 PM,Washington Nationals,San Diego Padres,total,over,8.5,over_total,100.0,0.6359739278570316,0.275280347604537,0.2719478557140631,0,822729,1,final,2026-08-20T09:33:33.181698+00:00,4,2,6,1.5,-1.5,8.5,Loss
63300573,baseball,mlb,2026_05_31,02:35 PM,Texas Rangers,Kansas City Royals,run_line,home,1.5,home_run_line,-188.0,0.7165897578530234,0.0938100782240168,0.1837785026167072,0,822895,1,final,2026-08-20T09:33:33.181698+00:00,6,3,9,1.5,-1.5,7.5,Win
63299391,baseball,mlb,2026_06_01,07:40 PM,Milwaukee Brewers,San Francisco Giants,total,over,7.5,over_total,102.0,0.5072701081686503,0.0263335668031432,0.0242015867653661,0,823781,1,final,2026-08-20T09:33:33.181698+00:00,16,2,18,-1.5,1.5,7.5,Win
63300829,baseball,mlb,2026_06_02,09:40 PM,Arizona Diamondbacks,Los Angeles Dodgers,run_line,home,1.5,home_run_line,-163.0,0.6501510326401887,0.0444000968366234,0.0798972158436962,0,825079,1,final,2026-08-20T09:33:33.181698+00:00,5,6,11,1.5,-1.5,9.0,Win
63301197,baseball,mlb,2026_06_02,07:40 PM,Minnesota Twins,Chicago White Sox,run_line,home,1.5,home_run_line,-161.0,0.6674231530143604,0.0801396508148601,0.1319744293674805,0,823700,1,final,2026-08-20T09:33:33.181698+00:00,6,4,10,1.5,-1.5,8.0,Win
63302527,baseball,mlb,2026_06_02,07:15 PM,Atlanta Braves,Toronto Blue Jays,run_line,home,1.5,home_run_line,-204.0,0.7626788259699273,0.1370465511185845,0.278543630948579,0,824918,1,final,2026-08-20T09:33:33.181698+00:00,4,3,7,1.5,-1.5,7.5,Win
63301907,baseball,mlb,2026_06_03,07:10 PM,Cincinnati Reds,Kansas City Royals,run_line,away,1.5,away_run_line,-163.0,0.6677299706512492,0.0488135927276802,0.1261298228127853,0,824509,1,final,2026-08-20T09:33:33.181698+00:00,2,5,7,-1.5,1.5,8.5,Win
63302343,baseball,mlb,2026_06_03,07:45 PM,St Louis Cardinals,Texas Rangers,run_line,home,1.5,home_run_line,-188.0,0.682628576705816,0.0408733279086733,0.08597030091275,0,,,final,2026-08-20T09:33:33.181698+00:00,5,3,8,,,,Win
63303087,baseball,mlb,2026_06_03,03:40 PM,Seattle Mariners,New York Mets,run_line,away,1.5,away_run_line,-188.0,0.6724050305233469,0.0338617919128339,0.056526487907239,0,823130,1,final,2026-08-20T09:33:33.181698+00:00,1,7,8,-1.5,1.5,7.0,Win
63301717,baseball,mlb,2026_06_04,01:35 PM,Boston Red Sox,Baltimore Orioles,run_line,home,1.5,home_run_line,-181.0,0.7429924656207475,0.1138519627715593,0.2778088283943004,0,824753,1,final,2026-08-20T09:33:33.181698+00:00,2,8,10,1.5,-1.5,10.5,Loss
63301717,baseball,mlb,2026_06_04,01:35 PM,Boston Red Sox,Baltimore Orioles,total,under,10.5,under_total,-117.0,0.723619729271174,0.3351613883172046,0.4002548125184476,0,824753,1,final,2026-08-20T09:33:33.181698+00:00,2,8,10,1.5,-1.5,10.5,Win
63303517,baseball,mlb,2026_06_04,07:40 PM,Minnesota Twins,Kansas City Royals,run_line,home,1.5,home_run_line,-163.0,0.7015295202439769,0.1746490845381685,0.2150226382416591,0,823698,1,final,2026-08-20T09:33:33.181698+00:00,6,8,14,1.5,-1.5,9.0,Loss
63300949,baseball,mlb,2026_06_05,08:40 PM,Colorado Rockies,Milwaukee Brewers,total,under,12.0,under_total,-112.0,0.7182906955383188,0.3392415961933448,0.4027762745412358,0,824350,1,final,2026-08-20T09:33:33.181698+00:00,7,9,16,1.5,-1.5,12.0,Loss
63303571,baseball,mlb,2026_06_05,08:10 PM,Houston Astros,Athletics,run_line,home,1.5,home_run_line,-181.0,0.7118895092750883,0.1172567415326571,0.190409521062998,0,,,final,2026-08-20T09:33:33.181698+00:00,5,1,6,,,,Win
63303813,baseball,mlb,2026_06_05,09:40 PM,Arizona Diamondbacks,Washington Nationals,moneyline,away,,away_moneyline,112.0,0.4791742895475057,0.0792803605073788,0.01415133378635,0,825073,1,final,2026-08-20T09:33:33.181698+00:00,1,14,15,-1.5,1.5,9.0,Win
63301995,baseball,mlb,2026_06_06,04:10 PM,Atlanta Braves,Pittsburgh Pirates,run_line,home,1.5,home_run_line,-178.0,0.7400698559460017,0.1424282601603597,0.2773941995298848,0,824915,1,final,2026-08-20T09:33:33.181698+00:00,6,3,9,1.5,-1.5,8.5,Win
63302467,baseball,mlb,2026_06_06,10:10 PM,Los Angeles Dodgers,Los Angeles Angels,run_line,home,-1.5,home_run_line,-163.0,0.7010757693877915,0.1988019144791426,0.2138292734898915,0,823942,1,final,2026-08-20T09:33:33.181698+00:00,9,2,11,-1.5,1.5,8.5,Win
63302719,baseball,mlb,2026_06_06,04:10 PM,Arizona Diamondbacks,Washington Nationals,run_line,away,1.5,away_run_line,-151.0,0.6081355763288043,-0.0088978536226865,0.0164202965852989,0,825075,1,final,2026-08-20T09:33:33.181698+00:00,1,6,7,-1.5,1.5,9.0,Win
63303447,baseball,mlb,2026_06_06,02:15 PM,St Louis Cardinals,Cincinnati Reds,run_line,away,1.5,away_run_line,-188.0,0.6679594457428317,0.002158667710059,0.0437232037393554,0,,,final,2026-08-20T09:33:33.181698+00:00,6,5,11,,,,Win
63303473,baseball,mlb,2026_06_06,03:07 PM,Toronto Blue Jays,Baltimore Orioles,run_line,home,1.5,home_run_line,-185.0,0.7195094926030348,0.0947610759920626,0.200602053918649,0,822808,1,final,2026-08-20T09:33:33.181698+00:00,6,4,10,1.5,-1.5,8.0,Win
63303689,baseball,mlb,2026_06_06,09:10 PM,Colorado Rockies,Milwaukee Brewers,total,under,10.5,under_total,-112.0,0.7271065547389339,0.3499463422154256,0.4214658960465399,0,824351,1,final,2026-08-20T09:33:33.181698+00:00,1,7,8,1.5,-1.5,10.5,Win
63299429,baseball,mlb,2026_06_07,01:35 PM,New York Yankees,Boston Red Sox,total,under,8.0,under_total,-106.0,0.7432442388757814,0.4416097456894176,0.4710831320841097,0,823537,1,final,2026-08-20T09:33:33.181698+00:00,6,1,7,-1.5,1.5,8.0,Win
63301451,baseball,mlb,2026_06_07,01:40 PM,Miami Marlins,Tampa Bay Rays,run_line,home,1.5,home_run_line,-175.0,0.7115865897626434,0.1346297870873284,0.2068631218472694,0,823857,1,final,2026-08-20T09:33:33.181698+00:00,4,1,5,1.5,-1.5,8.5,Win
63301753,baseball,mlb,2026_06_07,03:10 PM,Colorado Rockies,Milwaukee Brewers,total,under,12.5,under_total,-116.0,0.7820373327949541,0.432860136364533,0.5292006388371008,0,824349,1,final,2026-08-20T09:33:33.181698+00:00,4,12,16,1.5,-1.5,12.5,Loss
63301789,baseball,mlb,2026_06_07,02:10 PM,Houston Astros,Athletics,run_line,home,1.5,home_run_line,-169.0,0.6619599877661986,0.042392554886237,0.0906723670910741,0,,,final,2026-08-20T09:33:33.181698+00:00,0,5,5,,,,Loss
63302133,baseball,mlb,2026_06_07,02:10 PM,Minnesota Twins,Kansas City Royals,run_line,home,1.5,home_run_line,-172.0,0.6571582787135659,0.0219561120741663,0.0674705181008994,0,823696,1,final,2026-08-20T09:33:33.181698+00:00,5,6,11,1.5,-1.5,9.0,Win
63302133,baseball,mlb,2026_06_07,02:10 PM,Minnesota Twins,Kansas City Royals,total,under,9.0,under_total,-111.0,0.7393161970452532,0.3999963769043744,0.4499571757654843,0,823696,1,final,2026-08-20T09:33:33.181698+00:00,5,6,11,1.5,-1.5,9.0,Loss
63303593,baseball,mlb,2026_06_07,08:30 PM,Chicago Cubs,San Francisco Giants,run_line,home,1.5,home_run_line,-212.0,0.800580287413792,0.1397137873469224,0.377810496731031,0,824670,1,final,2026-08-20T09:33:33.181698+00:00,1,2,3,1.5,-1.5,8.0,Win
63299157,baseball,mlb,2026_06_08,10:05 PM,Athletics,Milwaukee Brewers,total,under,11.0,under_total,-111.0,0.7034851719439582,0.3365314599758383,0.3743537128017519,0,,,final,2026-08-20T09:33:33.181698+00:00,14,15,29,,,,Loss
63302861,baseball,mlb,2026_06_08,09:38 PM,Los Angeles Angels,Houston Astros,moneyline,away,,away_moneyline,-131.0,0.6028282745893699,0.0851025300011025,0.0825333143014444,0,824025,1,final,2026-08-20T09:33:33.181698+00:00,4,5,9,1.5,-1.5,9.0,Win
63302877,baseball,mlb,2026_06_08,09:45 PM,San Francisco Giants,Washington Nationals,run_line,away,1.5,away_run_line,-151.0,0.6071873084880602,-0.029051891188721,0.0140401443050312,0,823218,1,final,2026-08-20T09:33:33.181698+00:00,3,4,7,-1.5,1.5,8.0,Win
63302909,baseball,mlb,2026_06_08,06:40 PM,Tampa Bay Rays,Boston Red Sox,run_line,home,1.5,home_run_line,-175.0,0.7086184871302685,0.1326949591412155,0.1987008396082384,0,822972,1,final,2026-08-20T09:33:33.181698+00:00,3,1,4,1.5,-1.5,8.0,Win
63303263,baseball,mlb,2026_06_08,06:40 PM,Cleveland Guardians,New York Yankees,run_line,home,1.5,home_run_line,-204.0,0.7696066723982095,0.1643259562535408,0.2996042840905568,0,824427,1,final,2026-08-20T09:33:33.181698+00:00,5,7,12,1.5,-1.5,7.5,Loss
63301141,baseball,mlb,2026_06_09,10:05 PM,Athletics,Milwaukee Brewers,total,under,13.0,under_total,-113.0,0.7137450004571244,0.3443044013673479,0.3902768509736748,0,,,final,2026-08-20T09:33:33.181698+00:00,7,5,12,,,,Win
63302797,baseball,mlb,2026_06_09,06:40 PM,Pittsburgh Pirates,Los Angeles Dodgers,run_line,home,1.5,home_run_line,-188.0,0.7185049758793561,0.1247912514653019,0.1892943305325456,0,823374,1,final,2026-08-20T09:33:33.181698+00:00,3,12,15,1.5,-1.5,8.5,Loss
63303449,baseball,mlb,2026_06_09,09:38 PM,Los Angeles Angels,Houston Astros,run_line,home,1.5,home_run_line,-163.0,0.6679854832139828,0.1108052836860922,0.1268018208527746,0,824023,1,final,2026-08-20T09:33:33.181698+00:00,10,1,11,1.5,-1.5,8.5,Win
63303449,baseball,mlb,2026_06_09,09:38 PM,Los Angeles Angels,Houston Astros,moneyline,home,,home_moneyline,104.0,0.5032597691840454,0.059662684691008,0.025624931861012,0,824023,1,final,2026-08-20T09:33:33.181698+00:00,10,1,11,1.5,-1.5,8.5,Win
63301019,baseball,mlb,2026_06_10,06:40 PM,Miami Marlins,Arizona Diamondbacks,run_line,home,1.5,home_run_line,-181.0,0.7084093537075953,0.1143735147492376,0.1806302839183426,0,823856,1,final,2026-08-20T09:33:33.181698+00:00,8,0,8,1.5,-1.5,8.0,Win
63303615,baseball,mlb,2026_06_10,01:10 PM,Cleveland Guardians,New York Yankees,run_line,home,1.5,home_run_line,-208.0,0.7284963748299202,0.0898366610195186,0.1637688344761544,0,824428,1,final,2026-08-20T09:33:33.181698+00:00,4,8,12,1.5,-1.5,8.0,Loss
63302121,baseball,mlb,2026_06_11,07:05 PM,Baltimore Orioles,Seattle Mariners,run_line,home,1.5,home_run_line,-172.0,0.6611675397956955,0.0449822944572757,0.078375708244292,0,824827,1,final,2026-08-20T09:33:33.181698+00:00,7,5,12,1.5,-1.5,8.5,Win
63303779,baseball,mlb,2026_06_11,03:10 PM,Colorado Rockies,Chicago Cubs,total,under,11.0,under_total,-105.0,0.7047592250460837,0.3629901424221091,0.3947564113444715,0,824346,1,final,2026-08-20T09:33:33.181698+00:00,3,9,12,1.5,-1.5,11.0,Loss
63299233,baseball,mlb,2026_06_12,08:30 PM,New York Mets,Atlanta Braves,run_line,home,1.5,home_run_line,-196.0,0.7592189744595598,0.1496298607484507,0.2872881644002968,0,823617,1,final,2026-08-20T09:33:33.181698+00:00,7,5,12,1.5,-1.5,8.0,Win
63302575,baseball,mlb,2026_06_12,07:10 PM,Cleveland Guardians,Detroit Tigers,run_line,home,1.5,home_run_line,-192.0,0.8409470010240969,0.2809895418352588,0.5355652429903632,0,824425,1,final,2026-08-20T09:33:33.181698+00:00,3,2,5,1.5,-1.5,8.5,Win
63301585,baseball,mlb,2026_06_13,04:05 PM,Pittsburgh Pirates,Miami Marlins,run_line,home,1.5,home_run_line,-196.0,0.7369483779562003,0.1020591150086833,0.2213671987503527,0,823369,1,final,2026-08-20T09:33:33.181698+00:00,3,2,5,1.5,-1.5,9.0,Win
63302453,baseball,mlb,2026_06_13,04:10 PM,Cincinnati Reds,Arizona Diamondbacks,moneyline,home,,home_moneyline,124.0,0.4819417314326088,0.0623955672979327,0.0641528051685837,0,824508,1,final,2026-08-20T09:33:33.181698+00:00,2,1,3,1.5,-1.5,9.5,Win
63299225,baseball,mlb,2026_06_14,01:40 PM,New York Mets,Atlanta Braves,run_line,home,1.5,home_run_line,-192.0,0.7145950675738683,0.0961787097130359,0.1666175973156957,0,823615,1,final,2026-08-20T09:33:33.181698+00:00,8,1,9,1.5,-1.5,8.5,Win
63302635,baseball,mlb,2026_06_14,01:40 PM,Cincinnati Reds,Arizona Diamondbacks,run_line,home,1.5,home_run_line,-169.0,0.7056615214666685,0.142181139823014,0.2082294927453381,0,824506,1,final,2026-08-20T09:33:33.181698+00:00,3,5,8,1.5,-1.5,9.5,Loss
63302869,baseball,mlb,2026_06_14,02:10 PM,Milwaukee Brewers,Philadelphia Phillies,run_line,home,1.5,home_run_line,-175.0,0.7025119496434598,0.1028686383286113,0.1819078615195143,0,823777,1,final,2026-08-20T09:33:33.181698+00:00,4,0,4,1.5,-1.5,7.0,Win
63299361,baseball,mlb,2026_06_15,08:10 PM,Houston Astros,Detroit Tigers,run_line,away,1.5,away_run_line,-188.0,0.6677974082977433,0.0575088401346043,0.0432565358975006,0,824181,1,final,2026-08-20T09:33:33.181698+00:00,3,9,12,-1.5,1.5,9.0,Win
63299361,baseball,mlb,2026_06_15,08:10 PM,Houston Astros,Detroit Tigers,moneyline,away,,away_moneyline,108.0,0.505651937375325,0.0862560741851204,0.0479222497598852,0,824181,1,final,2026-08-20T09:33:33.181698+00:00,3,9,12,-1.5,1.5,9.0,Win
63300953,baseball,mlb,2026_06_15,08:05 PM,Chicago Cubs,Colorado Rockies,moneyline,home,,home_moneyline,-208.0,0.6794162053346754,0.0523539895233547,0.0126019124308003,0,824666,1,final,2026-08-20T09:33:33.181698+00:00,5,4,9,-1.5,1.5,9.5,Win
63301387,baseball,mlb,2026_06_15,09:40 PM,Athletics,Pittsburgh Pirates,run_line,away,1.5,away_run_line,-181.0,0.6462959561569945,0.008915545194008,0.0060916368011545,0,,,final,2026-08-20T09:33:33.181698+00:00,11,2,13,,,,Loss
63301751,baseball,mlb,2026_06_15,07:45 PM,St Louis Cardinals,San Diego Padres,run_line,away,1.5,away_run_line,-169.0,0.6511407016848534,0.035753279933616,0.0615684875322554,0,,,final,2026-08-20T09:33:33.181698+00:00,3,0,3,,,,Loss
63303721,baseball,mlb,2026_06_15,08:05 PM,Texas Rangers,Minnesota Twins,run_line,away,1.5,away_run_line,-156.0,0.6286438529030615,-0.0060959849795914,0.0493282634318372,0,822887,1,final,2026-08-20T09:33:33.181698+00:00,2,4,6,-1.5,1.5,8.0,Win
63301883,baseball,mlb,2026_06_16,07:10 PM,Cincinnati Reds,New York Mets,run_line,home,1.5,home_run_line,-156.0,0.6895255411518035,0.1222893820610792,0.2051853853486169,0,824504,1,final,2026-08-20T09:33:33.181698+00:00,5,3,8,1.5,-1.5,9.5,Win
63301883,baseball,mlb,2026_06_16,07:10 PM,Cincinnati Reds,New York Mets,moneyline,home,,home_moneyline,104.0,0.5252525252525252,0.0622754404040401,0.0687645687645686,0,824504,1,final,2026-08-20T09:33:33.181698+00:00,5,3,8,1.5,-1.5,9.5,Win
63301927,baseball,mlb,2026_06_16,06:45 PM,Boston Red Sox,Toronto Blue Jays,run_line,home,1.5,home_run_line,-172.0,0.7535153212144424,0.2017888909127617,0.3295616737032835,0,824750,1,final,2026-08-20T09:33:33.181698+00:00,1,6,7,1.5,-1.5,7.5,Loss
63302605,baseball,mlb,2026_06_16,07:45 PM,St Louis Cardinals,San Diego Padres,total,over,8.5,over_total,104.0,0.5742417129193875,0.1684805241289284,0.1648587445726447,0,,,final,2026-08-20T09:33:33.181698+00:00,3,2,5,,,,Loss
63303259,baseball,mlb,2026_06_16,09:40 PM,Arizona Diamondbacks,Los Angeles Angels,run_line,home,1.5,home_run_line,-181.0,0.7673986419891564,0.1077151700371863,0.3463901839895295,0,825070,1,final,2026-08-20T09:33:33.181698+00:00,0,7,7,1.5,-1.5,8.5,Loss
63303487,baseball,mlb,2026_06_16,09:40 PM,Athletics,Pittsburgh Pirates,run_line,away,1.5,away_run_line,-169.0,0.6876833793028745,0.0668132881605911,0.1598682903247322,0,,,final,2026-08-20T09:33:33.181698+00:00,5,6,11,,,,Win
63303733,baseball,mlb,2026_06_16,10:10 PM,Los Angeles Dodgers,Tampa Bay Rays,total,under,8.5,under_total,-123.0,0.7407475487061659,0.3373861015013626,0.4218670336147498,0,823939,1,final,2026-08-20T09:33:33.181698+00:00,1,0,1,-1.5,1.5,8.5,Win
63299187,baseball,mlb,2026_06_17,02:10 PM,Houston Astros,Detroit Tigers,run_line,home,1.5,home_run_line,-175.0,0.6979861353082809,0.0999186221511081,0.1694618720977724,0,824178,1,final,2026-08-20T09:33:33.181698+00:00,4,2,6,1.5,-1.5,8.5,Win
63301219,baseball,mlb,2026_06_18,02:10 PM,Milwaukee Brewers,Cleveland Guardians,moneyline,away,,away_moneyline,124.0,0.4819417314326088,0.0931994784090437,0.0641528051685837,0,823772,1,final,2026-08-03T19:17:32.328250+00:00,2,4,6,-1.5,1.5,7.5,Win
63301439,baseball,mlb,2026_06_18,07:40 PM,Kansas City Royals,St Louis Cardinals,run_line,home,1.5,home_run_line,-204.0,0.7329732514203736,0.1065738648617331,0.1882386843179359,0,,,final,2026-08-03T19:17:32.328250+00:00,14,6,20,,,,Win
63302829,baseball,mlb,2026_06_18,09:40 PM,Athletics,Los Angeles Angels,run_line,away,1.5,away_run_line,-175.0,0.6392344107587163,0.0045112169065542,0.0078946295864698,0,,,final,2026-08-03T19:17:32.328250+00:00,5,0,5,,,,Loss
63301421,baseball,mlb,2026_06_19,08:15 PM,Kansas City Royals,St Louis Cardinals,run_line,home,1.5,home_run_line,-156.0,0.6923093050323341,0.1406473210787022,0.2123118208827752,0,,,final,2026-08-03T19:17:32.328250+00:00,6,5,11,,,,Win
63301437,baseball,mlb,2026_06_19,08:05 PM,Texas Rangers,San Diego Padres,run_line,away,1.5,away_run_line,-163.0,0.6899897696592042,0.0690963768120902,0.1846730942037071,0,822886,1,final,2026-08-03T19:17:32.328250+00:00,9,7,16,-1.5,1.5,7.5,Loss
63301885,baseball,mlb,2026_06_19,02:20 PM,Chicago Cubs,Toronto Blue Jays,run_line,home,1.5,home_run_line,-212.0,0.7826346446404977,0.1687019298482797,0.3218200912783529,0,824663,1,final,2026-08-03T19:17:32.328250+00:00,16,2,18,1.5,-1.5,7.0,Win
63302851,baseball,mlb,2026_06_19,08:40 PM,Colorado Rockies,Pittsburgh Pirates,total,under,11.5,under_total,-114.0,0.7719576171852839,0.4259133796404965,0.5119893007765075,0,824345,1,final,2026-08-03T19:17:32.328250+00:00,4,3,7,1.5,-1.5,11.5,Win
63302497,baseball,mlb,2026_06_20,04:10 PM,Tampa Bay Rays,Washington Nationals,run_line,home,1.5,home_run_line,-204.0,0.7653499876265715,0.1476715501886163,0.2866639623847773,0,822967,1,final,2026-08-03T19:17:32.328250+00:00,3,4,7,1.5,-1.5,8.0,Win
63303135,baseball,mlb,2026_06_20,04:10 PM,Atlanta Braves,Milwaukee Brewers,moneyline,away,,away_moneyline,108.0,0.5276381909547738,0.0916374371859295,0.0902661455425273,0,824909,1,final,2026-08-03T19:17:32.328250+00:00,4,3,7,-1.5,1.5,7.0,Loss
63301041,baseball,mlb,2026_06_21,01:35 PM,New York Yankees,Cincinnati Reds,run_line,home,1.5,home_run_line,-200.0,0.8236782788324792,0.1744174182487189,0.4710348364974377,0,823531,1,final,2026-08-03T19:17:32.328250+00:00,1,4,5,1.5,-1.5,9.0,Loss
63301291,baseball,mlb,2026_06_21,01:40 PM,Detroit Tigers,Chicago White Sox,run_line,home,1.5,home_run_line,-208.0,0.7356991512960916,0.1173506663422897,0.1859533859919623,0,824260,1,final,2026-08-03T19:17:32.328250+00:00,5,4,9,1.5,-1.5,8.5,Win
63301739,baseball,mlb,2026_06_21,02:35 PM,Texas Rangers,San Diego Padres,run_line,away,1.5,away_run_line,-178.0,0.6780585736309855,0.0589903565697413,0.1050028346941398,0,822883,1,final,2026-08-03T19:17:32.328250+00:00,4,3,7,-1.5,1.5,8.0,Win
63302349,baseball,mlb,2026_06_21,01:35 PM,Atlanta Braves,Milwaukee Brewers,moneyline,away,,away_moneyline,108.0,0.5256438609541808,0.089439230784696,0.0864252136895334,0,824908,1,final,2026-08-03T19:17:32.328250+00:00,4,9,13,1.5,-1.5,9.0,Win
63303551,baseball,mlb,2026_06_21,02:10 PM,Kansas City Royals,St Louis Cardinals,run_line,home,1.5,home_run_line,-156.0,0.6691506766513386,0.1026434180945043,0.1530257322274268,0,,,final,2026-08-03T19:17:32.328250+00:00,10,12,22,,,,Loss
63303711,baseball,mlb,2026_06_21,04:10 PM,Seattle Mariners,Boston Red Sox,moneyline,away,,away_moneyline,122.0,0.4778974508254667,0.0869323408325361,0.0499445416660132,0,823123,1,final,2026-08-03T19:17:32.328250+00:00,3,1,4,-1.5,1.5,6.5,Loss
63299249,baseball,mlb,2026_06_22,07:07 PM,Toronto Blue Jays,Houston Astros,total,over,7.5,over_total,100.0,0.6143544388722185,0.2344187887663925,0.228708877744437,0,822800,1,final,2026-08-03T19:17:32.328250+00:00,4,2,6,-1.5,1.5,7.0,Loss
63301433,baseball,mlb,2026_06_22,07:40 PM,Chicago White Sox,Cleveland Guardians,run_line,home,1.5,home_run_line,-175.0,0.7152887650155068,0.0999752021672247,0.2170441037926435,0,824585,1,final,2026-08-03T19:17:32.328250+00:00,6,5,11,1.5,-1.5,7.5,Win
63302425,baseball,mlb,2026_06_22,07:45 PM,St Louis Cardinals,Arizona Diamondbacks,run_line,away,1.5,away_run_line,-185.0,0.6733592814587812,-0.0224627285634992,0.0690739521575264,0,,,final,2026-08-03T19:17:32.328250+00:00,3,2,5,,,,Win
63302425,baseball,mlb,2026_06_22,07:45 PM,St Louis Cardinals,Arizona Diamondbacks,moneyline,away,,away_moneyline,120.0,0.5171294477639713,0.0778847850807369,0.114737320900614,0,,,final,2026-08-03T19:17:32.328250+00:00,3,2,5,,,,Loss
63303145,baseball,mlb,2026_06_22,08:15 PM,Washington Nationals,Philadelphia Phillies,total,under,10.0,under_total,-111.0,0.7222319361893151,0.3691016782256086,0.413909385359455,0,822720,1,final,2026-08-03T19:17:32.328250+00:00,4,1,5,-1.5,1.5,9.5,Win
63299317,baseball,mlb,2026_06_23,09:45 PM,San Francisco Giants,Athletics,run_line,home,1.5,home_run_line,-204.0,0.7441936151990626,0.1141944069633088,0.2223485902051503,0,,,final,2026-08-03T19:17:32.328250+00:00,3,1,4,,,,Win
63301811,baseball,mlb,2026_06_23,07:40 PM,Chicago White Sox,Cleveland Guardians,run_line,home,1.5,home_run_line,-181.0,0.7117501319249175,0.0906822490105072,0.1900178707090182,0,824584,1,final,2026-08-03T19:17:32.328250+00:00,2,1,3,1.5,-1.5,7.0,Win
63302393,baseball,mlb,2026_06_23,06:40 PM,Detroit Tigers,New York Yankees,run_line,home,1.5,home_run_line,-181.0,0.6555597064494484,0.0261973895706905,0.0321227751229499,0,824262,1,final,2026-08-03T19:17:32.328250+00:00,3,4,7,1.5,-1.5,8.0,Win
63303755,baseball,mlb,2026_06_23,07:45 PM,St Louis Cardinals,Arizona Diamondbacks,run_line,home,1.5,home_run_line,-192.0,0.7225556789133509,0.0917367616807214,0.1898625824269851,0,,,final,2026-08-03T19:17:32.328250+00:00,3,4,7,,,,Win
63303785,baseball,mlb,2026_06_23,06:40 PM,Pittsburgh Pirates,Seattle Mariners,run_line,home,1.5,home_run_line,-163.0,0.7201477567969349,0.1281561965496556,0.2639886003759387,0,823365,1,final,2026-08-03T19:17:32.328250+00:00,2,3,5,1.5,-1.5,9.0,Win
63300921,baseball,mlb,2026_06_24,09:45 PM,San Francisco Giants,Athletics,run_line,home,1.5,home_run_line,-166.0,0.7486447407056546,0.2074355483596632,0.3313950102770411,0,,,final,2026-08-03T19:17:32.328250+00:00,2,1,3,,,,Win
63301559,baseball,mlb,2026_06_24,03:10 PM,Colorado Rockies,Boston Red Sox,total,under,11.0,under_total,-114.0,0.7807323850921115,0.4357947517636291,0.5307673040971187,0,824341,1,final,2026-08-03T19:17:32.328250+00:00,8,6,14,1.5,-1.5,10.5,Loss
63302013,baseball,mlb,2026_06_24,07:45 PM,St Louis Cardinals,Arizona Diamondbacks,run_line,home,1.5,home_run_line,-192.0,0.7251811300075752,0.0859796352198542,0.19752889962212,0,,,final,2026-08-03T19:17:32.328250+00:00,4,9,13,,,,Loss
63302109,baseball,mlb,2026_06_24,04:50 PM,Chicago White Sox,Cleveland Guardians,run_line,home,1.5,home_run_line,-169.0,0.7109769560234899,0.123223379706028,0.2225280117031877,0,824583,1,final,2026-08-03T19:17:32.328250+00:00,3,4,7,1.5,-1.5,8.0,Win
63302173,baseball,mlb,2026_06_24,06:40 PM,Pittsburgh Pirates,Seattle Mariners,run_line,home,1.5,home_run_line,-204.0,0.7189312100808265,0.0771984699243689,0.1455508786457126,0,823367,1,final,2026-08-03T19:17:32.328250+00:00,11,1,12,1.5,-1.5,8.0,Win
63302371,baseball,mlb,2026_06_24,12:10 PM,Miami Marlins,Texas Rangers,run_line,home,1.5,home_run_line,-163.0,0.749998221393078,0.2107698296096904,0.3424953222637952,0,823850,1,final,2026-08-03T19:17:32.328250+00:00,4,2,6,1.5,-1.5,7.5,Win
63302397,baseball,mlb,2026_06_24,07:07 PM,Toronto Blue Jays,Houston Astros,run_line,away,1.5,away_run_line,-158.0,0.6129083124513169,-0.0329750340984826,0.0013034461243975,0,822798,1,final,2026-08-03T19:17:32.328250+00:00,1,3,4,-1.5,1.5,8.5,Win
63303367,baseball,mlb,2026_06_24,08:40 PM,San Diego Padres,Atlanta Braves,run_line,home,1.5,home_run_line,-161.0,0.6794863482176389,0.0865775582907065,0.1634593688480373,0,823284,1,final,2026-08-03T19:17:32.328250+00:00,5,2,7,1.5,-1.5,8.5,Win
63299439,baseball,mlb,2026_06_25,07:07 PM,Toronto Blue Jays,Texas Rangers,run_line,away,1.5,away_run_line,-175.0,0.636695780367341,0.00182194057725,0.0009133960101876,0,822797,1,final,2026-08-03T19:17:32.328250+00:00,5,6,11,-1.5,1.5,8.0,Win
63302135,baseball,mlb,2026_06_25,06:40 PM,Detroit Tigers,Houston Astros,run_line,home,1.5,home_run_line,-192.0,0.7943164205360794,0.2509228895652878,0.3994039479653521,0,824258,1,final,2026-08-03T19:17:32.328250+00:00,1,2,3,1.5,-1.5,9.0,Win
63302591,baseball,mlb,2026_06_25,12:35 PM,Pittsburgh Pirates,Seattle Mariners,moneyline,home,,home_moneyline,119.0,0.4948999867532124,0.051980970989535,0.0704461941088531,0,823366,1,final,2026-08-03T19:17:32.328250+00:00,5,1,6,1.5,-1.5,8.5,Win
63301269,baseball,mlb,2026_06_26,09:38 PM,Los Angeles Angels,Athletics,run_line,home,1.5,home_run_line,-169.0,0.7179097354053285,0.1596083954084816,0.2411771882403337,0,,,final,2026-08-03T19:17:32.328250+00:00,3,9,12,,,,Loss
63302613,baseball,mlb,2026_06_26,07:10 PM,Boston Red Sox,New York Yankees,run_line,home,1.5,home_run_line,-188.0,0.6737168620385907,0.0782268950378411,0.0603045626711412,0,824743,1,final,2026-08-03T19:17:32.328250+00:00,6,1,7,1.5,-1.5,8.5,Win
63302633,baseball,mlb,2026_06_26,07:10 PM,Cleveland Guardians,Seattle Mariners,run_line,home,1.5,home_run_line,-200.0,0.71585782607925,0.0945867391188749,0.1475734782377499,0,824423,1,final,2026-08-03T19:17:32.328250+00:00,1,3,4,1.5,-1.5,7.5,Loss
63302747,baseball,mlb,2026_06_26,07:07 PM,Toronto Blue Jays,Texas Rangers,run_line,home,1.5,home_run_line,-178.0,0.7698036517216955,0.1769276133630974,0.3600541517863135,0,822796,1,final,2026-08-03T19:17:32.328250+00:00,4,5,9,1.5,-1.5,8.5,Win
63303257,baseball,mlb,2026_06_26,09:45 PM,San Diego Padres,Los Angeles Dodgers,moneyline,home,,home_moneyline,125.0,0.4687805792092607,0.0554063032208364,0.0438050425766692,0,823285,1,final,2026-08-03T19:17:32.328250+00:00,7,1,8,1.5,-1.5,7.5,Win
63299347,baseball,mlb,2026_06_27,07:10 PM,Minnesota Twins,Colorado Rockies,total,over,9.5,over_total,100.0,0.6418288690273733,0.2864948109114037,0.2836577380547467,0,823689,1,final,2026-08-03T19:17:32.328250+00:00,5,8,13,-1.5,1.5,9.5,Win
63301457,baseball,mlb,2026_06_27,07:10 PM,Milwaukee Brewers,Chicago Cubs,run_line,away,1.5,away_run_line,-156.0,0.6169537631403524,-0.0259130553594216,0.0194016336393021,0,823770,1,final,2026-08-03T19:17:32.328250+00:00,2,8,10,-1.5,1.5,8.0,Win
63301663,baseball,mlb,2026_06_27,01:10 PM,Boston Red Sox,New York Yankees,run_line,home,1.5,home_run_line,-166.0,0.6744068335000283,0.085226010307274,0.1339221771100751,0,824745,1,final,2026-08-03T19:17:32.328250+00:00,4,1,5,1.5,-1.5,8.5,Win
63301791,baseball,mlb,2026_06_27,06:10 PM,Tampa Bay Rays,Arizona Diamondbacks,run_line,away,1.5,away_run_line,-169.0,0.6321962767246915,-0.0119230861601064,0.0106079843894199,0,822960,1,final,2026-08-03T19:17:32.328250+00:00,4,2,6,-1.5,1.5,8.5,Loss
63302933,baseball,mlb,2026_06_27,04:40 PM,Pittsburgh Pirates,Cincinnati Reds,run_line,home,1.5,home_run_line,-172.0,0.7722490807547487,0.2049811044493702,0.3805174996529167,0,823364,1,final,2026-08-03T19:17:32.328250+00:00,7,9,16,1.5,-1.5,8.0,Loss
63303397,baseball,mlb,2026_06_27,07:15 PM,St Louis Cardinals,Miami Marlins,run_line,away,1.5,away_run_line,-178.0,0.6888125409357131,0.0679858785400462,0.1348988638012824,0,,,final,2026-08-03T19:17:32.328250+00:00,1,5,6,,,,Win
63303589,baseball,mlb,2026_06_27,07:05 PM,Baltimore Orioles,Washington Nationals,run_line,home,1.5,home_run_line,-200.0,0.7326789400379096,0.0938184100568642,0.1980368201137287,0,824825,1,final,2026-08-03T19:17:32.328250+00:00,3,4,7,1.5,-1.5,9.0,Win
63303713,baseball,mlb,2026_06_27,09:38 PM,Los Angeles Angels,Athletics,run_line,home,1.5,home_run_line,-185.0,0.6865222224228745,0.0803653156244283,0.1065883339051924,0,,,final,2026-08-03T19:17:32.328250+00:00,5,2,7,,,,Win
63301323,baseball,mlb,2026_06_28,02:15 PM,St Louis Cardinals,Miami Marlins,run_line,away,1.5,away_run_line,-188.0,0.6900268494074668,0.0622624076029279,0.1072773262935044,0,,,final,2026-08-03T19:17:32.328250+00:00,2,1,3,,,,Win
63301323,baseball,mlb,2026_06_28,02:15 PM,St Louis Cardinals,Miami Marlins,total,under,9.5,under_total,-123.0,0.722849395137923,0.3121291906334564,0.3819541511575683,0,,,final,2026-08-03T19:17:32.328250+00:00,2,1,3,,,,Win
63302197,baseball,mlb,2026_06_28,01:40 PM,Detroit Tigers,Houston Astros,run_line,home,1.5,home_run_line,-163.0,0.7476202231304356,0.1932829367073899,0.3362411868330457,0,824256,1,final,2026-08-03T19:17:32.328250+00:00,5,7,12,1.5,-1.5,8.0,Loss
63303173,baseball,mlb,2026_06_28,02:10 PM,Minnesota Twins,Colorado Rockies,total,over,9.0,over_total,100.0,0.7192046012068607,0.4417161605349937,0.4384092024137214,0,823686,1,final,2026-08-03T19:17:32.328250+00:00,3,2,5,-1.5,1.5,9.0,Loss
63303233,baseball,mlb,2026_06_28,01:37 PM,Toronto Blue Jays,Texas Rangers,moneyline,away,,away_moneyline,114.0,0.4882431773879142,0.0838403996101363,0.0393336838685406,0,822795,1,final,2026-08-03T19:17:32.328250+00:00,2,3,5,-1.5,1.5,8.5,Win
63303809,baseball,mlb,2026_06_28,03:15 PM,Los Angeles Angels,Athletics,run_line,home,1.5,home_run_line,-161.0,0.6850419358010735,0.0981838213918023,0.1779594524408018,0,,,final,2026-08-03T19:17:32.328250+00:00,4,1,5,,,,Win
63299193,baseball,mlb,2026_06_29,06:40 PM,Philadelphia Phillies,Pittsburgh Pirates,run_line,home,1.5,home_run_line,-185.0,0.7814521448065683,0.1817587095668755,0.3771386126987198,0,823444,1,final,2026-08-03T19:17:32.328250+00:00,7,11,18,1.5,-1.5,9.0,Loss
63301105,baseball,mlb,2026_06_29,07:10 PM,Cleveland Guardians,Texas Rangers,run_line,away,1.5,away_run_line,-175.0,0.6654697488914441,0.041188176829412,0.0800418094514711,0,824420,1,final,2026-08-03T19:17:32.328250+00:00,3,6,9,-1.5,1.5,7.5,Win
63303427,baseball,mlb,2026_06_29,08:40 PM,Colorado Rockies,Miami Marlins,total,under,11.0,under_total,100.0,0.7634963786989319,0.5036770229835835,0.5269927573978639,0,824339,1,final,2026-08-03T19:17:32.328250+00:00,7,10,17,1.5,-1.5,12.0,Loss
63300839,baseball,mlb,2026_06_30,07:15 PM,Atlanta Braves,St Louis Cardinals,total,under,9.5,under_total,-114.0,0.722849395137923,0.3518900873101901,0.4068977055951552,0,,,final,2026-08-03T19:17:32.328250+00:00,3,5,8,,,,Win
63301107,baseball,mlb,2026_06_30,08:05 PM,Chicago Cubs,San Diego Padres,total,under,11.5,under_total,-121.0,0.7821895287008971,0.4331941200566876,0.5186388584289827,0,824661,1,final,2026-08-03T19:17:32.328250+00:00,9,7,16,-1.5,1.5,11.5,Loss
63301785,baseball,mlb,2026_06_30,09:40 PM,Arizona Diamondbacks,San Francisco Giants,run_line,home,1.5,home_run_line,-178.0,0.7527376269405321,0.1756239342104941,0.3126106028946794,0,825066,1,final,2026-08-03T19:17:32.328250+00:00,8,2,10,1.5,-1.5,9.0,Win
63301873,baseball,mlb,2026_06_30,06:35 PM,Baltimore Orioles,Chicago White Sox,total,under,10.5,under_total,-112.0,0.7259458143277898,0.3697050393378708,0.4190051263749143,0,824819,1,final,2026-08-03T19:17:32.328250+00:00,3,9,12,-1.5,1.5,10.5,Loss
63302041,baseball,mlb,2026_06_30,06:40 PM,Cleveland Guardians,Texas Rangers,run_line,home,1.5,home_run_line,-181.0,0.7608682885612839,0.1662875087608881,0.3280398908572075,0,824418,1,final,2026-08-03T19:17:32.328250+00:00,2,4,6,1.5,-1.5,7.5,Loss
63302421,baseball,mlb,2026_06_30,08:10 PM,Houston Astros,Minnesota Twins,run_line,home,1.5,home_run_line,-172.0,0.7334578618151265,0.1293368512425257,0.2750053841371442,0,824175,1,final,2026-08-03T19:17:32.328250+00:00,6,4,10,1.5,-1.5,8.5,Win
63303193,baseball,mlb,2026_06_30,09:40 PM,Seattle Mariners,Los Angeles Angels,total,over,7.5,over_total,100.0,0.5866855248813129,0.1665428698716459,0.1733710497626257,0,823122,1,final,2026-08-03T19:17:32.328250+00:00,8,3,11,-1.5,1.5,7.0,Win
63299203,baseball,mlb,2026_07_01,01:10 PM,Cleveland Guardians,Texas Rangers,run_line,home,1.5,home_run_line,-188.0,0.7629510266909147,0.1681260408882097,0.3172989568698344,0,824419,1,final,2026-08-03T19:17:32.328250+00:00,9,4,13,-1.5,1.5,7.5,Win
63301501,baseball,mlb,2026_07_01,09:40 PM,Arizona Diamondbacks,San Francisco Giants,run_line,home,1.5,home_run_line,-192.0,0.7444243682677091,0.0853453934071412,0.2537191553417108,0,825064,1,final,2026-08-03T19:17:32.328250+00:00,4,6,10,-1.5,1.5,9.5,Loss
63301701,baseball,mlb,2026_07_01,08:40 PM,Colorado Rockies,Miami Marlins,total,under,11.0,under_total,-119.0,0.7784686102056411,0.4123947328247066,0.514846256350354,0,824337,1,final,2026-08-03T19:17:32.328250+00:00,6,3,9,1.5,-1.5,11.0,Win
63302333,baseball,mlb,2026_07_01,02:20 PM,Chicago Cubs,San Diego Padres,run_line,home,1.5,home_run_line,-178.0,0.796048293638826,0.2166164361325485,0.4330142563159363,0,824660,1,final,2026-08-03T19:17:32.328250+00:00,23,3,26,1.5,-1.5,12.0,Win
63302401,baseball,mlb,2026_07_01,03:25 PM,Toronto Blue Jays,New York Mets,run_line,home,1.5,home_run_line,-172.0,0.7636085534866943,0.2062670148161679,0.3570152654838086,0,822791,1,final,2026-08-03T19:17:32.328250+00:00,9,3,12,1.5,-1.5,8.5,Win
63302401,baseball,mlb,2026_07_01,03:25 PM,Toronto Blue Jays,New York Mets,total,under,9.0,under_total,-123.0,0.7041466337444452,0.2784054394403669,0.3402469932501128,0,822791,1,final,2026-08-03T19:17:32.328250+00:00,9,3,12,1.5,-1.5,8.5,Loss
63302515,baseball,mlb,2026_07_01,12:35 PM,Baltimore Orioles,Chicago White Sox,total,under,10.0,under_total,-111.0,0.7182621071578809,0.3554015624635194,0.4055330461031287,0,824818,1,final,2026-08-03T19:17:32.328250+00:00,6,1,7,-1.5,1.5,10.0,Win
63301307,baseball,mlb,2026_07_02,06:40 PM,Cleveland Guardians,Chicago White Sox,run_line,home,1.5,home_run_line,-163.0,0.7306731353135965,0.175688862499852,0.2916703458747587,0,824416,1,final,2026-08-03T19:17:32.328250+00:00,6,5,11,1.5,-1.5,8.5,Win
63301691,baseball,mlb,2026_07_02,12:35 PM,Philadelphia Phillies,Pittsburgh Pirates,total,under,10.5,under_total,-119.0,0.7363355362315889,0.346512556792581,0.4225748243471797,0,823442,1,final,2026-08-03T19:17:32.328250+00:00,1,6,7,-1.5,1.5,10.5,Win
63301891,baseball,mlb,2026_07_02,02:10 PM,Milwaukee Brewers,Cincinnati Reds,total,over,7.0,over_total,102.0,0.7441733316145336,0.4995112518993901,0.4933628724130959,0,823765,1,final,2026-08-03T19:17:32.328250+00:00,2,7,9,-1.5,1.5,7.0,Win
63302729,baseball,mlb,2026_07_02,07:15 PM,Atlanta Braves,St Louis Cardinals,run_line,home,1.5,home_run_line,-175.0,0.7916206578788505,0.2121253195239078,0.4269568091668388,0,,,final,2026-08-03T19:17:32.328250+00:00,5,11,16,,,,Loss
63301825,baseball,mlb,2026_07_03,09:38 PM,Los Angeles Angels,Boston Red Sox,moneyline,away,,away_moneyline,-104.0,0.5579885474635051,0.0977659969476447,0.0982966368255505,0,824013,1,final,2026-08-03T19:17:32.328250+00:00,2,5,7,1.5,-1.5,7.5,Win
63301981,baseball,mlb,2026_07_03,08:10 PM,Colorado Rockies,San Francisco Giants,total,under,11.0,under_total,-114.0,0.7552558740277628,0.3998411244275036,0.4762475704194124,0,824336,1,final,2026-08-03T19:17:32.328250+00:00,15,3,18,1.5,-1.5,11.5,Loss
63302669,baseball,mlb,2026_07_03,07:10 PM,Cincinnati Reds,Baltimore Orioles,run_line,home,1.5,home_run_line,-156.0,0.6876976916642018,0.1057795452951002,0.2005060906603565,0,824498,1,final,2026-08-03T19:17:32.328250+00:00,0,3,3,1.5,-1.5,10.5,Loss
63302711,baseball,mlb,2026_07_03,07:15 PM,Atlanta Braves,New York Mets,run_line,home,1.5,home_run_line,-196.0,0.7555584115638123,0.1202473970555532,0.2764528982288843,0,824904,1,final,2026-08-03T19:17:32.328250+00:00,5,3,8,1.5,-1.5,9.0,Win
63302711,baseball,mlb,2026_07_03,07:15 PM,Atlanta Braves,New York Mets,total,under,9.5,under_total,-123.0,0.762551014496178,0.37754800426793,0.4704887623264769,0,824904,1,final,2026-08-03T19:17:32.328250+00:00,5,3,8,1.5,-1.5,9.0,Win
63303077,baseball,mlb,2026_07_03,10:10 PM,Seattle Mariners,Toronto Blue Jays,run_line,home,1.5,home_run_line,-175.0,0.7429651846876082,0.1142167187948127,0.2931542578909225,0,823120,1,final,2026-08-03T19:17:32.328250+00:00,0,2,2,1.5,-1.5,7.0,Loss
63303203,baseball,mlb,2026_07_03,04:15 PM,Chicago Cubs,St Louis Cardinals,total,under,10.5,under_total,-112.0,0.7259458143277898,0.3829882483096409,0.4190051263749143,0,,,final,2026-08-03T19:17:32.328250+00:00,1,17,18,,,,Loss
63299149,baseball,mlb,2026_07_04,04:10 PM,Seattle Mariners,Toronto Blue Jays,run_line,away,1.5,away_run_line,-163.0,0.6453907421504393,-0.0191140172664691,0.0673776518556554,0,823118,1,final,2026-08-03T19:17:32.328250+00:00,11,0,11,-1.5,1.5,7.5,Loss
63299431,baseball,mlb,2026_07_04,01:35 PM,New York Yankees,Minnesota Twins,total,under,10.0,under_total,-114.0,0.7456103557924667,0.3960746201993143,0.4556061613958788,0,823526,1,final,2026-08-03T19:17:32.328250+00:00,4,11,15,-1.5,1.5,10.5,Loss
63300843,baseball,mlb,2026_07_04,04:05 PM,Texas Rangers,Detroit Tigers,run_line,home,1.5,home_run_line,-172.0,0.7313654478277585,0.1520279174950601,0.2693140180915031,0,822882,1,final,2026-08-03T19:17:32.328250+00:00,0,3,3,1.5,-1.5,8.5,Loss
63300919,baseball,mlb,2026_07_04,07:10 PM,Cleveland Guardians,Chicago White Sox,run_line,away,1.5,away_run_line,-175.0,0.6425141478496487,-0.0046349105219807,0.0169139065865337,0,824415,1,final,2026-08-03T19:17:32.328250+00:00,1,3,4,-1.5,1.5,7.5,Win
63301745,baseball,mlb,2026_07_04,09:40 PM,Athletics,Miami Marlins,total,under,11.0,under_total,-113.0,0.7818602112333568,0.4698915425903093,0.5353622499270498,0,,,final,2026-08-03T19:17:32.328250+00:00,2,7,9,,,,Win
63303497,baseball,mlb,2026_07_04,07:10 PM,Cincinnati Reds,Baltimore Orioles,run_line,away,1.5,away_run_line,-196.0,0.6656169222559102,0.0065173927946397,0.0102260898774939,0,824499,1,final,2026-08-03T19:17:32.328250+00:00,5,8,13,-1.5,1.5,9.0,Win
63303607,baseball,mlb,2026_07_04,08:55 PM,Colorado Rockies,San Francisco Giants,total,under,11.5,under_total,100.0,0.7801586049369844,0.5271138080257883,0.5603172098739688,0,824334,1,final,2026-08-03T19:17:32.328250+00:00,4,6,10,1.5,-1.5,12.5,Win
63301519,baseball,mlb,2026_07_05,03:30 PM,Texas Rangers,Detroit Tigers,run_line,home,1.5,home_run_line,-181.0,0.7366162505376341,0.1130365547020726,0.2598916640107518,0,822879,1,final,2026-08-03T19:17:32.328250+00:00,3,6,9,1.5,-1.5,7.5,Loss
63301635,baseball,mlb,2026_07_05,03:30 PM,Cleveland Guardians,Chicago White Sox,run_line,away,1.5,away_run_line,-163.0,0.6399318920168677,0.0494281447879522,0.0530208760043621,0,824413,1,final,2026-08-03T19:17:32.328250+00:00,6,7,13,-1.5,1.5,8.5,Win
63301847,baseball,mlb,2026_07_05,02:15 PM,Atlanta Braves,New York Mets,run_line,home,1.5,home_run_line,-196.0,0.7811621741322932,0.1641143037916262,0.3522400354315877,0,824902,1,final,2026-08-03T19:17:32.328250+00:00,9,10,19,1.5,-1.5,9.0,Win
63301847,baseball,mlb,2026_07_05,02:15 PM,Atlanta Braves,New York Mets,total,under,9.0,under_total,-109.0,0.7254361634479445,0.3862285434637016,0.426161581606204,0,824902,1,final,2026-08-03T19:17:32.328250+00:00,9,10,19,1.5,-1.5,9.0,Loss
63302315,baseball,mlb,2026_07_05,01:00 PM,Washington Nationals,Pittsburgh Pirates,moneyline,away,,away_moneyline,108.0,0.5286350252735879,0.0969608525690627,0.092185974600984,0,822715,1,final,2026-08-03T19:17:32.328250+00:00,5,11,16,-1.5,1.5,9.5,Win
63303083,baseball,mlb,2026_07_05,04:30 PM,Athletics,Miami Marlins,moneyline,away,,away_moneyline,100.0,0.5391970950171475,0.092694190034295,0.078394190034295,0,,,final,2026-08-03T19:17:32.328250+00:00,8,9,17,,,,Win
63303623,baseball,mlb,2026_07_05,01:05 PM,Cincinnati Reds,Baltimore Orioles,run_line,home,1.5,home_run_line,-175.0,0.7183766655340298,0.091827617267761,0.2255358302185819,0,824497,1,final,2026-08-03T19:17:32.328250+00:00,3,2,5,1.5,-1.5,10.0,Win
63303883,baseball,mlb,2026_07_05,07:20 PM,Los Angeles Dodgers,San Diego Padres,total,under,9.5,under_total,-104.0,0.785522927771894,0.5347896615038897,0.5624667726546638,0,823931,1,final,2026-08-03T19:17:32.328250+00:00,2,5,7,-1.5,1.5,10.5,Win
63299217,baseball,mlb,2026_07_06,09:40 PM,San Diego Padres,Arizona Diamondbacks,run_line,home,1.5,home_run_line,-188.0,0.7276252639772832,0.0990599788588167,0.2155607602545756,0,823282,1,final,2026-08-03T19:17:32.328250+00:00,0,8,8,1.5,-1.5,8.5,Loss
63302119,baseball,mlb,2026_07_06,06:45 PM,Washington Nationals,Houston Astros,run_line,away,1.5,away_run_line,-172.0,0.6540804193489441,0.0454097329239117,0.0590987406291281,0,822712,1,final,2026-08-03T19:17:32.328250+00:00,12,11,23,1.5,-1.5,10.0,Win
63302377,baseball,mlb,2026_07_06,07:15 PM,Atlanta Braves,New York Mets,total,under,9.0,under_total,-123.0,0.7254361634479445,0.31050707141688,0.3877226444889162,0,824900,1,final,2026-08-03T19:17:32.328250+00:00,6,7,13,-1.5,1.5,9.0,Loss
63299245,baseball,mlb,2026_07_07,07:30 PM,Baltimore Orioles,Chicago Cubs,run_line,home,1.5,home_run_line,-163.0,0.6803534031636584,0.1139981290309336,0.1593294503204216,0,824820,1,final,2026-08-03T19:17:32.328250+00:00,2,5,7,1.5,-1.5,9.5,Loss
63301573,baseball,mlb,2026_07_07,06:40 PM,Tampa Bay Rays,New York Yankees,run_line,home,1.5,home_run_line,-204.0,0.6895694177451434,0.0483936421300176,0.0562910299452358,0,822956,1,final,2026-08-03T19:17:32.328250+00:00,6,4,10,-1.5,1.5,7.5,Win
63302303,baseball,mlb,2026_07_07,06:40 PM,Miami Marlins,Seattle Mariners,run_line,home,1.5,home_run_line,-200.0,0.7312134200663456,0.0968201300995184,0.1936402601990368,0,823847,1,final,2026-08-03T19:17:32.328250+00:00,6,5,11,-1.5,1.5,8.0,Win
63302819,baseball,mlb,2026_07_07,07:40 PM,Minnesota Twins,Cleveland Guardians,run_line,home,1.5,home_run_line,-204.0,0.7041095884110581,0.0453613474360865,0.1004931487696165,0,823687,1,final,2026-08-03T19:17:32.328250+00:00,3,1,4,1.5,-1.5,8.5,Win
63303455,baseball,mlb,2026_07_07,09:45 PM,San Francisco Giants,Toronto Blue Jays,run_line,home,1.5,home_run_line,-181.0,0.6952221940246348,0.0793228537067534,0.1435743652092238,0,823203,1,final,2026-08-03T19:17:32.328250+00:00,3,9,12,1.5,-1.5,7.5,Loss
63303535,baseball,mlb,2026_07_07,06:45 PM,Washington Nationals,Houston Astros,run_line,home,1.5,home_run_line,-196.0,0.7173094281108718,0.0910836261266227,0.1632359072081805,0,822713,1,final,2026-08-03T19:17:32.328250+00:00,3,6,9,1.5,-1.5,9.5,Loss
63299475,baseball,mlb,2026_07_08,10:10 PM,San Diego Padres,Arizona Diamondbacks,moneyline,away,,away_moneyline,120.0,0.5081152699569393,0.0977035939052667,0.0982113282543888,0,823279,1,final,2026-08-03T19:17:32.328250+00:00,10,4,14,-1.5,1.5,8.5,Loss
63301053,baseball,mlb,2026_07_08,06:40 PM,Detroit Tigers,Athletics,total,over,9.0,over_total,100.0,0.6748064017060548,0.3507703484719118,0.3496128034121095,0,,,final,2026-08-03T19:17:32.328250+00:00,6,1,7,,,,Loss
63302673,baseball,mlb,2026_07_08,03:45 PM,San Francisco Giants,Toronto Blue Jays,run_line,home,1.5,home_run_line,-185.0,0.6957452267121775,0.0451737276376789,0.132873896129706,0,823202,1,final,2026-08-03T19:17:32.328250+00:00,0,10,10,1.5,-1.5,7.0,Loss
63302673,baseball,mlb,2026_07_08,03:45 PM,San Francisco Giants,Toronto Blue Jays,total,over,7.0,over_total,102.0,0.6520163318722281,0.3108678344973178,0.3108558729234321,0,823202,1,final,2026-08-03T19:17:32.328250+00:00,0,10,10,1.5,-1.5,7.0,Win
63303037,baseball,mlb,2026_07_08,07:40 PM,Minnesota Twins,Cleveland Guardians,run_line,away,1.5,away_run_line,-188.0,0.6977475284376069,0.0558898307980361,0.1295128819003079,0,823684,1,final,2026-08-03T19:17:32.328250+00:00,6,5,11,-1.5,1.5,8.5,Win
63303037,baseball,mlb,2026_07_08,07:40 PM,Minnesota Twins,Cleveland Guardians,moneyline,away,,away_moneyline,112.0,0.5223246784760981,0.094328318369328,0.0958288556868999,0,823684,1,final,2026-08-03T19:17:32.328250+00:00,6,5,11,-1.5,1.5,8.5,Loss
63303155,baseball,mlb,2026_07_08,06:35 PM,Baltimore Orioles,Chicago Cubs,moneyline,away,,away_moneyline,108.0,0.541573845505449,0.0978735986513339,0.1171051839364202,0,824815,1,final,2026-08-03T19:17:32.328250+00:00,7,9,16,-1.5,1.5,10.0,Win
63303567,baseball,mlb,2026_07_08,07:40 PM,Chicago White Sox,Boston Red Sox,moneyline,away,,away_moneyline,102.0,0.515951008349917,0.0779710368668323,0.0413931733988553,0,824578,1,final,2026-08-03T19:17:32.328250+00:00,0,5,5,1.5,-1.5,8.0,Win
63303643,baseball,mlb,2026_07_08,06:40 PM,Miami Marlins,Seattle Mariners,total,under,8.5,under_total,-111.0,0.7106644555111001,0.3456107560269907,0.3895020011284213,0,823848,1,final,2026-08-03T19:17:32.328250+00:00,2,0,2,1.5,-1.5,9.0,Win
63301801,baseball,mlb,2026_07_09,12:35 PM,Pittsburgh Pirates,Atlanta Braves,run_line,home,1.5,home_run_line,-158.0,0.7242015210098374,0.1533069140540381,0.2884399242053803,0,823359,1,final,2026-08-03T19:17:32.328250+00:00,5,10,15,1.5,-1.5,10.0,Loss
63301801,baseball,mlb,2026_07_09,12:35 PM,Pittsburgh Pirates,Atlanta Braves,total,under,9.5,under_total,-117.0,0.7004118470293378,0.2934684904456824,0.3498937080536631,0,823359,1,final,2026-08-03T19:17:32.328250+00:00,5,10,15,1.5,-1.5,10.0,Loss
63301801,baseball,mlb,2026_07_09,12:35 PM,Pittsburgh Pirates,Atlanta Braves,moneyline,home,,home_moneyline,100.0,0.5411859620814845,0.053121924162969,0.082371924162969,0,823359,1,final,2026-08-03T19:17:32.328250+00:00,5,10,15,1.5,-1.5,10.0,Loss
63301879,baseball,mlb,2026_07_09,09:40 PM,San Diego Padres,Arizona Diamondbacks,run_line,away,1.5,away_run_line,-196.0,0.6687791109377648,-0.0322570569511307,0.0195861683757835,0,823277,1,final,2026-08-03T19:17:32.328250+00:00,1,3,4,-1.5,1.5,9.0,Win
63302027,baseball,mlb,2026_07_09,09:45 PM,San Francisco Giants,Colorado Rockies,total,over,8.5,over_total,100.0,0.7653401583164531,0.5244486728333112,0.5306803166329062,0,823201,1,final,2026-08-03T19:17:32.328250+00:00,8,2,10,-1.5,1.5,9.0,Win
63301909,baseball,mlb,2026_07_10,07:10 PM,Miami Marlins,Cleveland Guardians,run_line,home,1.5,home_run_line,-212.0,0.7732532710814383,0.1230453800821167,0.2925502057740874,0,823845,1,final,2026-08-03T19:17:32.328250+00:00,2,3,5,1.5,-1.5,7.0,Win
63303457,baseball,mlb,2026_07_10,07:05 PM,Baltimore Orioles,Kansas City Royals,run_line,away,1.5,away_run_line,-156.0,0.6101893865592222,-0.0090635707746098,0.0020848295916086,0,824817,1,final,2026-08-03T19:17:32.328250+00:00,5,3,8,-1.5,1.5,10.5,Loss
63303861,baseball,mlb,2026_07_10,07:10 PM,Cincinnati Reds,Chicago Cubs,run_line,home,1.5,home_run_line,-175.0,0.6607906984439768,0.0234353832691063,0.067174420720936,0,824493,1,final,2026-08-03T19:17:32.328250+00:00,4,0,4,1.5,-1.5,9.5,Win
63299227,baseball,mlb,2026_07_11,04:15 PM,Pittsburgh Pirates,Milwaukee Brewers,run_line,home,1.5,home_run_line,-158.0,0.675217493114104,0.0908703368572075,0.1620611322343881,0,823356,2,final,2026-08-03T19:17:32.328250+00:00,3,2,5,1.5,-1.5,9.0,Win
63301211,baseball,mlb,2026_07_11,02:10 PM,Chicago White Sox,Athletics,run_line,home,1.5,home_run_line,-166.0,0.737963605586531,0.2098199944940796,0.3029831908601723,0,,,final,2026-08-03T19:17:32.328250+00:00,1,0,1,,,,Win
63301975,baseball,mlb,2026_07_11,07:05 PM,Baltimore Orioles,Kansas City Royals,run_line,away,1.5,away_run_line,-156.0,0.6145157741157541,0.0064861421386733,0.0131603817363303,0,824813,1,final,2026-08-03T19:17:32.328250+00:00,6,1,7,-1.5,1.5,9.0,Loss
63302127,baseball,mlb,2026_07_11,06:10 PM,Detroit Tigers,Philadelphia Phillies,run_line,home,1.5,home_run_line,-151.0,0.6821048536072631,0.1344799222213448,0.2020831825542305,0,824249,1,final,2026-08-03T19:17:32.328250+00:00,2,4,6,1.5,-1.5,7.5,Loss
63302567,baseball,mlb,2026_07_11,04:30 PM,Tampa Bay Rays,Seattle Mariners,run_line,home,1.5,home_run_line,-200.0,0.7437566291526778,0.0987349437290167,0.2312698874580334,0,822953,1,final,2026-08-03T19:17:32.328250+00:00,6,1,7,1.5,-1.5,7.0,Win
63302643,baseball,mlb,2026_07_11,04:10 PM,Miami Marlins,Cleveland Guardians,run_line,away,1.5,away_run_line,-172.0,0.6325098011168127,-0.0153519424199241,0.0004266590377305,0,823844,1,final,2026-08-03T19:17:32.328250+00:00,1,4,5,-1.5,1.5,7.5,Win
63303763,baseball,mlb,2026_07_11,04:10 PM,New York Mets,Boston Red Sox,run_line,away,1.5,away_run_line,-172.0,0.6714155573667575,0.0617734395567328,0.1062503160375806,0,823603,1,final,2026-08-03T19:17:32.328250+00:00,0,4,4,-1.5,1.5,7.5,Win
63301035,baseball,mlb,2026_07_12,02:10 PM,Chicago White Sox,Athletics,run_line,home,1.5,home_run_line,-204.0,0.7640214557063282,0.1021417771309989,0.2826252253472376,0,,,final,2026-08-03T19:17:32.328250+00:00,9,1,10,,,,Win
63301077,baseball,mlb,2026_07_12,01:35 PM,Baltimore Orioles,Kansas City Royals,run_line,away,1.5,away_run_line,-158.0,0.613063032716286,-0.0197223896151786,0.0017026244080178,0,824814,1,final,2026-08-03T19:17:32.328250+00:00,8,2,10,-1.5,1.5,9.5,Loss
63301945,baseball,mlb,2026_07_12,02:35 PM,Texas Rangers,Houston Astros,run_line,away,1.5,away_run_line,-188.0,0.6624828275954441,-0.0267326896410217,0.0279505434748789,0,822876,1,final,2026-08-03T19:17:32.328250+00:00,6,5,11,-1.5,1.5,9.0,Win
63302047,baseball,mlb,2026_07_12,01:40 PM,New York Mets,Boston Red Sox,run_line,home,1.5,home_run_line,-163.0,0.7150640830763733,0.1017537045956207,0.2506185384908617,0,823602,1,final,2026-08-03T19:17:32.328250+00:00,2,3,5,1.5,-1.5,8.0,Win
63303419,baseball,mlb,2026_07_12,01:40 PM,Tampa Bay Rays,Seattle Mariners,run_line,away,1.5,away_run_line,-188.0,0.6550106514806594,-0.0043794275189898,0.006430676264299,0,822951,1,final,2026-08-03T19:17:32.328250+00:00,2,7,9,-1.5,1.5,8.0,Win
63303443,baseball,mlb,2026_07_12,12:15 PM,Pittsburgh Pirates,Milwaukee Brewers,moneyline,away,,away_moneyline,104.0,0.5501259445843828,0.0949569269521409,0.1175547374539816,0,823358,1,final,2026-08-03T19:17:32.328250+00:00,14,5,19,-1.5,1.5,8.5,Loss
63303737,baseball,mlb,2026_07_12,01:40 PM,Miami Marlins,Cleveland Guardians,run_line,home,1.5,home_run_line,-188.0,0.7694222585941974,0.1578894174208981,0.3359361047512886,0,823842,1,final,2026-08-03T19:17:32.328250+00:00,2,5,7,1.5,-1.5,7.5,Loss
63301305,baseball,mlb,2026_07_16,06:10 PM,Philadelphia Phillies,New York Mets,run_line,away,1.5,away_run_line,-181.0,0.659037284826116,0.0322462819676164,0.0418947703613859,0,823440,1,final,2026-08-03T19:17:32.328250+00:00,1,4,5,-1.5,1.5,9.5,Win
63300983,baseball,mlb,2026_07_17,08:40 PM,Colorado Rockies,Cincinnati Reds,total,under,12.0,under_total,-111.0,0.7827540681320032,0.4620067958656816,0.5416110837585267,0,824332,1,final,2026-08-03T19:17:32.328250+00:00,2,7,9,1.5,-1.5,12.0,Win
63303013,baseball,mlb,2026_07_17,09:40 PM,Arizona Diamondbacks,St Louis Cardinals,run_line,home,1.5,home_run_line,-175.0,0.7283095773719618,0.1444864787273685,0.2528513377728948,0,,,final,2026-08-03T19:17:32.328250+00:00,4,5,9,,,,Win
63303587,baseball,mlb,2026_07_17,08:10 PM,Houston Astros,Baltimore Orioles,run_line,home,1.5,home_run_line,-192.0,0.7043859848560546,0.0914036853019168,0.1368070757796799,0,824170,1,final,2026-08-03T19:17:32.328250+00:00,2,3,5,1.5,-1.5,8.5,Win
63303845,baseball,mlb,2026_07_17,07:05 PM,New York Yankees,Los Angeles Dodgers,run_line,home,1.5,home_run_line,-175.0,0.6774178306545231,0.0866137338856791,0.1128990342999385,0,823524,1,final,2026-08-03T19:17:32.328250+00:00,1,2,3,1.5,-1.5,9.0,Win
63301029,baseball,mlb,2026_07_18,05:10 PM,Boston Red Sox,Tampa Bay Rays,run_line,home,1.5,home_run_line,-192.0,0.6892864036092915,0.0235897388224643,0.0927162985391315,0,824738,1,final,2026-08-03T19:17:32.328250+00:00,7,6,13,1.5,-1.5,9.5,Win
63301591,baseball,mlb,2026_07_18,04:10 PM,Atlanta Braves,Texas Rangers,run_line,home,1.5,home_run_line,-188.0,0.7920823348709131,0.1809027257596966,0.4011971244282296,0,824899,1,final,2026-08-03T19:17:32.328250+00:00,6,7,13,1.5,-1.5,9.0,Win
63301893,baseball,mlb,2026_07_18,10:05 PM,Athletics,Washington Nationals,run_line,away,1.5,away_run_line,-181.0,0.6775411208421916,0.0076732318047283,0.0938905495665584,0,,,final,2026-08-03T19:17:32.328250+00:00,15,1,16,,,,Loss
63302305,baseball,mlb,2026_07_18,03:45 PM,Toronto Blue Jays,Chicago White Sox,run_line,home,1.5,home_run_line,-172.0,0.7538714017520499,0.155118728352079,0.3305302127655758,0,822790,1,final,2026-08-03T19:17:32.328250+00:00,1,0,1,1.5,-1.5,9.0,Win
63302615,baseball,mlb,2026_07_19,02:10 PM,Kansas City Royals,San Diego Padres,run_line,away,1.5,away_run_line,-175.0,0.6831091112991644,0.0429071748986869,0.1285500560727021,0,824086,1,final,2026-08-03T19:17:32.328250+00:00,2,19,21,1.5,-1.5,9.5,Win
63302663,baseball,mlb,2026_07_19,12:15 PM,Toronto Blue Jays,Chicago White Sox,run_line,home,1.5,home_run_line,-172.0,0.7590223911833932,0.2061644790807149,0.3445409040188296,0,822786,1,final,2026-08-03T19:17:32.328250+00:00,0,3,3,1.5,-1.5,8.0,Loss
63302739,baseball,mlb,2026_07_19,01:35 PM,Philadelphia Phillies,New York Mets,run_line,home,1.5,home_run_line,-156.0,0.7980322290098208,0.2972413501699623,0.4829625062651414,0,823439,1,final,2026-08-03T19:17:32.328250+00:00,1,6,7,1.5,-1.5,8.5,Loss
63303267,baseball,mlb,2026_07_19,01:35 PM,Atlanta Braves,Texas Rangers,run_line,home,1.5,home_run_line,-163.0,0.7979339907229144,0.2744640463811439,0.4685663956012648,0,824897,1,final,2026-08-03T19:17:32.328250+00:00,8,5,13,1.5,-1.5,8.5,Win
63303685,baseball,mlb,2026_07_19,07:20 PM,New York Yankees,Los Angeles Dodgers,run_line,home,1.5,home_run_line,-169.0,0.6763484501032824,0.0765546335963487,0.1293773307778294,0,823521,2,final,2026-08-03T19:17:32.328250+00:00,2,1,3,1.5,-1.5,9.0,Win
63301085,baseball,mlb,2026_07_20,08:35 PM,Chicago Cubs,Detroit Tigers,run_line,home,1.5,home_run_line,-172.0,0.7850992238786373,0.2155522610173799,0.4154698889498935,0,824654,1,final,2026-08-03T19:17:32.328250+00:00,6,8,14,1.5,-1.5,11.5,Loss
63301121,baseball,mlb,2026_07_20,06:40 PM,Cleveland Guardians,Minnesota Twins,run_line,home,1.5,home_run_line,-172.0,0.7812356550480651,0.2159424312388008,0.4049609817307373,0,824410,1,final,2026-08-03T19:17:32.328250+00:00,13,4,17,1.5,-1.5,7.5,Win
63301693,baseball,mlb,2026_07_20,08:40 PM,Colorado Rockies,Washington Nationals,total,under,12.0,under_total,-116.0,0.7675911574018424,0.4056337370345525,0.4979968999879794,0,824328,1,final,2026-08-03T19:17:32.328250+00:00,3,7,10,1.5,-1.5,12.0,Win
63302183,baseball,mlb,2026_07_20,07:07 PM,Toronto Blue Jays,Tampa Bay Rays,run_line,away,1.5,away_run_line,-175.0,0.6662810624865567,0.0015130981931604,0.0822729218380309,0,822788,1,final,2026-08-03T19:17:32.328250+00:00,1,7,8,-1.5,1.5,7.5,Win
63302731,baseball,mlb,2026_07_20,09:40 PM,Seattle Mariners,Cincinnati Reds,run_line,away,1.5,away_run_line,-169.0,0.6465642088663639,0.0096465809766382,0.0492577218505188,0,823112,1,final,2026-08-03T19:17:32.328250+00:00,8,0,8,-1.5,1.5,7.5,Loss
63303101,baseball,mlb,2026_07_20,07:40 PM,Kansas City Royals,San Francisco Giants,run_line,home,1.5,home_run_line,-185.0,0.7022983776445171,0.079969122317229,0.1515503762868737,0,824087,1,final,2026-08-03T19:17:32.328250+00:00,4,3,7,-1.5,1.5,10.0,Win
63303645,baseball,mlb,2026_07_20,10:10 PM,Los Angeles Angels,St Louis Cardinals,run_line,home,1.5,home_run_line,-196.0,0.685667388933353,0.0465476894095533,0.0695754712427247,0,,,final,2026-08-03T19:17:32.328250+00:00,3,2,5,,,,Win
63301503,baseball,mlb,2026_07_21,07:40 PM,Milwaukee Brewers,New York Mets,total,under,9.0,under_total,-119.0,0.7365616155394318,0.3778085316301323,0.4230699380313557,0,823760,1,final,2026-08-03T19:17:32.328250+00:00,0,4,4,-1.5,1.5,8.5,Win
63301797,baseball,mlb,2026_07_21,09:38 PM,Los Angeles Angels,St Louis Cardinals,run_line,home,1.5,home_run_line,-172.0,0.6726280166308087,0.0994408169975581,0.1095482052357998,0,,,final,2026-08-03T19:17:32.328250+00:00,5,1,6,,,,Win
63302261,baseball,mlb,2026_07_21,07:40 PM,Kansas City Royals,San Francisco Giants,run_line,home,1.5,home_run_line,-181.0,0.7148637019932991,0.0883660235365581,0.1987670026011703,0,824085,1,final,2026-08-03T19:17:32.328250+00:00,3,2,5,1.5,-1.5,9.0,Win
63303679,baseball,mlb,2026_07_21,07:07 PM,Toronto Blue Jays,Tampa Bay Rays,run_line,home,1.5,home_run_line,-181.0,0.7140993420845809,0.0884793653357306,0.1966191512576723,0,822787,1,final,2026-08-03T19:17:32.328250+00:00,2,12,14,1.5,-1.5,7.5,Loss
63303751,baseball,mlb,2026_07_22,08:05 PM,Chicago Cubs,Detroit Tigers,run_line,home,1.5,home_run_line,-204.0,0.781744052035487,0.1201019206803336,0.3365019181878806,0,824650,1,final,2026-08-03T19:17:32.328250+00:00,1,5,6,-1.5,1.5,8.0,Loss
63301349,baseball,mlb,2026_07_24,07:10 PM,Miami Marlins,San Diego Padres,run_line,away,1.5,away_run_line,-175.0,0.640382534654299,0.0063154115996126,0.0110519702993221,0,823843,1,final,2026-08-03T19:17:32.328250+00:00,2,4,6,1.5,-1.5,9.0,Win
63302321,baseball,mlb,2026_07_24,06:45 PM,Washington Nationals,Arizona Diamondbacks,run_line,home,1.5,home_run_line,-163.0,0.7403136298021394,0.1918937707850471,0.3170248463796267,0,822707,1,final,2026-08-03T19:17:32.328250+00:00,2,3,5,1.5,-1.5,9.5,Win
63302569,baseball,mlb,2026_07_24,10:15 PM,San Francisco Giants,Los Angeles Angels,run_line,away,1.5,away_run_line,-156.0,0.6404522826155621,-0.0036013823744623,0.0795578434958389,0,823196,1,final,2026-08-03T19:17:32.328250+00:00,7,6,13,-1.5,1.5,8.5,Win
63302867,baseball,mlb,2026_07_24,07:40 PM,Chicago White Sox,Houston Astros,run_line,away,1.5,away_run_line,-181.0,0.652335882973015,0.0049424481514764,0.0230638311541721,0,824573,1,final,2026-08-03T19:17:32.328250+00:00,5,9,14,-1.5,1.5,9.0,Win
63300965,baseball,mlb,2026_07_25,04:05 PM,Washington Nationals,Arizona Diamondbacks,run_line,away,1.5,away_run_line,-175.0,0.6739599145818213,0.0616798657714333,0.1033897651000084,0,822704,1,final,2026-08-03T19:17:32.328250+00:00,5,3,8,-1.5,1.5,9.5,Loss
63301055,baseball,mlb,2026_07_25,06:05 PM,Philadelphia Phillies,New York Yankees,run_line,home,1.5,home_run_line,-169.0,0.7434560902336582,0.1833709365257636,0.3098968827285405,0,823435,1,final,2026-08-03T19:17:32.328250+00:00,1,3,4,1.5,-1.5,9.0,Loss
63301235,baseball,mlb,2026_07_25,07:15 PM,Texas Rangers,Seattle Mariners,run_line,home,1.5,home_run_line,-188.0,0.6789684660658536,0.0251719054625843,0.0754291822696583,0,822869,1,final,2026-08-03T19:17:32.328250+00:00,7,1,8,1.5,-1.5,7.5,Win
63301865,baseball,mlb,2026_07_25,06:40 PM,Pittsburgh Pirates,Chicago Cubs,run_line,away,1.5,away_run_line,-192.0,0.6750361245569427,0.0084174394303506,0.0511054837062732,0,823355,1,final,2026-08-03T19:17:32.328250+00:00,0,11,11,-1.5,1.5,7.5,Win
63302003,baseball,mlb,2026_07_25,07:10 PM,Minnesota Twins,Athletics,total,under,10.5,under_total,-114.0,0.754469593443575,0.4062641905887351,0.4745649299692505,0,,,final,2026-08-03T19:17:32.328250+00:00,2,0,2,,,,Win
63303759,baseball,mlb,2026_07_25,04:10 PM,Boston Red Sox,Toronto Blue Jays,run_line,home,1.5,home_run_line,-208.0,0.7575948036927777,0.0958230746989208,0.2533919953737552,0,824734,1,final,2026-08-03T19:17:32.328250+00:00,0,6,6,1.5,-1.5,7.0,Loss
63303847,baseball,mlb,2026_07_25,07:15 PM,St Louis Cardinals,Cincinnati Reds,run_line,home,1.5,home_run_line,-204.0,0.7325615640559008,0.1046603699656562,0.1869871547299383,0,,,final,2026-08-03T19:17:32.328250+00:00,7,0,7,,,,Win
63299147,baseball,mlb,2026_07_26,01:35 PM,Baltimore Orioles,Atlanta Braves,run_line,home,1.5,home_run_line,-185.0,0.6599810823170473,0.0258276132992351,0.0309460846035849,0,824810,1,final,2026-08-03T19:17:32.328250+00:00,2,3,5,1.5,-1.5,8.5,Win
63300845,baseball,mlb,2026_07_26,02:10 PM,Chicago White Sox,Houston Astros,run_line,home,1.5,home_run_line,-181.0,0.7432820080120768,0.1675850511126715,0.2786224425139357,0,824572,1,final,2026-08-03T19:17:32.328250+00:00,12,3,15,1.5,-1.5,9.0,Win
63301185,baseball,mlb,2026_07_26,02:10 PM,Minnesota Twins,Athletics,total,under,10.0,under_total,-108.0,0.7379047518442814,0.413629364500779,0.4548418838361053,0,,,final,2026-08-03T19:17:32.328250+00:00,11,8,19,,,,Loss
63301463,baseball,mlb,2026_07_26,01:35 PM,Boston Red Sox,Toronto Blue Jays,run_line,away,1.5,away_run_line,-181.0,0.6482763697546093,-0.0007098900494739,0.0116565990104521,0,824730,1,final,2026-08-03T19:17:32.328250+00:00,6,1,7,-1.5,1.5,7.5,Loss
63302021,baseball,mlb,2026_07_26,01:35 PM,Pittsburgh Pirates,Chicago Cubs,run_line,away,1.5,away_run_line,-196.0,0.6756021261168835,-0.031052911578584,0.0397822933059751,0,823354,1,final,2026-08-03T19:17:32.328250+00:00,8,7,15,-1.5,1.5,9.0,Win
63303577,baseball,mlb,2026_07_26,01:35 PM,Washington Nationals,Arizona Diamondbacks,run_line,home,1.5,home_run_line,-156.0,0.7123486881732081,0.2183824626432132,0.2636126417234126,0,822706,1,final,2026-08-03T19:17:32.328250+00:00,10,7,17,1.5,-1.5,10.0,Win
63303577,baseball,mlb,2026_07_26,01:35 PM,Washington Nationals,Arizona Diamondbacks,total,under,10.5,under_total,-117.0,0.7012347175404527,0.2940330049284446,0.3516793370627825,0,822706,1,final,2026-08-03T19:17:32.328250+00:00,10,7,17,1.5,-1.5,10.0,Loss
63303057,baseball,mlb,2026_07_27,06:40 PM,Detroit Tigers,Baltimore Orioles,run_line,home,1.5,home_run_line,-200.0,0.7414499637771692,0.1264749456657537,0.2243498913315076,0,824245,1,final,2026-08-03T19:17:32.328250+00:00,5,8,13,-1.5,1.5,8.5,Loss
63303221,baseball,mlb,2026_07_27,06:45 PM,Washington Nationals,Toronto Blue Jays,run_line,away,1.5,away_run_line,-175.0,0.6749636007348105,0.0567570868689879,0.1061499020207289,0,822705,1,final,2026-08-03T19:17:32.328250+00:00,2,3,5,-1.5,1.5,10.0,Win
63303221,baseball,mlb,2026_07_27,06:45 PM,Washington Nationals,Toronto Blue Jays,total,under,10.0,under_total,-114.0,0.7102640548679721,0.3263878178930882,0.3799650774174603,0,822705,1,final,2026-08-03T19:17:32.328250+00:00,2,3,5,-1.5,1.5,10.0,Win
63299213,baseball,mlb,2026_07_28,07:50 PM,Washington Nationals,Toronto Blue Jays,run_line,away,1.5,away_run_line,-175.0,0.6700176649005949,-0.0010650980133509,0.0925485784766358,0,822703,1,final,2026-08-03T19:17:32.328250+00:00,8,6,14,-1.5,1.5,9.0,Loss
63299315,baseball,mlb,2026_07_28,06:40 PM,Detroit Tigers,Baltimore Orioles,run_line,away,1.5,away_run_line,-166.0,0.6420319863798081,0.0008482432351141,0.0478050837702894,0,824243,1,final,2026-08-03T19:17:32.328250+00:00,14,0,14,-1.5,1.5,9.5,Loss
63302757,baseball,mlb,2026_07_28,07:40 PM,Minnesota Twins,Kansas City Royals,run_line,away,1.5,away_run_line,-151.0,0.6038083236286158,-0.0210186143656783,0.0055588923078257,0,823676,1,final,2026-08-03T19:17:32.328250+00:00,3,2,5,-1.5,1.5,9.0,Win
63303463,baseball,mlb,2026_07_28,06:40 PM,Pittsburgh Pirates,Arizona Diamondbacks,run_line,home,1.5,home_run_line,-196.0,0.7435274414857124,0.1118281769376063,0.2408412267977085,0,823350,1,final,2026-08-03T19:17:32.328250+00:00,7,8,15,1.5,-1.5,9.0,Win
63301049,baseball,mlb,2026_07_29,09:40 PM,Athletics,Boston Red Sox,total,under,10.5,under_total,-106.0,0.7012347175404527,0.3588210638993704,0.3845435181333326,0,,,final,2026-08-03T19:17:32.328250+00:00,2,4,6,,,,Win
63301649,baseball,mlb,2026_07_29,07:45 PM,St Louis Cardinals,Chicago Cubs,run_line,home,1.5,home_run_line,-158.0,0.6593418621369457,0.0967968381729872,0.1211020043133196,0,,,final,2026-08-03T19:17:32.328250+00:00,3,2,5,,,,Win
63302509,baseball,mlb,2026_07_29,01:05 PM,Washington Nationals,Toronto Blue Jays,run_line,home,1.5,home_run_line,-163.0,0.7227858316456461,0.1070627222257971,0.2709267372280493,0,822702,1,final,2026-08-03T19:17:32.328250+00:00,2,5,7,1.5,-1.5,9.0,Loss
63303665,baseball,mlb,2026_07_30,02:15 PM,St Louis Cardinals,Chicago Cubs,moneyline,away,,away_moneyline,100.0,0.546851171407224,0.0774523428144478,0.0937023428144478,0,,,final,2026-08-03T19:17:32.328250+00:00,2,4,6,,,,Win
63299237,baseball,mlb,2026_07_31,06:10 PM,Cincinnati Reds,Pittsburgh Pirates,run_line,home,1.5,home_run_line,-156.0,0.6909452063764651,0.1007088002075322,0.2088197283237505,0,824486,1,final,2026-08-03T19:17:32.328250+00:00,8,7,15,1.5,-1.5,8.0,Win
63300867,baseball,mlb,2026_07_31,10:10 PM,Los Angeles Dodgers,Boston Red Sox,run_line,home,1.5,home_run_line,-192.0,0.8103108611930988,0.2563977680645047,0.4461077146838488,0,823922,1,final,2026-08-03T19:17:32.328250+00:00,4,9,13,-1.5,1.5,8.0,Loss
63300989,baseball,mlb,2026_07_31,09:40 PM,Colorado Rockies,Kansas City Royals,run_line,home,1.5,home_run_line,-163.0,0.7036614716650805,0.0827056260608355,0.2206296704791618,0,824325,1,final,2026-08-03T19:17:32.328250+00:00,3,1,4,1.5,-1.5,11.0,Win
63301603,baseball,mlb,2026_07_31,07:05 PM,Baltimore Orioles,Philadelphia Phillies,moneyline,away,,away_moneyline,104.0,0.5282439664748056,0.0776176916086035,0.0746323957775034,0,824809,1,final,2026-08-03T19:17:32.328250+00:00,6,4,10,1.5,-1.5,9.0,Loss
63303511,baseball,mlb,2026_07_31,07:10 PM,Cleveland Guardians,Arizona Diamondbacks,run_line,away,1.5,away_run_line,-175.0,0.6602048851860748,0.0433148195781175,0.0655634342617055,0,824407,1,final,2026-08-03T19:17:32.328250+00:00,1,4,5,-1.5,1.5,8.5,Win
63299357,baseball,mlb,2026_08_01,03:07 PM,Toronto Blue Jays,St Louis Cardinals,run_line,away,1.5,away_run_line,-175.0,0.6485587254538687,0.039963711427508,0.0335364949981389,0,,,final,2026-08-03T19:17:32.328250+00:00,5,1,6,,,,Loss
63299357,baseball,mlb,2026_08_01,03:07 PM,Toronto Blue Jays,St Louis Cardinals,moneyline,away,,away_moneyline,119.0,0.4878645727105854,0.0892234142361821,0.0574986674253631,0,,,final,2026-08-03T19:17:32.328250+00:00,5,1,6,,,,Loss
63301147,baseball,mlb,2026_08_01,07:10 PM,Houston Astros,Texas Rangers,run_line,home,1.5,home_run_line,-156.0,0.7222005120620966,0.148099558255748,0.2888333108789672,0,824162,1,final,2026-08-03T19:17:32.328250+00:00,5,4,9,1.5,-1.5,8.0,Win
63301233,baseball,mlb,2026_08_01,07:15 PM,Chicago Cubs,New York Yankees,run_line,home,1.5,home_run_line,-175.0,0.7774842180131452,0.1619609140206566,0.3880815995361492,0,824649,1,final,2026-08-03T19:17:32.328250+00:00,5,2,7,1.5,-1.5,6.0,Win
63301661,baseball,mlb,2026_08_01,08:10 PM,Colorado Rockies,Kansas City Royals,run_line,home,1.5,home_run_line,-178.0,0.7057938757428293,0.0932072890814973,0.1821069745650653,0,824326,1,final,2026-08-03T19:17:32.328250+00:00,12,6,18,-1.5,1.5,11.5,Win
63301661,baseball,mlb,2026_08_01,08:10 PM,Colorado Rockies,Kansas City Royals,total,under,11.5,under_total,-104.0,0.7159585318016074,0.3791677592970482,0.4205554048752791,0,824326,1,final,2026-08-03T19:17:32.328250+00:00,12,6,18,-1.5,1.5,11.5,Loss
63301679,baseball,mlb,2026_08_01,04:30 PM,New York Mets,Miami Marlins,run_line,away,1.5,away_run_line,-188.0,0.6774125339800343,0.038388349926861,0.0709480978624988,0,823594,1,final,2026-08-03T19:17:32.328250+00:00,2,6,8,-1.5,1.5,9.0,Win
63301679,baseball,mlb,2026_08_01,04:30 PM,New York Mets,Miami Marlins,moneyline,away,,away_moneyline,108.0,0.5186567539561977,0.0794560482288912,0.0729685631748993,0,823594,1,final,2026-08-03T19:17:32.328250+00:00,2,6,8,-1.5,1.5,9.0,Win
63302015,baseball,mlb,2026_08_01,09:40 PM,Athletics,Detroit Tigers,moneyline,home,,home_moneyline,114.0,0.4902557856272839,0.0530473812423874,0.0431117379319189,0,,,final,2026-08-03T19:17:32.328250+00:00,6,8,14,,,,Loss
63302105,baseball,mlb,2026_08_01,07:15 PM,Cleveland Guardians,Arizona Diamondbacks,run_line,away,1.5,away_run_line,-158.0,0.6506172034416318,-0.0402997564054367,0.0985923848794098,0,824405,1,final,2026-08-03T19:17:32.328250+00:00,8,12,20,-1.5,1.5,8.5,Win
63301071,baseball,mlb,2026_08_02,04:05 PM,Athletics,Detroit Tigers,run_line,home,1.5,home_run_line,-163.0,0.6563489446842292,0.0408170089076826,0.0961977245195228,0,,,final,2026-08-03T19:17:32.328250+00:00,0,11,11,,,,Loss
63301071,baseball,mlb,2026_08_02,04:05 PM,Athletics,Detroit Tigers,total,under,11.0,under_total,-112.0,0.7492965879412412,0.4143488100316352,0.4685087664354313,0,,,final,2026-08-03T19:17:32.328250+00:00,0,11,11,,,,Push
63301149,baseball,mlb,2026_08_02,01:40 PM,Cleveland Guardians,Arizona Diamondbacks,run_line,away,1.5,away_run_line,-172.0,0.6592032045336892,-0.0173391184118402,0.0730327163316347,0,824404,1,final,2026-08-03T19:17:32.328250+00:00,5,0,5,-1.5,1.5,8.0,Loss
63301795,baseball,mlb,2026_08_02,03:10 PM,Colorado Rockies,Kansas City Royals,run_line,home,1.5,home_run_line,-181.0,0.7101985723824058,0.1019234742511381,0.1856579883945602,0,824323,1,final,2026-08-03T19:17:32.328250+00:00,8,1,9,-1.5,1.5,11.5,Win
63301795,baseball,mlb,2026_08_02,03:10 PM,Colorado Rockies,Kansas City Royals,total,under,12.0,under_total,-104.0,0.7880529223486049,0.5147055705578314,0.567627961591154,0,824323,1,final,2026-08-03T19:17:32.328250+00:00,8,1,9,-1.5,1.5,11.5,Win
63301987,baseball,mlb,2026_08_02,02:20 PM,Chicago Cubs,New York Yankees,run_line,home,1.5,home_run_line,-172.0,0.7770571514561156,0.1807345650933922,0.3935954519606346,0,824648,1,final,2026-08-03T19:17:32.328250+00:00,1,2,3,1.5,-1.5,6.5,Win
63302733,baseball,mlb,2026_08_02,04:10 PM,San Diego Padres,San Francisco Giants,moneyline,away,,away_moneyline,124.0,0.4778974508254667,0.0847902898490456,0.0568470079427786,0,823270,1,final,2026-08-03T19:17:32.328250+00:00,5,4,9,-1.5,1.5,8.0,Loss
63303213,baseball,mlb,2026_08_02,01:37 PM,Toronto Blue Jays,St Louis Cardinals,run_line,home,1.5,home_run_line,-192.0,0.7470729726988373,0.1394234793128153,0.2614530802806053,0,,,final,2026-08-03T19:17:32.328250+00:00,1,5,6,,,,Loss
63303603,baseball,mlb,2026_08_02,01:40 PM,New York Mets,Miami Marlins,run_line,home,1.5,home_run_line,-166.0,0.7005996908744835,0.0907976974253771,0.203595177726126,0,823592,1,final,2026-08-03T19:17:32.328250+00:00,0,2,2,1.5,-1.5,8.5,Loss
63303603,baseball,mlb,2026_08_02,01:40 PM,New York Mets,Miami Marlins,moneyline,home,,home_moneyline,104.0,0.5362122893754414,0.0620230703259005,0.0902625676210582,0,823592,1,final,2026-08-03T19:17:32.328250+00:00,0,2,2,1.5,-1.5,8.5,Loss
63303653,baseball,mlb,2026_08_02,01:40 PM,Cincinnati Reds,Pittsburgh Pirates,run_line,away,1.5,away_run_line,-163.0,0.6991545233990077,0.0741336788585218,0.2087763965393903,0,824483,1,final,2026-08-03T19:17:32.328250+00:00,10,2,12,-1.5,1.5,8.5,Loss
63303271,baseball,mlb,2026_08_03,08:10 PM,Houston Astros,Toronto Blue Jays,run_line,away,1.5,away_run_line,-181.0,0.6935806606113561,0.046580017977974,0.1389616563179106,0,824160,1,final,2026-08-20T09:33:33.181698+00:00,1,3,4,-1.5,1.5,9.0,Win
63303271,baseball,mlb,2026_08_03,08:10 PM,Houston Astros,Toronto Blue Jays,moneyline,away,,away_moneyline,110.0,0.5332909245122986,0.0897165636980494,0.1090099467962066,0,824160,1,final,2026-08-20T09:33:33.181698+00:00,1,3,4,-1.5,1.5,9.0,Win
63300955,baseball,mlb,2026_08_05,09:40 PM,Arizona Diamondbacks,San Diego Padres,run_line,home,1.5,home_run_line,-156.0,0.6702718868599796,0.0817333527958638,0.1558960303615477,0,825052,1,final,2026-08-20T09:33:33.181698+00:00,10,4,14,1.5,-1.5,8.5,Win
63301505,baseball,mlb,2026_08_05,07:40 PM,Kansas City Royals,Minnesota Twins,run_line,home,1.5,home_run_line,-192.0,0.7154742699952219,0.083717118951067,0.1691848683860483,0,824082,1,final,2026-08-20T09:33:33.181698+00:00,2,1,3,1.5,-1.5,8.5,Win
63302129,baseball,mlb,2026_08_05,06:40 PM,Cincinnati Reds,Athletics,run_line,away,1.5,away_run_line,-156.0,0.6232628846425146,0.0571398859090836,0.0355529846848372,0,,,final,2026-08-20T09:33:33.181698+00:00,3,2,5,,,,Win
63303799,baseball,mlb,2026_08_05,07:10 PM,Boston Red Sox,Chicago White Sox,moneyline,away,,away_moneyline,120.0,0.4900161899622233,0.0841244401391135,0.0650296815974093,0,824728,1,final,2026-08-20T09:33:33.181698+00:00,4,0,4,-1.5,1.5,8.0,Loss
63303629,baseball,mlb,2026_08_06,09:40 PM,Arizona Diamondbacks,San Diego Padres,run_line,home,1.5,home_run_line,-181.0,0.7354255014898367,0.0784713332521772,0.2565456591864409,0,825053,1,final,2026-08-20T09:33:33.181698+00:00,1,5,6,1.5,-1.5,9.0,Loss
63303747,baseball,mlb,2026_08_10,09:38 PM,Los Angeles Angels,Texas Rangers,run_line,home,1.5,home_run_line,-169.0,0.6761422108791758,0.0953151815506145,0.1288225472649828,0,823998,1,final,2026-08-20T09:33:33.181698+00:00,1,4,5,1.5,-1.5,8.0,Loss
63301205,baseball,mlb,2026_08_11,07:40 PM,Minnesota Twins,Baltimore Orioles,run_line,home,1.5,home_run_line,-188.0,0.7064074822486829,0.084801365241481,0.1544535488762067,0,823673,1,final,2026-08-20T09:33:33.181698+00:00,2,5,7,1.5,-1.5,9.5,Loss
63302243,baseball,mlb,2026_08_14,09:38 PM,Los Angeles Angels,Kansas City Royals,run_line,home,1.5,home_run_line,-181.0,0.6733626105699156,0.025528130099028,0.0821489357014628,0,823993,1,final,2026-08-20T09:33:33.181698+00:00,6,7,13,1.5,-1.5,9.0,Win
63302243,baseball,mlb,2026_08_14,09:38 PM,Los Angeles Angels,Kansas City Royals,total,over,9.0,over_total,100.0,0.5143215170914817,0.0323920554164993,0.0286430341829633,0,823993,1,final,2026-08-20T09:33:33.181698+00:00,6,7,13,1.5,-1.5,9.0,Win
63301899,baseball,mlb,2026_08_17,07:05 PM,Pittsburgh Pirates,Detroit Tigers,run_line,home,1.5,home_run_line,-169.0,0.7545133523076415,0.1855900905567388,0.3396409177075555,0,823343,1,final,2026-08-20T09:33:33.181698+00:00,5,8,13,1.5,-1.5,8.0,Loss
63302053,baseball,mlb,2026_08_17,07:10 PM,New York Mets,San Diego Padres,run_line,home,1.5,home_run_line,-204.0,0.800047729137731,0.2036631885189717,0.3921450965787024,0,823589,1,final,2026-08-20T09:33:33.181698+00:00,2,1,3,1.5,-1.5,8.0,Win
63301807,baseball,mlb,2026_08_18,07:10 PM,New York Mets,San Diego Padres,run_line,home,1.5,home_run_line,-172.0,0.6944640084099862,0.094183263945508,0.1689421028751627,0,823586,1,final,2026-08-20T09:33:33.181698+00:00,2,5,7,1.5,-1.5,8.5,Loss
63299381,baseball,mlb,2026_08_19,01:40 PM,Minnesota Twins,Atlanta Braves,run_line,home,1.5,home_run_line,-175.0,0.6673941951346498,0.0929623066401639,0.0853340366202869,0,823664,1,final,2026-08-20T09:33:33.181698+00:00,6,4,10,1.5,-1.5,8.5,Win
63302593,baseball,mlb,2026_08_19,04:05 PM,Texas Rangers,Washington Nationals,run_line,away,1.5,away_run_line,-188.0,0.682947373585953,0.0555577864862825,0.0868884359275447,0,822860,1,final,2026-08-20T09:33:33.181698+00:00,0,6,6,-1.5,1.5,7.5,Win
63303379,baseball,mlb,2026_08_19,04:10 PM,Houston Astros,Los Angeles Angels,run_line,away,1.5,away_run_line,-158.0,0.6559028056225515,0.0626312302781748,0.1122292385061827,0,824155,1,final,2026-08-20T09:33:33.181698+00:00,3,2,5,-1.5,1.5,8.5,Win
63303707,baseball,mlb,2026_08_19,06:05 PM,Philadelphia Phillies,Miami Marlins,run_line,away,1.5,away_run_line,-196.0,0.6726746929970816,0.0375371114196287,0.0311170912713614,0,823424,1,final,2026-08-20T09:33:33.181698+00:00,4,1,5,-1.5,1.5,8.5,Loss
63303707,baseball,mlb,2026_08_19,06:05 PM,Philadelphia Phillies,Miami Marlins,moneyline,away,,away_moneyline,108.0,0.513659332031486,0.0900724550699351,0.0633438987273063,0,823424,1,final,2026-08-20T09:33:33.181698+00:00,4,1,5,-1.5,1.5,8.5,Loss
