sport,league,team_id,canonical_team,team_abbr,alias,alt_color,team_color,location,team_name,team_slug,team_uid,logos_height,logos_href,logos_rel,logos_width,guid,alternateIds_sdr,nickname,shortDisplayName
football,nfl,22,Arizona Cardinals,ARI,22,ffffff,a40227,Arizona,Cardinals,arizona-cardinals,s:20~l:28~t:22,"[500, 500, 500, 500, 500, 4096, 4096, 4096, 4096, 4096, 4096, 4096, 4096, 4096, 4096, 4096, 4096]","[""https://a.espncdn.com/i/teamlogos/nfl/500/ari.png"", ""https://a.espncdn.com/i/teamlogos/nfl/500-dark/ari.png"", ""https://a.espncdn.com/i/teamlogos/nfl/500/scoreboard/ari.png"", ""https://a.espncdn.com/i/teamlogos/nfl/500-dark/scoreboard/ari.png"", ""https://a.espncdn.com/guid/d1a9b001-1df7-fbd7-ae4c-6ca7065286ec/logos/grayscale.png"", ""https://a.espncdn.com/guid/d1a9b001-1df7-fbd7-ae4c-6ca7065286ec/logos/primary_logo_on_white_color.png"", ""https://a.espncdn.com/guid/d1a9b001-1df7-fbd7-ae4c-6ca7065286ec/logos/primary_logo_on_black_color.png"", ""https://a.espncdn.com/guid/d1a9b001-1df7-fbd7-ae4c-6ca7065286ec/logos/primary_logo_on_primary_color.png"", ""https://a.espncdn.com/guid/d1a9b001-1df7-fbd7-ae4c-6ca7065286ec/logos/primary_logo_on_secondary_color.png"", ""https://a.espncdn.com/guid/d1a9b001-1df7-fbd7-ae4c-6ca7065286ec/logos/primary_logo_black.png"", ""https://a.espncdn.com/guid/d1a9b001-1df7-fbd7-ae4c-6ca7065286ec/logos/primary_logo_white.png"", ""https://a.espncdn.com/guid/d1a9b001-1df7-fbd7-ae4c-6ca7065286ec/logos/secondary_logo_on_white_color.png"", ""https://a.espncdn.com/guid/d1a9b001-1df7-fbd7-ae4c-6ca7065286ec/logos/secondary_logo_on_black_color.png"", ""https://a.espncdn.com/guid/d1a9b001-1df7-fbd7-ae4c-6ca7065286ec/logos/secondary_logo_on_primary_color.png"", ""https://a.espncdn.com/guid/d1a9b001-1df7-fbd7-ae4c-6ca7065286ec/logos/secondary_logo_on_secondary_color.png"", ""https://a.espncdn.com/guid/d1a9b001-1df7-fbd7-ae4c-6ca7065286ec/logos/secondary_logo_black.png"", ""https://a.espncdn.com/guid/d1a9b001-1df7-fbd7-ae4c-6ca7065286ec/logos/secondary_logo_white.png""]","[[""full"", ""default""], [""full"", ""dark""], [""full"", ""scoreboard""], [""full"", ""scoreboard"", ""dark""], [""full"", ""grayscale""], [""full"", ""primary_logo_on_white_color""], [""full"", ""primary_logo_on_black_color""], [""full"", ""primary_logo_on_primary_color""], [""full"", ""primary_logo_on_secondary_color""], [""full"", ""primary_logo_black""], [""full"", ""primary_logo_white""], [""full"", ""secondary_logo_on_white_color""], [""full"", ""secondary_logo_on_black_color""], [""full"", ""secondary_logo_on_primary_color""], [""full"", ""secondary_logo_on_secondary_color""], [""full"", ""secondary_logo_black""], [""full"", ""secondary_logo_white""]]","[500, 500, 500, 500, 500, 4096, 4096, 4096, 4096, 4096, 4096, 4096, 4096, 4096, 4096, 4096, 4096]",8fc7b962-95e1-3cb8-6a7d-b499de9ad546,8801,Cardinals,Cardinals
football,nfl,22,Arizona Cardinals,ARI,ARI,ffffff,a40227,Arizona,Cardinals,arizona-cardinals,s:20~l:28~t:22,"[500, 500, 500, 500, 500, 4096, 4096, 4096, 4096, 4096, 4096, 4096, 4096, 4096, 4096, 4096, 4096]","[""https://a.espncdn.com/i/teamlogos/nfl/500/ari.png"", ""https://a.espncdn.com/i/teamlogos/nfl/500-dark/ari.png"", ""https://a.espncdn.com/i/teamlogos/nfl/500/scoreboard/ari.png"", ""https://a.espncdn.com/i/teamlogos/nfl/500-dark/scoreboard/ari.png"", ""https://a.espncdn.com/guid/d1a9b001-1df7-fbd7-ae4c-6ca7065286ec/logos/grayscale.png"", ""https://a.espncdn.com/guid/d1a9b001-1df7-fbd7-ae4c-6ca7065286ec/logos/primary_logo_on_white_color.png"", ""https://a.espncdn.com/guid/d1a9b001-1df7-fbd7-ae4c-6ca7065286ec/logos/primary_logo_on_black_color.png"", ""https://a.espncdn.com/guid/d1a9b001-1df7-fbd7-ae4c-6ca7065286ec/logos/primary_logo_on_primary_color.png"", ""https://a.espncdn.com/guid/d1a9b001-1df7-fbd7-ae4c-6ca7065286ec/logos/primary_logo_on_secondary_color.png"", ""https://a.espncdn.com/guid/d1a9b001-1df7-fbd7-ae4c-6ca7065286ec/logos/primary_logo_black.png"", ""https://a.espncdn.com/guid/d1a9b001-1df7-fbd7-ae4c-6ca7065286ec/logos/primary_logo_white.png"", ""https://a.espncdn.com/guid/d1a9b001-1df7-fbd7-ae4c-6ca7065286ec/logos/secondary_logo_on_white_color.png"", ""https://a.espncdn.com/guid/d1a9b001-1df7-fbd7-ae4c-6ca7065286ec/logos/secondary_logo_on_black_color.png"", ""https://a.espncdn.com/guid/d1a9b001-1df7-fbd7-ae4c-6ca7065286ec/logos/secondary_logo_on_primary_color.png"", ""https://a.espncdn.com/guid/d1a9b001-1df7-fbd7-ae4c-6ca7065286ec/logos/secondary_logo_on_secondary_color.png"", ""https://a.espncdn.com/guid/d1a9b001-1df7-fbd7-ae4c-6ca7065286ec/logos/secondary_logo_black.png"", ""https://a.espncdn.com/guid/d1a9b001-1df7-fbd7-ae4c-6ca7065286ec/logos/secondary_logo_white.png""]","[[""full"", ""default""], [""full"", ""dark""], [""full"", ""scoreboard""], [""full"", ""scoreboard"", ""dark""], [""full"", ""grayscale""], [""full"", ""primary_logo_on_white_color""], [""full"", ""primary_logo_on_black_color""], [""full"", ""primary_logo_on_primary_color""], [""full"", ""primary_logo_on_secondary_color""], [""full"", ""primary_logo_black""], [""full"", ""primary_logo_white""], [""full"", ""secondary_logo_on_white_color""], [""full"", ""secondary_logo_on_black_color""], [""full"", ""secondary_logo_on_primary_color""], [""full"", ""secondary_logo_on_secondary_color""], [""full"", ""secondary_logo_black""], [""full"", ""secondary_logo_white""]]","[500, 500, 500, 500, 500, 4096, 4096, 4096, 4096, 4096, 4096, 4096, 4096, 4096, 4096, 4096, 4096]",8fc7b962-95e1-3cb8-6a7d-b499de9ad546,8801,Cardinals,Cardinals
football,nfl,22,Arizona Cardinals,ARI,Arizona Cardinals,ffffff,a40227,Arizona,Cardinals,arizona-cardinals,s:20~l:28~t:22,"[500, 500, 500, 500, 500, 4096, 4096, 4096, 4096, 4096, 4096, 4096, 4096, 4096, 4096, 4096, 4096]","[""https://a.espncdn.com/i/teamlogos/nfl/500/ari.png"", ""https://a.espncdn.com/i/teamlogos/nfl/500-dark/ari.png"", ""https://a.espncdn.com/i/teamlogos/nfl/500/scoreboard/ari.png"", ""https://a.espncdn.com/i/teamlogos/nfl/500-dark/scoreboard/ari.png"", ""https://a.espncdn.com/guid/d1a9b001-1df7-fbd7-ae4c-6ca7065286ec/logos/grayscale.png"", ""https://a.espncdn.com/guid/d1a9b001-1df7-fbd7-ae4c-6ca7065286ec/logos/primary_logo_on_white_color.png"", ""https://a.espncdn.com/guid/d1a9b001-1df7-fbd7-ae4c-6ca7065286ec/logos/primary_logo_on_black_color.png"", ""https://a.espncdn.com/guid/d1a9b001-1df7-fbd7-ae4c-6ca7065286ec/logos/primary_logo_on_primary_color.png"", ""https://a.espncdn.com/guid/d1a9b001-1df7-fbd7-ae4c-6ca7065286ec/logos/primary_logo_on_secondary_color.png"", ""https://a.espncdn.com/guid/d1a9b001-1df7-fbd7-ae4c-6ca7065286ec/logos/primary_logo_black.png"", ""https://a.espncdn.com/guid/d1a9b001-1df7-fbd7-ae4c-6ca7065286ec/logos/primary_logo_white.png"", ""https://a.espncdn.com/guid/d1a9b001-1df7-fbd7-ae4c-6ca7065286ec/logos/secondary_logo_on_white_color.png"", ""https://a.espncdn.com/guid/d1a9b001-1df7-fbd7-ae4c-6ca7065286ec/logos/secondary_logo_on_black_color.png"", ""https://a.espncdn.com/guid/d1a9b001-1df7-fbd7-ae4c-6ca7065286ec/logos/secondary_logo_on_primary_color.png"", ""https://a.espncdn.com/guid/d1a9b001-1df7-fbd7-ae4c-6ca7065286ec/logos/secondary_logo_on_secondary_color.png"", ""https://a.espncdn.com/guid/d1a9b001-1df7-fbd7-ae4c-6ca7065286ec/logos/secondary_logo_black.png"", ""https://a.espncdn.com/guid/d1a9b001-1df7-fbd7-ae4c-6ca7065286ec/logos/secondary_logo_white.png""]","[[""full"", ""default""], [""full"", ""dark""], [""full"", ""scoreboard""], [""full"", ""scoreboard"", ""dark""], [""full"", ""grayscale""], [""full"", ""primary_logo_on_white_color""], [""full"", ""primary_logo_on_black_color""], [""full"", ""primary_logo_on_primary_color""], [""full"", ""primary_logo_on_secondary_color""], [""full"", ""primary_logo_black""], [""full"", ""primary_logo_white""], [""full"", ""secondary_logo_on_white_color""], [""full"", ""secondary_logo_on_black_color""], [""full"", ""secondary_logo_on_primary_color""], [""full"", ""secondary_logo_on_secondary_color""], [""full"", ""secondary_logo_black""], [""full"", ""secondary_logo_white""]]","[500, 500, 500, 500, 500, 4096, 4096, 4096, 4096, 4096, 4096, 4096, 4096, 4096, 4096, 4096, 4096]",8fc7b962-95e1-3cb8-6a7d-b499de9ad546,8801,Cardinals,Cardinals
football,nfl,22,Arizona Cardinals,ARI,Cardinals,ffffff,a40227,Arizona,Cardinals,arizona-cardinals,s:20~l:28~t:22,"[500, 500, 500, 500, 500, 4096, 4096, 4096, 4096, 4096, 4096, 4096, 4096, 4096, 4096, 4096, 4096]","[""https://a.espncdn.com/i/teamlogos/nfl/500/ari.png"", ""https://a.espncdn.com/i/teamlogos/nfl/500-dark/ari.png"", ""https://a.espncdn.com/i/teamlogos/nfl/500/scoreboard/ari.png"", ""https://a.espncdn.com/i/teamlogos/nfl/500-dark/scoreboard/ari.png"", ""https://a.espncdn.com/guid/d1a9b001-1df7-fbd7-ae4c-6ca7065286ec/logos/grayscale.png"", ""https://a.espncdn.com/guid/d1a9b001-1df7-fbd7-ae4c-6ca7065286ec/logos/primary_logo_on_white_color.png"", ""https://a.espncdn.com/guid/d1a9b001-1df7-fbd7-ae4c-6ca7065286ec/logos/primary_logo_on_black_color.png"", ""https://a.espncdn.com/guid/d1a9b001-1df7-fbd7-ae4c-6ca7065286ec/logos/primary_logo_on_primary_color.png"", ""https://a.espncdn.com/guid/d1a9b001-1df7-fbd7-ae4c-6ca7065286ec/logos/primary_logo_on_secondary_color.png"", ""https://a.espncdn.com/guid/d1a9b001-1df7-fbd7-ae4c-6ca7065286ec/logos/primary_logo_black.png"", ""https://a.espncdn.com/guid/d1a9b001-1df7-fbd7-ae4c-6ca7065286ec/logos/primary_logo_white.png"", ""https://a.espncdn.com/guid/d1a9b001-1df7-fbd7-ae4c-6ca7065286ec/logos/secondary_logo_on_white_color.png"", ""https://a.espncdn.com/guid/d1a9b001-1df7-fbd7-ae4c-6ca7065286ec/logos/secondary_logo_on_black_color.png"", ""https://a.espncdn.com/guid/d1a9b001-1df7-fbd7-ae4c-6ca7065286ec/logos/secondary_logo_on_primary_color.png"", ""https://a.espncdn.com/guid/d1a9b001-1df7-fbd7-ae4c-6ca7065286ec/logos/secondary_logo_on_secondary_color.png"", ""https://a.espncdn.com/guid/d1a9b001-1df7-fbd7-ae4c-6ca7065286ec/logos/secondary_logo_black.png"", ""https://a.espncdn.com/guid/d1a9b001-1df7-fbd7-ae4c-6ca7065286ec/logos/secondary_logo_white.png""]","[[""full"", ""default""], [""full"", ""dark""], [""full"", ""scoreboard""], [""full"", ""scoreboard"", ""dark""], [""full"", ""grayscale""], [""full"", ""primary_logo_on_white_color""], [""full"", ""primary_logo_on_black_color""], [""full"", ""primary_logo_on_primary_color""], [""full"", ""primary_logo_on_secondary_color""], [""full"", ""primary_logo_black""], [""full"", ""primary_logo_white""], [""full"", ""secondary_logo_on_white_color""], [""full"", ""secondary_logo_on_black_color""], [""full"", ""secondary_logo_on_primary_color""], [""full"", ""secondary_logo_on_secondary_color""], [""full"", ""secondary_logo_black""], [""full"", ""secondary_logo_white""]]","[500, 500, 500, 500, 500, 4096, 4096, 4096, 4096, 4096, 4096, 4096, 4096, 4096, 4096, 4096, 4096]",8fc7b962-95e1-3cb8-6a7d-b499de9ad546,8801,Cardinals,Cardinals
football,nfl,22,Arizona Cardinals,ARI,arizona-cardinals,ffffff,a40227,Arizona,Cardinals,arizona-cardinals,s:20~l:28~t:22,"[500, 500, 500, 500, 500, 4096, 4096, 4096, 4096, 4096, 4096, 4096, 4096, 4096, 4096, 4096, 4096]","[""https://a.espncdn.com/i/teamlogos/nfl/500/ari.png"", ""https://a.espncdn.com/i/teamlogos/nfl/500-dark/ari.png"", ""https://a.espncdn.com/i/teamlogos/nfl/500/scoreboard/ari.png"", ""https://a.espncdn.com/i/teamlogos/nfl/500-dark/scoreboard/ari.png"", ""https://a.espncdn.com/guid/d1a9b001-1df7-fbd7-ae4c-6ca7065286ec/logos/grayscale.png"", ""https://a.espncdn.com/guid/d1a9b001-1df7-fbd7-ae4c-6ca7065286ec/logos/primary_logo_on_white_color.png"", ""https://a.espncdn.com/guid/d1a9b001-1df7-fbd7-ae4c-6ca7065286ec/logos/primary_logo_on_black_color.png"", ""https://a.espncdn.com/guid/d1a9b001-1df7-fbd7-ae4c-6ca7065286ec/logos/primary_logo_on_primary_color.png"", ""https://a.espncdn.com/guid/d1a9b001-1df7-fbd7-ae4c-6ca7065286ec/logos/primary_logo_on_secondary_color.png"", ""https://a.espncdn.com/guid/d1a9b001-1df7-fbd7-ae4c-6ca7065286ec/logos/primary_logo_black.png"", ""https://a.espncdn.com/guid/d1a9b001-1df7-fbd7-ae4c-6ca7065286ec/logos/primary_logo_white.png"", ""https://a.espncdn.com/guid/d1a9b001-1df7-fbd7-ae4c-6ca7065286ec/logos/secondary_logo_on_white_color.png"", ""https://a.espncdn.com/guid/d1a9b001-1df7-fbd7-ae4c-6ca7065286ec/logos/secondary_logo_on_black_color.png"", ""https://a.espncdn.com/guid/d1a9b001-1df7-fbd7-ae4c-6ca7065286ec/logos/secondary_logo_on_primary_color.png"", ""https://a.espncdn.com/guid/d1a9b001-1df7-fbd7-ae4c-6ca7065286ec/logos/secondary_logo_on_secondary_color.png"", ""https://a.espncdn.com/guid/d1a9b001-1df7-fbd7-ae4c-6ca7065286ec/logos/secondary_logo_black.png"", ""https://a.espncdn.com/guid/d1a9b001-1df7-fbd7-ae4c-6ca7065286ec/logos/secondary_logo_white.png""]","[[""full"", ""default""], [""full"", ""dark""], [""full"", ""scoreboard""], [""full"", ""scoreboard"", ""dark""], [""full"", ""grayscale""], [""full"", ""primary_logo_on_white_color""], [""full"", ""primary_logo_on_black_color""], [""full"", ""primary_logo_on_primary_color""], [""full"", ""primary_logo_on_secondary_color""], [""full"", ""primary_logo_black""], [""full"", ""primary_logo_white""], [""full"", ""secondary_logo_on_white_color""], [""full"", ""secondary_logo_on_black_color""], [""full"", ""secondary_logo_on_primary_color""], [""full"", ""secondary_logo_on_secondary_color""], [""full"", ""secondary_logo_black""], [""full"", ""secondary_logo_white""]]","[500, 500, 500, 500, 500, 4096, 4096, 4096, 4096, 4096, 4096, 4096, 4096, 4096, 4096, 4096, 4096]",8fc7b962-95e1-3cb8-6a7d-b499de9ad546,8801,Cardinals,Cardinals
football,nfl,1,Atlanta Falcons,ATL,1,000000,a71930,Atlanta,Falcons,atlanta-falcons,s:20~l:28~t:1,"[500, 500, 500, 500, 500, 4096, 4096, 4096, 4096, 4096, 4096, 4096, 4096, 4096, 4096, 4096, 4096]","[""https://a.espncdn.com/i/teamlogos/nfl/500/atl.png"", ""https://a.espncdn.com/i/teamlogos/nfl/500-dark/atl.png"", ""https://a.espncdn.com/i/teamlogos/nfl/500/scoreboard/atl.png"", ""https://a.espncdn.com/i/teamlogos/nfl/500-dark/scoreboard/atl.png"", ""https://a.espncdn.com/guid/595690b3-2161-4913-a7a7-814af2fd2621/logos/grayscale.png"", ""https://a.espncdn.com/guid/595690b3-2161-4913-a7a7-814af2fd2621/logos/primary_logo_on_white_color.png"", ""https://a.espncdn.com/guid/595690b3-2161-4913-a7a7-814af2fd2621/logos/primary_logo_on_black_color.png"", ""https://a.espncdn.com/guid/595690b3-2161-4913-a7a7-814af2fd2621/logos/primary_logo_on_primary_color.png"", ""https://a.espncdn.com/guid/595690b3-2161-4913-a7a7-814af2fd2621/logos/primary_logo_on_secondary_color.png"", ""https://a.espncdn.com/guid/595690b3-2161-4913-a7a7-814af2fd2621/logos/primary_logo_black.png"", ""https://a.espncdn.com/guid/595690b3-2161-4913-a7a7-814af2fd2621/logos/primary_logo_white.png"", ""https://a.espncdn.com/guid/595690b3-2161-4913-a7a7-814af2fd2621/logos/secondary_logo_on_white_color.png"", ""https://a.espncdn.com/guid/595690b3-2161-4913-a7a7-814af2fd2621/logos/secondary_logo_on_black_color.png"", ""https://a.espncdn.com/guid/595690b3-2161-4913-a7a7-814af2fd2621/logos/secondary_logo_on_primary_color.png"", ""https://a.espncdn.com/guid/595690b3-2161-4913-a7a7-814af2fd2621/logos/secondary_logo_on_secondary_color.png"", ""https://a.espncdn.com/guid/595690b3-2161-4913-a7a7-814af2fd2621/logos/secondary_logo_black.png"", ""https://a.espncdn.com/guid/595690b3-2161-4913-a7a7-814af2fd2621/logos/secondary_logo_white.png""]","[[""full"", ""default""], [""full"", ""dark""], [""full"", ""scoreboard""], [""full"", ""scoreboard"", ""dark""], [""full"", ""grayscale""], [""full"", ""primary_logo_on_white_color""], [""full"", ""primary_logo_on_black_color""], [""full"", ""primary_logo_on_primary_color""], [""full"", ""primary_logo_on_secondary_color""], [""full"", ""primary_logo_black""], [""full"", ""primary_logo_white""], [""full"", ""secondary_logo_on_white_color""], [""full"", ""secondary_logo_on_black_color""], [""full"", ""secondary_logo_on_primary_color""], [""full"", ""secondary_logo_on_secondary_color""], [""full"", ""secondary_logo_black""], [""full"", ""secondary_logo_white""]]","[500, 500, 500, 500, 500, 4096, 4096, 4096, 4096, 4096, 4096, 4096, 4096, 4096, 4096, 4096, 4096]",49fd392a-86fe-4df3-1b77-9bbfa18b2ad5,8802,Falcons,Falcons
football,nfl,1,Atlanta Falcons,ATL,ATL,000000,a71930,Atlanta,Falcons,atlanta-falcons,s:20~l:28~t:1,"[500, 500, 500, 500, 500, 4096, 4096, 4096, 4096, 4096, 4096, 4096, 4096, 4096, 4096, 4096, 4096]","[""https://a.espncdn.com/i/teamlogos/nfl/500/atl.png"", ""https://a.espncdn.com/i/teamlogos/nfl/500-dark/atl.png"", ""https://a.espncdn.com/i/teamlogos/nfl/500/scoreboard/atl.png"", ""https://a.espncdn.com/i/teamlogos/nfl/500-dark/scoreboard/atl.png"", ""https://a.espncdn.com/guid/595690b3-2161-4913-a7a7-814af2fd2621/logos/grayscale.png"", ""https://a.espncdn.com/guid/595690b3-2161-4913-a7a7-814af2fd2621/logos/primary_logo_on_white_color.png"", ""https://a.espncdn.com/guid/595690b3-2161-4913-a7a7-814af2fd2621/logos/primary_logo_on_black_color.png"", ""https://a.espncdn.com/guid/595690b3-2161-4913-a7a7-814af2fd2621/logos/primary_logo_on_primary_color.png"", ""https://a.espncdn.com/guid/595690b3-2161-4913-a7a7-814af2fd2621/logos/primary_logo_on_secondary_color.png"", ""https://a.espncdn.com/guid/595690b3-2161-4913-a7a7-814af2fd2621/logos/primary_logo_black.png"", ""https://a.espncdn.com/guid/595690b3-2161-4913-a7a7-814af2fd2621/logos/primary_logo_white.png"", ""https://a.espncdn.com/guid/595690b3-2161-4913-a7a7-814af2fd2621/logos/secondary_logo_on_white_color.png"", ""https://a.espncdn.com/guid/595690b3-2161-4913-a7a7-814af2fd2621/logos/secondary_logo_on_black_color.png"", ""https://a.espncdn.com/guid/595690b3-2161-4913-a7a7-814af2fd2621/logos/secondary_logo_on_primary_color.png"", ""https://a.espncdn.com/guid/595690b3-2161-4913-a7a7-814af2fd2621/logos/secondary_logo_on_secondary_color.png"", ""https://a.espncdn.com/guid/595690b3-2161-4913-a7a7-814af2fd2621/logos/secondary_logo_black.png"", ""https://a.espncdn.com/guid/595690b3-2161-4913-a7a7-814af2fd2621/logos/secondary_logo_white.png""]","[[""full"", ""default""], [""full"", ""dark""], [""full"", ""scoreboard""], [""full"", ""scoreboard"", ""dark""], [""full"", ""grayscale""], [""full"", ""primary_logo_on_white_color""], [""full"", ""primary_logo_on_black_color""], [""full"", ""primary_logo_on_primary_color""], [""full"", ""primary_logo_on_secondary_color""], [""full"", ""primary_logo_black""], [""full"", ""primary_logo_white""], [""full"", ""secondary_logo_on_white_color""], [""full"", ""secondary_logo_on_black_color""], [""full"", ""secondary_logo_on_primary_color""], [""full"", ""secondary_logo_on_secondary_color""], [""full"", ""secondary_logo_black""], [""full"", ""secondary_logo_white""]]","[500, 500, 500, 500, 500, 4096, 4096, 4096, 4096, 4096, 4096, 4096, 4096, 4096, 4096, 4096, 4096]",49fd392a-86fe-4df3-1b77-9bbfa18b2ad5,8802,Falcons,Falcons
football,nfl,1,Atlanta Falcons,ATL,Atlanta Falcons,000000,a71930,Atlanta,Falcons,atlanta-falcons,s:20~l:28~t:1,"[500, 500, 500, 500, 500, 4096, 4096, 4096, 4096, 4096, 4096, 4096, 4096, 4096, 4096, 4096, 4096]","[""https://a.espncdn.com/i/teamlogos/nfl/500/atl.png"", ""https://a.espncdn.com/i/teamlogos/nfl/500-dark/atl.png"", ""https://a.espncdn.com/i/teamlogos/nfl/500/scoreboard/atl.png"", ""https://a.espncdn.com/i/teamlogos/nfl/500-dark/scoreboard/atl.png"", ""https://a.espncdn.com/guid/595690b3-2161-4913-a7a7-814af2fd2621/logos/grayscale.png"", ""https://a.espncdn.com/guid/595690b3-2161-4913-a7a7-814af2fd2621/logos/primary_logo_on_white_color.png"", ""https://a.espncdn.com/guid/595690b3-2161-4913-a7a7-814af2fd2621/logos/primary_logo_on_black_color.png"", ""https://a.espncdn.com/guid/595690b3-2161-4913-a7a7-814af2fd2621/logos/primary_logo_on_primary_color.png"", ""https://a.espncdn.com/guid/595690b3-2161-4913-a7a7-814af2fd2621/logos/primary_logo_on_secondary_color.png"", ""https://a.espncdn.com/guid/595690b3-2161-4913-a7a7-814af2fd2621/logos/primary_logo_black.png"", ""https://a.espncdn.com/guid/595690b3-2161-4913-a7a7-814af2fd2621/logos/primary_logo_white.png"", ""https://a.espncdn.com/guid/595690b3-2161-4913-a7a7-814af2fd2621/logos/secondary_logo_on_white_color.png"", ""https://a.espncdn.com/guid/595690b3-2161-4913-a7a7-814af2fd2621/logos/secondary_logo_on_black_color.png"", ""https://a.espncdn.com/guid/595690b3-2161-4913-a7a7-814af2fd2621/logos/secondary_logo_on_primary_color.png"", ""https://a.espncdn.com/guid/595690b3-2161-4913-a7a7-814af2fd2621/logos/secondary_logo_on_secondary_color.png"", ""https://a.espncdn.com/guid/595690b3-2161-4913-a7a7-814af2fd2621/logos/secondary_logo_black.png"", ""https://a.espncdn.com/guid/595690b3-2161-4913-a7a7-814af2fd2621/logos/secondary_logo_white.png""]","[[""full"", ""default""], [""full"", ""dark""], [""full"", ""scoreboard""], [""full"", ""scoreboard"", ""dark""], [""full"", ""grayscale""], [""full"", ""primary_logo_on_white_color""], [""full"", ""primary_logo_on_black_color""], [""full"", ""primary_logo_on_primary_color""], [""full"", ""primary_logo_on_secondary_color""], [""full"", ""primary_logo_black""], [""full"", ""primary_logo_white""], [""full"", ""secondary_logo_on_white_color""], [""full"", ""secondary_logo_on_black_color""], [""full"", ""secondary_logo_on_primary_color""], [""full"", ""secondary_logo_on_secondary_color""], [""full"", ""secondary_logo_black""], [""full"", ""secondary_logo_white""]]","[500, 500, 500, 500, 500, 4096, 4096, 4096, 4096, 4096, 4096, 4096, 4096, 4096, 4096, 4096, 4096]",49fd392a-86fe-4df3-1b77-9bbfa18b2ad5,8802,Falcons,Falcons
football,nfl,1,Atlanta Falcons,ATL,Falcons,000000,a71930,Atlanta,Falcons,atlanta-falcons,s:20~l:28~t:1,"[500, 500, 500, 500, 500, 4096, 4096, 4096, 4096, 4096, 4096, 4096, 4096, 4096, 4096, 4096, 4096]","[""https://a.espncdn.com/i/teamlogos/nfl/500/atl.png"", ""https://a.espncdn.com/i/teamlogos/nfl/500-dark/atl.png"", ""https://a.espncdn.com/i/teamlogos/nfl/500/scoreboard/atl.png"", ""https://a.espncdn.com/i/teamlogos/nfl/500-dark/scoreboard/atl.png"", ""https://a.espncdn.com/guid/595690b3-2161-4913-a7a7-814af2fd2621/logos/grayscale.png"", ""https://a.espncdn.com/guid/595690b3-2161-4913-a7a7-814af2fd2621/logos/primary_logo_on_white_color.png"", ""https://a.espncdn.com/guid/595690b3-2161-4913-a7a7-814af2fd2621/logos/primary_logo_on_black_color.png"", ""https://a.espncdn.com/guid/595690b3-2161-4913-a7a7-814af2fd2621/logos/primary_logo_on_primary_color.png"", ""https://a.espncdn.com/guid/595690b3-2161-4913-a7a7-814af2fd2621/logos/primary_logo_on_secondary_color.png"", ""https://a.espncdn.com/guid/595690b3-2161-4913-a7a7-814af2fd2621/logos/primary_logo_black.png"", ""https://a.espncdn.com/guid/595690b3-2161-4913-a7a7-814af2fd2621/logos/primary_logo_white.png"", ""https://a.espncdn.com/guid/595690b3-2161-4913-a7a7-814af2fd2621/logos/secondary_logo_on_white_color.png"", ""https://a.espncdn.com/guid/595690b3-2161-4913-a7a7-814af2fd2621/logos/secondary_logo_on_black_color.png"", ""https://a.espncdn.com/guid/595690b3-2161-4913-a7a7-814af2fd2621/logos/secondary_logo_on_primary_color.png"", ""https://a.espncdn.com/guid/595690b3-2161-4913-a7a7-814af2fd2621/logos/secondary_logo_on_secondary_color.png"", ""https://a.espncdn.com/guid/595690b3-2161-4913-a7a7-814af2fd2621/logos/secondary_logo_black.png"", ""https://a.espncdn.com/guid/595690b3-2161-4913-a7a7-814af2fd2621/logos/secondary_logo_white.png""]","[[""full"", ""default""], [""full"", ""dark""], [""full"", ""scoreboard""], [""full"", ""scoreboard"", ""dark""], [""full"", ""grayscale""], [""full"", ""primary_logo_on_white_color""], [""full"", ""primary_logo_on_black_color""], [""full"", ""primary_logo_on_primary_color""], [""full"", ""primary_logo_on_secondary_color""], [""full"", ""primary_logo_black""], [""full"", ""primary_logo_white""], [""full"", ""secondary_logo_on_white_color""], [""full"", ""secondary_logo_on_black_color""], [""full"", ""secondary_logo_on_primary_color""], [""full"", ""secondary_logo_on_secondary_color""], [""full"", ""secondary_logo_black""], [""full"", ""secondary_logo_white""]]","[500, 500, 500, 500, 500, 4096, 4096, 4096, 4096, 4096, 4096, 4096, 4096, 4096, 4096, 4096, 4096]",49fd392a-86fe-4df3-1b77-9bbfa18b2ad5,8802,Falcons,Falcons
football,nfl,1,Atlanta Falcons,ATL,atlanta-falcons,000000,a71930,Atlanta,Falcons,atlanta-falcons,s:20~l:28~t:1,"[500, 500, 500, 500, 500, 4096, 4096, 4096, 4096, 4096, 4096, 4096, 4096, 4096, 4096, 4096, 4096]","[""https://a.espncdn.com/i/teamlogos/nfl/500/atl.png"", ""https://a.espncdn.com/i/teamlogos/nfl/500-dark/atl.png"", ""https://a.espncdn.com/i/teamlogos/nfl/500/scoreboard/atl.png"", ""https://a.espncdn.com/i/teamlogos/nfl/500-dark/scoreboard/atl.png"", ""https://a.espncdn.com/guid/595690b3-2161-4913-a7a7-814af2fd2621/logos/grayscale.png"", ""https://a.espncdn.com/guid/595690b3-2161-4913-a7a7-814af2fd2621/logos/primary_logo_on_white_color.png"", ""https://a.espncdn.com/guid/595690b3-2161-4913-a7a7-814af2fd2621/logos/primary_logo_on_black_color.png"", ""https://a.espncdn.com/guid/595690b3-2161-4913-a7a7-814af2fd2621/logos/primary_logo_on_primary_color.png"", ""https://a.espncdn.com/guid/595690b3-2161-4913-a7a7-814af2fd2621/logos/primary_logo_on_secondary_color.png"", ""https://a.espncdn.com/guid/595690b3-2161-4913-a7a7-814af2fd2621/logos/primary_logo_black.png"", ""https://a.espncdn.com/guid/595690b3-2161-4913-a7a7-814af2fd2621/logos/primary_logo_white.png"", ""https://a.espncdn.com/guid/595690b3-2161-4913-a7a7-814af2fd2621/logos/secondary_logo_on_white_color.png"", ""https://a.espncdn.com/guid/595690b3-2161-4913-a7a7-814af2fd2621/logos/secondary_logo_on_black_color.png"", ""https://a.espncdn.com/guid/595690b3-2161-4913-a7a7-814af2fd2621/logos/secondary_logo_on_primary_color.png"", ""https://a.espncdn.com/guid/595690b3-2161-4913-a7a7-814af2fd2621/logos/secondary_logo_on_secondary_color.png"", ""https://a.espncdn.com/guid/595690b3-2161-4913-a7a7-814af2fd2621/logos/secondary_logo_black.png"", ""https://a.espncdn.com/guid/595690b3-2161-4913-a7a7-814af2fd2621/logos/secondary_logo_white.png""]","[[""full"", ""default""], [""full"", ""dark""], [""full"", ""scoreboard""], [""full"", ""scoreboard"", ""dark""], [""full"", ""grayscale""], [""full"", ""primary_logo_on_white_color""], [""full"", ""primary_logo_on_black_color""], [""full"", ""primary_logo_on_primary_color""], [""full"", ""primary_logo_on_secondary_color""], [""full"", ""primary_logo_black""], [""full"", ""primary_logo_white""], [""full"", ""secondary_logo_on_white_color""], [""full"", ""secondary_logo_on_black_color""], [""full"", ""secondary_logo_on_primary_color""], [""full"", ""secondary_logo_on_secondary_color""], [""full"", ""secondary_logo_black""], [""full"", ""secondary_logo_white""]]","[500, 500, 500, 500, 500, 4096, 4096, 4096, 4096, 4096, 4096, 4096, 4096, 4096, 4096, 4096, 4096]",49fd392a-86fe-4df3-1b77-9bbfa18b2ad5,8802,Falcons,Falcons
football,nfl,33,Baltimore Ravens,BAL,33,000000,29126f,Baltimore,Ravens,baltimore-ravens,s:20~l:28~t:33,"[500, 500, 500, 500, 500, 4096, 4096, 4096, 4096, 4096, 4096, 4096, 4096, 4096, 4096, 4096, 4096]","[""https://a.espncdn.com/i/teamlogos/nfl/500/bal.png"", ""https://a.espncdn.com/i/teamlogos/nfl/500-dark/bal.png"", ""https://a.espncdn.com/i/teamlogos/nfl/500/scoreboard/bal.png"", ""https://a.espncdn.com/i/teamlogos/nfl/500-dark/scoreboard/bal.png"", ""https://a.espncdn.com/guid/ca6fb778-cbf6-d9a3-3e93-01230335fcab/logos/grayscale.png"", ""https://a.espncdn.com/guid/ca6fb778-cbf6-d9a3-3e93-01230335fcab/logos/primary_logo_on_white_color.png"", ""https://a.espncdn.com/guid/ca6fb778-cbf6-d9a3-3e93-01230335fcab/logos/primary_logo_on_black_color.png"", ""https://a.espncdn.com/guid/ca6fb778-cbf6-d9a3-3e93-01230335fcab/logos/primary_logo_on_primary_color.png"", ""https://a.espncdn.com/guid/ca6fb778-cbf6-d9a3-3e93-01230335fcab/logos/primary_logo_on_secondary_color.png"", ""https://a.espncdn.com/guid/ca6fb778-cbf6-d9a3-3e93-01230335fcab/logos/primary_logo_black.png"", ""https://a.espncdn.com/guid/ca6fb778-cbf6-d9a3-3e93-01230335fcab/logos/primary_logo_white.png"", ""https://a.espncdn.com/guid/ca6fb778-cbf6-d9a3-3e93-01230335fcab/logos/secondary_logo_on_white_color.png"", ""https://a.espncdn.com/guid/ca6fb778-cbf6-d9a3-3e93-01230335fcab/logos/secondary_logo_on_black_color.png"", ""https://a.espncdn.com/guid/ca6fb778-cbf6-d9a3-3e93-01230335fcab/logos/secondary_logo_on_primary_color.png"", ""https://a.espncdn.com/guid/ca6fb778-cbf6-d9a3-3e93-01230335fcab/logos/secondary_logo_on_secondary_color.png"", ""https://a.espncdn.com/guid/ca6fb778-cbf6-d9a3-3e93-01230335fcab/logos/secondary_logo_black.png"", ""https://a.espncdn.com/guid/ca6fb778-cbf6-d9a3-3e93-01230335fcab/logos/secondary_logo_white.png""]","[[""full"", ""default""], [""full"", ""dark""], [""full"", ""scoreboard""], [""full"", ""scoreboard"", ""dark""], [""full"", ""grayscale""], [""full"", ""primary_logo_on_white_color""], [""full"", ""primary_logo_on_black_color""], [""full"", ""primary_logo_on_primary_color""], [""full"", ""primary_logo_on_secondary_color""], [""full"", ""primary_logo_black""], [""full"", ""primary_logo_white""], [""full"", ""secondary_logo_on_white_color""], [""full"", ""secondary_logo_on_black_color""], [""full"", ""secondary_logo_on_primary_color""], [""full"", ""secondary_logo_on_secondary_color""], [""full"", ""secondary_logo_black""], [""full"", ""secondary_logo_white""]]","[500, 500, 500, 500, 500, 4096, 4096, 4096, 4096, 4096, 4096, 4096, 4096, 4096, 4096, 4096, 4096]",38248455-3da4-84e4-8090-98b5cc38ffdc,8803,Ravens,Ravens
football,nfl,33,Baltimore Ravens,BAL,BAL,000000,29126f,Baltimore,Ravens,baltimore-ravens,s:20~l:28~t:33,"[500, 500, 500, 500, 500, 4096, 4096, 4096, 4096, 4096, 4096, 4096, 4096, 4096, 4096, 4096, 4096]","[""https://a.espncdn.com/i/teamlogos/nfl/500/bal.png"", ""https://a.espncdn.com/i/teamlogos/nfl/500-dark/bal.png"", ""https://a.espncdn.com/i/teamlogos/nfl/500/scoreboard/bal.png"", ""https://a.espncdn.com/i/teamlogos/nfl/500-dark/scoreboard/bal.png"", ""https://a.espncdn.com/guid/ca6fb778-cbf6-d9a3-3e93-01230335fcab/logos/grayscale.png"", ""https://a.espncdn.com/guid/ca6fb778-cbf6-d9a3-3e93-01230335fcab/logos/primary_logo_on_white_color.png"", ""https://a.espncdn.com/guid/ca6fb778-cbf6-d9a3-3e93-01230335fcab/logos/primary_logo_on_black_color.png"", ""https://a.espncdn.com/guid/ca6fb778-cbf6-d9a3-3e93-01230335fcab/logos/primary_logo_on_primary_color.png"", ""https://a.espncdn.com/guid/ca6fb778-cbf6-d9a3-3e93-01230335fcab/logos/primary_logo_on_secondary_color.png"", ""https://a.espncdn.com/guid/ca6fb778-cbf6-d9a3-3e93-01230335fcab/logos/primary_logo_black.png"", ""https://a.espncdn.com/guid/ca6fb778-cbf6-d9a3-3e93-01230335fcab/logos/primary_logo_white.png"", ""https://a.espncdn.com/guid/ca6fb778-cbf6-d9a3-3e93-01230335fcab/logos/secondary_logo_on_white_color.png"", ""https://a.espncdn.com/guid/ca6fb778-cbf6-d9a3-3e93-01230335fcab/logos/secondary_logo_on_black_color.png"", ""https://a.espncdn.com/guid/ca6fb778-cbf6-d9a3-3e93-01230335fcab/logos/secondary_logo_on_primary_color.png"", ""https://a.espncdn.com/guid/ca6fb778-cbf6-d9a3-3e93-01230335fcab/logos/secondary_logo_on_secondary_color.png"", ""https://a.espncdn.com/guid/ca6fb778-cbf6-d9a3-3e93-01230335fcab/logos/secondary_logo_black.png"", ""https://a.espncdn.com/guid/ca6fb778-cbf6-d9a3-3e93-01230335fcab/logos/secondary_logo_white.png""]","[[""full"", ""default""], [""full"", ""dark""], [""full"", ""scoreboard""], [""full"", ""scoreboard"", ""dark""], [""full"", ""grayscale""], [""full"", ""primary_logo_on_white_color""], [""full"", ""primary_logo_on_black_color""], [""full"", ""primary_logo_on_primary_color""], [""full"", ""primary_logo_on_secondary_color""], [""full"", ""primary_logo_black""], [""full"", ""primary_logo_white""], [""full"", ""secondary_logo_on_white_color""], [""full"", ""secondary_logo_on_black_color""], [""full"", ""secondary_logo_on_primary_color""], [""full"", ""secondary_logo_on_secondary_color""], [""full"", ""secondary_logo_black""], [""full"", ""secondary_logo_white""]]","[500, 500, 500, 500, 500, 4096, 4096, 4096, 4096, 4096, 4096, 4096, 4096, 4096, 4096, 4096, 4096]",38248455-3da4-84e4-8090-98b5cc38ffdc,8803,Ravens,Ravens
football,nfl,33,Baltimore Ravens,BAL,Baltimore Ravens,000000,29126f,Baltimore,Ravens,baltimore-ravens,s:20~l:28~t:33,"[500, 500, 500, 500, 500, 4096, 4096, 4096, 4096, 4096, 4096, 4096, 4096, 4096, 4096, 4096, 4096]","[""https://a.espncdn.com/i/teamlogos/nfl/500/bal.png"", ""https://a.espncdn.com/i/teamlogos/nfl/500-dark/bal.png"", ""https://a.espncdn.com/i/teamlogos/nfl/500/scoreboard/bal.png"", ""https://a.espncdn.com/i/teamlogos/nfl/500-dark/scoreboard/bal.png"", ""https://a.espncdn.com/guid/ca6fb778-cbf6-d9a3-3e93-01230335fcab/logos/grayscale.png"", ""https://a.espncdn.com/guid/ca6fb778-cbf6-d9a3-3e93-01230335fcab/logos/primary_logo_on_white_color.png"", ""https://a.espncdn.com/guid/ca6fb778-cbf6-d9a3-3e93-01230335fcab/logos/primary_logo_on_black_color.png"", ""https://a.espncdn.com/guid/ca6fb778-cbf6-d9a3-3e93-01230335fcab/logos/primary_logo_on_primary_color.png"", ""https://a.espncdn.com/guid/ca6fb778-cbf6-d9a3-3e93-01230335fcab/logos/primary_logo_on_secondary_color.png"", ""https://a.espncdn.com/guid/ca6fb778-cbf6-d9a3-3e93-01230335fcab/logos/primary_logo_black.png"", ""https://a.espncdn.com/guid/ca6fb778-cbf6-d9a3-3e93-01230335fcab/logos/primary_logo_white.png"", ""https://a.espncdn.com/guid/ca6fb778-cbf6-d9a3-3e93-01230335fcab/logos/secondary_logo_on_white_color.png"", ""https://a.espncdn.com/guid/ca6fb778-cbf6-d9a3-3e93-01230335fcab/logos/secondary_logo_on_black_color.png"", ""https://a.espncdn.com/guid/ca6fb778-cbf6-d9a3-3e93-01230335fcab/logos/secondary_logo_on_primary_color.png"", ""https://a.espncdn.com/guid/ca6fb778-cbf6-d9a3-3e93-01230335fcab/logos/secondary_logo_on_secondary_color.png"", ""https://a.espncdn.com/guid/ca6fb778-cbf6-d9a3-3e93-01230335fcab/logos/secondary_logo_black.png"", ""https://a.espncdn.com/guid/ca6fb778-cbf6-d9a3-3e93-01230335fcab/logos/secondary_logo_white.png""]","[[""full"", ""default""], [""full"", ""dark""], [""full"", ""scoreboard""], [""full"", ""scoreboard"", ""dark""], [""full"", ""grayscale""], [""full"", ""primary_logo_on_white_color""], [""full"", ""primary_logo_on_black_color""], [""full"", ""primary_logo_on_primary_color""], [""full"", ""primary_logo_on_secondary_color""], [""full"", ""primary_logo_black""], [""full"", ""primary_logo_white""], [""full"", ""secondary_logo_on_white_color""], [""full"", ""secondary_logo_on_black_color""], [""full"", ""secondary_logo_on_primary_color""], [""full"", ""secondary_logo_on_secondary_color""], [""full"", ""secondary_logo_black""], [""full"", ""secondary_logo_white""]]","[500, 500, 500, 500, 500, 4096, 4096, 4096, 4096, 4096, 4096, 4096, 4096, 4096, 4096, 4096, 4096]",38248455-3da4-84e4-8090-98b5cc38ffdc,8803,Ravens,Ravens
football,nfl,33,Baltimore Ravens,BAL,Ravens,000000,29126f,Baltimore,Ravens,baltimore-ravens,s:20~l:28~t:33,"[500, 500, 500, 500, 500, 4096, 4096, 4096, 4096, 4096, 4096, 4096, 4096, 4096, 4096, 4096, 4096]","[""https://a.espncdn.com/i/teamlogos/nfl/500/bal.png"", ""https://a.espncdn.com/i/teamlogos/nfl/500-dark/bal.png"", ""https://a.espncdn.com/i/teamlogos/nfl/500/scoreboard/bal.png"", ""https://a.espncdn.com/i/teamlogos/nfl/500-dark/scoreboard/bal.png"", ""https://a.espncdn.com/guid/ca6fb778-cbf6-d9a3-3e93-01230335fcab/logos/grayscale.png"", ""https://a.espncdn.com/guid/ca6fb778-cbf6-d9a3-3e93-01230335fcab/logos/primary_logo_on_white_color.png"", ""https://a.espncdn.com/guid/ca6fb778-cbf6-d9a3-3e93-01230335fcab/logos/primary_logo_on_black_color.png"", ""https://a.espncdn.com/guid/ca6fb778-cbf6-d9a3-3e93-01230335fcab/logos/primary_logo_on_primary_color.png"", ""https://a.espncdn.com/guid/ca6fb778-cbf6-d9a3-3e93-01230335fcab/logos/primary_logo_on_secondary_color.png"", ""https://a.espncdn.com/guid/ca6fb778-cbf6-d9a3-3e93-01230335fcab/logos/primary_logo_black.png"", ""https://a.espncdn.com/guid/ca6fb778-cbf6-d9a3-3e93-01230335fcab/logos/primary_logo_white.png"", ""https://a.espncdn.com/guid/ca6fb778-cbf6-d9a3-3e93-01230335fcab/logos/secondary_logo_on_white_color.png"", ""https://a.espncdn.com/guid/ca6fb778-cbf6-d9a3-3e93-01230335fcab/logos/secondary_logo_on_black_color.png"", ""https://a.espncdn.com/guid/ca6fb778-cbf6-d9a3-3e93-01230335fcab/logos/secondary_logo_on_primary_color.png"", ""https://a.espncdn.com/guid/ca6fb778-cbf6-d9a3-3e93-01230335fcab/logos/secondary_logo_on_secondary_color.png"", ""https://a.espncdn.com/guid/ca6fb778-cbf6-d9a3-3e93-01230335fcab/logos/secondary_logo_black.png"", ""https://a.espncdn.com/guid/ca6fb778-cbf6-d9a3-3e93-01230335fcab/logos/secondary_logo_white.png""]","[[""full"", ""default""], [""full"", ""dark""], [""full"", ""scoreboard""], [""full"", ""scoreboard"", ""dark""], [""full"", ""grayscale""], [""full"", ""primary_logo_on_white_color""], [""full"", ""primary_logo_on_black_color""], [""full"", ""primary_logo_on_primary_color""], [""full"", ""primary_logo_on_secondary_color""], [""full"", ""primary_logo_black""], [""full"", ""primary_logo_white""], [""full"", ""secondary_logo_on_white_color""], [""full"", ""secondary_logo_on_black_color""], [""full"", ""secondary_logo_on_primary_color""], [""full"", ""secondary_logo_on_secondary_color""], [""full"", ""secondary_logo_black""], [""full"", ""secondary_logo_white""]]","[500, 500, 500, 500, 500, 4096, 4096, 4096, 4096, 4096, 4096, 4096, 4096, 4096, 4096, 4096, 4096]",38248455-3da4-84e4-8090-98b5cc38ffdc,8803,Ravens,Ravens
football,nfl,33,Baltimore Ravens,BAL,baltimore-ravens,000000,29126f,Baltimore,Ravens,baltimore-ravens,s:20~l:28~t:33,"[500, 500, 500, 500, 500, 4096, 4096, 4096, 4096, 4096, 4096, 4096, 4096, 4096, 4096, 4096, 4096]","[""https://a.espncdn.com/i/teamlogos/nfl/500/bal.png"", ""https://a.espncdn.com/i/teamlogos/nfl/500-dark/bal.png"", ""https://a.espncdn.com/i/teamlogos/nfl/500/scoreboard/bal.png"", ""https://a.espncdn.com/i/teamlogos/nfl/500-dark/scoreboard/bal.png"", ""https://a.espncdn.com/guid/ca6fb778-cbf6-d9a3-3e93-01230335fcab/logos/grayscale.png"", ""https://a.espncdn.com/guid/ca6fb778-cbf6-d9a3-3e93-01230335fcab/logos/primary_logo_on_white_color.png"", ""https://a.espncdn.com/guid/ca6fb778-cbf6-d9a3-3e93-01230335fcab/logos/primary_logo_on_black_color.png"", ""https://a.espncdn.com/guid/ca6fb778-cbf6-d9a3-3e93-01230335fcab/logos/primary_logo_on_primary_color.png"", ""https://a.espncdn.com/guid/ca6fb778-cbf6-d9a3-3e93-01230335fcab/logos/primary_logo_on_secondary_color.png"", ""https://a.espncdn.com/guid/ca6fb778-cbf6-d9a3-3e93-01230335fcab/logos/primary_logo_black.png"", ""https://a.espncdn.com/guid/ca6fb778-cbf6-d9a3-3e93-01230335fcab/logos/primary_logo_white.png"", ""https://a.espncdn.com/guid/ca6fb778-cbf6-d9a3-3e93-01230335fcab/logos/secondary_logo_on_white_color.png"", ""https://a.espncdn.com/guid/ca6fb778-cbf6-d9a3-3e93-01230335fcab/logos/secondary_logo_on_black_color.png"", ""https://a.espncdn.com/guid/ca6fb778-cbf6-d9a3-3e93-01230335fcab/logos/secondary_logo_on_primary_color.png"", ""https://a.espncdn.com/guid/ca6fb778-cbf6-d9a3-3e93-01230335fcab/logos/secondary_logo_on_secondary_color.png"", ""https://a.espncdn.com/guid/ca6fb778-cbf6-d9a3-3e93-01230335fcab/logos/secondary_logo_black.png"", ""https://a.espncdn.com/guid/ca6fb778-cbf6-d9a3-3e93-01230335fcab/logos/secondary_logo_white.png""]","[[""full"", ""default""], [""full"", ""dark""], [""full"", ""scoreboard""], [""full"", ""scoreboard"", ""dark""], [""full"", ""grayscale""], [""full"", ""primary_logo_on_white_color""], [""full"", ""primary_logo_on_black_color""], [""full"", ""primary_logo_on_primary_color""], [""full"", ""primary_logo_on_secondary_color""], [""full"", ""primary_logo_black""], [""full"", ""primary_logo_white""], [""full"", ""secondary_logo_on_white_color""], [""full"", ""secondary_logo_on_black_color""], [""full"", ""secondary_logo_on_primary_color""], [""full"", ""secondary_logo_on_secondary_color""], [""full"", ""secondary_logo_black""], [""full"", ""secondary_logo_white""]]","[500, 500, 500, 500, 500, 4096, 4096, 4096, 4096, 4096, 4096, 4096, 4096, 4096, 4096, 4096, 4096]",38248455-3da4-84e4-8090-98b5cc38ffdc,8803,Ravens,Ravens
football,nfl,2,Buffalo Bills,BUF,2,d50a0a,00338d,Buffalo,Bills,buffalo-bills,s:20~l:28~t:2,"[500, 500, 500, 500, 500, 4096, 4096, 4096, 4096, 4096, 4096, 4096, 4096, 4096, 4096, 4096, 4096]","[""https://a.espncdn.com/i/teamlogos/nfl/500/buf.png"", ""https://a.espncdn.com/i/teamlogos/nfl/500-dark/buf.png"", ""https://a.espncdn.com/i/teamlogos/nfl/500/scoreboard/buf.png"", ""https://a.espncdn.com/i/teamlogos/nfl/500-dark/scoreboard/buf.png"", ""https://a.espncdn.com/guid/49fd392a-86fe-4df3-1b77-9bbfa18b2ad5/logos/grayscale.png"", ""https://a.espncdn.com/guid/49fd392a-86fe-4df3-1b77-9bbfa18b2ad5/logos/primary_logo_on_white_color.png"", ""https://a.espncdn.com/guid/49fd392a-86fe-4df3-1b77-9bbfa18b2ad5/logos/primary_logo_on_black_color.png"", ""https://a.espncdn.com/guid/49fd392a-86fe-4df3-1b77-9bbfa18b2ad5/logos/primary_logo_on_primary_color.png"", ""https://a.espncdn.com/guid/49fd392a-86fe-4df3-1b77-9bbfa18b2ad5/logos/primary_logo_on_secondary_color.png"", ""https://a.espncdn.com/guid/49fd392a-86fe-4df3-1b77-9bbfa18b2ad5/logos/primary_logo_black.png"", ""https://a.espncdn.com/guid/49fd392a-86fe-4df3-1b77-9bbfa18b2ad5/logos/primary_logo_white.png"", ""https://a.espncdn.com/guid/49fd392a-86fe-4df3-1b77-9bbfa18b2ad5/logos/secondary_logo_on_white_color.png"", ""https://a.espncdn.com/guid/49fd392a-86fe-4df3-1b77-9bbfa18b2ad5/logos/secondary_logo_on_black_color.png"", ""https://a.espncdn.com/guid/49fd392a-86fe-4df3-1b77-9bbfa18b2ad5/logos/secondary_logo_on_primary_color.png"", ""https://a.espncdn.com/guid/49fd392a-86fe-4df3-1b77-9bbfa18b2ad5/logos/secondary_logo_on_secondary_color.png"", ""https://a.espncdn.com/guid/49fd392a-86fe-4df3-1b77-9bbfa18b2ad5/logos/secondary_logo_black.png"", ""https://a.espncdn.com/guid/49fd392a-86fe-4df3-1b77-9bbfa18b2ad5/logos/secondary_logo_white.png""]","[[""full"", ""default""], [""full"", ""dark""], [""full"", ""scoreboard""], [""full"", ""scoreboard"", ""dark""], [""full"", ""grayscale""], [""full"", ""primary_logo_on_white_color""], [""full"", ""primary_logo_on_black_color""], [""full"", ""primary_logo_on_primary_color""], [""full"", ""primary_logo_on_secondary_color""], [""full"", ""primary_logo_black""], [""full"", ""primary_logo_white""], [""full"", ""secondary_logo_on_white_color""], [""full"", ""secondary_logo_on_black_color""], [""full"", ""secondary_logo_on_primary_color""], [""full"", ""secondary_logo_on_secondary_color""], [""full"", ""secondary_logo_black""], [""full"", ""secondary_logo_white""]]","[500, 500, 500, 500, 500, 4096, 4096, 4096, 4096, 4096, 4096, 4096, 4096, 4096, 4096, 4096, 4096]",232afaf2-01ac-fcc2-8bd6-66550df1703a,8804,Bills,Bills
football,nfl,2,Buffalo Bills,BUF,BUF,d50a0a,00338d,Buffalo,Bills,buffalo-bills,s:20~l:28~t:2,"[500, 500, 500, 500, 500, 4096, 4096, 4096, 4096, 4096, 4096, 4096, 4096, 4096, 4096, 4096, 4096]","[""https://a.espncdn.com/i/teamlogos/nfl/500/buf.png"", ""https://a.espncdn.com/i/teamlogos/nfl/500-dark/buf.png"", ""https://a.espncdn.com/i/teamlogos/nfl/500/scoreboard/buf.png"", ""https://a.espncdn.com/i/teamlogos/nfl/500-dark/scoreboard/buf.png"", ""https://a.espncdn.com/guid/49fd392a-86fe-4df3-1b77-9bbfa18b2ad5/logos/grayscale.png"", ""https://a.espncdn.com/guid/49fd392a-86fe-4df3-1b77-9bbfa18b2ad5/logos/primary_logo_on_white_color.png"", ""https://a.espncdn.com/guid/49fd392a-86fe-4df3-1b77-9bbfa18b2ad5/logos/primary_logo_on_black_color.png"", ""https://a.espncdn.com/guid/49fd392a-86fe-4df3-1b77-9bbfa18b2ad5/logos/primary_logo_on_primary_color.png"", ""https://a.espncdn.com/guid/49fd392a-86fe-4df3-1b77-9bbfa18b2ad5/logos/primary_logo_on_secondary_color.png"", ""https://a.espncdn.com/guid/49fd392a-86fe-4df3-1b77-9bbfa18b2ad5/logos/primary_logo_black.png"", ""https://a.espncdn.com/guid/49fd392a-86fe-4df3-1b77-9bbfa18b2ad5/logos/primary_logo_white.png"", ""https://a.espncdn.com/guid/49fd392a-86fe-4df3-1b77-9bbfa18b2ad5/logos/secondary_logo_on_white_color.png"", ""https://a.espncdn.com/guid/49fd392a-86fe-4df3-1b77-9bbfa18b2ad5/logos/secondary_logo_on_black_color.png"", ""https://a.espncdn.com/guid/49fd392a-86fe-4df3-1b77-9bbfa18b2ad5/logos/secondary_logo_on_primary_color.png"", ""https://a.espncdn.com/guid/49fd392a-86fe-4df3-1b77-9bbfa18b2ad5/logos/secondary_logo_on_secondary_color.png"", ""https://a.espncdn.com/guid/49fd392a-86fe-4df3-1b77-9bbfa18b2ad5/logos/secondary_logo_black.png"", ""https://a.espncdn.com/guid/49fd392a-86fe-4df3-1b77-9bbfa18b2ad5/logos/secondary_logo_white.png""]","[[""full"", ""default""], [""full"", ""dark""], [""full"", ""scoreboard""], [""full"", ""scoreboard"", ""dark""], [""full"", ""grayscale""], [""full"", ""primary_logo_on_white_color""], [""full"", ""primary_logo_on_black_color""], [""full"", ""primary_logo_on_primary_color""], [""full"", ""primary_logo_on_secondary_color""], [""full"", ""primary_logo_black""], [""full"", ""primary_logo_white""], [""full"", ""secondary_logo_on_white_color""], [""full"", ""secondary_logo_on_black_color""], [""full"", ""secondary_logo_on_primary_color""], [""full"", ""secondary_logo_on_secondary_color""], [""full"", ""secondary_logo_black""], [""full"", ""secondary_logo_white""]]","[500, 500, 500, 500, 500, 4096, 4096, 4096, 4096, 4096, 4096, 4096, 4096, 4096, 4096, 4096, 4096]",232afaf2-01ac-fcc2-8bd6-66550df1703a,8804,Bills,Bills
football,nfl,2,Buffalo Bills,BUF,Buffalo Bills,d50a0a,00338d,Buffalo,Bills,buffalo-bills,s:20~l:28~t:2,"[500, 500, 500, 500, 500, 4096, 4096, 4096, 4096, 4096, 4096, 4096, 4096, 4096, 4096, 4096, 4096]","[""https://a.espncdn.com/i/teamlogos/nfl/500/buf.png"", ""https://a.espncdn.com/i/teamlogos/nfl/500-dark/buf.png"", ""https://a.espncdn.com/i/teamlogos/nfl/500/scoreboard/buf.png"", ""https://a.espncdn.com/i/teamlogos/nfl/500-dark/scoreboard/buf.png"", ""https://a.espncdn.com/guid/49fd392a-86fe-4df3-1b77-9bbfa18b2ad5/logos/grayscale.png"", ""https://a.espncdn.com/guid/49fd392a-86fe-4df3-1b77-9bbfa18b2ad5/logos/primary_logo_on_white_color.png"", ""https://a.espncdn.com/guid/49fd392a-86fe-4df3-1b77-9bbfa18b2ad5/logos/primary_logo_on_black_color.png"", ""https://a.espncdn.com/guid/49fd392a-86fe-4df3-1b77-9bbfa18b2ad5/logos/primary_logo_on_primary_color.png"", ""https://a.espncdn.com/guid/49fd392a-86fe-4df3-1b77-9bbfa18b2ad5/logos/primary_logo_on_secondary_color.png"", ""https://a.espncdn.com/guid/49fd392a-86fe-4df3-1b77-9bbfa18b2ad5/logos/primary_logo_black.png"", ""https://a.espncdn.com/guid/49fd392a-86fe-4df3-1b77-9bbfa18b2ad5/logos/primary_logo_white.png"", ""https://a.espncdn.com/guid/49fd392a-86fe-4df3-1b77-9bbfa18b2ad5/logos/secondary_logo_on_white_color.png"", ""https://a.espncdn.com/guid/49fd392a-86fe-4df3-1b77-9bbfa18b2ad5/logos/secondary_logo_on_black_color.png"", ""https://a.espncdn.com/guid/49fd392a-86fe-4df3-1b77-9bbfa18b2ad5/logos/secondary_logo_on_primary_color.png"", ""https://a.espncdn.com/guid/49fd392a-86fe-4df3-1b77-9bbfa18b2ad5/logos/secondary_logo_on_secondary_color.png"", ""https://a.espncdn.com/guid/49fd392a-86fe-4df3-1b77-9bbfa18b2ad5/logos/secondary_logo_black.png"", ""https://a.espncdn.com/guid/49fd392a-86fe-4df3-1b77-9bbfa18b2ad5/logos/secondary_logo_white.png""]","[[""full"", ""default""], [""full"", ""dark""], [""full"", ""scoreboard""], [""full"", ""scoreboard"", ""dark""], [""full"", ""grayscale""], [""full"", ""primary_logo_on_white_color""], [""full"", ""primary_logo_on_black_color""], [""full"", ""primary_logo_on_primary_color""], [""full"", ""primary_logo_on_secondary_color""], [""full"", ""primary_logo_black""], [""full"", ""primary_logo_white""], [""full"", ""secondary_logo_on_white_color""], [""full"", ""secondary_logo_on_black_color""], [""full"", ""secondary_logo_on_primary_color""], [""full"", ""secondary_logo_on_secondary_color""], [""full"", ""secondary_logo_black""], [""full"", ""secondary_logo_white""]]","[500, 500, 500, 500, 500, 4096, 4096, 4096, 4096, 4096, 4096, 4096, 4096, 4096, 4096, 4096, 4096]",232afaf2-01ac-fcc2-8bd6-66550df1703a,8804,Bills,Bills
football,nfl,2,Buffalo Bills,BUF,Bills,d50a0a,00338d,Buffalo,Bills,buffalo-bills,s:20~l:28~t:2,"[500, 500, 500, 500, 500, 4096, 4096, 4096, 4096, 4096, 4096, 4096, 4096, 4096, 4096, 4096, 4096]","[""https://a.espncdn.com/i/teamlogos/nfl/500/buf.png"", ""https://a.espncdn.com/i/teamlogos/nfl/500-dark/buf.png"", ""https://a.espncdn.com/i/teamlogos/nfl/500/scoreboard/buf.png"", ""https://a.espncdn.com/i/teamlogos/nfl/500-dark/scoreboard/buf.png"", ""https://a.espncdn.com/guid/49fd392a-86fe-4df3-1b77-9bbfa18b2ad5/logos/grayscale.png"", ""https://a.espncdn.com/guid/49fd392a-86fe-4df3-1b77-9bbfa18b2ad5/logos/primary_logo_on_white_color.png"", ""https://a.espncdn.com/guid/49fd392a-86fe-4df3-1b77-9bbfa18b2ad5/logos/primary_logo_on_black_color.png"", ""https://a.espncdn.com/guid/49fd392a-86fe-4df3-1b77-9bbfa18b2ad5/logos/primary_logo_on_primary_color.png"", ""https://a.espncdn.com/guid/49fd392a-86fe-4df3-1b77-9bbfa18b2ad5/logos/primary_logo_on_secondary_color.png"", ""https://a.espncdn.com/guid/49fd392a-86fe-4df3-1b77-9bbfa18b2ad5/logos/primary_logo_black.png"", ""https://a.espncdn.com/guid/49fd392a-86fe-4df3-1b77-9bbfa18b2ad5/logos/primary_logo_white.png"", ""https://a.espncdn.com/guid/49fd392a-86fe-4df3-1b77-9bbfa18b2ad5/logos/secondary_logo_on_white_color.png"", ""https://a.espncdn.com/guid/49fd392a-86fe-4df3-1b77-9bbfa18b2ad5/logos/secondary_logo_on_black_color.png"", ""https://a.espncdn.com/guid/49fd392a-86fe-4df3-1b77-9bbfa18b2ad5/logos/secondary_logo_on_primary_color.png"", ""https://a.espncdn.com/guid/49fd392a-86fe-4df3-1b77-9bbfa18b2ad5/logos/secondary_logo_on_secondary_color.png"", ""https://a.espncdn.com/guid/49fd392a-86fe-4df3-1b77-9bbfa18b2ad5/logos/secondary_logo_black.png"", ""https://a.espncdn.com/guid/49fd392a-86fe-4df3-1b77-9bbfa18b2ad5/logos/secondary_logo_white.png""]","[[""full"", ""default""], [""full"", ""dark""], [""full"", ""scoreboard""], [""full"", ""scoreboard"", ""dark""], [""full"", ""grayscale""], [""full"", ""primary_logo_on_white_color""], [""full"", ""primary_logo_on_black_color""], [""full"", ""primary_logo_on_primary_color""], [""full"", ""primary_logo_on_secondary_color""], [""full"", ""primary_logo_black""], [""full"", ""primary_logo_white""], [""full"", ""secondary_logo_on_white_color""], [""full"", ""secondary_logo_on_black_color""], [""full"", ""secondary_logo_on_primary_color""], [""full"", ""secondary_logo_on_secondary_color""], [""full"", ""secondary_logo_black""], [""full"", ""secondary_logo_white""]]","[500, 500, 500, 500, 500, 4096, 4096, 4096, 4096, 4096, 4096, 4096, 4096, 4096, 4096, 4096, 4096]",232afaf2-01ac-fcc2-8bd6-66550df1703a,8804,Bills,Bills
football,nfl,2,Buffalo Bills,BUF,buffalo-bills,d50a0a,00338d,Buffalo,Bills,buffalo-bills,s:20~l:28~t:2,"[500, 500, 500, 500, 500, 4096, 4096, 4096, 4096, 4096, 4096, 4096, 4096, 4096, 4096, 4096, 4096]","[""https://a.espncdn.com/i/teamlogos/nfl/500/buf.png"", ""https://a.espncdn.com/i/teamlogos/nfl/500-dark/buf.png"", ""https://a.espncdn.com/i/teamlogos/nfl/500/scoreboard/buf.png"", ""https://a.espncdn.com/i/teamlogos/nfl/500-dark/scoreboard/buf.png"", ""https://a.espncdn.com/guid/49fd392a-86fe-4df3-1b77-9bbfa18b2ad5/logos/grayscale.png"", ""https://a.espncdn.com/guid/49fd392a-86fe-4df3-1b77-9bbfa18b2ad5/logos/primary_logo_on_white_color.png"", ""https://a.espncdn.com/guid/49fd392a-86fe-4df3-1b77-9bbfa18b2ad5/logos/primary_logo_on_black_color.png"", ""https://a.espncdn.com/guid/49fd392a-86fe-4df3-1b77-9bbfa18b2ad5/logos/primary_logo_on_primary_color.png"", ""https://a.espncdn.com/guid/49fd392a-86fe-4df3-1b77-9bbfa18b2ad5/logos/primary_logo_on_secondary_color.png"", ""https://a.espncdn.com/guid/49fd392a-86fe-4df3-1b77-9bbfa18b2ad5/logos/primary_logo_black.png"", ""https://a.espncdn.com/guid/49fd392a-86fe-4df3-1b77-9bbfa18b2ad5/logos/primary_logo_white.png"", ""https://a.espncdn.com/guid/49fd392a-86fe-4df3-1b77-9bbfa18b2ad5/logos/secondary_logo_on_white_color.png"", ""https://a.espncdn.com/guid/49fd392a-86fe-4df3-1b77-9bbfa18b2ad5/logos/secondary_logo_on_black_color.png"", ""https://a.espncdn.com/guid/49fd392a-86fe-4df3-1b77-9bbfa18b2ad5/logos/secondary_logo_on_primary_color.png"", ""https://a.espncdn.com/guid/49fd392a-86fe-4df3-1b77-9bbfa18b2ad5/logos/secondary_logo_on_secondary_color.png"", ""https://a.espncdn.com/guid/49fd392a-86fe-4df3-1b77-9bbfa18b2ad5/logos/secondary_logo_black.png"", ""https://a.espncdn.com/guid/49fd392a-86fe-4df3-1b77-9bbfa18b2ad5/logos/secondary_logo_white.png""]","[[""full"", ""default""], [""full"", ""dark""], [""full"", ""scoreboard""], [""full"", ""scoreboard"", ""dark""], [""full"", ""grayscale""], [""full"", ""primary_logo_on_white_color""], [""full"", ""primary_logo_on_black_color""], [""full"", ""primary_logo_on_primary_color""], [""full"", ""primary_logo_on_secondary_color""], [""full"", ""primary_logo_black""], [""full"", ""primary_logo_white""], [""full"", ""secondary_logo_on_white_color""], [""full"", ""secondary_logo_on_black_color""], [""full"", ""secondary_logo_on_primary_color""], [""full"", ""secondary_logo_on_secondary_color""], [""full"", ""secondary_logo_black""], [""full"", ""secondary_logo_white""]]","[500, 500, 500, 500, 500, 4096, 4096, 4096, 4096, 4096, 4096, 4096, 4096, 4096, 4096, 4096, 4096]",232afaf2-01ac-fcc2-8bd6-66550df1703a,8804,Bills,Bills
football,nfl,29,Carolina Panthers,CAR,29,000000,0085ca,Carolina,Panthers,carolina-panthers,s:20~l:28~t:29,"[500, 500, 500, 500, 500, 4096, 4096, 4096, 4096, 4096, 4096, 4096, 4096, 4096, 4096, 4096, 4096]","[""https://a.espncdn.com/i/teamlogos/nfl/500/car.png"", ""https://a.espncdn.com/i/teamlogos/nfl/500-dark/car.png"", ""https://a.espncdn.com/i/teamlogos/nfl/500/scoreboard/car.png"", ""https://a.espncdn.com/i/teamlogos/nfl/500-dark/scoreboard/car.png"", ""https://a.espncdn.com/guid/fbeaf73e-6d6c-cca4-0809-713d9d741f90/logos/grayscale.png"", ""https://a.espncdn.com/guid/fbeaf73e-6d6c-cca4-0809-713d9d741f90/logos/primary_logo_on_white_color.png"", ""https://a.espncdn.com/guid/fbeaf73e-6d6c-cca4-0809-713d9d741f90/logos/primary_logo_on_black_color.png"", ""https://a.espncdn.com/guid/fbeaf73e-6d6c-cca4-0809-713d9d741f90/logos/primary_logo_on_primary_color.png"", ""https://a.espncdn.com/guid/fbeaf73e-6d6c-cca4-0809-713d9d741f90/logos/primary_logo_on_secondary_color.png"", ""https://a.espncdn.com/guid/fbeaf73e-6d6c-cca4-0809-713d9d741f90/logos/primary_logo_black.png"", ""https://a.espncdn.com/guid/fbeaf73e-6d6c-cca4-0809-713d9d741f90/logos/primary_logo_white.png"", ""https://a.espncdn.com/guid/fbeaf73e-6d6c-cca4-0809-713d9d741f90/logos/secondary_logo_on_white_color.png"", ""https://a.espncdn.com/guid/fbeaf73e-6d6c-cca4-0809-713d9d741f90/logos/secondary_logo_on_black_color.png"", ""https://a.espncdn.com/guid/fbeaf73e-6d6c-cca4-0809-713d9d741f90/logos/secondary_logo_on_primary_color.png"", ""https://a.espncdn.com/guid/fbeaf73e-6d6c-cca4-0809-713d9d741f90/logos/secondary_logo_on_secondary_color.png"", ""https://a.espncdn.com/guid/fbeaf73e-6d6c-cca4-0809-713d9d741f90/logos/secondary_logo_black.png"", ""https://a.espncdn.com/guid/fbeaf73e-6d6c-cca4-0809-713d9d741f90/logos/secondary_logo_white.png""]","[[""full"", ""default""], [""full"", ""dark""], [""full"", ""scoreboard""], [""full"", ""scoreboard"", ""dark""], [""full"", ""grayscale""], [""full"", ""primary_logo_on_white_color""], [""full"", ""primary_logo_on_black_color""], [""full"", ""primary_logo_on_primary_color""], [""full"", ""primary_logo_on_secondary_color""], [""full"", ""primary_logo_black""], [""full"", ""primary_logo_white""], [""full"", ""secondary_logo_on_white_color""], [""full"", ""secondary_logo_on_black_color""], [""full"", ""secondary_logo_on_primary_color""], [""full"", ""secondary_logo_on_secondary_color""], [""full"", ""secondary_logo_black""], [""full"", ""secondary_logo_white""]]","[500, 500, 500, 500, 500, 4096, 4096, 4096, 4096, 4096, 4096, 4096, 4096, 4096, 4096, 4096, 4096]",647c27bf-ab86-550e-5b83-91c29e73e4a9,8805,Panthers,Panthers
football,nfl,29,Carolina Panthers,CAR,CAR,000000,0085ca,Carolina,Panthers,carolina-panthers,s:20~l:28~t:29,"[500, 500, 500, 500, 500, 4096, 4096, 4096, 4096, 4096, 4096, 4096, 4096, 4096, 4096, 4096, 4096]","[""https://a.espncdn.com/i/teamlogos/nfl/500/car.png"", ""https://a.espncdn.com/i/teamlogos/nfl/500-dark/car.png"", ""https://a.espncdn.com/i/teamlogos/nfl/500/scoreboard/car.png"", ""https://a.espncdn.com/i/teamlogos/nfl/500-dark/scoreboard/car.png"", ""https://a.espncdn.com/guid/fbeaf73e-6d6c-cca4-0809-713d9d741f90/logos/grayscale.png"", ""https://a.espncdn.com/guid/fbeaf73e-6d6c-cca4-0809-713d9d741f90/logos/primary_logo_on_white_color.png"", ""https://a.espncdn.com/guid/fbeaf73e-6d6c-cca4-0809-713d9d741f90/logos/primary_logo_on_black_color.png"", ""https://a.espncdn.com/guid/fbeaf73e-6d6c-cca4-0809-713d9d741f90/logos/primary_logo_on_primary_color.png"", ""https://a.espncdn.com/guid/fbeaf73e-6d6c-cca4-0809-713d9d741f90/logos/primary_logo_on_secondary_color.png"", ""https://a.espncdn.com/guid/fbeaf73e-6d6c-cca4-0809-713d9d741f90/logos/primary_logo_black.png"", ""https://a.espncdn.com/guid/fbeaf73e-6d6c-cca4-0809-713d9d741f90/logos/primary_logo_white.png"", ""https://a.espncdn.com/guid/fbeaf73e-6d6c-cca4-0809-713d9d741f90/logos/secondary_logo_on_white_color.png"", ""https://a.espncdn.com/guid/fbeaf73e-6d6c-cca4-0809-713d9d741f90/logos/secondary_logo_on_black_color.png"", ""https://a.espncdn.com/guid/fbeaf73e-6d6c-cca4-0809-713d9d741f90/logos/secondary_logo_on_primary_color.png"", ""https://a.espncdn.com/guid/fbeaf73e-6d6c-cca4-0809-713d9d741f90/logos/secondary_logo_on_secondary_color.png"", ""https://a.espncdn.com/guid/fbeaf73e-6d6c-cca4-0809-713d9d741f90/logos/secondary_logo_black.png"", ""https://a.espncdn.com/guid/fbeaf73e-6d6c-cca4-0809-713d9d741f90/logos/secondary_logo_white.png""]","[[""full"", ""default""], [""full"", ""dark""], [""full"", ""scoreboard""], [""full"", ""scoreboard"", ""dark""], [""full"", ""grayscale""], [""full"", ""primary_logo_on_white_color""], [""full"", ""primary_logo_on_black_color""], [""full"", ""primary_logo_on_primary_color""], [""full"", ""primary_logo_on_secondary_color""], [""full"", ""primary_logo_black""], [""full"", ""primary_logo_white""], [""full"", ""secondary_logo_on_white_color""], [""full"", ""secondary_logo_on_black_color""], [""full"", ""secondary_logo_on_primary_color""], [""full"", ""secondary_logo_on_secondary_color""], [""full"", ""secondary_logo_black""], [""full"", ""secondary_logo_white""]]","[500, 500, 500, 500, 500, 4096, 4096, 4096, 4096, 4096, 4096, 4096, 4096, 4096, 4096, 4096, 4096]",647c27bf-ab86-550e-5b83-91c29e73e4a9,8805,Panthers,Panthers
football,nfl,29,Carolina Panthers,CAR,Carolina Panthers,000000,0085ca,Carolina,Panthers,carolina-panthers,s:20~l:28~t:29,"[500, 500, 500, 500, 500, 4096, 4096, 4096, 4096, 4096, 4096, 4096, 4096, 4096, 4096, 4096, 4096]","[""https://a.espncdn.com/i/teamlogos/nfl/500/car.png"", ""https://a.espncdn.com/i/teamlogos/nfl/500-dark/car.png"", ""https://a.espncdn.com/i/teamlogos/nfl/500/scoreboard/car.png"", ""https://a.espncdn.com/i/teamlogos/nfl/500-dark/scoreboard/car.png"", ""https://a.espncdn.com/guid/fbeaf73e-6d6c-cca4-0809-713d9d741f90/logos/grayscale.png"", ""https://a.espncdn.com/guid/fbeaf73e-6d6c-cca4-0809-713d9d741f90/logos/primary_logo_on_white_color.png"", ""https://a.espncdn.com/guid/fbeaf73e-6d6c-cca4-0809-713d9d741f90/logos/primary_logo_on_black_color.png"", ""https://a.espncdn.com/guid/fbeaf73e-6d6c-cca4-0809-713d9d741f90/logos/primary_logo_on_primary_color.png"", ""https://a.espncdn.com/guid/fbeaf73e-6d6c-cca4-0809-713d9d741f90/logos/primary_logo_on_secondary_color.png"", ""https://a.espncdn.com/guid/fbeaf73e-6d6c-cca4-0809-713d9d741f90/logos/primary_logo_black.png"", ""https://a.espncdn.com/guid/fbeaf73e-6d6c-cca4-0809-713d9d741f90/logos/primary_logo_white.png"", ""https://a.espncdn.com/guid/fbeaf73e-6d6c-cca4-0809-713d9d741f90/logos/secondary_logo_on_white_color.png"", ""https://a.espncdn.com/guid/fbeaf73e-6d6c-cca4-0809-713d9d741f90/logos/secondary_logo_on_black_color.png"", ""https://a.espncdn.com/guid/fbeaf73e-6d6c-cca4-0809-713d9d741f90/logos/secondary_logo_on_primary_color.png"", ""https://a.espncdn.com/guid/fbeaf73e-6d6c-cca4-0809-713d9d741f90/logos/secondary_logo_on_secondary_color.png"", ""https://a.espncdn.com/guid/fbeaf73e-6d6c-cca4-0809-713d9d741f90/logos/secondary_logo_black.png"", ""https://a.espncdn.com/guid/fbeaf73e-6d6c-cca4-0809-713d9d741f90/logos/secondary_logo_white.png""]","[[""full"", ""default""], [""full"", ""dark""], [""full"", ""scoreboard""], [""full"", ""scoreboard"", ""dark""], [""full"", ""grayscale""], [""full"", ""primary_logo_on_white_color""], [""full"", ""primary_logo_on_black_color""], [""full"", ""primary_logo_on_primary_color""], [""full"", ""primary_logo_on_secondary_color""], [""full"", ""primary_logo_black""], [""full"", ""primary_logo_white""], [""full"", ""secondary_logo_on_white_color""], [""full"", ""secondary_logo_on_black_color""], [""full"", ""secondary_logo_on_primary_color""], [""full"", ""secondary_logo_on_secondary_color""], [""full"", ""secondary_logo_black""], [""full"", ""secondary_logo_white""]]","[500, 500, 500, 500, 500, 4096, 4096, 4096, 4096, 4096, 4096, 4096, 4096, 4096, 4096, 4096, 4096]",647c27bf-ab86-550e-5b83-91c29e73e4a9,8805,Panthers,Panthers
football,nfl,29,Carolina Panthers,CAR,Panthers,000000,0085ca,Carolina,Panthers,carolina-panthers,s:20~l:28~t:29,"[500, 500, 500, 500, 500, 4096, 4096, 4096, 4096, 4096, 4096, 4096, 4096, 4096, 4096, 4096, 4096]","[""https://a.espncdn.com/i/teamlogos/nfl/500/car.png"", ""https://a.espncdn.com/i/teamlogos/nfl/500-dark/car.png"", ""https://a.espncdn.com/i/teamlogos/nfl/500/scoreboard/car.png"", ""https://a.espncdn.com/i/teamlogos/nfl/500-dark/scoreboard/car.png"", ""https://a.espncdn.com/guid/fbeaf73e-6d6c-cca4-0809-713d9d741f90/logos/grayscale.png"", ""https://a.espncdn.com/guid/fbeaf73e-6d6c-cca4-0809-713d9d741f90/logos/primary_logo_on_white_color.png"", ""https://a.espncdn.com/guid/fbeaf73e-6d6c-cca4-0809-713d9d741f90/logos/primary_logo_on_black_color.png"", ""https://a.espncdn.com/guid/fbeaf73e-6d6c-cca4-0809-713d9d741f90/logos/primary_logo_on_primary_color.png"", ""https://a.espncdn.com/guid/fbeaf73e-6d6c-cca4-0809-713d9d741f90/logos/primary_logo_on_secondary_color.png"", ""https://a.espncdn.com/guid/fbeaf73e-6d6c-cca4-0809-713d9d741f90/logos/primary_logo_black.png"", ""https://a.espncdn.com/guid/fbeaf73e-6d6c-cca4-0809-713d9d741f90/logos/primary_logo_white.png"", ""https://a.espncdn.com/guid/fbeaf73e-6d6c-cca4-0809-713d9d741f90/logos/secondary_logo_on_white_color.png"", ""https://a.espncdn.com/guid/fbeaf73e-6d6c-cca4-0809-713d9d741f90/logos/secondary_logo_on_black_color.png"", ""https://a.espncdn.com/guid/fbeaf73e-6d6c-cca4-0809-713d9d741f90/logos/secondary_logo_on_primary_color.png"", ""https://a.espncdn.com/guid/fbeaf73e-6d6c-cca4-0809-713d9d741f90/logos/secondary_logo_on_secondary_color.png"", ""https://a.espncdn.com/guid/fbeaf73e-6d6c-cca4-0809-713d9d741f90/logos/secondary_logo_black.png"", ""https://a.espncdn.com/guid/fbeaf73e-6d6c-cca4-0809-713d9d741f90/logos/secondary_logo_white.png""]","[[""full"", ""default""], [""full"", ""dark""], [""full"", ""scoreboard""], [""full"", ""scoreboard"", ""dark""], [""full"", ""grayscale""], [""full"", ""primary_logo_on_white_color""], [""full"", ""primary_logo_on_black_color""], [""full"", ""primary_logo_on_primary_color""], [""full"", ""primary_logo_on_secondary_color""], [""full"", ""primary_logo_black""], [""full"", ""primary_logo_white""], [""full"", ""secondary_logo_on_white_color""], [""full"", ""secondary_logo_on_black_color""], [""full"", ""secondary_logo_on_primary_color""], [""full"", ""secondary_logo_on_secondary_color""], [""full"", ""secondary_logo_black""], [""full"", ""secondary_logo_white""]]","[500, 500, 500, 500, 500, 4096, 4096, 4096, 4096, 4096, 4096, 4096, 4096, 4096, 4096, 4096, 4096]",647c27bf-ab86-550e-5b83-91c29e73e4a9,8805,Panthers,Panthers
football,nfl,29,Carolina Panthers,CAR,carolina-panthers,000000,0085ca,Carolina,Panthers,carolina-panthers,s:20~l:28~t:29,"[500, 500, 500, 500, 500, 4096, 4096, 4096, 4096, 4096, 4096, 4096, 4096, 4096, 4096, 4096, 4096]","[""https://a.espncdn.com/i/teamlogos/nfl/500/car.png"", ""https://a.espncdn.com/i/teamlogos/nfl/500-dark/car.png"", ""https://a.espncdn.com/i/teamlogos/nfl/500/scoreboard/car.png"", ""https://a.espncdn.com/i/teamlogos/nfl/500-dark/scoreboard/car.png"", ""https://a.espncdn.com/guid/fbeaf73e-6d6c-cca4-0809-713d9d741f90/logos/grayscale.png"", ""https://a.espncdn.com/guid/fbeaf73e-6d6c-cca4-0809-713d9d741f90/logos/primary_logo_on_white_color.png"", ""https://a.espncdn.com/guid/fbeaf73e-6d6c-cca4-0809-713d9d741f90/logos/primary_logo_on_black_color.png"", ""https://a.espncdn.com/guid/fbeaf73e-6d6c-cca4-0809-713d9d741f90/logos/primary_logo_on_primary_color.png"", ""https://a.espncdn.com/guid/fbeaf73e-6d6c-cca4-0809-713d9d741f90/logos/primary_logo_on_secondary_color.png"", ""https://a.espncdn.com/guid/fbeaf73e-6d6c-cca4-0809-713d9d741f90/logos/primary_logo_black.png"", ""https://a.espncdn.com/guid/fbeaf73e-6d6c-cca4-0809-713d9d741f90/logos/primary_logo_white.png"", ""https://a.espncdn.com/guid/fbeaf73e-6d6c-cca4-0809-713d9d741f90/logos/secondary_logo_on_white_color.png"", ""https://a.espncdn.com/guid/fbeaf73e-6d6c-cca4-0809-713d9d741f90/logos/secondary_logo_on_black_color.png"", ""https://a.espncdn.com/guid/fbeaf73e-6d6c-cca4-0809-713d9d741f90/logos/secondary_logo_on_primary_color.png"", ""https://a.espncdn.com/guid/fbeaf73e-6d6c-cca4-0809-713d9d741f90/logos/secondary_logo_on_secondary_color.png"", ""https://a.espncdn.com/guid/fbeaf73e-6d6c-cca4-0809-713d9d741f90/logos/secondary_logo_black.png"", ""https://a.espncdn.com/guid/fbeaf73e-6d6c-cca4-0809-713d9d741f90/logos/secondary_logo_white.png""]","[[""full"", ""default""], [""full"", ""dark""], [""full"", ""scoreboard""], [""full"", ""scoreboard"", ""dark""], [""full"", ""grayscale""], [""full"", ""primary_logo_on_white_color""], [""full"", ""primary_logo_on_black_color""], [""full"", ""primary_logo_on_primary_color""], [""full"", ""primary_logo_on_secondary_color""], [""full"", ""primary_logo_black""], [""full"", ""primary_logo_white""], [""full"", ""secondary_logo_on_white_color""], [""full"", ""secondary_logo_on_black_color""], [""full"", ""secondary_logo_on_primary_color""], [""full"", ""secondary_logo_on_secondary_color""], [""full"", ""secondary_logo_black""], [""full"", ""secondary_logo_white""]]","[500, 500, 500, 500, 500, 4096, 4096, 4096, 4096, 4096, 4096, 4096, 4096, 4096, 4096, 4096, 4096]",647c27bf-ab86-550e-5b83-91c29e73e4a9,8805,Panthers,Panthers
football,nfl,3,Chicago Bears,CHI,3,e64100,0b1c3a,Chicago,Bears,chicago-bears,s:20~l:28~t:3,"[500, 500, 500, 500, 500, 4096, 4096, 4096, 4096, 4096, 4096, 4096, 4096, 4096, 4096, 4096, 4096]","[""https://a.espncdn.com/i/teamlogos/nfl/500/chi.png"", ""https://a.espncdn.com/i/teamlogos/nfl/500-dark/chi.png"", ""https://a.espncdn.com/i/teamlogos/nfl/500/scoreboard/chi.png"", ""https://a.espncdn.com/i/teamlogos/nfl/500-dark/scoreboard/chi.png"", ""https://a.espncdn.com/guid/232afaf2-01ac-fcc2-8bd6-66550df1703a/logos/grayscale.png"", ""https://a.espncdn.com/guid/232afaf2-01ac-fcc2-8bd6-66550df1703a/logos/primary_logo_on_white_color.png"", ""https://a.espncdn.com/guid/232afaf2-01ac-fcc2-8bd6-66550df1703a/logos/primary_logo_on_black_color.png"", ""https://a.espncdn.com/guid/232afaf2-01ac-fcc2-8bd6-66550df1703a/logos/primary_logo_on_primary_color.png"", ""https://a.espncdn.com/guid/232afaf2-01ac-fcc2-8bd6-66550df1703a/logos/primary_logo_on_secondary_color.png"", ""https://a.espncdn.com/guid/232afaf2-01ac-fcc2-8bd6-66550df1703a/logos/primary_logo_black.png"", ""https://a.espncdn.com/guid/232afaf2-01ac-fcc2-8bd6-66550df1703a/logos/primary_logo_white.png"", ""https://a.espncdn.com/guid/232afaf2-01ac-fcc2-8bd6-66550df1703a/logos/secondary_logo_on_white_color.png"", ""https://a.espncdn.com/guid/232afaf2-01ac-fcc2-8bd6-66550df1703a/logos/secondary_logo_on_black_color.png"", ""https://a.espncdn.com/guid/232afaf2-01ac-fcc2-8bd6-66550df1703a/logos/secondary_logo_on_primary_color.png"", ""https://a.espncdn.com/guid/232afaf2-01ac-fcc2-8bd6-66550df1703a/logos/secondary_logo_on_secondary_color.png"", ""https://a.espncdn.com/guid/232afaf2-01ac-fcc2-8bd6-66550df1703a/logos/secondary_logo_black.png"", ""https://a.espncdn.com/guid/232afaf2-01ac-fcc2-8bd6-66550df1703a/logos/secondary_logo_white.png""]","[[""full"", ""default""], [""full"", ""dark""], [""full"", ""scoreboard""], [""full"", ""scoreboard"", ""dark""], [""full"", ""grayscale""], [""full"", ""primary_logo_on_white_color""], [""full"", ""primary_logo_on_black_color""], [""full"", ""primary_logo_on_primary_color""], [""full"", ""primary_logo_on_secondary_color""], [""full"", ""primary_logo_black""], [""full"", ""primary_logo_white""], [""full"", ""secondary_logo_on_white_color""], [""full"", ""secondary_logo_on_black_color""], [""full"", ""secondary_logo_on_primary_color""], [""full"", ""secondary_logo_on_secondary_color""], [""full"", ""secondary_logo_black""], [""full"", ""secondary_logo_white""]]","[500, 500, 500, 500, 500, 4096, 4096, 4096, 4096, 4096, 4096, 4096, 4096, 4096, 4096, 4096, 4096]",19d73366-b5a5-cca2-a176-a2c024ce0bb3,8806,Bears,Bears
football,nfl,3,Chicago Bears,CHI,CHI,e64100,0b1c3a,Chicago,Bears,chicago-bears,s:20~l:28~t:3,"[500, 500, 500, 500, 500, 4096, 4096, 4096, 4096, 4096, 4096, 4096, 4096, 4096, 4096, 4096, 4096]","[""https://a.espncdn.com/i/teamlogos/nfl/500/chi.png"", ""https://a.espncdn.com/i/teamlogos/nfl/500-dark/chi.png"", ""https://a.espncdn.com/i/teamlogos/nfl/500/scoreboard/chi.png"", ""https://a.espncdn.com/i/teamlogos/nfl/500-dark/scoreboard/chi.png"", ""https://a.espncdn.com/guid/232afaf2-01ac-fcc2-8bd6-66550df1703a/logos/grayscale.png"", ""https://a.espncdn.com/guid/232afaf2-01ac-fcc2-8bd6-66550df1703a/logos/primary_logo_on_white_color.png"", ""https://a.espncdn.com/guid/232afaf2-01ac-fcc2-8bd6-66550df1703a/logos/primary_logo_on_black_color.png"", ""https://a.espncdn.com/guid/232afaf2-01ac-fcc2-8bd6-66550df1703a/logos/primary_logo_on_primary_color.png"", ""https://a.espncdn.com/guid/232afaf2-01ac-fcc2-8bd6-66550df1703a/logos/primary_logo_on_secondary_color.png"", ""https://a.espncdn.com/guid/232afaf2-01ac-fcc2-8bd6-66550df1703a/logos/primary_logo_black.png"", ""https://a.espncdn.com/guid/232afaf2-01ac-fcc2-8bd6-66550df1703a/logos/primary_logo_white.png"", ""https://a.espncdn.com/guid/232afaf2-01ac-fcc2-8bd6-66550df1703a/logos/secondary_logo_on_white_color.png"", ""https://a.espncdn.com/guid/232afaf2-01ac-fcc2-8bd6-66550df1703a/logos/secondary_logo_on_black_color.png"", ""https://a.espncdn.com/guid/232afaf2-01ac-fcc2-8bd6-66550df1703a/logos/secondary_logo_on_primary_color.png"", ""https://a.espncdn.com/guid/232afaf2-01ac-fcc2-8bd6-66550df1703a/logos/secondary_logo_on_secondary_color.png"", ""https://a.espncdn.com/guid/232afaf2-01ac-fcc2-8bd6-66550df1703a/logos/secondary_logo_black.png"", ""https://a.espncdn.com/guid/232afaf2-01ac-fcc2-8bd6-66550df1703a/logos/secondary_logo_white.png""]","[[""full"", ""default""], [""full"", ""dark""], [""full"", ""scoreboard""], [""full"", ""scoreboard"", ""dark""], [""full"", ""grayscale""], [""full"", ""primary_logo_on_white_color""], [""full"", ""primary_logo_on_black_color""], [""full"", ""primary_logo_on_primary_color""], [""full"", ""primary_logo_on_secondary_color""], [""full"", ""primary_logo_black""], [""full"", ""primary_logo_white""], [""full"", ""secondary_logo_on_white_color""], [""full"", ""secondary_logo_on_black_color""], [""full"", ""secondary_logo_on_primary_color""], [""full"", ""secondary_logo_on_secondary_color""], [""full"", ""secondary_logo_black""], [""full"", ""secondary_logo_white""]]","[500, 500, 500, 500, 500, 4096, 4096, 4096, 4096, 4096, 4096, 4096, 4096, 4096, 4096, 4096, 4096]",19d73366-b5a5-cca2-a176-a2c024ce0bb3,8806,Bears,Bears
football,nfl,3,Chicago Bears,CHI,Chicago Bears,e64100,0b1c3a,Chicago,Bears,chicago-bears,s:20~l:28~t:3,"[500, 500, 500, 500, 500, 4096, 4096, 4096, 4096, 4096, 4096, 4096, 4096, 4096, 4096, 4096, 4096]","[""https://a.espncdn.com/i/teamlogos/nfl/500/chi.png"", ""https://a.espncdn.com/i/teamlogos/nfl/500-dark/chi.png"", ""https://a.espncdn.com/i/teamlogos/nfl/500/scoreboard/chi.png"", ""https://a.espncdn.com/i/teamlogos/nfl/500-dark/scoreboard/chi.png"", ""https://a.espncdn.com/guid/232afaf2-01ac-fcc2-8bd6-66550df1703a/logos/grayscale.png"", ""https://a.espncdn.com/guid/232afaf2-01ac-fcc2-8bd6-66550df1703a/logos/primary_logo_on_white_color.png"", ""https://a.espncdn.com/guid/232afaf2-01ac-fcc2-8bd6-66550df1703a/logos/primary_logo_on_black_color.png"", ""https://a.espncdn.com/guid/232afaf2-01ac-fcc2-8bd6-66550df1703a/logos/primary_logo_on_primary_color.png"", ""https://a.espncdn.com/guid/232afaf2-01ac-fcc2-8bd6-66550df1703a/logos/primary_logo_on_secondary_color.png"", ""https://a.espncdn.com/guid/232afaf2-01ac-fcc2-8bd6-66550df1703a/logos/primary_logo_black.png"", ""https://a.espncdn.com/guid/232afaf2-01ac-fcc2-8bd6-66550df1703a/logos/primary_logo_white.png"", ""https://a.espncdn.com/guid/232afaf2-01ac-fcc2-8bd6-66550df1703a/logos/secondary_logo_on_white_color.png"", ""https://a.espncdn.com/guid/232afaf2-01ac-fcc2-8bd6-66550df1703a/logos/secondary_logo_on_black_color.png"", ""https://a.espncdn.com/guid/232afaf2-01ac-fcc2-8bd6-66550df1703a/logos/secondary_logo_on_primary_color.png"", ""https://a.espncdn.com/guid/232afaf2-01ac-fcc2-8bd6-66550df1703a/logos/secondary_logo_on_secondary_color.png"", ""https://a.espncdn.com/guid/232afaf2-01ac-fcc2-8bd6-66550df1703a/logos/secondary_logo_black.png"", ""https://a.espncdn.com/guid/232afaf2-01ac-fcc2-8bd6-66550df1703a/logos/secondary_logo_white.png""]","[[""full"", ""default""], [""full"", ""dark""], [""full"", ""scoreboard""], [""full"", ""scoreboard"", ""dark""], [""full"", ""grayscale""], [""full"", ""primary_logo_on_white_color""], [""full"", ""primary_logo_on_black_color""], [""full"", ""primary_logo_on_primary_color""], [""full"", ""primary_logo_on_secondary_color""], [""full"", ""primary_logo_black""], [""full"", ""primary_logo_white""], [""full"", ""secondary_logo_on_white_color""], [""full"", ""secondary_logo_on_black_color""], [""full"", ""secondary_logo_on_primary_color""], [""full"", ""secondary_logo_on_secondary_color""], [""full"", ""secondary_logo_black""], [""full"", ""secondary_logo_white""]]","[500, 500, 500, 500, 500, 4096, 4096, 4096, 4096, 4096, 4096, 4096, 4096, 4096, 4096, 4096, 4096]",19d73366-b5a5-cca2-a176-a2c024ce0bb3,8806,Bears,Bears
football,nfl,3,Chicago Bears,CHI,Bears,e64100,0b1c3a,Chicago,Bears,chicago-bears,s:20~l:28~t:3,"[500, 500, 500, 500, 500, 4096, 4096, 4096, 4096, 4096, 4096, 4096, 4096, 4096, 4096, 4096, 4096]","[""https://a.espncdn.com/i/teamlogos/nfl/500/chi.png"", ""https://a.espncdn.com/i/teamlogos/nfl/500-dark/chi.png"", ""https://a.espncdn.com/i/teamlogos/nfl/500/scoreboard/chi.png"", ""https://a.espncdn.com/i/teamlogos/nfl/500-dark/scoreboard/chi.png"", ""https://a.espncdn.com/guid/232afaf2-01ac-fcc2-8bd6-66550df1703a/logos/grayscale.png"", ""https://a.espncdn.com/guid/232afaf2-01ac-fcc2-8bd6-66550df1703a/logos/primary_logo_on_white_color.png"", ""https://a.espncdn.com/guid/232afaf2-01ac-fcc2-8bd6-66550df1703a/logos/primary_logo_on_black_color.png"", ""https://a.espncdn.com/guid/232afaf2-01ac-fcc2-8bd6-66550df1703a/logos/primary_logo_on_primary_color.png"", ""https://a.espncdn.com/guid/232afaf2-01ac-fcc2-8bd6-66550df1703a/logos/primary_logo_on_secondary_color.png"", ""https://a.espncdn.com/guid/232afaf2-01ac-fcc2-8bd6-66550df1703a/logos/primary_logo_black.png"", ""https://a.espncdn.com/guid/232afaf2-01ac-fcc2-8bd6-66550df1703a/logos/primary_logo_white.png"", ""https://a.espncdn.com/guid/232afaf2-01ac-fcc2-8bd6-66550df1703a/logos/secondary_logo_on_white_color.png"", ""https://a.espncdn.com/guid/232afaf2-01ac-fcc2-8bd6-66550df1703a/logos/secondary_logo_on_black_color.png"", ""https://a.espncdn.com/guid/232afaf2-01ac-fcc2-8bd6-66550df1703a/logos/secondary_logo_on_primary_color.png"", ""https://a.espncdn.com/guid/232afaf2-01ac-fcc2-8bd6-66550df1703a/logos/secondary_logo_on_secondary_color.png"", ""https://a.espncdn.com/guid/232afaf2-01ac-fcc2-8bd6-66550df1703a/logos/secondary_logo_black.png"", ""https://a.espncdn.com/guid/232afaf2-01ac-fcc2-8bd6-66550df1703a/logos/secondary_logo_white.png""]","[[""full"", ""default""], [""full"", ""dark""], [""full"", ""scoreboard""], [""full"", ""scoreboard"", ""dark""], [""full"", ""grayscale""], [""full"", ""primary_logo_on_white_color""], [""full"", ""primary_logo_on_black_color""], [""full"", ""primary_logo_on_primary_color""], [""full"", ""primary_logo_on_secondary_color""], [""full"", ""primary_logo_black""], [""full"", ""primary_logo_white""], [""full"", ""secondary_logo_on_white_color""], [""full"", ""secondary_logo_on_black_color""], [""full"", ""secondary_logo_on_primary_color""], [""full"", ""secondary_logo_on_secondary_color""], [""full"", ""secondary_logo_black""], [""full"", ""secondary_logo_white""]]","[500, 500, 500, 500, 500, 4096, 4096, 4096, 4096, 4096, 4096, 4096, 4096, 4096, 4096, 4096, 4096]",19d73366-b5a5-cca2-a176-a2c024ce0bb3,8806,Bears,Bears
football,nfl,3,Chicago Bears,CHI,chicago-bears,e64100,0b1c3a,Chicago,Bears,chicago-bears,s:20~l:28~t:3,"[500, 500, 500, 500, 500, 4096, 4096, 4096, 4096, 4096, 4096, 4096, 4096, 4096, 4096, 4096, 4096]","[""https://a.espncdn.com/i/teamlogos/nfl/500/chi.png"", ""https://a.espncdn.com/i/teamlogos/nfl/500-dark/chi.png"", ""https://a.espncdn.com/i/teamlogos/nfl/500/scoreboard/chi.png"", ""https://a.espncdn.com/i/teamlogos/nfl/500-dark/scoreboard/chi.png"", ""https://a.espncdn.com/guid/232afaf2-01ac-fcc2-8bd6-66550df1703a/logos/grayscale.png"", ""https://a.espncdn.com/guid/232afaf2-01ac-fcc2-8bd6-66550df1703a/logos/primary_logo_on_white_color.png"", ""https://a.espncdn.com/guid/232afaf2-01ac-fcc2-8bd6-66550df1703a/logos/primary_logo_on_black_color.png"", ""https://a.espncdn.com/guid/232afaf2-01ac-fcc2-8bd6-66550df1703a/logos/primary_logo_on_primary_color.png"", ""https://a.espncdn.com/guid/232afaf2-01ac-fcc2-8bd6-66550df1703a/logos/primary_logo_on_secondary_color.png"", ""https://a.espncdn.com/guid/232afaf2-01ac-fcc2-8bd6-66550df1703a/logos/primary_logo_black.png"", ""https://a.espncdn.com/guid/232afaf2-01ac-fcc2-8bd6-66550df1703a/logos/primary_logo_white.png"", ""https://a.espncdn.com/guid/232afaf2-01ac-fcc2-8bd6-66550df1703a/logos/secondary_logo_on_white_color.png"", ""https://a.espncdn.com/guid/232afaf2-01ac-fcc2-8bd6-66550df1703a/logos/secondary_logo_on_black_color.png"", ""https://a.espncdn.com/guid/232afaf2-01ac-fcc2-8bd6-66550df1703a/logos/secondary_logo_on_primary_color.png"", ""https://a.espncdn.com/guid/232afaf2-01ac-fcc2-8bd6-66550df1703a/logos/secondary_logo_on_secondary_color.png"", ""https://a.espncdn.com/guid/232afaf2-01ac-fcc2-8bd6-66550df1703a/logos/secondary_logo_black.png"", ""https://a.espncdn.com/guid/232afaf2-01ac-fcc2-8bd6-66550df1703a/logos/secondary_logo_white.png""]","[[""full"", ""default""], [""full"", ""dark""], [""full"", ""scoreboard""], [""full"", ""scoreboard"", ""dark""], [""full"", ""grayscale""], [""full"", ""primary_logo_on_white_color""], [""full"", ""primary_logo_on_black_color""], [""full"", ""primary_logo_on_primary_color""], [""full"", ""primary_logo_on_secondary_color""], [""full"", ""primary_logo_black""], [""full"", ""primary_logo_white""], [""full"", ""secondary_logo_on_white_color""], [""full"", ""secondary_logo_on_black_color""], [""full"", ""secondary_logo_on_primary_color""], [""full"", ""secondary_logo_on_secondary_color""], [""full"", ""secondary_logo_black""], [""full"", ""secondary_logo_white""]]","[500, 500, 500, 500, 500, 4096, 4096, 4096, 4096, 4096, 4096, 4096, 4096, 4096, 4096, 4096, 4096]",19d73366-b5a5-cca2-a176-a2c024ce0bb3,8806,Bears,Bears
football,nfl,4,Cincinnati Bengals,CIN,4,000000,fb4f14,Cincinnati,Bengals,cincinnati-bengals,s:20~l:28~t:4,"[500, 500, 500, 500, 500, 4096, 4096, 4096, 4096, 4096, 4096, 4096, 4096, 4096, 4096, 4096, 4096]","[""https://a.espncdn.com/i/teamlogos/nfl/500/cin.png"", ""https://a.espncdn.com/i/teamlogos/nfl/500-dark/cin.png"", ""https://a.espncdn.com/i/teamlogos/nfl/500/scoreboard/cin.png"", ""https://a.espncdn.com/i/teamlogos/nfl/500-dark/scoreboard/cin.png"", ""https://a.espncdn.com/guid/19d73366-b5a5-cca2-a176-a2c024ce0bb3/logos/grayscale.png"", ""https://a.espncdn.com/guid/19d73366-b5a5-cca2-a176-a2c024ce0bb3/logos/primary_logo_on_white_color.png"", ""https://a.espncdn.com/guid/19d73366-b5a5-cca2-a176-a2c024ce0bb3/logos/primary_logo_on_black_color.png"", ""https://a.espncdn.com/guid/19d73366-b5a5-cca2-a176-a2c024ce0bb3/logos/primary_logo_on_primary_color.png"", ""https://a.espncdn.com/guid/19d73366-b5a5-cca2-a176-a2c024ce0bb3/logos/primary_logo_on_secondary_color.png"", ""https://a.espncdn.com/guid/19d73366-b5a5-cca2-a176-a2c024ce0bb3/logos/primary_logo_black.png"", ""https://a.espncdn.com/guid/19d73366-b5a5-cca2-a176-a2c024ce0bb3/logos/primary_logo_white.png"", ""https://a.espncdn.com/guid/19d73366-b5a5-cca2-a176-a2c024ce0bb3/logos/secondary_logo_on_white_color.png"", ""https://a.espncdn.com/guid/19d73366-b5a5-cca2-a176-a2c024ce0bb3/logos/secondary_logo_on_black_color.png"", ""https://a.espncdn.com/guid/19d73366-b5a5-cca2-a176-a2c024ce0bb3/logos/secondary_logo_on_primary_color.png"", ""https://a.espncdn.com/guid/19d73366-b5a5-cca2-a176-a2c024ce0bb3/logos/secondary_logo_on_secondary_color.png"", ""https://a.espncdn.com/guid/19d73366-b5a5-cca2-a176-a2c024ce0bb3/logos/secondary_logo_black.png"", ""https://a.espncdn.com/guid/19d73366-b5a5-cca2-a176-a2c024ce0bb3/logos/secondary_logo_white.png""]","[[""full"", ""default""], [""full"", ""dark""], [""full"", ""scoreboard""], [""full"", ""scoreboard"", ""dark""], [""full"", ""grayscale""], [""full"", ""primary_logo_on_white_color""], [""full"", ""primary_logo_on_black_color""], [""full"", ""primary_logo_on_primary_color""], [""full"", ""primary_logo_on_secondary_color""], [""full"", ""primary_logo_black""], [""full"", ""primary_logo_white""], [""full"", ""secondary_logo_on_white_color""], [""full"", ""secondary_logo_on_black_color""], [""full"", ""secondary_logo_on_primary_color""], [""full"", ""secondary_logo_on_secondary_color""], [""full"", ""secondary_logo_black""], [""full"", ""secondary_logo_white""]]","[500, 500, 500, 500, 500, 4096, 4096, 4096, 4096, 4096, 4096, 4096, 4096, 4096, 4096, 4096, 4096]",75b8623b-8926-b411-0476-3d3602b78523,8807,Bengals,Bengals
football,nfl,4,Cincinnati Bengals,CIN,CIN,000000,fb4f14,Cincinnati,Bengals,cincinnati-bengals,s:20~l:28~t:4,"[500, 500, 500, 500, 500, 4096, 4096, 4096, 4096, 4096, 4096, 4096, 4096, 4096, 4096, 4096, 4096]","[""https://a.espncdn.com/i/teamlogos/nfl/500/cin.png"", ""https://a.espncdn.com/i/teamlogos/nfl/500-dark/cin.png"", ""https://a.espncdn.com/i/teamlogos/nfl/500/scoreboard/cin.png"", ""https://a.espncdn.com/i/teamlogos/nfl/500-dark/scoreboard/cin.png"", ""https://a.espncdn.com/guid/19d73366-b5a5-cca2-a176-a2c024ce0bb3/logos/grayscale.png"", ""https://a.espncdn.com/guid/19d73366-b5a5-cca2-a176-a2c024ce0bb3/logos/primary_logo_on_white_color.png"", ""https://a.espncdn.com/guid/19d73366-b5a5-cca2-a176-a2c024ce0bb3/logos/primary_logo_on_black_color.png"", ""https://a.espncdn.com/guid/19d73366-b5a5-cca2-a176-a2c024ce0bb3/logos/primary_logo_on_primary_color.png"", ""https://a.espncdn.com/guid/19d73366-b5a5-cca2-a176-a2c024ce0bb3/logos/primary_logo_on_secondary_color.png"", ""https://a.espncdn.com/guid/19d73366-b5a5-cca2-a176-a2c024ce0bb3/logos/primary_logo_black.png"", ""https://a.espncdn.com/guid/19d73366-b5a5-cca2-a176-a2c024ce0bb3/logos/primary_logo_white.png"", ""https://a.espncdn.com/guid/19d73366-b5a5-cca2-a176-a2c024ce0bb3/logos/secondary_logo_on_white_color.png"", ""https://a.espncdn.com/guid/19d73366-b5a5-cca2-a176-a2c024ce0bb3/logos/secondary_logo_on_black_color.png"", ""https://a.espncdn.com/guid/19d73366-b5a5-cca2-a176-a2c024ce0bb3/logos/secondary_logo_on_primary_color.png"", ""https://a.espncdn.com/guid/19d73366-b5a5-cca2-a176-a2c024ce0bb3/logos/secondary_logo_on_secondary_color.png"", ""https://a.espncdn.com/guid/19d73366-b5a5-cca2-a176-a2c024ce0bb3/logos/secondary_logo_black.png"", ""https://a.espncdn.com/guid/19d73366-b5a5-cca2-a176-a2c024ce0bb3/logos/secondary_logo_white.png""]","[[""full"", ""default""], [""full"", ""dark""], [""full"", ""scoreboard""], [""full"", ""scoreboard"", ""dark""], [""full"", ""grayscale""], [""full"", ""primary_logo_on_white_color""], [""full"", ""primary_logo_on_black_color""], [""full"", ""primary_logo_on_primary_color""], [""full"", ""primary_logo_on_secondary_color""], [""full"", ""primary_logo_black""], [""full"", ""primary_logo_white""], [""full"", ""secondary_logo_on_white_color""], [""full"", ""secondary_logo_on_black_color""], [""full"", ""secondary_logo_on_primary_color""], [""full"", ""secondary_logo_on_secondary_color""], [""full"", ""secondary_logo_black""], [""full"", ""secondary_logo_white""]]","[500, 500, 500, 500, 500, 4096, 4096, 4096, 4096, 4096, 4096, 4096, 4096, 4096, 4096, 4096, 4096]",75b8623b-8926-b411-0476-3d3602b78523,8807,Bengals,Bengals
football,nfl,4,Cincinnati Bengals,CIN,Cincinnati Bengals,000000,fb4f14,Cincinnati,Bengals,cincinnati-bengals,s:20~l:28~t:4,"[500, 500, 500, 500, 500, 4096, 4096, 4096, 4096, 4096, 4096, 4096, 4096, 4096, 4096, 4096, 4096]","[""https://a.espncdn.com/i/teamlogos/nfl/500/cin.png"", ""https://a.espncdn.com/i/teamlogos/nfl/500-dark/cin.png"", ""https://a.espncdn.com/i/teamlogos/nfl/500/scoreboard/cin.png"", ""https://a.espncdn.com/i/teamlogos/nfl/500-dark/scoreboard/cin.png"", ""https://a.espncdn.com/guid/19d73366-b5a5-cca2-a176-a2c024ce0bb3/logos/grayscale.png"", ""https://a.espncdn.com/guid/19d73366-b5a5-cca2-a176-a2c024ce0bb3/logos/primary_logo_on_white_color.png"", ""https://a.espncdn.com/guid/19d73366-b5a5-cca2-a176-a2c024ce0bb3/logos/primary_logo_on_black_color.png"", ""https://a.espncdn.com/guid/19d73366-b5a5-cca2-a176-a2c024ce0bb3/logos/primary_logo_on_primary_color.png"", ""https://a.espncdn.com/guid/19d73366-b5a5-cca2-a176-a2c024ce0bb3/logos/primary_logo_on_secondary_color.png"", ""https://a.espncdn.com/guid/19d73366-b5a5-cca2-a176-a2c024ce0bb3/logos/primary_logo_black.png"", ""https://a.espncdn.com/guid/19d73366-b5a5-cca2-a176-a2c024ce0bb3/logos/primary_logo_white.png"", ""https://a.espncdn.com/guid/19d73366-b5a5-cca2-a176-a2c024ce0bb3/logos/secondary_logo_on_white_color.png"", ""https://a.espncdn.com/guid/19d73366-b5a5-cca2-a176-a2c024ce0bb3/logos/secondary_logo_on_black_color.png"", ""https://a.espncdn.com/guid/19d73366-b5a5-cca2-a176-a2c024ce0bb3/logos/secondary_logo_on_primary_color.png"", ""https://a.espncdn.com/guid/19d73366-b5a5-cca2-a176-a2c024ce0bb3/logos/secondary_logo_on_secondary_color.png"", ""https://a.espncdn.com/guid/19d73366-b5a5-cca2-a176-a2c024ce0bb3/logos/secondary_logo_black.png"", ""https://a.espncdn.com/guid/19d73366-b5a5-cca2-a176-a2c024ce0bb3/logos/secondary_logo_white.png""]","[[""full"", ""default""], [""full"", ""dark""], [""full"", ""scoreboard""], [""full"", ""scoreboard"", ""dark""], [""full"", ""grayscale""], [""full"", ""primary_logo_on_white_color""], [""full"", ""primary_logo_on_black_color""], [""full"", ""primary_logo_on_primary_color""], [""full"", ""primary_logo_on_secondary_color""], [""full"", ""primary_logo_black""], [""full"", ""primary_logo_white""], [""full"", ""secondary_logo_on_white_color""], [""full"", ""secondary_logo_on_black_color""], [""full"", ""secondary_logo_on_primary_color""], [""full"", ""secondary_logo_on_secondary_color""], [""full"", ""secondary_logo_black""], [""full"", ""secondary_logo_white""]]","[500, 500, 500, 500, 500, 4096, 4096, 4096, 4096, 4096, 4096, 4096, 4096, 4096, 4096, 4096, 4096]",75b8623b-8926-b411-0476-3d3602b78523,8807,Bengals,Bengals
football,nfl,4,Cincinnati Bengals,CIN,Bengals,000000,fb4f14,Cincinnati,Bengals,cincinnati-bengals,s:20~l:28~t:4,"[500, 500, 500, 500, 500, 4096, 4096, 4096, 4096, 4096, 4096, 4096, 4096, 4096, 4096, 4096, 4096]","[""https://a.espncdn.com/i/teamlogos/nfl/500/cin.png"", ""https://a.espncdn.com/i/teamlogos/nfl/500-dark/cin.png"", ""https://a.espncdn.com/i/teamlogos/nfl/500/scoreboard/cin.png"", ""https://a.espncdn.com/i/teamlogos/nfl/500-dark/scoreboard/cin.png"", ""https://a.espncdn.com/guid/19d73366-b5a5-cca2-a176-a2c024ce0bb3/logos/grayscale.png"", ""https://a.espncdn.com/guid/19d73366-b5a5-cca2-a176-a2c024ce0bb3/logos/primary_logo_on_white_color.png"", ""https://a.espncdn.com/guid/19d73366-b5a5-cca2-a176-a2c024ce0bb3/logos/primary_logo_on_black_color.png"", ""https://a.espncdn.com/guid/19d73366-b5a5-cca2-a176-a2c024ce0bb3/logos/primary_logo_on_primary_color.png"", ""https://a.espncdn.com/guid/19d73366-b5a5-cca2-a176-a2c024ce0bb3/logos/primary_logo_on_secondary_color.png"", ""https://a.espncdn.com/guid/19d73366-b5a5-cca2-a176-a2c024ce0bb3/logos/primary_logo_black.png"", ""https://a.espncdn.com/guid/19d73366-b5a5-cca2-a176-a2c024ce0bb3/logos/primary_logo_white.png"", ""https://a.espncdn.com/guid/19d73366-b5a5-cca2-a176-a2c024ce0bb3/logos/secondary_logo_on_white_color.png"", ""https://a.espncdn.com/guid/19d73366-b5a5-cca2-a176-a2c024ce0bb3/logos/secondary_logo_on_black_color.png"", ""https://a.espncdn.com/guid/19d73366-b5a5-cca2-a176-a2c024ce0bb3/logos/secondary_logo_on_primary_color.png"", ""https://a.espncdn.com/guid/19d73366-b5a5-cca2-a176-a2c024ce0bb3/logos/secondary_logo_on_secondary_color.png"", ""https://a.espncdn.com/guid/19d73366-b5a5-cca2-a176-a2c024ce0bb3/logos/secondary_logo_black.png"", ""https://a.espncdn.com/guid/19d73366-b5a5-cca2-a176-a2c024ce0bb3/logos/secondary_logo_white.png""]","[[""full"", ""default""], [""full"", ""dark""], [""full"", ""scoreboard""], [""full"", ""scoreboard"", ""dark""], [""full"", ""grayscale""], [""full"", ""primary_logo_on_white_color""], [""full"", ""primary_logo_on_black_color""], [""full"", ""primary_logo_on_primary_color""], [""full"", ""primary_logo_on_secondary_color""], [""full"", ""primary_logo_black""], [""full"", ""primary_logo_white""], [""full"", ""secondary_logo_on_white_color""], [""full"", ""secondary_logo_on_black_color""], [""full"", ""secondary_logo_on_primary_color""], [""full"", ""secondary_logo_on_secondary_color""], [""full"", ""secondary_logo_black""], [""full"", ""secondary_logo_white""]]","[500, 500, 500, 500, 500, 4096, 4096, 4096, 4096, 4096, 4096, 4096, 4096, 4096, 4096, 4096, 4096]",75b8623b-8926-b411-0476-3d3602b78523,8807,Bengals,Bengals
football,nfl,4,Cincinnati Bengals,CIN,cincinnati-bengals,000000,fb4f14,Cincinnati,Bengals,cincinnati-bengals,s:20~l:28~t:4,"[500, 500, 500, 500, 500, 4096, 4096, 4096, 4096, 4096, 4096, 4096, 4096, 4096, 4096, 4096, 4096]","[""https://a.espncdn.com/i/teamlogos/nfl/500/cin.png"", ""https://a.espncdn.com/i/teamlogos/nfl/500-dark/cin.png"", ""https://a.espncdn.com/i/teamlogos/nfl/500/scoreboard/cin.png"", ""https://a.espncdn.com/i/teamlogos/nfl/500-dark/scoreboard/cin.png"", ""https://a.espncdn.com/guid/19d73366-b5a5-cca2-a176-a2c024ce0bb3/logos/grayscale.png"", ""https://a.espncdn.com/guid/19d73366-b5a5-cca2-a176-a2c024ce0bb3/logos/primary_logo_on_white_color.png"", ""https://a.espncdn.com/guid/19d73366-b5a5-cca2-a176-a2c024ce0bb3/logos/primary_logo_on_black_color.png"", ""https://a.espncdn.com/guid/19d73366-b5a5-cca2-a176-a2c024ce0bb3/logos/primary_logo_on_primary_color.png"", ""https://a.espncdn.com/guid/19d73366-b5a5-cca2-a176-a2c024ce0bb3/logos/primary_logo_on_secondary_color.png"", ""https://a.espncdn.com/guid/19d73366-b5a5-cca2-a176-a2c024ce0bb3/logos/primary_logo_black.png"", ""https://a.espncdn.com/guid/19d73366-b5a5-cca2-a176-a2c024ce0bb3/logos/primary_logo_white.png"", ""https://a.espncdn.com/guid/19d73366-b5a5-cca2-a176-a2c024ce0bb3/logos/secondary_logo_on_white_color.png"", ""https://a.espncdn.com/guid/19d73366-b5a5-cca2-a176-a2c024ce0bb3/logos/secondary_logo_on_black_color.png"", ""https://a.espncdn.com/guid/19d73366-b5a5-cca2-a176-a2c024ce0bb3/logos/secondary_logo_on_primary_color.png"", ""https://a.espncdn.com/guid/19d73366-b5a5-cca2-a176-a2c024ce0bb3/logos/secondary_logo_on_secondary_color.png"", ""https://a.espncdn.com/guid/19d73366-b5a5-cca2-a176-a2c024ce0bb3/logos/secondary_logo_black.png"", ""https://a.espncdn.com/guid/19d73366-b5a5-cca2-a176-a2c024ce0bb3/logos/secondary_logo_white.png""]","[[""full"", ""default""], [""full"", ""dark""], [""full"", ""scoreboard""], [""full"", ""scoreboard"", ""dark""], [""full"", ""grayscale""], [""full"", ""primary_logo_on_white_color""], [""full"", ""primary_logo_on_black_color""], [""full"", ""primary_logo_on_primary_color""], [""full"", ""primary_logo_on_secondary_color""], [""full"", ""primary_logo_black""], [""full"", ""primary_logo_white""], [""full"", ""secondary_logo_on_white_color""], [""full"", ""secondary_logo_on_black_color""], [""full"", ""secondary_logo_on_primary_color""], [""full"", ""secondary_logo_on_secondary_color""], [""full"", ""secondary_logo_black""], [""full"", ""secondary_logo_white""]]","[500, 500, 500, 500, 500, 4096, 4096, 4096, 4096, 4096, 4096, 4096, 4096, 4096, 4096, 4096, 4096]",75b8623b-8926-b411-0476-3d3602b78523,8807,Bengals,Bengals
football,nfl,5,Cleveland Browns,CLE,5,ff3c00,472a08,Cleveland,Browns,cleveland-browns,s:20~l:28~t:5,"[500, 500, 500, 500, 500, 4096, 4096, 4096, 4096, 4096, 4096, 4096, 4096, 4096, 4096, 4096, 4096]","[""https://a.espncdn.com/i/teamlogos/nfl/500/cle.png"", ""https://a.espncdn.com/i/teamlogos/nfl/500-dark/cle.png"", ""https://a.espncdn.com/i/teamlogos/nfl/500/scoreboard/cle.png"", ""https://a.espncdn.com/i/teamlogos/nfl/500-dark/scoreboard/cle.png"", ""https://a.espncdn.com/guid/75b8623b-8926-b411-0476-3d3602b78523/logos/grayscale.png"", ""https://a.espncdn.com/guid/75b8623b-8926-b411-0476-3d3602b78523/logos/primary_logo_on_white_color.png"", ""https://a.espncdn.com/guid/75b8623b-8926-b411-0476-3d3602b78523/logos/primary_logo_on_black_color.png"", ""https://a.espncdn.com/guid/75b8623b-8926-b411-0476-3d3602b78523/logos/primary_logo_on_primary_color.png"", ""https://a.espncdn.com/guid/75b8623b-8926-b411-0476-3d3602b78523/logos/primary_logo_on_secondary_color.png"", ""https://a.espncdn.com/guid/75b8623b-8926-b411-0476-3d3602b78523/logos/primary_logo_black.png"", ""https://a.espncdn.com/guid/75b8623b-8926-b411-0476-3d3602b78523/logos/primary_logo_white.png"", ""https://a.espncdn.com/guid/75b8623b-8926-b411-0476-3d3602b78523/logos/secondary_logo_on_white_color.png"", ""https://a.espncdn.com/guid/75b8623b-8926-b411-0476-3d3602b78523/logos/secondary_logo_on_black_color.png"", ""https://a.espncdn.com/guid/75b8623b-8926-b411-0476-3d3602b78523/logos/secondary_logo_on_primary_color.png"", ""https://a.espncdn.com/guid/75b8623b-8926-b411-0476-3d3602b78523/logos/secondary_logo_on_secondary_color.png"", ""https://a.espncdn.com/guid/75b8623b-8926-b411-0476-3d3602b78523/logos/secondary_logo_black.png"", ""https://a.espncdn.com/guid/75b8623b-8926-b411-0476-3d3602b78523/logos/secondary_logo_white.png""]","[[""full"", ""default""], [""full"", ""dark""], [""full"", ""scoreboard""], [""full"", ""scoreboard"", ""dark""], [""full"", ""grayscale""], [""full"", ""primary_logo_on_white_color""], [""full"", ""primary_logo_on_black_color""], [""full"", ""primary_logo_on_primary_color""], [""full"", ""primary_logo_on_secondary_color""], [""full"", ""primary_logo_black""], [""full"", ""primary_logo_white""], [""full"", ""secondary_logo_on_white_color""], [""full"", ""secondary_logo_on_black_color""], [""full"", ""secondary_logo_on_primary_color""], [""full"", ""secondary_logo_on_secondary_color""], [""full"", ""secondary_logo_black""], [""full"", ""secondary_logo_white""]]","[500, 500, 500, 500, 500, 4096, 4096, 4096, 4096, 4096, 4096, 4096, 4096, 4096, 4096, 4096, 4096]",539babc5-e5fb-753b-8ae1-c15032a91ef4,8808,Browns,Browns
football,nfl,5,Cleveland Browns,CLE,CLE,ff3c00,472a08,Cleveland,Browns,cleveland-browns,s:20~l:28~t:5,"[500, 500, 500, 500, 500, 4096, 4096, 4096, 4096, 4096, 4096, 4096, 4096, 4096, 4096, 4096, 4096]","[""https://a.espncdn.com/i/teamlogos/nfl/500/cle.png"", ""https://a.espncdn.com/i/teamlogos/nfl/500-dark/cle.png"", ""https://a.espncdn.com/i/teamlogos/nfl/500/scoreboard/cle.png"", ""https://a.espncdn.com/i/teamlogos/nfl/500-dark/scoreboard/cle.png"", ""https://a.espncdn.com/guid/75b8623b-8926-b411-0476-3d3602b78523/logos/grayscale.png"", ""https://a.espncdn.com/guid/75b8623b-8926-b411-0476-3d3602b78523/logos/primary_logo_on_white_color.png"", ""https://a.espncdn.com/guid/75b8623b-8926-b411-0476-3d3602b78523/logos/primary_logo_on_black_color.png"", ""https://a.espncdn.com/guid/75b8623b-8926-b411-0476-3d3602b78523/logos/primary_logo_on_primary_color.png"", ""https://a.espncdn.com/guid/75b8623b-8926-b411-0476-3d3602b78523/logos/primary_logo_on_secondary_color.png"", ""https://a.espncdn.com/guid/75b8623b-8926-b411-0476-3d3602b78523/logos/primary_logo_black.png"", ""https://a.espncdn.com/guid/75b8623b-8926-b411-0476-3d3602b78523/logos/primary_logo_white.png"", ""https://a.espncdn.com/guid/75b8623b-8926-b411-0476-3d3602b78523/logos/secondary_logo_on_white_color.png"", ""https://a.espncdn.com/guid/75b8623b-8926-b411-0476-3d3602b78523/logos/secondary_logo_on_black_color.png"", ""https://a.espncdn.com/guid/75b8623b-8926-b411-0476-3d3602b78523/logos/secondary_logo_on_primary_color.png"", ""https://a.espncdn.com/guid/75b8623b-8926-b411-0476-3d3602b78523/logos/secondary_logo_on_secondary_color.png"", ""https://a.espncdn.com/guid/75b8623b-8926-b411-0476-3d3602b78523/logos/secondary_logo_black.png"", ""https://a.espncdn.com/guid/75b8623b-8926-b411-0476-3d3602b78523/logos/secondary_logo_white.png""]","[[""full"", ""default""], [""full"", ""dark""], [""full"", ""scoreboard""], [""full"", ""scoreboard"", ""dark""], [""full"", ""grayscale""], [""full"", ""primary_logo_on_white_color""], [""full"", ""primary_logo_on_black_color""], [""full"", ""primary_logo_on_primary_color""], [""full"", ""primary_logo_on_secondary_color""], [""full"", ""primary_logo_black""], [""full"", ""primary_logo_white""], [""full"", ""secondary_logo_on_white_color""], [""full"", ""secondary_logo_on_black_color""], [""full"", ""secondary_logo_on_primary_color""], [""full"", ""secondary_logo_on_secondary_color""], [""full"", ""secondary_logo_black""], [""full"", ""secondary_logo_white""]]","[500, 500, 500, 500, 500, 4096, 4096, 4096, 4096, 4096, 4096, 4096, 4096, 4096, 4096, 4096, 4096]",539babc5-e5fb-753b-8ae1-c15032a91ef4,8808,Browns,Browns
football,nfl,5,Cleveland Browns,CLE,Cleveland Browns,ff3c00,472a08,Cleveland,Browns,cleveland-browns,s:20~l:28~t:5,"[500, 500, 500, 500, 500, 4096, 4096, 4096, 4096, 4096, 4096, 4096, 4096, 4096, 4096, 4096, 4096]","[""https://a.espncdn.com/i/teamlogos/nfl/500/cle.png"", ""https://a.espncdn.com/i/teamlogos/nfl/500-dark/cle.png"", ""https://a.espncdn.com/i/teamlogos/nfl/500/scoreboard/cle.png"", ""https://a.espncdn.com/i/teamlogos/nfl/500-dark/scoreboard/cle.png"", ""https://a.espncdn.com/guid/75b8623b-8926-b411-0476-3d3602b78523/logos/grayscale.png"", ""https://a.espncdn.com/guid/75b8623b-8926-b411-0476-3d3602b78523/logos/primary_logo_on_white_color.png"", ""https://a.espncdn.com/guid/75b8623b-8926-b411-0476-3d3602b78523/logos/primary_logo_on_black_color.png"", ""https://a.espncdn.com/guid/75b8623b-8926-b411-0476-3d3602b78523/logos/primary_logo_on_primary_color.png"", ""https://a.espncdn.com/guid/75b8623b-8926-b411-0476-3d3602b78523/logos/primary_logo_on_secondary_color.png"", ""https://a.espncdn.com/guid/75b8623b-8926-b411-0476-3d3602b78523/logos/primary_logo_black.png"", ""https://a.espncdn.com/guid/75b8623b-8926-b411-0476-3d3602b78523/logos/primary_logo_white.png"", ""https://a.espncdn.com/guid/75b8623b-8926-b411-0476-3d3602b78523/logos/secondary_logo_on_white_color.png"", ""https://a.espncdn.com/guid/75b8623b-8926-b411-0476-3d3602b78523/logos/secondary_logo_on_black_color.png"", ""https://a.espncdn.com/guid/75b8623b-8926-b411-0476-3d3602b78523/logos/secondary_logo_on_primary_color.png"", ""https://a.espncdn.com/guid/75b8623b-8926-b411-0476-3d3602b78523/logos/secondary_logo_on_secondary_color.png"", ""https://a.espncdn.com/guid/75b8623b-8926-b411-0476-3d3602b78523/logos/secondary_logo_black.png"", ""https://a.espncdn.com/guid/75b8623b-8926-b411-0476-3d3602b78523/logos/secondary_logo_white.png""]","[[""full"", ""default""], [""full"", ""dark""], [""full"", ""scoreboard""], [""full"", ""scoreboard"", ""dark""], [""full"", ""grayscale""], [""full"", ""primary_logo_on_white_color""], [""full"", ""primary_logo_on_black_color""], [""full"", ""primary_logo_on_primary_color""], [""full"", ""primary_logo_on_secondary_color""], [""full"", ""primary_logo_black""], [""full"", ""primary_logo_white""], [""full"", ""secondary_logo_on_white_color""], [""full"", ""secondary_logo_on_black_color""], [""full"", ""secondary_logo_on_primary_color""], [""full"", ""secondary_logo_on_secondary_color""], [""full"", ""secondary_logo_black""], [""full"", ""secondary_logo_white""]]","[500, 500, 500, 500, 500, 4096, 4096, 4096, 4096, 4096, 4096, 4096, 4096, 4096, 4096, 4096, 4096]",539babc5-e5fb-753b-8ae1-c15032a91ef4,8808,Browns,Browns
football,nfl,5,Cleveland Browns,CLE,Browns,ff3c00,472a08,Cleveland,Browns,cleveland-browns,s:20~l:28~t:5,"[500, 500, 500, 500, 500, 4096, 4096, 4096, 4096, 4096, 4096, 4096, 4096, 4096, 4096, 4096, 4096]","[""https://a.espncdn.com/i/teamlogos/nfl/500/cle.png"", ""https://a.espncdn.com/i/teamlogos/nfl/500-dark/cle.png"", ""https://a.espncdn.com/i/teamlogos/nfl/500/scoreboard/cle.png"", ""https://a.espncdn.com/i/teamlogos/nfl/500-dark/scoreboard/cle.png"", ""https://a.espncdn.com/guid/75b8623b-8926-b411-0476-3d3602b78523/logos/grayscale.png"", ""https://a.espncdn.com/guid/75b8623b-8926-b411-0476-3d3602b78523/logos/primary_logo_on_white_color.png"", ""https://a.espncdn.com/guid/75b8623b-8926-b411-0476-3d3602b78523/logos/primary_logo_on_black_color.png"", ""https://a.espncdn.com/guid/75b8623b-8926-b411-0476-3d3602b78523/logos/primary_logo_on_primary_color.png"", ""https://a.espncdn.com/guid/75b8623b-8926-b411-0476-3d3602b78523/logos/primary_logo_on_secondary_color.png"", ""https://a.espncdn.com/guid/75b8623b-8926-b411-0476-3d3602b78523/logos/primary_logo_black.png"", ""https://a.espncdn.com/guid/75b8623b-8926-b411-0476-3d3602b78523/logos/primary_logo_white.png"", ""https://a.espncdn.com/guid/75b8623b-8926-b411-0476-3d3602b78523/logos/secondary_logo_on_white_color.png"", ""https://a.espncdn.com/guid/75b8623b-8926-b411-0476-3d3602b78523/logos/secondary_logo_on_black_color.png"", ""https://a.espncdn.com/guid/75b8623b-8926-b411-0476-3d3602b78523/logos/secondary_logo_on_primary_color.png"", ""https://a.espncdn.com/guid/75b8623b-8926-b411-0476-3d3602b78523/logos/secondary_logo_on_secondary_color.png"", ""https://a.espncdn.com/guid/75b8623b-8926-b411-0476-3d3602b78523/logos/secondary_logo_black.png"", ""https://a.espncdn.com/guid/75b8623b-8926-b411-0476-3d3602b78523/logos/secondary_logo_white.png""]","[[""full"", ""default""], [""full"", ""dark""], [""full"", ""scoreboard""], [""full"", ""scoreboard"", ""dark""], [""full"", ""grayscale""], [""full"", ""primary_logo_on_white_color""], [""full"", ""primary_logo_on_black_color""], [""full"", ""primary_logo_on_primary_color""], [""full"", ""primary_logo_on_secondary_color""], [""full"", ""primary_logo_black""], [""full"", ""primary_logo_white""], [""full"", ""secondary_logo_on_white_color""], [""full"", ""secondary_logo_on_black_color""], [""full"", ""secondary_logo_on_primary_color""], [""full"", ""secondary_logo_on_secondary_color""], [""full"", ""secondary_logo_black""], [""full"", ""secondary_logo_white""]]","[500, 500, 500, 500, 500, 4096, 4096, 4096, 4096, 4096, 4096, 4096, 4096, 4096, 4096, 4096, 4096]",539babc5-e5fb-753b-8ae1-c15032a91ef4,8808,Browns,Browns
football,nfl,5,Cleveland Browns,CLE,cleveland-browns,ff3c00,472a08,Cleveland,Browns,cleveland-browns,s:20~l:28~t:5,"[500, 500, 500, 500, 500, 4096, 4096, 4096, 4096, 4096, 4096, 4096, 4096, 4096, 4096, 4096, 4096]","[""https://a.espncdn.com/i/teamlogos/nfl/500/cle.png"", ""https://a.espncdn.com/i/teamlogos/nfl/500-dark/cle.png"", ""https://a.espncdn.com/i/teamlogos/nfl/500/scoreboard/cle.png"", ""https://a.espncdn.com/i/teamlogos/nfl/500-dark/scoreboard/cle.png"", ""https://a.espncdn.com/guid/75b8623b-8926-b411-0476-3d3602b78523/logos/grayscale.png"", ""https://a.espncdn.com/guid/75b8623b-8926-b411-0476-3d3602b78523/logos/primary_logo_on_white_color.png"", ""https://a.espncdn.com/guid/75b8623b-8926-b411-0476-3d3602b78523/logos/primary_logo_on_black_color.png"", ""https://a.espncdn.com/guid/75b8623b-8926-b411-0476-3d3602b78523/logos/primary_logo_on_primary_color.png"", ""https://a.espncdn.com/guid/75b8623b-8926-b411-0476-3d3602b78523/logos/primary_logo_on_secondary_color.png"", ""https://a.espncdn.com/guid/75b8623b-8926-b411-0476-3d3602b78523/logos/primary_logo_black.png"", ""https://a.espncdn.com/guid/75b8623b-8926-b411-0476-3d3602b78523/logos/primary_logo_white.png"", ""https://a.espncdn.com/guid/75b8623b-8926-b411-0476-3d3602b78523/logos/secondary_logo_on_white_color.png"", ""https://a.espncdn.com/guid/75b8623b-8926-b411-0476-3d3602b78523/logos/secondary_logo_on_black_color.png"", ""https://a.espncdn.com/guid/75b8623b-8926-b411-0476-3d3602b78523/logos/secondary_logo_on_primary_color.png"", ""https://a.espncdn.com/guid/75b8623b-8926-b411-0476-3d3602b78523/logos/secondary_logo_on_secondary_color.png"", ""https://a.espncdn.com/guid/75b8623b-8926-b411-0476-3d3602b78523/logos/secondary_logo_black.png"", ""https://a.espncdn.com/guid/75b8623b-8926-b411-0476-3d3602b78523/logos/secondary_logo_white.png""]","[[""full"", ""default""], [""full"", ""dark""], [""full"", ""scoreboard""], [""full"", ""scoreboard"", ""dark""], [""full"", ""grayscale""], [""full"", ""primary_logo_on_white_color""], [""full"", ""primary_logo_on_black_color""], [""full"", ""primary_logo_on_primary_color""], [""full"", ""primary_logo_on_secondary_color""], [""full"", ""primary_logo_black""], [""full"", ""primary_logo_white""], [""full"", ""secondary_logo_on_white_color""], [""full"", ""secondary_logo_on_black_color""], [""full"", ""secondary_logo_on_primary_color""], [""full"", ""secondary_logo_on_secondary_color""], [""full"", ""secondary_logo_black""], [""full"", ""secondary_logo_white""]]","[500, 500, 500, 500, 500, 4096, 4096, 4096, 4096, 4096, 4096, 4096, 4096, 4096, 4096, 4096, 4096]",539babc5-e5fb-753b-8ae1-c15032a91ef4,8808,Browns,Browns
football,nfl,6,Dallas Cowboys,DAL,6,b0b7bc,002a5c,Dallas,Cowboys,dallas-cowboys,s:20~l:28~t:6,"[500, 500, 500, 500, 500, 4096, 4096, 4096, 4096, 4096, 4096, 4096, 4096, 4096, 4096, 4096, 4096]","[""https://a.espncdn.com/i/teamlogos/nfl/500/dal.png"", ""https://a.espncdn.com/i/teamlogos/nfl/500-dark/dal.png"", ""https://a.espncdn.com/i/teamlogos/nfl/500/scoreboard/dal.png"", ""https://a.espncdn.com/i/teamlogos/nfl/500-dark/scoreboard/dal.png"", ""https://a.espncdn.com/guid/539babc5-e5fb-753b-8ae1-c15032a91ef4/logos/grayscale.png"", ""https://a.espncdn.com/guid/539babc5-e5fb-753b-8ae1-c15032a91ef4/logos/primary_logo_on_white_color.png"", ""https://a.espncdn.com/guid/539babc5-e5fb-753b-8ae1-c15032a91ef4/logos/primary_logo_on_black_color.png"", ""https://a.espncdn.com/guid/539babc5-e5fb-753b-8ae1-c15032a91ef4/logos/primary_logo_on_primary_color.png"", ""https://a.espncdn.com/guid/539babc5-e5fb-753b-8ae1-c15032a91ef4/logos/primary_logo_on_secondary_color.png"", ""https://a.espncdn.com/guid/539babc5-e5fb-753b-8ae1-c15032a91ef4/logos/primary_logo_black.png"", ""https://a.espncdn.com/guid/539babc5-e5fb-753b-8ae1-c15032a91ef4/logos/primary_logo_white.png"", ""https://a.espncdn.com/guid/539babc5-e5fb-753b-8ae1-c15032a91ef4/logos/secondary_logo_on_white_color.png"", ""https://a.espncdn.com/guid/539babc5-e5fb-753b-8ae1-c15032a91ef4/logos/secondary_logo_on_black_color.png"", ""https://a.espncdn.com/guid/539babc5-e5fb-753b-8ae1-c15032a91ef4/logos/secondary_logo_on_primary_color.png"", ""https://a.espncdn.com/guid/539babc5-e5fb-753b-8ae1-c15032a91ef4/logos/secondary_logo_on_secondary_color.png"", ""https://a.espncdn.com/guid/539babc5-e5fb-753b-8ae1-c15032a91ef4/logos/secondary_logo_black.png"", ""https://a.espncdn.com/guid/539babc5-e5fb-753b-8ae1-c15032a91ef4/logos/secondary_logo_white.png""]","[[""full"", ""default""], [""full"", ""dark""], [""full"", ""scoreboard""], [""full"", ""scoreboard"", ""dark""], [""full"", ""grayscale""], [""full"", ""primary_logo_on_white_color""], [""full"", ""primary_logo_on_black_color""], [""full"", ""primary_logo_on_primary_color""], [""full"", ""primary_logo_on_secondary_color""], [""full"", ""primary_logo_black""], [""full"", ""primary_logo_white""], [""full"", ""secondary_logo_on_white_color""], [""full"", ""secondary_logo_on_black_color""], [""full"", ""secondary_logo_on_primary_color""], [""full"", ""secondary_logo_on_secondary_color""], [""full"", ""secondary_logo_black""], [""full"", ""secondary_logo_white""]]","[500, 500, 500, 500, 500, 4096, 4096, 4096, 4096, 4096, 4096, 4096, 4096, 4096, 4096, 4096, 4096]",b0fc8fb7-9dbe-e574-9008-6f0ee7c6b234,8809,Cowboys,Cowboys
football,nfl,6,Dallas Cowboys,DAL,DAL,b0b7bc,002a5c,Dallas,Cowboys,dallas-cowboys,s:20~l:28~t:6,"[500, 500, 500, 500, 500, 4096, 4096, 4096, 4096, 4096, 4096, 4096, 4096, 4096, 4096, 4096, 4096]","[""https://a.espncdn.com/i/teamlogos/nfl/500/dal.png"", ""https://a.espncdn.com/i/teamlogos/nfl/500-dark/dal.png"", ""https://a.espncdn.com/i/teamlogos/nfl/500/scoreboard/dal.png"", ""https://a.espncdn.com/i/teamlogos/nfl/500-dark/scoreboard/dal.png"", ""https://a.espncdn.com/guid/539babc5-e5fb-753b-8ae1-c15032a91ef4/logos/grayscale.png"", ""https://a.espncdn.com/guid/539babc5-e5fb-753b-8ae1-c15032a91ef4/logos/primary_logo_on_white_color.png"", ""https://a.espncdn.com/guid/539babc5-e5fb-753b-8ae1-c15032a91ef4/logos/primary_logo_on_black_color.png"", ""https://a.espncdn.com/guid/539babc5-e5fb-753b-8ae1-c15032a91ef4/logos/primary_logo_on_primary_color.png"", ""https://a.espncdn.com/guid/539babc5-e5fb-753b-8ae1-c15032a91ef4/logos/primary_logo_on_secondary_color.png"", ""https://a.espncdn.com/guid/539babc5-e5fb-753b-8ae1-c15032a91ef4/logos/primary_logo_black.png"", ""https://a.espncdn.com/guid/539babc5-e5fb-753b-8ae1-c15032a91ef4/logos/primary_logo_white.png"", ""https://a.espncdn.com/guid/539babc5-e5fb-753b-8ae1-c15032a91ef4/logos/secondary_logo_on_white_color.png"", ""https://a.espncdn.com/guid/539babc5-e5fb-753b-8ae1-c15032a91ef4/logos/secondary_logo_on_black_color.png"", ""https://a.espncdn.com/guid/539babc5-e5fb-753b-8ae1-c15032a91ef4/logos/secondary_logo_on_primary_color.png"", ""https://a.espncdn.com/guid/539babc5-e5fb-753b-8ae1-c15032a91ef4/logos/secondary_logo_on_secondary_color.png"", ""https://a.espncdn.com/guid/539babc5-e5fb-753b-8ae1-c15032a91ef4/logos/secondary_logo_black.png"", ""https://a.espncdn.com/guid/539babc5-e5fb-753b-8ae1-c15032a91ef4/logos/secondary_logo_white.png""]","[[""full"", ""default""], [""full"", ""dark""], [""full"", ""scoreboard""], [""full"", ""scoreboard"", ""dark""], [""full"", ""grayscale""], [""full"", ""primary_logo_on_white_color""], [""full"", ""primary_logo_on_black_color""], [""full"", ""primary_logo_on_primary_color""], [""full"", ""primary_logo_on_secondary_color""], [""full"", ""primary_logo_black""], [""full"", ""primary_logo_white""], [""full"", ""secondary_logo_on_white_color""], [""full"", ""secondary_logo_on_black_color""], [""full"", ""secondary_logo_on_primary_color""], [""full"", ""secondary_logo_on_secondary_color""], [""full"", ""secondary_logo_black""], [""full"", ""secondary_logo_white""]]","[500, 500, 500, 500, 500, 4096, 4096, 4096, 4096, 4096, 4096, 4096, 4096, 4096, 4096, 4096, 4096]",b0fc8fb7-9dbe-e574-9008-6f0ee7c6b234,8809,Cowboys,Cowboys
football,nfl,6,Dallas Cowboys,DAL,Dallas Cowboys,b0b7bc,002a5c,Dallas,Cowboys,dallas-cowboys,s:20~l:28~t:6,"[500, 500, 500, 500, 500, 4096, 4096, 4096, 4096, 4096, 4096, 4096, 4096, 4096, 4096, 4096, 4096]","[""https://a.espncdn.com/i/teamlogos/nfl/500/dal.png"", ""https://a.espncdn.com/i/teamlogos/nfl/500-dark/dal.png"", ""https://a.espncdn.com/i/teamlogos/nfl/500/scoreboard/dal.png"", ""https://a.espncdn.com/i/teamlogos/nfl/500-dark/scoreboard/dal.png"", ""https://a.espncdn.com/guid/539babc5-e5fb-753b-8ae1-c15032a91ef4/logos/grayscale.png"", ""https://a.espncdn.com/guid/539babc5-e5fb-753b-8ae1-c15032a91ef4/logos/primary_logo_on_white_color.png"", ""https://a.espncdn.com/guid/539babc5-e5fb-753b-8ae1-c15032a91ef4/logos/primary_logo_on_black_color.png"", ""https://a.espncdn.com/guid/539babc5-e5fb-753b-8ae1-c15032a91ef4/logos/primary_logo_on_primary_color.png"", ""https://a.espncdn.com/guid/539babc5-e5fb-753b-8ae1-c15032a91ef4/logos/primary_logo_on_secondary_color.png"", ""https://a.espncdn.com/guid/539babc5-e5fb-753b-8ae1-c15032a91ef4/logos/primary_logo_black.png"", ""https://a.espncdn.com/guid/539babc5-e5fb-753b-8ae1-c15032a91ef4/logos/primary_logo_white.png"", ""https://a.espncdn.com/guid/539babc5-e5fb-753b-8ae1-c15032a91ef4/logos/secondary_logo_on_white_color.png"", ""https://a.espncdn.com/guid/539babc5-e5fb-753b-8ae1-c15032a91ef4/logos/secondary_logo_on_black_color.png"", ""https://a.espncdn.com/guid/539babc5-e5fb-753b-8ae1-c15032a91ef4/logos/secondary_logo_on_primary_color.png"", ""https://a.espncdn.com/guid/539babc5-e5fb-753b-8ae1-c15032a91ef4/logos/secondary_logo_on_secondary_color.png"", ""https://a.espncdn.com/guid/539babc5-e5fb-753b-8ae1-c15032a91ef4/logos/secondary_logo_black.png"", ""https://a.espncdn.com/guid/539babc5-e5fb-753b-8ae1-c15032a91ef4/logos/secondary_logo_white.png""]","[[""full"", ""default""], [""full"", ""dark""], [""full"", ""scoreboard""], [""full"", ""scoreboard"", ""dark""], [""full"", ""grayscale""], [""full"", ""primary_logo_on_white_color""], [""full"", ""primary_logo_on_black_color""], [""full"", ""primary_logo_on_primary_color""], [""full"", ""primary_logo_on_secondary_color""], [""full"", ""primary_logo_black""], [""full"", ""primary_logo_white""], [""full"", ""secondary_logo_on_white_color""], [""full"", ""secondary_logo_on_black_color""], [""full"", ""secondary_logo_on_primary_color""], [""full"", ""secondary_logo_on_secondary_color""], [""full"", ""secondary_logo_black""], [""full"", ""secondary_logo_white""]]","[500, 500, 500, 500, 500, 4096, 4096, 4096, 4096, 4096, 4096, 4096, 4096, 4096, 4096, 4096, 4096]",b0fc8fb7-9dbe-e574-9008-6f0ee7c6b234,8809,Cowboys,Cowboys
football,nfl,6,Dallas Cowboys,DAL,Cowboys,b0b7bc,002a5c,Dallas,Cowboys,dallas-cowboys,s:20~l:28~t:6,"[500, 500, 500, 500, 500, 4096, 4096, 4096, 4096, 4096, 4096, 4096, 4096, 4096, 4096, 4096, 4096]","[""https://a.espncdn.com/i/teamlogos/nfl/500/dal.png"", ""https://a.espncdn.com/i/teamlogos/nfl/500-dark/dal.png"", ""https://a.espncdn.com/i/teamlogos/nfl/500/scoreboard/dal.png"", ""https://a.espncdn.com/i/teamlogos/nfl/500-dark/scoreboard/dal.png"", ""https://a.espncdn.com/guid/539babc5-e5fb-753b-8ae1-c15032a91ef4/logos/grayscale.png"", ""https://a.espncdn.com/guid/539babc5-e5fb-753b-8ae1-c15032a91ef4/logos/primary_logo_on_white_color.png"", ""https://a.espncdn.com/guid/539babc5-e5fb-753b-8ae1-c15032a91ef4/logos/primary_logo_on_black_color.png"", ""https://a.espncdn.com/guid/539babc5-e5fb-753b-8ae1-c15032a91ef4/logos/primary_logo_on_primary_color.png"", ""https://a.espncdn.com/guid/539babc5-e5fb-753b-8ae1-c15032a91ef4/logos/primary_logo_on_secondary_color.png"", ""https://a.espncdn.com/guid/539babc5-e5fb-753b-8ae1-c15032a91ef4/logos/primary_logo_black.png"", ""https://a.espncdn.com/guid/539babc5-e5fb-753b-8ae1-c15032a91ef4/logos/primary_logo_white.png"", ""https://a.espncdn.com/guid/539babc5-e5fb-753b-8ae1-c15032a91ef4/logos/secondary_logo_on_white_color.png"", ""https://a.espncdn.com/guid/539babc5-e5fb-753b-8ae1-c15032a91ef4/logos/secondary_logo_on_black_color.png"", ""https://a.espncdn.com/guid/539babc5-e5fb-753b-8ae1-c15032a91ef4/logos/secondary_logo_on_primary_color.png"", ""https://a.espncdn.com/guid/539babc5-e5fb-753b-8ae1-c15032a91ef4/logos/secondary_logo_on_secondary_color.png"", ""https://a.espncdn.com/guid/539babc5-e5fb-753b-8ae1-c15032a91ef4/logos/secondary_logo_black.png"", ""https://a.espncdn.com/guid/539babc5-e5fb-753b-8ae1-c15032a91ef4/logos/secondary_logo_white.png""]","[[""full"", ""default""], [""full"", ""dark""], [""full"", ""scoreboard""], [""full"", ""scoreboard"", ""dark""], [""full"", ""grayscale""], [""full"", ""primary_logo_on_white_color""], [""full"", ""primary_logo_on_black_color""], [""full"", ""primary_logo_on_primary_color""], [""full"", ""primary_logo_on_secondary_color""], [""full"", ""primary_logo_black""], [""full"", ""primary_logo_white""], [""full"", ""secondary_logo_on_white_color""], [""full"", ""secondary_logo_on_black_color""], [""full"", ""secondary_logo_on_primary_color""], [""full"", ""secondary_logo_on_secondary_color""], [""full"", ""secondary_logo_black""], [""full"", ""secondary_logo_white""]]","[500, 500, 500, 500, 500, 4096, 4096, 4096, 4096, 4096, 4096, 4096, 4096, 4096, 4096, 4096, 4096]",b0fc8fb7-9dbe-e574-9008-6f0ee7c6b234,8809,Cowboys,Cowboys
football,nfl,6,Dallas Cowboys,DAL,dallas-cowboys,b0b7bc,002a5c,Dallas,Cowboys,dallas-cowboys,s:20~l:28~t:6,"[500, 500, 500, 500, 500, 4096, 4096, 4096, 4096, 4096, 4096, 4096, 4096, 4096, 4096, 4096, 4096]","[""https://a.espncdn.com/i/teamlogos/nfl/500/dal.png"", ""https://a.espncdn.com/i/teamlogos/nfl/500-dark/dal.png"", ""https://a.espncdn.com/i/teamlogos/nfl/500/scoreboard/dal.png"", ""https://a.espncdn.com/i/teamlogos/nfl/500-dark/scoreboard/dal.png"", ""https://a.espncdn.com/guid/539babc5-e5fb-753b-8ae1-c15032a91ef4/logos/grayscale.png"", ""https://a.espncdn.com/guid/539babc5-e5fb-753b-8ae1-c15032a91ef4/logos/primary_logo_on_white_color.png"", ""https://a.espncdn.com/guid/539babc5-e5fb-753b-8ae1-c15032a91ef4/logos/primary_logo_on_black_color.png"", ""https://a.espncdn.com/guid/539babc5-e5fb-753b-8ae1-c15032a91ef4/logos/primary_logo_on_primary_color.png"", ""https://a.espncdn.com/guid/539babc5-e5fb-753b-8ae1-c15032a91ef4/logos/primary_logo_on_secondary_color.png"", ""https://a.espncdn.com/guid/539babc5-e5fb-753b-8ae1-c15032a91ef4/logos/primary_logo_black.png"", ""https://a.espncdn.com/guid/539babc5-e5fb-753b-8ae1-c15032a91ef4/logos/primary_logo_white.png"", ""https://a.espncdn.com/guid/539babc5-e5fb-753b-8ae1-c15032a91ef4/logos/secondary_logo_on_white_color.png"", ""https://a.espncdn.com/guid/539babc5-e5fb-753b-8ae1-c15032a91ef4/logos/secondary_logo_on_black_color.png"", ""https://a.espncdn.com/guid/539babc5-e5fb-753b-8ae1-c15032a91ef4/logos/secondary_logo_on_primary_color.png"", ""https://a.espncdn.com/guid/539babc5-e5fb-753b-8ae1-c15032a91ef4/logos/secondary_logo_on_secondary_color.png"", ""https://a.espncdn.com/guid/539babc5-e5fb-753b-8ae1-c15032a91ef4/logos/secondary_logo_black.png"", ""https://a.espncdn.com/guid/539babc5-e5fb-753b-8ae1-c15032a91ef4/logos/secondary_logo_white.png""]","[[""full"", ""default""], [""full"", ""dark""], [""full"", ""scoreboard""], [""full"", ""scoreboard"", ""dark""], [""full"", ""grayscale""], [""full"", ""primary_logo_on_white_color""], [""full"", ""primary_logo_on_black_color""], [""full"", ""primary_logo_on_primary_color""], [""full"", ""primary_logo_on_secondary_color""], [""full"", ""primary_logo_black""], [""full"", ""primary_logo_white""], [""full"", ""secondary_logo_on_white_color""], [""full"", ""secondary_logo_on_black_color""], [""full"", ""secondary_logo_on_primary_color""], [""full"", ""secondary_logo_on_secondary_color""], [""full"", ""secondary_logo_black""], [""full"", ""secondary_logo_white""]]","[500, 500, 500, 500, 500, 4096, 4096, 4096, 4096, 4096, 4096, 4096, 4096, 4096, 4096, 4096, 4096]",b0fc8fb7-9dbe-e574-9008-6f0ee7c6b234,8809,Cowboys,Cowboys
football,nfl,7,Denver Broncos,DEN,7,fc4c02,0a2343,Denver,Broncos,denver-broncos,s:20~l:28~t:7,"[500, 500, 500, 500, 500, 4096, 4096, 4096, 4096, 4096, 4096, 4096, 4096, 4096, 4096, 4096, 4096]","[""https://a.espncdn.com/i/teamlogos/nfl/500/den.png"", ""https://a.espncdn.com/i/teamlogos/nfl/500-dark/den.png"", ""https://a.espncdn.com/i/teamlogos/nfl/500/scoreboard/den.png"", ""https://a.espncdn.com/i/teamlogos/nfl/500-dark/scoreboard/den.png"", ""https://a.espncdn.com/guid/b0fc8fb7-9dbe-e574-9008-6f0ee7c6b234/logos/grayscale.png"", ""https://a.espncdn.com/guid/b0fc8fb7-9dbe-e574-9008-6f0ee7c6b234/logos/primary_logo_on_white_color.png"", ""https://a.espncdn.com/guid/b0fc8fb7-9dbe-e574-9008-6f0ee7c6b234/logos/primary_logo_on_black_color.png"", ""https://a.espncdn.com/guid/b0fc8fb7-9dbe-e574-9008-6f0ee7c6b234/logos/primary_logo_on_primary_color.png"", ""https://a.espncdn.com/guid/b0fc8fb7-9dbe-e574-9008-6f0ee7c6b234/logos/primary_logo_on_secondary_color.png"", ""https://a.espncdn.com/guid/b0fc8fb7-9dbe-e574-9008-6f0ee7c6b234/logos/primary_logo_black.png"", ""https://a.espncdn.com/guid/b0fc8fb7-9dbe-e574-9008-6f0ee7c6b234/logos/primary_logo_white.png"", ""https://a.espncdn.com/guid/b0fc8fb7-9dbe-e574-9008-6f0ee7c6b234/logos/secondary_logo_on_white_color.png"", ""https://a.espncdn.com/guid/b0fc8fb7-9dbe-e574-9008-6f0ee7c6b234/logos/secondary_logo_on_black_color.png"", ""https://a.espncdn.com/guid/b0fc8fb7-9dbe-e574-9008-6f0ee7c6b234/logos/secondary_logo_on_primary_color.png"", ""https://a.espncdn.com/guid/b0fc8fb7-9dbe-e574-9008-6f0ee7c6b234/logos/secondary_logo_on_secondary_color.png"", ""https://a.espncdn.com/guid/b0fc8fb7-9dbe-e574-9008-6f0ee7c6b234/logos/secondary_logo_black.png"", ""https://a.espncdn.com/guid/b0fc8fb7-9dbe-e574-9008-6f0ee7c6b234/logos/secondary_logo_white.png""]","[[""full"", ""default""], [""full"", ""dark""], [""full"", ""scoreboard""], [""full"", ""scoreboard"", ""dark""], [""full"", ""grayscale""], [""full"", ""primary_logo_on_white_color""], [""full"", ""primary_logo_on_black_color""], [""full"", ""primary_logo_on_primary_color""], [""full"", ""primary_logo_on_secondary_color""], [""full"", ""primary_logo_black""], [""full"", ""primary_logo_white""], [""full"", ""secondary_logo_on_white_color""], [""full"", ""secondary_logo_on_black_color""], [""full"", ""secondary_logo_on_primary_color""], [""full"", ""secondary_logo_on_secondary_color""], [""full"", ""secondary_logo_black""], [""full"", ""secondary_logo_white""]]","[500, 500, 500, 500, 500, 4096, 4096, 4096, 4096, 4096, 4096, 4096, 4096, 4096, 4096, 4096, 4096]",51042145-e3c1-0694-ae0d-f720342ff8fc,8810,Broncos,Broncos
football,nfl,7,Denver Broncos,DEN,DEN,fc4c02,0a2343,Denver,Broncos,denver-broncos,s:20~l:28~t:7,"[500, 500, 500, 500, 500, 4096, 4096, 4096, 4096, 4096, 4096, 4096, 4096, 4096, 4096, 4096, 4096]","[""https://a.espncdn.com/i/teamlogos/nfl/500/den.png"", ""https://a.espncdn.com/i/teamlogos/nfl/500-dark/den.png"", ""https://a.espncdn.com/i/teamlogos/nfl/500/scoreboard/den.png"", ""https://a.espncdn.com/i/teamlogos/nfl/500-dark/scoreboard/den.png"", ""https://a.espncdn.com/guid/b0fc8fb7-9dbe-e574-9008-6f0ee7c6b234/logos/grayscale.png"", ""https://a.espncdn.com/guid/b0fc8fb7-9dbe-e574-9008-6f0ee7c6b234/logos/primary_logo_on_white_color.png"", ""https://a.espncdn.com/guid/b0fc8fb7-9dbe-e574-9008-6f0ee7c6b234/logos/primary_logo_on_black_color.png"", ""https://a.espncdn.com/guid/b0fc8fb7-9dbe-e574-9008-6f0ee7c6b234/logos/primary_logo_on_primary_color.png"", ""https://a.espncdn.com/guid/b0fc8fb7-9dbe-e574-9008-6f0ee7c6b234/logos/primary_logo_on_secondary_color.png"", ""https://a.espncdn.com/guid/b0fc8fb7-9dbe-e574-9008-6f0ee7c6b234/logos/primary_logo_black.png"", ""https://a.espncdn.com/guid/b0fc8fb7-9dbe-e574-9008-6f0ee7c6b234/logos/primary_logo_white.png"", ""https://a.espncdn.com/guid/b0fc8fb7-9dbe-e574-9008-6f0ee7c6b234/logos/secondary_logo_on_white_color.png"", ""https://a.espncdn.com/guid/b0fc8fb7-9dbe-e574-9008-6f0ee7c6b234/logos/secondary_logo_on_black_color.png"", ""https://a.espncdn.com/guid/b0fc8fb7-9dbe-e574-9008-6f0ee7c6b234/logos/secondary_logo_on_primary_color.png"", ""https://a.espncdn.com/guid/b0fc8fb7-9dbe-e574-9008-6f0ee7c6b234/logos/secondary_logo_on_secondary_color.png"", ""https://a.espncdn.com/guid/b0fc8fb7-9dbe-e574-9008-6f0ee7c6b234/logos/secondary_logo_black.png"", ""https://a.espncdn.com/guid/b0fc8fb7-9dbe-e574-9008-6f0ee7c6b234/logos/secondary_logo_white.png""]","[[""full"", ""default""], [""full"", ""dark""], [""full"", ""scoreboard""], [""full"", ""scoreboard"", ""dark""], [""full"", ""grayscale""], [""full"", ""primary_logo_on_white_color""], [""full"", ""primary_logo_on_black_color""], [""full"", ""primary_logo_on_primary_color""], [""full"", ""primary_logo_on_secondary_color""], [""full"", ""primary_logo_black""], [""full"", ""primary_logo_white""], [""full"", ""secondary_logo_on_white_color""], [""full"", ""secondary_logo_on_black_color""], [""full"", ""secondary_logo_on_primary_color""], [""full"", ""secondary_logo_on_secondary_color""], [""full"", ""secondary_logo_black""], [""full"", ""secondary_logo_white""]]","[500, 500, 500, 500, 500, 4096, 4096, 4096, 4096, 4096, 4096, 4096, 4096, 4096, 4096, 4096, 4096]",51042145-e3c1-0694-ae0d-f720342ff8fc,8810,Broncos,Broncos
football,nfl,7,Denver Broncos,DEN,Denver Broncos,fc4c02,0a2343,Denver,Broncos,denver-broncos,s:20~l:28~t:7,"[500, 500, 500, 500, 500, 4096, 4096, 4096, 4096, 4096, 4096, 4096, 4096, 4096, 4096, 4096, 4096]","[""https://a.espncdn.com/i/teamlogos/nfl/500/den.png"", ""https://a.espncdn.com/i/teamlogos/nfl/500-dark/den.png"", ""https://a.espncdn.com/i/teamlogos/nfl/500/scoreboard/den.png"", ""https://a.espncdn.com/i/teamlogos/nfl/500-dark/scoreboard/den.png"", ""https://a.espncdn.com/guid/b0fc8fb7-9dbe-e574-9008-6f0ee7c6b234/logos/grayscale.png"", ""https://a.espncdn.com/guid/b0fc8fb7-9dbe-e574-9008-6f0ee7c6b234/logos/primary_logo_on_white_color.png"", ""https://a.espncdn.com/guid/b0fc8fb7-9dbe-e574-9008-6f0ee7c6b234/logos/primary_logo_on_black_color.png"", ""https://a.espncdn.com/guid/b0fc8fb7-9dbe-e574-9008-6f0ee7c6b234/logos/primary_logo_on_primary_color.png"", ""https://a.espncdn.com/guid/b0fc8fb7-9dbe-e574-9008-6f0ee7c6b234/logos/primary_logo_on_secondary_color.png"", ""https://a.espncdn.com/guid/b0fc8fb7-9dbe-e574-9008-6f0ee7c6b234/logos/primary_logo_black.png"", ""https://a.espncdn.com/guid/b0fc8fb7-9dbe-e574-9008-6f0ee7c6b234/logos/primary_logo_white.png"", ""https://a.espncdn.com/guid/b0fc8fb7-9dbe-e574-9008-6f0ee7c6b234/logos/secondary_logo_on_white_color.png"", ""https://a.espncdn.com/guid/b0fc8fb7-9dbe-e574-9008-6f0ee7c6b234/logos/secondary_logo_on_black_color.png"", ""https://a.espncdn.com/guid/b0fc8fb7-9dbe-e574-9008-6f0ee7c6b234/logos/secondary_logo_on_primary_color.png"", ""https://a.espncdn.com/guid/b0fc8fb7-9dbe-e574-9008-6f0ee7c6b234/logos/secondary_logo_on_secondary_color.png"", ""https://a.espncdn.com/guid/b0fc8fb7-9dbe-e574-9008-6f0ee7c6b234/logos/secondary_logo_black.png"", ""https://a.espncdn.com/guid/b0fc8fb7-9dbe-e574-9008-6f0ee7c6b234/logos/secondary_logo_white.png""]","[[""full"", ""default""], [""full"", ""dark""], [""full"", ""scoreboard""], [""full"", ""scoreboard"", ""dark""], [""full"", ""grayscale""], [""full"", ""primary_logo_on_white_color""], [""full"", ""primary_logo_on_black_color""], [""full"", ""primary_logo_on_primary_color""], [""full"", ""primary_logo_on_secondary_color""], [""full"", ""primary_logo_black""], [""full"", ""primary_logo_white""], [""full"", ""secondary_logo_on_white_color""], [""full"", ""secondary_logo_on_black_color""], [""full"", ""secondary_logo_on_primary_color""], [""full"", ""secondary_logo_on_secondary_color""], [""full"", ""secondary_logo_black""], [""full"", ""secondary_logo_white""]]","[500, 500, 500, 500, 500, 4096, 4096, 4096, 4096, 4096, 4096, 4096, 4096, 4096, 4096, 4096, 4096]",51042145-e3c1-0694-ae0d-f720342ff8fc,8810,Broncos,Broncos
football,nfl,7,Denver Broncos,DEN,Broncos,fc4c02,0a2343,Denver,Broncos,denver-broncos,s:20~l:28~t:7,"[500, 500, 500, 500, 500, 4096, 4096, 4096, 4096, 4096, 4096, 4096, 4096, 4096, 4096, 4096, 4096]","[""https://a.espncdn.com/i/teamlogos/nfl/500/den.png"", ""https://a.espncdn.com/i/teamlogos/nfl/500-dark/den.png"", ""https://a.espncdn.com/i/teamlogos/nfl/500/scoreboard/den.png"", ""https://a.espncdn.com/i/teamlogos/nfl/500-dark/scoreboard/den.png"", ""https://a.espncdn.com/guid/b0fc8fb7-9dbe-e574-9008-6f0ee7c6b234/logos/grayscale.png"", ""https://a.espncdn.com/guid/b0fc8fb7-9dbe-e574-9008-6f0ee7c6b234/logos/primary_logo_on_white_color.png"", ""https://a.espncdn.com/guid/b0fc8fb7-9dbe-e574-9008-6f0ee7c6b234/logos/primary_logo_on_black_color.png"", ""https://a.espncdn.com/guid/b0fc8fb7-9dbe-e574-9008-6f0ee7c6b234/logos/primary_logo_on_primary_color.png"", ""https://a.espncdn.com/guid/b0fc8fb7-9dbe-e574-9008-6f0ee7c6b234/logos/primary_logo_on_secondary_color.png"", ""https://a.espncdn.com/guid/b0fc8fb7-9dbe-e574-9008-6f0ee7c6b234/logos/primary_logo_black.png"", ""https://a.espncdn.com/guid/b0fc8fb7-9dbe-e574-9008-6f0ee7c6b234/logos/primary_logo_white.png"", ""https://a.espncdn.com/guid/b0fc8fb7-9dbe-e574-9008-6f0ee7c6b234/logos/secondary_logo_on_white_color.png"", ""https://a.espncdn.com/guid/b0fc8fb7-9dbe-e574-9008-6f0ee7c6b234/logos/secondary_logo_on_black_color.png"", ""https://a.espncdn.com/guid/b0fc8fb7-9dbe-e574-9008-6f0ee7c6b234/logos/secondary_logo_on_primary_color.png"", ""https://a.espncdn.com/guid/b0fc8fb7-9dbe-e574-9008-6f0ee7c6b234/logos/secondary_logo_on_secondary_color.png"", ""https://a.espncdn.com/guid/b0fc8fb7-9dbe-e574-9008-6f0ee7c6b234/logos/secondary_logo_black.png"", ""https://a.espncdn.com/guid/b0fc8fb7-9dbe-e574-9008-6f0ee7c6b234/logos/secondary_logo_white.png""]","[[""full"", ""default""], [""full"", ""dark""], [""full"", ""scoreboard""], [""full"", ""scoreboard"", ""dark""], [""full"", ""grayscale""], [""full"", ""primary_logo_on_white_color""], [""full"", ""primary_logo_on_black_color""], [""full"", ""primary_logo_on_primary_color""], [""full"", ""primary_logo_on_secondary_color""], [""full"", ""primary_logo_black""], [""full"", ""primary_logo_white""], [""full"", ""secondary_logo_on_white_color""], [""full"", ""secondary_logo_on_black_color""], [""full"", ""secondary_logo_on_primary_color""], [""full"", ""secondary_logo_on_secondary_color""], [""full"", ""secondary_logo_black""], [""full"", ""secondary_logo_white""]]","[500, 500, 500, 500, 500, 4096, 4096, 4096, 4096, 4096, 4096, 4096, 4096, 4096, 4096, 4096, 4096]",51042145-e3c1-0694-ae0d-f720342ff8fc,8810,Broncos,Broncos
football,nfl,7,Denver Broncos,DEN,denver-broncos,fc4c02,0a2343,Denver,Broncos,denver-broncos,s:20~l:28~t:7,"[500, 500, 500, 500, 500, 4096, 4096, 4096, 4096, 4096, 4096, 4096, 4096, 4096, 4096, 4096, 4096]","[""https://a.espncdn.com/i/teamlogos/nfl/500/den.png"", ""https://a.espncdn.com/i/teamlogos/nfl/500-dark/den.png"", ""https://a.espncdn.com/i/teamlogos/nfl/500/scoreboard/den.png"", ""https://a.espncdn.com/i/teamlogos/nfl/500-dark/scoreboard/den.png"", ""https://a.espncdn.com/guid/b0fc8fb7-9dbe-e574-9008-6f0ee7c6b234/logos/grayscale.png"", ""https://a.espncdn.com/guid/b0fc8fb7-9dbe-e574-9008-6f0ee7c6b234/logos/primary_logo_on_white_color.png"", ""https://a.espncdn.com/guid/b0fc8fb7-9dbe-e574-9008-6f0ee7c6b234/logos/primary_logo_on_black_color.png"", ""https://a.espncdn.com/guid/b0fc8fb7-9dbe-e574-9008-6f0ee7c6b234/logos/primary_logo_on_primary_color.png"", ""https://a.espncdn.com/guid/b0fc8fb7-9dbe-e574-9008-6f0ee7c6b234/logos/primary_logo_on_secondary_color.png"", ""https://a.espncdn.com/guid/b0fc8fb7-9dbe-e574-9008-6f0ee7c6b234/logos/primary_logo_black.png"", ""https://a.espncdn.com/guid/b0fc8fb7-9dbe-e574-9008-6f0ee7c6b234/logos/primary_logo_white.png"", ""https://a.espncdn.com/guid/b0fc8fb7-9dbe-e574-9008-6f0ee7c6b234/logos/secondary_logo_on_white_color.png"", ""https://a.espncdn.com/guid/b0fc8fb7-9dbe-e574-9008-6f0ee7c6b234/logos/secondary_logo_on_black_color.png"", ""https://a.espncdn.com/guid/b0fc8fb7-9dbe-e574-9008-6f0ee7c6b234/logos/secondary_logo_on_primary_color.png"", ""https://a.espncdn.com/guid/b0fc8fb7-9dbe-e574-9008-6f0ee7c6b234/logos/secondary_logo_on_secondary_color.png"", ""https://a.espncdn.com/guid/b0fc8fb7-9dbe-e574-9008-6f0ee7c6b234/logos/secondary_logo_black.png"", ""https://a.espncdn.com/guid/b0fc8fb7-9dbe-e574-9008-6f0ee7c6b234/logos/secondary_logo_white.png""]","[[""full"", ""default""], [""full"", ""dark""], [""full"", ""scoreboard""], [""full"", ""scoreboard"", ""dark""], [""full"", ""grayscale""], [""full"", ""primary_logo_on_white_color""], [""full"", ""primary_logo_on_black_color""], [""full"", ""primary_logo_on_primary_color""], [""full"", ""primary_logo_on_secondary_color""], [""full"", ""primary_logo_black""], [""full"", ""primary_logo_white""], [""full"", ""secondary_logo_on_white_color""], [""full"", ""secondary_logo_on_black_color""], [""full"", ""secondary_logo_on_primary_color""], [""full"", ""secondary_logo_on_secondary_color""], [""full"", ""secondary_logo_black""], [""full"", ""secondary_logo_white""]]","[500, 500, 500, 500, 500, 4096, 4096, 4096, 4096, 4096, 4096, 4096, 4096, 4096, 4096, 4096, 4096]",51042145-e3c1-0694-ae0d-f720342ff8fc,8810,Broncos,Broncos
football,nfl,8,Detroit Lions,DET,8,bbbbbb,0076b6,Detroit,Lions,detroit-lions,s:20~l:28~t:8,"[500, 500, 500, 500, 500, 4096, 4096, 4096, 4096, 4096, 4096, 4096, 4096, 4096, 4096, 4096, 4096]","[""https://a.espncdn.com/i/teamlogos/nfl/500/det.png"", ""https://a.espncdn.com/i/teamlogos/nfl/500-dark/det.png"", ""https://a.espncdn.com/i/teamlogos/nfl/500/scoreboard/det.png"", ""https://a.espncdn.com/i/teamlogos/nfl/500-dark/scoreboard/det.png"", ""https://a.espncdn.com/guid/51042145-e3c1-0694-ae0d-f720342ff8fc/logos/grayscale.png"", ""https://a.espncdn.com/guid/51042145-e3c1-0694-ae0d-f720342ff8fc/logos/primary_logo_on_white_color.png"", ""https://a.espncdn.com/guid/51042145-e3c1-0694-ae0d-f720342ff8fc/logos/primary_logo_on_black_color.png"", ""https://a.espncdn.com/guid/51042145-e3c1-0694-ae0d-f720342ff8fc/logos/primary_logo_on_primary_color.png"", ""https://a.espncdn.com/guid/51042145-e3c1-0694-ae0d-f720342ff8fc/logos/primary_logo_on_secondary_color.png"", ""https://a.espncdn.com/guid/51042145-e3c1-0694-ae0d-f720342ff8fc/logos/primary_logo_black.png"", ""https://a.espncdn.com/guid/51042145-e3c1-0694-ae0d-f720342ff8fc/logos/primary_logo_white.png"", ""https://a.espncdn.com/guid/51042145-e3c1-0694-ae0d-f720342ff8fc/logos/secondary_logo_on_white_color.png"", ""https://a.espncdn.com/guid/51042145-e3c1-0694-ae0d-f720342ff8fc/logos/secondary_logo_on_black_color.png"", ""https://a.espncdn.com/guid/51042145-e3c1-0694-ae0d-f720342ff8fc/logos/secondary_logo_on_primary_color.png"", ""https://a.espncdn.com/guid/51042145-e3c1-0694-ae0d-f720342ff8fc/logos/secondary_logo_on_secondary_color.png"", ""https://a.espncdn.com/guid/51042145-e3c1-0694-ae0d-f720342ff8fc/logos/secondary_logo_black.png"", ""https://a.espncdn.com/guid/51042145-e3c1-0694-ae0d-f720342ff8fc/logos/secondary_logo_white.png""]","[[""full"", ""default""], [""full"", ""dark""], [""full"", ""scoreboard""], [""full"", ""scoreboard"", ""dark""], [""full"", ""grayscale""], [""full"", ""primary_logo_on_white_color""], [""full"", ""primary_logo_on_black_color""], [""full"", ""primary_logo_on_primary_color""], [""full"", ""primary_logo_on_secondary_color""], [""full"", ""primary_logo_black""], [""full"", ""primary_logo_white""], [""full"", ""secondary_logo_on_white_color""], [""full"", ""secondary_logo_on_black_color""], [""full"", ""secondary_logo_on_primary_color""], [""full"", ""secondary_logo_on_secondary_color""], [""full"", ""secondary_logo_black""], [""full"", ""secondary_logo_white""]]","[500, 500, 500, 500, 500, 4096, 4096, 4096, 4096, 4096, 4096, 4096, 4096, 4096, 4096, 4096, 4096]",56caffee-178d-f6f2-a076-b277486b8c32,8811,Lions,Lions
football,nfl,8,Detroit Lions,DET,DET,bbbbbb,0076b6,Detroit,Lions,detroit-lions,s:20~l:28~t:8,"[500, 500, 500, 500, 500, 4096, 4096, 4096, 4096, 4096, 4096, 4096, 4096, 4096, 4096, 4096, 4096]","[""https://a.espncdn.com/i/teamlogos/nfl/500/det.png"", ""https://a.espncdn.com/i/teamlogos/nfl/500-dark/det.png"", ""https://a.espncdn.com/i/teamlogos/nfl/500/scoreboard/det.png"", ""https://a.espncdn.com/i/teamlogos/nfl/500-dark/scoreboard/det.png"", ""https://a.espncdn.com/guid/51042145-e3c1-0694-ae0d-f720342ff8fc/logos/grayscale.png"", ""https://a.espncdn.com/guid/51042145-e3c1-0694-ae0d-f720342ff8fc/logos/primary_logo_on_white_color.png"", ""https://a.espncdn.com/guid/51042145-e3c1-0694-ae0d-f720342ff8fc/logos/primary_logo_on_black_color.png"", ""https://a.espncdn.com/guid/51042145-e3c1-0694-ae0d-f720342ff8fc/logos/primary_logo_on_primary_color.png"", ""https://a.espncdn.com/guid/51042145-e3c1-0694-ae0d-f720342ff8fc/logos/primary_logo_on_secondary_color.png"", ""https://a.espncdn.com/guid/51042145-e3c1-0694-ae0d-f720342ff8fc/logos/primary_logo_black.png"", ""https://a.espncdn.com/guid/51042145-e3c1-0694-ae0d-f720342ff8fc/logos/primary_logo_white.png"", ""https://a.espncdn.com/guid/51042145-e3c1-0694-ae0d-f720342ff8fc/logos/secondary_logo_on_white_color.png"", ""https://a.espncdn.com/guid/51042145-e3c1-0694-ae0d-f720342ff8fc/logos/secondary_logo_on_black_color.png"", ""https://a.espncdn.com/guid/51042145-e3c1-0694-ae0d-f720342ff8fc/logos/secondary_logo_on_primary_color.png"", ""https://a.espncdn.com/guid/51042145-e3c1-0694-ae0d-f720342ff8fc/logos/secondary_logo_on_secondary_color.png"", ""https://a.espncdn.com/guid/51042145-e3c1-0694-ae0d-f720342ff8fc/logos/secondary_logo_black.png"", ""https://a.espncdn.com/guid/51042145-e3c1-0694-ae0d-f720342ff8fc/logos/secondary_logo_white.png""]","[[""full"", ""default""], [""full"", ""dark""], [""full"", ""scoreboard""], [""full"", ""scoreboard"", ""dark""], [""full"", ""grayscale""], [""full"", ""primary_logo_on_white_color""], [""full"", ""primary_logo_on_black_color""], [""full"", ""primary_logo_on_primary_color""], [""full"", ""primary_logo_on_secondary_color""], [""full"", ""primary_logo_black""], [""full"", ""primary_logo_white""], [""full"", ""secondary_logo_on_white_color""], [""full"", ""secondary_logo_on_black_color""], [""full"", ""secondary_logo_on_primary_color""], [""full"", ""secondary_logo_on_secondary_color""], [""full"", ""secondary_logo_black""], [""full"", ""secondary_logo_white""]]","[500, 500, 500, 500, 500, 4096, 4096, 4096, 4096, 4096, 4096, 4096, 4096, 4096, 4096, 4096, 4096]",56caffee-178d-f6f2-a076-b277486b8c32,8811,Lions,Lions
football,nfl,8,Detroit Lions,DET,Detroit Lions,bbbbbb,0076b6,Detroit,Lions,detroit-lions,s:20~l:28~t:8,"[500, 500, 500, 500, 500, 4096, 4096, 4096, 4096, 4096, 4096, 4096, 4096, 4096, 4096, 4096, 4096]","[""https://a.espncdn.com/i/teamlogos/nfl/500/det.png"", ""https://a.espncdn.com/i/teamlogos/nfl/500-dark/det.png"", ""https://a.espncdn.com/i/teamlogos/nfl/500/scoreboard/det.png"", ""https://a.espncdn.com/i/teamlogos/nfl/500-dark/scoreboard/det.png"", ""https://a.espncdn.com/guid/51042145-e3c1-0694-ae0d-f720342ff8fc/logos/grayscale.png"", ""https://a.espncdn.com/guid/51042145-e3c1-0694-ae0d-f720342ff8fc/logos/primary_logo_on_white_color.png"", ""https://a.espncdn.com/guid/51042145-e3c1-0694-ae0d-f720342ff8fc/logos/primary_logo_on_black_color.png"", ""https://a.espncdn.com/guid/51042145-e3c1-0694-ae0d-f720342ff8fc/logos/primary_logo_on_primary_color.png"", ""https://a.espncdn.com/guid/51042145-e3c1-0694-ae0d-f720342ff8fc/logos/primary_logo_on_secondary_color.png"", ""https://a.espncdn.com/guid/51042145-e3c1-0694-ae0d-f720342ff8fc/logos/primary_logo_black.png"", ""https://a.espncdn.com/guid/51042145-e3c1-0694-ae0d-f720342ff8fc/logos/primary_logo_white.png"", ""https://a.espncdn.com/guid/51042145-e3c1-0694-ae0d-f720342ff8fc/logos/secondary_logo_on_white_color.png"", ""https://a.espncdn.com/guid/51042145-e3c1-0694-ae0d-f720342ff8fc/logos/secondary_logo_on_black_color.png"", ""https://a.espncdn.com/guid/51042145-e3c1-0694-ae0d-f720342ff8fc/logos/secondary_logo_on_primary_color.png"", ""https://a.espncdn.com/guid/51042145-e3c1-0694-ae0d-f720342ff8fc/logos/secondary_logo_on_secondary_color.png"", ""https://a.espncdn.com/guid/51042145-e3c1-0694-ae0d-f720342ff8fc/logos/secondary_logo_black.png"", ""https://a.espncdn.com/guid/51042145-e3c1-0694-ae0d-f720342ff8fc/logos/secondary_logo_white.png""]","[[""full"", ""default""], [""full"", ""dark""], [""full"", ""scoreboard""], [""full"", ""scoreboard"", ""dark""], [""full"", ""grayscale""], [""full"", ""primary_logo_on_white_color""], [""full"", ""primary_logo_on_black_color""], [""full"", ""primary_logo_on_primary_color""], [""full"", ""primary_logo_on_secondary_color""], [""full"", ""primary_logo_black""], [""full"", ""primary_logo_white""], [""full"", ""secondary_logo_on_white_color""], [""full"", ""secondary_logo_on_black_color""], [""full"", ""secondary_logo_on_primary_color""], [""full"", ""secondary_logo_on_secondary_color""], [""full"", ""secondary_logo_black""], [""full"", ""secondary_logo_white""]]","[500, 500, 500, 500, 500, 4096, 4096, 4096, 4096, 4096, 4096, 4096, 4096, 4096, 4096, 4096, 4096]",56caffee-178d-f6f2-a076-b277486b8c32,8811,Lions,Lions
football,nfl,8,Detroit Lions,DET,Lions,bbbbbb,0076b6,Detroit,Lions,detroit-lions,s:20~l:28~t:8,"[500, 500, 500, 500, 500, 4096, 4096, 4096, 4096, 4096, 4096, 4096, 4096, 4096, 4096, 4096, 4096]","[""https://a.espncdn.com/i/teamlogos/nfl/500/det.png"", ""https://a.espncdn.com/i/teamlogos/nfl/500-dark/det.png"", ""https://a.espncdn.com/i/teamlogos/nfl/500/scoreboard/det.png"", ""https://a.espncdn.com/i/teamlogos/nfl/500-dark/scoreboard/det.png"", ""https://a.espncdn.com/guid/51042145-e3c1-0694-ae0d-f720342ff8fc/logos/grayscale.png"", ""https://a.espncdn.com/guid/51042145-e3c1-0694-ae0d-f720342ff8fc/logos/primary_logo_on_white_color.png"", ""https://a.espncdn.com/guid/51042145-e3c1-0694-ae0d-f720342ff8fc/logos/primary_logo_on_black_color.png"", ""https://a.espncdn.com/guid/51042145-e3c1-0694-ae0d-f720342ff8fc/logos/primary_logo_on_primary_color.png"", ""https://a.espncdn.com/guid/51042145-e3c1-0694-ae0d-f720342ff8fc/logos/primary_logo_on_secondary_color.png"", ""https://a.espncdn.com/guid/51042145-e3c1-0694-ae0d-f720342ff8fc/logos/primary_logo_black.png"", ""https://a.espncdn.com/guid/51042145-e3c1-0694-ae0d-f720342ff8fc/logos/primary_logo_white.png"", ""https://a.espncdn.com/guid/51042145-e3c1-0694-ae0d-f720342ff8fc/logos/secondary_logo_on_white_color.png"", ""https://a.espncdn.com/guid/51042145-e3c1-0694-ae0d-f720342ff8fc/logos/secondary_logo_on_black_color.png"", ""https://a.espncdn.com/guid/51042145-e3c1-0694-ae0d-f720342ff8fc/logos/secondary_logo_on_primary_color.png"", ""https://a.espncdn.com/guid/51042145-e3c1-0694-ae0d-f720342ff8fc/logos/secondary_logo_on_secondary_color.png"", ""https://a.espncdn.com/guid/51042145-e3c1-0694-ae0d-f720342ff8fc/logos/secondary_logo_black.png"", ""https://a.espncdn.com/guid/51042145-e3c1-0694-ae0d-f720342ff8fc/logos/secondary_logo_white.png""]","[[""full"", ""default""], [""full"", ""dark""], [""full"", ""scoreboard""], [""full"", ""scoreboard"", ""dark""], [""full"", ""grayscale""], [""full"", ""primary_logo_on_white_color""], [""full"", ""primary_logo_on_black_color""], [""full"", ""primary_logo_on_primary_color""], [""full"", ""primary_logo_on_secondary_color""], [""full"", ""primary_logo_black""], [""full"", ""primary_logo_white""], [""full"", ""secondary_logo_on_white_color""], [""full"", ""secondary_logo_on_black_color""], [""full"", ""secondary_logo_on_primary_color""], [""full"", ""secondary_logo_on_secondary_color""], [""full"", ""secondary_logo_black""], [""full"", ""secondary_logo_white""]]","[500, 500, 500, 500, 500, 4096, 4096, 4096, 4096, 4096, 4096, 4096, 4096, 4096, 4096, 4096, 4096]",56caffee-178d-f6f2-a076-b277486b8c32,8811,Lions,Lions
football,nfl,8,Detroit Lions,DET,detroit-lions,bbbbbb,0076b6,Detroit,Lions,detroit-lions,s:20~l:28~t:8,"[500, 500, 500, 500, 500, 4096, 4096, 4096, 4096, 4096, 4096, 4096, 4096, 4096, 4096, 4096, 4096]","[""https://a.espncdn.com/i/teamlogos/nfl/500/det.png"", ""https://a.espncdn.com/i/teamlogos/nfl/500-dark/det.png"", ""https://a.espncdn.com/i/teamlogos/nfl/500/scoreboard/det.png"", ""https://a.espncdn.com/i/teamlogos/nfl/500-dark/scoreboard/det.png"", ""https://a.espncdn.com/guid/51042145-e3c1-0694-ae0d-f720342ff8fc/logos/grayscale.png"", ""https://a.espncdn.com/guid/51042145-e3c1-0694-ae0d-f720342ff8fc/logos/primary_logo_on_white_color.png"", ""https://a.espncdn.com/guid/51042145-e3c1-0694-ae0d-f720342ff8fc/logos/primary_logo_on_black_color.png"", ""https://a.espncdn.com/guid/51042145-e3c1-0694-ae0d-f720342ff8fc/logos/primary_logo_on_primary_color.png"", ""https://a.espncdn.com/guid/51042145-e3c1-0694-ae0d-f720342ff8fc/logos/primary_logo_on_secondary_color.png"", ""https://a.espncdn.com/guid/51042145-e3c1-0694-ae0d-f720342ff8fc/logos/primary_logo_black.png"", ""https://a.espncdn.com/guid/51042145-e3c1-0694-ae0d-f720342ff8fc/logos/primary_logo_white.png"", ""https://a.espncdn.com/guid/51042145-e3c1-0694-ae0d-f720342ff8fc/logos/secondary_logo_on_white_color.png"", ""https://a.espncdn.com/guid/51042145-e3c1-0694-ae0d-f720342ff8fc/logos/secondary_logo_on_black_color.png"", ""https://a.espncdn.com/guid/51042145-e3c1-0694-ae0d-f720342ff8fc/logos/secondary_logo_on_primary_color.png"", ""https://a.espncdn.com/guid/51042145-e3c1-0694-ae0d-f720342ff8fc/logos/secondary_logo_on_secondary_color.png"", ""https://a.espncdn.com/guid/51042145-e3c1-0694-ae0d-f720342ff8fc/logos/secondary_logo_black.png"", ""https://a.espncdn.com/guid/51042145-e3c1-0694-ae0d-f720342ff8fc/logos/secondary_logo_white.png""]","[[""full"", ""default""], [""full"", ""dark""], [""full"", ""scoreboard""], [""full"", ""scoreboard"", ""dark""], [""full"", ""grayscale""], [""full"", ""primary_logo_on_white_color""], [""full"", ""primary_logo_on_black_color""], [""full"", ""primary_logo_on_primary_color""], [""full"", ""primary_logo_on_secondary_color""], [""full"", ""primary_logo_black""], [""full"", ""primary_logo_white""], [""full"", ""secondary_logo_on_white_color""], [""full"", ""secondary_logo_on_black_color""], [""full"", ""secondary_logo_on_primary_color""], [""full"", ""secondary_logo_on_secondary_color""], [""full"", ""secondary_logo_black""], [""full"", ""secondary_logo_white""]]","[500, 500, 500, 500, 500, 4096, 4096, 4096, 4096, 4096, 4096, 4096, 4096, 4096, 4096, 4096, 4096]",56caffee-178d-f6f2-a076-b277486b8c32,8811,Lions,Lions
football,nfl,9,Green Bay Packers,GB,9,ffb612,204e32,Green Bay,Packers,green-bay-packers,s:20~l:28~t:9,"[500, 500, 500, 500, 500, 4096, 4096, 4096, 4096, 4096, 4096, 4096, 4096, 4096, 4096, 4096, 4096]","[""https://a.espncdn.com/i/teamlogos/nfl/500/gb.png"", ""https://a.espncdn.com/i/teamlogos/nfl/500-dark/gb.png"", ""https://a.espncdn.com/i/teamlogos/nfl/500/scoreboard/gb.png"", ""https://a.espncdn.com/i/teamlogos/nfl/500-dark/scoreboard/gb.png"", ""https://a.espncdn.com/guid/56caffee-178d-f6f2-a076-b277486b8c32/logos/grayscale.png"", ""https://a.espncdn.com/guid/56caffee-178d-f6f2-a076-b277486b8c32/logos/primary_logo_on_white_color.png"", ""https://a.espncdn.com/guid/56caffee-178d-f6f2-a076-b277486b8c32/logos/primary_logo_on_black_color.png"", ""https://a.espncdn.com/guid/56caffee-178d-f6f2-a076-b277486b8c32/logos/primary_logo_on_primary_color.png"", ""https://a.espncdn.com/guid/56caffee-178d-f6f2-a076-b277486b8c32/logos/primary_logo_on_secondary_color.png"", ""https://a.espncdn.com/guid/56caffee-178d-f6f2-a076-b277486b8c32/logos/primary_logo_black.png"", ""https://a.espncdn.com/guid/56caffee-178d-f6f2-a076-b277486b8c32/logos/primary_logo_white.png"", ""https://a.espncdn.com/guid/56caffee-178d-f6f2-a076-b277486b8c32/logos/secondary_logo_on_white_color.png"", ""https://a.espncdn.com/guid/56caffee-178d-f6f2-a076-b277486b8c32/logos/secondary_logo_on_black_color.png"", ""https://a.espncdn.com/guid/56caffee-178d-f6f2-a076-b277486b8c32/logos/secondary_logo_on_primary_color.png"", ""https://a.espncdn.com/guid/56caffee-178d-f6f2-a076-b277486b8c32/logos/secondary_logo_on_secondary_color.png"", ""https://a.espncdn.com/guid/56caffee-178d-f6f2-a076-b277486b8c32/logos/secondary_logo_black.png"", ""https://a.espncdn.com/guid/56caffee-178d-f6f2-a076-b277486b8c32/logos/secondary_logo_white.png""]","[[""full"", ""default""], [""full"", ""dark""], [""full"", ""scoreboard""], [""full"", ""scoreboard"", ""dark""], [""full"", ""grayscale""], [""full"", ""primary_logo_on_white_color""], [""full"", ""primary_logo_on_black_color""], [""full"", ""primary_logo_on_primary_color""], [""full"", ""primary_logo_on_secondary_color""], [""full"", ""primary_logo_black""], [""full"", ""primary_logo_white""], [""full"", ""secondary_logo_on_white_color""], [""full"", ""secondary_logo_on_black_color""], [""full"", ""secondary_logo_on_primary_color""], [""full"", ""secondary_logo_on_secondary_color""], [""full"", ""secondary_logo_black""], [""full"", ""secondary_logo_white""]]","[500, 500, 500, 500, 500, 4096, 4096, 4096, 4096, 4096, 4096, 4096, 4096, 4096, 4096, 4096, 4096]",06cd3bcf-7a86-53d4-28e7-aa049dd36261,8812,Packers,Packers
football,nfl,9,Green Bay Packers,GB,GB,ffb612,204e32,Green Bay,Packers,green-bay-packers,s:20~l:28~t:9,"[500, 500, 500, 500, 500, 4096, 4096, 4096, 4096, 4096, 4096, 4096, 4096, 4096, 4096, 4096, 4096]","[""https://a.espncdn.com/i/teamlogos/nfl/500/gb.png"", ""https://a.espncdn.com/i/teamlogos/nfl/500-dark/gb.png"", ""https://a.espncdn.com/i/teamlogos/nfl/500/scoreboard/gb.png"", ""https://a.espncdn.com/i/teamlogos/nfl/500-dark/scoreboard/gb.png"", ""https://a.espncdn.com/guid/56caffee-178d-f6f2-a076-b277486b8c32/logos/grayscale.png"", ""https://a.espncdn.com/guid/56caffee-178d-f6f2-a076-b277486b8c32/logos/primary_logo_on_white_color.png"", ""https://a.espncdn.com/guid/56caffee-178d-f6f2-a076-b277486b8c32/logos/primary_logo_on_black_color.png"", ""https://a.espncdn.com/guid/56caffee-178d-f6f2-a076-b277486b8c32/logos/primary_logo_on_primary_color.png"", ""https://a.espncdn.com/guid/56caffee-178d-f6f2-a076-b277486b8c32/logos/primary_logo_on_secondary_color.png"", ""https://a.espncdn.com/guid/56caffee-178d-f6f2-a076-b277486b8c32/logos/primary_logo_black.png"", ""https://a.espncdn.com/guid/56caffee-178d-f6f2-a076-b277486b8c32/logos/primary_logo_white.png"", ""https://a.espncdn.com/guid/56caffee-178d-f6f2-a076-b277486b8c32/logos/secondary_logo_on_white_color.png"", ""https://a.espncdn.com/guid/56caffee-178d-f6f2-a076-b277486b8c32/logos/secondary_logo_on_black_color.png"", ""https://a.espncdn.com/guid/56caffee-178d-f6f2-a076-b277486b8c32/logos/secondary_logo_on_primary_color.png"", ""https://a.espncdn.com/guid/56caffee-178d-f6f2-a076-b277486b8c32/logos/secondary_logo_on_secondary_color.png"", ""https://a.espncdn.com/guid/56caffee-178d-f6f2-a076-b277486b8c32/logos/secondary_logo_black.png"", ""https://a.espncdn.com/guid/56caffee-178d-f6f2-a076-b277486b8c32/logos/secondary_logo_white.png""]","[[""full"", ""default""], [""full"", ""dark""], [""full"", ""scoreboard""], [""full"", ""scoreboard"", ""dark""], [""full"", ""grayscale""], [""full"", ""primary_logo_on_white_color""], [""full"", ""primary_logo_on_black_color""], [""full"", ""primary_logo_on_primary_color""], [""full"", ""primary_logo_on_secondary_color""], [""full"", ""primary_logo_black""], [""full"", ""primary_logo_white""], [""full"", ""secondary_logo_on_white_color""], [""full"", ""secondary_logo_on_black_color""], [""full"", ""secondary_logo_on_primary_color""], [""full"", ""secondary_logo_on_secondary_color""], [""full"", ""secondary_logo_black""], [""full"", ""secondary_logo_white""]]","[500, 500, 500, 500, 500, 4096, 4096, 4096, 4096, 4096, 4096, 4096, 4096, 4096, 4096, 4096, 4096]",06cd3bcf-7a86-53d4-28e7-aa049dd36261,8812,Packers,Packers
football,nfl,9,Green Bay Packers,GB,Green Bay Packers,ffb612,204e32,Green Bay,Packers,green-bay-packers,s:20~l:28~t:9,"[500, 500, 500, 500, 500, 4096, 4096, 4096, 4096, 4096, 4096, 4096, 4096, 4096, 4096, 4096, 4096]","[""https://a.espncdn.com/i/teamlogos/nfl/500/gb.png"", ""https://a.espncdn.com/i/teamlogos/nfl/500-dark/gb.png"", ""https://a.espncdn.com/i/teamlogos/nfl/500/scoreboard/gb.png"", ""https://a.espncdn.com/i/teamlogos/nfl/500-dark/scoreboard/gb.png"", ""https://a.espncdn.com/guid/56caffee-178d-f6f2-a076-b277486b8c32/logos/grayscale.png"", ""https://a.espncdn.com/guid/56caffee-178d-f6f2-a076-b277486b8c32/logos/primary_logo_on_white_color.png"", ""https://a.espncdn.com/guid/56caffee-178d-f6f2-a076-b277486b8c32/logos/primary_logo_on_black_color.png"", ""https://a.espncdn.com/guid/56caffee-178d-f6f2-a076-b277486b8c32/logos/primary_logo_on_primary_color.png"", ""https://a.espncdn.com/guid/56caffee-178d-f6f2-a076-b277486b8c32/logos/primary_logo_on_secondary_color.png"", ""https://a.espncdn.com/guid/56caffee-178d-f6f2-a076-b277486b8c32/logos/primary_logo_black.png"", ""https://a.espncdn.com/guid/56caffee-178d-f6f2-a076-b277486b8c32/logos/primary_logo_white.png"", ""https://a.espncdn.com/guid/56caffee-178d-f6f2-a076-b277486b8c32/logos/secondary_logo_on_white_color.png"", ""https://a.espncdn.com/guid/56caffee-178d-f6f2-a076-b277486b8c32/logos/secondary_logo_on_black_color.png"", ""https://a.espncdn.com/guid/56caffee-178d-f6f2-a076-b277486b8c32/logos/secondary_logo_on_primary_color.png"", ""https://a.espncdn.com/guid/56caffee-178d-f6f2-a076-b277486b8c32/logos/secondary_logo_on_secondary_color.png"", ""https://a.espncdn.com/guid/56caffee-178d-f6f2-a076-b277486b8c32/logos/secondary_logo_black.png"", ""https://a.espncdn.com/guid/56caffee-178d-f6f2-a076-b277486b8c32/logos/secondary_logo_white.png""]","[[""full"", ""default""], [""full"", ""dark""], [""full"", ""scoreboard""], [""full"", ""scoreboard"", ""dark""], [""full"", ""grayscale""], [""full"", ""primary_logo_on_white_color""], [""full"", ""primary_logo_on_black_color""], [""full"", ""primary_logo_on_primary_color""], [""full"", ""primary_logo_on_secondary_color""], [""full"", ""primary_logo_black""], [""full"", ""primary_logo_white""], [""full"", ""secondary_logo_on_white_color""], [""full"", ""secondary_logo_on_black_color""], [""full"", ""secondary_logo_on_primary_color""], [""full"", ""secondary_logo_on_secondary_color""], [""full"", ""secondary_logo_black""], [""full"", ""secondary_logo_white""]]","[500, 500, 500, 500, 500, 4096, 4096, 4096, 4096, 4096, 4096, 4096, 4096, 4096, 4096, 4096, 4096]",06cd3bcf-7a86-53d4-28e7-aa049dd36261,8812,Packers,Packers
football,nfl,9,Green Bay Packers,GB,Packers,ffb612,204e32,Green Bay,Packers,green-bay-packers,s:20~l:28~t:9,"[500, 500, 500, 500, 500, 4096, 4096, 4096, 4096, 4096, 4096, 4096, 4096, 4096, 4096, 4096, 4096]","[""https://a.espncdn.com/i/teamlogos/nfl/500/gb.png"", ""https://a.espncdn.com/i/teamlogos/nfl/500-dark/gb.png"", ""https://a.espncdn.com/i/teamlogos/nfl/500/scoreboard/gb.png"", ""https://a.espncdn.com/i/teamlogos/nfl/500-dark/scoreboard/gb.png"", ""https://a.espncdn.com/guid/56caffee-178d-f6f2-a076-b277486b8c32/logos/grayscale.png"", ""https://a.espncdn.com/guid/56caffee-178d-f6f2-a076-b277486b8c32/logos/primary_logo_on_white_color.png"", ""https://a.espncdn.com/guid/56caffee-178d-f6f2-a076-b277486b8c32/logos/primary_logo_on_black_color.png"", ""https://a.espncdn.com/guid/56caffee-178d-f6f2-a076-b277486b8c32/logos/primary_logo_on_primary_color.png"", ""https://a.espncdn.com/guid/56caffee-178d-f6f2-a076-b277486b8c32/logos/primary_logo_on_secondary_color.png"", ""https://a.espncdn.com/guid/56caffee-178d-f6f2-a076-b277486b8c32/logos/primary_logo_black.png"", ""https://a.espncdn.com/guid/56caffee-178d-f6f2-a076-b277486b8c32/logos/primary_logo_white.png"", ""https://a.espncdn.com/guid/56caffee-178d-f6f2-a076-b277486b8c32/logos/secondary_logo_on_white_color.png"", ""https://a.espncdn.com/guid/56caffee-178d-f6f2-a076-b277486b8c32/logos/secondary_logo_on_black_color.png"", ""https://a.espncdn.com/guid/56caffee-178d-f6f2-a076-b277486b8c32/logos/secondary_logo_on_primary_color.png"", ""https://a.espncdn.com/guid/56caffee-178d-f6f2-a076-b277486b8c32/logos/secondary_logo_on_secondary_color.png"", ""https://a.espncdn.com/guid/56caffee-178d-f6f2-a076-b277486b8c32/logos/secondary_logo_black.png"", ""https://a.espncdn.com/guid/56caffee-178d-f6f2-a076-b277486b8c32/logos/secondary_logo_white.png""]","[[""full"", ""default""], [""full"", ""dark""], [""full"", ""scoreboard""], [""full"", ""scoreboard"", ""dark""], [""full"", ""grayscale""], [""full"", ""primary_logo_on_white_color""], [""full"", ""primary_logo_on_black_color""], [""full"", ""primary_logo_on_primary_color""], [""full"", ""primary_logo_on_secondary_color""], [""full"", ""primary_logo_black""], [""full"", ""primary_logo_white""], [""full"", ""secondary_logo_on_white_color""], [""full"", ""secondary_logo_on_black_color""], [""full"", ""secondary_logo_on_primary_color""], [""full"", ""secondary_logo_on_secondary_color""], [""full"", ""secondary_logo_black""], [""full"", ""secondary_logo_white""]]","[500, 500, 500, 500, 500, 4096, 4096, 4096, 4096, 4096, 4096, 4096, 4096, 4096, 4096, 4096, 4096]",06cd3bcf-7a86-53d4-28e7-aa049dd36261,8812,Packers,Packers
football,nfl,9,Green Bay Packers,GB,green-bay-packers,ffb612,204e32,Green Bay,Packers,green-bay-packers,s:20~l:28~t:9,"[500, 500, 500, 500, 500, 4096, 4096, 4096, 4096, 4096, 4096, 4096, 4096, 4096, 4096, 4096, 4096]","[""https://a.espncdn.com/i/teamlogos/nfl/500/gb.png"", ""https://a.espncdn.com/i/teamlogos/nfl/500-dark/gb.png"", ""https://a.espncdn.com/i/teamlogos/nfl/500/scoreboard/gb.png"", ""https://a.espncdn.com/i/teamlogos/nfl/500-dark/scoreboard/gb.png"", ""https://a.espncdn.com/guid/56caffee-178d-f6f2-a076-b277486b8c32/logos/grayscale.png"", ""https://a.espncdn.com/guid/56caffee-178d-f6f2-a076-b277486b8c32/logos/primary_logo_on_white_color.png"", ""https://a.espncdn.com/guid/56caffee-178d-f6f2-a076-b277486b8c32/logos/primary_logo_on_black_color.png"", ""https://a.espncdn.com/guid/56caffee-178d-f6f2-a076-b277486b8c32/logos/primary_logo_on_primary_color.png"", ""https://a.espncdn.com/guid/56caffee-178d-f6f2-a076-b277486b8c32/logos/primary_logo_on_secondary_color.png"", ""https://a.espncdn.com/guid/56caffee-178d-f6f2-a076-b277486b8c32/logos/primary_logo_black.png"", ""https://a.espncdn.com/guid/56caffee-178d-f6f2-a076-b277486b8c32/logos/primary_logo_white.png"", ""https://a.espncdn.com/guid/56caffee-178d-f6f2-a076-b277486b8c32/logos/secondary_logo_on_white_color.png"", ""https://a.espncdn.com/guid/56caffee-178d-f6f2-a076-b277486b8c32/logos/secondary_logo_on_black_color.png"", ""https://a.espncdn.com/guid/56caffee-178d-f6f2-a076-b277486b8c32/logos/secondary_logo_on_primary_color.png"", ""https://a.espncdn.com/guid/56caffee-178d-f6f2-a076-b277486b8c32/logos/secondary_logo_on_secondary_color.png"", ""https://a.espncdn.com/guid/56caffee-178d-f6f2-a076-b277486b8c32/logos/secondary_logo_black.png"", ""https://a.espncdn.com/guid/56caffee-178d-f6f2-a076-b277486b8c32/logos/secondary_logo_white.png""]","[[""full"", ""default""], [""full"", ""dark""], [""full"", ""scoreboard""], [""full"", ""scoreboard"", ""dark""], [""full"", ""grayscale""], [""full"", ""primary_logo_on_white_color""], [""full"", ""primary_logo_on_black_color""], [""full"", ""primary_logo_on_primary_color""], [""full"", ""primary_logo_on_secondary_color""], [""full"", ""primary_logo_black""], [""full"", ""primary_logo_white""], [""full"", ""secondary_logo_on_white_color""], [""full"", ""secondary_logo_on_black_color""], [""full"", ""secondary_logo_on_primary_color""], [""full"", ""secondary_logo_on_secondary_color""], [""full"", ""secondary_logo_black""], [""full"", ""secondary_logo_white""]]","[500, 500, 500, 500, 500, 4096, 4096, 4096, 4096, 4096, 4096, 4096, 4096, 4096, 4096, 4096, 4096]",06cd3bcf-7a86-53d4-28e7-aa049dd36261,8812,Packers,Packers
football,nfl,34,Houston Texans,HOU,34,c41230,00143f,Houston,Texans,houston-texans,s:20~l:28~t:34,"[500, 500, 500, 500, 500, 4096, 4096, 4096, 4096, 4096, 4096, 4096, 4096, 4096, 4096, 4096, 4096]","[""https://a.espncdn.com/i/teamlogos/nfl/500/hou.png"", ""https://a.espncdn.com/i/teamlogos/nfl/500-dark/hou.png"", ""https://a.espncdn.com/i/teamlogos/nfl/500/scoreboard/hou.png"", ""https://a.espncdn.com/i/teamlogos/nfl/500-dark/scoreboard/hou.png"", ""https://a.espncdn.com/guid/38248455-3da4-84e4-8090-98b5cc38ffdc/logos/grayscale.png"", ""https://a.espncdn.com/guid/38248455-3da4-84e4-8090-98b5cc38ffdc/logos/primary_logo_on_white_color.png"", ""https://a.espncdn.com/guid/38248455-3da4-84e4-8090-98b5cc38ffdc/logos/primary_logo_on_black_color.png"", ""https://a.espncdn.com/guid/38248455-3da4-84e4-8090-98b5cc38ffdc/logos/primary_logo_on_primary_color.png"", ""https://a.espncdn.com/guid/38248455-3da4-84e4-8090-98b5cc38ffdc/logos/primary_logo_on_secondary_color.png"", ""https://a.espncdn.com/guid/38248455-3da4-84e4-8090-98b5cc38ffdc/logos/primary_logo_black.png"", ""https://a.espncdn.com/guid/38248455-3da4-84e4-8090-98b5cc38ffdc/logos/primary_logo_white.png"", ""https://a.espncdn.com/guid/38248455-3da4-84e4-8090-98b5cc38ffdc/logos/secondary_logo_on_white_color.png"", ""https://a.espncdn.com/guid/38248455-3da4-84e4-8090-98b5cc38ffdc/logos/secondary_logo_on_black_color.png"", ""https://a.espncdn.com/guid/38248455-3da4-84e4-8090-98b5cc38ffdc/logos/secondary_logo_on_primary_color.png"", ""https://a.espncdn.com/guid/38248455-3da4-84e4-8090-98b5cc38ffdc/logos/secondary_logo_on_secondary_color.png"", ""https://a.espncdn.com/guid/38248455-3da4-84e4-8090-98b5cc38ffdc/logos/secondary_logo_black.png"", ""https://a.espncdn.com/guid/38248455-3da4-84e4-8090-98b5cc38ffdc/logos/secondary_logo_white.png""]","[[""full"", ""default""], [""full"", ""dark""], [""full"", ""scoreboard""], [""full"", ""scoreboard"", ""dark""], [""full"", ""grayscale""], [""full"", ""primary_logo_on_white_color""], [""full"", ""primary_logo_on_black_color""], [""full"", ""primary_logo_on_primary_color""], [""full"", ""primary_logo_on_secondary_color""], [""full"", ""primary_logo_black""], [""full"", ""primary_logo_white""], [""full"", ""secondary_logo_on_white_color""], [""full"", ""secondary_logo_on_black_color""], [""full"", ""secondary_logo_on_primary_color""], [""full"", ""secondary_logo_on_secondary_color""], [""full"", ""secondary_logo_black""], [""full"", ""secondary_logo_white""]]","[500, 500, 500, 500, 500, 4096, 4096, 4096, 4096, 4096, 4096, 4096, 4096, 4096, 4096, 4096, 4096]",595690b3-2161-4913-a7a7-814af2fd2621,13974,Texans,Texans
football,nfl,34,Houston Texans,HOU,HOU,c41230,00143f,Houston,Texans,houston-texans,s:20~l:28~t:34,"[500, 500, 500, 500, 500, 4096, 4096, 4096, 4096, 4096, 4096, 4096, 4096, 4096, 4096, 4096, 4096]","[""https://a.espncdn.com/i/teamlogos/nfl/500/hou.png"", ""https://a.espncdn.com/i/teamlogos/nfl/500-dark/hou.png"", ""https://a.espncdn.com/i/teamlogos/nfl/500/scoreboard/hou.png"", ""https://a.espncdn.com/i/teamlogos/nfl/500-dark/scoreboard/hou.png"", ""https://a.espncdn.com/guid/38248455-3da4-84e4-8090-98b5cc38ffdc/logos/grayscale.png"", ""https://a.espncdn.com/guid/38248455-3da4-84e4-8090-98b5cc38ffdc/logos/primary_logo_on_white_color.png"", ""https://a.espncdn.com/guid/38248455-3da4-84e4-8090-98b5cc38ffdc/logos/primary_logo_on_black_color.png"", ""https://a.espncdn.com/guid/38248455-3da4-84e4-8090-98b5cc38ffdc/logos/primary_logo_on_primary_color.png"", ""https://a.espncdn.com/guid/38248455-3da4-84e4-8090-98b5cc38ffdc/logos/primary_logo_on_secondary_color.png"", ""https://a.espncdn.com/guid/38248455-3da4-84e4-8090-98b5cc38ffdc/logos/primary_logo_black.png"", ""https://a.espncdn.com/guid/38248455-3da4-84e4-8090-98b5cc38ffdc/logos/primary_logo_white.png"", ""https://a.espncdn.com/guid/38248455-3da4-84e4-8090-98b5cc38ffdc/logos/secondary_logo_on_white_color.png"", ""https://a.espncdn.com/guid/38248455-3da4-84e4-8090-98b5cc38ffdc/logos/secondary_logo_on_black_color.png"", ""https://a.espncdn.com/guid/38248455-3da4-84e4-8090-98b5cc38ffdc/logos/secondary_logo_on_primary_color.png"", ""https://a.espncdn.com/guid/38248455-3da4-84e4-8090-98b5cc38ffdc/logos/secondary_logo_on_secondary_color.png"", ""https://a.espncdn.com/guid/38248455-3da4-84e4-8090-98b5cc38ffdc/logos/secondary_logo_black.png"", ""https://a.espncdn.com/guid/38248455-3da4-84e4-8090-98b5cc38ffdc/logos/secondary_logo_white.png""]","[[""full"", ""default""], [""full"", ""dark""], [""full"", ""scoreboard""], [""full"", ""scoreboard"", ""dark""], [""full"", ""grayscale""], [""full"", ""primary_logo_on_white_color""], [""full"", ""primary_logo_on_black_color""], [""full"", ""primary_logo_on_primary_color""], [""full"", ""primary_logo_on_secondary_color""], [""full"", ""primary_logo_black""], [""full"", ""primary_logo_white""], [""full"", ""secondary_logo_on_white_color""], [""full"", ""secondary_logo_on_black_color""], [""full"", ""secondary_logo_on_primary_color""], [""full"", ""secondary_logo_on_secondary_color""], [""full"", ""secondary_logo_black""], [""full"", ""secondary_logo_white""]]","[500, 500, 500, 500, 500, 4096, 4096, 4096, 4096, 4096, 4096, 4096, 4096, 4096, 4096, 4096, 4096]",595690b3-2161-4913-a7a7-814af2fd2621,13974,Texans,Texans
football,nfl,34,Houston Texans,HOU,Houston Texans,c41230,00143f,Houston,Texans,houston-texans,s:20~l:28~t:34,"[500, 500, 500, 500, 500, 4096, 4096, 4096, 4096, 4096, 4096, 4096, 4096, 4096, 4096, 4096, 4096]","[""https://a.espncdn.com/i/teamlogos/nfl/500/hou.png"", ""https://a.espncdn.com/i/teamlogos/nfl/500-dark/hou.png"", ""https://a.espncdn.com/i/teamlogos/nfl/500/scoreboard/hou.png"", ""https://a.espncdn.com/i/teamlogos/nfl/500-dark/scoreboard/hou.png"", ""https://a.espncdn.com/guid/38248455-3da4-84e4-8090-98b5cc38ffdc/logos/grayscale.png"", ""https://a.espncdn.com/guid/38248455-3da4-84e4-8090-98b5cc38ffdc/logos/primary_logo_on_white_color.png"", ""https://a.espncdn.com/guid/38248455-3da4-84e4-8090-98b5cc38ffdc/logos/primary_logo_on_black_color.png"", ""https://a.espncdn.com/guid/38248455-3da4-84e4-8090-98b5cc38ffdc/logos/primary_logo_on_primary_color.png"", ""https://a.espncdn.com/guid/38248455-3da4-84e4-8090-98b5cc38ffdc/logos/primary_logo_on_secondary_color.png"", ""https://a.espncdn.com/guid/38248455-3da4-84e4-8090-98b5cc38ffdc/logos/primary_logo_black.png"", ""https://a.espncdn.com/guid/38248455-3da4-84e4-8090-98b5cc38ffdc/logos/primary_logo_white.png"", ""https://a.espncdn.com/guid/38248455-3da4-84e4-8090-98b5cc38ffdc/logos/secondary_logo_on_white_color.png"", ""https://a.espncdn.com/guid/38248455-3da4-84e4-8090-98b5cc38ffdc/logos/secondary_logo_on_black_color.png"", ""https://a.espncdn.com/guid/38248455-3da4-84e4-8090-98b5cc38ffdc/logos/secondary_logo_on_primary_color.png"", ""https://a.espncdn.com/guid/38248455-3da4-84e4-8090-98b5cc38ffdc/logos/secondary_logo_on_secondary_color.png"", ""https://a.espncdn.com/guid/38248455-3da4-84e4-8090-98b5cc38ffdc/logos/secondary_logo_black.png"", ""https://a.espncdn.com/guid/38248455-3da4-84e4-8090-98b5cc38ffdc/logos/secondary_logo_white.png""]","[[""full"", ""default""], [""full"", ""dark""], [""full"", ""scoreboard""], [""full"", ""scoreboard"", ""dark""], [""full"", ""grayscale""], [""full"", ""primary_logo_on_white_color""], [""full"", ""primary_logo_on_black_color""], [""full"", ""primary_logo_on_primary_color""], [""full"", ""primary_logo_on_secondary_color""], [""full"", ""primary_logo_black""], [""full"", ""primary_logo_white""], [""full"", ""secondary_logo_on_white_color""], [""full"", ""secondary_logo_on_black_color""], [""full"", ""secondary_logo_on_primary_color""], [""full"", ""secondary_logo_on_secondary_color""], [""full"", ""secondary_logo_black""], [""full"", ""secondary_logo_white""]]","[500, 500, 500, 500, 500, 4096, 4096, 4096, 4096, 4096, 4096, 4096, 4096, 4096, 4096, 4096, 4096]",595690b3-2161-4913-a7a7-814af2fd2621,13974,Texans,Texans
football,nfl,34,Houston Texans,HOU,Texans,c41230,00143f,Houston,Texans,houston-texans,s:20~l:28~t:34,"[500, 500, 500, 500, 500, 4096, 4096, 4096, 4096, 4096, 4096, 4096, 4096, 4096, 4096, 4096, 4096]","[""https://a.espncdn.com/i/teamlogos/nfl/500/hou.png"", ""https://a.espncdn.com/i/teamlogos/nfl/500-dark/hou.png"", ""https://a.espncdn.com/i/teamlogos/nfl/500/scoreboard/hou.png"", ""https://a.espncdn.com/i/teamlogos/nfl/500-dark/scoreboard/hou.png"", ""https://a.espncdn.com/guid/38248455-3da4-84e4-8090-98b5cc38ffdc/logos/grayscale.png"", ""https://a.espncdn.com/guid/38248455-3da4-84e4-8090-98b5cc38ffdc/logos/primary_logo_on_white_color.png"", ""https://a.espncdn.com/guid/38248455-3da4-84e4-8090-98b5cc38ffdc/logos/primary_logo_on_black_color.png"", ""https://a.espncdn.com/guid/38248455-3da4-84e4-8090-98b5cc38ffdc/logos/primary_logo_on_primary_color.png"", ""https://a.espncdn.com/guid/38248455-3da4-84e4-8090-98b5cc38ffdc/logos/primary_logo_on_secondary_color.png"", ""https://a.espncdn.com/guid/38248455-3da4-84e4-8090-98b5cc38ffdc/logos/primary_logo_black.png"", ""https://a.espncdn.com/guid/38248455-3da4-84e4-8090-98b5cc38ffdc/logos/primary_logo_white.png"", ""https://a.espncdn.com/guid/38248455-3da4-84e4-8090-98b5cc38ffdc/logos/secondary_logo_on_white_color.png"", ""https://a.espncdn.com/guid/38248455-3da4-84e4-8090-98b5cc38ffdc/logos/secondary_logo_on_black_color.png"", ""https://a.espncdn.com/guid/38248455-3da4-84e4-8090-98b5cc38ffdc/logos/secondary_logo_on_primary_color.png"", ""https://a.espncdn.com/guid/38248455-3da4-84e4-8090-98b5cc38ffdc/logos/secondary_logo_on_secondary_color.png"", ""https://a.espncdn.com/guid/38248455-3da4-84e4-8090-98b5cc38ffdc/logos/secondary_logo_black.png"", ""https://a.espncdn.com/guid/38248455-3da4-84e4-8090-98b5cc38ffdc/logos/secondary_logo_white.png""]","[[""full"", ""default""], [""full"", ""dark""], [""full"", ""scoreboard""], [""full"", ""scoreboard"", ""dark""], [""full"", ""grayscale""], [""full"", ""primary_logo_on_white_color""], [""full"", ""primary_logo_on_black_color""], [""full"", ""primary_logo_on_primary_color""], [""full"", ""primary_logo_on_secondary_color""], [""full"", ""primary_logo_black""], [""full"", ""primary_logo_white""], [""full"", ""secondary_logo_on_white_color""], [""full"", ""secondary_logo_on_black_color""], [""full"", ""secondary_logo_on_primary_color""], [""full"", ""secondary_logo_on_secondary_color""], [""full"", ""secondary_logo_black""], [""full"", ""secondary_logo_white""]]","[500, 500, 500, 500, 500, 4096, 4096, 4096, 4096, 4096, 4096, 4096, 4096, 4096, 4096, 4096, 4096]",595690b3-2161-4913-a7a7-814af2fd2621,13974,Texans,Texans
football,nfl,34,Houston Texans,HOU,houston-texans,c41230,00143f,Houston,Texans,houston-texans,s:20~l:28~t:34,"[500, 500, 500, 500, 500, 4096, 4096, 4096, 4096, 4096, 4096, 4096, 4096, 4096, 4096, 4096, 4096]","[""https://a.espncdn.com/i/teamlogos/nfl/500/hou.png"", ""https://a.espncdn.com/i/teamlogos/nfl/500-dark/hou.png"", ""https://a.espncdn.com/i/teamlogos/nfl/500/scoreboard/hou.png"", ""https://a.espncdn.com/i/teamlogos/nfl/500-dark/scoreboard/hou.png"", ""https://a.espncdn.com/guid/38248455-3da4-84e4-8090-98b5cc38ffdc/logos/grayscale.png"", ""https://a.espncdn.com/guid/38248455-3da4-84e4-8090-98b5cc38ffdc/logos/primary_logo_on_white_color.png"", ""https://a.espncdn.com/guid/38248455-3da4-84e4-8090-98b5cc38ffdc/logos/primary_logo_on_black_color.png"", ""https://a.espncdn.com/guid/38248455-3da4-84e4-8090-98b5cc38ffdc/logos/primary_logo_on_primary_color.png"", ""https://a.espncdn.com/guid/38248455-3da4-84e4-8090-98b5cc38ffdc/logos/primary_logo_on_secondary_color.png"", ""https://a.espncdn.com/guid/38248455-3da4-84e4-8090-98b5cc38ffdc/logos/primary_logo_black.png"", ""https://a.espncdn.com/guid/38248455-3da4-84e4-8090-98b5cc38ffdc/logos/primary_logo_white.png"", ""https://a.espncdn.com/guid/38248455-3da4-84e4-8090-98b5cc38ffdc/logos/secondary_logo_on_white_color.png"", ""https://a.espncdn.com/guid/38248455-3da4-84e4-8090-98b5cc38ffdc/logos/secondary_logo_on_black_color.png"", ""https://a.espncdn.com/guid/38248455-3da4-84e4-8090-98b5cc38ffdc/logos/secondary_logo_on_primary_color.png"", ""https://a.espncdn.com/guid/38248455-3da4-84e4-8090-98b5cc38ffdc/logos/secondary_logo_on_secondary_color.png"", ""https://a.espncdn.com/guid/38248455-3da4-84e4-8090-98b5cc38ffdc/logos/secondary_logo_black.png"", ""https://a.espncdn.com/guid/38248455-3da4-84e4-8090-98b5cc38ffdc/logos/secondary_logo_white.png""]","[[""full"", ""default""], [""full"", ""dark""], [""full"", ""scoreboard""], [""full"", ""scoreboard"", ""dark""], [""full"", ""grayscale""], [""full"", ""primary_logo_on_white_color""], [""full"", ""primary_logo_on_black_color""], [""full"", ""primary_logo_on_primary_color""], [""full"", ""primary_logo_on_secondary_color""], [""full"", ""primary_logo_black""], [""full"", ""primary_logo_white""], [""full"", ""secondary_logo_on_white_color""], [""full"", ""secondary_logo_on_black_color""], [""full"", ""secondary_logo_on_primary_color""], [""full"", ""secondary_logo_on_secondary_color""], [""full"", ""secondary_logo_black""], [""full"", ""secondary_logo_white""]]","[500, 500, 500, 500, 500, 4096, 4096, 4096, 4096, 4096, 4096, 4096, 4096, 4096, 4096, 4096, 4096]",595690b3-2161-4913-a7a7-814af2fd2621,13974,Texans,Texans
football,nfl,11,Indianapolis Colts,IND,11,ffffff,003b75,Indianapolis,Colts,indianapolis-colts,s:20~l:28~t:11,"[500, 500, 500, 500, 500, 4096, 4096, 4096, 4096, 4096, 4096, 4096, 4096, 4096, 4096, 4096, 4096]","[""https://a.espncdn.com/i/teamlogos/nfl/500/ind.png"", ""https://a.espncdn.com/i/teamlogos/nfl/500-dark/ind.png"", ""https://a.espncdn.com/i/teamlogos/nfl/500/scoreboard/ind.png"", ""https://a.espncdn.com/i/teamlogos/nfl/500-dark/scoreboard/ind.png"", ""https://a.espncdn.com/guid/0a0aea59-9a5e-01b3-57a3-0151cf4bf393/logos/grayscale.png"", ""https://a.espncdn.com/guid/0a0aea59-9a5e-01b3-57a3-0151cf4bf393/logos/primary_logo_on_white_color.png"", ""https://a.espncdn.com/guid/0a0aea59-9a5e-01b3-57a3-0151cf4bf393/logos/primary_logo_on_black_color.png"", ""https://a.espncdn.com/guid/0a0aea59-9a5e-01b3-57a3-0151cf4bf393/logos/primary_logo_on_primary_color.png"", ""https://a.espncdn.com/guid/0a0aea59-9a5e-01b3-57a3-0151cf4bf393/logos/primary_logo_on_secondary_color.png"", ""https://a.espncdn.com/guid/0a0aea59-9a5e-01b3-57a3-0151cf4bf393/logos/primary_logo_black.png"", ""https://a.espncdn.com/guid/0a0aea59-9a5e-01b3-57a3-0151cf4bf393/logos/primary_logo_white.png"", ""https://a.espncdn.com/guid/0a0aea59-9a5e-01b3-57a3-0151cf4bf393/logos/secondary_logo_on_white_color.png"", ""https://a.espncdn.com/guid/0a0aea59-9a5e-01b3-57a3-0151cf4bf393/logos/secondary_logo_on_black_color.png"", ""https://a.espncdn.com/guid/0a0aea59-9a5e-01b3-57a3-0151cf4bf393/logos/secondary_logo_on_primary_color.png"", ""https://a.espncdn.com/guid/0a0aea59-9a5e-01b3-57a3-0151cf4bf393/logos/secondary_logo_on_secondary_color.png"", ""https://a.espncdn.com/guid/0a0aea59-9a5e-01b3-57a3-0151cf4bf393/logos/secondary_logo_black.png"", ""https://a.espncdn.com/guid/0a0aea59-9a5e-01b3-57a3-0151cf4bf393/logos/secondary_logo_white.png""]","[[""full"", ""default""], [""full"", ""dark""], [""full"", ""scoreboard""], [""full"", ""scoreboard"", ""dark""], [""full"", ""grayscale""], [""full"", ""primary_logo_on_white_color""], [""full"", ""primary_logo_on_black_color""], [""full"", ""primary_logo_on_primary_color""], [""full"", ""primary_logo_on_secondary_color""], [""full"", ""primary_logo_black""], [""full"", ""primary_logo_white""], [""full"", ""secondary_logo_on_white_color""], [""full"", ""secondary_logo_on_black_color""], [""full"", ""secondary_logo_on_primary_color""], [""full"", ""secondary_logo_on_secondary_color""], [""full"", ""secondary_logo_black""], [""full"", ""secondary_logo_white""]]","[500, 500, 500, 500, 500, 4096, 4096, 4096, 4096, 4096, 4096, 4096, 4096, 4096, 4096, 4096, 4096]",582d14eb-da61-e505-cc40-d972a1b60ed1,8813,Colts,Colts
football,nfl,11,Indianapolis Colts,IND,IND,ffffff,003b75,Indianapolis,Colts,indianapolis-colts,s:20~l:28~t:11,"[500, 500, 500, 500, 500, 4096, 4096, 4096, 4096, 4096, 4096, 4096, 4096, 4096, 4096, 4096, 4096]","[""https://a.espncdn.com/i/teamlogos/nfl/500/ind.png"", ""https://a.espncdn.com/i/teamlogos/nfl/500-dark/ind.png"", ""https://a.espncdn.com/i/teamlogos/nfl/500/scoreboard/ind.png"", ""https://a.espncdn.com/i/teamlogos/nfl/500-dark/scoreboard/ind.png"", ""https://a.espncdn.com/guid/0a0aea59-9a5e-01b3-57a3-0151cf4bf393/logos/grayscale.png"", ""https://a.espncdn.com/guid/0a0aea59-9a5e-01b3-57a3-0151cf4bf393/logos/primary_logo_on_white_color.png"", ""https://a.espncdn.com/guid/0a0aea59-9a5e-01b3-57a3-0151cf4bf393/logos/primary_logo_on_black_color.png"", ""https://a.espncdn.com/guid/0a0aea59-9a5e-01b3-57a3-0151cf4bf393/logos/primary_logo_on_primary_color.png"", ""https://a.espncdn.com/guid/0a0aea59-9a5e-01b3-57a3-0151cf4bf393/logos/primary_logo_on_secondary_color.png"", ""https://a.espncdn.com/guid/0a0aea59-9a5e-01b3-57a3-0151cf4bf393/logos/primary_logo_black.png"", ""https://a.espncdn.com/guid/0a0aea59-9a5e-01b3-57a3-0151cf4bf393/logos/primary_logo_white.png"", ""https://a.espncdn.com/guid/0a0aea59-9a5e-01b3-57a3-0151cf4bf393/logos/secondary_logo_on_white_color.png"", ""https://a.espncdn.com/guid/0a0aea59-9a5e-01b3-57a3-0151cf4bf393/logos/secondary_logo_on_black_color.png"", ""https://a.espncdn.com/guid/0a0aea59-9a5e-01b3-57a3-0151cf4bf393/logos/secondary_logo_on_primary_color.png"", ""https://a.espncdn.com/guid/0a0aea59-9a5e-01b3-57a3-0151cf4bf393/logos/secondary_logo_on_secondary_color.png"", ""https://a.espncdn.com/guid/0a0aea59-9a5e-01b3-57a3-0151cf4bf393/logos/secondary_logo_black.png"", ""https://a.espncdn.com/guid/0a0aea59-9a5e-01b3-57a3-0151cf4bf393/logos/secondary_logo_white.png""]","[[""full"", ""default""], [""full"", ""dark""], [""full"", ""scoreboard""], [""full"", ""scoreboard"", ""dark""], [""full"", ""grayscale""], [""full"", ""primary_logo_on_white_color""], [""full"", ""primary_logo_on_black_color""], [""full"", ""primary_logo_on_primary_color""], [""full"", ""primary_logo_on_secondary_color""], [""full"", ""primary_logo_black""], [""full"", ""primary_logo_white""], [""full"", ""secondary_logo_on_white_color""], [""full"", ""secondary_logo_on_black_color""], [""full"", ""secondary_logo_on_primary_color""], [""full"", ""secondary_logo_on_secondary_color""], [""full"", ""secondary_logo_black""], [""full"", ""secondary_logo_white""]]","[500, 500, 500, 500, 500, 4096, 4096, 4096, 4096, 4096, 4096, 4096, 4096, 4096, 4096, 4096, 4096]",582d14eb-da61-e505-cc40-d972a1b60ed1,8813,Colts,Colts
football,nfl,11,Indianapolis Colts,IND,Indianapolis Colts,ffffff,003b75,Indianapolis,Colts,indianapolis-colts,s:20~l:28~t:11,"[500, 500, 500, 500, 500, 4096, 4096, 4096, 4096, 4096, 4096, 4096, 4096, 4096, 4096, 4096, 4096]","[""https://a.espncdn.com/i/teamlogos/nfl/500/ind.png"", ""https://a.espncdn.com/i/teamlogos/nfl/500-dark/ind.png"", ""https://a.espncdn.com/i/teamlogos/nfl/500/scoreboard/ind.png"", ""https://a.espncdn.com/i/teamlogos/nfl/500-dark/scoreboard/ind.png"", ""https://a.espncdn.com/guid/0a0aea59-9a5e-01b3-57a3-0151cf4bf393/logos/grayscale.png"", ""https://a.espncdn.com/guid/0a0aea59-9a5e-01b3-57a3-0151cf4bf393/logos/primary_logo_on_white_color.png"", ""https://a.espncdn.com/guid/0a0aea59-9a5e-01b3-57a3-0151cf4bf393/logos/primary_logo_on_black_color.png"", ""https://a.espncdn.com/guid/0a0aea59-9a5e-01b3-57a3-0151cf4bf393/logos/primary_logo_on_primary_color.png"", ""https://a.espncdn.com/guid/0a0aea59-9a5e-01b3-57a3-0151cf4bf393/logos/primary_logo_on_secondary_color.png"", ""https://a.espncdn.com/guid/0a0aea59-9a5e-01b3-57a3-0151cf4bf393/logos/primary_logo_black.png"", ""https://a.espncdn.com/guid/0a0aea59-9a5e-01b3-57a3-0151cf4bf393/logos/primary_logo_white.png"", ""https://a.espncdn.com/guid/0a0aea59-9a5e-01b3-57a3-0151cf4bf393/logos/secondary_logo_on_white_color.png"", ""https://a.espncdn.com/guid/0a0aea59-9a5e-01b3-57a3-0151cf4bf393/logos/secondary_logo_on_black_color.png"", ""https://a.espncdn.com/guid/0a0aea59-9a5e-01b3-57a3-0151cf4bf393/logos/secondary_logo_on_primary_color.png"", ""https://a.espncdn.com/guid/0a0aea59-9a5e-01b3-57a3-0151cf4bf393/logos/secondary_logo_on_secondary_color.png"", ""https://a.espncdn.com/guid/0a0aea59-9a5e-01b3-57a3-0151cf4bf393/logos/secondary_logo_black.png"", ""https://a.espncdn.com/guid/0a0aea59-9a5e-01b3-57a3-0151cf4bf393/logos/secondary_logo_white.png""]","[[""full"", ""default""], [""full"", ""dark""], [""full"", ""scoreboard""], [""full"", ""scoreboard"", ""dark""], [""full"", ""grayscale""], [""full"", ""primary_logo_on_white_color""], [""full"", ""primary_logo_on_black_color""], [""full"", ""primary_logo_on_primary_color""], [""full"", ""primary_logo_on_secondary_color""], [""full"", ""primary_logo_black""], [""full"", ""primary_logo_white""], [""full"", ""secondary_logo_on_white_color""], [""full"", ""secondary_logo_on_black_color""], [""full"", ""secondary_logo_on_primary_color""], [""full"", ""secondary_logo_on_secondary_color""], [""full"", ""secondary_logo_black""], [""full"", ""secondary_logo_white""]]","[500, 500, 500, 500, 500, 4096, 4096, 4096, 4096, 4096, 4096, 4096, 4096, 4096, 4096, 4096, 4096]",582d14eb-da61-e505-cc40-d972a1b60ed1,8813,Colts,Colts
football,nfl,11,Indianapolis Colts,IND,Colts,ffffff,003b75,Indianapolis,Colts,indianapolis-colts,s:20~l:28~t:11,"[500, 500, 500, 500, 500, 4096, 4096, 4096, 4096, 4096, 4096, 4096, 4096, 4096, 4096, 4096, 4096]","[""https://a.espncdn.com/i/teamlogos/nfl/500/ind.png"", ""https://a.espncdn.com/i/teamlogos/nfl/500-dark/ind.png"", ""https://a.espncdn.com/i/teamlogos/nfl/500/scoreboard/ind.png"", ""https://a.espncdn.com/i/teamlogos/nfl/500-dark/scoreboard/ind.png"", ""https://a.espncdn.com/guid/0a0aea59-9a5e-01b3-57a3-0151cf4bf393/logos/grayscale.png"", ""https://a.espncdn.com/guid/0a0aea59-9a5e-01b3-57a3-0151cf4bf393/logos/primary_logo_on_white_color.png"", ""https://a.espncdn.com/guid/0a0aea59-9a5e-01b3-57a3-0151cf4bf393/logos/primary_logo_on_black_color.png"", ""https://a.espncdn.com/guid/0a0aea59-9a5e-01b3-57a3-0151cf4bf393/logos/primary_logo_on_primary_color.png"", ""https://a.espncdn.com/guid/0a0aea59-9a5e-01b3-57a3-0151cf4bf393/logos/primary_logo_on_secondary_color.png"", ""https://a.espncdn.com/guid/0a0aea59-9a5e-01b3-57a3-0151cf4bf393/logos/primary_logo_black.png"", ""https://a.espncdn.com/guid/0a0aea59-9a5e-01b3-57a3-0151cf4bf393/logos/primary_logo_white.png"", ""https://a.espncdn.com/guid/0a0aea59-9a5e-01b3-57a3-0151cf4bf393/logos/secondary_logo_on_white_color.png"", ""https://a.espncdn.com/guid/0a0aea59-9a5e-01b3-57a3-0151cf4bf393/logos/secondary_logo_on_black_color.png"", ""https://a.espncdn.com/guid/0a0aea59-9a5e-01b3-57a3-0151cf4bf393/logos/secondary_logo_on_primary_color.png"", ""https://a.espncdn.com/guid/0a0aea59-9a5e-01b3-57a3-0151cf4bf393/logos/secondary_logo_on_secondary_color.png"", ""https://a.espncdn.com/guid/0a0aea59-9a5e-01b3-57a3-0151cf4bf393/logos/secondary_logo_black.png"", ""https://a.espncdn.com/guid/0a0aea59-9a5e-01b3-57a3-0151cf4bf393/logos/secondary_logo_white.png""]","[[""full"", ""default""], [""full"", ""dark""], [""full"", ""scoreboard""], [""full"", ""scoreboard"", ""dark""], [""full"", ""grayscale""], [""full"", ""primary_logo_on_white_color""], [""full"", ""primary_logo_on_black_color""], [""full"", ""primary_logo_on_primary_color""], [""full"", ""primary_logo_on_secondary_color""], [""full"", ""primary_logo_black""], [""full"", ""primary_logo_white""], [""full"", ""secondary_logo_on_white_color""], [""full"", ""secondary_logo_on_black_color""], [""full"", ""secondary_logo_on_primary_color""], [""full"", ""secondary_logo_on_secondary_color""], [""full"", ""secondary_logo_black""], [""full"", ""secondary_logo_white""]]","[500, 500, 500, 500, 500, 4096, 4096, 4096, 4096, 4096, 4096, 4096, 4096, 4096, 4096, 4096, 4096]",582d14eb-da61-e505-cc40-d972a1b60ed1,8813,Colts,Colts
football,nfl,11,Indianapolis Colts,IND,indianapolis-colts,ffffff,003b75,Indianapolis,Colts,indianapolis-colts,s:20~l:28~t:11,"[500, 500, 500, 500, 500, 4096, 4096, 4096, 4096, 4096, 4096, 4096, 4096, 4096, 4096, 4096, 4096]","[""https://a.espncdn.com/i/teamlogos/nfl/500/ind.png"", ""https://a.espncdn.com/i/teamlogos/nfl/500-dark/ind.png"", ""https://a.espncdn.com/i/teamlogos/nfl/500/scoreboard/ind.png"", ""https://a.espncdn.com/i/teamlogos/nfl/500-dark/scoreboard/ind.png"", ""https://a.espncdn.com/guid/0a0aea59-9a5e-01b3-57a3-0151cf4bf393/logos/grayscale.png"", ""https://a.espncdn.com/guid/0a0aea59-9a5e-01b3-57a3-0151cf4bf393/logos/primary_logo_on_white_color.png"", ""https://a.espncdn.com/guid/0a0aea59-9a5e-01b3-57a3-0151cf4bf393/logos/primary_logo_on_black_color.png"", ""https://a.espncdn.com/guid/0a0aea59-9a5e-01b3-57a3-0151cf4bf393/logos/primary_logo_on_primary_color.png"", ""https://a.espncdn.com/guid/0a0aea59-9a5e-01b3-57a3-0151cf4bf393/logos/primary_logo_on_secondary_color.png"", ""https://a.espncdn.com/guid/0a0aea59-9a5e-01b3-57a3-0151cf4bf393/logos/primary_logo_black.png"", ""https://a.espncdn.com/guid/0a0aea59-9a5e-01b3-57a3-0151cf4bf393/logos/primary_logo_white.png"", ""https://a.espncdn.com/guid/0a0aea59-9a5e-01b3-57a3-0151cf4bf393/logos/secondary_logo_on_white_color.png"", ""https://a.espncdn.com/guid/0a0aea59-9a5e-01b3-57a3-0151cf4bf393/logos/secondary_logo_on_black_color.png"", ""https://a.espncdn.com/guid/0a0aea59-9a5e-01b3-57a3-0151cf4bf393/logos/secondary_logo_on_primary_color.png"", ""https://a.espncdn.com/guid/0a0aea59-9a5e-01b3-57a3-0151cf4bf393/logos/secondary_logo_on_secondary_color.png"", ""https://a.espncdn.com/guid/0a0aea59-9a5e-01b3-57a3-0151cf4bf393/logos/secondary_logo_black.png"", ""https://a.espncdn.com/guid/0a0aea59-9a5e-01b3-57a3-0151cf4bf393/logos/secondary_logo_white.png""]","[[""full"", ""default""], [""full"", ""dark""], [""full"", ""scoreboard""], [""full"", ""scoreboard"", ""dark""], [""full"", ""grayscale""], [""full"", ""primary_logo_on_white_color""], [""full"", ""primary_logo_on_black_color""], [""full"", ""primary_logo_on_primary_color""], [""full"", ""primary_logo_on_secondary_color""], [""full"", ""primary_logo_black""], [""full"", ""primary_logo_white""], [""full"", ""secondary_logo_on_white_color""], [""full"", ""secondary_logo_on_black_color""], [""full"", ""secondary_logo_on_primary_color""], [""full"", ""secondary_logo_on_secondary_color""], [""full"", ""secondary_logo_black""], [""full"", ""secondary_logo_white""]]","[500, 500, 500, 500, 500, 4096, 4096, 4096, 4096, 4096, 4096, 4096, 4096, 4096, 4096, 4096, 4096]",582d14eb-da61-e505-cc40-d972a1b60ed1,8813,Colts,Colts
football,nfl,30,Jacksonville Jaguars,JAX,30,d7a22a,007487,Jacksonville,Jaguars,jacksonville-jaguars,s:20~l:28~t:30,"[500, 500, 500, 500, 500, 4096, 4096, 4096, 4096, 4096, 4096, 4096, 4096, 4096, 4096, 4096, 4096]","[""https://a.espncdn.com/i/teamlogos/nfl/500/jax.png"", ""https://a.espncdn.com/i/teamlogos/nfl/500-dark/jax.png"", ""https://a.espncdn.com/i/teamlogos/nfl/500/scoreboard/jax.png"", ""https://a.espncdn.com/i/teamlogos/nfl/500-dark/scoreboard/jax.png"", ""https://a.espncdn.com/guid/647c27bf-ab86-550e-5b83-91c29e73e4a9/logos/grayscale.png"", ""https://a.espncdn.com/guid/647c27bf-ab86-550e-5b83-91c29e73e4a9/logos/primary_logo_on_white_color.png"", ""https://a.espncdn.com/guid/647c27bf-ab86-550e-5b83-91c29e73e4a9/logos/primary_logo_on_black_color.png"", ""https://a.espncdn.com/guid/647c27bf-ab86-550e-5b83-91c29e73e4a9/logos/primary_logo_on_primary_color.png"", ""https://a.espncdn.com/guid/647c27bf-ab86-550e-5b83-91c29e73e4a9/logos/primary_logo_on_secondary_color.png"", ""https://a.espncdn.com/guid/647c27bf-ab86-550e-5b83-91c29e73e4a9/logos/primary_logo_black.png"", ""https://a.espncdn.com/guid/647c27bf-ab86-550e-5b83-91c29e73e4a9/logos/primary_logo_white.png"", ""https://a.espncdn.com/guid/647c27bf-ab86-550e-5b83-91c29e73e4a9/logos/secondary_logo_on_white_color.png"", ""https://a.espncdn.com/guid/647c27bf-ab86-550e-5b83-91c29e73e4a9/logos/secondary_logo_on_black_color.png"", ""https://a.espncdn.com/guid/647c27bf-ab86-550e-5b83-91c29e73e4a9/logos/secondary_logo_on_primary_color.png"", ""https://a.espncdn.com/guid/647c27bf-ab86-550e-5b83-91c29e73e4a9/logos/secondary_logo_on_secondary_color.png"", ""https://a.espncdn.com/guid/647c27bf-ab86-550e-5b83-91c29e73e4a9/logos/secondary_logo_black.png"", ""https://a.espncdn.com/guid/647c27bf-ab86-550e-5b83-91c29e73e4a9/logos/secondary_logo_white.png""]","[[""full"", ""default""], [""full"", ""dark""], [""full"", ""scoreboard""], [""full"", ""scoreboard"", ""dark""], [""full"", ""grayscale""], [""full"", ""primary_logo_on_white_color""], [""full"", ""primary_logo_on_black_color""], [""full"", ""primary_logo_on_primary_color""], [""full"", ""primary_logo_on_secondary_color""], [""full"", ""primary_logo_black""], [""full"", ""primary_logo_white""], [""full"", ""secondary_logo_on_white_color""], [""full"", ""secondary_logo_on_black_color""], [""full"", ""secondary_logo_on_primary_color""], [""full"", ""secondary_logo_on_secondary_color""], [""full"", ""secondary_logo_black""], [""full"", ""secondary_logo_white""]]","[500, 500, 500, 500, 500, 4096, 4096, 4096, 4096, 4096, 4096, 4096, 4096, 4096, 4096, 4096, 4096]",ca6fb778-cbf6-d9a3-3e93-01230335fcab,8814,Jaguars,Jaguars
football,nfl,30,Jacksonville Jaguars,JAX,JAC,d7a22a,007487,Jacksonville,Jaguars,jacksonville-jaguars,s:20~l:28~t:30,"[500, 500, 500, 500, 500, 4096, 4096, 4096, 4096, 4096, 4096, 4096, 4096, 4096, 4096, 4096, 4096]","[""https://a.espncdn.com/i/teamlogos/nfl/500/jax.png"", ""https://a.espncdn.com/i/teamlogos/nfl/500-dark/jax.png"", ""https://a.espncdn.com/i/teamlogos/nfl/500/scoreboard/jax.png"", ""https://a.espncdn.com/i/teamlogos/nfl/500-dark/scoreboard/jax.png"", ""https://a.espncdn.com/guid/647c27bf-ab86-550e-5b83-91c29e73e4a9/logos/grayscale.png"", ""https://a.espncdn.com/guid/647c27bf-ab86-550e-5b83-91c29e73e4a9/logos/primary_logo_on_white_color.png"", ""https://a.espncdn.com/guid/647c27bf-ab86-550e-5b83-91c29e73e4a9/logos/primary_logo_on_black_color.png"", ""https://a.espncdn.com/guid/647c27bf-ab86-550e-5b83-91c29e73e4a9/logos/primary_logo_on_primary_color.png"", ""https://a.espncdn.com/guid/647c27bf-ab86-550e-5b83-91c29e73e4a9/logos/primary_logo_on_secondary_color.png"", ""https://a.espncdn.com/guid/647c27bf-ab86-550e-5b83-91c29e73e4a9/logos/primary_logo_black.png"", ""https://a.espncdn.com/guid/647c27bf-ab86-550e-5b83-91c29e73e4a9/logos/primary_logo_white.png"", ""https://a.espncdn.com/guid/647c27bf-ab86-550e-5b83-91c29e73e4a9/logos/secondary_logo_on_white_color.png"", ""https://a.espncdn.com/guid/647c27bf-ab86-550e-5b83-91c29e73e4a9/logos/secondary_logo_on_black_color.png"", ""https://a.espncdn.com/guid/647c27bf-ab86-550e-5b83-91c29e73e4a9/logos/secondary_logo_on_primary_color.png"", ""https://a.espncdn.com/guid/647c27bf-ab86-550e-5b83-91c29e73e4a9/logos/secondary_logo_on_secondary_color.png"", ""https://a.espncdn.com/guid/647c27bf-ab86-550e-5b83-91c29e73e4a9/logos/secondary_logo_black.png"", ""https://a.espncdn.com/guid/647c27bf-ab86-550e-5b83-91c29e73e4a9/logos/secondary_logo_white.png""]","[[""full"", ""default""], [""full"", ""dark""], [""full"", ""scoreboard""], [""full"", ""scoreboard"", ""dark""], [""full"", ""grayscale""], [""full"", ""primary_logo_on_white_color""], [""full"", ""primary_logo_on_black_color""], [""full"", ""primary_logo_on_primary_color""], [""full"", ""primary_logo_on_secondary_color""], [""full"", ""primary_logo_black""], [""full"", ""primary_logo_white""], [""full"", ""secondary_logo_on_white_color""], [""full"", ""secondary_logo_on_black_color""], [""full"", ""secondary_logo_on_primary_color""], [""full"", ""secondary_logo_on_secondary_color""], [""full"", ""secondary_logo_black""], [""full"", ""secondary_logo_white""]]","[500, 500, 500, 500, 500, 4096, 4096, 4096, 4096, 4096, 4096, 4096, 4096, 4096, 4096, 4096, 4096]",ca6fb778-cbf6-d9a3-3e93-01230335fcab,8814,Jaguars,Jaguars
football,nfl,30,Jacksonville Jaguars,JAX,JAX,d7a22a,007487,Jacksonville,Jaguars,jacksonville-jaguars,s:20~l:28~t:30,"[500, 500, 500, 500, 500, 4096, 4096, 4096, 4096, 4096, 4096, 4096, 4096, 4096, 4096, 4096, 4096]","[""https://a.espncdn.com/i/teamlogos/nfl/500/jax.png"", ""https://a.espncdn.com/i/teamlogos/nfl/500-dark/jax.png"", ""https://a.espncdn.com/i/teamlogos/nfl/500/scoreboard/jax.png"", ""https://a.espncdn.com/i/teamlogos/nfl/500-dark/scoreboard/jax.png"", ""https://a.espncdn.com/guid/647c27bf-ab86-550e-5b83-91c29e73e4a9/logos/grayscale.png"", ""https://a.espncdn.com/guid/647c27bf-ab86-550e-5b83-91c29e73e4a9/logos/primary_logo_on_white_color.png"", ""https://a.espncdn.com/guid/647c27bf-ab86-550e-5b83-91c29e73e4a9/logos/primary_logo_on_black_color.png"", ""https://a.espncdn.com/guid/647c27bf-ab86-550e-5b83-91c29e73e4a9/logos/primary_logo_on_primary_color.png"", ""https://a.espncdn.com/guid/647c27bf-ab86-550e-5b83-91c29e73e4a9/logos/primary_logo_on_secondary_color.png"", ""https://a.espncdn.com/guid/647c27bf-ab86-550e-5b83-91c29e73e4a9/logos/primary_logo_black.png"", ""https://a.espncdn.com/guid/647c27bf-ab86-550e-5b83-91c29e73e4a9/logos/primary_logo_white.png"", ""https://a.espncdn.com/guid/647c27bf-ab86-550e-5b83-91c29e73e4a9/logos/secondary_logo_on_white_color.png"", ""https://a.espncdn.com/guid/647c27bf-ab86-550e-5b83-91c29e73e4a9/logos/secondary_logo_on_black_color.png"", ""https://a.espncdn.com/guid/647c27bf-ab86-550e-5b83-91c29e73e4a9/logos/secondary_logo_on_primary_color.png"", ""https://a.espncdn.com/guid/647c27bf-ab86-550e-5b83-91c29e73e4a9/logos/secondary_logo_on_secondary_color.png"", ""https://a.espncdn.com/guid/647c27bf-ab86-550e-5b83-91c29e73e4a9/logos/secondary_logo_black.png"", ""https://a.espncdn.com/guid/647c27bf-ab86-550e-5b83-91c29e73e4a9/logos/secondary_logo_white.png""]","[[""full"", ""default""], [""full"", ""dark""], [""full"", ""scoreboard""], [""full"", ""scoreboard"", ""dark""], [""full"", ""grayscale""], [""full"", ""primary_logo_on_white_color""], [""full"", ""primary_logo_on_black_color""], [""full"", ""primary_logo_on_primary_color""], [""full"", ""primary_logo_on_secondary_color""], [""full"", ""primary_logo_black""], [""full"", ""primary_logo_white""], [""full"", ""secondary_logo_on_white_color""], [""full"", ""secondary_logo_on_black_color""], [""full"", ""secondary_logo_on_primary_color""], [""full"", ""secondary_logo_on_secondary_color""], [""full"", ""secondary_logo_black""], [""full"", ""secondary_logo_white""]]","[500, 500, 500, 500, 500, 4096, 4096, 4096, 4096, 4096, 4096, 4096, 4096, 4096, 4096, 4096, 4096]",ca6fb778-cbf6-d9a3-3e93-01230335fcab,8814,Jaguars,Jaguars
football,nfl,30,Jacksonville Jaguars,JAX,Jacksonville Jaguars,d7a22a,007487,Jacksonville,Jaguars,jacksonville-jaguars,s:20~l:28~t:30,"[500, 500, 500, 500, 500, 4096, 4096, 4096, 4096, 4096, 4096, 4096, 4096, 4096, 4096, 4096, 4096]","[""https://a.espncdn.com/i/teamlogos/nfl/500/jax.png"", ""https://a.espncdn.com/i/teamlogos/nfl/500-dark/jax.png"", ""https://a.espncdn.com/i/teamlogos/nfl/500/scoreboard/jax.png"", ""https://a.espncdn.com/i/teamlogos/nfl/500-dark/scoreboard/jax.png"", ""https://a.espncdn.com/guid/647c27bf-ab86-550e-5b83-91c29e73e4a9/logos/grayscale.png"", ""https://a.espncdn.com/guid/647c27bf-ab86-550e-5b83-91c29e73e4a9/logos/primary_logo_on_white_color.png"", ""https://a.espncdn.com/guid/647c27bf-ab86-550e-5b83-91c29e73e4a9/logos/primary_logo_on_black_color.png"", ""https://a.espncdn.com/guid/647c27bf-ab86-550e-5b83-91c29e73e4a9/logos/primary_logo_on_primary_color.png"", ""https://a.espncdn.com/guid/647c27bf-ab86-550e-5b83-91c29e73e4a9/logos/primary_logo_on_secondary_color.png"", ""https://a.espncdn.com/guid/647c27bf-ab86-550e-5b83-91c29e73e4a9/logos/primary_logo_black.png"", ""https://a.espncdn.com/guid/647c27bf-ab86-550e-5b83-91c29e73e4a9/logos/primary_logo_white.png"", ""https://a.espncdn.com/guid/647c27bf-ab86-550e-5b83-91c29e73e4a9/logos/secondary_logo_on_white_color.png"", ""https://a.espncdn.com/guid/647c27bf-ab86-550e-5b83-91c29e73e4a9/logos/secondary_logo_on_black_color.png"", ""https://a.espncdn.com/guid/647c27bf-ab86-550e-5b83-91c29e73e4a9/logos/secondary_logo_on_primary_color.png"", ""https://a.espncdn.com/guid/647c27bf-ab86-550e-5b83-91c29e73e4a9/logos/secondary_logo_on_secondary_color.png"", ""https://a.espncdn.com/guid/647c27bf-ab86-550e-5b83-91c29e73e4a9/logos/secondary_logo_black.png"", ""https://a.espncdn.com/guid/647c27bf-ab86-550e-5b83-91c29e73e4a9/logos/secondary_logo_white.png""]","[[""full"", ""default""], [""full"", ""dark""], [""full"", ""scoreboard""], [""full"", ""scoreboard"", ""dark""], [""full"", ""grayscale""], [""full"", ""primary_logo_on_white_color""], [""full"", ""primary_logo_on_black_color""], [""full"", ""primary_logo_on_primary_color""], [""full"", ""primary_logo_on_secondary_color""], [""full"", ""primary_logo_black""], [""full"", ""primary_logo_white""], [""full"", ""secondary_logo_on_white_color""], [""full"", ""secondary_logo_on_black_color""], [""full"", ""secondary_logo_on_primary_color""], [""full"", ""secondary_logo_on_secondary_color""], [""full"", ""secondary_logo_black""], [""full"", ""secondary_logo_white""]]","[500, 500, 500, 500, 500, 4096, 4096, 4096, 4096, 4096, 4096, 4096, 4096, 4096, 4096, 4096, 4096]",ca6fb778-cbf6-d9a3-3e93-01230335fcab,8814,Jaguars,Jaguars
football,nfl,30,Jacksonville Jaguars,JAX,Jaguars,d7a22a,007487,Jacksonville,Jaguars,jacksonville-jaguars,s:20~l:28~t:30,"[500, 500, 500, 500, 500, 4096, 4096, 4096, 4096, 4096, 4096, 4096, 4096, 4096, 4096, 4096, 4096]","[""https://a.espncdn.com/i/teamlogos/nfl/500/jax.png"", ""https://a.espncdn.com/i/teamlogos/nfl/500-dark/jax.png"", ""https://a.espncdn.com/i/teamlogos/nfl/500/scoreboard/jax.png"", ""https://a.espncdn.com/i/teamlogos/nfl/500-dark/scoreboard/jax.png"", ""https://a.espncdn.com/guid/647c27bf-ab86-550e-5b83-91c29e73e4a9/logos/grayscale.png"", ""https://a.espncdn.com/guid/647c27bf-ab86-550e-5b83-91c29e73e4a9/logos/primary_logo_on_white_color.png"", ""https://a.espncdn.com/guid/647c27bf-ab86-550e-5b83-91c29e73e4a9/logos/primary_logo_on_black_color.png"", ""https://a.espncdn.com/guid/647c27bf-ab86-550e-5b83-91c29e73e4a9/logos/primary_logo_on_primary_color.png"", ""https://a.espncdn.com/guid/647c27bf-ab86-550e-5b83-91c29e73e4a9/logos/primary_logo_on_secondary_color.png"", ""https://a.espncdn.com/guid/647c27bf-ab86-550e-5b83-91c29e73e4a9/logos/primary_logo_black.png"", ""https://a.espncdn.com/guid/647c27bf-ab86-550e-5b83-91c29e73e4a9/logos/primary_logo_white.png"", ""https://a.espncdn.com/guid/647c27bf-ab86-550e-5b83-91c29e73e4a9/logos/secondary_logo_on_white_color.png"", ""https://a.espncdn.com/guid/647c27bf-ab86-550e-5b83-91c29e73e4a9/logos/secondary_logo_on_black_color.png"", ""https://a.espncdn.com/guid/647c27bf-ab86-550e-5b83-91c29e73e4a9/logos/secondary_logo_on_primary_color.png"", ""https://a.espncdn.com/guid/647c27bf-ab86-550e-5b83-91c29e73e4a9/logos/secondary_logo_on_secondary_color.png"", ""https://a.espncdn.com/guid/647c27bf-ab86-550e-5b83-91c29e73e4a9/logos/secondary_logo_black.png"", ""https://a.espncdn.com/guid/647c27bf-ab86-550e-5b83-91c29e73e4a9/logos/secondary_logo_white.png""]","[[""full"", ""default""], [""full"", ""dark""], [""full"", ""scoreboard""], [""full"", ""scoreboard"", ""dark""], [""full"", ""grayscale""], [""full"", ""primary_logo_on_white_color""], [""full"", ""primary_logo_on_black_color""], [""full"", ""primary_logo_on_primary_color""], [""full"", ""primary_logo_on_secondary_color""], [""full"", ""primary_logo_black""], [""full"", ""primary_logo_white""], [""full"", ""secondary_logo_on_white_color""], [""full"", ""secondary_logo_on_black_color""], [""full"", ""secondary_logo_on_primary_color""], [""full"", ""secondary_logo_on_secondary_color""], [""full"", ""secondary_logo_black""], [""full"", ""secondary_logo_white""]]","[500, 500, 500, 500, 500, 4096, 4096, 4096, 4096, 4096, 4096, 4096, 4096, 4096, 4096, 4096, 4096]",ca6fb778-cbf6-d9a3-3e93-01230335fcab,8814,Jaguars,Jaguars
football,nfl,30,Jacksonville Jaguars,JAX,jacksonville-jaguars,d7a22a,007487,Jacksonville,Jaguars,jacksonville-jaguars,s:20~l:28~t:30,"[500, 500, 500, 500, 500, 4096, 4096, 4096, 4096, 4096, 4096, 4096, 4096, 4096, 4096, 4096, 4096]","[""https://a.espncdn.com/i/teamlogos/nfl/500/jax.png"", ""https://a.espncdn.com/i/teamlogos/nfl/500-dark/jax.png"", ""https://a.espncdn.com/i/teamlogos/nfl/500/scoreboard/jax.png"", ""https://a.espncdn.com/i/teamlogos/nfl/500-dark/scoreboard/jax.png"", ""https://a.espncdn.com/guid/647c27bf-ab86-550e-5b83-91c29e73e4a9/logos/grayscale.png"", ""https://a.espncdn.com/guid/647c27bf-ab86-550e-5b83-91c29e73e4a9/logos/primary_logo_on_white_color.png"", ""https://a.espncdn.com/guid/647c27bf-ab86-550e-5b83-91c29e73e4a9/logos/primary_logo_on_black_color.png"", ""https://a.espncdn.com/guid/647c27bf-ab86-550e-5b83-91c29e73e4a9/logos/primary_logo_on_primary_color.png"", ""https://a.espncdn.com/guid/647c27bf-ab86-550e-5b83-91c29e73e4a9/logos/primary_logo_on_secondary_color.png"", ""https://a.espncdn.com/guid/647c27bf-ab86-550e-5b83-91c29e73e4a9/logos/primary_logo_black.png"", ""https://a.espncdn.com/guid/647c27bf-ab86-550e-5b83-91c29e73e4a9/logos/primary_logo_white.png"", ""https://a.espncdn.com/guid/647c27bf-ab86-550e-5b83-91c29e73e4a9/logos/secondary_logo_on_white_color.png"", ""https://a.espncdn.com/guid/647c27bf-ab86-550e-5b83-91c29e73e4a9/logos/secondary_logo_on_black_color.png"", ""https://a.espncdn.com/guid/647c27bf-ab86-550e-5b83-91c29e73e4a9/logos/secondary_logo_on_primary_color.png"", ""https://a.espncdn.com/guid/647c27bf-ab86-550e-5b83-91c29e73e4a9/logos/secondary_logo_on_secondary_color.png"", ""https://a.espncdn.com/guid/647c27bf-ab86-550e-5b83-91c29e73e4a9/logos/secondary_logo_black.png"", ""https://a.espncdn.com/guid/647c27bf-ab86-550e-5b83-91c29e73e4a9/logos/secondary_logo_white.png""]","[[""full"", ""default""], [""full"", ""dark""], [""full"", ""scoreboard""], [""full"", ""scoreboard"", ""dark""], [""full"", ""grayscale""], [""full"", ""primary_logo_on_white_color""], [""full"", ""primary_logo_on_black_color""], [""full"", ""primary_logo_on_primary_color""], [""full"", ""primary_logo_on_secondary_color""], [""full"", ""primary_logo_black""], [""full"", ""primary_logo_white""], [""full"", ""secondary_logo_on_white_color""], [""full"", ""secondary_logo_on_black_color""], [""full"", ""secondary_logo_on_primary_color""], [""full"", ""secondary_logo_on_secondary_color""], [""full"", ""secondary_logo_black""], [""full"", ""secondary_logo_white""]]","[500, 500, 500, 500, 500, 4096, 4096, 4096, 4096, 4096, 4096, 4096, 4096, 4096, 4096, 4096, 4096]",ca6fb778-cbf6-d9a3-3e93-01230335fcab,8814,Jaguars,Jaguars
football,nfl,12,Kansas City Chiefs,KC,12,ffb612,e31837,Kansas City,Chiefs,kansas-city-chiefs,s:20~l:28~t:12,"[500, 500, 500, 500, 500, 4096, 4096, 4096, 4096, 4096, 4096, 4096, 4096, 4096, 4096, 4096, 4096]","[""https://a.espncdn.com/i/teamlogos/nfl/500/kc.png"", ""https://a.espncdn.com/i/teamlogos/nfl/500-dark/kc.png"", ""https://a.espncdn.com/i/teamlogos/nfl/500/scoreboard/kc.png"", ""https://a.espncdn.com/i/teamlogos/nfl/500-dark/scoreboard/kc.png"", ""https://a.espncdn.com/guid/582d14eb-da61-e505-cc40-d972a1b60ed1/logos/grayscale.png"", ""https://a.espncdn.com/guid/582d14eb-da61-e505-cc40-d972a1b60ed1/logos/primary_logo_on_white_color.png"", ""https://a.espncdn.com/guid/582d14eb-da61-e505-cc40-d972a1b60ed1/logos/primary_logo_on_black_color.png"", ""https://a.espncdn.com/guid/582d14eb-da61-e505-cc40-d972a1b60ed1/logos/primary_logo_on_primary_color.png"", ""https://a.espncdn.com/guid/582d14eb-da61-e505-cc40-d972a1b60ed1/logos/primary_logo_on_secondary_color.png"", ""https://a.espncdn.com/guid/582d14eb-da61-e505-cc40-d972a1b60ed1/logos/primary_logo_black.png"", ""https://a.espncdn.com/guid/582d14eb-da61-e505-cc40-d972a1b60ed1/logos/primary_logo_white.png"", ""https://a.espncdn.com/guid/582d14eb-da61-e505-cc40-d972a1b60ed1/logos/secondary_logo_on_white_color.png"", ""https://a.espncdn.com/guid/582d14eb-da61-e505-cc40-d972a1b60ed1/logos/secondary_logo_on_black_color.png"", ""https://a.espncdn.com/guid/582d14eb-da61-e505-cc40-d972a1b60ed1/logos/secondary_logo_on_primary_color.png"", ""https://a.espncdn.com/guid/582d14eb-da61-e505-cc40-d972a1b60ed1/logos/secondary_logo_on_secondary_color.png"", ""https://a.espncdn.com/guid/582d14eb-da61-e505-cc40-d972a1b60ed1/logos/secondary_logo_black.png"", ""https://a.espncdn.com/guid/582d14eb-da61-e505-cc40-d972a1b60ed1/logos/secondary_logo_white.png""]","[[""full"", ""default""], [""full"", ""dark""], [""full"", ""scoreboard""], [""full"", ""scoreboard"", ""dark""], [""full"", ""grayscale""], [""full"", ""primary_logo_on_white_color""], [""full"", ""primary_logo_on_black_color""], [""full"", ""primary_logo_on_primary_color""], [""full"", ""primary_logo_on_secondary_color""], [""full"", ""primary_logo_black""], [""full"", ""primary_logo_white""], [""full"", ""secondary_logo_on_white_color""], [""full"", ""secondary_logo_on_black_color""], [""full"", ""secondary_logo_on_primary_color""], [""full"", ""secondary_logo_on_secondary_color""], [""full"", ""secondary_logo_black""], [""full"", ""secondary_logo_white""]]","[500, 500, 500, 500, 500, 4096, 4096, 4096, 4096, 4096, 4096, 4096, 4096, 4096, 4096, 4096, 4096]",f68f2343-8ceb-7a02-740d-af6338be21d2,8815,Chiefs,Chiefs
football,nfl,12,Kansas City Chiefs,KC,KC,ffb612,e31837,Kansas City,Chiefs,kansas-city-chiefs,s:20~l:28~t:12,"[500, 500, 500, 500, 500, 4096, 4096, 4096, 4096, 4096, 4096, 4096, 4096, 4096, 4096, 4096, 4096]","[""https://a.espncdn.com/i/teamlogos/nfl/500/kc.png"", ""https://a.espncdn.com/i/teamlogos/nfl/500-dark/kc.png"", ""https://a.espncdn.com/i/teamlogos/nfl/500/scoreboard/kc.png"", ""https://a.espncdn.com/i/teamlogos/nfl/500-dark/scoreboard/kc.png"", ""https://a.espncdn.com/guid/582d14eb-da61-e505-cc40-d972a1b60ed1/logos/grayscale.png"", ""https://a.espncdn.com/guid/582d14eb-da61-e505-cc40-d972a1b60ed1/logos/primary_logo_on_white_color.png"", ""https://a.espncdn.com/guid/582d14eb-da61-e505-cc40-d972a1b60ed1/logos/primary_logo_on_black_color.png"", ""https://a.espncdn.com/guid/582d14eb-da61-e505-cc40-d972a1b60ed1/logos/primary_logo_on_primary_color.png"", ""https://a.espncdn.com/guid/582d14eb-da61-e505-cc40-d972a1b60ed1/logos/primary_logo_on_secondary_color.png"", ""https://a.espncdn.com/guid/582d14eb-da61-e505-cc40-d972a1b60ed1/logos/primary_logo_black.png"", ""https://a.espncdn.com/guid/582d14eb-da61-e505-cc40-d972a1b60ed1/logos/primary_logo_white.png"", ""https://a.espncdn.com/guid/582d14eb-da61-e505-cc40-d972a1b60ed1/logos/secondary_logo_on_white_color.png"", ""https://a.espncdn.com/guid/582d14eb-da61-e505-cc40-d972a1b60ed1/logos/secondary_logo_on_black_color.png"", ""https://a.espncdn.com/guid/582d14eb-da61-e505-cc40-d972a1b60ed1/logos/secondary_logo_on_primary_color.png"", ""https://a.espncdn.com/guid/582d14eb-da61-e505-cc40-d972a1b60ed1/logos/secondary_logo_on_secondary_color.png"", ""https://a.espncdn.com/guid/582d14eb-da61-e505-cc40-d972a1b60ed1/logos/secondary_logo_black.png"", ""https://a.espncdn.com/guid/582d14eb-da61-e505-cc40-d972a1b60ed1/logos/secondary_logo_white.png""]","[[""full"", ""default""], [""full"", ""dark""], [""full"", ""scoreboard""], [""full"", ""scoreboard"", ""dark""], [""full"", ""grayscale""], [""full"", ""primary_logo_on_white_color""], [""full"", ""primary_logo_on_black_color""], [""full"", ""primary_logo_on_primary_color""], [""full"", ""primary_logo_on_secondary_color""], [""full"", ""primary_logo_black""], [""full"", ""primary_logo_white""], [""full"", ""secondary_logo_on_white_color""], [""full"", ""secondary_logo_on_black_color""], [""full"", ""secondary_logo_on_primary_color""], [""full"", ""secondary_logo_on_secondary_color""], [""full"", ""secondary_logo_black""], [""full"", ""secondary_logo_white""]]","[500, 500, 500, 500, 500, 4096, 4096, 4096, 4096, 4096, 4096, 4096, 4096, 4096, 4096, 4096, 4096]",f68f2343-8ceb-7a02-740d-af6338be21d2,8815,Chiefs,Chiefs
football,nfl,12,Kansas City Chiefs,KC,Kansas City Chiefs,ffb612,e31837,Kansas City,Chiefs,kansas-city-chiefs,s:20~l:28~t:12,"[500, 500, 500, 500, 500, 4096, 4096, 4096, 4096, 4096, 4096, 4096, 4096, 4096, 4096, 4096, 4096]","[""https://a.espncdn.com/i/teamlogos/nfl/500/kc.png"", ""https://a.espncdn.com/i/teamlogos/nfl/500-dark/kc.png"", ""https://a.espncdn.com/i/teamlogos/nfl/500/scoreboard/kc.png"", ""https://a.espncdn.com/i/teamlogos/nfl/500-dark/scoreboard/kc.png"", ""https://a.espncdn.com/guid/582d14eb-da61-e505-cc40-d972a1b60ed1/logos/grayscale.png"", ""https://a.espncdn.com/guid/582d14eb-da61-e505-cc40-d972a1b60ed1/logos/primary_logo_on_white_color.png"", ""https://a.espncdn.com/guid/582d14eb-da61-e505-cc40-d972a1b60ed1/logos/primary_logo_on_black_color.png"", ""https://a.espncdn.com/guid/582d14eb-da61-e505-cc40-d972a1b60ed1/logos/primary_logo_on_primary_color.png"", ""https://a.espncdn.com/guid/582d14eb-da61-e505-cc40-d972a1b60ed1/logos/primary_logo_on_secondary_color.png"", ""https://a.espncdn.com/guid/582d14eb-da61-e505-cc40-d972a1b60ed1/logos/primary_logo_black.png"", ""https://a.espncdn.com/guid/582d14eb-da61-e505-cc40-d972a1b60ed1/logos/primary_logo_white.png"", ""https://a.espncdn.com/guid/582d14eb-da61-e505-cc40-d972a1b60ed1/logos/secondary_logo_on_white_color.png"", ""https://a.espncdn.com/guid/582d14eb-da61-e505-cc40-d972a1b60ed1/logos/secondary_logo_on_black_color.png"", ""https://a.espncdn.com/guid/582d14eb-da61-e505-cc40-d972a1b60ed1/logos/secondary_logo_on_primary_color.png"", ""https://a.espncdn.com/guid/582d14eb-da61-e505-cc40-d972a1b60ed1/logos/secondary_logo_on_secondary_color.png"", ""https://a.espncdn.com/guid/582d14eb-da61-e505-cc40-d972a1b60ed1/logos/secondary_logo_black.png"", ""https://a.espncdn.com/guid/582d14eb-da61-e505-cc40-d972a1b60ed1/logos/secondary_logo_white.png""]","[[""full"", ""default""], [""full"", ""dark""], [""full"", ""scoreboard""], [""full"", ""scoreboard"", ""dark""], [""full"", ""grayscale""], [""full"", ""primary_logo_on_white_color""], [""full"", ""primary_logo_on_black_color""], [""full"", ""primary_logo_on_primary_color""], [""full"", ""primary_logo_on_secondary_color""], [""full"", ""primary_logo_black""], [""full"", ""primary_logo_white""], [""full"", ""secondary_logo_on_white_color""], [""full"", ""secondary_logo_on_black_color""], [""full"", ""secondary_logo_on_primary_color""], [""full"", ""secondary_logo_on_secondary_color""], [""full"", ""secondary_logo_black""], [""full"", ""secondary_logo_white""]]","[500, 500, 500, 500, 500, 4096, 4096, 4096, 4096, 4096, 4096, 4096, 4096, 4096, 4096, 4096, 4096]",f68f2343-8ceb-7a02-740d-af6338be21d2,8815,Chiefs,Chiefs
football,nfl,12,Kansas City Chiefs,KC,Chiefs,ffb612,e31837,Kansas City,Chiefs,kansas-city-chiefs,s:20~l:28~t:12,"[500, 500, 500, 500, 500, 4096, 4096, 4096, 4096, 4096, 4096, 4096, 4096, 4096, 4096, 4096, 4096]","[""https://a.espncdn.com/i/teamlogos/nfl/500/kc.png"", ""https://a.espncdn.com/i/teamlogos/nfl/500-dark/kc.png"", ""https://a.espncdn.com/i/teamlogos/nfl/500/scoreboard/kc.png"", ""https://a.espncdn.com/i/teamlogos/nfl/500-dark/scoreboard/kc.png"", ""https://a.espncdn.com/guid/582d14eb-da61-e505-cc40-d972a1b60ed1/logos/grayscale.png"", ""https://a.espncdn.com/guid/582d14eb-da61-e505-cc40-d972a1b60ed1/logos/primary_logo_on_white_color.png"", ""https://a.espncdn.com/guid/582d14eb-da61-e505-cc40-d972a1b60ed1/logos/primary_logo_on_black_color.png"", ""https://a.espncdn.com/guid/582d14eb-da61-e505-cc40-d972a1b60ed1/logos/primary_logo_on_primary_color.png"", ""https://a.espncdn.com/guid/582d14eb-da61-e505-cc40-d972a1b60ed1/logos/primary_logo_on_secondary_color.png"", ""https://a.espncdn.com/guid/582d14eb-da61-e505-cc40-d972a1b60ed1/logos/primary_logo_black.png"", ""https://a.espncdn.com/guid/582d14eb-da61-e505-cc40-d972a1b60ed1/logos/primary_logo_white.png"", ""https://a.espncdn.com/guid/582d14eb-da61-e505-cc40-d972a1b60ed1/logos/secondary_logo_on_white_color.png"", ""https://a.espncdn.com/guid/582d14eb-da61-e505-cc40-d972a1b60ed1/logos/secondary_logo_on_black_color.png"", ""https://a.espncdn.com/guid/582d14eb-da61-e505-cc40-d972a1b60ed1/logos/secondary_logo_on_primary_color.png"", ""https://a.espncdn.com/guid/582d14eb-da61-e505-cc40-d972a1b60ed1/logos/secondary_logo_on_secondary_color.png"", ""https://a.espncdn.com/guid/582d14eb-da61-e505-cc40-d972a1b60ed1/logos/secondary_logo_black.png"", ""https://a.espncdn.com/guid/582d14eb-da61-e505-cc40-d972a1b60ed1/logos/secondary_logo_white.png""]","[[""full"", ""default""], [""full"", ""dark""], [""full"", ""scoreboard""], [""full"", ""scoreboard"", ""dark""], [""full"", ""grayscale""], [""full"", ""primary_logo_on_white_color""], [""full"", ""primary_logo_on_black_color""], [""full"", ""primary_logo_on_primary_color""], [""full"", ""primary_logo_on_secondary_color""], [""full"", ""primary_logo_black""], [""full"", ""primary_logo_white""], [""full"", ""secondary_logo_on_white_color""], [""full"", ""secondary_logo_on_black_color""], [""full"", ""secondary_logo_on_primary_color""], [""full"", ""secondary_logo_on_secondary_color""], [""full"", ""secondary_logo_black""], [""full"", ""secondary_logo_white""]]","[500, 500, 500, 500, 500, 4096, 4096, 4096, 4096, 4096, 4096, 4096, 4096, 4096, 4096, 4096, 4096]",f68f2343-8ceb-7a02-740d-af6338be21d2,8815,Chiefs,Chiefs
football,nfl,12,Kansas City Chiefs,KC,kansas-city-chiefs,ffb612,e31837,Kansas City,Chiefs,kansas-city-chiefs,s:20~l:28~t:12,"[500, 500, 500, 500, 500, 4096, 4096, 4096, 4096, 4096, 4096, 4096, 4096, 4096, 4096, 4096, 4096]","[""https://a.espncdn.com/i/teamlogos/nfl/500/kc.png"", ""https://a.espncdn.com/i/teamlogos/nfl/500-dark/kc.png"", ""https://a.espncdn.com/i/teamlogos/nfl/500/scoreboard/kc.png"", ""https://a.espncdn.com/i/teamlogos/nfl/500-dark/scoreboard/kc.png"", ""https://a.espncdn.com/guid/582d14eb-da61-e505-cc40-d972a1b60ed1/logos/grayscale.png"", ""https://a.espncdn.com/guid/582d14eb-da61-e505-cc40-d972a1b60ed1/logos/primary_logo_on_white_color.png"", ""https://a.espncdn.com/guid/582d14eb-da61-e505-cc40-d972a1b60ed1/logos/primary_logo_on_black_color.png"", ""https://a.espncdn.com/guid/582d14eb-da61-e505-cc40-d972a1b60ed1/logos/primary_logo_on_primary_color.png"", ""https://a.espncdn.com/guid/582d14eb-da61-e505-cc40-d972a1b60ed1/logos/primary_logo_on_secondary_color.png"", ""https://a.espncdn.com/guid/582d14eb-da61-e505-cc40-d972a1b60ed1/logos/primary_logo_black.png"", ""https://a.espncdn.com/guid/582d14eb-da61-e505-cc40-d972a1b60ed1/logos/primary_logo_white.png"", ""https://a.espncdn.com/guid/582d14eb-da61-e505-cc40-d972a1b60ed1/logos/secondary_logo_on_white_color.png"", ""https://a.espncdn.com/guid/582d14eb-da61-e505-cc40-d972a1b60ed1/logos/secondary_logo_on_black_color.png"", ""https://a.espncdn.com/guid/582d14eb-da61-e505-cc40-d972a1b60ed1/logos/secondary_logo_on_primary_color.png"", ""https://a.espncdn.com/guid/582d14eb-da61-e505-cc40-d972a1b60ed1/logos/secondary_logo_on_secondary_color.png"", ""https://a.espncdn.com/guid/582d14eb-da61-e505-cc40-d972a1b60ed1/logos/secondary_logo_black.png"", ""https://a.espncdn.com/guid/582d14eb-da61-e505-cc40-d972a1b60ed1/logos/secondary_logo_white.png""]","[[""full"", ""default""], [""full"", ""dark""], [""full"", ""scoreboard""], [""full"", ""scoreboard"", ""dark""], [""full"", ""grayscale""], [""full"", ""primary_logo_on_white_color""], [""full"", ""primary_logo_on_black_color""], [""full"", ""primary_logo_on_primary_color""], [""full"", ""primary_logo_on_secondary_color""], [""full"", ""primary_logo_black""], [""full"", ""primary_logo_white""], [""full"", ""secondary_logo_on_white_color""], [""full"", ""secondary_logo_on_black_color""], [""full"", ""secondary_logo_on_primary_color""], [""full"", ""secondary_logo_on_secondary_color""], [""full"", ""secondary_logo_black""], [""full"", ""secondary_logo_white""]]","[500, 500, 500, 500, 500, 4096, 4096, 4096, 4096, 4096, 4096, 4096, 4096, 4096, 4096, 4096, 4096]",f68f2343-8ceb-7a02-740d-af6338be21d2,8815,Chiefs,Chiefs
football,nfl,13,Las Vegas Raiders,LV,13,a5acaf,000000,Las Vegas,Raiders,las-vegas-raiders,s:20~l:28~t:13,"[500, 500, 500, 500, 500, 4096, 4096, 4096, 4096, 4096, 4096, 4096, 4096, 4096, 4096, 4096, 4096]","[""https://a.espncdn.com/i/teamlogos/nfl/500/lv.png"", ""https://a.espncdn.com/i/teamlogos/nfl/500-dark/lv.png"", ""https://a.espncdn.com/i/teamlogos/nfl/500/scoreboard/lv.png"", ""https://a.espncdn.com/i/teamlogos/nfl/500-dark/scoreboard/lv.png"", ""https://a.espncdn.com/guid/f68f2343-8ceb-7a02-740d-af6338be21d2/logos/grayscale.png"", ""https://a.espncdn.com/guid/f68f2343-8ceb-7a02-740d-af6338be21d2/logos/primary_logo_on_white_color.png"", ""https://a.espncdn.com/guid/f68f2343-8ceb-7a02-740d-af6338be21d2/logos/primary_logo_on_black_color.png"", ""https://a.espncdn.com/guid/f68f2343-8ceb-7a02-740d-af6338be21d2/logos/primary_logo_on_primary_color.png"", ""https://a.espncdn.com/guid/f68f2343-8ceb-7a02-740d-af6338be21d2/logos/primary_logo_on_secondary_color.png"", ""https://a.espncdn.com/guid/f68f2343-8ceb-7a02-740d-af6338be21d2/logos/primary_logo_black.png"", ""https://a.espncdn.com/guid/f68f2343-8ceb-7a02-740d-af6338be21d2/logos/primary_logo_white.png"", ""https://a.espncdn.com/guid/f68f2343-8ceb-7a02-740d-af6338be21d2/logos/secondary_logo_on_white_color.png"", ""https://a.espncdn.com/guid/f68f2343-8ceb-7a02-740d-af6338be21d2/logos/secondary_logo_on_black_color.png"", ""https://a.espncdn.com/guid/f68f2343-8ceb-7a02-740d-af6338be21d2/logos/secondary_logo_on_primary_color.png"", ""https://a.espncdn.com/guid/f68f2343-8ceb-7a02-740d-af6338be21d2/logos/secondary_logo_on_secondary_color.png"", ""https://a.espncdn.com/guid/f68f2343-8ceb-7a02-740d-af6338be21d2/logos/secondary_logo_black.png"", ""https://a.espncdn.com/guid/f68f2343-8ceb-7a02-740d-af6338be21d2/logos/secondary_logo_white.png""]","[[""full"", ""default""], [""full"", ""dark""], [""full"", ""scoreboard""], [""full"", ""scoreboard"", ""dark""], [""full"", ""grayscale""], [""full"", ""primary_logo_on_white_color""], [""full"", ""primary_logo_on_black_color""], [""full"", ""primary_logo_on_primary_color""], [""full"", ""primary_logo_on_secondary_color""], [""full"", ""primary_logo_black""], [""full"", ""primary_logo_white""], [""full"", ""secondary_logo_on_white_color""], [""full"", ""secondary_logo_on_black_color""], [""full"", ""secondary_logo_on_primary_color""], [""full"", ""secondary_logo_on_secondary_color""], [""full"", ""secondary_logo_black""], [""full"", ""secondary_logo_white""]]","[500, 500, 500, 500, 500, 4096, 4096, 4096, 4096, 4096, 4096, 4096, 4096, 4096, 4096, 4096, 4096]",b18540eb-6f2b-534c-e7f9-9bd930518da9,8822,Raiders,Raiders
football,nfl,13,Las Vegas Raiders,LV,LV,a5acaf,000000,Las Vegas,Raiders,las-vegas-raiders,s:20~l:28~t:13,"[500, 500, 500, 500, 500, 4096, 4096, 4096, 4096, 4096, 4096, 4096, 4096, 4096, 4096, 4096, 4096]","[""https://a.espncdn.com/i/teamlogos/nfl/500/lv.png"", ""https://a.espncdn.com/i/teamlogos/nfl/500-dark/lv.png"", ""https://a.espncdn.com/i/teamlogos/nfl/500/scoreboard/lv.png"", ""https://a.espncdn.com/i/teamlogos/nfl/500-dark/scoreboard/lv.png"", ""https://a.espncdn.com/guid/f68f2343-8ceb-7a02-740d-af6338be21d2/logos/grayscale.png"", ""https://a.espncdn.com/guid/f68f2343-8ceb-7a02-740d-af6338be21d2/logos/primary_logo_on_white_color.png"", ""https://a.espncdn.com/guid/f68f2343-8ceb-7a02-740d-af6338be21d2/logos/primary_logo_on_black_color.png"", ""https://a.espncdn.com/guid/f68f2343-8ceb-7a02-740d-af6338be21d2/logos/primary_logo_on_primary_color.png"", ""https://a.espncdn.com/guid/f68f2343-8ceb-7a02-740d-af6338be21d2/logos/primary_logo_on_secondary_color.png"", ""https://a.espncdn.com/guid/f68f2343-8ceb-7a02-740d-af6338be21d2/logos/primary_logo_black.png"", ""https://a.espncdn.com/guid/f68f2343-8ceb-7a02-740d-af6338be21d2/logos/primary_logo_white.png"", ""https://a.espncdn.com/guid/f68f2343-8ceb-7a02-740d-af6338be21d2/logos/secondary_logo_on_white_color.png"", ""https://a.espncdn.com/guid/f68f2343-8ceb-7a02-740d-af6338be21d2/logos/secondary_logo_on_black_color.png"", ""https://a.espncdn.com/guid/f68f2343-8ceb-7a02-740d-af6338be21d2/logos/secondary_logo_on_primary_color.png"", ""https://a.espncdn.com/guid/f68f2343-8ceb-7a02-740d-af6338be21d2/logos/secondary_logo_on_secondary_color.png"", ""https://a.espncdn.com/guid/f68f2343-8ceb-7a02-740d-af6338be21d2/logos/secondary_logo_black.png"", ""https://a.espncdn.com/guid/f68f2343-8ceb-7a02-740d-af6338be21d2/logos/secondary_logo_white.png""]","[[""full"", ""default""], [""full"", ""dark""], [""full"", ""scoreboard""], [""full"", ""scoreboard"", ""dark""], [""full"", ""grayscale""], [""full"", ""primary_logo_on_white_color""], [""full"", ""primary_logo_on_black_color""], [""full"", ""primary_logo_on_primary_color""], [""full"", ""primary_logo_on_secondary_color""], [""full"", ""primary_logo_black""], [""full"", ""primary_logo_white""], [""full"", ""secondary_logo_on_white_color""], [""full"", ""secondary_logo_on_black_color""], [""full"", ""secondary_logo_on_primary_color""], [""full"", ""secondary_logo_on_secondary_color""], [""full"", ""secondary_logo_black""], [""full"", ""secondary_logo_white""]]","[500, 500, 500, 500, 500, 4096, 4096, 4096, 4096, 4096, 4096, 4096, 4096, 4096, 4096, 4096, 4096]",b18540eb-6f2b-534c-e7f9-9bd930518da9,8822,Raiders,Raiders
football,nfl,13,Las Vegas Raiders,LV,Las Vegas Raiders,a5acaf,000000,Las Vegas,Raiders,las-vegas-raiders,s:20~l:28~t:13,"[500, 500, 500, 500, 500, 4096, 4096, 4096, 4096, 4096, 4096, 4096, 4096, 4096, 4096, 4096, 4096]","[""https://a.espncdn.com/i/teamlogos/nfl/500/lv.png"", ""https://a.espncdn.com/i/teamlogos/nfl/500-dark/lv.png"", ""https://a.espncdn.com/i/teamlogos/nfl/500/scoreboard/lv.png"", ""https://a.espncdn.com/i/teamlogos/nfl/500-dark/scoreboard/lv.png"", ""https://a.espncdn.com/guid/f68f2343-8ceb-7a02-740d-af6338be21d2/logos/grayscale.png"", ""https://a.espncdn.com/guid/f68f2343-8ceb-7a02-740d-af6338be21d2/logos/primary_logo_on_white_color.png"", ""https://a.espncdn.com/guid/f68f2343-8ceb-7a02-740d-af6338be21d2/logos/primary_logo_on_black_color.png"", ""https://a.espncdn.com/guid/f68f2343-8ceb-7a02-740d-af6338be21d2/logos/primary_logo_on_primary_color.png"", ""https://a.espncdn.com/guid/f68f2343-8ceb-7a02-740d-af6338be21d2/logos/primary_logo_on_secondary_color.png"", ""https://a.espncdn.com/guid/f68f2343-8ceb-7a02-740d-af6338be21d2/logos/primary_logo_black.png"", ""https://a.espncdn.com/guid/f68f2343-8ceb-7a02-740d-af6338be21d2/logos/primary_logo_white.png"", ""https://a.espncdn.com/guid/f68f2343-8ceb-7a02-740d-af6338be21d2/logos/secondary_logo_on_white_color.png"", ""https://a.espncdn.com/guid/f68f2343-8ceb-7a02-740d-af6338be21d2/logos/secondary_logo_on_black_color.png"", ""https://a.espncdn.com/guid/f68f2343-8ceb-7a02-740d-af6338be21d2/logos/secondary_logo_on_primary_color.png"", ""https://a.espncdn.com/guid/f68f2343-8ceb-7a02-740d-af6338be21d2/logos/secondary_logo_on_secondary_color.png"", ""https://a.espncdn.com/guid/f68f2343-8ceb-7a02-740d-af6338be21d2/logos/secondary_logo_black.png"", ""https://a.espncdn.com/guid/f68f2343-8ceb-7a02-740d-af6338be21d2/logos/secondary_logo_white.png""]","[[""full"", ""default""], [""full"", ""dark""], [""full"", ""scoreboard""], [""full"", ""scoreboard"", ""dark""], [""full"", ""grayscale""], [""full"", ""primary_logo_on_white_color""], [""full"", ""primary_logo_on_black_color""], [""full"", ""primary_logo_on_primary_color""], [""full"", ""primary_logo_on_secondary_color""], [""full"", ""primary_logo_black""], [""full"", ""primary_logo_white""], [""full"", ""secondary_logo_on_white_color""], [""full"", ""secondary_logo_on_black_color""], [""full"", ""secondary_logo_on_primary_color""], [""full"", ""secondary_logo_on_secondary_color""], [""full"", ""secondary_logo_black""], [""full"", ""secondary_logo_white""]]","[500, 500, 500, 500, 500, 4096, 4096, 4096, 4096, 4096, 4096, 4096, 4096, 4096, 4096, 4096, 4096]",b18540eb-6f2b-534c-e7f9-9bd930518da9,8822,Raiders,Raiders
football,nfl,13,Las Vegas Raiders,LV,Raiders,a5acaf,000000,Las Vegas,Raiders,las-vegas-raiders,s:20~l:28~t:13,"[500, 500, 500, 500, 500, 4096, 4096, 4096, 4096, 4096, 4096, 4096, 4096, 4096, 4096, 4096, 4096]","[""https://a.espncdn.com/i/teamlogos/nfl/500/lv.png"", ""https://a.espncdn.com/i/teamlogos/nfl/500-dark/lv.png"", ""https://a.espncdn.com/i/teamlogos/nfl/500/scoreboard/lv.png"", ""https://a.espncdn.com/i/teamlogos/nfl/500-dark/scoreboard/lv.png"", ""https://a.espncdn.com/guid/f68f2343-8ceb-7a02-740d-af6338be21d2/logos/grayscale.png"", ""https://a.espncdn.com/guid/f68f2343-8ceb-7a02-740d-af6338be21d2/logos/primary_logo_on_white_color.png"", ""https://a.espncdn.com/guid/f68f2343-8ceb-7a02-740d-af6338be21d2/logos/primary_logo_on_black_color.png"", ""https://a.espncdn.com/guid/f68f2343-8ceb-7a02-740d-af6338be21d2/logos/primary_logo_on_primary_color.png"", ""https://a.espncdn.com/guid/f68f2343-8ceb-7a02-740d-af6338be21d2/logos/primary_logo_on_secondary_color.png"", ""https://a.espncdn.com/guid/f68f2343-8ceb-7a02-740d-af6338be21d2/logos/primary_logo_black.png"", ""https://a.espncdn.com/guid/f68f2343-8ceb-7a02-740d-af6338be21d2/logos/primary_logo_white.png"", ""https://a.espncdn.com/guid/f68f2343-8ceb-7a02-740d-af6338be21d2/logos/secondary_logo_on_white_color.png"", ""https://a.espncdn.com/guid/f68f2343-8ceb-7a02-740d-af6338be21d2/logos/secondary_logo_on_black_color.png"", ""https://a.espncdn.com/guid/f68f2343-8ceb-7a02-740d-af6338be21d2/logos/secondary_logo_on_primary_color.png"", ""https://a.espncdn.com/guid/f68f2343-8ceb-7a02-740d-af6338be21d2/logos/secondary_logo_on_secondary_color.png"", ""https://a.espncdn.com/guid/f68f2343-8ceb-7a02-740d-af6338be21d2/logos/secondary_logo_black.png"", ""https://a.espncdn.com/guid/f68f2343-8ceb-7a02-740d-af6338be21d2/logos/secondary_logo_white.png""]","[[""full"", ""default""], [""full"", ""dark""], [""full"", ""scoreboard""], [""full"", ""scoreboard"", ""dark""], [""full"", ""grayscale""], [""full"", ""primary_logo_on_white_color""], [""full"", ""primary_logo_on_black_color""], [""full"", ""primary_logo_on_primary_color""], [""full"", ""primary_logo_on_secondary_color""], [""full"", ""primary_logo_black""], [""full"", ""primary_logo_white""], [""full"", ""secondary_logo_on_white_color""], [""full"", ""secondary_logo_on_black_color""], [""full"", ""secondary_logo_on_primary_color""], [""full"", ""secondary_logo_on_secondary_color""], [""full"", ""secondary_logo_black""], [""full"", ""secondary_logo_white""]]","[500, 500, 500, 500, 500, 4096, 4096, 4096, 4096, 4096, 4096, 4096, 4096, 4096, 4096, 4096, 4096]",b18540eb-6f2b-534c-e7f9-9bd930518da9,8822,Raiders,Raiders
football,nfl,13,Las Vegas Raiders,LV,las-vegas-raiders,a5acaf,000000,Las Vegas,Raiders,las-vegas-raiders,s:20~l:28~t:13,"[500, 500, 500, 500, 500, 4096, 4096, 4096, 4096, 4096, 4096, 4096, 4096, 4096, 4096, 4096, 4096]","[""https://a.espncdn.com/i/teamlogos/nfl/500/lv.png"", ""https://a.espncdn.com/i/teamlogos/nfl/500-dark/lv.png"", ""https://a.espncdn.com/i/teamlogos/nfl/500/scoreboard/lv.png"", ""https://a.espncdn.com/i/teamlogos/nfl/500-dark/scoreboard/lv.png"", ""https://a.espncdn.com/guid/f68f2343-8ceb-7a02-740d-af6338be21d2/logos/grayscale.png"", ""https://a.espncdn.com/guid/f68f2343-8ceb-7a02-740d-af6338be21d2/logos/primary_logo_on_white_color.png"", ""https://a.espncdn.com/guid/f68f2343-8ceb-7a02-740d-af6338be21d2/logos/primary_logo_on_black_color.png"", ""https://a.espncdn.com/guid/f68f2343-8ceb-7a02-740d-af6338be21d2/logos/primary_logo_on_primary_color.png"", ""https://a.espncdn.com/guid/f68f2343-8ceb-7a02-740d-af6338be21d2/logos/primary_logo_on_secondary_color.png"", ""https://a.espncdn.com/guid/f68f2343-8ceb-7a02-740d-af6338be21d2/logos/primary_logo_black.png"", ""https://a.espncdn.com/guid/f68f2343-8ceb-7a02-740d-af6338be21d2/logos/primary_logo_white.png"", ""https://a.espncdn.com/guid/f68f2343-8ceb-7a02-740d-af6338be21d2/logos/secondary_logo_on_white_color.png"", ""https://a.espncdn.com/guid/f68f2343-8ceb-7a02-740d-af6338be21d2/logos/secondary_logo_on_black_color.png"", ""https://a.espncdn.com/guid/f68f2343-8ceb-7a02-740d-af6338be21d2/logos/secondary_logo_on_primary_color.png"", ""https://a.espncdn.com/guid/f68f2343-8ceb-7a02-740d-af6338be21d2/logos/secondary_logo_on_secondary_color.png"", ""https://a.espncdn.com/guid/f68f2343-8ceb-7a02-740d-af6338be21d2/logos/secondary_logo_black.png"", ""https://a.espncdn.com/guid/f68f2343-8ceb-7a02-740d-af6338be21d2/logos/secondary_logo_white.png""]","[[""full"", ""default""], [""full"", ""dark""], [""full"", ""scoreboard""], [""full"", ""scoreboard"", ""dark""], [""full"", ""grayscale""], [""full"", ""primary_logo_on_white_color""], [""full"", ""primary_logo_on_black_color""], [""full"", ""primary_logo_on_primary_color""], [""full"", ""primary_logo_on_secondary_color""], [""full"", ""primary_logo_black""], [""full"", ""primary_logo_white""], [""full"", ""secondary_logo_on_white_color""], [""full"", ""secondary_logo_on_black_color""], [""full"", ""secondary_logo_on_primary_color""], [""full"", ""secondary_logo_on_secondary_color""], [""full"", ""secondary_logo_black""], [""full"", ""secondary_logo_white""]]","[500, 500, 500, 500, 500, 4096, 4096, 4096, 4096, 4096, 4096, 4096, 4096, 4096, 4096, 4096, 4096]",b18540eb-6f2b-534c-e7f9-9bd930518da9,8822,Raiders,Raiders
football,nfl,24,Los Angeles Chargers,LAC,24,ffc20e,0080c6,Los Angeles,Chargers,los-angeles-chargers,s:20~l:28~t:24,"[500, 500, 500, 500, 500, 4096, 4096, 4096, 4096, 4096, 4096, 4096, 4096, 4096, 4096, 4096, 4096]","[""https://a.espncdn.com/i/teamlogos/nfl/500/lac.png"", ""https://a.espncdn.com/i/teamlogos/nfl/500-dark/lac.png"", ""https://a.espncdn.com/i/teamlogos/nfl/500/scoreboard/lac.png"", ""https://a.espncdn.com/i/teamlogos/nfl/500-dark/scoreboard/lac.png"", ""https://a.espncdn.com/guid/debcd592-8d53-71f1-fc15-5c8b8ef9df6e/logos/grayscale.png"", ""https://a.espncdn.com/guid/debcd592-8d53-71f1-fc15-5c8b8ef9df6e/logos/primary_logo_on_white_color.png"", ""https://a.espncdn.com/guid/debcd592-8d53-71f1-fc15-5c8b8ef9df6e/logos/primary_logo_on_black_color.png"", ""https://a.espncdn.com/guid/debcd592-8d53-71f1-fc15-5c8b8ef9df6e/logos/primary_logo_on_primary_color.png"", ""https://a.espncdn.com/guid/debcd592-8d53-71f1-fc15-5c8b8ef9df6e/logos/primary_logo_on_secondary_color.png"", ""https://a.espncdn.com/guid/debcd592-8d53-71f1-fc15-5c8b8ef9df6e/logos/primary_logo_black.png"", ""https://a.espncdn.com/guid/debcd592-8d53-71f1-fc15-5c8b8ef9df6e/logos/primary_logo_white.png"", ""https://a.espncdn.com/guid/debcd592-8d53-71f1-fc15-5c8b8ef9df6e/logos/secondary_logo_on_white_color.png"", ""https://a.espncdn.com/guid/debcd592-8d53-71f1-fc15-5c8b8ef9df6e/logos/secondary_logo_on_black_color.png"", ""https://a.espncdn.com/guid/debcd592-8d53-71f1-fc15-5c8b8ef9df6e/logos/secondary_logo_on_primary_color.png"", ""https://a.espncdn.com/guid/debcd592-8d53-71f1-fc15-5c8b8ef9df6e/logos/secondary_logo_on_secondary_color.png"", ""https://a.espncdn.com/guid/debcd592-8d53-71f1-fc15-5c8b8ef9df6e/logos/secondary_logo_black.png"", ""https://a.espncdn.com/guid/debcd592-8d53-71f1-fc15-5c8b8ef9df6e/logos/secondary_logo_white.png""]","[[""full"", ""default""], [""full"", ""dark""], [""full"", ""scoreboard""], [""full"", ""scoreboard"", ""dark""], [""full"", ""grayscale""], [""full"", ""primary_logo_on_white_color""], [""full"", ""primary_logo_on_black_color""], [""full"", ""primary_logo_on_primary_color""], [""full"", ""primary_logo_on_secondary_color""], [""full"", ""primary_logo_black""], [""full"", ""primary_logo_white""], [""full"", ""secondary_logo_on_white_color""], [""full"", ""secondary_logo_on_black_color""], [""full"", ""secondary_logo_on_primary_color""], [""full"", ""secondary_logo_on_secondary_color""], [""full"", ""secondary_logo_black""], [""full"", ""secondary_logo_white""]]","[500, 500, 500, 500, 500, 4096, 4096, 4096, 4096, 4096, 4096, 4096, 4096, 4096, 4096, 4096, 4096]",84caf62b-c753-71ea-a787-44fd224a4294,8825,Chargers,Chargers
football,nfl,24,Los Angeles Chargers,LAC,LAC,ffc20e,0080c6,Los Angeles,Chargers,los-angeles-chargers,s:20~l:28~t:24,"[500, 500, 500, 500, 500, 4096, 4096, 4096, 4096, 4096, 4096, 4096, 4096, 4096, 4096, 4096, 4096]","[""https://a.espncdn.com/i/teamlogos/nfl/500/lac.png"", ""https://a.espncdn.com/i/teamlogos/nfl/500-dark/lac.png"", ""https://a.espncdn.com/i/teamlogos/nfl/500/scoreboard/lac.png"", ""https://a.espncdn.com/i/teamlogos/nfl/500-dark/scoreboard/lac.png"", ""https://a.espncdn.com/guid/debcd592-8d53-71f1-fc15-5c8b8ef9df6e/logos/grayscale.png"", ""https://a.espncdn.com/guid/debcd592-8d53-71f1-fc15-5c8b8ef9df6e/logos/primary_logo_on_white_color.png"", ""https://a.espncdn.com/guid/debcd592-8d53-71f1-fc15-5c8b8ef9df6e/logos/primary_logo_on_black_color.png"", ""https://a.espncdn.com/guid/debcd592-8d53-71f1-fc15-5c8b8ef9df6e/logos/primary_logo_on_primary_color.png"", ""https://a.espncdn.com/guid/debcd592-8d53-71f1-fc15-5c8b8ef9df6e/logos/primary_logo_on_secondary_color.png"", ""https://a.espncdn.com/guid/debcd592-8d53-71f1-fc15-5c8b8ef9df6e/logos/primary_logo_black.png"", ""https://a.espncdn.com/guid/debcd592-8d53-71f1-fc15-5c8b8ef9df6e/logos/primary_logo_white.png"", ""https://a.espncdn.com/guid/debcd592-8d53-71f1-fc15-5c8b8ef9df6e/logos/secondary_logo_on_white_color.png"", ""https://a.espncdn.com/guid/debcd592-8d53-71f1-fc15-5c8b8ef9df6e/logos/secondary_logo_on_black_color.png"", ""https://a.espncdn.com/guid/debcd592-8d53-71f1-fc15-5c8b8ef9df6e/logos/secondary_logo_on_primary_color.png"", ""https://a.espncdn.com/guid/debcd592-8d53-71f1-fc15-5c8b8ef9df6e/logos/secondary_logo_on_secondary_color.png"", ""https://a.espncdn.com/guid/debcd592-8d53-71f1-fc15-5c8b8ef9df6e/logos/secondary_logo_black.png"", ""https://a.espncdn.com/guid/debcd592-8d53-71f1-fc15-5c8b8ef9df6e/logos/secondary_logo_white.png""]","[[""full"", ""default""], [""full"", ""dark""], [""full"", ""scoreboard""], [""full"", ""scoreboard"", ""dark""], [""full"", ""grayscale""], [""full"", ""primary_logo_on_white_color""], [""full"", ""primary_logo_on_black_color""], [""full"", ""primary_logo_on_primary_color""], [""full"", ""primary_logo_on_secondary_color""], [""full"", ""primary_logo_black""], [""full"", ""primary_logo_white""], [""full"", ""secondary_logo_on_white_color""], [""full"", ""secondary_logo_on_black_color""], [""full"", ""secondary_logo_on_primary_color""], [""full"", ""secondary_logo_on_secondary_color""], [""full"", ""secondary_logo_black""], [""full"", ""secondary_logo_white""]]","[500, 500, 500, 500, 500, 4096, 4096, 4096, 4096, 4096, 4096, 4096, 4096, 4096, 4096, 4096, 4096]",84caf62b-c753-71ea-a787-44fd224a4294,8825,Chargers,Chargers
football,nfl,24,Los Angeles Chargers,LAC,Los Angeles Chargers,ffc20e,0080c6,Los Angeles,Chargers,los-angeles-chargers,s:20~l:28~t:24,"[500, 500, 500, 500, 500, 4096, 4096, 4096, 4096, 4096, 4096, 4096, 4096, 4096, 4096, 4096, 4096]","[""https://a.espncdn.com/i/teamlogos/nfl/500/lac.png"", ""https://a.espncdn.com/i/teamlogos/nfl/500-dark/lac.png"", ""https://a.espncdn.com/i/teamlogos/nfl/500/scoreboard/lac.png"", ""https://a.espncdn.com/i/teamlogos/nfl/500-dark/scoreboard/lac.png"", ""https://a.espncdn.com/guid/debcd592-8d53-71f1-fc15-5c8b8ef9df6e/logos/grayscale.png"", ""https://a.espncdn.com/guid/debcd592-8d53-71f1-fc15-5c8b8ef9df6e/logos/primary_logo_on_white_color.png"", ""https://a.espncdn.com/guid/debcd592-8d53-71f1-fc15-5c8b8ef9df6e/logos/primary_logo_on_black_color.png"", ""https://a.espncdn.com/guid/debcd592-8d53-71f1-fc15-5c8b8ef9df6e/logos/primary_logo_on_primary_color.png"", ""https://a.espncdn.com/guid/debcd592-8d53-71f1-fc15-5c8b8ef9df6e/logos/primary_logo_on_secondary_color.png"", ""https://a.espncdn.com/guid/debcd592-8d53-71f1-fc15-5c8b8ef9df6e/logos/primary_logo_black.png"", ""https://a.espncdn.com/guid/debcd592-8d53-71f1-fc15-5c8b8ef9df6e/logos/primary_logo_white.png"", ""https://a.espncdn.com/guid/debcd592-8d53-71f1-fc15-5c8b8ef9df6e/logos/secondary_logo_on_white_color.png"", ""https://a.espncdn.com/guid/debcd592-8d53-71f1-fc15-5c8b8ef9df6e/logos/secondary_logo_on_black_color.png"", ""https://a.espncdn.com/guid/debcd592-8d53-71f1-fc15-5c8b8ef9df6e/logos/secondary_logo_on_primary_color.png"", ""https://a.espncdn.com/guid/debcd592-8d53-71f1-fc15-5c8b8ef9df6e/logos/secondary_logo_on_secondary_color.png"", ""https://a.espncdn.com/guid/debcd592-8d53-71f1-fc15-5c8b8ef9df6e/logos/secondary_logo_black.png"", ""https://a.espncdn.com/guid/debcd592-8d53-71f1-fc15-5c8b8ef9df6e/logos/secondary_logo_white.png""]","[[""full"", ""default""], [""full"", ""dark""], [""full"", ""scoreboard""], [""full"", ""scoreboard"", ""dark""], [""full"", ""grayscale""], [""full"", ""primary_logo_on_white_color""], [""full"", ""primary_logo_on_black_color""], [""full"", ""primary_logo_on_primary_color""], [""full"", ""primary_logo_on_secondary_color""], [""full"", ""primary_logo_black""], [""full"", ""primary_logo_white""], [""full"", ""secondary_logo_on_white_color""], [""full"", ""secondary_logo_on_black_color""], [""full"", ""secondary_logo_on_primary_color""], [""full"", ""secondary_logo_on_secondary_color""], [""full"", ""secondary_logo_black""], [""full"", ""secondary_logo_white""]]","[500, 500, 500, 500, 500, 4096, 4096, 4096, 4096, 4096, 4096, 4096, 4096, 4096, 4096, 4096, 4096]",84caf62b-c753-71ea-a787-44fd224a4294,8825,Chargers,Chargers
football,nfl,24,Los Angeles Chargers,LAC,Chargers,ffc20e,0080c6,Los Angeles,Chargers,los-angeles-chargers,s:20~l:28~t:24,"[500, 500, 500, 500, 500, 4096, 4096, 4096, 4096, 4096, 4096, 4096, 4096, 4096, 4096, 4096, 4096]","[""https://a.espncdn.com/i/teamlogos/nfl/500/lac.png"", ""https://a.espncdn.com/i/teamlogos/nfl/500-dark/lac.png"", ""https://a.espncdn.com/i/teamlogos/nfl/500/scoreboard/lac.png"", ""https://a.espncdn.com/i/teamlogos/nfl/500-dark/scoreboard/lac.png"", ""https://a.espncdn.com/guid/debcd592-8d53-71f1-fc15-5c8b8ef9df6e/logos/grayscale.png"", ""https://a.espncdn.com/guid/debcd592-8d53-71f1-fc15-5c8b8ef9df6e/logos/primary_logo_on_white_color.png"", ""https://a.espncdn.com/guid/debcd592-8d53-71f1-fc15-5c8b8ef9df6e/logos/primary_logo_on_black_color.png"", ""https://a.espncdn.com/guid/debcd592-8d53-71f1-fc15-5c8b8ef9df6e/logos/primary_logo_on_primary_color.png"", ""https://a.espncdn.com/guid/debcd592-8d53-71f1-fc15-5c8b8ef9df6e/logos/primary_logo_on_secondary_color.png"", ""https://a.espncdn.com/guid/debcd592-8d53-71f1-fc15-5c8b8ef9df6e/logos/primary_logo_black.png"", ""https://a.espncdn.com/guid/debcd592-8d53-71f1-fc15-5c8b8ef9df6e/logos/primary_logo_white.png"", ""https://a.espncdn.com/guid/debcd592-8d53-71f1-fc15-5c8b8ef9df6e/logos/secondary_logo_on_white_color.png"", ""https://a.espncdn.com/guid/debcd592-8d53-71f1-fc15-5c8b8ef9df6e/logos/secondary_logo_on_black_color.png"", ""https://a.espncdn.com/guid/debcd592-8d53-71f1-fc15-5c8b8ef9df6e/logos/secondary_logo_on_primary_color.png"", ""https://a.espncdn.com/guid/debcd592-8d53-71f1-fc15-5c8b8ef9df6e/logos/secondary_logo_on_secondary_color.png"", ""https://a.espncdn.com/guid/debcd592-8d53-71f1-fc15-5c8b8ef9df6e/logos/secondary_logo_black.png"", ""https://a.espncdn.com/guid/debcd592-8d53-71f1-fc15-5c8b8ef9df6e/logos/secondary_logo_white.png""]","[[""full"", ""default""], [""full"", ""dark""], [""full"", ""scoreboard""], [""full"", ""scoreboard"", ""dark""], [""full"", ""grayscale""], [""full"", ""primary_logo_on_white_color""], [""full"", ""primary_logo_on_black_color""], [""full"", ""primary_logo_on_primary_color""], [""full"", ""primary_logo_on_secondary_color""], [""full"", ""primary_logo_black""], [""full"", ""primary_logo_white""], [""full"", ""secondary_logo_on_white_color""], [""full"", ""secondary_logo_on_black_color""], [""full"", ""secondary_logo_on_primary_color""], [""full"", ""secondary_logo_on_secondary_color""], [""full"", ""secondary_logo_black""], [""full"", ""secondary_logo_white""]]","[500, 500, 500, 500, 500, 4096, 4096, 4096, 4096, 4096, 4096, 4096, 4096, 4096, 4096, 4096, 4096]",84caf62b-c753-71ea-a787-44fd224a4294,8825,Chargers,Chargers
football,nfl,24,Los Angeles Chargers,LAC,los-angeles-chargers,ffc20e,0080c6,Los Angeles,Chargers,los-angeles-chargers,s:20~l:28~t:24,"[500, 500, 500, 500, 500, 4096, 4096, 4096, 4096, 4096, 4096, 4096, 4096, 4096, 4096, 4096, 4096]","[""https://a.espncdn.com/i/teamlogos/nfl/500/lac.png"", ""https://a.espncdn.com/i/teamlogos/nfl/500-dark/lac.png"", ""https://a.espncdn.com/i/teamlogos/nfl/500/scoreboard/lac.png"", ""https://a.espncdn.com/i/teamlogos/nfl/500-dark/scoreboard/lac.png"", ""https://a.espncdn.com/guid/debcd592-8d53-71f1-fc15-5c8b8ef9df6e/logos/grayscale.png"", ""https://a.espncdn.com/guid/debcd592-8d53-71f1-fc15-5c8b8ef9df6e/logos/primary_logo_on_white_color.png"", ""https://a.espncdn.com/guid/debcd592-8d53-71f1-fc15-5c8b8ef9df6e/logos/primary_logo_on_black_color.png"", ""https://a.espncdn.com/guid/debcd592-8d53-71f1-fc15-5c8b8ef9df6e/logos/primary_logo_on_primary_color.png"", ""https://a.espncdn.com/guid/debcd592-8d53-71f1-fc15-5c8b8ef9df6e/logos/primary_logo_on_secondary_color.png"", ""https://a.espncdn.com/guid/debcd592-8d53-71f1-fc15-5c8b8ef9df6e/logos/primary_logo_black.png"", ""https://a.espncdn.com/guid/debcd592-8d53-71f1-fc15-5c8b8ef9df6e/logos/primary_logo_white.png"", ""https://a.espncdn.com/guid/debcd592-8d53-71f1-fc15-5c8b8ef9df6e/logos/secondary_logo_on_white_color.png"", ""https://a.espncdn.com/guid/debcd592-8d53-71f1-fc15-5c8b8ef9df6e/logos/secondary_logo_on_black_color.png"", ""https://a.espncdn.com/guid/debcd592-8d53-71f1-fc15-5c8b8ef9df6e/logos/secondary_logo_on_primary_color.png"", ""https://a.espncdn.com/guid/debcd592-8d53-71f1-fc15-5c8b8ef9df6e/logos/secondary_logo_on_secondary_color.png"", ""https://a.espncdn.com/guid/debcd592-8d53-71f1-fc15-5c8b8ef9df6e/logos/secondary_logo_black.png"", ""https://a.espncdn.com/guid/debcd592-8d53-71f1-fc15-5c8b8ef9df6e/logos/secondary_logo_white.png""]","[[""full"", ""default""], [""full"", ""dark""], [""full"", ""scoreboard""], [""full"", ""scoreboard"", ""dark""], [""full"", ""grayscale""], [""full"", ""primary_logo_on_white_color""], [""full"", ""primary_logo_on_black_color""], [""full"", ""primary_logo_on_primary_color""], [""full"", ""primary_logo_on_secondary_color""], [""full"", ""primary_logo_black""], [""full"", ""primary_logo_white""], [""full"", ""secondary_logo_on_white_color""], [""full"", ""secondary_logo_on_black_color""], [""full"", ""secondary_logo_on_primary_color""], [""full"", ""secondary_logo_on_secondary_color""], [""full"", ""secondary_logo_black""], [""full"", ""secondary_logo_white""]]","[500, 500, 500, 500, 500, 4096, 4096, 4096, 4096, 4096, 4096, 4096, 4096, 4096, 4096, 4096, 4096]",84caf62b-c753-71ea-a787-44fd224a4294,8825,Chargers,Chargers
football,nfl,14,Los Angeles Rams,LAR,14,ffd100,003594,Los Angeles,Rams,los-angeles-rams,s:20~l:28~t:14,"[500, 500, 500, 500, 500, 4096, 4096, 4096, 4096, 4096, 4096, 4096, 4096, 4096, 4096, 4096, 4096]","[""https://a.espncdn.com/i/teamlogos/nfl/500/lar.png"", ""https://a.espncdn.com/i/teamlogos/nfl/500-dark/lar.png"", ""https://a.espncdn.com/i/teamlogos/nfl/500/scoreboard/lar.png"", ""https://a.espncdn.com/i/teamlogos/nfl/500-dark/scoreboard/lar.png"", ""https://a.espncdn.com/guid/b18540eb-6f2b-534c-e7f9-9bd930518da9/logos/grayscale.png"", ""https://a.espncdn.com/guid/b18540eb-6f2b-534c-e7f9-9bd930518da9/logos/primary_logo_on_white_color.png"", ""https://a.espncdn.com/guid/b18540eb-6f2b-534c-e7f9-9bd930518da9/logos/primary_logo_on_black_color.png"", ""https://a.espncdn.com/guid/b18540eb-6f2b-534c-e7f9-9bd930518da9/logos/primary_logo_on_primary_color.png"", ""https://a.espncdn.com/guid/b18540eb-6f2b-534c-e7f9-9bd930518da9/logos/primary_logo_on_secondary_color.png"", ""https://a.espncdn.com/guid/b18540eb-6f2b-534c-e7f9-9bd930518da9/logos/primary_logo_black.png"", ""https://a.espncdn.com/guid/b18540eb-6f2b-534c-e7f9-9bd930518da9/logos/primary_logo_white.png"", ""https://a.espncdn.com/guid/b18540eb-6f2b-534c-e7f9-9bd930518da9/logos/secondary_logo_on_white_color.png"", ""https://a.espncdn.com/guid/b18540eb-6f2b-534c-e7f9-9bd930518da9/logos/secondary_logo_on_black_color.png"", ""https://a.espncdn.com/guid/b18540eb-6f2b-534c-e7f9-9bd930518da9/logos/secondary_logo_on_primary_color.png"", ""https://a.espncdn.com/guid/b18540eb-6f2b-534c-e7f9-9bd930518da9/logos/secondary_logo_on_secondary_color.png"", ""https://a.espncdn.com/guid/b18540eb-6f2b-534c-e7f9-9bd930518da9/logos/secondary_logo_black.png"", ""https://a.espncdn.com/guid/b18540eb-6f2b-534c-e7f9-9bd930518da9/logos/secondary_logo_white.png""]","[[""full"", ""default""], [""full"", ""dark""], [""full"", ""scoreboard""], [""full"", ""scoreboard"", ""dark""], [""full"", ""grayscale""], [""full"", ""primary_logo_on_white_color""], [""full"", ""primary_logo_on_black_color""], [""full"", ""primary_logo_on_primary_color""], [""full"", ""primary_logo_on_secondary_color""], [""full"", ""primary_logo_black""], [""full"", ""primary_logo_white""], [""full"", ""secondary_logo_on_white_color""], [""full"", ""secondary_logo_on_black_color""], [""full"", ""secondary_logo_on_primary_color""], [""full"", ""secondary_logo_on_secondary_color""], [""full"", ""secondary_logo_black""], [""full"", ""secondary_logo_white""]]","[500, 500, 500, 500, 500, 4096, 4096, 4096, 4096, 4096, 4096, 4096, 4096, 4096, 4096, 4096, 4096]",2e1473b2-e269-fd7a-1137-c1edacb85986,8828,Rams,Rams
football,nfl,14,Los Angeles Rams,LAR,LAR,ffd100,003594,Los Angeles,Rams,los-angeles-rams,s:20~l:28~t:14,"[500, 500, 500, 500, 500, 4096, 4096, 4096, 4096, 4096, 4096, 4096, 4096, 4096, 4096, 4096, 4096]","[""https://a.espncdn.com/i/teamlogos/nfl/500/lar.png"", ""https://a.espncdn.com/i/teamlogos/nfl/500-dark/lar.png"", ""https://a.espncdn.com/i/teamlogos/nfl/500/scoreboard/lar.png"", ""https://a.espncdn.com/i/teamlogos/nfl/500-dark/scoreboard/lar.png"", ""https://a.espncdn.com/guid/b18540eb-6f2b-534c-e7f9-9bd930518da9/logos/grayscale.png"", ""https://a.espncdn.com/guid/b18540eb-6f2b-534c-e7f9-9bd930518da9/logos/primary_logo_on_white_color.png"", ""https://a.espncdn.com/guid/b18540eb-6f2b-534c-e7f9-9bd930518da9/logos/primary_logo_on_black_color.png"", ""https://a.espncdn.com/guid/b18540eb-6f2b-534c-e7f9-9bd930518da9/logos/primary_logo_on_primary_color.png"", ""https://a.espncdn.com/guid/b18540eb-6f2b-534c-e7f9-9bd930518da9/logos/primary_logo_on_secondary_color.png"", ""https://a.espncdn.com/guid/b18540eb-6f2b-534c-e7f9-9bd930518da9/logos/primary_logo_black.png"", ""https://a.espncdn.com/guid/b18540eb-6f2b-534c-e7f9-9bd930518da9/logos/primary_logo_white.png"", ""https://a.espncdn.com/guid/b18540eb-6f2b-534c-e7f9-9bd930518da9/logos/secondary_logo_on_white_color.png"", ""https://a.espncdn.com/guid/b18540eb-6f2b-534c-e7f9-9bd930518da9/logos/secondary_logo_on_black_color.png"", ""https://a.espncdn.com/guid/b18540eb-6f2b-534c-e7f9-9bd930518da9/logos/secondary_logo_on_primary_color.png"", ""https://a.espncdn.com/guid/b18540eb-6f2b-534c-e7f9-9bd930518da9/logos/secondary_logo_on_secondary_color.png"", ""https://a.espncdn.com/guid/b18540eb-6f2b-534c-e7f9-9bd930518da9/logos/secondary_logo_black.png"", ""https://a.espncdn.com/guid/b18540eb-6f2b-534c-e7f9-9bd930518da9/logos/secondary_logo_white.png""]","[[""full"", ""default""], [""full"", ""dark""], [""full"", ""scoreboard""], [""full"", ""scoreboard"", ""dark""], [""full"", ""grayscale""], [""full"", ""primary_logo_on_white_color""], [""full"", ""primary_logo_on_black_color""], [""full"", ""primary_logo_on_primary_color""], [""full"", ""primary_logo_on_secondary_color""], [""full"", ""primary_logo_black""], [""full"", ""primary_logo_white""], [""full"", ""secondary_logo_on_white_color""], [""full"", ""secondary_logo_on_black_color""], [""full"", ""secondary_logo_on_primary_color""], [""full"", ""secondary_logo_on_secondary_color""], [""full"", ""secondary_logo_black""], [""full"", ""secondary_logo_white""]]","[500, 500, 500, 500, 500, 4096, 4096, 4096, 4096, 4096, 4096, 4096, 4096, 4096, 4096, 4096, 4096]",2e1473b2-e269-fd7a-1137-c1edacb85986,8828,Rams,Rams
football,nfl,14,Los Angeles Rams,LAR,Los Angeles Rams,ffd100,003594,Los Angeles,Rams,los-angeles-rams,s:20~l:28~t:14,"[500, 500, 500, 500, 500, 4096, 4096, 4096, 4096, 4096, 4096, 4096, 4096, 4096, 4096, 4096, 4096]","[""https://a.espncdn.com/i/teamlogos/nfl/500/lar.png"", ""https://a.espncdn.com/i/teamlogos/nfl/500-dark/lar.png"", ""https://a.espncdn.com/i/teamlogos/nfl/500/scoreboard/lar.png"", ""https://a.espncdn.com/i/teamlogos/nfl/500-dark/scoreboard/lar.png"", ""https://a.espncdn.com/guid/b18540eb-6f2b-534c-e7f9-9bd930518da9/logos/grayscale.png"", ""https://a.espncdn.com/guid/b18540eb-6f2b-534c-e7f9-9bd930518da9/logos/primary_logo_on_white_color.png"", ""https://a.espncdn.com/guid/b18540eb-6f2b-534c-e7f9-9bd930518da9/logos/primary_logo_on_black_color.png"", ""https://a.espncdn.com/guid/b18540eb-6f2b-534c-e7f9-9bd930518da9/logos/primary_logo_on_primary_color.png"", ""https://a.espncdn.com/guid/b18540eb-6f2b-534c-e7f9-9bd930518da9/logos/primary_logo_on_secondary_color.png"", ""https://a.espncdn.com/guid/b18540eb-6f2b-534c-e7f9-9bd930518da9/logos/primary_logo_black.png"", ""https://a.espncdn.com/guid/b18540eb-6f2b-534c-e7f9-9bd930518da9/logos/primary_logo_white.png"", ""https://a.espncdn.com/guid/b18540eb-6f2b-534c-e7f9-9bd930518da9/logos/secondary_logo_on_white_color.png"", ""https://a.espncdn.com/guid/b18540eb-6f2b-534c-e7f9-9bd930518da9/logos/secondary_logo_on_black_color.png"", ""https://a.espncdn.com/guid/b18540eb-6f2b-534c-e7f9-9bd930518da9/logos/secondary_logo_on_primary_color.png"", ""https://a.espncdn.com/guid/b18540eb-6f2b-534c-e7f9-9bd930518da9/logos/secondary_logo_on_secondary_color.png"", ""https://a.espncdn.com/guid/b18540eb-6f2b-534c-e7f9-9bd930518da9/logos/secondary_logo_black.png"", ""https://a.espncdn.com/guid/b18540eb-6f2b-534c-e7f9-9bd930518da9/logos/secondary_logo_white.png""]","[[""full"", ""default""], [""full"", ""dark""], [""full"", ""scoreboard""], [""full"", ""scoreboard"", ""dark""], [""full"", ""grayscale""], [""full"", ""primary_logo_on_white_color""], [""full"", ""primary_logo_on_black_color""], [""full"", ""primary_logo_on_primary_color""], [""full"", ""primary_logo_on_secondary_color""], [""full"", ""primary_logo_black""], [""full"", ""primary_logo_white""], [""full"", ""secondary_logo_on_white_color""], [""full"", ""secondary_logo_on_black_color""], [""full"", ""secondary_logo_on_primary_color""], [""full"", ""secondary_logo_on_secondary_color""], [""full"", ""secondary_logo_black""], [""full"", ""secondary_logo_white""]]","[500, 500, 500, 500, 500, 4096, 4096, 4096, 4096, 4096, 4096, 4096, 4096, 4096, 4096, 4096, 4096]",2e1473b2-e269-fd7a-1137-c1edacb85986,8828,Rams,Rams
football,nfl,14,Los Angeles Rams,LAR,Rams,ffd100,003594,Los Angeles,Rams,los-angeles-rams,s:20~l:28~t:14,"[500, 500, 500, 500, 500, 4096, 4096, 4096, 4096, 4096, 4096, 4096, 4096, 4096, 4096, 4096, 4096]","[""https://a.espncdn.com/i/teamlogos/nfl/500/lar.png"", ""https://a.espncdn.com/i/teamlogos/nfl/500-dark/lar.png"", ""https://a.espncdn.com/i/teamlogos/nfl/500/scoreboard/lar.png"", ""https://a.espncdn.com/i/teamlogos/nfl/500-dark/scoreboard/lar.png"", ""https://a.espncdn.com/guid/b18540eb-6f2b-534c-e7f9-9bd930518da9/logos/grayscale.png"", ""https://a.espncdn.com/guid/b18540eb-6f2b-534c-e7f9-9bd930518da9/logos/primary_logo_on_white_color.png"", ""https://a.espncdn.com/guid/b18540eb-6f2b-534c-e7f9-9bd930518da9/logos/primary_logo_on_black_color.png"", ""https://a.espncdn.com/guid/b18540eb-6f2b-534c-e7f9-9bd930518da9/logos/primary_logo_on_primary_color.png"", ""https://a.espncdn.com/guid/b18540eb-6f2b-534c-e7f9-9bd930518da9/logos/primary_logo_on_secondary_color.png"", ""https://a.espncdn.com/guid/b18540eb-6f2b-534c-e7f9-9bd930518da9/logos/primary_logo_black.png"", ""https://a.espncdn.com/guid/b18540eb-6f2b-534c-e7f9-9bd930518da9/logos/primary_logo_white.png"", ""https://a.espncdn.com/guid/b18540eb-6f2b-534c-e7f9-9bd930518da9/logos/secondary_logo_on_white_color.png"", ""https://a.espncdn.com/guid/b18540eb-6f2b-534c-e7f9-9bd930518da9/logos/secondary_logo_on_black_color.png"", ""https://a.espncdn.com/guid/b18540eb-6f2b-534c-e7f9-9bd930518da9/logos/secondary_logo_on_primary_color.png"", ""https://a.espncdn.com/guid/b18540eb-6f2b-534c-e7f9-9bd930518da9/logos/secondary_logo_on_secondary_color.png"", ""https://a.espncdn.com/guid/b18540eb-6f2b-534c-e7f9-9bd930518da9/logos/secondary_logo_black.png"", ""https://a.espncdn.com/guid/b18540eb-6f2b-534c-e7f9-9bd930518da9/logos/secondary_logo_white.png""]","[[""full"", ""default""], [""full"", ""dark""], [""full"", ""scoreboard""], [""full"", ""scoreboard"", ""dark""], [""full"", ""grayscale""], [""full"", ""primary_logo_on_white_color""], [""full"", ""primary_logo_on_black_color""], [""full"", ""primary_logo_on_primary_color""], [""full"", ""primary_logo_on_secondary_color""], [""full"", ""primary_logo_black""], [""full"", ""primary_logo_white""], [""full"", ""secondary_logo_on_white_color""], [""full"", ""secondary_logo_on_black_color""], [""full"", ""secondary_logo_on_primary_color""], [""full"", ""secondary_logo_on_secondary_color""], [""full"", ""secondary_logo_black""], [""full"", ""secondary_logo_white""]]","[500, 500, 500, 500, 500, 4096, 4096, 4096, 4096, 4096, 4096, 4096, 4096, 4096, 4096, 4096, 4096]",2e1473b2-e269-fd7a-1137-c1edacb85986,8828,Rams,Rams
football,nfl,14,Los Angeles Rams,LAR,los-angeles-rams,ffd100,003594,Los Angeles,Rams,los-angeles-rams,s:20~l:28~t:14,"[500, 500, 500, 500, 500, 4096, 4096, 4096, 4096, 4096, 4096, 4096, 4096, 4096, 4096, 4096, 4096]","[""https://a.espncdn.com/i/teamlogos/nfl/500/lar.png"", ""https://a.espncdn.com/i/teamlogos/nfl/500-dark/lar.png"", ""https://a.espncdn.com/i/teamlogos/nfl/500/scoreboard/lar.png"", ""https://a.espncdn.com/i/teamlogos/nfl/500-dark/scoreboard/lar.png"", ""https://a.espncdn.com/guid/b18540eb-6f2b-534c-e7f9-9bd930518da9/logos/grayscale.png"", ""https://a.espncdn.com/guid/b18540eb-6f2b-534c-e7f9-9bd930518da9/logos/primary_logo_on_white_color.png"", ""https://a.espncdn.com/guid/b18540eb-6f2b-534c-e7f9-9bd930518da9/logos/primary_logo_on_black_color.png"", ""https://a.espncdn.com/guid/b18540eb-6f2b-534c-e7f9-9bd930518da9/logos/primary_logo_on_primary_color.png"", ""https://a.espncdn.com/guid/b18540eb-6f2b-534c-e7f9-9bd930518da9/logos/primary_logo_on_secondary_color.png"", ""https://a.espncdn.com/guid/b18540eb-6f2b-534c-e7f9-9bd930518da9/logos/primary_logo_black.png"", ""https://a.espncdn.com/guid/b18540eb-6f2b-534c-e7f9-9bd930518da9/logos/primary_logo_white.png"", ""https://a.espncdn.com/guid/b18540eb-6f2b-534c-e7f9-9bd930518da9/logos/secondary_logo_on_white_color.png"", ""https://a.espncdn.com/guid/b18540eb-6f2b-534c-e7f9-9bd930518da9/logos/secondary_logo_on_black_color.png"", ""https://a.espncdn.com/guid/b18540eb-6f2b-534c-e7f9-9bd930518da9/logos/secondary_logo_on_primary_color.png"", ""https://a.espncdn.com/guid/b18540eb-6f2b-534c-e7f9-9bd930518da9/logos/secondary_logo_on_secondary_color.png"", ""https://a.espncdn.com/guid/b18540eb-6f2b-534c-e7f9-9bd930518da9/logos/secondary_logo_black.png"", ""https://a.espncdn.com/guid/b18540eb-6f2b-534c-e7f9-9bd930518da9/logos/secondary_logo_white.png""]","[[""full"", ""default""], [""full"", ""dark""], [""full"", ""scoreboard""], [""full"", ""scoreboard"", ""dark""], [""full"", ""grayscale""], [""full"", ""primary_logo_on_white_color""], [""full"", ""primary_logo_on_black_color""], [""full"", ""primary_logo_on_primary_color""], [""full"", ""primary_logo_on_secondary_color""], [""full"", ""primary_logo_black""], [""full"", ""primary_logo_white""], [""full"", ""secondary_logo_on_white_color""], [""full"", ""secondary_logo_on_black_color""], [""full"", ""secondary_logo_on_primary_color""], [""full"", ""secondary_logo_on_secondary_color""], [""full"", ""secondary_logo_black""], [""full"", ""secondary_logo_white""]]","[500, 500, 500, 500, 500, 4096, 4096, 4096, 4096, 4096, 4096, 4096, 4096, 4096, 4096, 4096, 4096]",2e1473b2-e269-fd7a-1137-c1edacb85986,8828,Rams,Rams
football,nfl,15,Miami Dolphins,MIA,15,fc4c02,008e97,Miami,Dolphins,miami-dolphins,s:20~l:28~t:15,"[500, 500, 500, 500, 500, 4096, 4096, 4096, 4096, 4096, 4096, 4096, 4096, 4096, 4096, 4096, 4096]","[""https://a.espncdn.com/i/teamlogos/nfl/500/mia.png"", ""https://a.espncdn.com/i/teamlogos/nfl/500-dark/mia.png"", ""https://a.espncdn.com/i/teamlogos/nfl/500/scoreboard/mia.png"", ""https://a.espncdn.com/i/teamlogos/nfl/500-dark/scoreboard/mia.png"", ""https://a.espncdn.com/guid/2e1473b2-e269-fd7a-1137-c1edacb85986/logos/grayscale.png"", ""https://a.espncdn.com/guid/2e1473b2-e269-fd7a-1137-c1edacb85986/logos/primary_logo_on_white_color.png"", ""https://a.espncdn.com/guid/2e1473b2-e269-fd7a-1137-c1edacb85986/logos/primary_logo_on_black_color.png"", ""https://a.espncdn.com/guid/2e1473b2-e269-fd7a-1137-c1edacb85986/logos/primary_logo_on_primary_color.png"", ""https://a.espncdn.com/guid/2e1473b2-e269-fd7a-1137-c1edacb85986/logos/primary_logo_on_secondary_color.png"", ""https://a.espncdn.com/guid/2e1473b2-e269-fd7a-1137-c1edacb85986/logos/primary_logo_black.png"", ""https://a.espncdn.com/guid/2e1473b2-e269-fd7a-1137-c1edacb85986/logos/primary_logo_white.png"", ""https://a.espncdn.com/guid/2e1473b2-e269-fd7a-1137-c1edacb85986/logos/secondary_logo_on_white_color.png"", ""https://a.espncdn.com/guid/2e1473b2-e269-fd7a-1137-c1edacb85986/logos/secondary_logo_on_black_color.png"", ""https://a.espncdn.com/guid/2e1473b2-e269-fd7a-1137-c1edacb85986/logos/secondary_logo_on_primary_color.png"", ""https://a.espncdn.com/guid/2e1473b2-e269-fd7a-1137-c1edacb85986/logos/secondary_logo_on_secondary_color.png"", ""https://a.espncdn.com/guid/2e1473b2-e269-fd7a-1137-c1edacb85986/logos/secondary_logo_black.png"", ""https://a.espncdn.com/guid/2e1473b2-e269-fd7a-1137-c1edacb85986/logos/secondary_logo_white.png""]","[[""full"", ""default""], [""full"", ""dark""], [""full"", ""scoreboard""], [""full"", ""scoreboard"", ""dark""], [""full"", ""grayscale""], [""full"", ""primary_logo_on_white_color""], [""full"", ""primary_logo_on_black_color""], [""full"", ""primary_logo_on_primary_color""], [""full"", ""primary_logo_on_secondary_color""], [""full"", ""primary_logo_black""], [""full"", ""primary_logo_white""], [""full"", ""secondary_logo_on_white_color""], [""full"", ""secondary_logo_on_black_color""], [""full"", ""secondary_logo_on_primary_color""], [""full"", ""secondary_logo_on_secondary_color""], [""full"", ""secondary_logo_black""], [""full"", ""secondary_logo_white""]]","[500, 500, 500, 500, 500, 4096, 4096, 4096, 4096, 4096, 4096, 4096, 4096, 4096, 4096, 4096, 4096]",af33088b-1e19-d27d-dbc0-354fd7151703,8816,Dolphins,Dolphins
football,nfl,15,Miami Dolphins,MIA,MIA,fc4c02,008e97,Miami,Dolphins,miami-dolphins,s:20~l:28~t:15,"[500, 500, 500, 500, 500, 4096, 4096, 4096, 4096, 4096, 4096, 4096, 4096, 4096, 4096, 4096, 4096]","[""https://a.espncdn.com/i/teamlogos/nfl/500/mia.png"", ""https://a.espncdn.com/i/teamlogos/nfl/500-dark/mia.png"", ""https://a.espncdn.com/i/teamlogos/nfl/500/scoreboard/mia.png"", ""https://a.espncdn.com/i/teamlogos/nfl/500-dark/scoreboard/mia.png"", ""https://a.espncdn.com/guid/2e1473b2-e269-fd7a-1137-c1edacb85986/logos/grayscale.png"", ""https://a.espncdn.com/guid/2e1473b2-e269-fd7a-1137-c1edacb85986/logos/primary_logo_on_white_color.png"", ""https://a.espncdn.com/guid/2e1473b2-e269-fd7a-1137-c1edacb85986/logos/primary_logo_on_black_color.png"", ""https://a.espncdn.com/guid/2e1473b2-e269-fd7a-1137-c1edacb85986/logos/primary_logo_on_primary_color.png"", ""https://a.espncdn.com/guid/2e1473b2-e269-fd7a-1137-c1edacb85986/logos/primary_logo_on_secondary_color.png"", ""https://a.espncdn.com/guid/2e1473b2-e269-fd7a-1137-c1edacb85986/logos/primary_logo_black.png"", ""https://a.espncdn.com/guid/2e1473b2-e269-fd7a-1137-c1edacb85986/logos/primary_logo_white.png"", ""https://a.espncdn.com/guid/2e1473b2-e269-fd7a-1137-c1edacb85986/logos/secondary_logo_on_white_color.png"", ""https://a.espncdn.com/guid/2e1473b2-e269-fd7a-1137-c1edacb85986/logos/secondary_logo_on_black_color.png"", ""https://a.espncdn.com/guid/2e1473b2-e269-fd7a-1137-c1edacb85986/logos/secondary_logo_on_primary_color.png"", ""https://a.espncdn.com/guid/2e1473b2-e269-fd7a-1137-c1edacb85986/logos/secondary_logo_on_secondary_color.png"", ""https://a.espncdn.com/guid/2e1473b2-e269-fd7a-1137-c1edacb85986/logos/secondary_logo_black.png"", ""https://a.espncdn.com/guid/2e1473b2-e269-fd7a-1137-c1edacb85986/logos/secondary_logo_white.png""]","[[""full"", ""default""], [""full"", ""dark""], [""full"", ""scoreboard""], [""full"", ""scoreboard"", ""dark""], [""full"", ""grayscale""], [""full"", ""primary_logo_on_white_color""], [""full"", ""primary_logo_on_black_color""], [""full"", ""primary_logo_on_primary_color""], [""full"", ""primary_logo_on_secondary_color""], [""full"", ""primary_logo_black""], [""full"", ""primary_logo_white""], [""full"", ""secondary_logo_on_white_color""], [""full"", ""secondary_logo_on_black_color""], [""full"", ""secondary_logo_on_primary_color""], [""full"", ""secondary_logo_on_secondary_color""], [""full"", ""secondary_logo_black""], [""full"", ""secondary_logo_white""]]","[500, 500, 500, 500, 500, 4096, 4096, 4096, 4096, 4096, 4096, 4096, 4096, 4096, 4096, 4096, 4096]",af33088b-1e19-d27d-dbc0-354fd7151703,8816,Dolphins,Dolphins
football,nfl,15,Miami Dolphins,MIA,Miami Dolphins,fc4c02,008e97,Miami,Dolphins,miami-dolphins,s:20~l:28~t:15,"[500, 500, 500, 500, 500, 4096, 4096, 4096, 4096, 4096, 4096, 4096, 4096, 4096, 4096, 4096, 4096]","[""https://a.espncdn.com/i/teamlogos/nfl/500/mia.png"", ""https://a.espncdn.com/i/teamlogos/nfl/500-dark/mia.png"", ""https://a.espncdn.com/i/teamlogos/nfl/500/scoreboard/mia.png"", ""https://a.espncdn.com/i/teamlogos/nfl/500-dark/scoreboard/mia.png"", ""https://a.espncdn.com/guid/2e1473b2-e269-fd7a-1137-c1edacb85986/logos/grayscale.png"", ""https://a.espncdn.com/guid/2e1473b2-e269-fd7a-1137-c1edacb85986/logos/primary_logo_on_white_color.png"", ""https://a.espncdn.com/guid/2e1473b2-e269-fd7a-1137-c1edacb85986/logos/primary_logo_on_black_color.png"", ""https://a.espncdn.com/guid/2e1473b2-e269-fd7a-1137-c1edacb85986/logos/primary_logo_on_primary_color.png"", ""https://a.espncdn.com/guid/2e1473b2-e269-fd7a-1137-c1edacb85986/logos/primary_logo_on_secondary_color.png"", ""https://a.espncdn.com/guid/2e1473b2-e269-fd7a-1137-c1edacb85986/logos/primary_logo_black.png"", ""https://a.espncdn.com/guid/2e1473b2-e269-fd7a-1137-c1edacb85986/logos/primary_logo_white.png"", ""https://a.espncdn.com/guid/2e1473b2-e269-fd7a-1137-c1edacb85986/logos/secondary_logo_on_white_color.png"", ""https://a.espncdn.com/guid/2e1473b2-e269-fd7a-1137-c1edacb85986/logos/secondary_logo_on_black_color.png"", ""https://a.espncdn.com/guid/2e1473b2-e269-fd7a-1137-c1edacb85986/logos/secondary_logo_on_primary_color.png"", ""https://a.espncdn.com/guid/2e1473b2-e269-fd7a-1137-c1edacb85986/logos/secondary_logo_on_secondary_color.png"", ""https://a.espncdn.com/guid/2e1473b2-e269-fd7a-1137-c1edacb85986/logos/secondary_logo_black.png"", ""https://a.espncdn.com/guid/2e1473b2-e269-fd7a-1137-c1edacb85986/logos/secondary_logo_white.png""]","[[""full"", ""default""], [""full"", ""dark""], [""full"", ""scoreboard""], [""full"", ""scoreboard"", ""dark""], [""full"", ""grayscale""], [""full"", ""primary_logo_on_white_color""], [""full"", ""primary_logo_on_black_color""], [""full"", ""primary_logo_on_primary_color""], [""full"", ""primary_logo_on_secondary_color""], [""full"", ""primary_logo_black""], [""full"", ""primary_logo_white""], [""full"", ""secondary_logo_on_white_color""], [""full"", ""secondary_logo_on_black_color""], [""full"", ""secondary_logo_on_primary_color""], [""full"", ""secondary_logo_on_secondary_color""], [""full"", ""secondary_logo_black""], [""full"", ""secondary_logo_white""]]","[500, 500, 500, 500, 500, 4096, 4096, 4096, 4096, 4096, 4096, 4096, 4096, 4096, 4096, 4096, 4096]",af33088b-1e19-d27d-dbc0-354fd7151703,8816,Dolphins,Dolphins
football,nfl,15,Miami Dolphins,MIA,Dolphins,fc4c02,008e97,Miami,Dolphins,miami-dolphins,s:20~l:28~t:15,"[500, 500, 500, 500, 500, 4096, 4096, 4096, 4096, 4096, 4096, 4096, 4096, 4096, 4096, 4096, 4096]","[""https://a.espncdn.com/i/teamlogos/nfl/500/mia.png"", ""https://a.espncdn.com/i/teamlogos/nfl/500-dark/mia.png"", ""https://a.espncdn.com/i/teamlogos/nfl/500/scoreboard/mia.png"", ""https://a.espncdn.com/i/teamlogos/nfl/500-dark/scoreboard/mia.png"", ""https://a.espncdn.com/guid/2e1473b2-e269-fd7a-1137-c1edacb85986/logos/grayscale.png"", ""https://a.espncdn.com/guid/2e1473b2-e269-fd7a-1137-c1edacb85986/logos/primary_logo_on_white_color.png"", ""https://a.espncdn.com/guid/2e1473b2-e269-fd7a-1137-c1edacb85986/logos/primary_logo_on_black_color.png"", ""https://a.espncdn.com/guid/2e1473b2-e269-fd7a-1137-c1edacb85986/logos/primary_logo_on_primary_color.png"", ""https://a.espncdn.com/guid/2e1473b2-e269-fd7a-1137-c1edacb85986/logos/primary_logo_on_secondary_color.png"", ""https://a.espncdn.com/guid/2e1473b2-e269-fd7a-1137-c1edacb85986/logos/primary_logo_black.png"", ""https://a.espncdn.com/guid/2e1473b2-e269-fd7a-1137-c1edacb85986/logos/primary_logo_white.png"", ""https://a.espncdn.com/guid/2e1473b2-e269-fd7a-1137-c1edacb85986/logos/secondary_logo_on_white_color.png"", ""https://a.espncdn.com/guid/2e1473b2-e269-fd7a-1137-c1edacb85986/logos/secondary_logo_on_black_color.png"", ""https://a.espncdn.com/guid/2e1473b2-e269-fd7a-1137-c1edacb85986/logos/secondary_logo_on_primary_color.png"", ""https://a.espncdn.com/guid/2e1473b2-e269-fd7a-1137-c1edacb85986/logos/secondary_logo_on_secondary_color.png"", ""https://a.espncdn.com/guid/2e1473b2-e269-fd7a-1137-c1edacb85986/logos/secondary_logo_black.png"", ""https://a.espncdn.com/guid/2e1473b2-e269-fd7a-1137-c1edacb85986/logos/secondary_logo_white.png""]","[[""full"", ""default""], [""full"", ""dark""], [""full"", ""scoreboard""], [""full"", ""scoreboard"", ""dark""], [""full"", ""grayscale""], [""full"", ""primary_logo_on_white_color""], [""full"", ""primary_logo_on_black_color""], [""full"", ""primary_logo_on_primary_color""], [""full"", ""primary_logo_on_secondary_color""], [""full"", ""primary_logo_black""], [""full"", ""primary_logo_white""], [""full"", ""secondary_logo_on_white_color""], [""full"", ""secondary_logo_on_black_color""], [""full"", ""secondary_logo_on_primary_color""], [""full"", ""secondary_logo_on_secondary_color""], [""full"", ""secondary_logo_black""], [""full"", ""secondary_logo_white""]]","[500, 500, 500, 500, 500, 4096, 4096, 4096, 4096, 4096, 4096, 4096, 4096, 4096, 4096, 4096, 4096]",af33088b-1e19-d27d-dbc0-354fd7151703,8816,Dolphins,Dolphins
football,nfl,15,Miami Dolphins,MIA,miami-dolphins,fc4c02,008e97,Miami,Dolphins,miami-dolphins,s:20~l:28~t:15,"[500, 500, 500, 500, 500, 4096, 4096, 4096, 4096, 4096, 4096, 4096, 4096, 4096, 4096, 4096, 4096]","[""https://a.espncdn.com/i/teamlogos/nfl/500/mia.png"", ""https://a.espncdn.com/i/teamlogos/nfl/500-dark/mia.png"", ""https://a.espncdn.com/i/teamlogos/nfl/500/scoreboard/mia.png"", ""https://a.espncdn.com/i/teamlogos/nfl/500-dark/scoreboard/mia.png"", ""https://a.espncdn.com/guid/2e1473b2-e269-fd7a-1137-c1edacb85986/logos/grayscale.png"", ""https://a.espncdn.com/guid/2e1473b2-e269-fd7a-1137-c1edacb85986/logos/primary_logo_on_white_color.png"", ""https://a.espncdn.com/guid/2e1473b2-e269-fd7a-1137-c1edacb85986/logos/primary_logo_on_black_color.png"", ""https://a.espncdn.com/guid/2e1473b2-e269-fd7a-1137-c1edacb85986/logos/primary_logo_on_primary_color.png"", ""https://a.espncdn.com/guid/2e1473b2-e269-fd7a-1137-c1edacb85986/logos/primary_logo_on_secondary_color.png"", ""https://a.espncdn.com/guid/2e1473b2-e269-fd7a-1137-c1edacb85986/logos/primary_logo_black.png"", ""https://a.espncdn.com/guid/2e1473b2-e269-fd7a-1137-c1edacb85986/logos/primary_logo_white.png"", ""https://a.espncdn.com/guid/2e1473b2-e269-fd7a-1137-c1edacb85986/logos/secondary_logo_on_white_color.png"", ""https://a.espncdn.com/guid/2e1473b2-e269-fd7a-1137-c1edacb85986/logos/secondary_logo_on_black_color.png"", ""https://a.espncdn.com/guid/2e1473b2-e269-fd7a-1137-c1edacb85986/logos/secondary_logo_on_primary_color.png"", ""https://a.espncdn.com/guid/2e1473b2-e269-fd7a-1137-c1edacb85986/logos/secondary_logo_on_secondary_color.png"", ""https://a.espncdn.com/guid/2e1473b2-e269-fd7a-1137-c1edacb85986/logos/secondary_logo_black.png"", ""https://a.espncdn.com/guid/2e1473b2-e269-fd7a-1137-c1edacb85986/logos/secondary_logo_white.png""]","[[""full"", ""default""], [""full"", ""dark""], [""full"", ""scoreboard""], [""full"", ""scoreboard"", ""dark""], [""full"", ""grayscale""], [""full"", ""primary_logo_on_white_color""], [""full"", ""primary_logo_on_black_color""], [""full"", ""primary_logo_on_primary_color""], [""full"", ""primary_logo_on_secondary_color""], [""full"", ""primary_logo_black""], [""full"", ""primary_logo_white""], [""full"", ""secondary_logo_on_white_color""], [""full"", ""secondary_logo_on_black_color""], [""full"", ""secondary_logo_on_primary_color""], [""full"", ""secondary_logo_on_secondary_color""], [""full"", ""secondary_logo_black""], [""full"", ""secondary_logo_white""]]","[500, 500, 500, 500, 500, 4096, 4096, 4096, 4096, 4096, 4096, 4096, 4096, 4096, 4096, 4096, 4096]",af33088b-1e19-d27d-dbc0-354fd7151703,8816,Dolphins,Dolphins
football,nfl,16,Minnesota Vikings,MIN,16,ffc62f,4f2683,Minnesota,Vikings,minnesota-vikings,s:20~l:28~t:16,"[500, 500, 500, 500, 500, 4096, 4096, 4096, 4096, 4096, 4096, 4096, 4096, 4096, 4096, 4096, 4096]","[""https://a.espncdn.com/i/teamlogos/nfl/500/min.png"", ""https://a.espncdn.com/i/teamlogos/nfl/500-dark/min.png"", ""https://a.espncdn.com/i/teamlogos/nfl/500/scoreboard/min.png"", ""https://a.espncdn.com/i/teamlogos/nfl/500-dark/scoreboard/min.png"", ""https://a.espncdn.com/guid/af33088b-1e19-d27d-dbc0-354fd7151703/logos/grayscale.png"", ""https://a.espncdn.com/guid/af33088b-1e19-d27d-dbc0-354fd7151703/logos/primary_logo_on_white_color.png"", ""https://a.espncdn.com/guid/af33088b-1e19-d27d-dbc0-354fd7151703/logos/primary_logo_on_black_color.png"", ""https://a.espncdn.com/guid/af33088b-1e19-d27d-dbc0-354fd7151703/logos/primary_logo_on_primary_color.png"", ""https://a.espncdn.com/guid/af33088b-1e19-d27d-dbc0-354fd7151703/logos/primary_logo_on_secondary_color.png"", ""https://a.espncdn.com/guid/af33088b-1e19-d27d-dbc0-354fd7151703/logos/primary_logo_black.png"", ""https://a.espncdn.com/guid/af33088b-1e19-d27d-dbc0-354fd7151703/logos/primary_logo_white.png"", ""https://a.espncdn.com/guid/af33088b-1e19-d27d-dbc0-354fd7151703/logos/secondary_logo_on_white_color.png"", ""https://a.espncdn.com/guid/af33088b-1e19-d27d-dbc0-354fd7151703/logos/secondary_logo_on_black_color.png"", ""https://a.espncdn.com/guid/af33088b-1e19-d27d-dbc0-354fd7151703/logos/secondary_logo_on_primary_color.png"", ""https://a.espncdn.com/guid/af33088b-1e19-d27d-dbc0-354fd7151703/logos/secondary_logo_on_secondary_color.png"", ""https://a.espncdn.com/guid/af33088b-1e19-d27d-dbc0-354fd7151703/logos/secondary_logo_black.png"", ""https://a.espncdn.com/guid/af33088b-1e19-d27d-dbc0-354fd7151703/logos/secondary_logo_white.png""]","[[""full"", ""default""], [""full"", ""dark""], [""full"", ""scoreboard""], [""full"", ""scoreboard"", ""dark""], [""full"", ""grayscale""], [""full"", ""primary_logo_on_white_color""], [""full"", ""primary_logo_on_black_color""], [""full"", ""primary_logo_on_primary_color""], [""full"", ""primary_logo_on_secondary_color""], [""full"", ""primary_logo_black""], [""full"", ""primary_logo_white""], [""full"", ""secondary_logo_on_white_color""], [""full"", ""secondary_logo_on_black_color""], [""full"", ""secondary_logo_on_primary_color""], [""full"", ""secondary_logo_on_secondary_color""], [""full"", ""secondary_logo_black""], [""full"", ""secondary_logo_white""]]","[500, 500, 500, 500, 500, 4096, 4096, 4096, 4096, 4096, 4096, 4096, 4096, 4096, 4096, 4096, 4096]",3db556c9-ed76-a7a5-4ccb-a92fc6db4334,8817,Vikings,Vikings
football,nfl,16,Minnesota Vikings,MIN,MIN,ffc62f,4f2683,Minnesota,Vikings,minnesota-vikings,s:20~l:28~t:16,"[500, 500, 500, 500, 500, 4096, 4096, 4096, 4096, 4096, 4096, 4096, 4096, 4096, 4096, 4096, 4096]","[""https://a.espncdn.com/i/teamlogos/nfl/500/min.png"", ""https://a.espncdn.com/i/teamlogos/nfl/500-dark/min.png"", ""https://a.espncdn.com/i/teamlogos/nfl/500/scoreboard/min.png"", ""https://a.espncdn.com/i/teamlogos/nfl/500-dark/scoreboard/min.png"", ""https://a.espncdn.com/guid/af33088b-1e19-d27d-dbc0-354fd7151703/logos/grayscale.png"", ""https://a.espncdn.com/guid/af33088b-1e19-d27d-dbc0-354fd7151703/logos/primary_logo_on_white_color.png"", ""https://a.espncdn.com/guid/af33088b-1e19-d27d-dbc0-354fd7151703/logos/primary_logo_on_black_color.png"", ""https://a.espncdn.com/guid/af33088b-1e19-d27d-dbc0-354fd7151703/logos/primary_logo_on_primary_color.png"", ""https://a.espncdn.com/guid/af33088b-1e19-d27d-dbc0-354fd7151703/logos/primary_logo_on_secondary_color.png"", ""https://a.espncdn.com/guid/af33088b-1e19-d27d-dbc0-354fd7151703/logos/primary_logo_black.png"", ""https://a.espncdn.com/guid/af33088b-1e19-d27d-dbc0-354fd7151703/logos/primary_logo_white.png"", ""https://a.espncdn.com/guid/af33088b-1e19-d27d-dbc0-354fd7151703/logos/secondary_logo_on_white_color.png"", ""https://a.espncdn.com/guid/af33088b-1e19-d27d-dbc0-354fd7151703/logos/secondary_logo_on_black_color.png"", ""https://a.espncdn.com/guid/af33088b-1e19-d27d-dbc0-354fd7151703/logos/secondary_logo_on_primary_color.png"", ""https://a.espncdn.com/guid/af33088b-1e19-d27d-dbc0-354fd7151703/logos/secondary_logo_on_secondary_color.png"", ""https://a.espncdn.com/guid/af33088b-1e19-d27d-dbc0-354fd7151703/logos/secondary_logo_black.png"", ""https://a.espncdn.com/guid/af33088b-1e19-d27d-dbc0-354fd7151703/logos/secondary_logo_white.png""]","[[""full"", ""default""], [""full"", ""dark""], [""full"", ""scoreboard""], [""full"", ""scoreboard"", ""dark""], [""full"", ""grayscale""], [""full"", ""primary_logo_on_white_color""], [""full"", ""primary_logo_on_black_color""], [""full"", ""primary_logo_on_primary_color""], [""full"", ""primary_logo_on_secondary_color""], [""full"", ""primary_logo_black""], [""full"", ""primary_logo_white""], [""full"", ""secondary_logo_on_white_color""], [""full"", ""secondary_logo_on_black_color""], [""full"", ""secondary_logo_on_primary_color""], [""full"", ""secondary_logo_on_secondary_color""], [""full"", ""secondary_logo_black""], [""full"", ""secondary_logo_white""]]","[500, 500, 500, 500, 500, 4096, 4096, 4096, 4096, 4096, 4096, 4096, 4096, 4096, 4096, 4096, 4096]",3db556c9-ed76-a7a5-4ccb-a92fc6db4334,8817,Vikings,Vikings
football,nfl,16,Minnesota Vikings,MIN,Minnesota Vikings,ffc62f,4f2683,Minnesota,Vikings,minnesota-vikings,s:20~l:28~t:16,"[500, 500, 500, 500, 500, 4096, 4096, 4096, 4096, 4096, 4096, 4096, 4096, 4096, 4096, 4096, 4096]","[""https://a.espncdn.com/i/teamlogos/nfl/500/min.png"", ""https://a.espncdn.com/i/teamlogos/nfl/500-dark/min.png"", ""https://a.espncdn.com/i/teamlogos/nfl/500/scoreboard/min.png"", ""https://a.espncdn.com/i/teamlogos/nfl/500-dark/scoreboard/min.png"", ""https://a.espncdn.com/guid/af33088b-1e19-d27d-dbc0-354fd7151703/logos/grayscale.png"", ""https://a.espncdn.com/guid/af33088b-1e19-d27d-dbc0-354fd7151703/logos/primary_logo_on_white_color.png"", ""https://a.espncdn.com/guid/af33088b-1e19-d27d-dbc0-354fd7151703/logos/primary_logo_on_black_color.png"", ""https://a.espncdn.com/guid/af33088b-1e19-d27d-dbc0-354fd7151703/logos/primary_logo_on_primary_color.png"", ""https://a.espncdn.com/guid/af33088b-1e19-d27d-dbc0-354fd7151703/logos/primary_logo_on_secondary_color.png"", ""https://a.espncdn.com/guid/af33088b-1e19-d27d-dbc0-354fd7151703/logos/primary_logo_black.png"", ""https://a.espncdn.com/guid/af33088b-1e19-d27d-dbc0-354fd7151703/logos/primary_logo_white.png"", ""https://a.espncdn.com/guid/af33088b-1e19-d27d-dbc0-354fd7151703/logos/secondary_logo_on_white_color.png"", ""https://a.espncdn.com/guid/af33088b-1e19-d27d-dbc0-354fd7151703/logos/secondary_logo_on_black_color.png"", ""https://a.espncdn.com/guid/af33088b-1e19-d27d-dbc0-354fd7151703/logos/secondary_logo_on_primary_color.png"", ""https://a.espncdn.com/guid/af33088b-1e19-d27d-dbc0-354fd7151703/logos/secondary_logo_on_secondary_color.png"", ""https://a.espncdn.com/guid/af33088b-1e19-d27d-dbc0-354fd7151703/logos/secondary_logo_black.png"", ""https://a.espncdn.com/guid/af33088b-1e19-d27d-dbc0-354fd7151703/logos/secondary_logo_white.png""]","[[""full"", ""default""], [""full"", ""dark""], [""full"", ""scoreboard""], [""full"", ""scoreboard"", ""dark""], [""full"", ""grayscale""], [""full"", ""primary_logo_on_white_color""], [""full"", ""primary_logo_on_black_color""], [""full"", ""primary_logo_on_primary_color""], [""full"", ""primary_logo_on_secondary_color""], [""full"", ""primary_logo_black""], [""full"", ""primary_logo_white""], [""full"", ""secondary_logo_on_white_color""], [""full"", ""secondary_logo_on_black_color""], [""full"", ""secondary_logo_on_primary_color""], [""full"", ""secondary_logo_on_secondary_color""], [""full"", ""secondary_logo_black""], [""full"", ""secondary_logo_white""]]","[500, 500, 500, 500, 500, 4096, 4096, 4096, 4096, 4096, 4096, 4096, 4096, 4096, 4096, 4096, 4096]",3db556c9-ed76-a7a5-4ccb-a92fc6db4334,8817,Vikings,Vikings
football,nfl,16,Minnesota Vikings,MIN,Vikings,ffc62f,4f2683,Minnesota,Vikings,minnesota-vikings,s:20~l:28~t:16,"[500, 500, 500, 500, 500, 4096, 4096, 4096, 4096, 4096, 4096, 4096, 4096, 4096, 4096, 4096, 4096]","[""https://a.espncdn.com/i/teamlogos/nfl/500/min.png"", ""https://a.espncdn.com/i/teamlogos/nfl/500-dark/min.png"", ""https://a.espncdn.com/i/teamlogos/nfl/500/scoreboard/min.png"", ""https://a.espncdn.com/i/teamlogos/nfl/500-dark/scoreboard/min.png"", ""https://a.espncdn.com/guid/af33088b-1e19-d27d-dbc0-354fd7151703/logos/grayscale.png"", ""https://a.espncdn.com/guid/af33088b-1e19-d27d-dbc0-354fd7151703/logos/primary_logo_on_white_color.png"", ""https://a.espncdn.com/guid/af33088b-1e19-d27d-dbc0-354fd7151703/logos/primary_logo_on_black_color.png"", ""https://a.espncdn.com/guid/af33088b-1e19-d27d-dbc0-354fd7151703/logos/primary_logo_on_primary_color.png"", ""https://a.espncdn.com/guid/af33088b-1e19-d27d-dbc0-354fd7151703/logos/primary_logo_on_secondary_color.png"", ""https://a.espncdn.com/guid/af33088b-1e19-d27d-dbc0-354fd7151703/logos/primary_logo_black.png"", ""https://a.espncdn.com/guid/af33088b-1e19-d27d-dbc0-354fd7151703/logos/primary_logo_white.png"", ""https://a.espncdn.com/guid/af33088b-1e19-d27d-dbc0-354fd7151703/logos/secondary_logo_on_white_color.png"", ""https://a.espncdn.com/guid/af33088b-1e19-d27d-dbc0-354fd7151703/logos/secondary_logo_on_black_color.png"", ""https://a.espncdn.com/guid/af33088b-1e19-d27d-dbc0-354fd7151703/logos/secondary_logo_on_primary_color.png"", ""https://a.espncdn.com/guid/af33088b-1e19-d27d-dbc0-354fd7151703/logos/secondary_logo_on_secondary_color.png"", ""https://a.espncdn.com/guid/af33088b-1e19-d27d-dbc0-354fd7151703/logos/secondary_logo_black.png"", ""https://a.espncdn.com/guid/af33088b-1e19-d27d-dbc0-354fd7151703/logos/secondary_logo_white.png""]","[[""full"", ""default""], [""full"", ""dark""], [""full"", ""scoreboard""], [""full"", ""scoreboard"", ""dark""], [""full"", ""grayscale""], [""full"", ""primary_logo_on_white_color""], [""full"", ""primary_logo_on_black_color""], [""full"", ""primary_logo_on_primary_color""], [""full"", ""primary_logo_on_secondary_color""], [""full"", ""primary_logo_black""], [""full"", ""primary_logo_white""], [""full"", ""secondary_logo_on_white_color""], [""full"", ""secondary_logo_on_black_color""], [""full"", ""secondary_logo_on_primary_color""], [""full"", ""secondary_logo_on_secondary_color""], [""full"", ""secondary_logo_black""], [""full"", ""secondary_logo_white""]]","[500, 500, 500, 500, 500, 4096, 4096, 4096, 4096, 4096, 4096, 4096, 4096, 4096, 4096, 4096, 4096]",3db556c9-ed76-a7a5-4ccb-a92fc6db4334,8817,Vikings,Vikings
football,nfl,16,Minnesota Vikings,MIN,minnesota-vikings,ffc62f,4f2683,Minnesota,Vikings,minnesota-vikings,s:20~l:28~t:16,"[500, 500, 500, 500, 500, 4096, 4096, 4096, 4096, 4096, 4096, 4096, 4096, 4096, 4096, 4096, 4096]","[""https://a.espncdn.com/i/teamlogos/nfl/500/min.png"", ""https://a.espncdn.com/i/teamlogos/nfl/500-dark/min.png"", ""https://a.espncdn.com/i/teamlogos/nfl/500/scoreboard/min.png"", ""https://a.espncdn.com/i/teamlogos/nfl/500-dark/scoreboard/min.png"", ""https://a.espncdn.com/guid/af33088b-1e19-d27d-dbc0-354fd7151703/logos/grayscale.png"", ""https://a.espncdn.com/guid/af33088b-1e19-d27d-dbc0-354fd7151703/logos/primary_logo_on_white_color.png"", ""https://a.espncdn.com/guid/af33088b-1e19-d27d-dbc0-354fd7151703/logos/primary_logo_on_black_color.png"", ""https://a.espncdn.com/guid/af33088b-1e19-d27d-dbc0-354fd7151703/logos/primary_logo_on_primary_color.png"", ""https://a.espncdn.com/guid/af33088b-1e19-d27d-dbc0-354fd7151703/logos/primary_logo_on_secondary_color.png"", ""https://a.espncdn.com/guid/af33088b-1e19-d27d-dbc0-354fd7151703/logos/primary_logo_black.png"", ""https://a.espncdn.com/guid/af33088b-1e19-d27d-dbc0-354fd7151703/logos/primary_logo_white.png"", ""https://a.espncdn.com/guid/af33088b-1e19-d27d-dbc0-354fd7151703/logos/secondary_logo_on_white_color.png"", ""https://a.espncdn.com/guid/af33088b-1e19-d27d-dbc0-354fd7151703/logos/secondary_logo_on_black_color.png"", ""https://a.espncdn.com/guid/af33088b-1e19-d27d-dbc0-354fd7151703/logos/secondary_logo_on_primary_color.png"", ""https://a.espncdn.com/guid/af33088b-1e19-d27d-dbc0-354fd7151703/logos/secondary_logo_on_secondary_color.png"", ""https://a.espncdn.com/guid/af33088b-1e19-d27d-dbc0-354fd7151703/logos/secondary_logo_black.png"", ""https://a.espncdn.com/guid/af33088b-1e19-d27d-dbc0-354fd7151703/logos/secondary_logo_white.png""]","[[""full"", ""default""], [""full"", ""dark""], [""full"", ""scoreboard""], [""full"", ""scoreboard"", ""dark""], [""full"", ""grayscale""], [""full"", ""primary_logo_on_white_color""], [""full"", ""primary_logo_on_black_color""], [""full"", ""primary_logo_on_primary_color""], [""full"", ""primary_logo_on_secondary_color""], [""full"", ""primary_logo_black""], [""full"", ""primary_logo_white""], [""full"", ""secondary_logo_on_white_color""], [""full"", ""secondary_logo_on_black_color""], [""full"", ""secondary_logo_on_primary_color""], [""full"", ""secondary_logo_on_secondary_color""], [""full"", ""secondary_logo_black""], [""full"", ""secondary_logo_white""]]","[500, 500, 500, 500, 500, 4096, 4096, 4096, 4096, 4096, 4096, 4096, 4096, 4096, 4096, 4096, 4096]",3db556c9-ed76-a7a5-4ccb-a92fc6db4334,8817,Vikings,Vikings
football,nfl,17,New England Patriots,NE,17,c60c30,002a5c,New England,Patriots,new-england-patriots,s:20~l:28~t:17,"[500, 500, 500, 500, 500, 4096, 4096, 4096, 4096, 4096, 4096, 4096, 4096, 4096, 4096, 4096, 4096]","[""https://a.espncdn.com/i/teamlogos/nfl/500/ne.png"", ""https://a.espncdn.com/i/teamlogos/nfl/500-dark/ne.png"", ""https://a.espncdn.com/i/teamlogos/nfl/500/scoreboard/ne.png"", ""https://a.espncdn.com/i/teamlogos/nfl/500-dark/scoreboard/ne.png"", ""https://a.espncdn.com/guid/3db556c9-ed76-a7a5-4ccb-a92fc6db4334/logos/grayscale.png"", ""https://a.espncdn.com/guid/3db556c9-ed76-a7a5-4ccb-a92fc6db4334/logos/primary_logo_on_white_color.png"", ""https://a.espncdn.com/guid/3db556c9-ed76-a7a5-4ccb-a92fc6db4334/logos/primary_logo_on_black_color.png"", ""https://a.espncdn.com/guid/3db556c9-ed76-a7a5-4ccb-a92fc6db4334/logos/primary_logo_on_primary_color.png"", ""https://a.espncdn.com/guid/3db556c9-ed76-a7a5-4ccb-a92fc6db4334/logos/primary_logo_on_secondary_color.png"", ""https://a.espncdn.com/guid/3db556c9-ed76-a7a5-4ccb-a92fc6db4334/logos/primary_logo_black.png"", ""https://a.espncdn.com/guid/3db556c9-ed76-a7a5-4ccb-a92fc6db4334/logos/primary_logo_white.png"", ""https://a.espncdn.com/guid/3db556c9-ed76-a7a5-4ccb-a92fc6db4334/logos/secondary_logo_on_white_color.png"", ""https://a.espncdn.com/guid/3db556c9-ed76-a7a5-4ccb-a92fc6db4334/logos/secondary_logo_on_black_color.png"", ""https://a.espncdn.com/guid/3db556c9-ed76-a7a5-4ccb-a92fc6db4334/logos/secondary_logo_on_primary_color.png"", ""https://a.espncdn.com/guid/3db556c9-ed76-a7a5-4ccb-a92fc6db4334/logos/secondary_logo_on_secondary_color.png"", ""https://a.espncdn.com/guid/3db556c9-ed76-a7a5-4ccb-a92fc6db4334/logos/secondary_logo_black.png"", ""https://a.espncdn.com/guid/3db556c9-ed76-a7a5-4ccb-a92fc6db4334/logos/secondary_logo_white.png""]","[[""full"", ""default""], [""full"", ""dark""], [""full"", ""scoreboard""], [""full"", ""scoreboard"", ""dark""], [""full"", ""grayscale""], [""full"", ""primary_logo_on_white_color""], [""full"", ""primary_logo_on_black_color""], [""full"", ""primary_logo_on_primary_color""], [""full"", ""primary_logo_on_secondary_color""], [""full"", ""primary_logo_black""], [""full"", ""primary_logo_white""], [""full"", ""secondary_logo_on_white_color""], [""full"", ""secondary_logo_on_black_color""], [""full"", ""secondary_logo_on_primary_color""], [""full"", ""secondary_logo_on_secondary_color""], [""full"", ""secondary_logo_black""], [""full"", ""secondary_logo_white""]]","[500, 500, 500, 500, 500, 4096, 4096, 4096, 4096, 4096, 4096, 4096, 4096, 4096, 4096, 4096, 4096]",0078f353-fe3e-67ed-a42c-43cca0568e21,8818,Patriots,Patriots
football,nfl,17,New England Patriots,NE,NE,c60c30,002a5c,New England,Patriots,new-england-patriots,s:20~l:28~t:17,"[500, 500, 500, 500, 500, 4096, 4096, 4096, 4096, 4096, 4096, 4096, 4096, 4096, 4096, 4096, 4096]","[""https://a.espncdn.com/i/teamlogos/nfl/500/ne.png"", ""https://a.espncdn.com/i/teamlogos/nfl/500-dark/ne.png"", ""https://a.espncdn.com/i/teamlogos/nfl/500/scoreboard/ne.png"", ""https://a.espncdn.com/i/teamlogos/nfl/500-dark/scoreboard/ne.png"", ""https://a.espncdn.com/guid/3db556c9-ed76-a7a5-4ccb-a92fc6db4334/logos/grayscale.png"", ""https://a.espncdn.com/guid/3db556c9-ed76-a7a5-4ccb-a92fc6db4334/logos/primary_logo_on_white_color.png"", ""https://a.espncdn.com/guid/3db556c9-ed76-a7a5-4ccb-a92fc6db4334/logos/primary_logo_on_black_color.png"", ""https://a.espncdn.com/guid/3db556c9-ed76-a7a5-4ccb-a92fc6db4334/logos/primary_logo_on_primary_color.png"", ""https://a.espncdn.com/guid/3db556c9-ed76-a7a5-4ccb-a92fc6db4334/logos/primary_logo_on_secondary_color.png"", ""https://a.espncdn.com/guid/3db556c9-ed76-a7a5-4ccb-a92fc6db4334/logos/primary_logo_black.png"", ""https://a.espncdn.com/guid/3db556c9-ed76-a7a5-4ccb-a92fc6db4334/logos/primary_logo_white.png"", ""https://a.espncdn.com/guid/3db556c9-ed76-a7a5-4ccb-a92fc6db4334/logos/secondary_logo_on_white_color.png"", ""https://a.espncdn.com/guid/3db556c9-ed76-a7a5-4ccb-a92fc6db4334/logos/secondary_logo_on_black_color.png"", ""https://a.espncdn.com/guid/3db556c9-ed76-a7a5-4ccb-a92fc6db4334/logos/secondary_logo_on_primary_color.png"", ""https://a.espncdn.com/guid/3db556c9-ed76-a7a5-4ccb-a92fc6db4334/logos/secondary_logo_on_secondary_color.png"", ""https://a.espncdn.com/guid/3db556c9-ed76-a7a5-4ccb-a92fc6db4334/logos/secondary_logo_black.png"", ""https://a.espncdn.com/guid/3db556c9-ed76-a7a5-4ccb-a92fc6db4334/logos/secondary_logo_white.png""]","[[""full"", ""default""], [""full"", ""dark""], [""full"", ""scoreboard""], [""full"", ""scoreboard"", ""dark""], [""full"", ""grayscale""], [""full"", ""primary_logo_on_white_color""], [""full"", ""primary_logo_on_black_color""], [""full"", ""primary_logo_on_primary_color""], [""full"", ""primary_logo_on_secondary_color""], [""full"", ""primary_logo_black""], [""full"", ""primary_logo_white""], [""full"", ""secondary_logo_on_white_color""], [""full"", ""secondary_logo_on_black_color""], [""full"", ""secondary_logo_on_primary_color""], [""full"", ""secondary_logo_on_secondary_color""], [""full"", ""secondary_logo_black""], [""full"", ""secondary_logo_white""]]","[500, 500, 500, 500, 500, 4096, 4096, 4096, 4096, 4096, 4096, 4096, 4096, 4096, 4096, 4096, 4096]",0078f353-fe3e-67ed-a42c-43cca0568e21,8818,Patriots,Patriots
football,nfl,17,New England Patriots,NE,New England Patriots,c60c30,002a5c,New England,Patriots,new-england-patriots,s:20~l:28~t:17,"[500, 500, 500, 500, 500, 4096, 4096, 4096, 4096, 4096, 4096, 4096, 4096, 4096, 4096, 4096, 4096]","[""https://a.espncdn.com/i/teamlogos/nfl/500/ne.png"", ""https://a.espncdn.com/i/teamlogos/nfl/500-dark/ne.png"", ""https://a.espncdn.com/i/teamlogos/nfl/500/scoreboard/ne.png"", ""https://a.espncdn.com/i/teamlogos/nfl/500-dark/scoreboard/ne.png"", ""https://a.espncdn.com/guid/3db556c9-ed76-a7a5-4ccb-a92fc6db4334/logos/grayscale.png"", ""https://a.espncdn.com/guid/3db556c9-ed76-a7a5-4ccb-a92fc6db4334/logos/primary_logo_on_white_color.png"", ""https://a.espncdn.com/guid/3db556c9-ed76-a7a5-4ccb-a92fc6db4334/logos/primary_logo_on_black_color.png"", ""https://a.espncdn.com/guid/3db556c9-ed76-a7a5-4ccb-a92fc6db4334/logos/primary_logo_on_primary_color.png"", ""https://a.espncdn.com/guid/3db556c9-ed76-a7a5-4ccb-a92fc6db4334/logos/primary_logo_on_secondary_color.png"", ""https://a.espncdn.com/guid/3db556c9-ed76-a7a5-4ccb-a92fc6db4334/logos/primary_logo_black.png"", ""https://a.espncdn.com/guid/3db556c9-ed76-a7a5-4ccb-a92fc6db4334/logos/primary_logo_white.png"", ""https://a.espncdn.com/guid/3db556c9-ed76-a7a5-4ccb-a92fc6db4334/logos/secondary_logo_on_white_color.png"", ""https://a.espncdn.com/guid/3db556c9-ed76-a7a5-4ccb-a92fc6db4334/logos/secondary_logo_on_black_color.png"", ""https://a.espncdn.com/guid/3db556c9-ed76-a7a5-4ccb-a92fc6db4334/logos/secondary_logo_on_primary_color.png"", ""https://a.espncdn.com/guid/3db556c9-ed76-a7a5-4ccb-a92fc6db4334/logos/secondary_logo_on_secondary_color.png"", ""https://a.espncdn.com/guid/3db556c9-ed76-a7a5-4ccb-a92fc6db4334/logos/secondary_logo_black.png"", ""https://a.espncdn.com/guid/3db556c9-ed76-a7a5-4ccb-a92fc6db4334/logos/secondary_logo_white.png""]","[[""full"", ""default""], [""full"", ""dark""], [""full"", ""scoreboard""], [""full"", ""scoreboard"", ""dark""], [""full"", ""grayscale""], [""full"", ""primary_logo_on_white_color""], [""full"", ""primary_logo_on_black_color""], [""full"", ""primary_logo_on_primary_color""], [""full"", ""primary_logo_on_secondary_color""], [""full"", ""primary_logo_black""], [""full"", ""primary_logo_white""], [""full"", ""secondary_logo_on_white_color""], [""full"", ""secondary_logo_on_black_color""], [""full"", ""secondary_logo_on_primary_color""], [""full"", ""secondary_logo_on_secondary_color""], [""full"", ""secondary_logo_black""], [""full"", ""secondary_logo_white""]]","[500, 500, 500, 500, 500, 4096, 4096, 4096, 4096, 4096, 4096, 4096, 4096, 4096, 4096, 4096, 4096]",0078f353-fe3e-67ed-a42c-43cca0568e21,8818,Patriots,Patriots
football,nfl,17,New England Patriots,NE,Patriots,c60c30,002a5c,New England,Patriots,new-england-patriots,s:20~l:28~t:17,"[500, 500, 500, 500, 500, 4096, 4096, 4096, 4096, 4096, 4096, 4096, 4096, 4096, 4096, 4096, 4096]","[""https://a.espncdn.com/i/teamlogos/nfl/500/ne.png"", ""https://a.espncdn.com/i/teamlogos/nfl/500-dark/ne.png"", ""https://a.espncdn.com/i/teamlogos/nfl/500/scoreboard/ne.png"", ""https://a.espncdn.com/i/teamlogos/nfl/500-dark/scoreboard/ne.png"", ""https://a.espncdn.com/guid/3db556c9-ed76-a7a5-4ccb-a92fc6db4334/logos/grayscale.png"", ""https://a.espncdn.com/guid/3db556c9-ed76-a7a5-4ccb-a92fc6db4334/logos/primary_logo_on_white_color.png"", ""https://a.espncdn.com/guid/3db556c9-ed76-a7a5-4ccb-a92fc6db4334/logos/primary_logo_on_black_color.png"", ""https://a.espncdn.com/guid/3db556c9-ed76-a7a5-4ccb-a92fc6db4334/logos/primary_logo_on_primary_color.png"", ""https://a.espncdn.com/guid/3db556c9-ed76-a7a5-4ccb-a92fc6db4334/logos/primary_logo_on_secondary_color.png"", ""https://a.espncdn.com/guid/3db556c9-ed76-a7a5-4ccb-a92fc6db4334/logos/primary_logo_black.png"", ""https://a.espncdn.com/guid/3db556c9-ed76-a7a5-4ccb-a92fc6db4334/logos/primary_logo_white.png"", ""https://a.espncdn.com/guid/3db556c9-ed76-a7a5-4ccb-a92fc6db4334/logos/secondary_logo_on_white_color.png"", ""https://a.espncdn.com/guid/3db556c9-ed76-a7a5-4ccb-a92fc6db4334/logos/secondary_logo_on_black_color.png"", ""https://a.espncdn.com/guid/3db556c9-ed76-a7a5-4ccb-a92fc6db4334/logos/secondary_logo_on_primary_color.png"", ""https://a.espncdn.com/guid/3db556c9-ed76-a7a5-4ccb-a92fc6db4334/logos/secondary_logo_on_secondary_color.png"", ""https://a.espncdn.com/guid/3db556c9-ed76-a7a5-4ccb-a92fc6db4334/logos/secondary_logo_black.png"", ""https://a.espncdn.com/guid/3db556c9-ed76-a7a5-4ccb-a92fc6db4334/logos/secondary_logo_white.png""]","[[""full"", ""default""], [""full"", ""dark""], [""full"", ""scoreboard""], [""full"", ""scoreboard"", ""dark""], [""full"", ""grayscale""], [""full"", ""primary_logo_on_white_color""], [""full"", ""primary_logo_on_black_color""], [""full"", ""primary_logo_on_primary_color""], [""full"", ""primary_logo_on_secondary_color""], [""full"", ""primary_logo_black""], [""full"", ""primary_logo_white""], [""full"", ""secondary_logo_on_white_color""], [""full"", ""secondary_logo_on_black_color""], [""full"", ""secondary_logo_on_primary_color""], [""full"", ""secondary_logo_on_secondary_color""], [""full"", ""secondary_logo_black""], [""full"", ""secondary_logo_white""]]","[500, 500, 500, 500, 500, 4096, 4096, 4096, 4096, 4096, 4096, 4096, 4096, 4096, 4096, 4096, 4096]",0078f353-fe3e-67ed-a42c-43cca0568e21,8818,Patriots,Patriots
football,nfl,17,New England Patriots,NE,new-england-patriots,c60c30,002a5c,New England,Patriots,new-england-patriots,s:20~l:28~t:17,"[500, 500, 500, 500, 500, 4096, 4096, 4096, 4096, 4096, 4096, 4096, 4096, 4096, 4096, 4096, 4096]","[""https://a.espncdn.com/i/teamlogos/nfl/500/ne.png"", ""https://a.espncdn.com/i/teamlogos/nfl/500-dark/ne.png"", ""https://a.espncdn.com/i/teamlogos/nfl/500/scoreboard/ne.png"", ""https://a.espncdn.com/i/teamlogos/nfl/500-dark/scoreboard/ne.png"", ""https://a.espncdn.com/guid/3db556c9-ed76-a7a5-4ccb-a92fc6db4334/logos/grayscale.png"", ""https://a.espncdn.com/guid/3db556c9-ed76-a7a5-4ccb-a92fc6db4334/logos/primary_logo_on_white_color.png"", ""https://a.espncdn.com/guid/3db556c9-ed76-a7a5-4ccb-a92fc6db4334/logos/primary_logo_on_black_color.png"", ""https://a.espncdn.com/guid/3db556c9-ed76-a7a5-4ccb-a92fc6db4334/logos/primary_logo_on_primary_color.png"", ""https://a.espncdn.com/guid/3db556c9-ed76-a7a5-4ccb-a92fc6db4334/logos/primary_logo_on_secondary_color.png"", ""https://a.espncdn.com/guid/3db556c9-ed76-a7a5-4ccb-a92fc6db4334/logos/primary_logo_black.png"", ""https://a.espncdn.com/guid/3db556c9-ed76-a7a5-4ccb-a92fc6db4334/logos/primary_logo_white.png"", ""https://a.espncdn.com/guid/3db556c9-ed76-a7a5-4ccb-a92fc6db4334/logos/secondary_logo_on_white_color.png"", ""https://a.espncdn.com/guid/3db556c9-ed76-a7a5-4ccb-a92fc6db4334/logos/secondary_logo_on_black_color.png"", ""https://a.espncdn.com/guid/3db556c9-ed76-a7a5-4ccb-a92fc6db4334/logos/secondary_logo_on_primary_color.png"", ""https://a.espncdn.com/guid/3db556c9-ed76-a7a5-4ccb-a92fc6db4334/logos/secondary_logo_on_secondary_color.png"", ""https://a.espncdn.com/guid/3db556c9-ed76-a7a5-4ccb-a92fc6db4334/logos/secondary_logo_black.png"", ""https://a.espncdn.com/guid/3db556c9-ed76-a7a5-4ccb-a92fc6db4334/logos/secondary_logo_white.png""]","[[""full"", ""default""], [""full"", ""dark""], [""full"", ""scoreboard""], [""full"", ""scoreboard"", ""dark""], [""full"", ""grayscale""], [""full"", ""primary_logo_on_white_color""], [""full"", ""primary_logo_on_black_color""], [""full"", ""primary_logo_on_primary_color""], [""full"", ""primary_logo_on_secondary_color""], [""full"", ""primary_logo_black""], [""full"", ""primary_logo_white""], [""full"", ""secondary_logo_on_white_color""], [""full"", ""secondary_logo_on_black_color""], [""full"", ""secondary_logo_on_primary_color""], [""full"", ""secondary_logo_on_secondary_color""], [""full"", ""secondary_logo_black""], [""full"", ""secondary_logo_white""]]","[500, 500, 500, 500, 500, 4096, 4096, 4096, 4096, 4096, 4096, 4096, 4096, 4096, 4096, 4096, 4096]",0078f353-fe3e-67ed-a42c-43cca0568e21,8818,Patriots,Patriots
football,nfl,18,New Orleans Saints,NO,18,000000,d3bc8d,New Orleans,Saints,new-orleans-saints,s:20~l:28~t:18,"[500, 500, 500, 500, 500, 4096, 4096, 4096, 4096, 4096, 4096, 4096, 4096, 4096, 4096, 4096, 4096]","[""https://a.espncdn.com/i/teamlogos/nfl/500/no.png"", ""https://a.espncdn.com/i/teamlogos/nfl/500-dark/no.png"", ""https://a.espncdn.com/i/teamlogos/nfl/500/scoreboard/no.png"", ""https://a.espncdn.com/i/teamlogos/nfl/500-dark/scoreboard/no.png"", ""https://a.espncdn.com/guid/0078f353-fe3e-67ed-a42c-43cca0568e21/logos/grayscale.png"", ""https://a.espncdn.com/guid/0078f353-fe3e-67ed-a42c-43cca0568e21/logos/primary_logo_on_white_color.png"", ""https://a.espncdn.com/guid/0078f353-fe3e-67ed-a42c-43cca0568e21/logos/primary_logo_on_black_color.png"", ""https://a.espncdn.com/guid/0078f353-fe3e-67ed-a42c-43cca0568e21/logos/primary_logo_on_primary_color.png"", ""https://a.espncdn.com/guid/0078f353-fe3e-67ed-a42c-43cca0568e21/logos/primary_logo_on_secondary_color.png"", ""https://a.espncdn.com/guid/0078f353-fe3e-67ed-a42c-43cca0568e21/logos/primary_logo_black.png"", ""https://a.espncdn.com/guid/0078f353-fe3e-67ed-a42c-43cca0568e21/logos/primary_logo_white.png"", ""https://a.espncdn.com/guid/0078f353-fe3e-67ed-a42c-43cca0568e21/logos/secondary_logo_on_white_color.png"", ""https://a.espncdn.com/guid/0078f353-fe3e-67ed-a42c-43cca0568e21/logos/secondary_logo_on_black_color.png"", ""https://a.espncdn.com/guid/0078f353-fe3e-67ed-a42c-43cca0568e21/logos/secondary_logo_on_primary_color.png"", ""https://a.espncdn.com/guid/0078f353-fe3e-67ed-a42c-43cca0568e21/logos/secondary_logo_on_secondary_color.png"", ""https://a.espncdn.com/guid/0078f353-fe3e-67ed-a42c-43cca0568e21/logos/secondary_logo_black.png"", ""https://a.espncdn.com/guid/0078f353-fe3e-67ed-a42c-43cca0568e21/logos/secondary_logo_white.png""]","[[""full"", ""default""], [""full"", ""dark""], [""full"", ""scoreboard""], [""full"", ""scoreboard"", ""dark""], [""full"", ""grayscale""], [""full"", ""primary_logo_on_white_color""], [""full"", ""primary_logo_on_black_color""], [""full"", ""primary_logo_on_primary_color""], [""full"", ""primary_logo_on_secondary_color""], [""full"", ""primary_logo_black""], [""full"", ""primary_logo_white""], [""full"", ""secondary_logo_on_white_color""], [""full"", ""secondary_logo_on_black_color""], [""full"", ""secondary_logo_on_primary_color""], [""full"", ""secondary_logo_on_secondary_color""], [""full"", ""secondary_logo_black""], [""full"", ""secondary_logo_white""]]","[500, 500, 500, 500, 500, 4096, 4096, 4096, 4096, 4096, 4096, 4096, 4096, 4096, 4096, 4096, 4096]",97d2f6c9-2f22-459c-306a-046941ccab2a,8819,Saints,Saints
football,nfl,18,New Orleans Saints,NO,NO,000000,d3bc8d,New Orleans,Saints,new-orleans-saints,s:20~l:28~t:18,"[500, 500, 500, 500, 500, 4096, 4096, 4096, 4096, 4096, 4096, 4096, 4096, 4096, 4096, 4096, 4096]","[""https://a.espncdn.com/i/teamlogos/nfl/500/no.png"", ""https://a.espncdn.com/i/teamlogos/nfl/500-dark/no.png"", ""https://a.espncdn.com/i/teamlogos/nfl/500/scoreboard/no.png"", ""https://a.espncdn.com/i/teamlogos/nfl/500-dark/scoreboard/no.png"", ""https://a.espncdn.com/guid/0078f353-fe3e-67ed-a42c-43cca0568e21/logos/grayscale.png"", ""https://a.espncdn.com/guid/0078f353-fe3e-67ed-a42c-43cca0568e21/logos/primary_logo_on_white_color.png"", ""https://a.espncdn.com/guid/0078f353-fe3e-67ed-a42c-43cca0568e21/logos/primary_logo_on_black_color.png"", ""https://a.espncdn.com/guid/0078f353-fe3e-67ed-a42c-43cca0568e21/logos/primary_logo_on_primary_color.png"", ""https://a.espncdn.com/guid/0078f353-fe3e-67ed-a42c-43cca0568e21/logos/primary_logo_on_secondary_color.png"", ""https://a.espncdn.com/guid/0078f353-fe3e-67ed-a42c-43cca0568e21/logos/primary_logo_black.png"", ""https://a.espncdn.com/guid/0078f353-fe3e-67ed-a42c-43cca0568e21/logos/primary_logo_white.png"", ""https://a.espncdn.com/guid/0078f353-fe3e-67ed-a42c-43cca0568e21/logos/secondary_logo_on_white_color.png"", ""https://a.espncdn.com/guid/0078f353-fe3e-67ed-a42c-43cca0568e21/logos/secondary_logo_on_black_color.png"", ""https://a.espncdn.com/guid/0078f353-fe3e-67ed-a42c-43cca0568e21/logos/secondary_logo_on_primary_color.png"", ""https://a.espncdn.com/guid/0078f353-fe3e-67ed-a42c-43cca0568e21/logos/secondary_logo_on_secondary_color.png"", ""https://a.espncdn.com/guid/0078f353-fe3e-67ed-a42c-43cca0568e21/logos/secondary_logo_black.png"", ""https://a.espncdn.com/guid/0078f353-fe3e-67ed-a42c-43cca0568e21/logos/secondary_logo_white.png""]","[[""full"", ""default""], [""full"", ""dark""], [""full"", ""scoreboard""], [""full"", ""scoreboard"", ""dark""], [""full"", ""grayscale""], [""full"", ""primary_logo_on_white_color""], [""full"", ""primary_logo_on_black_color""], [""full"", ""primary_logo_on_primary_color""], [""full"", ""primary_logo_on_secondary_color""], [""full"", ""primary_logo_black""], [""full"", ""primary_logo_white""], [""full"", ""secondary_logo_on_white_color""], [""full"", ""secondary_logo_on_black_color""], [""full"", ""secondary_logo_on_primary_color""], [""full"", ""secondary_logo_on_secondary_color""], [""full"", ""secondary_logo_black""], [""full"", ""secondary_logo_white""]]","[500, 500, 500, 500, 500, 4096, 4096, 4096, 4096, 4096, 4096, 4096, 4096, 4096, 4096, 4096, 4096]",97d2f6c9-2f22-459c-306a-046941ccab2a,8819,Saints,Saints
football,nfl,18,New Orleans Saints,NO,New Orleans Saints,000000,d3bc8d,New Orleans,Saints,new-orleans-saints,s:20~l:28~t:18,"[500, 500, 500, 500, 500, 4096, 4096, 4096, 4096, 4096, 4096, 4096, 4096, 4096, 4096, 4096, 4096]","[""https://a.espncdn.com/i/teamlogos/nfl/500/no.png"", ""https://a.espncdn.com/i/teamlogos/nfl/500-dark/no.png"", ""https://a.espncdn.com/i/teamlogos/nfl/500/scoreboard/no.png"", ""https://a.espncdn.com/i/teamlogos/nfl/500-dark/scoreboard/no.png"", ""https://a.espncdn.com/guid/0078f353-fe3e-67ed-a42c-43cca0568e21/logos/grayscale.png"", ""https://a.espncdn.com/guid/0078f353-fe3e-67ed-a42c-43cca0568e21/logos/primary_logo_on_white_color.png"", ""https://a.espncdn.com/guid/0078f353-fe3e-67ed-a42c-43cca0568e21/logos/primary_logo_on_black_color.png"", ""https://a.espncdn.com/guid/0078f353-fe3e-67ed-a42c-43cca0568e21/logos/primary_logo_on_primary_color.png"", ""https://a.espncdn.com/guid/0078f353-fe3e-67ed-a42c-43cca0568e21/logos/primary_logo_on_secondary_color.png"", ""https://a.espncdn.com/guid/0078f353-fe3e-67ed-a42c-43cca0568e21/logos/primary_logo_black.png"", ""https://a.espncdn.com/guid/0078f353-fe3e-67ed-a42c-43cca0568e21/logos/primary_logo_white.png"", ""https://a.espncdn.com/guid/0078f353-fe3e-67ed-a42c-43cca0568e21/logos/secondary_logo_on_white_color.png"", ""https://a.espncdn.com/guid/0078f353-fe3e-67ed-a42c-43cca0568e21/logos/secondary_logo_on_black_color.png"", ""https://a.espncdn.com/guid/0078f353-fe3e-67ed-a42c-43cca0568e21/logos/secondary_logo_on_primary_color.png"", ""https://a.espncdn.com/guid/0078f353-fe3e-67ed-a42c-43cca0568e21/logos/secondary_logo_on_secondary_color.png"", ""https://a.espncdn.com/guid/0078f353-fe3e-67ed-a42c-43cca0568e21/logos/secondary_logo_black.png"", ""https://a.espncdn.com/guid/0078f353-fe3e-67ed-a42c-43cca0568e21/logos/secondary_logo_white.png""]","[[""full"", ""default""], [""full"", ""dark""], [""full"", ""scoreboard""], [""full"", ""scoreboard"", ""dark""], [""full"", ""grayscale""], [""full"", ""primary_logo_on_white_color""], [""full"", ""primary_logo_on_black_color""], [""full"", ""primary_logo_on_primary_color""], [""full"", ""primary_logo_on_secondary_color""], [""full"", ""primary_logo_black""], [""full"", ""primary_logo_white""], [""full"", ""secondary_logo_on_white_color""], [""full"", ""secondary_logo_on_black_color""], [""full"", ""secondary_logo_on_primary_color""], [""full"", ""secondary_logo_on_secondary_color""], [""full"", ""secondary_logo_black""], [""full"", ""secondary_logo_white""]]","[500, 500, 500, 500, 500, 4096, 4096, 4096, 4096, 4096, 4096, 4096, 4096, 4096, 4096, 4096, 4096]",97d2f6c9-2f22-459c-306a-046941ccab2a,8819,Saints,Saints
football,nfl,18,New Orleans Saints,NO,Saints,000000,d3bc8d,New Orleans,Saints,new-orleans-saints,s:20~l:28~t:18,"[500, 500, 500, 500, 500, 4096, 4096, 4096, 4096, 4096, 4096, 4096, 4096, 4096, 4096, 4096, 4096]","[""https://a.espncdn.com/i/teamlogos/nfl/500/no.png"", ""https://a.espncdn.com/i/teamlogos/nfl/500-dark/no.png"", ""https://a.espncdn.com/i/teamlogos/nfl/500/scoreboard/no.png"", ""https://a.espncdn.com/i/teamlogos/nfl/500-dark/scoreboard/no.png"", ""https://a.espncdn.com/guid/0078f353-fe3e-67ed-a42c-43cca0568e21/logos/grayscale.png"", ""https://a.espncdn.com/guid/0078f353-fe3e-67ed-a42c-43cca0568e21/logos/primary_logo_on_white_color.png"", ""https://a.espncdn.com/guid/0078f353-fe3e-67ed-a42c-43cca0568e21/logos/primary_logo_on_black_color.png"", ""https://a.espncdn.com/guid/0078f353-fe3e-67ed-a42c-43cca0568e21/logos/primary_logo_on_primary_color.png"", ""https://a.espncdn.com/guid/0078f353-fe3e-67ed-a42c-43cca0568e21/logos/primary_logo_on_secondary_color.png"", ""https://a.espncdn.com/guid/0078f353-fe3e-67ed-a42c-43cca0568e21/logos/primary_logo_black.png"", ""https://a.espncdn.com/guid/0078f353-fe3e-67ed-a42c-43cca0568e21/logos/primary_logo_white.png"", ""https://a.espncdn.com/guid/0078f353-fe3e-67ed-a42c-43cca0568e21/logos/secondary_logo_on_white_color.png"", ""https://a.espncdn.com/guid/0078f353-fe3e-67ed-a42c-43cca0568e21/logos/secondary_logo_on_black_color.png"", ""https://a.espncdn.com/guid/0078f353-fe3e-67ed-a42c-43cca0568e21/logos/secondary_logo_on_primary_color.png"", ""https://a.espncdn.com/guid/0078f353-fe3e-67ed-a42c-43cca0568e21/logos/secondary_logo_on_secondary_color.png"", ""https://a.espncdn.com/guid/0078f353-fe3e-67ed-a42c-43cca0568e21/logos/secondary_logo_black.png"", ""https://a.espncdn.com/guid/0078f353-fe3e-67ed-a42c-43cca0568e21/logos/secondary_logo_white.png""]","[[""full"", ""default""], [""full"", ""dark""], [""full"", ""scoreboard""], [""full"", ""scoreboard"", ""dark""], [""full"", ""grayscale""], [""full"", ""primary_logo_on_white_color""], [""full"", ""primary_logo_on_black_color""], [""full"", ""primary_logo_on_primary_color""], [""full"", ""primary_logo_on_secondary_color""], [""full"", ""primary_logo_black""], [""full"", ""primary_logo_white""], [""full"", ""secondary_logo_on_white_color""], [""full"", ""secondary_logo_on_black_color""], [""full"", ""secondary_logo_on_primary_color""], [""full"", ""secondary_logo_on_secondary_color""], [""full"", ""secondary_logo_black""], [""full"", ""secondary_logo_white""]]","[500, 500, 500, 500, 500, 4096, 4096, 4096, 4096, 4096, 4096, 4096, 4096, 4096, 4096, 4096, 4096]",97d2f6c9-2f22-459c-306a-046941ccab2a,8819,Saints,Saints
football,nfl,18,New Orleans Saints,NO,new-orleans-saints,000000,d3bc8d,New Orleans,Saints,new-orleans-saints,s:20~l:28~t:18,"[500, 500, 500, 500, 500, 4096, 4096, 4096, 4096, 4096, 4096, 4096, 4096, 4096, 4096, 4096, 4096]","[""https://a.espncdn.com/i/teamlogos/nfl/500/no.png"", ""https://a.espncdn.com/i/teamlogos/nfl/500-dark/no.png"", ""https://a.espncdn.com/i/teamlogos/nfl/500/scoreboard/no.png"", ""https://a.espncdn.com/i/teamlogos/nfl/500-dark/scoreboard/no.png"", ""https://a.espncdn.com/guid/0078f353-fe3e-67ed-a42c-43cca0568e21/logos/grayscale.png"", ""https://a.espncdn.com/guid/0078f353-fe3e-67ed-a42c-43cca0568e21/logos/primary_logo_on_white_color.png"", ""https://a.espncdn.com/guid/0078f353-fe3e-67ed-a42c-43cca0568e21/logos/primary_logo_on_black_color.png"", ""https://a.espncdn.com/guid/0078f353-fe3e-67ed-a42c-43cca0568e21/logos/primary_logo_on_primary_color.png"", ""https://a.espncdn.com/guid/0078f353-fe3e-67ed-a42c-43cca0568e21/logos/primary_logo_on_secondary_color.png"", ""https://a.espncdn.com/guid/0078f353-fe3e-67ed-a42c-43cca0568e21/logos/primary_logo_black.png"", ""https://a.espncdn.com/guid/0078f353-fe3e-67ed-a42c-43cca0568e21/logos/primary_logo_white.png"", ""https://a.espncdn.com/guid/0078f353-fe3e-67ed-a42c-43cca0568e21/logos/secondary_logo_on_white_color.png"", ""https://a.espncdn.com/guid/0078f353-fe3e-67ed-a42c-43cca0568e21/logos/secondary_logo_on_black_color.png"", ""https://a.espncdn.com/guid/0078f353-fe3e-67ed-a42c-43cca0568e21/logos/secondary_logo_on_primary_color.png"", ""https://a.espncdn.com/guid/0078f353-fe3e-67ed-a42c-43cca0568e21/logos/secondary_logo_on_secondary_color.png"", ""https://a.espncdn.com/guid/0078f353-fe3e-67ed-a42c-43cca0568e21/logos/secondary_logo_black.png"", ""https://a.espncdn.com/guid/0078f353-fe3e-67ed-a42c-43cca0568e21/logos/secondary_logo_white.png""]","[[""full"", ""default""], [""full"", ""dark""], [""full"", ""scoreboard""], [""full"", ""scoreboard"", ""dark""], [""full"", ""grayscale""], [""full"", ""primary_logo_on_white_color""], [""full"", ""primary_logo_on_black_color""], [""full"", ""primary_logo_on_primary_color""], [""full"", ""primary_logo_on_secondary_color""], [""full"", ""primary_logo_black""], [""full"", ""primary_logo_white""], [""full"", ""secondary_logo_on_white_color""], [""full"", ""secondary_logo_on_black_color""], [""full"", ""secondary_logo_on_primary_color""], [""full"", ""secondary_logo_on_secondary_color""], [""full"", ""secondary_logo_black""], [""full"", ""secondary_logo_white""]]","[500, 500, 500, 500, 500, 4096, 4096, 4096, 4096, 4096, 4096, 4096, 4096, 4096, 4096, 4096, 4096]",97d2f6c9-2f22-459c-306a-046941ccab2a,8819,Saints,Saints
football,nfl,19,New York Giants,NYG,19,c9243f,003c7f,New York,Giants,new-york-giants,s:20~l:28~t:19,"[500, 500, 500, 500, 500, 4096, 4096, 4096, 4096, 4096, 4096, 4096, 4096, 4096, 4096, 4096, 4096]","[""https://a.espncdn.com/i/teamlogos/nfl/500/nyg.png"", ""https://a.espncdn.com/i/teamlogos/nfl/500-dark/nyg.png"", ""https://a.espncdn.com/i/teamlogos/nfl/500/scoreboard/nyg.png"", ""https://a.espncdn.com/i/teamlogos/nfl/500-dark/scoreboard/nyg.png"", ""https://a.espncdn.com/guid/97d2f6c9-2f22-459c-306a-046941ccab2a/logos/grayscale.png"", ""https://a.espncdn.com/guid/97d2f6c9-2f22-459c-306a-046941ccab2a/logos/primary_logo_on_white_color.png"", ""https://a.espncdn.com/guid/97d2f6c9-2f22-459c-306a-046941ccab2a/logos/primary_logo_on_black_color.png"", ""https://a.espncdn.com/guid/97d2f6c9-2f22-459c-306a-046941ccab2a/logos/primary_logo_on_primary_color.png"", ""https://a.espncdn.com/guid/97d2f6c9-2f22-459c-306a-046941ccab2a/logos/primary_logo_on_secondary_color.png"", ""https://a.espncdn.com/guid/97d2f6c9-2f22-459c-306a-046941ccab2a/logos/primary_logo_black.png"", ""https://a.espncdn.com/guid/97d2f6c9-2f22-459c-306a-046941ccab2a/logos/primary_logo_white.png"", ""https://a.espncdn.com/guid/97d2f6c9-2f22-459c-306a-046941ccab2a/logos/secondary_logo_on_white_color.png"", ""https://a.espncdn.com/guid/97d2f6c9-2f22-459c-306a-046941ccab2a/logos/secondary_logo_on_black_color.png"", ""https://a.espncdn.com/guid/97d2f6c9-2f22-459c-306a-046941ccab2a/logos/secondary_logo_on_primary_color.png"", ""https://a.espncdn.com/guid/97d2f6c9-2f22-459c-306a-046941ccab2a/logos/secondary_logo_on_secondary_color.png"", ""https://a.espncdn.com/guid/97d2f6c9-2f22-459c-306a-046941ccab2a/logos/secondary_logo_black.png"", ""https://a.espncdn.com/guid/97d2f6c9-2f22-459c-306a-046941ccab2a/logos/secondary_logo_white.png""]","[[""full"", ""default""], [""full"", ""dark""], [""full"", ""scoreboard""], [""full"", ""scoreboard"", ""dark""], [""full"", ""grayscale""], [""full"", ""primary_logo_on_white_color""], [""full"", ""primary_logo_on_black_color""], [""full"", ""primary_logo_on_primary_color""], [""full"", ""primary_logo_on_secondary_color""], [""full"", ""primary_logo_black""], [""full"", ""primary_logo_white""], [""full"", ""secondary_logo_on_white_color""], [""full"", ""secondary_logo_on_black_color""], [""full"", ""secondary_logo_on_primary_color""], [""full"", ""secondary_logo_on_secondary_color""], [""full"", ""secondary_logo_black""], [""full"", ""secondary_logo_white""]]","[500, 500, 500, 500, 500, 4096, 4096, 4096, 4096, 4096, 4096, 4096, 4096, 4096, 4096, 4096, 4096]",378600ea-2397-8364-8399-b7c1606a49a7,8820,Giants,Giants
football,nfl,19,New York Giants,NYG,NYG,c9243f,003c7f,New York,Giants,new-york-giants,s:20~l:28~t:19,"[500, 500, 500, 500, 500, 4096, 4096, 4096, 4096, 4096, 4096, 4096, 4096, 4096, 4096, 4096, 4096]","[""https://a.espncdn.com/i/teamlogos/nfl/500/nyg.png"", ""https://a.espncdn.com/i/teamlogos/nfl/500-dark/nyg.png"", ""https://a.espncdn.com/i/teamlogos/nfl/500/scoreboard/nyg.png"", ""https://a.espncdn.com/i/teamlogos/nfl/500-dark/scoreboard/nyg.png"", ""https://a.espncdn.com/guid/97d2f6c9-2f22-459c-306a-046941ccab2a/logos/grayscale.png"", ""https://a.espncdn.com/guid/97d2f6c9-2f22-459c-306a-046941ccab2a/logos/primary_logo_on_white_color.png"", ""https://a.espncdn.com/guid/97d2f6c9-2f22-459c-306a-046941ccab2a/logos/primary_logo_on_black_color.png"", ""https://a.espncdn.com/guid/97d2f6c9-2f22-459c-306a-046941ccab2a/logos/primary_logo_on_primary_color.png"", ""https://a.espncdn.com/guid/97d2f6c9-2f22-459c-306a-046941ccab2a/logos/primary_logo_on_secondary_color.png"", ""https://a.espncdn.com/guid/97d2f6c9-2f22-459c-306a-046941ccab2a/logos/primary_logo_black.png"", ""https://a.espncdn.com/guid/97d2f6c9-2f22-459c-306a-046941ccab2a/logos/primary_logo_white.png"", ""https://a.espncdn.com/guid/97d2f6c9-2f22-459c-306a-046941ccab2a/logos/secondary_logo_on_white_color.png"", ""https://a.espncdn.com/guid/97d2f6c9-2f22-459c-306a-046941ccab2a/logos/secondary_logo_on_black_color.png"", ""https://a.espncdn.com/guid/97d2f6c9-2f22-459c-306a-046941ccab2a/logos/secondary_logo_on_primary_color.png"", ""https://a.espncdn.com/guid/97d2f6c9-2f22-459c-306a-046941ccab2a/logos/secondary_logo_on_secondary_color.png"", ""https://a.espncdn.com/guid/97d2f6c9-2f22-459c-306a-046941ccab2a/logos/secondary_logo_black.png"", ""https://a.espncdn.com/guid/97d2f6c9-2f22-459c-306a-046941ccab2a/logos/secondary_logo_white.png""]","[[""full"", ""default""], [""full"", ""dark""], [""full"", ""scoreboard""], [""full"", ""scoreboard"", ""dark""], [""full"", ""grayscale""], [""full"", ""primary_logo_on_white_color""], [""full"", ""primary_logo_on_black_color""], [""full"", ""primary_logo_on_primary_color""], [""full"", ""primary_logo_on_secondary_color""], [""full"", ""primary_logo_black""], [""full"", ""primary_logo_white""], [""full"", ""secondary_logo_on_white_color""], [""full"", ""secondary_logo_on_black_color""], [""full"", ""secondary_logo_on_primary_color""], [""full"", ""secondary_logo_on_secondary_color""], [""full"", ""secondary_logo_black""], [""full"", ""secondary_logo_white""]]","[500, 500, 500, 500, 500, 4096, 4096, 4096, 4096, 4096, 4096, 4096, 4096, 4096, 4096, 4096, 4096]",378600ea-2397-8364-8399-b7c1606a49a7,8820,Giants,Giants
football,nfl,19,New York Giants,NYG,New York Giants,c9243f,003c7f,New York,Giants,new-york-giants,s:20~l:28~t:19,"[500, 500, 500, 500, 500, 4096, 4096, 4096, 4096, 4096, 4096, 4096, 4096, 4096, 4096, 4096, 4096]","[""https://a.espncdn.com/i/teamlogos/nfl/500/nyg.png"", ""https://a.espncdn.com/i/teamlogos/nfl/500-dark/nyg.png"", ""https://a.espncdn.com/i/teamlogos/nfl/500/scoreboard/nyg.png"", ""https://a.espncdn.com/i/teamlogos/nfl/500-dark/scoreboard/nyg.png"", ""https://a.espncdn.com/guid/97d2f6c9-2f22-459c-306a-046941ccab2a/logos/grayscale.png"", ""https://a.espncdn.com/guid/97d2f6c9-2f22-459c-306a-046941ccab2a/logos/primary_logo_on_white_color.png"", ""https://a.espncdn.com/guid/97d2f6c9-2f22-459c-306a-046941ccab2a/logos/primary_logo_on_black_color.png"", ""https://a.espncdn.com/guid/97d2f6c9-2f22-459c-306a-046941ccab2a/logos/primary_logo_on_primary_color.png"", ""https://a.espncdn.com/guid/97d2f6c9-2f22-459c-306a-046941ccab2a/logos/primary_logo_on_secondary_color.png"", ""https://a.espncdn.com/guid/97d2f6c9-2f22-459c-306a-046941ccab2a/logos/primary_logo_black.png"", ""https://a.espncdn.com/guid/97d2f6c9-2f22-459c-306a-046941ccab2a/logos/primary_logo_white.png"", ""https://a.espncdn.com/guid/97d2f6c9-2f22-459c-306a-046941ccab2a/logos/secondary_logo_on_white_color.png"", ""https://a.espncdn.com/guid/97d2f6c9-2f22-459c-306a-046941ccab2a/logos/secondary_logo_on_black_color.png"", ""https://a.espncdn.com/guid/97d2f6c9-2f22-459c-306a-046941ccab2a/logos/secondary_logo_on_primary_color.png"", ""https://a.espncdn.com/guid/97d2f6c9-2f22-459c-306a-046941ccab2a/logos/secondary_logo_on_secondary_color.png"", ""https://a.espncdn.com/guid/97d2f6c9-2f22-459c-306a-046941ccab2a/logos/secondary_logo_black.png"", ""https://a.espncdn.com/guid/97d2f6c9-2f22-459c-306a-046941ccab2a/logos/secondary_logo_white.png""]","[[""full"", ""default""], [""full"", ""dark""], [""full"", ""scoreboard""], [""full"", ""scoreboard"", ""dark""], [""full"", ""grayscale""], [""full"", ""primary_logo_on_white_color""], [""full"", ""primary_logo_on_black_color""], [""full"", ""primary_logo_on_primary_color""], [""full"", ""primary_logo_on_secondary_color""], [""full"", ""primary_logo_black""], [""full"", ""primary_logo_white""], [""full"", ""secondary_logo_on_white_color""], [""full"", ""secondary_logo_on_black_color""], [""full"", ""secondary_logo_on_primary_color""], [""full"", ""secondary_logo_on_secondary_color""], [""full"", ""secondary_logo_black""], [""full"", ""secondary_logo_white""]]","[500, 500, 500, 500, 500, 4096, 4096, 4096, 4096, 4096, 4096, 4096, 4096, 4096, 4096, 4096, 4096]",378600ea-2397-8364-8399-b7c1606a49a7,8820,Giants,Giants
football,nfl,19,New York Giants,NYG,Giants,c9243f,003c7f,New York,Giants,new-york-giants,s:20~l:28~t:19,"[500, 500, 500, 500, 500, 4096, 4096, 4096, 4096, 4096, 4096, 4096, 4096, 4096, 4096, 4096, 4096]","[""https://a.espncdn.com/i/teamlogos/nfl/500/nyg.png"", ""https://a.espncdn.com/i/teamlogos/nfl/500-dark/nyg.png"", ""https://a.espncdn.com/i/teamlogos/nfl/500/scoreboard/nyg.png"", ""https://a.espncdn.com/i/teamlogos/nfl/500-dark/scoreboard/nyg.png"", ""https://a.espncdn.com/guid/97d2f6c9-2f22-459c-306a-046941ccab2a/logos/grayscale.png"", ""https://a.espncdn.com/guid/97d2f6c9-2f22-459c-306a-046941ccab2a/logos/primary_logo_on_white_color.png"", ""https://a.espncdn.com/guid/97d2f6c9-2f22-459c-306a-046941ccab2a/logos/primary_logo_on_black_color.png"", ""https://a.espncdn.com/guid/97d2f6c9-2f22-459c-306a-046941ccab2a/logos/primary_logo_on_primary_color.png"", ""https://a.espncdn.com/guid/97d2f6c9-2f22-459c-306a-046941ccab2a/logos/primary_logo_on_secondary_color.png"", ""https://a.espncdn.com/guid/97d2f6c9-2f22-459c-306a-046941ccab2a/logos/primary_logo_black.png"", ""https://a.espncdn.com/guid/97d2f6c9-2f22-459c-306a-046941ccab2a/logos/primary_logo_white.png"", ""https://a.espncdn.com/guid/97d2f6c9-2f22-459c-306a-046941ccab2a/logos/secondary_logo_on_white_color.png"", ""https://a.espncdn.com/guid/97d2f6c9-2f22-459c-306a-046941ccab2a/logos/secondary_logo_on_black_color.png"", ""https://a.espncdn.com/guid/97d2f6c9-2f22-459c-306a-046941ccab2a/logos/secondary_logo_on_primary_color.png"", ""https://a.espncdn.com/guid/97d2f6c9-2f22-459c-306a-046941ccab2a/logos/secondary_logo_on_secondary_color.png"", ""https://a.espncdn.com/guid/97d2f6c9-2f22-459c-306a-046941ccab2a/logos/secondary_logo_black.png"", ""https://a.espncdn.com/guid/97d2f6c9-2f22-459c-306a-046941ccab2a/logos/secondary_logo_white.png""]","[[""full"", ""default""], [""full"", ""dark""], [""full"", ""scoreboard""], [""full"", ""scoreboard"", ""dark""], [""full"", ""grayscale""], [""full"", ""primary_logo_on_white_color""], [""full"", ""primary_logo_on_black_color""], [""full"", ""primary_logo_on_primary_color""], [""full"", ""primary_logo_on_secondary_color""], [""full"", ""primary_logo_black""], [""full"", ""primary_logo_white""], [""full"", ""secondary_logo_on_white_color""], [""full"", ""secondary_logo_on_black_color""], [""full"", ""secondary_logo_on_primary_color""], [""full"", ""secondary_logo_on_secondary_color""], [""full"", ""secondary_logo_black""], [""full"", ""secondary_logo_white""]]","[500, 500, 500, 500, 500, 4096, 4096, 4096, 4096, 4096, 4096, 4096, 4096, 4096, 4096, 4096, 4096]",378600ea-2397-8364-8399-b7c1606a49a7,8820,Giants,Giants
football,nfl,19,New York Giants,NYG,new-york-giants,c9243f,003c7f,New York,Giants,new-york-giants,s:20~l:28~t:19,"[500, 500, 500, 500, 500, 4096, 4096, 4096, 4096, 4096, 4096, 4096, 4096, 4096, 4096, 4096, 4096]","[""https://a.espncdn.com/i/teamlogos/nfl/500/nyg.png"", ""https://a.espncdn.com/i/teamlogos/nfl/500-dark/nyg.png"", ""https://a.espncdn.com/i/teamlogos/nfl/500/scoreboard/nyg.png"", ""https://a.espncdn.com/i/teamlogos/nfl/500-dark/scoreboard/nyg.png"", ""https://a.espncdn.com/guid/97d2f6c9-2f22-459c-306a-046941ccab2a/logos/grayscale.png"", ""https://a.espncdn.com/guid/97d2f6c9-2f22-459c-306a-046941ccab2a/logos/primary_logo_on_white_color.png"", ""https://a.espncdn.com/guid/97d2f6c9-2f22-459c-306a-046941ccab2a/logos/primary_logo_on_black_color.png"", ""https://a.espncdn.com/guid/97d2f6c9-2f22-459c-306a-046941ccab2a/logos/primary_logo_on_primary_color.png"", ""https://a.espncdn.com/guid/97d2f6c9-2f22-459c-306a-046941ccab2a/logos/primary_logo_on_secondary_color.png"", ""https://a.espncdn.com/guid/97d2f6c9-2f22-459c-306a-046941ccab2a/logos/primary_logo_black.png"", ""https://a.espncdn.com/guid/97d2f6c9-2f22-459c-306a-046941ccab2a/logos/primary_logo_white.png"", ""https://a.espncdn.com/guid/97d2f6c9-2f22-459c-306a-046941ccab2a/logos/secondary_logo_on_white_color.png"", ""https://a.espncdn.com/guid/97d2f6c9-2f22-459c-306a-046941ccab2a/logos/secondary_logo_on_black_color.png"", ""https://a.espncdn.com/guid/97d2f6c9-2f22-459c-306a-046941ccab2a/logos/secondary_logo_on_primary_color.png"", ""https://a.espncdn.com/guid/97d2f6c9-2f22-459c-306a-046941ccab2a/logos/secondary_logo_on_secondary_color.png"", ""https://a.espncdn.com/guid/97d2f6c9-2f22-459c-306a-046941ccab2a/logos/secondary_logo_black.png"", ""https://a.espncdn.com/guid/97d2f6c9-2f22-459c-306a-046941ccab2a/logos/secondary_logo_white.png""]","[[""full"", ""default""], [""full"", ""dark""], [""full"", ""scoreboard""], [""full"", ""scoreboard"", ""dark""], [""full"", ""grayscale""], [""full"", ""primary_logo_on_white_color""], [""full"", ""primary_logo_on_black_color""], [""full"", ""primary_logo_on_primary_color""], [""full"", ""primary_logo_on_secondary_color""], [""full"", ""primary_logo_black""], [""full"", ""primary_logo_white""], [""full"", ""secondary_logo_on_white_color""], [""full"", ""secondary_logo_on_black_color""], [""full"", ""secondary_logo_on_primary_color""], [""full"", ""secondary_logo_on_secondary_color""], [""full"", ""secondary_logo_black""], [""full"", ""secondary_logo_white""]]","[500, 500, 500, 500, 500, 4096, 4096, 4096, 4096, 4096, 4096, 4096, 4096, 4096, 4096, 4096, 4096]",378600ea-2397-8364-8399-b7c1606a49a7,8820,Giants,Giants
football,nfl,20,New York Jets,NYJ,20,ffffff,115740,New York,Jets,new-york-jets,s:20~l:28~t:20,"[500, 500, 500, 500, 500, 4096, 4096, 4096, 4096, 4096, 4096, 4096, 4096, 4096, 4096, 4096, 4096]","[""https://a.espncdn.com/i/teamlogos/nfl/500/nyj.png"", ""https://a.espncdn.com/i/teamlogos/nfl/500-dark/nyj.png"", ""https://a.espncdn.com/i/teamlogos/nfl/500/scoreboard/nyj.png"", ""https://a.espncdn.com/i/teamlogos/nfl/500-dark/scoreboard/nyj.png"", ""https://a.espncdn.com/guid/378600ea-2397-8364-8399-b7c1606a49a7/logos/grayscale.png"", ""https://a.espncdn.com/guid/378600ea-2397-8364-8399-b7c1606a49a7/logos/primary_logo_on_white_color.png"", ""https://a.espncdn.com/guid/378600ea-2397-8364-8399-b7c1606a49a7/logos/primary_logo_on_black_color.png"", ""https://a.espncdn.com/guid/378600ea-2397-8364-8399-b7c1606a49a7/logos/primary_logo_on_primary_color.png"", ""https://a.espncdn.com/guid/378600ea-2397-8364-8399-b7c1606a49a7/logos/primary_logo_on_secondary_color.png"", ""https://a.espncdn.com/guid/378600ea-2397-8364-8399-b7c1606a49a7/logos/primary_logo_black.png"", ""https://a.espncdn.com/guid/378600ea-2397-8364-8399-b7c1606a49a7/logos/primary_logo_white.png"", ""https://a.espncdn.com/guid/378600ea-2397-8364-8399-b7c1606a49a7/logos/secondary_logo_on_white_color.png"", ""https://a.espncdn.com/guid/378600ea-2397-8364-8399-b7c1606a49a7/logos/secondary_logo_on_black_color.png"", ""https://a.espncdn.com/guid/378600ea-2397-8364-8399-b7c1606a49a7/logos/secondary_logo_on_primary_color.png"", ""https://a.espncdn.com/guid/378600ea-2397-8364-8399-b7c1606a49a7/logos/secondary_logo_on_secondary_color.png"", ""https://a.espncdn.com/guid/378600ea-2397-8364-8399-b7c1606a49a7/logos/secondary_logo_black.png"", ""https://a.espncdn.com/guid/378600ea-2397-8364-8399-b7c1606a49a7/logos/secondary_logo_white.png""]","[[""full"", ""default""], [""full"", ""dark""], [""full"", ""scoreboard""], [""full"", ""scoreboard"", ""dark""], [""full"", ""grayscale""], [""full"", ""primary_logo_on_white_color""], [""full"", ""primary_logo_on_black_color""], [""full"", ""primary_logo_on_primary_color""], [""full"", ""primary_logo_on_secondary_color""], [""full"", ""primary_logo_black""], [""full"", ""primary_logo_white""], [""full"", ""secondary_logo_on_white_color""], [""full"", ""secondary_logo_on_black_color""], [""full"", ""secondary_logo_on_primary_color""], [""full"", ""secondary_logo_on_secondary_color""], [""full"", ""secondary_logo_black""], [""full"", ""secondary_logo_white""]]","[500, 500, 500, 500, 500, 4096, 4096, 4096, 4096, 4096, 4096, 4096, 4096, 4096, 4096, 4096, 4096]",732d3caf-b350-1e34-48c6-b7cebb4a0d88,8821,Jets,Jets
football,nfl,20,New York Jets,NYJ,NYJ,ffffff,115740,New York,Jets,new-york-jets,s:20~l:28~t:20,"[500, 500, 500, 500, 500, 4096, 4096, 4096, 4096, 4096, 4096, 4096, 4096, 4096, 4096, 4096, 4096]","[""https://a.espncdn.com/i/teamlogos/nfl/500/nyj.png"", ""https://a.espncdn.com/i/teamlogos/nfl/500-dark/nyj.png"", ""https://a.espncdn.com/i/teamlogos/nfl/500/scoreboard/nyj.png"", ""https://a.espncdn.com/i/teamlogos/nfl/500-dark/scoreboard/nyj.png"", ""https://a.espncdn.com/guid/378600ea-2397-8364-8399-b7c1606a49a7/logos/grayscale.png"", ""https://a.espncdn.com/guid/378600ea-2397-8364-8399-b7c1606a49a7/logos/primary_logo_on_white_color.png"", ""https://a.espncdn.com/guid/378600ea-2397-8364-8399-b7c1606a49a7/logos/primary_logo_on_black_color.png"", ""https://a.espncdn.com/guid/378600ea-2397-8364-8399-b7c1606a49a7/logos/primary_logo_on_primary_color.png"", ""https://a.espncdn.com/guid/378600ea-2397-8364-8399-b7c1606a49a7/logos/primary_logo_on_secondary_color.png"", ""https://a.espncdn.com/guid/378600ea-2397-8364-8399-b7c1606a49a7/logos/primary_logo_black.png"", ""https://a.espncdn.com/guid/378600ea-2397-8364-8399-b7c1606a49a7/logos/primary_logo_white.png"", ""https://a.espncdn.com/guid/378600ea-2397-8364-8399-b7c1606a49a7/logos/secondary_logo_on_white_color.png"", ""https://a.espncdn.com/guid/378600ea-2397-8364-8399-b7c1606a49a7/logos/secondary_logo_on_black_color.png"", ""https://a.espncdn.com/guid/378600ea-2397-8364-8399-b7c1606a49a7/logos/secondary_logo_on_primary_color.png"", ""https://a.espncdn.com/guid/378600ea-2397-8364-8399-b7c1606a49a7/logos/secondary_logo_on_secondary_color.png"", ""https://a.espncdn.com/guid/378600ea-2397-8364-8399-b7c1606a49a7/logos/secondary_logo_black.png"", ""https://a.espncdn.com/guid/378600ea-2397-8364-8399-b7c1606a49a7/logos/secondary_logo_white.png""]","[[""full"", ""default""], [""full"", ""dark""], [""full"", ""scoreboard""], [""full"", ""scoreboard"", ""dark""], [""full"", ""grayscale""], [""full"", ""primary_logo_on_white_color""], [""full"", ""primary_logo_on_black_color""], [""full"", ""primary_logo_on_primary_color""], [""full"", ""primary_logo_on_secondary_color""], [""full"", ""primary_logo_black""], [""full"", ""primary_logo_white""], [""full"", ""secondary_logo_on_white_color""], [""full"", ""secondary_logo_on_black_color""], [""full"", ""secondary_logo_on_primary_color""], [""full"", ""secondary_logo_on_secondary_color""], [""full"", ""secondary_logo_black""], [""full"", ""secondary_logo_white""]]","[500, 500, 500, 500, 500, 4096, 4096, 4096, 4096, 4096, 4096, 4096, 4096, 4096, 4096, 4096, 4096]",732d3caf-b350-1e34-48c6-b7cebb4a0d88,8821,Jets,Jets
football,nfl,20,New York Jets,NYJ,New York Jets,ffffff,115740,New York,Jets,new-york-jets,s:20~l:28~t:20,"[500, 500, 500, 500, 500, 4096, 4096, 4096, 4096, 4096, 4096, 4096, 4096, 4096, 4096, 4096, 4096]","[""https://a.espncdn.com/i/teamlogos/nfl/500/nyj.png"", ""https://a.espncdn.com/i/teamlogos/nfl/500-dark/nyj.png"", ""https://a.espncdn.com/i/teamlogos/nfl/500/scoreboard/nyj.png"", ""https://a.espncdn.com/i/teamlogos/nfl/500-dark/scoreboard/nyj.png"", ""https://a.espncdn.com/guid/378600ea-2397-8364-8399-b7c1606a49a7/logos/grayscale.png"", ""https://a.espncdn.com/guid/378600ea-2397-8364-8399-b7c1606a49a7/logos/primary_logo_on_white_color.png"", ""https://a.espncdn.com/guid/378600ea-2397-8364-8399-b7c1606a49a7/logos/primary_logo_on_black_color.png"", ""https://a.espncdn.com/guid/378600ea-2397-8364-8399-b7c1606a49a7/logos/primary_logo_on_primary_color.png"", ""https://a.espncdn.com/guid/378600ea-2397-8364-8399-b7c1606a49a7/logos/primary_logo_on_secondary_color.png"", ""https://a.espncdn.com/guid/378600ea-2397-8364-8399-b7c1606a49a7/logos/primary_logo_black.png"", ""https://a.espncdn.com/guid/378600ea-2397-8364-8399-b7c1606a49a7/logos/primary_logo_white.png"", ""https://a.espncdn.com/guid/378600ea-2397-8364-8399-b7c1606a49a7/logos/secondary_logo_on_white_color.png"", ""https://a.espncdn.com/guid/378600ea-2397-8364-8399-b7c1606a49a7/logos/secondary_logo_on_black_color.png"", ""https://a.espncdn.com/guid/378600ea-2397-8364-8399-b7c1606a49a7/logos/secondary_logo_on_primary_color.png"", ""https://a.espncdn.com/guid/378600ea-2397-8364-8399-b7c1606a49a7/logos/secondary_logo_on_secondary_color.png"", ""https://a.espncdn.com/guid/378600ea-2397-8364-8399-b7c1606a49a7/logos/secondary_logo_black.png"", ""https://a.espncdn.com/guid/378600ea-2397-8364-8399-b7c1606a49a7/logos/secondary_logo_white.png""]","[[""full"", ""default""], [""full"", ""dark""], [""full"", ""scoreboard""], [""full"", ""scoreboard"", ""dark""], [""full"", ""grayscale""], [""full"", ""primary_logo_on_white_color""], [""full"", ""primary_logo_on_black_color""], [""full"", ""primary_logo_on_primary_color""], [""full"", ""primary_logo_on_secondary_color""], [""full"", ""primary_logo_black""], [""full"", ""primary_logo_white""], [""full"", ""secondary_logo_on_white_color""], [""full"", ""secondary_logo_on_black_color""], [""full"", ""secondary_logo_on_primary_color""], [""full"", ""secondary_logo_on_secondary_color""], [""full"", ""secondary_logo_black""], [""full"", ""secondary_logo_white""]]","[500, 500, 500, 500, 500, 4096, 4096, 4096, 4096, 4096, 4096, 4096, 4096, 4096, 4096, 4096, 4096]",732d3caf-b350-1e34-48c6-b7cebb4a0d88,8821,Jets,Jets
football,nfl,20,New York Jets,NYJ,Jets,ffffff,115740,New York,Jets,new-york-jets,s:20~l:28~t:20,"[500, 500, 500, 500, 500, 4096, 4096, 4096, 4096, 4096, 4096, 4096, 4096, 4096, 4096, 4096, 4096]","[""https://a.espncdn.com/i/teamlogos/nfl/500/nyj.png"", ""https://a.espncdn.com/i/teamlogos/nfl/500-dark/nyj.png"", ""https://a.espncdn.com/i/teamlogos/nfl/500/scoreboard/nyj.png"", ""https://a.espncdn.com/i/teamlogos/nfl/500-dark/scoreboard/nyj.png"", ""https://a.espncdn.com/guid/378600ea-2397-8364-8399-b7c1606a49a7/logos/grayscale.png"", ""https://a.espncdn.com/guid/378600ea-2397-8364-8399-b7c1606a49a7/logos/primary_logo_on_white_color.png"", ""https://a.espncdn.com/guid/378600ea-2397-8364-8399-b7c1606a49a7/logos/primary_logo_on_black_color.png"", ""https://a.espncdn.com/guid/378600ea-2397-8364-8399-b7c1606a49a7/logos/primary_logo_on_primary_color.png"", ""https://a.espncdn.com/guid/378600ea-2397-8364-8399-b7c1606a49a7/logos/primary_logo_on_secondary_color.png"", ""https://a.espncdn.com/guid/378600ea-2397-8364-8399-b7c1606a49a7/logos/primary_logo_black.png"", ""https://a.espncdn.com/guid/378600ea-2397-8364-8399-b7c1606a49a7/logos/primary_logo_white.png"", ""https://a.espncdn.com/guid/378600ea-2397-8364-8399-b7c1606a49a7/logos/secondary_logo_on_white_color.png"", ""https://a.espncdn.com/guid/378600ea-2397-8364-8399-b7c1606a49a7/logos/secondary_logo_on_black_color.png"", ""https://a.espncdn.com/guid/378600ea-2397-8364-8399-b7c1606a49a7/logos/secondary_logo_on_primary_color.png"", ""https://a.espncdn.com/guid/378600ea-2397-8364-8399-b7c1606a49a7/logos/secondary_logo_on_secondary_color.png"", ""https://a.espncdn.com/guid/378600ea-2397-8364-8399-b7c1606a49a7/logos/secondary_logo_black.png"", ""https://a.espncdn.com/guid/378600ea-2397-8364-8399-b7c1606a49a7/logos/secondary_logo_white.png""]","[[""full"", ""default""], [""full"", ""dark""], [""full"", ""scoreboard""], [""full"", ""scoreboard"", ""dark""], [""full"", ""grayscale""], [""full"", ""primary_logo_on_white_color""], [""full"", ""primary_logo_on_black_color""], [""full"", ""primary_logo_on_primary_color""], [""full"", ""primary_logo_on_secondary_color""], [""full"", ""primary_logo_black""], [""full"", ""primary_logo_white""], [""full"", ""secondary_logo_on_white_color""], [""full"", ""secondary_logo_on_black_color""], [""full"", ""secondary_logo_on_primary_color""], [""full"", ""secondary_logo_on_secondary_color""], [""full"", ""secondary_logo_black""], [""full"", ""secondary_logo_white""]]","[500, 500, 500, 500, 500, 4096, 4096, 4096, 4096, 4096, 4096, 4096, 4096, 4096, 4096, 4096, 4096]",732d3caf-b350-1e34-48c6-b7cebb4a0d88,8821,Jets,Jets
football,nfl,20,New York Jets,NYJ,new-york-jets,ffffff,115740,New York,Jets,new-york-jets,s:20~l:28~t:20,"[500, 500, 500, 500, 500, 4096, 4096, 4096, 4096, 4096, 4096, 4096, 4096, 4096, 4096, 4096, 4096]","[""https://a.espncdn.com/i/teamlogos/nfl/500/nyj.png"", ""https://a.espncdn.com/i/teamlogos/nfl/500-dark/nyj.png"", ""https://a.espncdn.com/i/teamlogos/nfl/500/scoreboard/nyj.png"", ""https://a.espncdn.com/i/teamlogos/nfl/500-dark/scoreboard/nyj.png"", ""https://a.espncdn.com/guid/378600ea-2397-8364-8399-b7c1606a49a7/logos/grayscale.png"", ""https://a.espncdn.com/guid/378600ea-2397-8364-8399-b7c1606a49a7/logos/primary_logo_on_white_color.png"", ""https://a.espncdn.com/guid/378600ea-2397-8364-8399-b7c1606a49a7/logos/primary_logo_on_black_color.png"", ""https://a.espncdn.com/guid/378600ea-2397-8364-8399-b7c1606a49a7/logos/primary_logo_on_primary_color.png"", ""https://a.espncdn.com/guid/378600ea-2397-8364-8399-b7c1606a49a7/logos/primary_logo_on_secondary_color.png"", ""https://a.espncdn.com/guid/378600ea-2397-8364-8399-b7c1606a49a7/logos/primary_logo_black.png"", ""https://a.espncdn.com/guid/378600ea-2397-8364-8399-b7c1606a49a7/logos/primary_logo_white.png"", ""https://a.espncdn.com/guid/378600ea-2397-8364-8399-b7c1606a49a7/logos/secondary_logo_on_white_color.png"", ""https://a.espncdn.com/guid/378600ea-2397-8364-8399-b7c1606a49a7/logos/secondary_logo_on_black_color.png"", ""https://a.espncdn.com/guid/378600ea-2397-8364-8399-b7c1606a49a7/logos/secondary_logo_on_primary_color.png"", ""https://a.espncdn.com/guid/378600ea-2397-8364-8399-b7c1606a49a7/logos/secondary_logo_on_secondary_color.png"", ""https://a.espncdn.com/guid/378600ea-2397-8364-8399-b7c1606a49a7/logos/secondary_logo_black.png"", ""https://a.espncdn.com/guid/378600ea-2397-8364-8399-b7c1606a49a7/logos/secondary_logo_white.png""]","[[""full"", ""default""], [""full"", ""dark""], [""full"", ""scoreboard""], [""full"", ""scoreboard"", ""dark""], [""full"", ""grayscale""], [""full"", ""primary_logo_on_white_color""], [""full"", ""primary_logo_on_black_color""], [""full"", ""primary_logo_on_primary_color""], [""full"", ""primary_logo_on_secondary_color""], [""full"", ""primary_logo_black""], [""full"", ""primary_logo_white""], [""full"", ""secondary_logo_on_white_color""], [""full"", ""secondary_logo_on_black_color""], [""full"", ""secondary_logo_on_primary_color""], [""full"", ""secondary_logo_on_secondary_color""], [""full"", ""secondary_logo_black""], [""full"", ""secondary_logo_white""]]","[500, 500, 500, 500, 500, 4096, 4096, 4096, 4096, 4096, 4096, 4096, 4096, 4096, 4096, 4096, 4096]",732d3caf-b350-1e34-48c6-b7cebb4a0d88,8821,Jets,Jets
football,nfl,21,Philadelphia Eagles,PHI,21,000000,06424d,Philadelphia,Eagles,philadelphia-eagles,s:20~l:28~t:21,"[500, 500, 500, 500, 500, 4096, 4096, 4096, 4096, 4096, 4096, 4096, 4096, 4096, 4096, 4096, 4096]","[""https://a.espncdn.com/i/teamlogos/nfl/500/phi.png"", ""https://a.espncdn.com/i/teamlogos/nfl/500-dark/phi.png"", ""https://a.espncdn.com/i/teamlogos/nfl/500/scoreboard/phi.png"", ""https://a.espncdn.com/i/teamlogos/nfl/500-dark/scoreboard/phi.png"", ""https://a.espncdn.com/guid/732d3caf-b350-1e34-48c6-b7cebb4a0d88/logos/grayscale.png"", ""https://a.espncdn.com/guid/732d3caf-b350-1e34-48c6-b7cebb4a0d88/logos/primary_logo_on_white_color.png"", ""https://a.espncdn.com/guid/732d3caf-b350-1e34-48c6-b7cebb4a0d88/logos/primary_logo_on_black_color.png"", ""https://a.espncdn.com/guid/732d3caf-b350-1e34-48c6-b7cebb4a0d88/logos/primary_logo_on_primary_color.png"", ""https://a.espncdn.com/guid/732d3caf-b350-1e34-48c6-b7cebb4a0d88/logos/primary_logo_on_secondary_color.png"", ""https://a.espncdn.com/guid/732d3caf-b350-1e34-48c6-b7cebb4a0d88/logos/primary_logo_black.png"", ""https://a.espncdn.com/guid/732d3caf-b350-1e34-48c6-b7cebb4a0d88/logos/primary_logo_white.png"", ""https://a.espncdn.com/guid/732d3caf-b350-1e34-48c6-b7cebb4a0d88/logos/secondary_logo_on_white_color.png"", ""https://a.espncdn.com/guid/732d3caf-b350-1e34-48c6-b7cebb4a0d88/logos/secondary_logo_on_black_color.png"", ""https://a.espncdn.com/guid/732d3caf-b350-1e34-48c6-b7cebb4a0d88/logos/secondary_logo_on_primary_color.png"", ""https://a.espncdn.com/guid/732d3caf-b350-1e34-48c6-b7cebb4a0d88/logos/secondary_logo_on_secondary_color.png"", ""https://a.espncdn.com/guid/732d3caf-b350-1e34-48c6-b7cebb4a0d88/logos/secondary_logo_black.png"", ""https://a.espncdn.com/guid/732d3caf-b350-1e34-48c6-b7cebb4a0d88/logos/secondary_logo_white.png""]","[[""full"", ""default""], [""full"", ""dark""], [""full"", ""scoreboard""], [""full"", ""scoreboard"", ""dark""], [""full"", ""grayscale""], [""full"", ""primary_logo_on_white_color""], [""full"", ""primary_logo_on_black_color""], [""full"", ""primary_logo_on_primary_color""], [""full"", ""primary_logo_on_secondary_color""], [""full"", ""primary_logo_black""], [""full"", ""primary_logo_white""], [""full"", ""secondary_logo_on_white_color""], [""full"", ""secondary_logo_on_black_color""], [""full"", ""secondary_logo_on_primary_color""], [""full"", ""secondary_logo_on_secondary_color""], [""full"", ""secondary_logo_black""], [""full"", ""secondary_logo_white""]]","[500, 500, 500, 500, 500, 4096, 4096, 4096, 4096, 4096, 4096, 4096, 4096, 4096, 4096, 4096, 4096]",d1a9b001-1df7-fbd7-ae4c-6ca7065286ec,8823,Eagles,Eagles
football,nfl,21,Philadelphia Eagles,PHI,PHI,000000,06424d,Philadelphia,Eagles,philadelphia-eagles,s:20~l:28~t:21,"[500, 500, 500, 500, 500, 4096, 4096, 4096, 4096, 4096, 4096, 4096, 4096, 4096, 4096, 4096, 4096]","[""https://a.espncdn.com/i/teamlogos/nfl/500/phi.png"", ""https://a.espncdn.com/i/teamlogos/nfl/500-dark/phi.png"", ""https://a.espncdn.com/i/teamlogos/nfl/500/scoreboard/phi.png"", ""https://a.espncdn.com/i/teamlogos/nfl/500-dark/scoreboard/phi.png"", ""https://a.espncdn.com/guid/732d3caf-b350-1e34-48c6-b7cebb4a0d88/logos/grayscale.png"", ""https://a.espncdn.com/guid/732d3caf-b350-1e34-48c6-b7cebb4a0d88/logos/primary_logo_on_white_color.png"", ""https://a.espncdn.com/guid/732d3caf-b350-1e34-48c6-b7cebb4a0d88/logos/primary_logo_on_black_color.png"", ""https://a.espncdn.com/guid/732d3caf-b350-1e34-48c6-b7cebb4a0d88/logos/primary_logo_on_primary_color.png"", ""https://a.espncdn.com/guid/732d3caf-b350-1e34-48c6-b7cebb4a0d88/logos/primary_logo_on_secondary_color.png"", ""https://a.espncdn.com/guid/732d3caf-b350-1e34-48c6-b7cebb4a0d88/logos/primary_logo_black.png"", ""https://a.espncdn.com/guid/732d3caf-b350-1e34-48c6-b7cebb4a0d88/logos/primary_logo_white.png"", ""https://a.espncdn.com/guid/732d3caf-b350-1e34-48c6-b7cebb4a0d88/logos/secondary_logo_on_white_color.png"", ""https://a.espncdn.com/guid/732d3caf-b350-1e34-48c6-b7cebb4a0d88/logos/secondary_logo_on_black_color.png"", ""https://a.espncdn.com/guid/732d3caf-b350-1e34-48c6-b7cebb4a0d88/logos/secondary_logo_on_primary_color.png"", ""https://a.espncdn.com/guid/732d3caf-b350-1e34-48c6-b7cebb4a0d88/logos/secondary_logo_on_secondary_color.png"", ""https://a.espncdn.com/guid/732d3caf-b350-1e34-48c6-b7cebb4a0d88/logos/secondary_logo_black.png"", ""https://a.espncdn.com/guid/732d3caf-b350-1e34-48c6-b7cebb4a0d88/logos/secondary_logo_white.png""]","[[""full"", ""default""], [""full"", ""dark""], [""full"", ""scoreboard""], [""full"", ""scoreboard"", ""dark""], [""full"", ""grayscale""], [""full"", ""primary_logo_on_white_color""], [""full"", ""primary_logo_on_black_color""], [""full"", ""primary_logo_on_primary_color""], [""full"", ""primary_logo_on_secondary_color""], [""full"", ""primary_logo_black""], [""full"", ""primary_logo_white""], [""full"", ""secondary_logo_on_white_color""], [""full"", ""secondary_logo_on_black_color""], [""full"", ""secondary_logo_on_primary_color""], [""full"", ""secondary_logo_on_secondary_color""], [""full"", ""secondary_logo_black""], [""full"", ""secondary_logo_white""]]","[500, 500, 500, 500, 500, 4096, 4096, 4096, 4096, 4096, 4096, 4096, 4096, 4096, 4096, 4096, 4096]",d1a9b001-1df7-fbd7-ae4c-6ca7065286ec,8823,Eagles,Eagles
football,nfl,21,Philadelphia Eagles,PHI,Philadelphia Eagles,000000,06424d,Philadelphia,Eagles,philadelphia-eagles,s:20~l:28~t:21,"[500, 500, 500, 500, 500, 4096, 4096, 4096, 4096, 4096, 4096, 4096, 4096, 4096, 4096, 4096, 4096]","[""https://a.espncdn.com/i/teamlogos/nfl/500/phi.png"", ""https://a.espncdn.com/i/teamlogos/nfl/500-dark/phi.png"", ""https://a.espncdn.com/i/teamlogos/nfl/500/scoreboard/phi.png"", ""https://a.espncdn.com/i/teamlogos/nfl/500-dark/scoreboard/phi.png"", ""https://a.espncdn.com/guid/732d3caf-b350-1e34-48c6-b7cebb4a0d88/logos/grayscale.png"", ""https://a.espncdn.com/guid/732d3caf-b350-1e34-48c6-b7cebb4a0d88/logos/primary_logo_on_white_color.png"", ""https://a.espncdn.com/guid/732d3caf-b350-1e34-48c6-b7cebb4a0d88/logos/primary_logo_on_black_color.png"", ""https://a.espncdn.com/guid/732d3caf-b350-1e34-48c6-b7cebb4a0d88/logos/primary_logo_on_primary_color.png"", ""https://a.espncdn.com/guid/732d3caf-b350-1e34-48c6-b7cebb4a0d88/logos/primary_logo_on_secondary_color.png"", ""https://a.espncdn.com/guid/732d3caf-b350-1e34-48c6-b7cebb4a0d88/logos/primary_logo_black.png"", ""https://a.espncdn.com/guid/732d3caf-b350-1e34-48c6-b7cebb4a0d88/logos/primary_logo_white.png"", ""https://a.espncdn.com/guid/732d3caf-b350-1e34-48c6-b7cebb4a0d88/logos/secondary_logo_on_white_color.png"", ""https://a.espncdn.com/guid/732d3caf-b350-1e34-48c6-b7cebb4a0d88/logos/secondary_logo_on_black_color.png"", ""https://a.espncdn.com/guid/732d3caf-b350-1e34-48c6-b7cebb4a0d88/logos/secondary_logo_on_primary_color.png"", ""https://a.espncdn.com/guid/732d3caf-b350-1e34-48c6-b7cebb4a0d88/logos/secondary_logo_on_secondary_color.png"", ""https://a.espncdn.com/guid/732d3caf-b350-1e34-48c6-b7cebb4a0d88/logos/secondary_logo_black.png"", ""https://a.espncdn.com/guid/732d3caf-b350-1e34-48c6-b7cebb4a0d88/logos/secondary_logo_white.png""]","[[""full"", ""default""], [""full"", ""dark""], [""full"", ""scoreboard""], [""full"", ""scoreboard"", ""dark""], [""full"", ""grayscale""], [""full"", ""primary_logo_on_white_color""], [""full"", ""primary_logo_on_black_color""], [""full"", ""primary_logo_on_primary_color""], [""full"", ""primary_logo_on_secondary_color""], [""full"", ""primary_logo_black""], [""full"", ""primary_logo_white""], [""full"", ""secondary_logo_on_white_color""], [""full"", ""secondary_logo_on_black_color""], [""full"", ""secondary_logo_on_primary_color""], [""full"", ""secondary_logo_on_secondary_color""], [""full"", ""secondary_logo_black""], [""full"", ""secondary_logo_white""]]","[500, 500, 500, 500, 500, 4096, 4096, 4096, 4096, 4096, 4096, 4096, 4096, 4096, 4096, 4096, 4096]",d1a9b001-1df7-fbd7-ae4c-6ca7065286ec,8823,Eagles,Eagles
football,nfl,21,Philadelphia Eagles,PHI,Eagles,000000,06424d,Philadelphia,Eagles,philadelphia-eagles,s:20~l:28~t:21,"[500, 500, 500, 500, 500, 4096, 4096, 4096, 4096, 4096, 4096, 4096, 4096, 4096, 4096, 4096, 4096]","[""https://a.espncdn.com/i/teamlogos/nfl/500/phi.png"", ""https://a.espncdn.com/i/teamlogos/nfl/500-dark/phi.png"", ""https://a.espncdn.com/i/teamlogos/nfl/500/scoreboard/phi.png"", ""https://a.espncdn.com/i/teamlogos/nfl/500-dark/scoreboard/phi.png"", ""https://a.espncdn.com/guid/732d3caf-b350-1e34-48c6-b7cebb4a0d88/logos/grayscale.png"", ""https://a.espncdn.com/guid/732d3caf-b350-1e34-48c6-b7cebb4a0d88/logos/primary_logo_on_white_color.png"", ""https://a.espncdn.com/guid/732d3caf-b350-1e34-48c6-b7cebb4a0d88/logos/primary_logo_on_black_color.png"", ""https://a.espncdn.com/guid/732d3caf-b350-1e34-48c6-b7cebb4a0d88/logos/primary_logo_on_primary_color.png"", ""https://a.espncdn.com/guid/732d3caf-b350-1e34-48c6-b7cebb4a0d88/logos/primary_logo_on_secondary_color.png"", ""https://a.espncdn.com/guid/732d3caf-b350-1e34-48c6-b7cebb4a0d88/logos/primary_logo_black.png"", ""https://a.espncdn.com/guid/732d3caf-b350-1e34-48c6-b7cebb4a0d88/logos/primary_logo_white.png"", ""https://a.espncdn.com/guid/732d3caf-b350-1e34-48c6-b7cebb4a0d88/logos/secondary_logo_on_white_color.png"", ""https://a.espncdn.com/guid/732d3caf-b350-1e34-48c6-b7cebb4a0d88/logos/secondary_logo_on_black_color.png"", ""https://a.espncdn.com/guid/732d3caf-b350-1e34-48c6-b7cebb4a0d88/logos/secondary_logo_on_primary_color.png"", ""https://a.espncdn.com/guid/732d3caf-b350-1e34-48c6-b7cebb4a0d88/logos/secondary_logo_on_secondary_color.png"", ""https://a.espncdn.com/guid/732d3caf-b350-1e34-48c6-b7cebb4a0d88/logos/secondary_logo_black.png"", ""https://a.espncdn.com/guid/732d3caf-b350-1e34-48c6-b7cebb4a0d88/logos/secondary_logo_white.png""]","[[""full"", ""default""], [""full"", ""dark""], [""full"", ""scoreboard""], [""full"", ""scoreboard"", ""dark""], [""full"", ""grayscale""], [""full"", ""primary_logo_on_white_color""], [""full"", ""primary_logo_on_black_color""], [""full"", ""primary_logo_on_primary_color""], [""full"", ""primary_logo_on_secondary_color""], [""full"", ""primary_logo_black""], [""full"", ""primary_logo_white""], [""full"", ""secondary_logo_on_white_color""], [""full"", ""secondary_logo_on_black_color""], [""full"", ""secondary_logo_on_primary_color""], [""full"", ""secondary_logo_on_secondary_color""], [""full"", ""secondary_logo_black""], [""full"", ""secondary_logo_white""]]","[500, 500, 500, 500, 500, 4096, 4096, 4096, 4096, 4096, 4096, 4096, 4096, 4096, 4096, 4096, 4096]",d1a9b001-1df7-fbd7-ae4c-6ca7065286ec,8823,Eagles,Eagles
football,nfl,21,Philadelphia Eagles,PHI,philadelphia-eagles,000000,06424d,Philadelphia,Eagles,philadelphia-eagles,s:20~l:28~t:21,"[500, 500, 500, 500, 500, 4096, 4096, 4096, 4096, 4096, 4096, 4096, 4096, 4096, 4096, 4096, 4096]","[""https://a.espncdn.com/i/teamlogos/nfl/500/phi.png"", ""https://a.espncdn.com/i/teamlogos/nfl/500-dark/phi.png"", ""https://a.espncdn.com/i/teamlogos/nfl/500/scoreboard/phi.png"", ""https://a.espncdn.com/i/teamlogos/nfl/500-dark/scoreboard/phi.png"", ""https://a.espncdn.com/guid/732d3caf-b350-1e34-48c6-b7cebb4a0d88/logos/grayscale.png"", ""https://a.espncdn.com/guid/732d3caf-b350-1e34-48c6-b7cebb4a0d88/logos/primary_logo_on_white_color.png"", ""https://a.espncdn.com/guid/732d3caf-b350-1e34-48c6-b7cebb4a0d88/logos/primary_logo_on_black_color.png"", ""https://a.espncdn.com/guid/732d3caf-b350-1e34-48c6-b7cebb4a0d88/logos/primary_logo_on_primary_color.png"", ""https://a.espncdn.com/guid/732d3caf-b350-1e34-48c6-b7cebb4a0d88/logos/primary_logo_on_secondary_color.png"", ""https://a.espncdn.com/guid/732d3caf-b350-1e34-48c6-b7cebb4a0d88/logos/primary_logo_black.png"", ""https://a.espncdn.com/guid/732d3caf-b350-1e34-48c6-b7cebb4a0d88/logos/primary_logo_white.png"", ""https://a.espncdn.com/guid/732d3caf-b350-1e34-48c6-b7cebb4a0d88/logos/secondary_logo_on_white_color.png"", ""https://a.espncdn.com/guid/732d3caf-b350-1e34-48c6-b7cebb4a0d88/logos/secondary_logo_on_black_color.png"", ""https://a.espncdn.com/guid/732d3caf-b350-1e34-48c6-b7cebb4a0d88/logos/secondary_logo_on_primary_color.png"", ""https://a.espncdn.com/guid/732d3caf-b350-1e34-48c6-b7cebb4a0d88/logos/secondary_logo_on_secondary_color.png"", ""https://a.espncdn.com/guid/732d3caf-b350-1e34-48c6-b7cebb4a0d88/logos/secondary_logo_black.png"", ""https://a.espncdn.com/guid/732d3caf-b350-1e34-48c6-b7cebb4a0d88/logos/secondary_logo_white.png""]","[[""full"", ""default""], [""full"", ""dark""], [""full"", ""scoreboard""], [""full"", ""scoreboard"", ""dark""], [""full"", ""grayscale""], [""full"", ""primary_logo_on_white_color""], [""full"", ""primary_logo_on_black_color""], [""full"", ""primary_logo_on_primary_color""], [""full"", ""primary_logo_on_secondary_color""], [""full"", ""primary_logo_black""], [""full"", ""primary_logo_white""], [""full"", ""secondary_logo_on_white_color""], [""full"", ""secondary_logo_on_black_color""], [""full"", ""secondary_logo_on_primary_color""], [""full"", ""secondary_logo_on_secondary_color""], [""full"", ""secondary_logo_black""], [""full"", ""secondary_logo_white""]]","[500, 500, 500, 500, 500, 4096, 4096, 4096, 4096, 4096, 4096, 4096, 4096, 4096, 4096, 4096, 4096]",d1a9b001-1df7-fbd7-ae4c-6ca7065286ec,8823,Eagles,Eagles
football,nfl,23,Pittsburgh Steelers,PIT,23,ffb612,000000,Pittsburgh,Steelers,pittsburgh-steelers,s:20~l:28~t:23,"[500, 500, 500, 500, 500, 4096, 4096, 4096, 4096, 4096, 4096, 4096, 4096, 4096, 4096, 4096, 4096]","[""https://a.espncdn.com/i/teamlogos/nfl/500/pit.png"", ""https://a.espncdn.com/i/teamlogos/nfl/500-dark/pit.png"", ""https://a.espncdn.com/i/teamlogos/nfl/500/scoreboard/pit.png"", ""https://a.espncdn.com/i/teamlogos/nfl/500-dark/scoreboard/pit.png"", ""https://a.espncdn.com/guid/8fc7b962-95e1-3cb8-6a7d-b499de9ad546/logos/grayscale.png"", ""https://a.espncdn.com/guid/8fc7b962-95e1-3cb8-6a7d-b499de9ad546/logos/primary_logo_on_white_color.png"", ""https://a.espncdn.com/guid/8fc7b962-95e1-3cb8-6a7d-b499de9ad546/logos/primary_logo_on_black_color.png"", ""https://a.espncdn.com/guid/8fc7b962-95e1-3cb8-6a7d-b499de9ad546/logos/primary_logo_on_primary_color.png"", ""https://a.espncdn.com/guid/8fc7b962-95e1-3cb8-6a7d-b499de9ad546/logos/primary_logo_on_secondary_color.png"", ""https://a.espncdn.com/guid/8fc7b962-95e1-3cb8-6a7d-b499de9ad546/logos/primary_logo_black.png"", ""https://a.espncdn.com/guid/8fc7b962-95e1-3cb8-6a7d-b499de9ad546/logos/primary_logo_white.png"", ""https://a.espncdn.com/guid/8fc7b962-95e1-3cb8-6a7d-b499de9ad546/logos/secondary_logo_on_white_color.png"", ""https://a.espncdn.com/guid/8fc7b962-95e1-3cb8-6a7d-b499de9ad546/logos/secondary_logo_on_black_color.png"", ""https://a.espncdn.com/guid/8fc7b962-95e1-3cb8-6a7d-b499de9ad546/logos/secondary_logo_on_primary_color.png"", ""https://a.espncdn.com/guid/8fc7b962-95e1-3cb8-6a7d-b499de9ad546/logos/secondary_logo_on_secondary_color.png"", ""https://a.espncdn.com/guid/8fc7b962-95e1-3cb8-6a7d-b499de9ad546/logos/secondary_logo_black.png"", ""https://a.espncdn.com/guid/8fc7b962-95e1-3cb8-6a7d-b499de9ad546/logos/secondary_logo_white.png""]","[[""full"", ""default""], [""full"", ""dark""], [""full"", ""scoreboard""], [""full"", ""scoreboard"", ""dark""], [""full"", ""grayscale""], [""full"", ""primary_logo_on_white_color""], [""full"", ""primary_logo_on_black_color""], [""full"", ""primary_logo_on_primary_color""], [""full"", ""primary_logo_on_secondary_color""], [""full"", ""primary_logo_black""], [""full"", ""primary_logo_white""], [""full"", ""secondary_logo_on_white_color""], [""full"", ""secondary_logo_on_black_color""], [""full"", ""secondary_logo_on_primary_color""], [""full"", ""secondary_logo_on_secondary_color""], [""full"", ""secondary_logo_black""], [""full"", ""secondary_logo_white""]]","[500, 500, 500, 500, 500, 4096, 4096, 4096, 4096, 4096, 4096, 4096, 4096, 4096, 4096, 4096, 4096]",debcd592-8d53-71f1-fc15-5c8b8ef9df6e,8824,Steelers,Steelers
football,nfl,23,Pittsburgh Steelers,PIT,PIT,ffb612,000000,Pittsburgh,Steelers,pittsburgh-steelers,s:20~l:28~t:23,"[500, 500, 500, 500, 500, 4096, 4096, 4096, 4096, 4096, 4096, 4096, 4096, 4096, 4096, 4096, 4096]","[""https://a.espncdn.com/i/teamlogos/nfl/500/pit.png"", ""https://a.espncdn.com/i/teamlogos/nfl/500-dark/pit.png"", ""https://a.espncdn.com/i/teamlogos/nfl/500/scoreboard/pit.png"", ""https://a.espncdn.com/i/teamlogos/nfl/500-dark/scoreboard/pit.png"", ""https://a.espncdn.com/guid/8fc7b962-95e1-3cb8-6a7d-b499de9ad546/logos/grayscale.png"", ""https://a.espncdn.com/guid/8fc7b962-95e1-3cb8-6a7d-b499de9ad546/logos/primary_logo_on_white_color.png"", ""https://a.espncdn.com/guid/8fc7b962-95e1-3cb8-6a7d-b499de9ad546/logos/primary_logo_on_black_color.png"", ""https://a.espncdn.com/guid/8fc7b962-95e1-3cb8-6a7d-b499de9ad546/logos/primary_logo_on_primary_color.png"", ""https://a.espncdn.com/guid/8fc7b962-95e1-3cb8-6a7d-b499de9ad546/logos/primary_logo_on_secondary_color.png"", ""https://a.espncdn.com/guid/8fc7b962-95e1-3cb8-6a7d-b499de9ad546/logos/primary_logo_black.png"", ""https://a.espncdn.com/guid/8fc7b962-95e1-3cb8-6a7d-b499de9ad546/logos/primary_logo_white.png"", ""https://a.espncdn.com/guid/8fc7b962-95e1-3cb8-6a7d-b499de9ad546/logos/secondary_logo_on_white_color.png"", ""https://a.espncdn.com/guid/8fc7b962-95e1-3cb8-6a7d-b499de9ad546/logos/secondary_logo_on_black_color.png"", ""https://a.espncdn.com/guid/8fc7b962-95e1-3cb8-6a7d-b499de9ad546/logos/secondary_logo_on_primary_color.png"", ""https://a.espncdn.com/guid/8fc7b962-95e1-3cb8-6a7d-b499de9ad546/logos/secondary_logo_on_secondary_color.png"", ""https://a.espncdn.com/guid/8fc7b962-95e1-3cb8-6a7d-b499de9ad546/logos/secondary_logo_black.png"", ""https://a.espncdn.com/guid/8fc7b962-95e1-3cb8-6a7d-b499de9ad546/logos/secondary_logo_white.png""]","[[""full"", ""default""], [""full"", ""dark""], [""full"", ""scoreboard""], [""full"", ""scoreboard"", ""dark""], [""full"", ""grayscale""], [""full"", ""primary_logo_on_white_color""], [""full"", ""primary_logo_on_black_color""], [""full"", ""primary_logo_on_primary_color""], [""full"", ""primary_logo_on_secondary_color""], [""full"", ""primary_logo_black""], [""full"", ""primary_logo_white""], [""full"", ""secondary_logo_on_white_color""], [""full"", ""secondary_logo_on_black_color""], [""full"", ""secondary_logo_on_primary_color""], [""full"", ""secondary_logo_on_secondary_color""], [""full"", ""secondary_logo_black""], [""full"", ""secondary_logo_white""]]","[500, 500, 500, 500, 500, 4096, 4096, 4096, 4096, 4096, 4096, 4096, 4096, 4096, 4096, 4096, 4096]",debcd592-8d53-71f1-fc15-5c8b8ef9df6e,8824,Steelers,Steelers
football,nfl,23,Pittsburgh Steelers,PIT,Pittsburgh Steelers,ffb612,000000,Pittsburgh,Steelers,pittsburgh-steelers,s:20~l:28~t:23,"[500, 500, 500, 500, 500, 4096, 4096, 4096, 4096, 4096, 4096, 4096, 4096, 4096, 4096, 4096, 4096]","[""https://a.espncdn.com/i/teamlogos/nfl/500/pit.png"", ""https://a.espncdn.com/i/teamlogos/nfl/500-dark/pit.png"", ""https://a.espncdn.com/i/teamlogos/nfl/500/scoreboard/pit.png"", ""https://a.espncdn.com/i/teamlogos/nfl/500-dark/scoreboard/pit.png"", ""https://a.espncdn.com/guid/8fc7b962-95e1-3cb8-6a7d-b499de9ad546/logos/grayscale.png"", ""https://a.espncdn.com/guid/8fc7b962-95e1-3cb8-6a7d-b499de9ad546/logos/primary_logo_on_white_color.png"", ""https://a.espncdn.com/guid/8fc7b962-95e1-3cb8-6a7d-b499de9ad546/logos/primary_logo_on_black_color.png"", ""https://a.espncdn.com/guid/8fc7b962-95e1-3cb8-6a7d-b499de9ad546/logos/primary_logo_on_primary_color.png"", ""https://a.espncdn.com/guid/8fc7b962-95e1-3cb8-6a7d-b499de9ad546/logos/primary_logo_on_secondary_color.png"", ""https://a.espncdn.com/guid/8fc7b962-95e1-3cb8-6a7d-b499de9ad546/logos/primary_logo_black.png"", ""https://a.espncdn.com/guid/8fc7b962-95e1-3cb8-6a7d-b499de9ad546/logos/primary_logo_white.png"", ""https://a.espncdn.com/guid/8fc7b962-95e1-3cb8-6a7d-b499de9ad546/logos/secondary_logo_on_white_color.png"", ""https://a.espncdn.com/guid/8fc7b962-95e1-3cb8-6a7d-b499de9ad546/logos/secondary_logo_on_black_color.png"", ""https://a.espncdn.com/guid/8fc7b962-95e1-3cb8-6a7d-b499de9ad546/logos/secondary_logo_on_primary_color.png"", ""https://a.espncdn.com/guid/8fc7b962-95e1-3cb8-6a7d-b499de9ad546/logos/secondary_logo_on_secondary_color.png"", ""https://a.espncdn.com/guid/8fc7b962-95e1-3cb8-6a7d-b499de9ad546/logos/secondary_logo_black.png"", ""https://a.espncdn.com/guid/8fc7b962-95e1-3cb8-6a7d-b499de9ad546/logos/secondary_logo_white.png""]","[[""full"", ""default""], [""full"", ""dark""], [""full"", ""scoreboard""], [""full"", ""scoreboard"", ""dark""], [""full"", ""grayscale""], [""full"", ""primary_logo_on_white_color""], [""full"", ""primary_logo_on_black_color""], [""full"", ""primary_logo_on_primary_color""], [""full"", ""primary_logo_on_secondary_color""], [""full"", ""primary_logo_black""], [""full"", ""primary_logo_white""], [""full"", ""secondary_logo_on_white_color""], [""full"", ""secondary_logo_on_black_color""], [""full"", ""secondary_logo_on_primary_color""], [""full"", ""secondary_logo_on_secondary_color""], [""full"", ""secondary_logo_black""], [""full"", ""secondary_logo_white""]]","[500, 500, 500, 500, 500, 4096, 4096, 4096, 4096, 4096, 4096, 4096, 4096, 4096, 4096, 4096, 4096]",debcd592-8d53-71f1-fc15-5c8b8ef9df6e,8824,Steelers,Steelers
football,nfl,23,Pittsburgh Steelers,PIT,Steelers,ffb612,000000,Pittsburgh,Steelers,pittsburgh-steelers,s:20~l:28~t:23,"[500, 500, 500, 500, 500, 4096, 4096, 4096, 4096, 4096, 4096, 4096, 4096, 4096, 4096, 4096, 4096]","[""https://a.espncdn.com/i/teamlogos/nfl/500/pit.png"", ""https://a.espncdn.com/i/teamlogos/nfl/500-dark/pit.png"", ""https://a.espncdn.com/i/teamlogos/nfl/500/scoreboard/pit.png"", ""https://a.espncdn.com/i/teamlogos/nfl/500-dark/scoreboard/pit.png"", ""https://a.espncdn.com/guid/8fc7b962-95e1-3cb8-6a7d-b499de9ad546/logos/grayscale.png"", ""https://a.espncdn.com/guid/8fc7b962-95e1-3cb8-6a7d-b499de9ad546/logos/primary_logo_on_white_color.png"", ""https://a.espncdn.com/guid/8fc7b962-95e1-3cb8-6a7d-b499de9ad546/logos/primary_logo_on_black_color.png"", ""https://a.espncdn.com/guid/8fc7b962-95e1-3cb8-6a7d-b499de9ad546/logos/primary_logo_on_primary_color.png"", ""https://a.espncdn.com/guid/8fc7b962-95e1-3cb8-6a7d-b499de9ad546/logos/primary_logo_on_secondary_color.png"", ""https://a.espncdn.com/guid/8fc7b962-95e1-3cb8-6a7d-b499de9ad546/logos/primary_logo_black.png"", ""https://a.espncdn.com/guid/8fc7b962-95e1-3cb8-6a7d-b499de9ad546/logos/primary_logo_white.png"", ""https://a.espncdn.com/guid/8fc7b962-95e1-3cb8-6a7d-b499de9ad546/logos/secondary_logo_on_white_color.png"", ""https://a.espncdn.com/guid/8fc7b962-95e1-3cb8-6a7d-b499de9ad546/logos/secondary_logo_on_black_color.png"", ""https://a.espncdn.com/guid/8fc7b962-95e1-3cb8-6a7d-b499de9ad546/logos/secondary_logo_on_primary_color.png"", ""https://a.espncdn.com/guid/8fc7b962-95e1-3cb8-6a7d-b499de9ad546/logos/secondary_logo_on_secondary_color.png"", ""https://a.espncdn.com/guid/8fc7b962-95e1-3cb8-6a7d-b499de9ad546/logos/secondary_logo_black.png"", ""https://a.espncdn.com/guid/8fc7b962-95e1-3cb8-6a7d-b499de9ad546/logos/secondary_logo_white.png""]","[[""full"", ""default""], [""full"", ""dark""], [""full"", ""scoreboard""], [""full"", ""scoreboard"", ""dark""], [""full"", ""grayscale""], [""full"", ""primary_logo_on_white_color""], [""full"", ""primary_logo_on_black_color""], [""full"", ""primary_logo_on_primary_color""], [""full"", ""primary_logo_on_secondary_color""], [""full"", ""primary_logo_black""], [""full"", ""primary_logo_white""], [""full"", ""secondary_logo_on_white_color""], [""full"", ""secondary_logo_on_black_color""], [""full"", ""secondary_logo_on_primary_color""], [""full"", ""secondary_logo_on_secondary_color""], [""full"", ""secondary_logo_black""], [""full"", ""secondary_logo_white""]]","[500, 500, 500, 500, 500, 4096, 4096, 4096, 4096, 4096, 4096, 4096, 4096, 4096, 4096, 4096, 4096]",debcd592-8d53-71f1-fc15-5c8b8ef9df6e,8824,Steelers,Steelers
football,nfl,23,Pittsburgh Steelers,PIT,pittsburgh-steelers,ffb612,000000,Pittsburgh,Steelers,pittsburgh-steelers,s:20~l:28~t:23,"[500, 500, 500, 500, 500, 4096, 4096, 4096, 4096, 4096, 4096, 4096, 4096, 4096, 4096, 4096, 4096]","[""https://a.espncdn.com/i/teamlogos/nfl/500/pit.png"", ""https://a.espncdn.com/i/teamlogos/nfl/500-dark/pit.png"", ""https://a.espncdn.com/i/teamlogos/nfl/500/scoreboard/pit.png"", ""https://a.espncdn.com/i/teamlogos/nfl/500-dark/scoreboard/pit.png"", ""https://a.espncdn.com/guid/8fc7b962-95e1-3cb8-6a7d-b499de9ad546/logos/grayscale.png"", ""https://a.espncdn.com/guid/8fc7b962-95e1-3cb8-6a7d-b499de9ad546/logos/primary_logo_on_white_color.png"", ""https://a.espncdn.com/guid/8fc7b962-95e1-3cb8-6a7d-b499de9ad546/logos/primary_logo_on_black_color.png"", ""https://a.espncdn.com/guid/8fc7b962-95e1-3cb8-6a7d-b499de9ad546/logos/primary_logo_on_primary_color.png"", ""https://a.espncdn.com/guid/8fc7b962-95e1-3cb8-6a7d-b499de9ad546/logos/primary_logo_on_secondary_color.png"", ""https://a.espncdn.com/guid/8fc7b962-95e1-3cb8-6a7d-b499de9ad546/logos/primary_logo_black.png"", ""https://a.espncdn.com/guid/8fc7b962-95e1-3cb8-6a7d-b499de9ad546/logos/primary_logo_white.png"", ""https://a.espncdn.com/guid/8fc7b962-95e1-3cb8-6a7d-b499de9ad546/logos/secondary_logo_on_white_color.png"", ""https://a.espncdn.com/guid/8fc7b962-95e1-3cb8-6a7d-b499de9ad546/logos/secondary_logo_on_black_color.png"", ""https://a.espncdn.com/guid/8fc7b962-95e1-3cb8-6a7d-b499de9ad546/logos/secondary_logo_on_primary_color.png"", ""https://a.espncdn.com/guid/8fc7b962-95e1-3cb8-6a7d-b499de9ad546/logos/secondary_logo_on_secondary_color.png"", ""https://a.espncdn.com/guid/8fc7b962-95e1-3cb8-6a7d-b499de9ad546/logos/secondary_logo_black.png"", ""https://a.espncdn.com/guid/8fc7b962-95e1-3cb8-6a7d-b499de9ad546/logos/secondary_logo_white.png""]","[[""full"", ""default""], [""full"", ""dark""], [""full"", ""scoreboard""], [""full"", ""scoreboard"", ""dark""], [""full"", ""grayscale""], [""full"", ""primary_logo_on_white_color""], [""full"", ""primary_logo_on_black_color""], [""full"", ""primary_logo_on_primary_color""], [""full"", ""primary_logo_on_secondary_color""], [""full"", ""primary_logo_black""], [""full"", ""primary_logo_white""], [""full"", ""secondary_logo_on_white_color""], [""full"", ""secondary_logo_on_black_color""], [""full"", ""secondary_logo_on_primary_color""], [""full"", ""secondary_logo_on_secondary_color""], [""full"", ""secondary_logo_black""], [""full"", ""secondary_logo_white""]]","[500, 500, 500, 500, 500, 4096, 4096, 4096, 4096, 4096, 4096, 4096, 4096, 4096, 4096, 4096, 4096]",debcd592-8d53-71f1-fc15-5c8b8ef9df6e,8824,Steelers,Steelers
football,nfl,25,San Francisco 49ers,SF,25,b3995d,aa0000,San Francisco,49ers,san-francisco-49ers,s:20~l:28~t:25,"[500, 500, 500, 500, 500, 4096, 4096, 4096, 4096, 4096, 4096, 4096, 4096, 4096, 4096, 4096, 4096]","[""https://a.espncdn.com/i/teamlogos/nfl/500/sf.png"", ""https://a.espncdn.com/i/teamlogos/nfl/500-dark/sf.png"", ""https://a.espncdn.com/i/teamlogos/nfl/500/scoreboard/sf.png"", ""https://a.espncdn.com/i/teamlogos/nfl/500-dark/scoreboard/sf.png"", ""https://a.espncdn.com/guid/84caf62b-c753-71ea-a787-44fd224a4294/logos/grayscale.png"", ""https://a.espncdn.com/guid/84caf62b-c753-71ea-a787-44fd224a4294/logos/primary_logo_on_white_color.png"", ""https://a.espncdn.com/guid/84caf62b-c753-71ea-a787-44fd224a4294/logos/primary_logo_on_black_color.png"", ""https://a.espncdn.com/guid/84caf62b-c753-71ea-a787-44fd224a4294/logos/primary_logo_on_primary_color.png"", ""https://a.espncdn.com/guid/84caf62b-c753-71ea-a787-44fd224a4294/logos/primary_logo_on_secondary_color.png"", ""https://a.espncdn.com/guid/84caf62b-c753-71ea-a787-44fd224a4294/logos/primary_logo_black.png"", ""https://a.espncdn.com/guid/84caf62b-c753-71ea-a787-44fd224a4294/logos/primary_logo_white.png"", ""https://a.espncdn.com/guid/84caf62b-c753-71ea-a787-44fd224a4294/logos/secondary_logo_on_white_color.png"", ""https://a.espncdn.com/guid/84caf62b-c753-71ea-a787-44fd224a4294/logos/secondary_logo_on_black_color.png"", ""https://a.espncdn.com/guid/84caf62b-c753-71ea-a787-44fd224a4294/logos/secondary_logo_on_primary_color.png"", ""https://a.espncdn.com/guid/84caf62b-c753-71ea-a787-44fd224a4294/logos/secondary_logo_on_secondary_color.png"", ""https://a.espncdn.com/guid/84caf62b-c753-71ea-a787-44fd224a4294/logos/secondary_logo_black.png"", ""https://a.espncdn.com/guid/84caf62b-c753-71ea-a787-44fd224a4294/logos/secondary_logo_white.png""]","[[""full"", ""default""], [""full"", ""dark""], [""full"", ""scoreboard""], [""full"", ""scoreboard"", ""dark""], [""full"", ""grayscale""], [""full"", ""primary_logo_on_white_color""], [""full"", ""primary_logo_on_black_color""], [""full"", ""primary_logo_on_primary_color""], [""full"", ""primary_logo_on_secondary_color""], [""full"", ""primary_logo_black""], [""full"", ""primary_logo_white""], [""full"", ""secondary_logo_on_white_color""], [""full"", ""secondary_logo_on_black_color""], [""full"", ""secondary_logo_on_primary_color""], [""full"", ""secondary_logo_on_secondary_color""], [""full"", ""secondary_logo_black""], [""full"", ""secondary_logo_white""]]","[500, 500, 500, 500, 500, 4096, 4096, 4096, 4096, 4096, 4096, 4096, 4096, 4096, 4096, 4096, 4096]",985a261f-296c-c95c-32a5-addc4df75001,8826,49ers,49ers
football,nfl,25,San Francisco 49ers,SF,SF,b3995d,aa0000,San Francisco,49ers,san-francisco-49ers,s:20~l:28~t:25,"[500, 500, 500, 500, 500, 4096, 4096, 4096, 4096, 4096, 4096, 4096, 4096, 4096, 4096, 4096, 4096]","[""https://a.espncdn.com/i/teamlogos/nfl/500/sf.png"", ""https://a.espncdn.com/i/teamlogos/nfl/500-dark/sf.png"", ""https://a.espncdn.com/i/teamlogos/nfl/500/scoreboard/sf.png"", ""https://a.espncdn.com/i/teamlogos/nfl/500-dark/scoreboard/sf.png"", ""https://a.espncdn.com/guid/84caf62b-c753-71ea-a787-44fd224a4294/logos/grayscale.png"", ""https://a.espncdn.com/guid/84caf62b-c753-71ea-a787-44fd224a4294/logos/primary_logo_on_white_color.png"", ""https://a.espncdn.com/guid/84caf62b-c753-71ea-a787-44fd224a4294/logos/primary_logo_on_black_color.png"", ""https://a.espncdn.com/guid/84caf62b-c753-71ea-a787-44fd224a4294/logos/primary_logo_on_primary_color.png"", ""https://a.espncdn.com/guid/84caf62b-c753-71ea-a787-44fd224a4294/logos/primary_logo_on_secondary_color.png"", ""https://a.espncdn.com/guid/84caf62b-c753-71ea-a787-44fd224a4294/logos/primary_logo_black.png"", ""https://a.espncdn.com/guid/84caf62b-c753-71ea-a787-44fd224a4294/logos/primary_logo_white.png"", ""https://a.espncdn.com/guid/84caf62b-c753-71ea-a787-44fd224a4294/logos/secondary_logo_on_white_color.png"", ""https://a.espncdn.com/guid/84caf62b-c753-71ea-a787-44fd224a4294/logos/secondary_logo_on_black_color.png"", ""https://a.espncdn.com/guid/84caf62b-c753-71ea-a787-44fd224a4294/logos/secondary_logo_on_primary_color.png"", ""https://a.espncdn.com/guid/84caf62b-c753-71ea-a787-44fd224a4294/logos/secondary_logo_on_secondary_color.png"", ""https://a.espncdn.com/guid/84caf62b-c753-71ea-a787-44fd224a4294/logos/secondary_logo_black.png"", ""https://a.espncdn.com/guid/84caf62b-c753-71ea-a787-44fd224a4294/logos/secondary_logo_white.png""]","[[""full"", ""default""], [""full"", ""dark""], [""full"", ""scoreboard""], [""full"", ""scoreboard"", ""dark""], [""full"", ""grayscale""], [""full"", ""primary_logo_on_white_color""], [""full"", ""primary_logo_on_black_color""], [""full"", ""primary_logo_on_primary_color""], [""full"", ""primary_logo_on_secondary_color""], [""full"", ""primary_logo_black""], [""full"", ""primary_logo_white""], [""full"", ""secondary_logo_on_white_color""], [""full"", ""secondary_logo_on_black_color""], [""full"", ""secondary_logo_on_primary_color""], [""full"", ""secondary_logo_on_secondary_color""], [""full"", ""secondary_logo_black""], [""full"", ""secondary_logo_white""]]","[500, 500, 500, 500, 500, 4096, 4096, 4096, 4096, 4096, 4096, 4096, 4096, 4096, 4096, 4096, 4096]",985a261f-296c-c95c-32a5-addc4df75001,8826,49ers,49ers
football,nfl,25,San Francisco 49ers,SF,San Francisco 49ers,b3995d,aa0000,San Francisco,49ers,san-francisco-49ers,s:20~l:28~t:25,"[500, 500, 500, 500, 500, 4096, 4096, 4096, 4096, 4096, 4096, 4096, 4096, 4096, 4096, 4096, 4096]","[""https://a.espncdn.com/i/teamlogos/nfl/500/sf.png"", ""https://a.espncdn.com/i/teamlogos/nfl/500-dark/sf.png"", ""https://a.espncdn.com/i/teamlogos/nfl/500/scoreboard/sf.png"", ""https://a.espncdn.com/i/teamlogos/nfl/500-dark/scoreboard/sf.png"", ""https://a.espncdn.com/guid/84caf62b-c753-71ea-a787-44fd224a4294/logos/grayscale.png"", ""https://a.espncdn.com/guid/84caf62b-c753-71ea-a787-44fd224a4294/logos/primary_logo_on_white_color.png"", ""https://a.espncdn.com/guid/84caf62b-c753-71ea-a787-44fd224a4294/logos/primary_logo_on_black_color.png"", ""https://a.espncdn.com/guid/84caf62b-c753-71ea-a787-44fd224a4294/logos/primary_logo_on_primary_color.png"", ""https://a.espncdn.com/guid/84caf62b-c753-71ea-a787-44fd224a4294/logos/primary_logo_on_secondary_color.png"", ""https://a.espncdn.com/guid/84caf62b-c753-71ea-a787-44fd224a4294/logos/primary_logo_black.png"", ""https://a.espncdn.com/guid/84caf62b-c753-71ea-a787-44fd224a4294/logos/primary_logo_white.png"", ""https://a.espncdn.com/guid/84caf62b-c753-71ea-a787-44fd224a4294/logos/secondary_logo_on_white_color.png"", ""https://a.espncdn.com/guid/84caf62b-c753-71ea-a787-44fd224a4294/logos/secondary_logo_on_black_color.png"", ""https://a.espncdn.com/guid/84caf62b-c753-71ea-a787-44fd224a4294/logos/secondary_logo_on_primary_color.png"", ""https://a.espncdn.com/guid/84caf62b-c753-71ea-a787-44fd224a4294/logos/secondary_logo_on_secondary_color.png"", ""https://a.espncdn.com/guid/84caf62b-c753-71ea-a787-44fd224a4294/logos/secondary_logo_black.png"", ""https://a.espncdn.com/guid/84caf62b-c753-71ea-a787-44fd224a4294/logos/secondary_logo_white.png""]","[[""full"", ""default""], [""full"", ""dark""], [""full"", ""scoreboard""], [""full"", ""scoreboard"", ""dark""], [""full"", ""grayscale""], [""full"", ""primary_logo_on_white_color""], [""full"", ""primary_logo_on_black_color""], [""full"", ""primary_logo_on_primary_color""], [""full"", ""primary_logo_on_secondary_color""], [""full"", ""primary_logo_black""], [""full"", ""primary_logo_white""], [""full"", ""secondary_logo_on_white_color""], [""full"", ""secondary_logo_on_black_color""], [""full"", ""secondary_logo_on_primary_color""], [""full"", ""secondary_logo_on_secondary_color""], [""full"", ""secondary_logo_black""], [""full"", ""secondary_logo_white""]]","[500, 500, 500, 500, 500, 4096, 4096, 4096, 4096, 4096, 4096, 4096, 4096, 4096, 4096, 4096, 4096]",985a261f-296c-c95c-32a5-addc4df75001,8826,49ers,49ers
football,nfl,25,San Francisco 49ers,SF,49ers,b3995d,aa0000,San Francisco,49ers,san-francisco-49ers,s:20~l:28~t:25,"[500, 500, 500, 500, 500, 4096, 4096, 4096, 4096, 4096, 4096, 4096, 4096, 4096, 4096, 4096, 4096]","[""https://a.espncdn.com/i/teamlogos/nfl/500/sf.png"", ""https://a.espncdn.com/i/teamlogos/nfl/500-dark/sf.png"", ""https://a.espncdn.com/i/teamlogos/nfl/500/scoreboard/sf.png"", ""https://a.espncdn.com/i/teamlogos/nfl/500-dark/scoreboard/sf.png"", ""https://a.espncdn.com/guid/84caf62b-c753-71ea-a787-44fd224a4294/logos/grayscale.png"", ""https://a.espncdn.com/guid/84caf62b-c753-71ea-a787-44fd224a4294/logos/primary_logo_on_white_color.png"", ""https://a.espncdn.com/guid/84caf62b-c753-71ea-a787-44fd224a4294/logos/primary_logo_on_black_color.png"", ""https://a.espncdn.com/guid/84caf62b-c753-71ea-a787-44fd224a4294/logos/primary_logo_on_primary_color.png"", ""https://a.espncdn.com/guid/84caf62b-c753-71ea-a787-44fd224a4294/logos/primary_logo_on_secondary_color.png"", ""https://a.espncdn.com/guid/84caf62b-c753-71ea-a787-44fd224a4294/logos/primary_logo_black.png"", ""https://a.espncdn.com/guid/84caf62b-c753-71ea-a787-44fd224a4294/logos/primary_logo_white.png"", ""https://a.espncdn.com/guid/84caf62b-c753-71ea-a787-44fd224a4294/logos/secondary_logo_on_white_color.png"", ""https://a.espncdn.com/guid/84caf62b-c753-71ea-a787-44fd224a4294/logos/secondary_logo_on_black_color.png"", ""https://a.espncdn.com/guid/84caf62b-c753-71ea-a787-44fd224a4294/logos/secondary_logo_on_primary_color.png"", ""https://a.espncdn.com/guid/84caf62b-c753-71ea-a787-44fd224a4294/logos/secondary_logo_on_secondary_color.png"", ""https://a.espncdn.com/guid/84caf62b-c753-71ea-a787-44fd224a4294/logos/secondary_logo_black.png"", ""https://a.espncdn.com/guid/84caf62b-c753-71ea-a787-44fd224a4294/logos/secondary_logo_white.png""]","[[""full"", ""default""], [""full"", ""dark""], [""full"", ""scoreboard""], [""full"", ""scoreboard"", ""dark""], [""full"", ""grayscale""], [""full"", ""primary_logo_on_white_color""], [""full"", ""primary_logo_on_black_color""], [""full"", ""primary_logo_on_primary_color""], [""full"", ""primary_logo_on_secondary_color""], [""full"", ""primary_logo_black""], [""full"", ""primary_logo_white""], [""full"", ""secondary_logo_on_white_color""], [""full"", ""secondary_logo_on_black_color""], [""full"", ""secondary_logo_on_primary_color""], [""full"", ""secondary_logo_on_secondary_color""], [""full"", ""secondary_logo_black""], [""full"", ""secondary_logo_white""]]","[500, 500, 500, 500, 500, 4096, 4096, 4096, 4096, 4096, 4096, 4096, 4096, 4096, 4096, 4096, 4096]",985a261f-296c-c95c-32a5-addc4df75001,8826,49ers,49ers
football,nfl,25,San Francisco 49ers,SF,san-francisco-49ers,b3995d,aa0000,San Francisco,49ers,san-francisco-49ers,s:20~l:28~t:25,"[500, 500, 500, 500, 500, 4096, 4096, 4096, 4096, 4096, 4096, 4096, 4096, 4096, 4096, 4096, 4096]","[""https://a.espncdn.com/i/teamlogos/nfl/500/sf.png"", ""https://a.espncdn.com/i/teamlogos/nfl/500-dark/sf.png"", ""https://a.espncdn.com/i/teamlogos/nfl/500/scoreboard/sf.png"", ""https://a.espncdn.com/i/teamlogos/nfl/500-dark/scoreboard/sf.png"", ""https://a.espncdn.com/guid/84caf62b-c753-71ea-a787-44fd224a4294/logos/grayscale.png"", ""https://a.espncdn.com/guid/84caf62b-c753-71ea-a787-44fd224a4294/logos/primary_logo_on_white_color.png"", ""https://a.espncdn.com/guid/84caf62b-c753-71ea-a787-44fd224a4294/logos/primary_logo_on_black_color.png"", ""https://a.espncdn.com/guid/84caf62b-c753-71ea-a787-44fd224a4294/logos/primary_logo_on_primary_color.png"", ""https://a.espncdn.com/guid/84caf62b-c753-71ea-a787-44fd224a4294/logos/primary_logo_on_secondary_color.png"", ""https://a.espncdn.com/guid/84caf62b-c753-71ea-a787-44fd224a4294/logos/primary_logo_black.png"", ""https://a.espncdn.com/guid/84caf62b-c753-71ea-a787-44fd224a4294/logos/primary_logo_white.png"", ""https://a.espncdn.com/guid/84caf62b-c753-71ea-a787-44fd224a4294/logos/secondary_logo_on_white_color.png"", ""https://a.espncdn.com/guid/84caf62b-c753-71ea-a787-44fd224a4294/logos/secondary_logo_on_black_color.png"", ""https://a.espncdn.com/guid/84caf62b-c753-71ea-a787-44fd224a4294/logos/secondary_logo_on_primary_color.png"", ""https://a.espncdn.com/guid/84caf62b-c753-71ea-a787-44fd224a4294/logos/secondary_logo_on_secondary_color.png"", ""https://a.espncdn.com/guid/84caf62b-c753-71ea-a787-44fd224a4294/logos/secondary_logo_black.png"", ""https://a.espncdn.com/guid/84caf62b-c753-71ea-a787-44fd224a4294/logos/secondary_logo_white.png""]","[[""full"", ""default""], [""full"", ""dark""], [""full"", ""scoreboard""], [""full"", ""scoreboard"", ""dark""], [""full"", ""grayscale""], [""full"", ""primary_logo_on_white_color""], [""full"", ""primary_logo_on_black_color""], [""full"", ""primary_logo_on_primary_color""], [""full"", ""primary_logo_on_secondary_color""], [""full"", ""primary_logo_black""], [""full"", ""primary_logo_white""], [""full"", ""secondary_logo_on_white_color""], [""full"", ""secondary_logo_on_black_color""], [""full"", ""secondary_logo_on_primary_color""], [""full"", ""secondary_logo_on_secondary_color""], [""full"", ""secondary_logo_black""], [""full"", ""secondary_logo_white""]]","[500, 500, 500, 500, 500, 4096, 4096, 4096, 4096, 4096, 4096, 4096, 4096, 4096, 4096, 4096, 4096]",985a261f-296c-c95c-32a5-addc4df75001,8826,49ers,49ers
football,nfl,26,Seattle Seahawks,SEA,26,69be28,002a5c,Seattle,Seahawks,seattle-seahawks,s:20~l:28~t:26,"[500, 500, 500, 500, 500, 4096, 4096, 4096, 4096, 4096, 4096, 4096, 4096, 4096, 4096, 4096, 4096]","[""https://a.espncdn.com/i/teamlogos/nfl/500/sea.png"", ""https://a.espncdn.com/i/teamlogos/nfl/500-dark/sea.png"", ""https://a.espncdn.com/i/teamlogos/nfl/500/scoreboard/sea.png"", ""https://a.espncdn.com/i/teamlogos/nfl/500-dark/scoreboard/sea.png"", ""https://a.espncdn.com/guid/985a261f-296c-c95c-32a5-addc4df75001/logos/grayscale.png"", ""https://a.espncdn.com/guid/985a261f-296c-c95c-32a5-addc4df75001/logos/primary_logo_on_white_color.png"", ""https://a.espncdn.com/guid/985a261f-296c-c95c-32a5-addc4df75001/logos/primary_logo_on_black_color.png"", ""https://a.espncdn.com/guid/985a261f-296c-c95c-32a5-addc4df75001/logos/primary_logo_on_primary_color.png"", ""https://a.espncdn.com/guid/985a261f-296c-c95c-32a5-addc4df75001/logos/primary_logo_on_secondary_color.png"", ""https://a.espncdn.com/guid/985a261f-296c-c95c-32a5-addc4df75001/logos/primary_logo_black.png"", ""https://a.espncdn.com/guid/985a261f-296c-c95c-32a5-addc4df75001/logos/primary_logo_white.png"", ""https://a.espncdn.com/guid/985a261f-296c-c95c-32a5-addc4df75001/logos/secondary_logo_on_white_color.png"", ""https://a.espncdn.com/guid/985a261f-296c-c95c-32a5-addc4df75001/logos/secondary_logo_on_black_color.png"", ""https://a.espncdn.com/guid/985a261f-296c-c95c-32a5-addc4df75001/logos/secondary_logo_on_primary_color.png"", ""https://a.espncdn.com/guid/985a261f-296c-c95c-32a5-addc4df75001/logos/secondary_logo_on_secondary_color.png"", ""https://a.espncdn.com/guid/985a261f-296c-c95c-32a5-addc4df75001/logos/secondary_logo_black.png"", ""https://a.espncdn.com/guid/985a261f-296c-c95c-32a5-addc4df75001/logos/secondary_logo_white.png""]","[[""full"", ""default""], [""full"", ""dark""], [""full"", ""scoreboard""], [""full"", ""scoreboard"", ""dark""], [""full"", ""grayscale""], [""full"", ""primary_logo_on_white_color""], [""full"", ""primary_logo_on_black_color""], [""full"", ""primary_logo_on_primary_color""], [""full"", ""primary_logo_on_secondary_color""], [""full"", ""primary_logo_black""], [""full"", ""primary_logo_white""], [""full"", ""secondary_logo_on_white_color""], [""full"", ""secondary_logo_on_black_color""], [""full"", ""secondary_logo_on_primary_color""], [""full"", ""secondary_logo_on_secondary_color""], [""full"", ""secondary_logo_black""], [""full"", ""secondary_logo_white""]]","[500, 500, 500, 500, 500, 4096, 4096, 4096, 4096, 4096, 4096, 4096, 4096, 4096, 4096, 4096, 4096]",3767a23c-a17d-294f-288a-9086ad1f0680,8827,Seahawks,Seahawks
football,nfl,26,Seattle Seahawks,SEA,SEA,69be28,002a5c,Seattle,Seahawks,seattle-seahawks,s:20~l:28~t:26,"[500, 500, 500, 500, 500, 4096, 4096, 4096, 4096, 4096, 4096, 4096, 4096, 4096, 4096, 4096, 4096]","[""https://a.espncdn.com/i/teamlogos/nfl/500/sea.png"", ""https://a.espncdn.com/i/teamlogos/nfl/500-dark/sea.png"", ""https://a.espncdn.com/i/teamlogos/nfl/500/scoreboard/sea.png"", ""https://a.espncdn.com/i/teamlogos/nfl/500-dark/scoreboard/sea.png"", ""https://a.espncdn.com/guid/985a261f-296c-c95c-32a5-addc4df75001/logos/grayscale.png"", ""https://a.espncdn.com/guid/985a261f-296c-c95c-32a5-addc4df75001/logos/primary_logo_on_white_color.png"", ""https://a.espncdn.com/guid/985a261f-296c-c95c-32a5-addc4df75001/logos/primary_logo_on_black_color.png"", ""https://a.espncdn.com/guid/985a261f-296c-c95c-32a5-addc4df75001/logos/primary_logo_on_primary_color.png"", ""https://a.espncdn.com/guid/985a261f-296c-c95c-32a5-addc4df75001/logos/primary_logo_on_secondary_color.png"", ""https://a.espncdn.com/guid/985a261f-296c-c95c-32a5-addc4df75001/logos/primary_logo_black.png"", ""https://a.espncdn.com/guid/985a261f-296c-c95c-32a5-addc4df75001/logos/primary_logo_white.png"", ""https://a.espncdn.com/guid/985a261f-296c-c95c-32a5-addc4df75001/logos/secondary_logo_on_white_color.png"", ""https://a.espncdn.com/guid/985a261f-296c-c95c-32a5-addc4df75001/logos/secondary_logo_on_black_color.png"", ""https://a.espncdn.com/guid/985a261f-296c-c95c-32a5-addc4df75001/logos/secondary_logo_on_primary_color.png"", ""https://a.espncdn.com/guid/985a261f-296c-c95c-32a5-addc4df75001/logos/secondary_logo_on_secondary_color.png"", ""https://a.espncdn.com/guid/985a261f-296c-c95c-32a5-addc4df75001/logos/secondary_logo_black.png"", ""https://a.espncdn.com/guid/985a261f-296c-c95c-32a5-addc4df75001/logos/secondary_logo_white.png""]","[[""full"", ""default""], [""full"", ""dark""], [""full"", ""scoreboard""], [""full"", ""scoreboard"", ""dark""], [""full"", ""grayscale""], [""full"", ""primary_logo_on_white_color""], [""full"", ""primary_logo_on_black_color""], [""full"", ""primary_logo_on_primary_color""], [""full"", ""primary_logo_on_secondary_color""], [""full"", ""primary_logo_black""], [""full"", ""primary_logo_white""], [""full"", ""secondary_logo_on_white_color""], [""full"", ""secondary_logo_on_black_color""], [""full"", ""secondary_logo_on_primary_color""], [""full"", ""secondary_logo_on_secondary_color""], [""full"", ""secondary_logo_black""], [""full"", ""secondary_logo_white""]]","[500, 500, 500, 500, 500, 4096, 4096, 4096, 4096, 4096, 4096, 4096, 4096, 4096, 4096, 4096, 4096]",3767a23c-a17d-294f-288a-9086ad1f0680,8827,Seahawks,Seahawks
football,nfl,26,Seattle Seahawks,SEA,Seattle Seahawks,69be28,002a5c,Seattle,Seahawks,seattle-seahawks,s:20~l:28~t:26,"[500, 500, 500, 500, 500, 4096, 4096, 4096, 4096, 4096, 4096, 4096, 4096, 4096, 4096, 4096, 4096]","[""https://a.espncdn.com/i/teamlogos/nfl/500/sea.png"", ""https://a.espncdn.com/i/teamlogos/nfl/500-dark/sea.png"", ""https://a.espncdn.com/i/teamlogos/nfl/500/scoreboard/sea.png"", ""https://a.espncdn.com/i/teamlogos/nfl/500-dark/scoreboard/sea.png"", ""https://a.espncdn.com/guid/985a261f-296c-c95c-32a5-addc4df75001/logos/grayscale.png"", ""https://a.espncdn.com/guid/985a261f-296c-c95c-32a5-addc4df75001/logos/primary_logo_on_white_color.png"", ""https://a.espncdn.com/guid/985a261f-296c-c95c-32a5-addc4df75001/logos/primary_logo_on_black_color.png"", ""https://a.espncdn.com/guid/985a261f-296c-c95c-32a5-addc4df75001/logos/primary_logo_on_primary_color.png"", ""https://a.espncdn.com/guid/985a261f-296c-c95c-32a5-addc4df75001/logos/primary_logo_on_secondary_color.png"", ""https://a.espncdn.com/guid/985a261f-296c-c95c-32a5-addc4df75001/logos/primary_logo_black.png"", ""https://a.espncdn.com/guid/985a261f-296c-c95c-32a5-addc4df75001/logos/primary_logo_white.png"", ""https://a.espncdn.com/guid/985a261f-296c-c95c-32a5-addc4df75001/logos/secondary_logo_on_white_color.png"", ""https://a.espncdn.com/guid/985a261f-296c-c95c-32a5-addc4df75001/logos/secondary_logo_on_black_color.png"", ""https://a.espncdn.com/guid/985a261f-296c-c95c-32a5-addc4df75001/logos/secondary_logo_on_primary_color.png"", ""https://a.espncdn.com/guid/985a261f-296c-c95c-32a5-addc4df75001/logos/secondary_logo_on_secondary_color.png"", ""https://a.espncdn.com/guid/985a261f-296c-c95c-32a5-addc4df75001/logos/secondary_logo_black.png"", ""https://a.espncdn.com/guid/985a261f-296c-c95c-32a5-addc4df75001/logos/secondary_logo_white.png""]","[[""full"", ""default""], [""full"", ""dark""], [""full"", ""scoreboard""], [""full"", ""scoreboard"", ""dark""], [""full"", ""grayscale""], [""full"", ""primary_logo_on_white_color""], [""full"", ""primary_logo_on_black_color""], [""full"", ""primary_logo_on_primary_color""], [""full"", ""primary_logo_on_secondary_color""], [""full"", ""primary_logo_black""], [""full"", ""primary_logo_white""], [""full"", ""secondary_logo_on_white_color""], [""full"", ""secondary_logo_on_black_color""], [""full"", ""secondary_logo_on_primary_color""], [""full"", ""secondary_logo_on_secondary_color""], [""full"", ""secondary_logo_black""], [""full"", ""secondary_logo_white""]]","[500, 500, 500, 500, 500, 4096, 4096, 4096, 4096, 4096, 4096, 4096, 4096, 4096, 4096, 4096, 4096]",3767a23c-a17d-294f-288a-9086ad1f0680,8827,Seahawks,Seahawks
football,nfl,26,Seattle Seahawks,SEA,Seahawks,69be28,002a5c,Seattle,Seahawks,seattle-seahawks,s:20~l:28~t:26,"[500, 500, 500, 500, 500, 4096, 4096, 4096, 4096, 4096, 4096, 4096, 4096, 4096, 4096, 4096, 4096]","[""https://a.espncdn.com/i/teamlogos/nfl/500/sea.png"", ""https://a.espncdn.com/i/teamlogos/nfl/500-dark/sea.png"", ""https://a.espncdn.com/i/teamlogos/nfl/500/scoreboard/sea.png"", ""https://a.espncdn.com/i/teamlogos/nfl/500-dark/scoreboard/sea.png"", ""https://a.espncdn.com/guid/985a261f-296c-c95c-32a5-addc4df75001/logos/grayscale.png"", ""https://a.espncdn.com/guid/985a261f-296c-c95c-32a5-addc4df75001/logos/primary_logo_on_white_color.png"", ""https://a.espncdn.com/guid/985a261f-296c-c95c-32a5-addc4df75001/logos/primary_logo_on_black_color.png"", ""https://a.espncdn.com/guid/985a261f-296c-c95c-32a5-addc4df75001/logos/primary_logo_on_primary_color.png"", ""https://a.espncdn.com/guid/985a261f-296c-c95c-32a5-addc4df75001/logos/primary_logo_on_secondary_color.png"", ""https://a.espncdn.com/guid/985a261f-296c-c95c-32a5-addc4df75001/logos/primary_logo_black.png"", ""https://a.espncdn.com/guid/985a261f-296c-c95c-32a5-addc4df75001/logos/primary_logo_white.png"", ""https://a.espncdn.com/guid/985a261f-296c-c95c-32a5-addc4df75001/logos/secondary_logo_on_white_color.png"", ""https://a.espncdn.com/guid/985a261f-296c-c95c-32a5-addc4df75001/logos/secondary_logo_on_black_color.png"", ""https://a.espncdn.com/guid/985a261f-296c-c95c-32a5-addc4df75001/logos/secondary_logo_on_primary_color.png"", ""https://a.espncdn.com/guid/985a261f-296c-c95c-32a5-addc4df75001/logos/secondary_logo_on_secondary_color.png"", ""https://a.espncdn.com/guid/985a261f-296c-c95c-32a5-addc4df75001/logos/secondary_logo_black.png"", ""https://a.espncdn.com/guid/985a261f-296c-c95c-32a5-addc4df75001/logos/secondary_logo_white.png""]","[[""full"", ""default""], [""full"", ""dark""], [""full"", ""scoreboard""], [""full"", ""scoreboard"", ""dark""], [""full"", ""grayscale""], [""full"", ""primary_logo_on_white_color""], [""full"", ""primary_logo_on_black_color""], [""full"", ""primary_logo_on_primary_color""], [""full"", ""primary_logo_on_secondary_color""], [""full"", ""primary_logo_black""], [""full"", ""primary_logo_white""], [""full"", ""secondary_logo_on_white_color""], [""full"", ""secondary_logo_on_black_color""], [""full"", ""secondary_logo_on_primary_color""], [""full"", ""secondary_logo_on_secondary_color""], [""full"", ""secondary_logo_black""], [""full"", ""secondary_logo_white""]]","[500, 500, 500, 500, 500, 4096, 4096, 4096, 4096, 4096, 4096, 4096, 4096, 4096, 4096, 4096, 4096]",3767a23c-a17d-294f-288a-9086ad1f0680,8827,Seahawks,Seahawks
football,nfl,26,Seattle Seahawks,SEA,seattle-seahawks,69be28,002a5c,Seattle,Seahawks,seattle-seahawks,s:20~l:28~t:26,"[500, 500, 500, 500, 500, 4096, 4096, 4096, 4096, 4096, 4096, 4096, 4096, 4096, 4096, 4096, 4096]","[""https://a.espncdn.com/i/teamlogos/nfl/500/sea.png"", ""https://a.espncdn.com/i/teamlogos/nfl/500-dark/sea.png"", ""https://a.espncdn.com/i/teamlogos/nfl/500/scoreboard/sea.png"", ""https://a.espncdn.com/i/teamlogos/nfl/500-dark/scoreboard/sea.png"", ""https://a.espncdn.com/guid/985a261f-296c-c95c-32a5-addc4df75001/logos/grayscale.png"", ""https://a.espncdn.com/guid/985a261f-296c-c95c-32a5-addc4df75001/logos/primary_logo_on_white_color.png"", ""https://a.espncdn.com/guid/985a261f-296c-c95c-32a5-addc4df75001/logos/primary_logo_on_black_color.png"", ""https://a.espncdn.com/guid/985a261f-296c-c95c-32a5-addc4df75001/logos/primary_logo_on_primary_color.png"", ""https://a.espncdn.com/guid/985a261f-296c-c95c-32a5-addc4df75001/logos/primary_logo_on_secondary_color.png"", ""https://a.espncdn.com/guid/985a261f-296c-c95c-32a5-addc4df75001/logos/primary_logo_black.png"", ""https://a.espncdn.com/guid/985a261f-296c-c95c-32a5-addc4df75001/logos/primary_logo_white.png"", ""https://a.espncdn.com/guid/985a261f-296c-c95c-32a5-addc4df75001/logos/secondary_logo_on_white_color.png"", ""https://a.espncdn.com/guid/985a261f-296c-c95c-32a5-addc4df75001/logos/secondary_logo_on_black_color.png"", ""https://a.espncdn.com/guid/985a261f-296c-c95c-32a5-addc4df75001/logos/secondary_logo_on_primary_color.png"", ""https://a.espncdn.com/guid/985a261f-296c-c95c-32a5-addc4df75001/logos/secondary_logo_on_secondary_color.png"", ""https://a.espncdn.com/guid/985a261f-296c-c95c-32a5-addc4df75001/logos/secondary_logo_black.png"", ""https://a.espncdn.com/guid/985a261f-296c-c95c-32a5-addc4df75001/logos/secondary_logo_white.png""]","[[""full"", ""default""], [""full"", ""dark""], [""full"", ""scoreboard""], [""full"", ""scoreboard"", ""dark""], [""full"", ""grayscale""], [""full"", ""primary_logo_on_white_color""], [""full"", ""primary_logo_on_black_color""], [""full"", ""primary_logo_on_primary_color""], [""full"", ""primary_logo_on_secondary_color""], [""full"", ""primary_logo_black""], [""full"", ""primary_logo_white""], [""full"", ""secondary_logo_on_white_color""], [""full"", ""secondary_logo_on_black_color""], [""full"", ""secondary_logo_on_primary_color""], [""full"", ""secondary_logo_on_secondary_color""], [""full"", ""secondary_logo_black""], [""full"", ""secondary_logo_white""]]","[500, 500, 500, 500, 500, 4096, 4096, 4096, 4096, 4096, 4096, 4096, 4096, 4096, 4096, 4096, 4096]",3767a23c-a17d-294f-288a-9086ad1f0680,8827,Seahawks,Seahawks
football,nfl,27,Tampa Bay Buccaneers,TB,27,3e3a35,bd1c36,Tampa Bay,Buccaneers,tampa-bay-buccaneers,s:20~l:28~t:27,"[500, 500, 500, 500, 500, 4096, 4096, 4096, 4096, 4096, 4096, 4096, 4096, 4096, 4096, 4096, 4096]","[""https://a.espncdn.com/i/teamlogos/nfl/500/tb.png"", ""https://a.espncdn.com/i/teamlogos/nfl/500-dark/tb.png"", ""https://a.espncdn.com/i/teamlogos/nfl/500/scoreboard/tb.png"", ""https://a.espncdn.com/i/teamlogos/nfl/500-dark/scoreboard/tb.png"", ""https://a.espncdn.com/guid/3767a23c-a17d-294f-288a-9086ad1f0680/logos/grayscale.png"", ""https://a.espncdn.com/guid/3767a23c-a17d-294f-288a-9086ad1f0680/logos/primary_logo_on_white_color.png"", ""https://a.espncdn.com/guid/3767a23c-a17d-294f-288a-9086ad1f0680/logos/primary_logo_on_black_color.png"", ""https://a.espncdn.com/guid/3767a23c-a17d-294f-288a-9086ad1f0680/logos/primary_logo_on_primary_color.png"", ""https://a.espncdn.com/guid/3767a23c-a17d-294f-288a-9086ad1f0680/logos/primary_logo_on_secondary_color.png"", ""https://a.espncdn.com/guid/3767a23c-a17d-294f-288a-9086ad1f0680/logos/primary_logo_black.png"", ""https://a.espncdn.com/guid/3767a23c-a17d-294f-288a-9086ad1f0680/logos/primary_logo_white.png"", ""https://a.espncdn.com/guid/3767a23c-a17d-294f-288a-9086ad1f0680/logos/secondary_logo_on_white_color.png"", ""https://a.espncdn.com/guid/3767a23c-a17d-294f-288a-9086ad1f0680/logos/secondary_logo_on_black_color.png"", ""https://a.espncdn.com/guid/3767a23c-a17d-294f-288a-9086ad1f0680/logos/secondary_logo_on_primary_color.png"", ""https://a.espncdn.com/guid/3767a23c-a17d-294f-288a-9086ad1f0680/logos/secondary_logo_on_secondary_color.png"", ""https://a.espncdn.com/guid/3767a23c-a17d-294f-288a-9086ad1f0680/logos/secondary_logo_black.png"", ""https://a.espncdn.com/guid/3767a23c-a17d-294f-288a-9086ad1f0680/logos/secondary_logo_white.png""]","[[""full"", ""default""], [""full"", ""dark""], [""full"", ""scoreboard""], [""full"", ""scoreboard"", ""dark""], [""full"", ""grayscale""], [""full"", ""primary_logo_on_white_color""], [""full"", ""primary_logo_on_black_color""], [""full"", ""primary_logo_on_primary_color""], [""full"", ""primary_logo_on_secondary_color""], [""full"", ""primary_logo_black""], [""full"", ""primary_logo_white""], [""full"", ""secondary_logo_on_white_color""], [""full"", ""secondary_logo_on_black_color""], [""full"", ""secondary_logo_on_primary_color""], [""full"", ""secondary_logo_on_secondary_color""], [""full"", ""secondary_logo_black""], [""full"", ""secondary_logo_white""]]","[500, 500, 500, 500, 500, 4096, 4096, 4096, 4096, 4096, 4096, 4096, 4096, 4096, 4096, 4096, 4096]",13e8b157-a75a-ff24-ae91-fa3d52ddf204,8829,Buccaneers,Buccaneers
football,nfl,27,Tampa Bay Buccaneers,TB,TB,3e3a35,bd1c36,Tampa Bay,Buccaneers,tampa-bay-buccaneers,s:20~l:28~t:27,"[500, 500, 500, 500, 500, 4096, 4096, 4096, 4096, 4096, 4096, 4096, 4096, 4096, 4096, 4096, 4096]","[""https://a.espncdn.com/i/teamlogos/nfl/500/tb.png"", ""https://a.espncdn.com/i/teamlogos/nfl/500-dark/tb.png"", ""https://a.espncdn.com/i/teamlogos/nfl/500/scoreboard/tb.png"", ""https://a.espncdn.com/i/teamlogos/nfl/500-dark/scoreboard/tb.png"", ""https://a.espncdn.com/guid/3767a23c-a17d-294f-288a-9086ad1f0680/logos/grayscale.png"", ""https://a.espncdn.com/guid/3767a23c-a17d-294f-288a-9086ad1f0680/logos/primary_logo_on_white_color.png"", ""https://a.espncdn.com/guid/3767a23c-a17d-294f-288a-9086ad1f0680/logos/primary_logo_on_black_color.png"", ""https://a.espncdn.com/guid/3767a23c-a17d-294f-288a-9086ad1f0680/logos/primary_logo_on_primary_color.png"", ""https://a.espncdn.com/guid/3767a23c-a17d-294f-288a-9086ad1f0680/logos/primary_logo_on_secondary_color.png"", ""https://a.espncdn.com/guid/3767a23c-a17d-294f-288a-9086ad1f0680/logos/primary_logo_black.png"", ""https://a.espncdn.com/guid/3767a23c-a17d-294f-288a-9086ad1f0680/logos/primary_logo_white.png"", ""https://a.espncdn.com/guid/3767a23c-a17d-294f-288a-9086ad1f0680/logos/secondary_logo_on_white_color.png"", ""https://a.espncdn.com/guid/3767a23c-a17d-294f-288a-9086ad1f0680/logos/secondary_logo_on_black_color.png"", ""https://a.espncdn.com/guid/3767a23c-a17d-294f-288a-9086ad1f0680/logos/secondary_logo_on_primary_color.png"", ""https://a.espncdn.com/guid/3767a23c-a17d-294f-288a-9086ad1f0680/logos/secondary_logo_on_secondary_color.png"", ""https://a.espncdn.com/guid/3767a23c-a17d-294f-288a-9086ad1f0680/logos/secondary_logo_black.png"", ""https://a.espncdn.com/guid/3767a23c-a17d-294f-288a-9086ad1f0680/logos/secondary_logo_white.png""]","[[""full"", ""default""], [""full"", ""dark""], [""full"", ""scoreboard""], [""full"", ""scoreboard"", ""dark""], [""full"", ""grayscale""], [""full"", ""primary_logo_on_white_color""], [""full"", ""primary_logo_on_black_color""], [""full"", ""primary_logo_on_primary_color""], [""full"", ""primary_logo_on_secondary_color""], [""full"", ""primary_logo_black""], [""full"", ""primary_logo_white""], [""full"", ""secondary_logo_on_white_color""], [""full"", ""secondary_logo_on_black_color""], [""full"", ""secondary_logo_on_primary_color""], [""full"", ""secondary_logo_on_secondary_color""], [""full"", ""secondary_logo_black""], [""full"", ""secondary_logo_white""]]","[500, 500, 500, 500, 500, 4096, 4096, 4096, 4096, 4096, 4096, 4096, 4096, 4096, 4096, 4096, 4096]",13e8b157-a75a-ff24-ae91-fa3d52ddf204,8829,Buccaneers,Buccaneers
football,nfl,27,Tampa Bay Buccaneers,TB,Tampa Bay Buccaneers,3e3a35,bd1c36,Tampa Bay,Buccaneers,tampa-bay-buccaneers,s:20~l:28~t:27,"[500, 500, 500, 500, 500, 4096, 4096, 4096, 4096, 4096, 4096, 4096, 4096, 4096, 4096, 4096, 4096]","[""https://a.espncdn.com/i/teamlogos/nfl/500/tb.png"", ""https://a.espncdn.com/i/teamlogos/nfl/500-dark/tb.png"", ""https://a.espncdn.com/i/teamlogos/nfl/500/scoreboard/tb.png"", ""https://a.espncdn.com/i/teamlogos/nfl/500-dark/scoreboard/tb.png"", ""https://a.espncdn.com/guid/3767a23c-a17d-294f-288a-9086ad1f0680/logos/grayscale.png"", ""https://a.espncdn.com/guid/3767a23c-a17d-294f-288a-9086ad1f0680/logos/primary_logo_on_white_color.png"", ""https://a.espncdn.com/guid/3767a23c-a17d-294f-288a-9086ad1f0680/logos/primary_logo_on_black_color.png"", ""https://a.espncdn.com/guid/3767a23c-a17d-294f-288a-9086ad1f0680/logos/primary_logo_on_primary_color.png"", ""https://a.espncdn.com/guid/3767a23c-a17d-294f-288a-9086ad1f0680/logos/primary_logo_on_secondary_color.png"", ""https://a.espncdn.com/guid/3767a23c-a17d-294f-288a-9086ad1f0680/logos/primary_logo_black.png"", ""https://a.espncdn.com/guid/3767a23c-a17d-294f-288a-9086ad1f0680/logos/primary_logo_white.png"", ""https://a.espncdn.com/guid/3767a23c-a17d-294f-288a-9086ad1f0680/logos/secondary_logo_on_white_color.png"", ""https://a.espncdn.com/guid/3767a23c-a17d-294f-288a-9086ad1f0680/logos/secondary_logo_on_black_color.png"", ""https://a.espncdn.com/guid/3767a23c-a17d-294f-288a-9086ad1f0680/logos/secondary_logo_on_primary_color.png"", ""https://a.espncdn.com/guid/3767a23c-a17d-294f-288a-9086ad1f0680/logos/secondary_logo_on_secondary_color.png"", ""https://a.espncdn.com/guid/3767a23c-a17d-294f-288a-9086ad1f0680/logos/secondary_logo_black.png"", ""https://a.espncdn.com/guid/3767a23c-a17d-294f-288a-9086ad1f0680/logos/secondary_logo_white.png""]","[[""full"", ""default""], [""full"", ""dark""], [""full"", ""scoreboard""], [""full"", ""scoreboard"", ""dark""], [""full"", ""grayscale""], [""full"", ""primary_logo_on_white_color""], [""full"", ""primary_logo_on_black_color""], [""full"", ""primary_logo_on_primary_color""], [""full"", ""primary_logo_on_secondary_color""], [""full"", ""primary_logo_black""], [""full"", ""primary_logo_white""], [""full"", ""secondary_logo_on_white_color""], [""full"", ""secondary_logo_on_black_color""], [""full"", ""secondary_logo_on_primary_color""], [""full"", ""secondary_logo_on_secondary_color""], [""full"", ""secondary_logo_black""], [""full"", ""secondary_logo_white""]]","[500, 500, 500, 500, 500, 4096, 4096, 4096, 4096, 4096, 4096, 4096, 4096, 4096, 4096, 4096, 4096]",13e8b157-a75a-ff24-ae91-fa3d52ddf204,8829,Buccaneers,Buccaneers
football,nfl,27,Tampa Bay Buccaneers,TB,Buccaneers,3e3a35,bd1c36,Tampa Bay,Buccaneers,tampa-bay-buccaneers,s:20~l:28~t:27,"[500, 500, 500, 500, 500, 4096, 4096, 4096, 4096, 4096, 4096, 4096, 4096, 4096, 4096, 4096, 4096]","[""https://a.espncdn.com/i/teamlogos/nfl/500/tb.png"", ""https://a.espncdn.com/i/teamlogos/nfl/500-dark/tb.png"", ""https://a.espncdn.com/i/teamlogos/nfl/500/scoreboard/tb.png"", ""https://a.espncdn.com/i/teamlogos/nfl/500-dark/scoreboard/tb.png"", ""https://a.espncdn.com/guid/3767a23c-a17d-294f-288a-9086ad1f0680/logos/grayscale.png"", ""https://a.espncdn.com/guid/3767a23c-a17d-294f-288a-9086ad1f0680/logos/primary_logo_on_white_color.png"", ""https://a.espncdn.com/guid/3767a23c-a17d-294f-288a-9086ad1f0680/logos/primary_logo_on_black_color.png"", ""https://a.espncdn.com/guid/3767a23c-a17d-294f-288a-9086ad1f0680/logos/primary_logo_on_primary_color.png"", ""https://a.espncdn.com/guid/3767a23c-a17d-294f-288a-9086ad1f0680/logos/primary_logo_on_secondary_color.png"", ""https://a.espncdn.com/guid/3767a23c-a17d-294f-288a-9086ad1f0680/logos/primary_logo_black.png"", ""https://a.espncdn.com/guid/3767a23c-a17d-294f-288a-9086ad1f0680/logos/primary_logo_white.png"", ""https://a.espncdn.com/guid/3767a23c-a17d-294f-288a-9086ad1f0680/logos/secondary_logo_on_white_color.png"", ""https://a.espncdn.com/guid/3767a23c-a17d-294f-288a-9086ad1f0680/logos/secondary_logo_on_black_color.png"", ""https://a.espncdn.com/guid/3767a23c-a17d-294f-288a-9086ad1f0680/logos/secondary_logo_on_primary_color.png"", ""https://a.espncdn.com/guid/3767a23c-a17d-294f-288a-9086ad1f0680/logos/secondary_logo_on_secondary_color.png"", ""https://a.espncdn.com/guid/3767a23c-a17d-294f-288a-9086ad1f0680/logos/secondary_logo_black.png"", ""https://a.espncdn.com/guid/3767a23c-a17d-294f-288a-9086ad1f0680/logos/secondary_logo_white.png""]","[[""full"", ""default""], [""full"", ""dark""], [""full"", ""scoreboard""], [""full"", ""scoreboard"", ""dark""], [""full"", ""grayscale""], [""full"", ""primary_logo_on_white_color""], [""full"", ""primary_logo_on_black_color""], [""full"", ""primary_logo_on_primary_color""], [""full"", ""primary_logo_on_secondary_color""], [""full"", ""primary_logo_black""], [""full"", ""primary_logo_white""], [""full"", ""secondary_logo_on_white_color""], [""full"", ""secondary_logo_on_black_color""], [""full"", ""secondary_logo_on_primary_color""], [""full"", ""secondary_logo_on_secondary_color""], [""full"", ""secondary_logo_black""], [""full"", ""secondary_logo_white""]]","[500, 500, 500, 500, 500, 4096, 4096, 4096, 4096, 4096, 4096, 4096, 4096, 4096, 4096, 4096, 4096]",13e8b157-a75a-ff24-ae91-fa3d52ddf204,8829,Buccaneers,Buccaneers
football,nfl,27,Tampa Bay Buccaneers,TB,tampa-bay-buccaneers,3e3a35,bd1c36,Tampa Bay,Buccaneers,tampa-bay-buccaneers,s:20~l:28~t:27,"[500, 500, 500, 500, 500, 4096, 4096, 4096, 4096, 4096, 4096, 4096, 4096, 4096, 4096, 4096, 4096]","[""https://a.espncdn.com/i/teamlogos/nfl/500/tb.png"", ""https://a.espncdn.com/i/teamlogos/nfl/500-dark/tb.png"", ""https://a.espncdn.com/i/teamlogos/nfl/500/scoreboard/tb.png"", ""https://a.espncdn.com/i/teamlogos/nfl/500-dark/scoreboard/tb.png"", ""https://a.espncdn.com/guid/3767a23c-a17d-294f-288a-9086ad1f0680/logos/grayscale.png"", ""https://a.espncdn.com/guid/3767a23c-a17d-294f-288a-9086ad1f0680/logos/primary_logo_on_white_color.png"", ""https://a.espncdn.com/guid/3767a23c-a17d-294f-288a-9086ad1f0680/logos/primary_logo_on_black_color.png"", ""https://a.espncdn.com/guid/3767a23c-a17d-294f-288a-9086ad1f0680/logos/primary_logo_on_primary_color.png"", ""https://a.espncdn.com/guid/3767a23c-a17d-294f-288a-9086ad1f0680/logos/primary_logo_on_secondary_color.png"", ""https://a.espncdn.com/guid/3767a23c-a17d-294f-288a-9086ad1f0680/logos/primary_logo_black.png"", ""https://a.espncdn.com/guid/3767a23c-a17d-294f-288a-9086ad1f0680/logos/primary_logo_white.png"", ""https://a.espncdn.com/guid/3767a23c-a17d-294f-288a-9086ad1f0680/logos/secondary_logo_on_white_color.png"", ""https://a.espncdn.com/guid/3767a23c-a17d-294f-288a-9086ad1f0680/logos/secondary_logo_on_black_color.png"", ""https://a.espncdn.com/guid/3767a23c-a17d-294f-288a-9086ad1f0680/logos/secondary_logo_on_primary_color.png"", ""https://a.espncdn.com/guid/3767a23c-a17d-294f-288a-9086ad1f0680/logos/secondary_logo_on_secondary_color.png"", ""https://a.espncdn.com/guid/3767a23c-a17d-294f-288a-9086ad1f0680/logos/secondary_logo_black.png"", ""https://a.espncdn.com/guid/3767a23c-a17d-294f-288a-9086ad1f0680/logos/secondary_logo_white.png""]","[[""full"", ""default""], [""full"", ""dark""], [""full"", ""scoreboard""], [""full"", ""scoreboard"", ""dark""], [""full"", ""grayscale""], [""full"", ""primary_logo_on_white_color""], [""full"", ""primary_logo_on_black_color""], [""full"", ""primary_logo_on_primary_color""], [""full"", ""primary_logo_on_secondary_color""], [""full"", ""primary_logo_black""], [""full"", ""primary_logo_white""], [""full"", ""secondary_logo_on_white_color""], [""full"", ""secondary_logo_on_black_color""], [""full"", ""secondary_logo_on_primary_color""], [""full"", ""secondary_logo_on_secondary_color""], [""full"", ""secondary_logo_black""], [""full"", ""secondary_logo_white""]]","[500, 500, 500, 500, 500, 4096, 4096, 4096, 4096, 4096, 4096, 4096, 4096, 4096, 4096, 4096, 4096]",13e8b157-a75a-ff24-ae91-fa3d52ddf204,8829,Buccaneers,Buccaneers
football,nfl,10,Tennessee Titans,TEN,10,001532,4495d2,Tennessee,Titans,tennessee-titans,s:20~l:28~t:10,"[500, 500, 500, 500, 500, 4096, 4096, 4096, 4096, 4096, 4096, 4096, 4096, 4096, 4096, 4096, 4096]","[""https://a.espncdn.com/i/teamlogos/nfl/500/ten.png"", ""https://a.espncdn.com/i/teamlogos/nfl/500-dark/ten.png"", ""https://a.espncdn.com/i/teamlogos/nfl/500/scoreboard/ten.png"", ""https://a.espncdn.com/i/teamlogos/nfl/500-dark/scoreboard/ten.png"", ""https://a.espncdn.com/guid/06cd3bcf-7a86-53d4-28e7-aa049dd36261/logos/grayscale.png"", ""https://a.espncdn.com/guid/06cd3bcf-7a86-53d4-28e7-aa049dd36261/logos/primary_logo_on_white_color.png"", ""https://a.espncdn.com/guid/06cd3bcf-7a86-53d4-28e7-aa049dd36261/logos/primary_logo_on_black_color.png"", ""https://a.espncdn.com/guid/06cd3bcf-7a86-53d4-28e7-aa049dd36261/logos/primary_logo_on_primary_color.png"", ""https://a.espncdn.com/guid/06cd3bcf-7a86-53d4-28e7-aa049dd36261/logos/primary_logo_on_secondary_color.png"", ""https://a.espncdn.com/guid/06cd3bcf-7a86-53d4-28e7-aa049dd36261/logos/primary_logo_black.png"", ""https://a.espncdn.com/guid/06cd3bcf-7a86-53d4-28e7-aa049dd36261/logos/primary_logo_white.png"", ""https://a.espncdn.com/guid/06cd3bcf-7a86-53d4-28e7-aa049dd36261/logos/secondary_logo_on_white_color.png"", ""https://a.espncdn.com/guid/06cd3bcf-7a86-53d4-28e7-aa049dd36261/logos/secondary_logo_on_black_color.png"", ""https://a.espncdn.com/guid/06cd3bcf-7a86-53d4-28e7-aa049dd36261/logos/secondary_logo_on_primary_color.png"", ""https://a.espncdn.com/guid/06cd3bcf-7a86-53d4-28e7-aa049dd36261/logos/secondary_logo_on_secondary_color.png"", ""https://a.espncdn.com/guid/06cd3bcf-7a86-53d4-28e7-aa049dd36261/logos/secondary_logo_black.png"", ""https://a.espncdn.com/guid/06cd3bcf-7a86-53d4-28e7-aa049dd36261/logos/secondary_logo_white.png""]","[[""full"", ""default""], [""full"", ""dark""], [""full"", ""scoreboard""], [""full"", ""scoreboard"", ""dark""], [""full"", ""grayscale""], [""full"", ""primary_logo_on_white_color""], [""full"", ""primary_logo_on_black_color""], [""full"", ""primary_logo_on_primary_color""], [""full"", ""primary_logo_on_secondary_color""], [""full"", ""primary_logo_black""], [""full"", ""primary_logo_white""], [""full"", ""secondary_logo_on_white_color""], [""full"", ""secondary_logo_on_black_color""], [""full"", ""secondary_logo_on_primary_color""], [""full"", ""secondary_logo_on_secondary_color""], [""full"", ""secondary_logo_black""], [""full"", ""secondary_logo_white""]]","[500, 500, 500, 500, 500, 4096, 4096, 4096, 4096, 4096, 4096, 4096, 4096, 4096, 4096, 4096, 4096]",0a0aea59-9a5e-01b3-57a3-0151cf4bf393,8830,Titans,Titans
football,nfl,10,Tennessee Titans,TEN,TEN,001532,4495d2,Tennessee,Titans,tennessee-titans,s:20~l:28~t:10,"[500, 500, 500, 500, 500, 4096, 4096, 4096, 4096, 4096, 4096, 4096, 4096, 4096, 4096, 4096, 4096]","[""https://a.espncdn.com/i/teamlogos/nfl/500/ten.png"", ""https://a.espncdn.com/i/teamlogos/nfl/500-dark/ten.png"", ""https://a.espncdn.com/i/teamlogos/nfl/500/scoreboard/ten.png"", ""https://a.espncdn.com/i/teamlogos/nfl/500-dark/scoreboard/ten.png"", ""https://a.espncdn.com/guid/06cd3bcf-7a86-53d4-28e7-aa049dd36261/logos/grayscale.png"", ""https://a.espncdn.com/guid/06cd3bcf-7a86-53d4-28e7-aa049dd36261/logos/primary_logo_on_white_color.png"", ""https://a.espncdn.com/guid/06cd3bcf-7a86-53d4-28e7-aa049dd36261/logos/primary_logo_on_black_color.png"", ""https://a.espncdn.com/guid/06cd3bcf-7a86-53d4-28e7-aa049dd36261/logos/primary_logo_on_primary_color.png"", ""https://a.espncdn.com/guid/06cd3bcf-7a86-53d4-28e7-aa049dd36261/logos/primary_logo_on_secondary_color.png"", ""https://a.espncdn.com/guid/06cd3bcf-7a86-53d4-28e7-aa049dd36261/logos/primary_logo_black.png"", ""https://a.espncdn.com/guid/06cd3bcf-7a86-53d4-28e7-aa049dd36261/logos/primary_logo_white.png"", ""https://a.espncdn.com/guid/06cd3bcf-7a86-53d4-28e7-aa049dd36261/logos/secondary_logo_on_white_color.png"", ""https://a.espncdn.com/guid/06cd3bcf-7a86-53d4-28e7-aa049dd36261/logos/secondary_logo_on_black_color.png"", ""https://a.espncdn.com/guid/06cd3bcf-7a86-53d4-28e7-aa049dd36261/logos/secondary_logo_on_primary_color.png"", ""https://a.espncdn.com/guid/06cd3bcf-7a86-53d4-28e7-aa049dd36261/logos/secondary_logo_on_secondary_color.png"", ""https://a.espncdn.com/guid/06cd3bcf-7a86-53d4-28e7-aa049dd36261/logos/secondary_logo_black.png"", ""https://a.espncdn.com/guid/06cd3bcf-7a86-53d4-28e7-aa049dd36261/logos/secondary_logo_white.png""]","[[""full"", ""default""], [""full"", ""dark""], [""full"", ""scoreboard""], [""full"", ""scoreboard"", ""dark""], [""full"", ""grayscale""], [""full"", ""primary_logo_on_white_color""], [""full"", ""primary_logo_on_black_color""], [""full"", ""primary_logo_on_primary_color""], [""full"", ""primary_logo_on_secondary_color""], [""full"", ""primary_logo_black""], [""full"", ""primary_logo_white""], [""full"", ""secondary_logo_on_white_color""], [""full"", ""secondary_logo_on_black_color""], [""full"", ""secondary_logo_on_primary_color""], [""full"", ""secondary_logo_on_secondary_color""], [""full"", ""secondary_logo_black""], [""full"", ""secondary_logo_white""]]","[500, 500, 500, 500, 500, 4096, 4096, 4096, 4096, 4096, 4096, 4096, 4096, 4096, 4096, 4096, 4096]",0a0aea59-9a5e-01b3-57a3-0151cf4bf393,8830,Titans,Titans
football,nfl,10,Tennessee Titans,TEN,Tennessee Titans,001532,4495d2,Tennessee,Titans,tennessee-titans,s:20~l:28~t:10,"[500, 500, 500, 500, 500, 4096, 4096, 4096, 4096, 4096, 4096, 4096, 4096, 4096, 4096, 4096, 4096]","[""https://a.espncdn.com/i/teamlogos/nfl/500/ten.png"", ""https://a.espncdn.com/i/teamlogos/nfl/500-dark/ten.png"", ""https://a.espncdn.com/i/teamlogos/nfl/500/scoreboard/ten.png"", ""https://a.espncdn.com/i/teamlogos/nfl/500-dark/scoreboard/ten.png"", ""https://a.espncdn.com/guid/06cd3bcf-7a86-53d4-28e7-aa049dd36261/logos/grayscale.png"", ""https://a.espncdn.com/guid/06cd3bcf-7a86-53d4-28e7-aa049dd36261/logos/primary_logo_on_white_color.png"", ""https://a.espncdn.com/guid/06cd3bcf-7a86-53d4-28e7-aa049dd36261/logos/primary_logo_on_black_color.png"", ""https://a.espncdn.com/guid/06cd3bcf-7a86-53d4-28e7-aa049dd36261/logos/primary_logo_on_primary_color.png"", ""https://a.espncdn.com/guid/06cd3bcf-7a86-53d4-28e7-aa049dd36261/logos/primary_logo_on_secondary_color.png"", ""https://a.espncdn.com/guid/06cd3bcf-7a86-53d4-28e7-aa049dd36261/logos/primary_logo_black.png"", ""https://a.espncdn.com/guid/06cd3bcf-7a86-53d4-28e7-aa049dd36261/logos/primary_logo_white.png"", ""https://a.espncdn.com/guid/06cd3bcf-7a86-53d4-28e7-aa049dd36261/logos/secondary_logo_on_white_color.png"", ""https://a.espncdn.com/guid/06cd3bcf-7a86-53d4-28e7-aa049dd36261/logos/secondary_logo_on_black_color.png"", ""https://a.espncdn.com/guid/06cd3bcf-7a86-53d4-28e7-aa049dd36261/logos/secondary_logo_on_primary_color.png"", ""https://a.espncdn.com/guid/06cd3bcf-7a86-53d4-28e7-aa049dd36261/logos/secondary_logo_on_secondary_color.png"", ""https://a.espncdn.com/guid/06cd3bcf-7a86-53d4-28e7-aa049dd36261/logos/secondary_logo_black.png"", ""https://a.espncdn.com/guid/06cd3bcf-7a86-53d4-28e7-aa049dd36261/logos/secondary_logo_white.png""]","[[""full"", ""default""], [""full"", ""dark""], [""full"", ""scoreboard""], [""full"", ""scoreboard"", ""dark""], [""full"", ""grayscale""], [""full"", ""primary_logo_on_white_color""], [""full"", ""primary_logo_on_black_color""], [""full"", ""primary_logo_on_primary_color""], [""full"", ""primary_logo_on_secondary_color""], [""full"", ""primary_logo_black""], [""full"", ""primary_logo_white""], [""full"", ""secondary_logo_on_white_color""], [""full"", ""secondary_logo_on_black_color""], [""full"", ""secondary_logo_on_primary_color""], [""full"", ""secondary_logo_on_secondary_color""], [""full"", ""secondary_logo_black""], [""full"", ""secondary_logo_white""]]","[500, 500, 500, 500, 500, 4096, 4096, 4096, 4096, 4096, 4096, 4096, 4096, 4096, 4096, 4096, 4096]",0a0aea59-9a5e-01b3-57a3-0151cf4bf393,8830,Titans,Titans
football,nfl,10,Tennessee Titans,TEN,Titans,001532,4495d2,Tennessee,Titans,tennessee-titans,s:20~l:28~t:10,"[500, 500, 500, 500, 500, 4096, 4096, 4096, 4096, 4096, 4096, 4096, 4096, 4096, 4096, 4096, 4096]","[""https://a.espncdn.com/i/teamlogos/nfl/500/ten.png"", ""https://a.espncdn.com/i/teamlogos/nfl/500-dark/ten.png"", ""https://a.espncdn.com/i/teamlogos/nfl/500/scoreboard/ten.png"", ""https://a.espncdn.com/i/teamlogos/nfl/500-dark/scoreboard/ten.png"", ""https://a.espncdn.com/guid/06cd3bcf-7a86-53d4-28e7-aa049dd36261/logos/grayscale.png"", ""https://a.espncdn.com/guid/06cd3bcf-7a86-53d4-28e7-aa049dd36261/logos/primary_logo_on_white_color.png"", ""https://a.espncdn.com/guid/06cd3bcf-7a86-53d4-28e7-aa049dd36261/logos/primary_logo_on_black_color.png"", ""https://a.espncdn.com/guid/06cd3bcf-7a86-53d4-28e7-aa049dd36261/logos/primary_logo_on_primary_color.png"", ""https://a.espncdn.com/guid/06cd3bcf-7a86-53d4-28e7-aa049dd36261/logos/primary_logo_on_secondary_color.png"", ""https://a.espncdn.com/guid/06cd3bcf-7a86-53d4-28e7-aa049dd36261/logos/primary_logo_black.png"", ""https://a.espncdn.com/guid/06cd3bcf-7a86-53d4-28e7-aa049dd36261/logos/primary_logo_white.png"", ""https://a.espncdn.com/guid/06cd3bcf-7a86-53d4-28e7-aa049dd36261/logos/secondary_logo_on_white_color.png"", ""https://a.espncdn.com/guid/06cd3bcf-7a86-53d4-28e7-aa049dd36261/logos/secondary_logo_on_black_color.png"", ""https://a.espncdn.com/guid/06cd3bcf-7a86-53d4-28e7-aa049dd36261/logos/secondary_logo_on_primary_color.png"", ""https://a.espncdn.com/guid/06cd3bcf-7a86-53d4-28e7-aa049dd36261/logos/secondary_logo_on_secondary_color.png"", ""https://a.espncdn.com/guid/06cd3bcf-7a86-53d4-28e7-aa049dd36261/logos/secondary_logo_black.png"", ""https://a.espncdn.com/guid/06cd3bcf-7a86-53d4-28e7-aa049dd36261/logos/secondary_logo_white.png""]","[[""full"", ""default""], [""full"", ""dark""], [""full"", ""scoreboard""], [""full"", ""scoreboard"", ""dark""], [""full"", ""grayscale""], [""full"", ""primary_logo_on_white_color""], [""full"", ""primary_logo_on_black_color""], [""full"", ""primary_logo_on_primary_color""], [""full"", ""primary_logo_on_secondary_color""], [""full"", ""primary_logo_black""], [""full"", ""primary_logo_white""], [""full"", ""secondary_logo_on_white_color""], [""full"", ""secondary_logo_on_black_color""], [""full"", ""secondary_logo_on_primary_color""], [""full"", ""secondary_logo_on_secondary_color""], [""full"", ""secondary_logo_black""], [""full"", ""secondary_logo_white""]]","[500, 500, 500, 500, 500, 4096, 4096, 4096, 4096, 4096, 4096, 4096, 4096, 4096, 4096, 4096, 4096]",0a0aea59-9a5e-01b3-57a3-0151cf4bf393,8830,Titans,Titans
football,nfl,10,Tennessee Titans,TEN,tennessee-titans,001532,4495d2,Tennessee,Titans,tennessee-titans,s:20~l:28~t:10,"[500, 500, 500, 500, 500, 4096, 4096, 4096, 4096, 4096, 4096, 4096, 4096, 4096, 4096, 4096, 4096]","[""https://a.espncdn.com/i/teamlogos/nfl/500/ten.png"", ""https://a.espncdn.com/i/teamlogos/nfl/500-dark/ten.png"", ""https://a.espncdn.com/i/teamlogos/nfl/500/scoreboard/ten.png"", ""https://a.espncdn.com/i/teamlogos/nfl/500-dark/scoreboard/ten.png"", ""https://a.espncdn.com/guid/06cd3bcf-7a86-53d4-28e7-aa049dd36261/logos/grayscale.png"", ""https://a.espncdn.com/guid/06cd3bcf-7a86-53d4-28e7-aa049dd36261/logos/primary_logo_on_white_color.png"", ""https://a.espncdn.com/guid/06cd3bcf-7a86-53d4-28e7-aa049dd36261/logos/primary_logo_on_black_color.png"", ""https://a.espncdn.com/guid/06cd3bcf-7a86-53d4-28e7-aa049dd36261/logos/primary_logo_on_primary_color.png"", ""https://a.espncdn.com/guid/06cd3bcf-7a86-53d4-28e7-aa049dd36261/logos/primary_logo_on_secondary_color.png"", ""https://a.espncdn.com/guid/06cd3bcf-7a86-53d4-28e7-aa049dd36261/logos/primary_logo_black.png"", ""https://a.espncdn.com/guid/06cd3bcf-7a86-53d4-28e7-aa049dd36261/logos/primary_logo_white.png"", ""https://a.espncdn.com/guid/06cd3bcf-7a86-53d4-28e7-aa049dd36261/logos/secondary_logo_on_white_color.png"", ""https://a.espncdn.com/guid/06cd3bcf-7a86-53d4-28e7-aa049dd36261/logos/secondary_logo_on_black_color.png"", ""https://a.espncdn.com/guid/06cd3bcf-7a86-53d4-28e7-aa049dd36261/logos/secondary_logo_on_primary_color.png"", ""https://a.espncdn.com/guid/06cd3bcf-7a86-53d4-28e7-aa049dd36261/logos/secondary_logo_on_secondary_color.png"", ""https://a.espncdn.com/guid/06cd3bcf-7a86-53d4-28e7-aa049dd36261/logos/secondary_logo_black.png"", ""https://a.espncdn.com/guid/06cd3bcf-7a86-53d4-28e7-aa049dd36261/logos/secondary_logo_white.png""]","[[""full"", ""default""], [""full"", ""dark""], [""full"", ""scoreboard""], [""full"", ""scoreboard"", ""dark""], [""full"", ""grayscale""], [""full"", ""primary_logo_on_white_color""], [""full"", ""primary_logo_on_black_color""], [""full"", ""primary_logo_on_primary_color""], [""full"", ""primary_logo_on_secondary_color""], [""full"", ""primary_logo_black""], [""full"", ""primary_logo_white""], [""full"", ""secondary_logo_on_white_color""], [""full"", ""secondary_logo_on_black_color""], [""full"", ""secondary_logo_on_primary_color""], [""full"", ""secondary_logo_on_secondary_color""], [""full"", ""secondary_logo_black""], [""full"", ""secondary_logo_white""]]","[500, 500, 500, 500, 500, 4096, 4096, 4096, 4096, 4096, 4096, 4096, 4096, 4096, 4096, 4096, 4096]",0a0aea59-9a5e-01b3-57a3-0151cf4bf393,8830,Titans,Titans
football,nfl,28,Washington Commanders,WSH,28,ffb612,5a1414,Washington,Commanders,washington-commanders,s:20~l:28~t:28,"[500, 500, 500, 500, 500, 4096, 4096, 4096, 4096, 4096, 4096, 4096, 4096, 4096, 4096, 4096, 4096]","[""https://a.espncdn.com/i/teamlogos/nfl/500/wsh.png"", ""https://a.espncdn.com/i/teamlogos/nfl/500-dark/wsh.png"", ""https://a.espncdn.com/i/teamlogos/nfl/500/scoreboard/wsh.png"", ""https://a.espncdn.com/i/teamlogos/nfl/500-dark/scoreboard/wsh.png"", ""https://a.espncdn.com/guid/13e8b157-a75a-ff24-ae91-fa3d52ddf204/logos/grayscale.png"", ""https://a.espncdn.com/guid/13e8b157-a75a-ff24-ae91-fa3d52ddf204/logos/primary_logo_on_white_color.png"", ""https://a.espncdn.com/guid/13e8b157-a75a-ff24-ae91-fa3d52ddf204/logos/primary_logo_on_black_color.png"", ""https://a.espncdn.com/guid/13e8b157-a75a-ff24-ae91-fa3d52ddf204/logos/primary_logo_on_primary_color.png"", ""https://a.espncdn.com/guid/13e8b157-a75a-ff24-ae91-fa3d52ddf204/logos/primary_logo_on_secondary_color.png"", ""https://a.espncdn.com/guid/13e8b157-a75a-ff24-ae91-fa3d52ddf204/logos/primary_logo_black.png"", ""https://a.espncdn.com/guid/13e8b157-a75a-ff24-ae91-fa3d52ddf204/logos/primary_logo_white.png"", ""https://a.espncdn.com/guid/13e8b157-a75a-ff24-ae91-fa3d52ddf204/logos/secondary_logo_on_white_color.png"", ""https://a.espncdn.com/guid/13e8b157-a75a-ff24-ae91-fa3d52ddf204/logos/secondary_logo_on_black_color.png"", ""https://a.espncdn.com/guid/13e8b157-a75a-ff24-ae91-fa3d52ddf204/logos/secondary_logo_on_primary_color.png"", ""https://a.espncdn.com/guid/13e8b157-a75a-ff24-ae91-fa3d52ddf204/logos/secondary_logo_on_secondary_color.png"", ""https://a.espncdn.com/guid/13e8b157-a75a-ff24-ae91-fa3d52ddf204/logos/secondary_logo_black.png"", ""https://a.espncdn.com/guid/13e8b157-a75a-ff24-ae91-fa3d52ddf204/logos/secondary_logo_white.png""]","[[""full"", ""default""], [""full"", ""dark""], [""full"", ""scoreboard""], [""full"", ""scoreboard"", ""dark""], [""full"", ""grayscale""], [""full"", ""primary_logo_on_white_color""], [""full"", ""primary_logo_on_black_color""], [""full"", ""primary_logo_on_primary_color""], [""full"", ""primary_logo_on_secondary_color""], [""full"", ""primary_logo_black""], [""full"", ""primary_logo_white""], [""full"", ""secondary_logo_on_white_color""], [""full"", ""secondary_logo_on_black_color""], [""full"", ""secondary_logo_on_primary_color""], [""full"", ""secondary_logo_on_secondary_color""], [""full"", ""secondary_logo_black""], [""full"", ""secondary_logo_white""]]","[500, 500, 500, 500, 500, 4096, 4096, 4096, 4096, 4096, 4096, 4096, 4096, 4096, 4096, 4096, 4096]",fbeaf73e-6d6c-cca4-0809-713d9d741f90,8831,Commanders,Commanders
football,nfl,28,Washington Commanders,WSH,WAS,ffb612,5a1414,Washington,Commanders,washington-commanders,s:20~l:28~t:28,"[500, 500, 500, 500, 500, 4096, 4096, 4096, 4096, 4096, 4096, 4096, 4096, 4096, 4096, 4096, 4096]","[""https://a.espncdn.com/i/teamlogos/nfl/500/wsh.png"", ""https://a.espncdn.com/i/teamlogos/nfl/500-dark/wsh.png"", ""https://a.espncdn.com/i/teamlogos/nfl/500/scoreboard/wsh.png"", ""https://a.espncdn.com/i/teamlogos/nfl/500-dark/scoreboard/wsh.png"", ""https://a.espncdn.com/guid/13e8b157-a75a-ff24-ae91-fa3d52ddf204/logos/grayscale.png"", ""https://a.espncdn.com/guid/13e8b157-a75a-ff24-ae91-fa3d52ddf204/logos/primary_logo_on_white_color.png"", ""https://a.espncdn.com/guid/13e8b157-a75a-ff24-ae91-fa3d52ddf204/logos/primary_logo_on_black_color.png"", ""https://a.espncdn.com/guid/13e8b157-a75a-ff24-ae91-fa3d52ddf204/logos/primary_logo_on_primary_color.png"", ""https://a.espncdn.com/guid/13e8b157-a75a-ff24-ae91-fa3d52ddf204/logos/primary_logo_on_secondary_color.png"", ""https://a.espncdn.com/guid/13e8b157-a75a-ff24-ae91-fa3d52ddf204/logos/primary_logo_black.png"", ""https://a.espncdn.com/guid/13e8b157-a75a-ff24-ae91-fa3d52ddf204/logos/primary_logo_white.png"", ""https://a.espncdn.com/guid/13e8b157-a75a-ff24-ae91-fa3d52ddf204/logos/secondary_logo_on_white_color.png"", ""https://a.espncdn.com/guid/13e8b157-a75a-ff24-ae91-fa3d52ddf204/logos/secondary_logo_on_black_color.png"", ""https://a.espncdn.com/guid/13e8b157-a75a-ff24-ae91-fa3d52ddf204/logos/secondary_logo_on_primary_color.png"", ""https://a.espncdn.com/guid/13e8b157-a75a-ff24-ae91-fa3d52ddf204/logos/secondary_logo_on_secondary_color.png"", ""https://a.espncdn.com/guid/13e8b157-a75a-ff24-ae91-fa3d52ddf204/logos/secondary_logo_black.png"", ""https://a.espncdn.com/guid/13e8b157-a75a-ff24-ae91-fa3d52ddf204/logos/secondary_logo_white.png""]","[[""full"", ""default""], [""full"", ""dark""], [""full"", ""scoreboard""], [""full"", ""scoreboard"", ""dark""], [""full"", ""grayscale""], [""full"", ""primary_logo_on_white_color""], [""full"", ""primary_logo_on_black_color""], [""full"", ""primary_logo_on_primary_color""], [""full"", ""primary_logo_on_secondary_color""], [""full"", ""primary_logo_black""], [""full"", ""primary_logo_white""], [""full"", ""secondary_logo_on_white_color""], [""full"", ""secondary_logo_on_black_color""], [""full"", ""secondary_logo_on_primary_color""], [""full"", ""secondary_logo_on_secondary_color""], [""full"", ""secondary_logo_black""], [""full"", ""secondary_logo_white""]]","[500, 500, 500, 500, 500, 4096, 4096, 4096, 4096, 4096, 4096, 4096, 4096, 4096, 4096, 4096, 4096]",fbeaf73e-6d6c-cca4-0809-713d9d741f90,8831,Commanders,Commanders
football,nfl,28,Washington Commanders,WSH,WSH,ffb612,5a1414,Washington,Commanders,washington-commanders,s:20~l:28~t:28,"[500, 500, 500, 500, 500, 4096, 4096, 4096, 4096, 4096, 4096, 4096, 4096, 4096, 4096, 4096, 4096]","[""https://a.espncdn.com/i/teamlogos/nfl/500/wsh.png"", ""https://a.espncdn.com/i/teamlogos/nfl/500-dark/wsh.png"", ""https://a.espncdn.com/i/teamlogos/nfl/500/scoreboard/wsh.png"", ""https://a.espncdn.com/i/teamlogos/nfl/500-dark/scoreboard/wsh.png"", ""https://a.espncdn.com/guid/13e8b157-a75a-ff24-ae91-fa3d52ddf204/logos/grayscale.png"", ""https://a.espncdn.com/guid/13e8b157-a75a-ff24-ae91-fa3d52ddf204/logos/primary_logo_on_white_color.png"", ""https://a.espncdn.com/guid/13e8b157-a75a-ff24-ae91-fa3d52ddf204/logos/primary_logo_on_black_color.png"", ""https://a.espncdn.com/guid/13e8b157-a75a-ff24-ae91-fa3d52ddf204/logos/primary_logo_on_primary_color.png"", ""https://a.espncdn.com/guid/13e8b157-a75a-ff24-ae91-fa3d52ddf204/logos/primary_logo_on_secondary_color.png"", ""https://a.espncdn.com/guid/13e8b157-a75a-ff24-ae91-fa3d52ddf204/logos/primary_logo_black.png"", ""https://a.espncdn.com/guid/13e8b157-a75a-ff24-ae91-fa3d52ddf204/logos/primary_logo_white.png"", ""https://a.espncdn.com/guid/13e8b157-a75a-ff24-ae91-fa3d52ddf204/logos/secondary_logo_on_white_color.png"", ""https://a.espncdn.com/guid/13e8b157-a75a-ff24-ae91-fa3d52ddf204/logos/secondary_logo_on_black_color.png"", ""https://a.espncdn.com/guid/13e8b157-a75a-ff24-ae91-fa3d52ddf204/logos/secondary_logo_on_primary_color.png"", ""https://a.espncdn.com/guid/13e8b157-a75a-ff24-ae91-fa3d52ddf204/logos/secondary_logo_on_secondary_color.png"", ""https://a.espncdn.com/guid/13e8b157-a75a-ff24-ae91-fa3d52ddf204/logos/secondary_logo_black.png"", ""https://a.espncdn.com/guid/13e8b157-a75a-ff24-ae91-fa3d52ddf204/logos/secondary_logo_white.png""]","[[""full"", ""default""], [""full"", ""dark""], [""full"", ""scoreboard""], [""full"", ""scoreboard"", ""dark""], [""full"", ""grayscale""], [""full"", ""primary_logo_on_white_color""], [""full"", ""primary_logo_on_black_color""], [""full"", ""primary_logo_on_primary_color""], [""full"", ""primary_logo_on_secondary_color""], [""full"", ""primary_logo_black""], [""full"", ""primary_logo_white""], [""full"", ""secondary_logo_on_white_color""], [""full"", ""secondary_logo_on_black_color""], [""full"", ""secondary_logo_on_primary_color""], [""full"", ""secondary_logo_on_secondary_color""], [""full"", ""secondary_logo_black""], [""full"", ""secondary_logo_white""]]","[500, 500, 500, 500, 500, 4096, 4096, 4096, 4096, 4096, 4096, 4096, 4096, 4096, 4096, 4096, 4096]",fbeaf73e-6d6c-cca4-0809-713d9d741f90,8831,Commanders,Commanders
football,nfl,28,Washington Commanders,WSH,Washington Commanders,ffb612,5a1414,Washington,Commanders,washington-commanders,s:20~l:28~t:28,"[500, 500, 500, 500, 500, 4096, 4096, 4096, 4096, 4096, 4096, 4096, 4096, 4096, 4096, 4096, 4096]","[""https://a.espncdn.com/i/teamlogos/nfl/500/wsh.png"", ""https://a.espncdn.com/i/teamlogos/nfl/500-dark/wsh.png"", ""https://a.espncdn.com/i/teamlogos/nfl/500/scoreboard/wsh.png"", ""https://a.espncdn.com/i/teamlogos/nfl/500-dark/scoreboard/wsh.png"", ""https://a.espncdn.com/guid/13e8b157-a75a-ff24-ae91-fa3d52ddf204/logos/grayscale.png"", ""https://a.espncdn.com/guid/13e8b157-a75a-ff24-ae91-fa3d52ddf204/logos/primary_logo_on_white_color.png"", ""https://a.espncdn.com/guid/13e8b157-a75a-ff24-ae91-fa3d52ddf204/logos/primary_logo_on_black_color.png"", ""https://a.espncdn.com/guid/13e8b157-a75a-ff24-ae91-fa3d52ddf204/logos/primary_logo_on_primary_color.png"", ""https://a.espncdn.com/guid/13e8b157-a75a-ff24-ae91-fa3d52ddf204/logos/primary_logo_on_secondary_color.png"", ""https://a.espncdn.com/guid/13e8b157-a75a-ff24-ae91-fa3d52ddf204/logos/primary_logo_black.png"", ""https://a.espncdn.com/guid/13e8b157-a75a-ff24-ae91-fa3d52ddf204/logos/primary_logo_white.png"", ""https://a.espncdn.com/guid/13e8b157-a75a-ff24-ae91-fa3d52ddf204/logos/secondary_logo_on_white_color.png"", ""https://a.espncdn.com/guid/13e8b157-a75a-ff24-ae91-fa3d52ddf204/logos/secondary_logo_on_black_color.png"", ""https://a.espncdn.com/guid/13e8b157-a75a-ff24-ae91-fa3d52ddf204/logos/secondary_logo_on_primary_color.png"", ""https://a.espncdn.com/guid/13e8b157-a75a-ff24-ae91-fa3d52ddf204/logos/secondary_logo_on_secondary_color.png"", ""https://a.espncdn.com/guid/13e8b157-a75a-ff24-ae91-fa3d52ddf204/logos/secondary_logo_black.png"", ""https://a.espncdn.com/guid/13e8b157-a75a-ff24-ae91-fa3d52ddf204/logos/secondary_logo_white.png""]","[[""full"", ""default""], [""full"", ""dark""], [""full"", ""scoreboard""], [""full"", ""scoreboard"", ""dark""], [""full"", ""grayscale""], [""full"", ""primary_logo_on_white_color""], [""full"", ""primary_logo_on_black_color""], [""full"", ""primary_logo_on_primary_color""], [""full"", ""primary_logo_on_secondary_color""], [""full"", ""primary_logo_black""], [""full"", ""primary_logo_white""], [""full"", ""secondary_logo_on_white_color""], [""full"", ""secondary_logo_on_black_color""], [""full"", ""secondary_logo_on_primary_color""], [""full"", ""secondary_logo_on_secondary_color""], [""full"", ""secondary_logo_black""], [""full"", ""secondary_logo_white""]]","[500, 500, 500, 500, 500, 4096, 4096, 4096, 4096, 4096, 4096, 4096, 4096, 4096, 4096, 4096, 4096]",fbeaf73e-6d6c-cca4-0809-713d9d741f90,8831,Commanders,Commanders
football,nfl,28,Washington Commanders,WSH,Commanders,ffb612,5a1414,Washington,Commanders,washington-commanders,s:20~l:28~t:28,"[500, 500, 500, 500, 500, 4096, 4096, 4096, 4096, 4096, 4096, 4096, 4096, 4096, 4096, 4096, 4096]","[""https://a.espncdn.com/i/teamlogos/nfl/500/wsh.png"", ""https://a.espncdn.com/i/teamlogos/nfl/500-dark/wsh.png"", ""https://a.espncdn.com/i/teamlogos/nfl/500/scoreboard/wsh.png"", ""https://a.espncdn.com/i/teamlogos/nfl/500-dark/scoreboard/wsh.png"", ""https://a.espncdn.com/guid/13e8b157-a75a-ff24-ae91-fa3d52ddf204/logos/grayscale.png"", ""https://a.espncdn.com/guid/13e8b157-a75a-ff24-ae91-fa3d52ddf204/logos/primary_logo_on_white_color.png"", ""https://a.espncdn.com/guid/13e8b157-a75a-ff24-ae91-fa3d52ddf204/logos/primary_logo_on_black_color.png"", ""https://a.espncdn.com/guid/13e8b157-a75a-ff24-ae91-fa3d52ddf204/logos/primary_logo_on_primary_color.png"", ""https://a.espncdn.com/guid/13e8b157-a75a-ff24-ae91-fa3d52ddf204/logos/primary_logo_on_secondary_color.png"", ""https://a.espncdn.com/guid/13e8b157-a75a-ff24-ae91-fa3d52ddf204/logos/primary_logo_black.png"", ""https://a.espncdn.com/guid/13e8b157-a75a-ff24-ae91-fa3d52ddf204/logos/primary_logo_white.png"", ""https://a.espncdn.com/guid/13e8b157-a75a-ff24-ae91-fa3d52ddf204/logos/secondary_logo_on_white_color.png"", ""https://a.espncdn.com/guid/13e8b157-a75a-ff24-ae91-fa3d52ddf204/logos/secondary_logo_on_black_color.png"", ""https://a.espncdn.com/guid/13e8b157-a75a-ff24-ae91-fa3d52ddf204/logos/secondary_logo_on_primary_color.png"", ""https://a.espncdn.com/guid/13e8b157-a75a-ff24-ae91-fa3d52ddf204/logos/secondary_logo_on_secondary_color.png"", ""https://a.espncdn.com/guid/13e8b157-a75a-ff24-ae91-fa3d52ddf204/logos/secondary_logo_black.png"", ""https://a.espncdn.com/guid/13e8b157-a75a-ff24-ae91-fa3d52ddf204/logos/secondary_logo_white.png""]","[[""full"", ""default""], [""full"", ""dark""], [""full"", ""scoreboard""], [""full"", ""scoreboard"", ""dark""], [""full"", ""grayscale""], [""full"", ""primary_logo_on_white_color""], [""full"", ""primary_logo_on_black_color""], [""full"", ""primary_logo_on_primary_color""], [""full"", ""primary_logo_on_secondary_color""], [""full"", ""primary_logo_black""], [""full"", ""primary_logo_white""], [""full"", ""secondary_logo_on_white_color""], [""full"", ""secondary_logo_on_black_color""], [""full"", ""secondary_logo_on_primary_color""], [""full"", ""secondary_logo_on_secondary_color""], [""full"", ""secondary_logo_black""], [""full"", ""secondary_logo_white""]]","[500, 500, 500, 500, 500, 4096, 4096, 4096, 4096, 4096, 4096, 4096, 4096, 4096, 4096, 4096, 4096]",fbeaf73e-6d6c-cca4-0809-713d9d741f90,8831,Commanders,Commanders
football,nfl,28,Washington Commanders,WSH,washington-commanders,ffb612,5a1414,Washington,Commanders,washington-commanders,s:20~l:28~t:28,"[500, 500, 500, 500, 500, 4096, 4096, 4096, 4096, 4096, 4096, 4096, 4096, 4096, 4096, 4096, 4096]","[""https://a.espncdn.com/i/teamlogos/nfl/500/wsh.png"", ""https://a.espncdn.com/i/teamlogos/nfl/500-dark/wsh.png"", ""https://a.espncdn.com/i/teamlogos/nfl/500/scoreboard/wsh.png"", ""https://a.espncdn.com/i/teamlogos/nfl/500-dark/scoreboard/wsh.png"", ""https://a.espncdn.com/guid/13e8b157-a75a-ff24-ae91-fa3d52ddf204/logos/grayscale.png"", ""https://a.espncdn.com/guid/13e8b157-a75a-ff24-ae91-fa3d52ddf204/logos/primary_logo_on_white_color.png"", ""https://a.espncdn.com/guid/13e8b157-a75a-ff24-ae91-fa3d52ddf204/logos/primary_logo_on_black_color.png"", ""https://a.espncdn.com/guid/13e8b157-a75a-ff24-ae91-fa3d52ddf204/logos/primary_logo_on_primary_color.png"", ""https://a.espncdn.com/guid/13e8b157-a75a-ff24-ae91-fa3d52ddf204/logos/primary_logo_on_secondary_color.png"", ""https://a.espncdn.com/guid/13e8b157-a75a-ff24-ae91-fa3d52ddf204/logos/primary_logo_black.png"", ""https://a.espncdn.com/guid/13e8b157-a75a-ff24-ae91-fa3d52ddf204/logos/primary_logo_white.png"", ""https://a.espncdn.com/guid/13e8b157-a75a-ff24-ae91-fa3d52ddf204/logos/secondary_logo_on_white_color.png"", ""https://a.espncdn.com/guid/13e8b157-a75a-ff24-ae91-fa3d52ddf204/logos/secondary_logo_on_black_color.png"", ""https://a.espncdn.com/guid/13e8b157-a75a-ff24-ae91-fa3d52ddf204/logos/secondary_logo_on_primary_color.png"", ""https://a.espncdn.com/guid/13e8b157-a75a-ff24-ae91-fa3d52ddf204/logos/secondary_logo_on_secondary_color.png"", ""https://a.espncdn.com/guid/13e8b157-a75a-ff24-ae91-fa3d52ddf204/logos/secondary_logo_black.png"", ""https://a.espncdn.com/guid/13e8b157-a75a-ff24-ae91-fa3d52ddf204/logos/secondary_logo_white.png""]","[[""full"", ""default""], [""full"", ""dark""], [""full"", ""scoreboard""], [""full"", ""scoreboard"", ""dark""], [""full"", ""grayscale""], [""full"", ""primary_logo_on_white_color""], [""full"", ""primary_logo_on_black_color""], [""full"", ""primary_logo_on_primary_color""], [""full"", ""primary_logo_on_secondary_color""], [""full"", ""primary_logo_black""], [""full"", ""primary_logo_white""], [""full"", ""secondary_logo_on_white_color""], [""full"", ""secondary_logo_on_black_color""], [""full"", ""secondary_logo_on_primary_color""], [""full"", ""secondary_logo_on_secondary_color""], [""full"", ""secondary_logo_black""], [""full"", ""secondary_logo_white""]]","[500, 500, 500, 500, 500, 4096, 4096, 4096, 4096, 4096, 4096, 4096, 4096, 4096, 4096, 4096, 4096]",fbeaf73e-6d6c-cca4-0809-713d9d741f90,8831,Commanders,Commanders
football,nfl,22,Arizona Cardinals,ARI,ARZ,ffffff,a40227,Arizona,Cardinals,arizona-cardinals,s:20~l:28~t:22,"[500, 500, 500, 500, 500, 4096, 4096, 4096, 4096, 4096, 4096, 4096, 4096, 4096, 4096, 4096, 4096]","[""https://a.espncdn.com/i/teamlogos/nfl/500/ari.png"", ""https://a.espncdn.com/i/teamlogos/nfl/500-dark/ari.png"", ""https://a.espncdn.com/i/teamlogos/nfl/500/scoreboard/ari.png"", ""https://a.espncdn.com/i/teamlogos/nfl/500-dark/scoreboard/ari.png"", ""https://a.espncdn.com/guid/d1a9b001-1df7-fbd7-ae4c-6ca7065286ec/logos/grayscale.png"", ""https://a.espncdn.com/guid/d1a9b001-1df7-fbd7-ae4c-6ca7065286ec/logos/primary_logo_on_white_color.png"", ""https://a.espncdn.com/guid/d1a9b001-1df7-fbd7-ae4c-6ca7065286ec/logos/primary_logo_on_black_color.png"", ""https://a.espncdn.com/guid/d1a9b001-1df7-fbd7-ae4c-6ca7065286ec/logos/primary_logo_on_primary_color.png"", ""https://a.espncdn.com/guid/d1a9b001-1df7-fbd7-ae4c-6ca7065286ec/logos/primary_logo_on_secondary_color.png"", ""https://a.espncdn.com/guid/d1a9b001-1df7-fbd7-ae4c-6ca7065286ec/logos/primary_logo_black.png"", ""https://a.espncdn.com/guid/d1a9b001-1df7-fbd7-ae4c-6ca7065286ec/logos/primary_logo_white.png"", ""https://a.espncdn.com/guid/d1a9b001-1df7-fbd7-ae4c-6ca7065286ec/logos/secondary_logo_on_white_color.png"", ""https://a.espncdn.com/guid/d1a9b001-1df7-fbd7-ae4c-6ca7065286ec/logos/secondary_logo_on_black_color.png"", ""https://a.espncdn.com/guid/d1a9b001-1df7-fbd7-ae4c-6ca7065286ec/logos/secondary_logo_on_primary_color.png"", ""https://a.espncdn.com/guid/d1a9b001-1df7-fbd7-ae4c-6ca7065286ec/logos/secondary_logo_on_secondary_color.png"", ""https://a.espncdn.com/guid/d1a9b001-1df7-fbd7-ae4c-6ca7065286ec/logos/secondary_logo_black.png"", ""https://a.espncdn.com/guid/d1a9b001-1df7-fbd7-ae4c-6ca7065286ec/logos/secondary_logo_white.png""]","[[""full"", ""default""], [""full"", ""dark""], [""full"", ""scoreboard""], [""full"", ""scoreboard"", ""dark""], [""full"", ""grayscale""], [""full"", ""primary_logo_on_white_color""], [""full"", ""primary_logo_on_black_color""], [""full"", ""primary_logo_on_primary_color""], [""full"", ""primary_logo_on_secondary_color""], [""full"", ""primary_logo_black""], [""full"", ""primary_logo_white""], [""full"", ""secondary_logo_on_white_color""], [""full"", ""secondary_logo_on_black_color""], [""full"", ""secondary_logo_on_primary_color""], [""full"", ""secondary_logo_on_secondary_color""], [""full"", ""secondary_logo_black""], [""full"", ""secondary_logo_white""]]","[500, 500, 500, 500, 500, 4096, 4096, 4096, 4096, 4096, 4096, 4096, 4096, 4096, 4096, 4096, 4096]",8fc7b962-95e1-3cb8-6a7d-b499de9ad546,8801,Cardinals,Cardinals
football,nfl,22,Arizona Cardinals,ARI,crd,ffffff,a40227,Arizona,Cardinals,arizona-cardinals,s:20~l:28~t:22,"[500, 500, 500, 500, 500, 4096, 4096, 4096, 4096, 4096, 4096, 4096, 4096, 4096, 4096, 4096, 4096]","[""https://a.espncdn.com/i/teamlogos/nfl/500/ari.png"", ""https://a.espncdn.com/i/teamlogos/nfl/500-dark/ari.png"", ""https://a.espncdn.com/i/teamlogos/nfl/500/scoreboard/ari.png"", ""https://a.espncdn.com/i/teamlogos/nfl/500-dark/scoreboard/ari.png"", ""https://a.espncdn.com/guid/d1a9b001-1df7-fbd7-ae4c-6ca7065286ec/logos/grayscale.png"", ""https://a.espncdn.com/guid/d1a9b001-1df7-fbd7-ae4c-6ca7065286ec/logos/primary_logo_on_white_color.png"", ""https://a.espncdn.com/guid/d1a9b001-1df7-fbd7-ae4c-6ca7065286ec/logos/primary_logo_on_black_color.png"", ""https://a.espncdn.com/guid/d1a9b001-1df7-fbd7-ae4c-6ca7065286ec/logos/primary_logo_on_primary_color.png"", ""https://a.espncdn.com/guid/d1a9b001-1df7-fbd7-ae4c-6ca7065286ec/logos/primary_logo_on_secondary_color.png"", ""https://a.espncdn.com/guid/d1a9b001-1df7-fbd7-ae4c-6ca7065286ec/logos/primary_logo_black.png"", ""https://a.espncdn.com/guid/d1a9b001-1df7-fbd7-ae4c-6ca7065286ec/logos/primary_logo_white.png"", ""https://a.espncdn.com/guid/d1a9b001-1df7-fbd7-ae4c-6ca7065286ec/logos/secondary_logo_on_white_color.png"", ""https://a.espncdn.com/guid/d1a9b001-1df7-fbd7-ae4c-6ca7065286ec/logos/secondary_logo_on_black_color.png"", ""https://a.espncdn.com/guid/d1a9b001-1df7-fbd7-ae4c-6ca7065286ec/logos/secondary_logo_on_primary_color.png"", ""https://a.espncdn.com/guid/d1a9b001-1df7-fbd7-ae4c-6ca7065286ec/logos/secondary_logo_on_secondary_color.png"", ""https://a.espncdn.com/guid/d1a9b001-1df7-fbd7-ae4c-6ca7065286ec/logos/secondary_logo_black.png"", ""https://a.espncdn.com/guid/d1a9b001-1df7-fbd7-ae4c-6ca7065286ec/logos/secondary_logo_white.png""]","[[""full"", ""default""], [""full"", ""dark""], [""full"", ""scoreboard""], [""full"", ""scoreboard"", ""dark""], [""full"", ""grayscale""], [""full"", ""primary_logo_on_white_color""], [""full"", ""primary_logo_on_black_color""], [""full"", ""primary_logo_on_primary_color""], [""full"", ""primary_logo_on_secondary_color""], [""full"", ""primary_logo_black""], [""full"", ""primary_logo_white""], [""full"", ""secondary_logo_on_white_color""], [""full"", ""secondary_logo_on_black_color""], [""full"", ""secondary_logo_on_primary_color""], [""full"", ""secondary_logo_on_secondary_color""], [""full"", ""secondary_logo_black""], [""full"", ""secondary_logo_white""]]","[500, 500, 500, 500, 500, 4096, 4096, 4096, 4096, 4096, 4096, 4096, 4096, 4096, 4096, 4096, 4096]",8fc7b962-95e1-3cb8-6a7d-b499de9ad546,8801,Cardinals,Cardinals
football,nfl,22,Arizona Cardinals,ARI,Arizona,ffffff,a40227,Arizona,Cardinals,arizona-cardinals,s:20~l:28~t:22,"[500, 500, 500, 500, 500, 4096, 4096, 4096, 4096, 4096, 4096, 4096, 4096, 4096, 4096, 4096, 4096]","[""https://a.espncdn.com/i/teamlogos/nfl/500/ari.png"", ""https://a.espncdn.com/i/teamlogos/nfl/500-dark/ari.png"", ""https://a.espncdn.com/i/teamlogos/nfl/500/scoreboard/ari.png"", ""https://a.espncdn.com/i/teamlogos/nfl/500-dark/scoreboard/ari.png"", ""https://a.espncdn.com/guid/d1a9b001-1df7-fbd7-ae4c-6ca7065286ec/logos/grayscale.png"", ""https://a.espncdn.com/guid/d1a9b001-1df7-fbd7-ae4c-6ca7065286ec/logos/primary_logo_on_white_color.png"", ""https://a.espncdn.com/guid/d1a9b001-1df7-fbd7-ae4c-6ca7065286ec/logos/primary_logo_on_black_color.png"", ""https://a.espncdn.com/guid/d1a9b001-1df7-fbd7-ae4c-6ca7065286ec/logos/primary_logo_on_primary_color.png"", ""https://a.espncdn.com/guid/d1a9b001-1df7-fbd7-ae4c-6ca7065286ec/logos/primary_logo_on_secondary_color.png"", ""https://a.espncdn.com/guid/d1a9b001-1df7-fbd7-ae4c-6ca7065286ec/logos/primary_logo_black.png"", ""https://a.espncdn.com/guid/d1a9b001-1df7-fbd7-ae4c-6ca7065286ec/logos/primary_logo_white.png"", ""https://a.espncdn.com/guid/d1a9b001-1df7-fbd7-ae4c-6ca7065286ec/logos/secondary_logo_on_white_color.png"", ""https://a.espncdn.com/guid/d1a9b001-1df7-fbd7-ae4c-6ca7065286ec/logos/secondary_logo_on_black_color.png"", ""https://a.espncdn.com/guid/d1a9b001-1df7-fbd7-ae4c-6ca7065286ec/logos/secondary_logo_on_primary_color.png"", ""https://a.espncdn.com/guid/d1a9b001-1df7-fbd7-ae4c-6ca7065286ec/logos/secondary_logo_on_secondary_color.png"", ""https://a.espncdn.com/guid/d1a9b001-1df7-fbd7-ae4c-6ca7065286ec/logos/secondary_logo_black.png"", ""https://a.espncdn.com/guid/d1a9b001-1df7-fbd7-ae4c-6ca7065286ec/logos/secondary_logo_white.png""]","[[""full"", ""default""], [""full"", ""dark""], [""full"", ""scoreboard""], [""full"", ""scoreboard"", ""dark""], [""full"", ""grayscale""], [""full"", ""primary_logo_on_white_color""], [""full"", ""primary_logo_on_black_color""], [""full"", ""primary_logo_on_primary_color""], [""full"", ""primary_logo_on_secondary_color""], [""full"", ""primary_logo_black""], [""full"", ""primary_logo_white""], [""full"", ""secondary_logo_on_white_color""], [""full"", ""secondary_logo_on_black_color""], [""full"", ""secondary_logo_on_primary_color""], [""full"", ""secondary_logo_on_secondary_color""], [""full"", ""secondary_logo_black""], [""full"", ""secondary_logo_white""]]","[500, 500, 500, 500, 500, 4096, 4096, 4096, 4096, 4096, 4096, 4096, 4096, 4096, 4096, 4096, 4096]",8fc7b962-95e1-3cb8-6a7d-b499de9ad546,8801,Cardinals,Cardinals
football,nfl,22,Arizona Cardinals,ARI,Phoenix Cardinals,ffffff,a40227,Arizona,Cardinals,arizona-cardinals,s:20~l:28~t:22,"[500, 500, 500, 500, 500, 4096, 4096, 4096, 4096, 4096, 4096, 4096, 4096, 4096, 4096, 4096, 4096]","[""https://a.espncdn.com/i/teamlogos/nfl/500/ari.png"", ""https://a.espncdn.com/i/teamlogos/nfl/500-dark/ari.png"", ""https://a.espncdn.com/i/teamlogos/nfl/500/scoreboard/ari.png"", ""https://a.espncdn.com/i/teamlogos/nfl/500-dark/scoreboard/ari.png"", ""https://a.espncdn.com/guid/d1a9b001-1df7-fbd7-ae4c-6ca7065286ec/logos/grayscale.png"", ""https://a.espncdn.com/guid/d1a9b001-1df7-fbd7-ae4c-6ca7065286ec/logos/primary_logo_on_white_color.png"", ""https://a.espncdn.com/guid/d1a9b001-1df7-fbd7-ae4c-6ca7065286ec/logos/primary_logo_on_black_color.png"", ""https://a.espncdn.com/guid/d1a9b001-1df7-fbd7-ae4c-6ca7065286ec/logos/primary_logo_on_primary_color.png"", ""https://a.espncdn.com/guid/d1a9b001-1df7-fbd7-ae4c-6ca7065286ec/logos/primary_logo_on_secondary_color.png"", ""https://a.espncdn.com/guid/d1a9b001-1df7-fbd7-ae4c-6ca7065286ec/logos/primary_logo_black.png"", ""https://a.espncdn.com/guid/d1a9b001-1df7-fbd7-ae4c-6ca7065286ec/logos/primary_logo_white.png"", ""https://a.espncdn.com/guid/d1a9b001-1df7-fbd7-ae4c-6ca7065286ec/logos/secondary_logo_on_white_color.png"", ""https://a.espncdn.com/guid/d1a9b001-1df7-fbd7-ae4c-6ca7065286ec/logos/secondary_logo_on_black_color.png"", ""https://a.espncdn.com/guid/d1a9b001-1df7-fbd7-ae4c-6ca7065286ec/logos/secondary_logo_on_primary_color.png"", ""https://a.espncdn.com/guid/d1a9b001-1df7-fbd7-ae4c-6ca7065286ec/logos/secondary_logo_on_secondary_color.png"", ""https://a.espncdn.com/guid/d1a9b001-1df7-fbd7-ae4c-6ca7065286ec/logos/secondary_logo_black.png"", ""https://a.espncdn.com/guid/d1a9b001-1df7-fbd7-ae4c-6ca7065286ec/logos/secondary_logo_white.png""]","[[""full"", ""default""], [""full"", ""dark""], [""full"", ""scoreboard""], [""full"", ""scoreboard"", ""dark""], [""full"", ""grayscale""], [""full"", ""primary_logo_on_white_color""], [""full"", ""primary_logo_on_black_color""], [""full"", ""primary_logo_on_primary_color""], [""full"", ""primary_logo_on_secondary_color""], [""full"", ""primary_logo_black""], [""full"", ""primary_logo_white""], [""full"", ""secondary_logo_on_white_color""], [""full"", ""secondary_logo_on_black_color""], [""full"", ""secondary_logo_on_primary_color""], [""full"", ""secondary_logo_on_secondary_color""], [""full"", ""secondary_logo_black""], [""full"", ""secondary_logo_white""]]","[500, 500, 500, 500, 500, 4096, 4096, 4096, 4096, 4096, 4096, 4096, 4096, 4096, 4096, 4096, 4096]",8fc7b962-95e1-3cb8-6a7d-b499de9ad546,8801,Cardinals,Cardinals
football,nfl,22,Arizona Cardinals,ARI,St. Louis Cardinals,ffffff,a40227,Arizona,Cardinals,arizona-cardinals,s:20~l:28~t:22,"[500, 500, 500, 500, 500, 4096, 4096, 4096, 4096, 4096, 4096, 4096, 4096, 4096, 4096, 4096, 4096]","[""https://a.espncdn.com/i/teamlogos/nfl/500/ari.png"", ""https://a.espncdn.com/i/teamlogos/nfl/500-dark/ari.png"", ""https://a.espncdn.com/i/teamlogos/nfl/500/scoreboard/ari.png"", ""https://a.espncdn.com/i/teamlogos/nfl/500-dark/scoreboard/ari.png"", ""https://a.espncdn.com/guid/d1a9b001-1df7-fbd7-ae4c-6ca7065286ec/logos/grayscale.png"", ""https://a.espncdn.com/guid/d1a9b001-1df7-fbd7-ae4c-6ca7065286ec/logos/primary_logo_on_white_color.png"", ""https://a.espncdn.com/guid/d1a9b001-1df7-fbd7-ae4c-6ca7065286ec/logos/primary_logo_on_black_color.png"", ""https://a.espncdn.com/guid/d1a9b001-1df7-fbd7-ae4c-6ca7065286ec/logos/primary_logo_on_primary_color.png"", ""https://a.espncdn.com/guid/d1a9b001-1df7-fbd7-ae4c-6ca7065286ec/logos/primary_logo_on_secondary_color.png"", ""https://a.espncdn.com/guid/d1a9b001-1df7-fbd7-ae4c-6ca7065286ec/logos/primary_logo_black.png"", ""https://a.espncdn.com/guid/d1a9b001-1df7-fbd7-ae4c-6ca7065286ec/logos/primary_logo_white.png"", ""https://a.espncdn.com/guid/d1a9b001-1df7-fbd7-ae4c-6ca7065286ec/logos/secondary_logo_on_white_color.png"", ""https://a.espncdn.com/guid/d1a9b001-1df7-fbd7-ae4c-6ca7065286ec/logos/secondary_logo_on_black_color.png"", ""https://a.espncdn.com/guid/d1a9b001-1df7-fbd7-ae4c-6ca7065286ec/logos/secondary_logo_on_primary_color.png"", ""https://a.espncdn.com/guid/d1a9b001-1df7-fbd7-ae4c-6ca7065286ec/logos/secondary_logo_on_secondary_color.png"", ""https://a.espncdn.com/guid/d1a9b001-1df7-fbd7-ae4c-6ca7065286ec/logos/secondary_logo_black.png"", ""https://a.espncdn.com/guid/d1a9b001-1df7-fbd7-ae4c-6ca7065286ec/logos/secondary_logo_white.png""]","[[""full"", ""default""], [""full"", ""dark""], [""full"", ""scoreboard""], [""full"", ""scoreboard"", ""dark""], [""full"", ""grayscale""], [""full"", ""primary_logo_on_white_color""], [""full"", ""primary_logo_on_black_color""], [""full"", ""primary_logo_on_primary_color""], [""full"", ""primary_logo_on_secondary_color""], [""full"", ""primary_logo_black""], [""full"", ""primary_logo_white""], [""full"", ""secondary_logo_on_white_color""], [""full"", ""secondary_logo_on_black_color""], [""full"", ""secondary_logo_on_primary_color""], [""full"", ""secondary_logo_on_secondary_color""], [""full"", ""secondary_logo_black""], [""full"", ""secondary_logo_white""]]","[500, 500, 500, 500, 500, 4096, 4096, 4096, 4096, 4096, 4096, 4096, 4096, 4096, 4096, 4096, 4096]",8fc7b962-95e1-3cb8-6a7d-b499de9ad546,8801,Cardinals,Cardinals
football,nfl,22,Arizona Cardinals,ARI,St Louis Cardinals,ffffff,a40227,Arizona,Cardinals,arizona-cardinals,s:20~l:28~t:22,"[500, 500, 500, 500, 500, 4096, 4096, 4096, 4096, 4096, 4096, 4096, 4096, 4096, 4096, 4096, 4096]","[""https://a.espncdn.com/i/teamlogos/nfl/500/ari.png"", ""https://a.espncdn.com/i/teamlogos/nfl/500-dark/ari.png"", ""https://a.espncdn.com/i/teamlogos/nfl/500/scoreboard/ari.png"", ""https://a.espncdn.com/i/teamlogos/nfl/500-dark/scoreboard/ari.png"", ""https://a.espncdn.com/guid/d1a9b001-1df7-fbd7-ae4c-6ca7065286ec/logos/grayscale.png"", ""https://a.espncdn.com/guid/d1a9b001-1df7-fbd7-ae4c-6ca7065286ec/logos/primary_logo_on_white_color.png"", ""https://a.espncdn.com/guid/d1a9b001-1df7-fbd7-ae4c-6ca7065286ec/logos/primary_logo_on_black_color.png"", ""https://a.espncdn.com/guid/d1a9b001-1df7-fbd7-ae4c-6ca7065286ec/logos/primary_logo_on_primary_color.png"", ""https://a.espncdn.com/guid/d1a9b001-1df7-fbd7-ae4c-6ca7065286ec/logos/primary_logo_on_secondary_color.png"", ""https://a.espncdn.com/guid/d1a9b001-1df7-fbd7-ae4c-6ca7065286ec/logos/primary_logo_black.png"", ""https://a.espncdn.com/guid/d1a9b001-1df7-fbd7-ae4c-6ca7065286ec/logos/primary_logo_white.png"", ""https://a.espncdn.com/guid/d1a9b001-1df7-fbd7-ae4c-6ca7065286ec/logos/secondary_logo_on_white_color.png"", ""https://a.espncdn.com/guid/d1a9b001-1df7-fbd7-ae4c-6ca7065286ec/logos/secondary_logo_on_black_color.png"", ""https://a.espncdn.com/guid/d1a9b001-1df7-fbd7-ae4c-6ca7065286ec/logos/secondary_logo_on_primary_color.png"", ""https://a.espncdn.com/guid/d1a9b001-1df7-fbd7-ae4c-6ca7065286ec/logos/secondary_logo_on_secondary_color.png"", ""https://a.espncdn.com/guid/d1a9b001-1df7-fbd7-ae4c-6ca7065286ec/logos/secondary_logo_black.png"", ""https://a.espncdn.com/guid/d1a9b001-1df7-fbd7-ae4c-6ca7065286ec/logos/secondary_logo_white.png""]","[[""full"", ""default""], [""full"", ""dark""], [""full"", ""scoreboard""], [""full"", ""scoreboard"", ""dark""], [""full"", ""grayscale""], [""full"", ""primary_logo_on_white_color""], [""full"", ""primary_logo_on_black_color""], [""full"", ""primary_logo_on_primary_color""], [""full"", ""primary_logo_on_secondary_color""], [""full"", ""primary_logo_black""], [""full"", ""primary_logo_white""], [""full"", ""secondary_logo_on_white_color""], [""full"", ""secondary_logo_on_black_color""], [""full"", ""secondary_logo_on_primary_color""], [""full"", ""secondary_logo_on_secondary_color""], [""full"", ""secondary_logo_black""], [""full"", ""secondary_logo_white""]]","[500, 500, 500, 500, 500, 4096, 4096, 4096, 4096, 4096, 4096, 4096, 4096, 4096, 4096, 4096, 4096]",8fc7b962-95e1-3cb8-6a7d-b499de9ad546,8801,Cardinals,Cardinals
football,nfl,1,Atlanta Falcons,ATL,atl,000000,a71930,Atlanta,Falcons,atlanta-falcons,s:20~l:28~t:1,"[500, 500, 500, 500, 500, 4096, 4096, 4096, 4096, 4096, 4096, 4096, 4096, 4096, 4096, 4096, 4096]","[""https://a.espncdn.com/i/teamlogos/nfl/500/atl.png"", ""https://a.espncdn.com/i/teamlogos/nfl/500-dark/atl.png"", ""https://a.espncdn.com/i/teamlogos/nfl/500/scoreboard/atl.png"", ""https://a.espncdn.com/i/teamlogos/nfl/500-dark/scoreboard/atl.png"", ""https://a.espncdn.com/guid/595690b3-2161-4913-a7a7-814af2fd2621/logos/grayscale.png"", ""https://a.espncdn.com/guid/595690b3-2161-4913-a7a7-814af2fd2621/logos/primary_logo_on_white_color.png"", ""https://a.espncdn.com/guid/595690b3-2161-4913-a7a7-814af2fd2621/logos/primary_logo_on_black_color.png"", ""https://a.espncdn.com/guid/595690b3-2161-4913-a7a7-814af2fd2621/logos/primary_logo_on_primary_color.png"", ""https://a.espncdn.com/guid/595690b3-2161-4913-a7a7-814af2fd2621/logos/primary_logo_on_secondary_color.png"", ""https://a.espncdn.com/guid/595690b3-2161-4913-a7a7-814af2fd2621/logos/primary_logo_black.png"", ""https://a.espncdn.com/guid/595690b3-2161-4913-a7a7-814af2fd2621/logos/primary_logo_white.png"", ""https://a.espncdn.com/guid/595690b3-2161-4913-a7a7-814af2fd2621/logos/secondary_logo_on_white_color.png"", ""https://a.espncdn.com/guid/595690b3-2161-4913-a7a7-814af2fd2621/logos/secondary_logo_on_black_color.png"", ""https://a.espncdn.com/guid/595690b3-2161-4913-a7a7-814af2fd2621/logos/secondary_logo_on_primary_color.png"", ""https://a.espncdn.com/guid/595690b3-2161-4913-a7a7-814af2fd2621/logos/secondary_logo_on_secondary_color.png"", ""https://a.espncdn.com/guid/595690b3-2161-4913-a7a7-814af2fd2621/logos/secondary_logo_black.png"", ""https://a.espncdn.com/guid/595690b3-2161-4913-a7a7-814af2fd2621/logos/secondary_logo_white.png""]","[[""full"", ""default""], [""full"", ""dark""], [""full"", ""scoreboard""], [""full"", ""scoreboard"", ""dark""], [""full"", ""grayscale""], [""full"", ""primary_logo_on_white_color""], [""full"", ""primary_logo_on_black_color""], [""full"", ""primary_logo_on_primary_color""], [""full"", ""primary_logo_on_secondary_color""], [""full"", ""primary_logo_black""], [""full"", ""primary_logo_white""], [""full"", ""secondary_logo_on_white_color""], [""full"", ""secondary_logo_on_black_color""], [""full"", ""secondary_logo_on_primary_color""], [""full"", ""secondary_logo_on_secondary_color""], [""full"", ""secondary_logo_black""], [""full"", ""secondary_logo_white""]]","[500, 500, 500, 500, 500, 4096, 4096, 4096, 4096, 4096, 4096, 4096, 4096, 4096, 4096, 4096, 4096]",49fd392a-86fe-4df3-1b77-9bbfa18b2ad5,8802,Falcons,Falcons
football,nfl,1,Atlanta Falcons,ATL,Atlanta,000000,a71930,Atlanta,Falcons,atlanta-falcons,s:20~l:28~t:1,"[500, 500, 500, 500, 500, 4096, 4096, 4096, 4096, 4096, 4096, 4096, 4096, 4096, 4096, 4096, 4096]","[""https://a.espncdn.com/i/teamlogos/nfl/500/atl.png"", ""https://a.espncdn.com/i/teamlogos/nfl/500-dark/atl.png"", ""https://a.espncdn.com/i/teamlogos/nfl/500/scoreboard/atl.png"", ""https://a.espncdn.com/i/teamlogos/nfl/500-dark/scoreboard/atl.png"", ""https://a.espncdn.com/guid/595690b3-2161-4913-a7a7-814af2fd2621/logos/grayscale.png"", ""https://a.espncdn.com/guid/595690b3-2161-4913-a7a7-814af2fd2621/logos/primary_logo_on_white_color.png"", ""https://a.espncdn.com/guid/595690b3-2161-4913-a7a7-814af2fd2621/logos/primary_logo_on_black_color.png"", ""https://a.espncdn.com/guid/595690b3-2161-4913-a7a7-814af2fd2621/logos/primary_logo_on_primary_color.png"", ""https://a.espncdn.com/guid/595690b3-2161-4913-a7a7-814af2fd2621/logos/primary_logo_on_secondary_color.png"", ""https://a.espncdn.com/guid/595690b3-2161-4913-a7a7-814af2fd2621/logos/primary_logo_black.png"", ""https://a.espncdn.com/guid/595690b3-2161-4913-a7a7-814af2fd2621/logos/primary_logo_white.png"", ""https://a.espncdn.com/guid/595690b3-2161-4913-a7a7-814af2fd2621/logos/secondary_logo_on_white_color.png"", ""https://a.espncdn.com/guid/595690b3-2161-4913-a7a7-814af2fd2621/logos/secondary_logo_on_black_color.png"", ""https://a.espncdn.com/guid/595690b3-2161-4913-a7a7-814af2fd2621/logos/secondary_logo_on_primary_color.png"", ""https://a.espncdn.com/guid/595690b3-2161-4913-a7a7-814af2fd2621/logos/secondary_logo_on_secondary_color.png"", ""https://a.espncdn.com/guid/595690b3-2161-4913-a7a7-814af2fd2621/logos/secondary_logo_black.png"", ""https://a.espncdn.com/guid/595690b3-2161-4913-a7a7-814af2fd2621/logos/secondary_logo_white.png""]","[[""full"", ""default""], [""full"", ""dark""], [""full"", ""scoreboard""], [""full"", ""scoreboard"", ""dark""], [""full"", ""grayscale""], [""full"", ""primary_logo_on_white_color""], [""full"", ""primary_logo_on_black_color""], [""full"", ""primary_logo_on_primary_color""], [""full"", ""primary_logo_on_secondary_color""], [""full"", ""primary_logo_black""], [""full"", ""primary_logo_white""], [""full"", ""secondary_logo_on_white_color""], [""full"", ""secondary_logo_on_black_color""], [""full"", ""secondary_logo_on_primary_color""], [""full"", ""secondary_logo_on_secondary_color""], [""full"", ""secondary_logo_black""], [""full"", ""secondary_logo_white""]]","[500, 500, 500, 500, 500, 4096, 4096, 4096, 4096, 4096, 4096, 4096, 4096, 4096, 4096, 4096, 4096]",49fd392a-86fe-4df3-1b77-9bbfa18b2ad5,8802,Falcons,Falcons
football,nfl,33,Baltimore Ravens,BAL,BLT,000000,29126f,Baltimore,Ravens,baltimore-ravens,s:20~l:28~t:33,"[500, 500, 500, 500, 500, 4096, 4096, 4096, 4096, 4096, 4096, 4096, 4096, 4096, 4096, 4096, 4096]","[""https://a.espncdn.com/i/teamlogos/nfl/500/bal.png"", ""https://a.espncdn.com/i/teamlogos/nfl/500-dark/bal.png"", ""https://a.espncdn.com/i/teamlogos/nfl/500/scoreboard/bal.png"", ""https://a.espncdn.com/i/teamlogos/nfl/500-dark/scoreboard/bal.png"", ""https://a.espncdn.com/guid/ca6fb778-cbf6-d9a3-3e93-01230335fcab/logos/grayscale.png"", ""https://a.espncdn.com/guid/ca6fb778-cbf6-d9a3-3e93-01230335fcab/logos/primary_logo_on_white_color.png"", ""https://a.espncdn.com/guid/ca6fb778-cbf6-d9a3-3e93-01230335fcab/logos/primary_logo_on_black_color.png"", ""https://a.espncdn.com/guid/ca6fb778-cbf6-d9a3-3e93-01230335fcab/logos/primary_logo_on_primary_color.png"", ""https://a.espncdn.com/guid/ca6fb778-cbf6-d9a3-3e93-01230335fcab/logos/primary_logo_on_secondary_color.png"", ""https://a.espncdn.com/guid/ca6fb778-cbf6-d9a3-3e93-01230335fcab/logos/primary_logo_black.png"", ""https://a.espncdn.com/guid/ca6fb778-cbf6-d9a3-3e93-01230335fcab/logos/primary_logo_white.png"", ""https://a.espncdn.com/guid/ca6fb778-cbf6-d9a3-3e93-01230335fcab/logos/secondary_logo_on_white_color.png"", ""https://a.espncdn.com/guid/ca6fb778-cbf6-d9a3-3e93-01230335fcab/logos/secondary_logo_on_black_color.png"", ""https://a.espncdn.com/guid/ca6fb778-cbf6-d9a3-3e93-01230335fcab/logos/secondary_logo_on_primary_color.png"", ""https://a.espncdn.com/guid/ca6fb778-cbf6-d9a3-3e93-01230335fcab/logos/secondary_logo_on_secondary_color.png"", ""https://a.espncdn.com/guid/ca6fb778-cbf6-d9a3-3e93-01230335fcab/logos/secondary_logo_black.png"", ""https://a.espncdn.com/guid/ca6fb778-cbf6-d9a3-3e93-01230335fcab/logos/secondary_logo_white.png""]","[[""full"", ""default""], [""full"", ""dark""], [""full"", ""scoreboard""], [""full"", ""scoreboard"", ""dark""], [""full"", ""grayscale""], [""full"", ""primary_logo_on_white_color""], [""full"", ""primary_logo_on_black_color""], [""full"", ""primary_logo_on_primary_color""], [""full"", ""primary_logo_on_secondary_color""], [""full"", ""primary_logo_black""], [""full"", ""primary_logo_white""], [""full"", ""secondary_logo_on_white_color""], [""full"", ""secondary_logo_on_black_color""], [""full"", ""secondary_logo_on_primary_color""], [""full"", ""secondary_logo_on_secondary_color""], [""full"", ""secondary_logo_black""], [""full"", ""secondary_logo_white""]]","[500, 500, 500, 500, 500, 4096, 4096, 4096, 4096, 4096, 4096, 4096, 4096, 4096, 4096, 4096, 4096]",38248455-3da4-84e4-8090-98b5cc38ffdc,8803,Ravens,Ravens
football,nfl,33,Baltimore Ravens,BAL,rav,000000,29126f,Baltimore,Ravens,baltimore-ravens,s:20~l:28~t:33,"[500, 500, 500, 500, 500, 4096, 4096, 4096, 4096, 4096, 4096, 4096, 4096, 4096, 4096, 4096, 4096]","[""https://a.espncdn.com/i/teamlogos/nfl/500/bal.png"", ""https://a.espncdn.com/i/teamlogos/nfl/500-dark/bal.png"", ""https://a.espncdn.com/i/teamlogos/nfl/500/scoreboard/bal.png"", ""https://a.espncdn.com/i/teamlogos/nfl/500-dark/scoreboard/bal.png"", ""https://a.espncdn.com/guid/ca6fb778-cbf6-d9a3-3e93-01230335fcab/logos/grayscale.png"", ""https://a.espncdn.com/guid/ca6fb778-cbf6-d9a3-3e93-01230335fcab/logos/primary_logo_on_white_color.png"", ""https://a.espncdn.com/guid/ca6fb778-cbf6-d9a3-3e93-01230335fcab/logos/primary_logo_on_black_color.png"", ""https://a.espncdn.com/guid/ca6fb778-cbf6-d9a3-3e93-01230335fcab/logos/primary_logo_on_primary_color.png"", ""https://a.espncdn.com/guid/ca6fb778-cbf6-d9a3-3e93-01230335fcab/logos/primary_logo_on_secondary_color.png"", ""https://a.espncdn.com/guid/ca6fb778-cbf6-d9a3-3e93-01230335fcab/logos/primary_logo_black.png"", ""https://a.espncdn.com/guid/ca6fb778-cbf6-d9a3-3e93-01230335fcab/logos/primary_logo_white.png"", ""https://a.espncdn.com/guid/ca6fb778-cbf6-d9a3-3e93-01230335fcab/logos/secondary_logo_on_white_color.png"", ""https://a.espncdn.com/guid/ca6fb778-cbf6-d9a3-3e93-01230335fcab/logos/secondary_logo_on_black_color.png"", ""https://a.espncdn.com/guid/ca6fb778-cbf6-d9a3-3e93-01230335fcab/logos/secondary_logo_on_primary_color.png"", ""https://a.espncdn.com/guid/ca6fb778-cbf6-d9a3-3e93-01230335fcab/logos/secondary_logo_on_secondary_color.png"", ""https://a.espncdn.com/guid/ca6fb778-cbf6-d9a3-3e93-01230335fcab/logos/secondary_logo_black.png"", ""https://a.espncdn.com/guid/ca6fb778-cbf6-d9a3-3e93-01230335fcab/logos/secondary_logo_white.png""]","[[""full"", ""default""], [""full"", ""dark""], [""full"", ""scoreboard""], [""full"", ""scoreboard"", ""dark""], [""full"", ""grayscale""], [""full"", ""primary_logo_on_white_color""], [""full"", ""primary_logo_on_black_color""], [""full"", ""primary_logo_on_primary_color""], [""full"", ""primary_logo_on_secondary_color""], [""full"", ""primary_logo_black""], [""full"", ""primary_logo_white""], [""full"", ""secondary_logo_on_white_color""], [""full"", ""secondary_logo_on_black_color""], [""full"", ""secondary_logo_on_primary_color""], [""full"", ""secondary_logo_on_secondary_color""], [""full"", ""secondary_logo_black""], [""full"", ""secondary_logo_white""]]","[500, 500, 500, 500, 500, 4096, 4096, 4096, 4096, 4096, 4096, 4096, 4096, 4096, 4096, 4096, 4096]",38248455-3da4-84e4-8090-98b5cc38ffdc,8803,Ravens,Ravens
football,nfl,33,Baltimore Ravens,BAL,Baltimore,000000,29126f,Baltimore,Ravens,baltimore-ravens,s:20~l:28~t:33,"[500, 500, 500, 500, 500, 4096, 4096, 4096, 4096, 4096, 4096, 4096, 4096, 4096, 4096, 4096, 4096]","[""https://a.espncdn.com/i/teamlogos/nfl/500/bal.png"", ""https://a.espncdn.com/i/teamlogos/nfl/500-dark/bal.png"", ""https://a.espncdn.com/i/teamlogos/nfl/500/scoreboard/bal.png"", ""https://a.espncdn.com/i/teamlogos/nfl/500-dark/scoreboard/bal.png"", ""https://a.espncdn.com/guid/ca6fb778-cbf6-d9a3-3e93-01230335fcab/logos/grayscale.png"", ""https://a.espncdn.com/guid/ca6fb778-cbf6-d9a3-3e93-01230335fcab/logos/primary_logo_on_white_color.png"", ""https://a.espncdn.com/guid/ca6fb778-cbf6-d9a3-3e93-01230335fcab/logos/primary_logo_on_black_color.png"", ""https://a.espncdn.com/guid/ca6fb778-cbf6-d9a3-3e93-01230335fcab/logos/primary_logo_on_primary_color.png"", ""https://a.espncdn.com/guid/ca6fb778-cbf6-d9a3-3e93-01230335fcab/logos/primary_logo_on_secondary_color.png"", ""https://a.espncdn.com/guid/ca6fb778-cbf6-d9a3-3e93-01230335fcab/logos/primary_logo_black.png"", ""https://a.espncdn.com/guid/ca6fb778-cbf6-d9a3-3e93-01230335fcab/logos/primary_logo_white.png"", ""https://a.espncdn.com/guid/ca6fb778-cbf6-d9a3-3e93-01230335fcab/logos/secondary_logo_on_white_color.png"", ""https://a.espncdn.com/guid/ca6fb778-cbf6-d9a3-3e93-01230335fcab/logos/secondary_logo_on_black_color.png"", ""https://a.espncdn.com/guid/ca6fb778-cbf6-d9a3-3e93-01230335fcab/logos/secondary_logo_on_primary_color.png"", ""https://a.espncdn.com/guid/ca6fb778-cbf6-d9a3-3e93-01230335fcab/logos/secondary_logo_on_secondary_color.png"", ""https://a.espncdn.com/guid/ca6fb778-cbf6-d9a3-3e93-01230335fcab/logos/secondary_logo_black.png"", ""https://a.espncdn.com/guid/ca6fb778-cbf6-d9a3-3e93-01230335fcab/logos/secondary_logo_white.png""]","[[""full"", ""default""], [""full"", ""dark""], [""full"", ""scoreboard""], [""full"", ""scoreboard"", ""dark""], [""full"", ""grayscale""], [""full"", ""primary_logo_on_white_color""], [""full"", ""primary_logo_on_black_color""], [""full"", ""primary_logo_on_primary_color""], [""full"", ""primary_logo_on_secondary_color""], [""full"", ""primary_logo_black""], [""full"", ""primary_logo_white""], [""full"", ""secondary_logo_on_white_color""], [""full"", ""secondary_logo_on_black_color""], [""full"", ""secondary_logo_on_primary_color""], [""full"", ""secondary_logo_on_secondary_color""], [""full"", ""secondary_logo_black""], [""full"", ""secondary_logo_white""]]","[500, 500, 500, 500, 500, 4096, 4096, 4096, 4096, 4096, 4096, 4096, 4096, 4096, 4096, 4096, 4096]",38248455-3da4-84e4-8090-98b5cc38ffdc,8803,Ravens,Ravens
football,nfl,2,Buffalo Bills,BUF,buf,d50a0a,00338d,Buffalo,Bills,buffalo-bills,s:20~l:28~t:2,"[500, 500, 500, 500, 500, 4096, 4096, 4096, 4096, 4096, 4096, 4096, 4096, 4096, 4096, 4096, 4096]","[""https://a.espncdn.com/i/teamlogos/nfl/500/buf.png"", ""https://a.espncdn.com/i/teamlogos/nfl/500-dark/buf.png"", ""https://a.espncdn.com/i/teamlogos/nfl/500/scoreboard/buf.png"", ""https://a.espncdn.com/i/teamlogos/nfl/500-dark/scoreboard/buf.png"", ""https://a.espncdn.com/guid/49fd392a-86fe-4df3-1b77-9bbfa18b2ad5/logos/grayscale.png"", ""https://a.espncdn.com/guid/49fd392a-86fe-4df3-1b77-9bbfa18b2ad5/logos/primary_logo_on_white_color.png"", ""https://a.espncdn.com/guid/49fd392a-86fe-4df3-1b77-9bbfa18b2ad5/logos/primary_logo_on_black_color.png"", ""https://a.espncdn.com/guid/49fd392a-86fe-4df3-1b77-9bbfa18b2ad5/logos/primary_logo_on_primary_color.png"", ""https://a.espncdn.com/guid/49fd392a-86fe-4df3-1b77-9bbfa18b2ad5/logos/primary_logo_on_secondary_color.png"", ""https://a.espncdn.com/guid/49fd392a-86fe-4df3-1b77-9bbfa18b2ad5/logos/primary_logo_black.png"", ""https://a.espncdn.com/guid/49fd392a-86fe-4df3-1b77-9bbfa18b2ad5/logos/primary_logo_white.png"", ""https://a.espncdn.com/guid/49fd392a-86fe-4df3-1b77-9bbfa18b2ad5/logos/secondary_logo_on_white_color.png"", ""https://a.espncdn.com/guid/49fd392a-86fe-4df3-1b77-9bbfa18b2ad5/logos/secondary_logo_on_black_color.png"", ""https://a.espncdn.com/guid/49fd392a-86fe-4df3-1b77-9bbfa18b2ad5/logos/secondary_logo_on_primary_color.png"", ""https://a.espncdn.com/guid/49fd392a-86fe-4df3-1b77-9bbfa18b2ad5/logos/secondary_logo_on_secondary_color.png"", ""https://a.espncdn.com/guid/49fd392a-86fe-4df3-1b77-9bbfa18b2ad5/logos/secondary_logo_black.png"", ""https://a.espncdn.com/guid/49fd392a-86fe-4df3-1b77-9bbfa18b2ad5/logos/secondary_logo_white.png""]","[[""full"", ""default""], [""full"", ""dark""], [""full"", ""scoreboard""], [""full"", ""scoreboard"", ""dark""], [""full"", ""grayscale""], [""full"", ""primary_logo_on_white_color""], [""full"", ""primary_logo_on_black_color""], [""full"", ""primary_logo_on_primary_color""], [""full"", ""primary_logo_on_secondary_color""], [""full"", ""primary_logo_black""], [""full"", ""primary_logo_white""], [""full"", ""secondary_logo_on_white_color""], [""full"", ""secondary_logo_on_black_color""], [""full"", ""secondary_logo_on_primary_color""], [""full"", ""secondary_logo_on_secondary_color""], [""full"", ""secondary_logo_black""], [""full"", ""secondary_logo_white""]]","[500, 500, 500, 500, 500, 4096, 4096, 4096, 4096, 4096, 4096, 4096, 4096, 4096, 4096, 4096, 4096]",232afaf2-01ac-fcc2-8bd6-66550df1703a,8804,Bills,Bills
football,nfl,2,Buffalo Bills,BUF,Buffalo,d50a0a,00338d,Buffalo,Bills,buffalo-bills,s:20~l:28~t:2,"[500, 500, 500, 500, 500, 4096, 4096, 4096, 4096, 4096, 4096, 4096, 4096, 4096, 4096, 4096, 4096]","[""https://a.espncdn.com/i/teamlogos/nfl/500/buf.png"", ""https://a.espncdn.com/i/teamlogos/nfl/500-dark/buf.png"", ""https://a.espncdn.com/i/teamlogos/nfl/500/scoreboard/buf.png"", ""https://a.espncdn.com/i/teamlogos/nfl/500-dark/scoreboard/buf.png"", ""https://a.espncdn.com/guid/49fd392a-86fe-4df3-1b77-9bbfa18b2ad5/logos/grayscale.png"", ""https://a.espncdn.com/guid/49fd392a-86fe-4df3-1b77-9bbfa18b2ad5/logos/primary_logo_on_white_color.png"", ""https://a.espncdn.com/guid/49fd392a-86fe-4df3-1b77-9bbfa18b2ad5/logos/primary_logo_on_black_color.png"", ""https://a.espncdn.com/guid/49fd392a-86fe-4df3-1b77-9bbfa18b2ad5/logos/primary_logo_on_primary_color.png"", ""https://a.espncdn.com/guid/49fd392a-86fe-4df3-1b77-9bbfa18b2ad5/logos/primary_logo_on_secondary_color.png"", ""https://a.espncdn.com/guid/49fd392a-86fe-4df3-1b77-9bbfa18b2ad5/logos/primary_logo_black.png"", ""https://a.espncdn.com/guid/49fd392a-86fe-4df3-1b77-9bbfa18b2ad5/logos/primary_logo_white.png"", ""https://a.espncdn.com/guid/49fd392a-86fe-4df3-1b77-9bbfa18b2ad5/logos/secondary_logo_on_white_color.png"", ""https://a.espncdn.com/guid/49fd392a-86fe-4df3-1b77-9bbfa18b2ad5/logos/secondary_logo_on_black_color.png"", ""https://a.espncdn.com/guid/49fd392a-86fe-4df3-1b77-9bbfa18b2ad5/logos/secondary_logo_on_primary_color.png"", ""https://a.espncdn.com/guid/49fd392a-86fe-4df3-1b77-9bbfa18b2ad5/logos/secondary_logo_on_secondary_color.png"", ""https://a.espncdn.com/guid/49fd392a-86fe-4df3-1b77-9bbfa18b2ad5/logos/secondary_logo_black.png"", ""https://a.espncdn.com/guid/49fd392a-86fe-4df3-1b77-9bbfa18b2ad5/logos/secondary_logo_white.png""]","[[""full"", ""default""], [""full"", ""dark""], [""full"", ""scoreboard""], [""full"", ""scoreboard"", ""dark""], [""full"", ""grayscale""], [""full"", ""primary_logo_on_white_color""], [""full"", ""primary_logo_on_black_color""], [""full"", ""primary_logo_on_primary_color""], [""full"", ""primary_logo_on_secondary_color""], [""full"", ""primary_logo_black""], [""full"", ""primary_logo_white""], [""full"", ""secondary_logo_on_white_color""], [""full"", ""secondary_logo_on_black_color""], [""full"", ""secondary_logo_on_primary_color""], [""full"", ""secondary_logo_on_secondary_color""], [""full"", ""secondary_logo_black""], [""full"", ""secondary_logo_white""]]","[500, 500, 500, 500, 500, 4096, 4096, 4096, 4096, 4096, 4096, 4096, 4096, 4096, 4096, 4096, 4096]",232afaf2-01ac-fcc2-8bd6-66550df1703a,8804,Bills,Bills
football,nfl,29,Carolina Panthers,CAR,car,000000,0085ca,Carolina,Panthers,carolina-panthers,s:20~l:28~t:29,"[500, 500, 500, 500, 500, 4096, 4096, 4096, 4096, 4096, 4096, 4096, 4096, 4096, 4096, 4096, 4096]","[""https://a.espncdn.com/i/teamlogos/nfl/500/car.png"", ""https://a.espncdn.com/i/teamlogos/nfl/500-dark/car.png"", ""https://a.espncdn.com/i/teamlogos/nfl/500/scoreboard/car.png"", ""https://a.espncdn.com/i/teamlogos/nfl/500-dark/scoreboard/car.png"", ""https://a.espncdn.com/guid/fbeaf73e-6d6c-cca4-0809-713d9d741f90/logos/grayscale.png"", ""https://a.espncdn.com/guid/fbeaf73e-6d6c-cca4-0809-713d9d741f90/logos/primary_logo_on_white_color.png"", ""https://a.espncdn.com/guid/fbeaf73e-6d6c-cca4-0809-713d9d741f90/logos/primary_logo_on_black_color.png"", ""https://a.espncdn.com/guid/fbeaf73e-6d6c-cca4-0809-713d9d741f90/logos/primary_logo_on_primary_color.png"", ""https://a.espncdn.com/guid/fbeaf73e-6d6c-cca4-0809-713d9d741f90/logos/primary_logo_on_secondary_color.png"", ""https://a.espncdn.com/guid/fbeaf73e-6d6c-cca4-0809-713d9d741f90/logos/primary_logo_black.png"", ""https://a.espncdn.com/guid/fbeaf73e-6d6c-cca4-0809-713d9d741f90/logos/primary_logo_white.png"", ""https://a.espncdn.com/guid/fbeaf73e-6d6c-cca4-0809-713d9d741f90/logos/secondary_logo_on_white_color.png"", ""https://a.espncdn.com/guid/fbeaf73e-6d6c-cca4-0809-713d9d741f90/logos/secondary_logo_on_black_color.png"", ""https://a.espncdn.com/guid/fbeaf73e-6d6c-cca4-0809-713d9d741f90/logos/secondary_logo_on_primary_color.png"", ""https://a.espncdn.com/guid/fbeaf73e-6d6c-cca4-0809-713d9d741f90/logos/secondary_logo_on_secondary_color.png"", ""https://a.espncdn.com/guid/fbeaf73e-6d6c-cca4-0809-713d9d741f90/logos/secondary_logo_black.png"", ""https://a.espncdn.com/guid/fbeaf73e-6d6c-cca4-0809-713d9d741f90/logos/secondary_logo_white.png""]","[[""full"", ""default""], [""full"", ""dark""], [""full"", ""scoreboard""], [""full"", ""scoreboard"", ""dark""], [""full"", ""grayscale""], [""full"", ""primary_logo_on_white_color""], [""full"", ""primary_logo_on_black_color""], [""full"", ""primary_logo_on_primary_color""], [""full"", ""primary_logo_on_secondary_color""], [""full"", ""primary_logo_black""], [""full"", ""primary_logo_white""], [""full"", ""secondary_logo_on_white_color""], [""full"", ""secondary_logo_on_black_color""], [""full"", ""secondary_logo_on_primary_color""], [""full"", ""secondary_logo_on_secondary_color""], [""full"", ""secondary_logo_black""], [""full"", ""secondary_logo_white""]]","[500, 500, 500, 500, 500, 4096, 4096, 4096, 4096, 4096, 4096, 4096, 4096, 4096, 4096, 4096, 4096]",647c27bf-ab86-550e-5b83-91c29e73e4a9,8805,Panthers,Panthers
football,nfl,29,Carolina Panthers,CAR,Carolina,000000,0085ca,Carolina,Panthers,carolina-panthers,s:20~l:28~t:29,"[500, 500, 500, 500, 500, 4096, 4096, 4096, 4096, 4096, 4096, 4096, 4096, 4096, 4096, 4096, 4096]","[""https://a.espncdn.com/i/teamlogos/nfl/500/car.png"", ""https://a.espncdn.com/i/teamlogos/nfl/500-dark/car.png"", ""https://a.espncdn.com/i/teamlogos/nfl/500/scoreboard/car.png"", ""https://a.espncdn.com/i/teamlogos/nfl/500-dark/scoreboard/car.png"", ""https://a.espncdn.com/guid/fbeaf73e-6d6c-cca4-0809-713d9d741f90/logos/grayscale.png"", ""https://a.espncdn.com/guid/fbeaf73e-6d6c-cca4-0809-713d9d741f90/logos/primary_logo_on_white_color.png"", ""https://a.espncdn.com/guid/fbeaf73e-6d6c-cca4-0809-713d9d741f90/logos/primary_logo_on_black_color.png"", ""https://a.espncdn.com/guid/fbeaf73e-6d6c-cca4-0809-713d9d741f90/logos/primary_logo_on_primary_color.png"", ""https://a.espncdn.com/guid/fbeaf73e-6d6c-cca4-0809-713d9d741f90/logos/primary_logo_on_secondary_color.png"", ""https://a.espncdn.com/guid/fbeaf73e-6d6c-cca4-0809-713d9d741f90/logos/primary_logo_black.png"", ""https://a.espncdn.com/guid/fbeaf73e-6d6c-cca4-0809-713d9d741f90/logos/primary_logo_white.png"", ""https://a.espncdn.com/guid/fbeaf73e-6d6c-cca4-0809-713d9d741f90/logos/secondary_logo_on_white_color.png"", ""https://a.espncdn.com/guid/fbeaf73e-6d6c-cca4-0809-713d9d741f90/logos/secondary_logo_on_black_color.png"", ""https://a.espncdn.com/guid/fbeaf73e-6d6c-cca4-0809-713d9d741f90/logos/secondary_logo_on_primary_color.png"", ""https://a.espncdn.com/guid/fbeaf73e-6d6c-cca4-0809-713d9d741f90/logos/secondary_logo_on_secondary_color.png"", ""https://a.espncdn.com/guid/fbeaf73e-6d6c-cca4-0809-713d9d741f90/logos/secondary_logo_black.png"", ""https://a.espncdn.com/guid/fbeaf73e-6d6c-cca4-0809-713d9d741f90/logos/secondary_logo_white.png""]","[[""full"", ""default""], [""full"", ""dark""], [""full"", ""scoreboard""], [""full"", ""scoreboard"", ""dark""], [""full"", ""grayscale""], [""full"", ""primary_logo_on_white_color""], [""full"", ""primary_logo_on_black_color""], [""full"", ""primary_logo_on_primary_color""], [""full"", ""primary_logo_on_secondary_color""], [""full"", ""primary_logo_black""], [""full"", ""primary_logo_white""], [""full"", ""secondary_logo_on_white_color""], [""full"", ""secondary_logo_on_black_color""], [""full"", ""secondary_logo_on_primary_color""], [""full"", ""secondary_logo_on_secondary_color""], [""full"", ""secondary_logo_black""], [""full"", ""secondary_logo_white""]]","[500, 500, 500, 500, 500, 4096, 4096, 4096, 4096, 4096, 4096, 4096, 4096, 4096, 4096, 4096, 4096]",647c27bf-ab86-550e-5b83-91c29e73e4a9,8805,Panthers,Panthers
football,nfl,3,Chicago Bears,CHI,chi,e64100,0b1c3a,Chicago,Bears,chicago-bears,s:20~l:28~t:3,"[500, 500, 500, 500, 500, 4096, 4096, 4096, 4096, 4096, 4096, 4096, 4096, 4096, 4096, 4096, 4096]","[""https://a.espncdn.com/i/teamlogos/nfl/500/chi.png"", ""https://a.espncdn.com/i/teamlogos/nfl/500-dark/chi.png"", ""https://a.espncdn.com/i/teamlogos/nfl/500/scoreboard/chi.png"", ""https://a.espncdn.com/i/teamlogos/nfl/500-dark/scoreboard/chi.png"", ""https://a.espncdn.com/guid/232afaf2-01ac-fcc2-8bd6-66550df1703a/logos/grayscale.png"", ""https://a.espncdn.com/guid/232afaf2-01ac-fcc2-8bd6-66550df1703a/logos/primary_logo_on_white_color.png"", ""https://a.espncdn.com/guid/232afaf2-01ac-fcc2-8bd6-66550df1703a/logos/primary_logo_on_black_color.png"", ""https://a.espncdn.com/guid/232afaf2-01ac-fcc2-8bd6-66550df1703a/logos/primary_logo_on_primary_color.png"", ""https://a.espncdn.com/guid/232afaf2-01ac-fcc2-8bd6-66550df1703a/logos/primary_logo_on_secondary_color.png"", ""https://a.espncdn.com/guid/232afaf2-01ac-fcc2-8bd6-66550df1703a/logos/primary_logo_black.png"", ""https://a.espncdn.com/guid/232afaf2-01ac-fcc2-8bd6-66550df1703a/logos/primary_logo_white.png"", ""https://a.espncdn.com/guid/232afaf2-01ac-fcc2-8bd6-66550df1703a/logos/secondary_logo_on_white_color.png"", ""https://a.espncdn.com/guid/232afaf2-01ac-fcc2-8bd6-66550df1703a/logos/secondary_logo_on_black_color.png"", ""https://a.espncdn.com/guid/232afaf2-01ac-fcc2-8bd6-66550df1703a/logos/secondary_logo_on_primary_color.png"", ""https://a.espncdn.com/guid/232afaf2-01ac-fcc2-8bd6-66550df1703a/logos/secondary_logo_on_secondary_color.png"", ""https://a.espncdn.com/guid/232afaf2-01ac-fcc2-8bd6-66550df1703a/logos/secondary_logo_black.png"", ""https://a.espncdn.com/guid/232afaf2-01ac-fcc2-8bd6-66550df1703a/logos/secondary_logo_white.png""]","[[""full"", ""default""], [""full"", ""dark""], [""full"", ""scoreboard""], [""full"", ""scoreboard"", ""dark""], [""full"", ""grayscale""], [""full"", ""primary_logo_on_white_color""], [""full"", ""primary_logo_on_black_color""], [""full"", ""primary_logo_on_primary_color""], [""full"", ""primary_logo_on_secondary_color""], [""full"", ""primary_logo_black""], [""full"", ""primary_logo_white""], [""full"", ""secondary_logo_on_white_color""], [""full"", ""secondary_logo_on_black_color""], [""full"", ""secondary_logo_on_primary_color""], [""full"", ""secondary_logo_on_secondary_color""], [""full"", ""secondary_logo_black""], [""full"", ""secondary_logo_white""]]","[500, 500, 500, 500, 500, 4096, 4096, 4096, 4096, 4096, 4096, 4096, 4096, 4096, 4096, 4096, 4096]",19d73366-b5a5-cca2-a176-a2c024ce0bb3,8806,Bears,Bears
football,nfl,3,Chicago Bears,CHI,Chicago,e64100,0b1c3a,Chicago,Bears,chicago-bears,s:20~l:28~t:3,"[500, 500, 500, 500, 500, 4096, 4096, 4096, 4096, 4096, 4096, 4096, 4096, 4096, 4096, 4096, 4096]","[""https://a.espncdn.com/i/teamlogos/nfl/500/chi.png"", ""https://a.espncdn.com/i/teamlogos/nfl/500-dark/chi.png"", ""https://a.espncdn.com/i/teamlogos/nfl/500/scoreboard/chi.png"", ""https://a.espncdn.com/i/teamlogos/nfl/500-dark/scoreboard/chi.png"", ""https://a.espncdn.com/guid/232afaf2-01ac-fcc2-8bd6-66550df1703a/logos/grayscale.png"", ""https://a.espncdn.com/guid/232afaf2-01ac-fcc2-8bd6-66550df1703a/logos/primary_logo_on_white_color.png"", ""https://a.espncdn.com/guid/232afaf2-01ac-fcc2-8bd6-66550df1703a/logos/primary_logo_on_black_color.png"", ""https://a.espncdn.com/guid/232afaf2-01ac-fcc2-8bd6-66550df1703a/logos/primary_logo_on_primary_color.png"", ""https://a.espncdn.com/guid/232afaf2-01ac-fcc2-8bd6-66550df1703a/logos/primary_logo_on_secondary_color.png"", ""https://a.espncdn.com/guid/232afaf2-01ac-fcc2-8bd6-66550df1703a/logos/primary_logo_black.png"", ""https://a.espncdn.com/guid/232afaf2-01ac-fcc2-8bd6-66550df1703a/logos/primary_logo_white.png"", ""https://a.espncdn.com/guid/232afaf2-01ac-fcc2-8bd6-66550df1703a/logos/secondary_logo_on_white_color.png"", ""https://a.espncdn.com/guid/232afaf2-01ac-fcc2-8bd6-66550df1703a/logos/secondary_logo_on_black_color.png"", ""https://a.espncdn.com/guid/232afaf2-01ac-fcc2-8bd6-66550df1703a/logos/secondary_logo_on_primary_color.png"", ""https://a.espncdn.com/guid/232afaf2-01ac-fcc2-8bd6-66550df1703a/logos/secondary_logo_on_secondary_color.png"", ""https://a.espncdn.com/guid/232afaf2-01ac-fcc2-8bd6-66550df1703a/logos/secondary_logo_black.png"", ""https://a.espncdn.com/guid/232afaf2-01ac-fcc2-8bd6-66550df1703a/logos/secondary_logo_white.png""]","[[""full"", ""default""], [""full"", ""dark""], [""full"", ""scoreboard""], [""full"", ""scoreboard"", ""dark""], [""full"", ""grayscale""], [""full"", ""primary_logo_on_white_color""], [""full"", ""primary_logo_on_black_color""], [""full"", ""primary_logo_on_primary_color""], [""full"", ""primary_logo_on_secondary_color""], [""full"", ""primary_logo_black""], [""full"", ""primary_logo_white""], [""full"", ""secondary_logo_on_white_color""], [""full"", ""secondary_logo_on_black_color""], [""full"", ""secondary_logo_on_primary_color""], [""full"", ""secondary_logo_on_secondary_color""], [""full"", ""secondary_logo_black""], [""full"", ""secondary_logo_white""]]","[500, 500, 500, 500, 500, 4096, 4096, 4096, 4096, 4096, 4096, 4096, 4096, 4096, 4096, 4096, 4096]",19d73366-b5a5-cca2-a176-a2c024ce0bb3,8806,Bears,Bears
football,nfl,4,Cincinnati Bengals,CIN,cin,000000,fb4f14,Cincinnati,Bengals,cincinnati-bengals,s:20~l:28~t:4,"[500, 500, 500, 500, 500, 4096, 4096, 4096, 4096, 4096, 4096, 4096, 4096, 4096, 4096, 4096, 4096]","[""https://a.espncdn.com/i/teamlogos/nfl/500/cin.png"", ""https://a.espncdn.com/i/teamlogos/nfl/500-dark/cin.png"", ""https://a.espncdn.com/i/teamlogos/nfl/500/scoreboard/cin.png"", ""https://a.espncdn.com/i/teamlogos/nfl/500-dark/scoreboard/cin.png"", ""https://a.espncdn.com/guid/19d73366-b5a5-cca2-a176-a2c024ce0bb3/logos/grayscale.png"", ""https://a.espncdn.com/guid/19d73366-b5a5-cca2-a176-a2c024ce0bb3/logos/primary_logo_on_white_color.png"", ""https://a.espncdn.com/guid/19d73366-b5a5-cca2-a176-a2c024ce0bb3/logos/primary_logo_on_black_color.png"", ""https://a.espncdn.com/guid/19d73366-b5a5-cca2-a176-a2c024ce0bb3/logos/primary_logo_on_primary_color.png"", ""https://a.espncdn.com/guid/19d73366-b5a5-cca2-a176-a2c024ce0bb3/logos/primary_logo_on_secondary_color.png"", ""https://a.espncdn.com/guid/19d73366-b5a5-cca2-a176-a2c024ce0bb3/logos/primary_logo_black.png"", ""https://a.espncdn.com/guid/19d73366-b5a5-cca2-a176-a2c024ce0bb3/logos/primary_logo_white.png"", ""https://a.espncdn.com/guid/19d73366-b5a5-cca2-a176-a2c024ce0bb3/logos/secondary_logo_on_white_color.png"", ""https://a.espncdn.com/guid/19d73366-b5a5-cca2-a176-a2c024ce0bb3/logos/secondary_logo_on_black_color.png"", ""https://a.espncdn.com/guid/19d73366-b5a5-cca2-a176-a2c024ce0bb3/logos/secondary_logo_on_primary_color.png"", ""https://a.espncdn.com/guid/19d73366-b5a5-cca2-a176-a2c024ce0bb3/logos/secondary_logo_on_secondary_color.png"", ""https://a.espncdn.com/guid/19d73366-b5a5-cca2-a176-a2c024ce0bb3/logos/secondary_logo_black.png"", ""https://a.espncdn.com/guid/19d73366-b5a5-cca2-a176-a2c024ce0bb3/logos/secondary_logo_white.png""]","[[""full"", ""default""], [""full"", ""dark""], [""full"", ""scoreboard""], [""full"", ""scoreboard"", ""dark""], [""full"", ""grayscale""], [""full"", ""primary_logo_on_white_color""], [""full"", ""primary_logo_on_black_color""], [""full"", ""primary_logo_on_primary_color""], [""full"", ""primary_logo_on_secondary_color""], [""full"", ""primary_logo_black""], [""full"", ""primary_logo_white""], [""full"", ""secondary_logo_on_white_color""], [""full"", ""secondary_logo_on_black_color""], [""full"", ""secondary_logo_on_primary_color""], [""full"", ""secondary_logo_on_secondary_color""], [""full"", ""secondary_logo_black""], [""full"", ""secondary_logo_white""]]","[500, 500, 500, 500, 500, 4096, 4096, 4096, 4096, 4096, 4096, 4096, 4096, 4096, 4096, 4096, 4096]",75b8623b-8926-b411-0476-3d3602b78523,8807,Bengals,Bengals
football,nfl,4,Cincinnati Bengals,CIN,Cincinnati,000000,fb4f14,Cincinnati,Bengals,cincinnati-bengals,s:20~l:28~t:4,"[500, 500, 500, 500, 500, 4096, 4096, 4096, 4096, 4096, 4096, 4096, 4096, 4096, 4096, 4096, 4096]","[""https://a.espncdn.com/i/teamlogos/nfl/500/cin.png"", ""https://a.espncdn.com/i/teamlogos/nfl/500-dark/cin.png"", ""https://a.espncdn.com/i/teamlogos/nfl/500/scoreboard/cin.png"", ""https://a.espncdn.com/i/teamlogos/nfl/500-dark/scoreboard/cin.png"", ""https://a.espncdn.com/guid/19d73366-b5a5-cca2-a176-a2c024ce0bb3/logos/grayscale.png"", ""https://a.espncdn.com/guid/19d73366-b5a5-cca2-a176-a2c024ce0bb3/logos/primary_logo_on_white_color.png"", ""https://a.espncdn.com/guid/19d73366-b5a5-cca2-a176-a2c024ce0bb3/logos/primary_logo_on_black_color.png"", ""https://a.espncdn.com/guid/19d73366-b5a5-cca2-a176-a2c024ce0bb3/logos/primary_logo_on_primary_color.png"", ""https://a.espncdn.com/guid/19d73366-b5a5-cca2-a176-a2c024ce0bb3/logos/primary_logo_on_secondary_color.png"", ""https://a.espncdn.com/guid/19d73366-b5a5-cca2-a176-a2c024ce0bb3/logos/primary_logo_black.png"", ""https://a.espncdn.com/guid/19d73366-b5a5-cca2-a176-a2c024ce0bb3/logos/primary_logo_white.png"", ""https://a.espncdn.com/guid/19d73366-b5a5-cca2-a176-a2c024ce0bb3/logos/secondary_logo_on_white_color.png"", ""https://a.espncdn.com/guid/19d73366-b5a5-cca2-a176-a2c024ce0bb3/logos/secondary_logo_on_black_color.png"", ""https://a.espncdn.com/guid/19d73366-b5a5-cca2-a176-a2c024ce0bb3/logos/secondary_logo_on_primary_color.png"", ""https://a.espncdn.com/guid/19d73366-b5a5-cca2-a176-a2c024ce0bb3/logos/secondary_logo_on_secondary_color.png"", ""https://a.espncdn.com/guid/19d73366-b5a5-cca2-a176-a2c024ce0bb3/logos/secondary_logo_black.png"", ""https://a.espncdn.com/guid/19d73366-b5a5-cca2-a176-a2c024ce0bb3/logos/secondary_logo_white.png""]","[[""full"", ""default""], [""full"", ""dark""], [""full"", ""scoreboard""], [""full"", ""scoreboard"", ""dark""], [""full"", ""grayscale""], [""full"", ""primary_logo_on_white_color""], [""full"", ""primary_logo_on_black_color""], [""full"", ""primary_logo_on_primary_color""], [""full"", ""primary_logo_on_secondary_color""], [""full"", ""primary_logo_black""], [""full"", ""primary_logo_white""], [""full"", ""secondary_logo_on_white_color""], [""full"", ""secondary_logo_on_black_color""], [""full"", ""secondary_logo_on_primary_color""], [""full"", ""secondary_logo_on_secondary_color""], [""full"", ""secondary_logo_black""], [""full"", ""secondary_logo_white""]]","[500, 500, 500, 500, 500, 4096, 4096, 4096, 4096, 4096, 4096, 4096, 4096, 4096, 4096, 4096, 4096]",75b8623b-8926-b411-0476-3d3602b78523,8807,Bengals,Bengals
football,nfl,5,Cleveland Browns,CLE,cle,ff3c00,472a08,Cleveland,Browns,cleveland-browns,s:20~l:28~t:5,"[500, 500, 500, 500, 500, 4096, 4096, 4096, 4096, 4096, 4096, 4096, 4096, 4096, 4096, 4096, 4096]","[""https://a.espncdn.com/i/teamlogos/nfl/500/cle.png"", ""https://a.espncdn.com/i/teamlogos/nfl/500-dark/cle.png"", ""https://a.espncdn.com/i/teamlogos/nfl/500/scoreboard/cle.png"", ""https://a.espncdn.com/i/teamlogos/nfl/500-dark/scoreboard/cle.png"", ""https://a.espncdn.com/guid/75b8623b-8926-b411-0476-3d3602b78523/logos/grayscale.png"", ""https://a.espncdn.com/guid/75b8623b-8926-b411-0476-3d3602b78523/logos/primary_logo_on_white_color.png"", ""https://a.espncdn.com/guid/75b8623b-8926-b411-0476-3d3602b78523/logos/primary_logo_on_black_color.png"", ""https://a.espncdn.com/guid/75b8623b-8926-b411-0476-3d3602b78523/logos/primary_logo_on_primary_color.png"", ""https://a.espncdn.com/guid/75b8623b-8926-b411-0476-3d3602b78523/logos/primary_logo_on_secondary_color.png"", ""https://a.espncdn.com/guid/75b8623b-8926-b411-0476-3d3602b78523/logos/primary_logo_black.png"", ""https://a.espncdn.com/guid/75b8623b-8926-b411-0476-3d3602b78523/logos/primary_logo_white.png"", ""https://a.espncdn.com/guid/75b8623b-8926-b411-0476-3d3602b78523/logos/secondary_logo_on_white_color.png"", ""https://a.espncdn.com/guid/75b8623b-8926-b411-0476-3d3602b78523/logos/secondary_logo_on_black_color.png"", ""https://a.espncdn.com/guid/75b8623b-8926-b411-0476-3d3602b78523/logos/secondary_logo_on_primary_color.png"", ""https://a.espncdn.com/guid/75b8623b-8926-b411-0476-3d3602b78523/logos/secondary_logo_on_secondary_color.png"", ""https://a.espncdn.com/guid/75b8623b-8926-b411-0476-3d3602b78523/logos/secondary_logo_black.png"", ""https://a.espncdn.com/guid/75b8623b-8926-b411-0476-3d3602b78523/logos/secondary_logo_white.png""]","[[""full"", ""default""], [""full"", ""dark""], [""full"", ""scoreboard""], [""full"", ""scoreboard"", ""dark""], [""full"", ""grayscale""], [""full"", ""primary_logo_on_white_color""], [""full"", ""primary_logo_on_black_color""], [""full"", ""primary_logo_on_primary_color""], [""full"", ""primary_logo_on_secondary_color""], [""full"", ""primary_logo_black""], [""full"", ""primary_logo_white""], [""full"", ""secondary_logo_on_white_color""], [""full"", ""secondary_logo_on_black_color""], [""full"", ""secondary_logo_on_primary_color""], [""full"", ""secondary_logo_on_secondary_color""], [""full"", ""secondary_logo_black""], [""full"", ""secondary_logo_white""]]","[500, 500, 500, 500, 500, 4096, 4096, 4096, 4096, 4096, 4096, 4096, 4096, 4096, 4096, 4096, 4096]",539babc5-e5fb-753b-8ae1-c15032a91ef4,8808,Browns,Browns
football,nfl,5,Cleveland Browns,CLE,Cleveland,ff3c00,472a08,Cleveland,Browns,cleveland-browns,s:20~l:28~t:5,"[500, 500, 500, 500, 500, 4096, 4096, 4096, 4096, 4096, 4096, 4096, 4096, 4096, 4096, 4096, 4096]","[""https://a.espncdn.com/i/teamlogos/nfl/500/cle.png"", ""https://a.espncdn.com/i/teamlogos/nfl/500-dark/cle.png"", ""https://a.espncdn.com/i/teamlogos/nfl/500/scoreboard/cle.png"", ""https://a.espncdn.com/i/teamlogos/nfl/500-dark/scoreboard/cle.png"", ""https://a.espncdn.com/guid/75b8623b-8926-b411-0476-3d3602b78523/logos/grayscale.png"", ""https://a.espncdn.com/guid/75b8623b-8926-b411-0476-3d3602b78523/logos/primary_logo_on_white_color.png"", ""https://a.espncdn.com/guid/75b8623b-8926-b411-0476-3d3602b78523/logos/primary_logo_on_black_color.png"", ""https://a.espncdn.com/guid/75b8623b-8926-b411-0476-3d3602b78523/logos/primary_logo_on_primary_color.png"", ""https://a.espncdn.com/guid/75b8623b-8926-b411-0476-3d3602b78523/logos/primary_logo_on_secondary_color.png"", ""https://a.espncdn.com/guid/75b8623b-8926-b411-0476-3d3602b78523/logos/primary_logo_black.png"", ""https://a.espncdn.com/guid/75b8623b-8926-b411-0476-3d3602b78523/logos/primary_logo_white.png"", ""https://a.espncdn.com/guid/75b8623b-8926-b411-0476-3d3602b78523/logos/secondary_logo_on_white_color.png"", ""https://a.espncdn.com/guid/75b8623b-8926-b411-0476-3d3602b78523/logos/secondary_logo_on_black_color.png"", ""https://a.espncdn.com/guid/75b8623b-8926-b411-0476-3d3602b78523/logos/secondary_logo_on_primary_color.png"", ""https://a.espncdn.com/guid/75b8623b-8926-b411-0476-3d3602b78523/logos/secondary_logo_on_secondary_color.png"", ""https://a.espncdn.com/guid/75b8623b-8926-b411-0476-3d3602b78523/logos/secondary_logo_black.png"", ""https://a.espncdn.com/guid/75b8623b-8926-b411-0476-3d3602b78523/logos/secondary_logo_white.png""]","[[""full"", ""default""], [""full"", ""dark""], [""full"", ""scoreboard""], [""full"", ""scoreboard"", ""dark""], [""full"", ""grayscale""], [""full"", ""primary_logo_on_white_color""], [""full"", ""primary_logo_on_black_color""], [""full"", ""primary_logo_on_primary_color""], [""full"", ""primary_logo_on_secondary_color""], [""full"", ""primary_logo_black""], [""full"", ""primary_logo_white""], [""full"", ""secondary_logo_on_white_color""], [""full"", ""secondary_logo_on_black_color""], [""full"", ""secondary_logo_on_primary_color""], [""full"", ""secondary_logo_on_secondary_color""], [""full"", ""secondary_logo_black""], [""full"", ""secondary_logo_white""]]","[500, 500, 500, 500, 500, 4096, 4096, 4096, 4096, 4096, 4096, 4096, 4096, 4096, 4096, 4096, 4096]",539babc5-e5fb-753b-8ae1-c15032a91ef4,8808,Browns,Browns
football,nfl,6,Dallas Cowboys,DAL,dal,b0b7bc,002a5c,Dallas,Cowboys,dallas-cowboys,s:20~l:28~t:6,"[500, 500, 500, 500, 500, 4096, 4096, 4096, 4096, 4096, 4096, 4096, 4096, 4096, 4096, 4096, 4096]","[""https://a.espncdn.com/i/teamlogos/nfl/500/dal.png"", ""https://a.espncdn.com/i/teamlogos/nfl/500-dark/dal.png"", ""https://a.espncdn.com/i/teamlogos/nfl/500/scoreboard/dal.png"", ""https://a.espncdn.com/i/teamlogos/nfl/500-dark/scoreboard/dal.png"", ""https://a.espncdn.com/guid/539babc5-e5fb-753b-8ae1-c15032a91ef4/logos/grayscale.png"", ""https://a.espncdn.com/guid/539babc5-e5fb-753b-8ae1-c15032a91ef4/logos/primary_logo_on_white_color.png"", ""https://a.espncdn.com/guid/539babc5-e5fb-753b-8ae1-c15032a91ef4/logos/primary_logo_on_black_color.png"", ""https://a.espncdn.com/guid/539babc5-e5fb-753b-8ae1-c15032a91ef4/logos/primary_logo_on_primary_color.png"", ""https://a.espncdn.com/guid/539babc5-e5fb-753b-8ae1-c15032a91ef4/logos/primary_logo_on_secondary_color.png"", ""https://a.espncdn.com/guid/539babc5-e5fb-753b-8ae1-c15032a91ef4/logos/primary_logo_black.png"", ""https://a.espncdn.com/guid/539babc5-e5fb-753b-8ae1-c15032a91ef4/logos/primary_logo_white.png"", ""https://a.espncdn.com/guid/539babc5-e5fb-753b-8ae1-c15032a91ef4/logos/secondary_logo_on_white_color.png"", ""https://a.espncdn.com/guid/539babc5-e5fb-753b-8ae1-c15032a91ef4/logos/secondary_logo_on_black_color.png"", ""https://a.espncdn.com/guid/539babc5-e5fb-753b-8ae1-c15032a91ef4/logos/secondary_logo_on_primary_color.png"", ""https://a.espncdn.com/guid/539babc5-e5fb-753b-8ae1-c15032a91ef4/logos/secondary_logo_on_secondary_color.png"", ""https://a.espncdn.com/guid/539babc5-e5fb-753b-8ae1-c15032a91ef4/logos/secondary_logo_black.png"", ""https://a.espncdn.com/guid/539babc5-e5fb-753b-8ae1-c15032a91ef4/logos/secondary_logo_white.png""]","[[""full"", ""default""], [""full"", ""dark""], [""full"", ""scoreboard""], [""full"", ""scoreboard"", ""dark""], [""full"", ""grayscale""], [""full"", ""primary_logo_on_white_color""], [""full"", ""primary_logo_on_black_color""], [""full"", ""primary_logo_on_primary_color""], [""full"", ""primary_logo_on_secondary_color""], [""full"", ""primary_logo_black""], [""full"", ""primary_logo_white""], [""full"", ""secondary_logo_on_white_color""], [""full"", ""secondary_logo_on_black_color""], [""full"", ""secondary_logo_on_primary_color""], [""full"", ""secondary_logo_on_secondary_color""], [""full"", ""secondary_logo_black""], [""full"", ""secondary_logo_white""]]","[500, 500, 500, 500, 500, 4096, 4096, 4096, 4096, 4096, 4096, 4096, 4096, 4096, 4096, 4096, 4096]",b0fc8fb7-9dbe-e574-9008-6f0ee7c6b234,8809,Cowboys,Cowboys
football,nfl,6,Dallas Cowboys,DAL,Dallas,b0b7bc,002a5c,Dallas,Cowboys,dallas-cowboys,s:20~l:28~t:6,"[500, 500, 500, 500, 500, 4096, 4096, 4096, 4096, 4096, 4096, 4096, 4096, 4096, 4096, 4096, 4096]","[""https://a.espncdn.com/i/teamlogos/nfl/500/dal.png"", ""https://a.espncdn.com/i/teamlogos/nfl/500-dark/dal.png"", ""https://a.espncdn.com/i/teamlogos/nfl/500/scoreboard/dal.png"", ""https://a.espncdn.com/i/teamlogos/nfl/500-dark/scoreboard/dal.png"", ""https://a.espncdn.com/guid/539babc5-e5fb-753b-8ae1-c15032a91ef4/logos/grayscale.png"", ""https://a.espncdn.com/guid/539babc5-e5fb-753b-8ae1-c15032a91ef4/logos/primary_logo_on_white_color.png"", ""https://a.espncdn.com/guid/539babc5-e5fb-753b-8ae1-c15032a91ef4/logos/primary_logo_on_black_color.png"", ""https://a.espncdn.com/guid/539babc5-e5fb-753b-8ae1-c15032a91ef4/logos/primary_logo_on_primary_color.png"", ""https://a.espncdn.com/guid/539babc5-e5fb-753b-8ae1-c15032a91ef4/logos/primary_logo_on_secondary_color.png"", ""https://a.espncdn.com/guid/539babc5-e5fb-753b-8ae1-c15032a91ef4/logos/primary_logo_black.png"", ""https://a.espncdn.com/guid/539babc5-e5fb-753b-8ae1-c15032a91ef4/logos/primary_logo_white.png"", ""https://a.espncdn.com/guid/539babc5-e5fb-753b-8ae1-c15032a91ef4/logos/secondary_logo_on_white_color.png"", ""https://a.espncdn.com/guid/539babc5-e5fb-753b-8ae1-c15032a91ef4/logos/secondary_logo_on_black_color.png"", ""https://a.espncdn.com/guid/539babc5-e5fb-753b-8ae1-c15032a91ef4/logos/secondary_logo_on_primary_color.png"", ""https://a.espncdn.com/guid/539babc5-e5fb-753b-8ae1-c15032a91ef4/logos/secondary_logo_on_secondary_color.png"", ""https://a.espncdn.com/guid/539babc5-e5fb-753b-8ae1-c15032a91ef4/logos/secondary_logo_black.png"", ""https://a.espncdn.com/guid/539babc5-e5fb-753b-8ae1-c15032a91ef4/logos/secondary_logo_white.png""]","[[""full"", ""default""], [""full"", ""dark""], [""full"", ""scoreboard""], [""full"", ""scoreboard"", ""dark""], [""full"", ""grayscale""], [""full"", ""primary_logo_on_white_color""], [""full"", ""primary_logo_on_black_color""], [""full"", ""primary_logo_on_primary_color""], [""full"", ""primary_logo_on_secondary_color""], [""full"", ""primary_logo_black""], [""full"", ""primary_logo_white""], [""full"", ""secondary_logo_on_white_color""], [""full"", ""secondary_logo_on_black_color""], [""full"", ""secondary_logo_on_primary_color""], [""full"", ""secondary_logo_on_secondary_color""], [""full"", ""secondary_logo_black""], [""full"", ""secondary_logo_white""]]","[500, 500, 500, 500, 500, 4096, 4096, 4096, 4096, 4096, 4096, 4096, 4096, 4096, 4096, 4096, 4096]",b0fc8fb7-9dbe-e574-9008-6f0ee7c6b234,8809,Cowboys,Cowboys
football,nfl,7,Denver Broncos,DEN,den,fc4c02,0a2343,Denver,Broncos,denver-broncos,s:20~l:28~t:7,"[500, 500, 500, 500, 500, 4096, 4096, 4096, 4096, 4096, 4096, 4096, 4096, 4096, 4096, 4096, 4096]","[""https://a.espncdn.com/i/teamlogos/nfl/500/den.png"", ""https://a.espncdn.com/i/teamlogos/nfl/500-dark/den.png"", ""https://a.espncdn.com/i/teamlogos/nfl/500/scoreboard/den.png"", ""https://a.espncdn.com/i/teamlogos/nfl/500-dark/scoreboard/den.png"", ""https://a.espncdn.com/guid/b0fc8fb7-9dbe-e574-9008-6f0ee7c6b234/logos/grayscale.png"", ""https://a.espncdn.com/guid/b0fc8fb7-9dbe-e574-9008-6f0ee7c6b234/logos/primary_logo_on_white_color.png"", ""https://a.espncdn.com/guid/b0fc8fb7-9dbe-e574-9008-6f0ee7c6b234/logos/primary_logo_on_black_color.png"", ""https://a.espncdn.com/guid/b0fc8fb7-9dbe-e574-9008-6f0ee7c6b234/logos/primary_logo_on_primary_color.png"", ""https://a.espncdn.com/guid/b0fc8fb7-9dbe-e574-9008-6f0ee7c6b234/logos/primary_logo_on_secondary_color.png"", ""https://a.espncdn.com/guid/b0fc8fb7-9dbe-e574-9008-6f0ee7c6b234/logos/primary_logo_black.png"", ""https://a.espncdn.com/guid/b0fc8fb7-9dbe-e574-9008-6f0ee7c6b234/logos/primary_logo_white.png"", ""https://a.espncdn.com/guid/b0fc8fb7-9dbe-e574-9008-6f0ee7c6b234/logos/secondary_logo_on_white_color.png"", ""https://a.espncdn.com/guid/b0fc8fb7-9dbe-e574-9008-6f0ee7c6b234/logos/secondary_logo_on_black_color.png"", ""https://a.espncdn.com/guid/b0fc8fb7-9dbe-e574-9008-6f0ee7c6b234/logos/secondary_logo_on_primary_color.png"", ""https://a.espncdn.com/guid/b0fc8fb7-9dbe-e574-9008-6f0ee7c6b234/logos/secondary_logo_on_secondary_color.png"", ""https://a.espncdn.com/guid/b0fc8fb7-9dbe-e574-9008-6f0ee7c6b234/logos/secondary_logo_black.png"", ""https://a.espncdn.com/guid/b0fc8fb7-9dbe-e574-9008-6f0ee7c6b234/logos/secondary_logo_white.png""]","[[""full"", ""default""], [""full"", ""dark""], [""full"", ""scoreboard""], [""full"", ""scoreboard"", ""dark""], [""full"", ""grayscale""], [""full"", ""primary_logo_on_white_color""], [""full"", ""primary_logo_on_black_color""], [""full"", ""primary_logo_on_primary_color""], [""full"", ""primary_logo_on_secondary_color""], [""full"", ""primary_logo_black""], [""full"", ""primary_logo_white""], [""full"", ""secondary_logo_on_white_color""], [""full"", ""secondary_logo_on_black_color""], [""full"", ""secondary_logo_on_primary_color""], [""full"", ""secondary_logo_on_secondary_color""], [""full"", ""secondary_logo_black""], [""full"", ""secondary_logo_white""]]","[500, 500, 500, 500, 500, 4096, 4096, 4096, 4096, 4096, 4096, 4096, 4096, 4096, 4096, 4096, 4096]",51042145-e3c1-0694-ae0d-f720342ff8fc,8810,Broncos,Broncos
football,nfl,7,Denver Broncos,DEN,Denver,fc4c02,0a2343,Denver,Broncos,denver-broncos,s:20~l:28~t:7,"[500, 500, 500, 500, 500, 4096, 4096, 4096, 4096, 4096, 4096, 4096, 4096, 4096, 4096, 4096, 4096]","[""https://a.espncdn.com/i/teamlogos/nfl/500/den.png"", ""https://a.espncdn.com/i/teamlogos/nfl/500-dark/den.png"", ""https://a.espncdn.com/i/teamlogos/nfl/500/scoreboard/den.png"", ""https://a.espncdn.com/i/teamlogos/nfl/500-dark/scoreboard/den.png"", ""https://a.espncdn.com/guid/b0fc8fb7-9dbe-e574-9008-6f0ee7c6b234/logos/grayscale.png"", ""https://a.espncdn.com/guid/b0fc8fb7-9dbe-e574-9008-6f0ee7c6b234/logos/primary_logo_on_white_color.png"", ""https://a.espncdn.com/guid/b0fc8fb7-9dbe-e574-9008-6f0ee7c6b234/logos/primary_logo_on_black_color.png"", ""https://a.espncdn.com/guid/b0fc8fb7-9dbe-e574-9008-6f0ee7c6b234/logos/primary_logo_on_primary_color.png"", ""https://a.espncdn.com/guid/b0fc8fb7-9dbe-e574-9008-6f0ee7c6b234/logos/primary_logo_on_secondary_color.png"", ""https://a.espncdn.com/guid/b0fc8fb7-9dbe-e574-9008-6f0ee7c6b234/logos/primary_logo_black.png"", ""https://a.espncdn.com/guid/b0fc8fb7-9dbe-e574-9008-6f0ee7c6b234/logos/primary_logo_white.png"", ""https://a.espncdn.com/guid/b0fc8fb7-9dbe-e574-9008-6f0ee7c6b234/logos/secondary_logo_on_white_color.png"", ""https://a.espncdn.com/guid/b0fc8fb7-9dbe-e574-9008-6f0ee7c6b234/logos/secondary_logo_on_black_color.png"", ""https://a.espncdn.com/guid/b0fc8fb7-9dbe-e574-9008-6f0ee7c6b234/logos/secondary_logo_on_primary_color.png"", ""https://a.espncdn.com/guid/b0fc8fb7-9dbe-e574-9008-6f0ee7c6b234/logos/secondary_logo_on_secondary_color.png"", ""https://a.espncdn.com/guid/b0fc8fb7-9dbe-e574-9008-6f0ee7c6b234/logos/secondary_logo_black.png"", ""https://a.espncdn.com/guid/b0fc8fb7-9dbe-e574-9008-6f0ee7c6b234/logos/secondary_logo_white.png""]","[[""full"", ""default""], [""full"", ""dark""], [""full"", ""scoreboard""], [""full"", ""scoreboard"", ""dark""], [""full"", ""grayscale""], [""full"", ""primary_logo_on_white_color""], [""full"", ""primary_logo_on_black_color""], [""full"", ""primary_logo_on_primary_color""], [""full"", ""primary_logo_on_secondary_color""], [""full"", ""primary_logo_black""], [""full"", ""primary_logo_white""], [""full"", ""secondary_logo_on_white_color""], [""full"", ""secondary_logo_on_black_color""], [""full"", ""secondary_logo_on_primary_color""], [""full"", ""secondary_logo_on_secondary_color""], [""full"", ""secondary_logo_black""], [""full"", ""secondary_logo_white""]]","[500, 500, 500, 500, 500, 4096, 4096, 4096, 4096, 4096, 4096, 4096, 4096, 4096, 4096, 4096, 4096]",51042145-e3c1-0694-ae0d-f720342ff8fc,8810,Broncos,Broncos
football,nfl,8,Detroit Lions,DET,det,bbbbbb,0076b6,Detroit,Lions,detroit-lions,s:20~l:28~t:8,"[500, 500, 500, 500, 500, 4096, 4096, 4096, 4096, 4096, 4096, 4096, 4096, 4096, 4096, 4096, 4096]","[""https://a.espncdn.com/i/teamlogos/nfl/500/det.png"", ""https://a.espncdn.com/i/teamlogos/nfl/500-dark/det.png"", ""https://a.espncdn.com/i/teamlogos/nfl/500/scoreboard/det.png"", ""https://a.espncdn.com/i/teamlogos/nfl/500-dark/scoreboard/det.png"", ""https://a.espncdn.com/guid/51042145-e3c1-0694-ae0d-f720342ff8fc/logos/grayscale.png"", ""https://a.espncdn.com/guid/51042145-e3c1-0694-ae0d-f720342ff8fc/logos/primary_logo_on_white_color.png"", ""https://a.espncdn.com/guid/51042145-e3c1-0694-ae0d-f720342ff8fc/logos/primary_logo_on_black_color.png"", ""https://a.espncdn.com/guid/51042145-e3c1-0694-ae0d-f720342ff8fc/logos/primary_logo_on_primary_color.png"", ""https://a.espncdn.com/guid/51042145-e3c1-0694-ae0d-f720342ff8fc/logos/primary_logo_on_secondary_color.png"", ""https://a.espncdn.com/guid/51042145-e3c1-0694-ae0d-f720342ff8fc/logos/primary_logo_black.png"", ""https://a.espncdn.com/guid/51042145-e3c1-0694-ae0d-f720342ff8fc/logos/primary_logo_white.png"", ""https://a.espncdn.com/guid/51042145-e3c1-0694-ae0d-f720342ff8fc/logos/secondary_logo_on_white_color.png"", ""https://a.espncdn.com/guid/51042145-e3c1-0694-ae0d-f720342ff8fc/logos/secondary_logo_on_black_color.png"", ""https://a.espncdn.com/guid/51042145-e3c1-0694-ae0d-f720342ff8fc/logos/secondary_logo_on_primary_color.png"", ""https://a.espncdn.com/guid/51042145-e3c1-0694-ae0d-f720342ff8fc/logos/secondary_logo_on_secondary_color.png"", ""https://a.espncdn.com/guid/51042145-e3c1-0694-ae0d-f720342ff8fc/logos/secondary_logo_black.png"", ""https://a.espncdn.com/guid/51042145-e3c1-0694-ae0d-f720342ff8fc/logos/secondary_logo_white.png""]","[[""full"", ""default""], [""full"", ""dark""], [""full"", ""scoreboard""], [""full"", ""scoreboard"", ""dark""], [""full"", ""grayscale""], [""full"", ""primary_logo_on_white_color""], [""full"", ""primary_logo_on_black_color""], [""full"", ""primary_logo_on_primary_color""], [""full"", ""primary_logo_on_secondary_color""], [""full"", ""primary_logo_black""], [""full"", ""primary_logo_white""], [""full"", ""secondary_logo_on_white_color""], [""full"", ""secondary_logo_on_black_color""], [""full"", ""secondary_logo_on_primary_color""], [""full"", ""secondary_logo_on_secondary_color""], [""full"", ""secondary_logo_black""], [""full"", ""secondary_logo_white""]]","[500, 500, 500, 500, 500, 4096, 4096, 4096, 4096, 4096, 4096, 4096, 4096, 4096, 4096, 4096, 4096]",56caffee-178d-f6f2-a076-b277486b8c32,8811,Lions,Lions
football,nfl,8,Detroit Lions,DET,Detroit,bbbbbb,0076b6,Detroit,Lions,detroit-lions,s:20~l:28~t:8,"[500, 500, 500, 500, 500, 4096, 4096, 4096, 4096, 4096, 4096, 4096, 4096, 4096, 4096, 4096, 4096]","[""https://a.espncdn.com/i/teamlogos/nfl/500/det.png"", ""https://a.espncdn.com/i/teamlogos/nfl/500-dark/det.png"", ""https://a.espncdn.com/i/teamlogos/nfl/500/scoreboard/det.png"", ""https://a.espncdn.com/i/teamlogos/nfl/500-dark/scoreboard/det.png"", ""https://a.espncdn.com/guid/51042145-e3c1-0694-ae0d-f720342ff8fc/logos/grayscale.png"", ""https://a.espncdn.com/guid/51042145-e3c1-0694-ae0d-f720342ff8fc/logos/primary_logo_on_white_color.png"", ""https://a.espncdn.com/guid/51042145-e3c1-0694-ae0d-f720342ff8fc/logos/primary_logo_on_black_color.png"", ""https://a.espncdn.com/guid/51042145-e3c1-0694-ae0d-f720342ff8fc/logos/primary_logo_on_primary_color.png"", ""https://a.espncdn.com/guid/51042145-e3c1-0694-ae0d-f720342ff8fc/logos/primary_logo_on_secondary_color.png"", ""https://a.espncdn.com/guid/51042145-e3c1-0694-ae0d-f720342ff8fc/logos/primary_logo_black.png"", ""https://a.espncdn.com/guid/51042145-e3c1-0694-ae0d-f720342ff8fc/logos/primary_logo_white.png"", ""https://a.espncdn.com/guid/51042145-e3c1-0694-ae0d-f720342ff8fc/logos/secondary_logo_on_white_color.png"", ""https://a.espncdn.com/guid/51042145-e3c1-0694-ae0d-f720342ff8fc/logos/secondary_logo_on_black_color.png"", ""https://a.espncdn.com/guid/51042145-e3c1-0694-ae0d-f720342ff8fc/logos/secondary_logo_on_primary_color.png"", ""https://a.espncdn.com/guid/51042145-e3c1-0694-ae0d-f720342ff8fc/logos/secondary_logo_on_secondary_color.png"", ""https://a.espncdn.com/guid/51042145-e3c1-0694-ae0d-f720342ff8fc/logos/secondary_logo_black.png"", ""https://a.espncdn.com/guid/51042145-e3c1-0694-ae0d-f720342ff8fc/logos/secondary_logo_white.png""]","[[""full"", ""default""], [""full"", ""dark""], [""full"", ""scoreboard""], [""full"", ""scoreboard"", ""dark""], [""full"", ""grayscale""], [""full"", ""primary_logo_on_white_color""], [""full"", ""primary_logo_on_black_color""], [""full"", ""primary_logo_on_primary_color""], [""full"", ""primary_logo_on_secondary_color""], [""full"", ""primary_logo_black""], [""full"", ""primary_logo_white""], [""full"", ""secondary_logo_on_white_color""], [""full"", ""secondary_logo_on_black_color""], [""full"", ""secondary_logo_on_primary_color""], [""full"", ""secondary_logo_on_secondary_color""], [""full"", ""secondary_logo_black""], [""full"", ""secondary_logo_white""]]","[500, 500, 500, 500, 500, 4096, 4096, 4096, 4096, 4096, 4096, 4096, 4096, 4096, 4096, 4096, 4096]",56caffee-178d-f6f2-a076-b277486b8c32,8811,Lions,Lions
football,nfl,9,Green Bay Packers,GB,GNB,ffb612,204e32,Green Bay,Packers,green-bay-packers,s:20~l:28~t:9,"[500, 500, 500, 500, 500, 4096, 4096, 4096, 4096, 4096, 4096, 4096, 4096, 4096, 4096, 4096, 4096]","[""https://a.espncdn.com/i/teamlogos/nfl/500/gb.png"", ""https://a.espncdn.com/i/teamlogos/nfl/500-dark/gb.png"", ""https://a.espncdn.com/i/teamlogos/nfl/500/scoreboard/gb.png"", ""https://a.espncdn.com/i/teamlogos/nfl/500-dark/scoreboard/gb.png"", ""https://a.espncdn.com/guid/56caffee-178d-f6f2-a076-b277486b8c32/logos/grayscale.png"", ""https://a.espncdn.com/guid/56caffee-178d-f6f2-a076-b277486b8c32/logos/primary_logo_on_white_color.png"", ""https://a.espncdn.com/guid/56caffee-178d-f6f2-a076-b277486b8c32/logos/primary_logo_on_black_color.png"", ""https://a.espncdn.com/guid/56caffee-178d-f6f2-a076-b277486b8c32/logos/primary_logo_on_primary_color.png"", ""https://a.espncdn.com/guid/56caffee-178d-f6f2-a076-b277486b8c32/logos/primary_logo_on_secondary_color.png"", ""https://a.espncdn.com/guid/56caffee-178d-f6f2-a076-b277486b8c32/logos/primary_logo_black.png"", ""https://a.espncdn.com/guid/56caffee-178d-f6f2-a076-b277486b8c32/logos/primary_logo_white.png"", ""https://a.espncdn.com/guid/56caffee-178d-f6f2-a076-b277486b8c32/logos/secondary_logo_on_white_color.png"", ""https://a.espncdn.com/guid/56caffee-178d-f6f2-a076-b277486b8c32/logos/secondary_logo_on_black_color.png"", ""https://a.espncdn.com/guid/56caffee-178d-f6f2-a076-b277486b8c32/logos/secondary_logo_on_primary_color.png"", ""https://a.espncdn.com/guid/56caffee-178d-f6f2-a076-b277486b8c32/logos/secondary_logo_on_secondary_color.png"", ""https://a.espncdn.com/guid/56caffee-178d-f6f2-a076-b277486b8c32/logos/secondary_logo_black.png"", ""https://a.espncdn.com/guid/56caffee-178d-f6f2-a076-b277486b8c32/logos/secondary_logo_white.png""]","[[""full"", ""default""], [""full"", ""dark""], [""full"", ""scoreboard""], [""full"", ""scoreboard"", ""dark""], [""full"", ""grayscale""], [""full"", ""primary_logo_on_white_color""], [""full"", ""primary_logo_on_black_color""], [""full"", ""primary_logo_on_primary_color""], [""full"", ""primary_logo_on_secondary_color""], [""full"", ""primary_logo_black""], [""full"", ""primary_logo_white""], [""full"", ""secondary_logo_on_white_color""], [""full"", ""secondary_logo_on_black_color""], [""full"", ""secondary_logo_on_primary_color""], [""full"", ""secondary_logo_on_secondary_color""], [""full"", ""secondary_logo_black""], [""full"", ""secondary_logo_white""]]","[500, 500, 500, 500, 500, 4096, 4096, 4096, 4096, 4096, 4096, 4096, 4096, 4096, 4096, 4096, 4096]",06cd3bcf-7a86-53d4-28e7-aa049dd36261,8812,Packers,Packers
football,nfl,9,Green Bay Packers,GB,gnb,ffb612,204e32,Green Bay,Packers,green-bay-packers,s:20~l:28~t:9,"[500, 500, 500, 500, 500, 4096, 4096, 4096, 4096, 4096, 4096, 4096, 4096, 4096, 4096, 4096, 4096]","[""https://a.espncdn.com/i/teamlogos/nfl/500/gb.png"", ""https://a.espncdn.com/i/teamlogos/nfl/500-dark/gb.png"", ""https://a.espncdn.com/i/teamlogos/nfl/500/scoreboard/gb.png"", ""https://a.espncdn.com/i/teamlogos/nfl/500-dark/scoreboard/gb.png"", ""https://a.espncdn.com/guid/56caffee-178d-f6f2-a076-b277486b8c32/logos/grayscale.png"", ""https://a.espncdn.com/guid/56caffee-178d-f6f2-a076-b277486b8c32/logos/primary_logo_on_white_color.png"", ""https://a.espncdn.com/guid/56caffee-178d-f6f2-a076-b277486b8c32/logos/primary_logo_on_black_color.png"", ""https://a.espncdn.com/guid/56caffee-178d-f6f2-a076-b277486b8c32/logos/primary_logo_on_primary_color.png"", ""https://a.espncdn.com/guid/56caffee-178d-f6f2-a076-b277486b8c32/logos/primary_logo_on_secondary_color.png"", ""https://a.espncdn.com/guid/56caffee-178d-f6f2-a076-b277486b8c32/logos/primary_logo_black.png"", ""https://a.espncdn.com/guid/56caffee-178d-f6f2-a076-b277486b8c32/logos/primary_logo_white.png"", ""https://a.espncdn.com/guid/56caffee-178d-f6f2-a076-b277486b8c32/logos/secondary_logo_on_white_color.png"", ""https://a.espncdn.com/guid/56caffee-178d-f6f2-a076-b277486b8c32/logos/secondary_logo_on_black_color.png"", ""https://a.espncdn.com/guid/56caffee-178d-f6f2-a076-b277486b8c32/logos/secondary_logo_on_primary_color.png"", ""https://a.espncdn.com/guid/56caffee-178d-f6f2-a076-b277486b8c32/logos/secondary_logo_on_secondary_color.png"", ""https://a.espncdn.com/guid/56caffee-178d-f6f2-a076-b277486b8c32/logos/secondary_logo_black.png"", ""https://a.espncdn.com/guid/56caffee-178d-f6f2-a076-b277486b8c32/logos/secondary_logo_white.png""]","[[""full"", ""default""], [""full"", ""dark""], [""full"", ""scoreboard""], [""full"", ""scoreboard"", ""dark""], [""full"", ""grayscale""], [""full"", ""primary_logo_on_white_color""], [""full"", ""primary_logo_on_black_color""], [""full"", ""primary_logo_on_primary_color""], [""full"", ""primary_logo_on_secondary_color""], [""full"", ""primary_logo_black""], [""full"", ""primary_logo_white""], [""full"", ""secondary_logo_on_white_color""], [""full"", ""secondary_logo_on_black_color""], [""full"", ""secondary_logo_on_primary_color""], [""full"", ""secondary_logo_on_secondary_color""], [""full"", ""secondary_logo_black""], [""full"", ""secondary_logo_white""]]","[500, 500, 500, 500, 500, 4096, 4096, 4096, 4096, 4096, 4096, 4096, 4096, 4096, 4096, 4096, 4096]",06cd3bcf-7a86-53d4-28e7-aa049dd36261,8812,Packers,Packers
football,nfl,9,Green Bay Packers,GB,Green Bay,ffb612,204e32,Green Bay,Packers,green-bay-packers,s:20~l:28~t:9,"[500, 500, 500, 500, 500, 4096, 4096, 4096, 4096, 4096, 4096, 4096, 4096, 4096, 4096, 4096, 4096]","[""https://a.espncdn.com/i/teamlogos/nfl/500/gb.png"", ""https://a.espncdn.com/i/teamlogos/nfl/500-dark/gb.png"", ""https://a.espncdn.com/i/teamlogos/nfl/500/scoreboard/gb.png"", ""https://a.espncdn.com/i/teamlogos/nfl/500-dark/scoreboard/gb.png"", ""https://a.espncdn.com/guid/56caffee-178d-f6f2-a076-b277486b8c32/logos/grayscale.png"", ""https://a.espncdn.com/guid/56caffee-178d-f6f2-a076-b277486b8c32/logos/primary_logo_on_white_color.png"", ""https://a.espncdn.com/guid/56caffee-178d-f6f2-a076-b277486b8c32/logos/primary_logo_on_black_color.png"", ""https://a.espncdn.com/guid/56caffee-178d-f6f2-a076-b277486b8c32/logos/primary_logo_on_primary_color.png"", ""https://a.espncdn.com/guid/56caffee-178d-f6f2-a076-b277486b8c32/logos/primary_logo_on_secondary_color.png"", ""https://a.espncdn.com/guid/56caffee-178d-f6f2-a076-b277486b8c32/logos/primary_logo_black.png"", ""https://a.espncdn.com/guid/56caffee-178d-f6f2-a076-b277486b8c32/logos/primary_logo_white.png"", ""https://a.espncdn.com/guid/56caffee-178d-f6f2-a076-b277486b8c32/logos/secondary_logo_on_white_color.png"", ""https://a.espncdn.com/guid/56caffee-178d-f6f2-a076-b277486b8c32/logos/secondary_logo_on_black_color.png"", ""https://a.espncdn.com/guid/56caffee-178d-f6f2-a076-b277486b8c32/logos/secondary_logo_on_primary_color.png"", ""https://a.espncdn.com/guid/56caffee-178d-f6f2-a076-b277486b8c32/logos/secondary_logo_on_secondary_color.png"", ""https://a.espncdn.com/guid/56caffee-178d-f6f2-a076-b277486b8c32/logos/secondary_logo_black.png"", ""https://a.espncdn.com/guid/56caffee-178d-f6f2-a076-b277486b8c32/logos/secondary_logo_white.png""]","[[""full"", ""default""], [""full"", ""dark""], [""full"", ""scoreboard""], [""full"", ""scoreboard"", ""dark""], [""full"", ""grayscale""], [""full"", ""primary_logo_on_white_color""], [""full"", ""primary_logo_on_black_color""], [""full"", ""primary_logo_on_primary_color""], [""full"", ""primary_logo_on_secondary_color""], [""full"", ""primary_logo_black""], [""full"", ""primary_logo_white""], [""full"", ""secondary_logo_on_white_color""], [""full"", ""secondary_logo_on_black_color""], [""full"", ""secondary_logo_on_primary_color""], [""full"", ""secondary_logo_on_secondary_color""], [""full"", ""secondary_logo_black""], [""full"", ""secondary_logo_white""]]","[500, 500, 500, 500, 500, 4096, 4096, 4096, 4096, 4096, 4096, 4096, 4096, 4096, 4096, 4096, 4096]",06cd3bcf-7a86-53d4-28e7-aa049dd36261,8812,Packers,Packers
football,nfl,34,Houston Texans,HOU,HTX,c41230,00143f,Houston,Texans,houston-texans,s:20~l:28~t:34,"[500, 500, 500, 500, 500, 4096, 4096, 4096, 4096, 4096, 4096, 4096, 4096, 4096, 4096, 4096, 4096]","[""https://a.espncdn.com/i/teamlogos/nfl/500/hou.png"", ""https://a.espncdn.com/i/teamlogos/nfl/500-dark/hou.png"", ""https://a.espncdn.com/i/teamlogos/nfl/500/scoreboard/hou.png"", ""https://a.espncdn.com/i/teamlogos/nfl/500-dark/scoreboard/hou.png"", ""https://a.espncdn.com/guid/38248455-3da4-84e4-8090-98b5cc38ffdc/logos/grayscale.png"", ""https://a.espncdn.com/guid/38248455-3da4-84e4-8090-98b5cc38ffdc/logos/primary_logo_on_white_color.png"", ""https://a.espncdn.com/guid/38248455-3da4-84e4-8090-98b5cc38ffdc/logos/primary_logo_on_black_color.png"", ""https://a.espncdn.com/guid/38248455-3da4-84e4-8090-98b5cc38ffdc/logos/primary_logo_on_primary_color.png"", ""https://a.espncdn.com/guid/38248455-3da4-84e4-8090-98b5cc38ffdc/logos/primary_logo_on_secondary_color.png"", ""https://a.espncdn.com/guid/38248455-3da4-84e4-8090-98b5cc38ffdc/logos/primary_logo_black.png"", ""https://a.espncdn.com/guid/38248455-3da4-84e4-8090-98b5cc38ffdc/logos/primary_logo_white.png"", ""https://a.espncdn.com/guid/38248455-3da4-84e4-8090-98b5cc38ffdc/logos/secondary_logo_on_white_color.png"", ""https://a.espncdn.com/guid/38248455-3da4-84e4-8090-98b5cc38ffdc/logos/secondary_logo_on_black_color.png"", ""https://a.espncdn.com/guid/38248455-3da4-84e4-8090-98b5cc38ffdc/logos/secondary_logo_on_primary_color.png"", ""https://a.espncdn.com/guid/38248455-3da4-84e4-8090-98b5cc38ffdc/logos/secondary_logo_on_secondary_color.png"", ""https://a.espncdn.com/guid/38248455-3da4-84e4-8090-98b5cc38ffdc/logos/secondary_logo_black.png"", ""https://a.espncdn.com/guid/38248455-3da4-84e4-8090-98b5cc38ffdc/logos/secondary_logo_white.png""]","[[""full"", ""default""], [""full"", ""dark""], [""full"", ""scoreboard""], [""full"", ""scoreboard"", ""dark""], [""full"", ""grayscale""], [""full"", ""primary_logo_on_white_color""], [""full"", ""primary_logo_on_black_color""], [""full"", ""primary_logo_on_primary_color""], [""full"", ""primary_logo_on_secondary_color""], [""full"", ""primary_logo_black""], [""full"", ""primary_logo_white""], [""full"", ""secondary_logo_on_white_color""], [""full"", ""secondary_logo_on_black_color""], [""full"", ""secondary_logo_on_primary_color""], [""full"", ""secondary_logo_on_secondary_color""], [""full"", ""secondary_logo_black""], [""full"", ""secondary_logo_white""]]","[500, 500, 500, 500, 500, 4096, 4096, 4096, 4096, 4096, 4096, 4096, 4096, 4096, 4096, 4096, 4096]",595690b3-2161-4913-a7a7-814af2fd2621,13974,Texans,Texans
football,nfl,34,Houston Texans,HOU,htx,c41230,00143f,Houston,Texans,houston-texans,s:20~l:28~t:34,"[500, 500, 500, 500, 500, 4096, 4096, 4096, 4096, 4096, 4096, 4096, 4096, 4096, 4096, 4096, 4096]","[""https://a.espncdn.com/i/teamlogos/nfl/500/hou.png"", ""https://a.espncdn.com/i/teamlogos/nfl/500-dark/hou.png"", ""https://a.espncdn.com/i/teamlogos/nfl/500/scoreboard/hou.png"", ""https://a.espncdn.com/i/teamlogos/nfl/500-dark/scoreboard/hou.png"", ""https://a.espncdn.com/guid/38248455-3da4-84e4-8090-98b5cc38ffdc/logos/grayscale.png"", ""https://a.espncdn.com/guid/38248455-3da4-84e4-8090-98b5cc38ffdc/logos/primary_logo_on_white_color.png"", ""https://a.espncdn.com/guid/38248455-3da4-84e4-8090-98b5cc38ffdc/logos/primary_logo_on_black_color.png"", ""https://a.espncdn.com/guid/38248455-3da4-84e4-8090-98b5cc38ffdc/logos/primary_logo_on_primary_color.png"", ""https://a.espncdn.com/guid/38248455-3da4-84e4-8090-98b5cc38ffdc/logos/primary_logo_on_secondary_color.png"", ""https://a.espncdn.com/guid/38248455-3da4-84e4-8090-98b5cc38ffdc/logos/primary_logo_black.png"", ""https://a.espncdn.com/guid/38248455-3da4-84e4-8090-98b5cc38ffdc/logos/primary_logo_white.png"", ""https://a.espncdn.com/guid/38248455-3da4-84e4-8090-98b5cc38ffdc/logos/secondary_logo_on_white_color.png"", ""https://a.espncdn.com/guid/38248455-3da4-84e4-8090-98b5cc38ffdc/logos/secondary_logo_on_black_color.png"", ""https://a.espncdn.com/guid/38248455-3da4-84e4-8090-98b5cc38ffdc/logos/secondary_logo_on_primary_color.png"", ""https://a.espncdn.com/guid/38248455-3da4-84e4-8090-98b5cc38ffdc/logos/secondary_logo_on_secondary_color.png"", ""https://a.espncdn.com/guid/38248455-3da4-84e4-8090-98b5cc38ffdc/logos/secondary_logo_black.png"", ""https://a.espncdn.com/guid/38248455-3da4-84e4-8090-98b5cc38ffdc/logos/secondary_logo_white.png""]","[[""full"", ""default""], [""full"", ""dark""], [""full"", ""scoreboard""], [""full"", ""scoreboard"", ""dark""], [""full"", ""grayscale""], [""full"", ""primary_logo_on_white_color""], [""full"", ""primary_logo_on_black_color""], [""full"", ""primary_logo_on_primary_color""], [""full"", ""primary_logo_on_secondary_color""], [""full"", ""primary_logo_black""], [""full"", ""primary_logo_white""], [""full"", ""secondary_logo_on_white_color""], [""full"", ""secondary_logo_on_black_color""], [""full"", ""secondary_logo_on_primary_color""], [""full"", ""secondary_logo_on_secondary_color""], [""full"", ""secondary_logo_black""], [""full"", ""secondary_logo_white""]]","[500, 500, 500, 500, 500, 4096, 4096, 4096, 4096, 4096, 4096, 4096, 4096, 4096, 4096, 4096, 4096]",595690b3-2161-4913-a7a7-814af2fd2621,13974,Texans,Texans
football,nfl,34,Houston Texans,HOU,Houston,c41230,00143f,Houston,Texans,houston-texans,s:20~l:28~t:34,"[500, 500, 500, 500, 500, 4096, 4096, 4096, 4096, 4096, 4096, 4096, 4096, 4096, 4096, 4096, 4096]","[""https://a.espncdn.com/i/teamlogos/nfl/500/hou.png"", ""https://a.espncdn.com/i/teamlogos/nfl/500-dark/hou.png"", ""https://a.espncdn.com/i/teamlogos/nfl/500/scoreboard/hou.png"", ""https://a.espncdn.com/i/teamlogos/nfl/500-dark/scoreboard/hou.png"", ""https://a.espncdn.com/guid/38248455-3da4-84e4-8090-98b5cc38ffdc/logos/grayscale.png"", ""https://a.espncdn.com/guid/38248455-3da4-84e4-8090-98b5cc38ffdc/logos/primary_logo_on_white_color.png"", ""https://a.espncdn.com/guid/38248455-3da4-84e4-8090-98b5cc38ffdc/logos/primary_logo_on_black_color.png"", ""https://a.espncdn.com/guid/38248455-3da4-84e4-8090-98b5cc38ffdc/logos/primary_logo_on_primary_color.png"", ""https://a.espncdn.com/guid/38248455-3da4-84e4-8090-98b5cc38ffdc/logos/primary_logo_on_secondary_color.png"", ""https://a.espncdn.com/guid/38248455-3da4-84e4-8090-98b5cc38ffdc/logos/primary_logo_black.png"", ""https://a.espncdn.com/guid/38248455-3da4-84e4-8090-98b5cc38ffdc/logos/primary_logo_white.png"", ""https://a.espncdn.com/guid/38248455-3da4-84e4-8090-98b5cc38ffdc/logos/secondary_logo_on_white_color.png"", ""https://a.espncdn.com/guid/38248455-3da4-84e4-8090-98b5cc38ffdc/logos/secondary_logo_on_black_color.png"", ""https://a.espncdn.com/guid/38248455-3da4-84e4-8090-98b5cc38ffdc/logos/secondary_logo_on_primary_color.png"", ""https://a.espncdn.com/guid/38248455-3da4-84e4-8090-98b5cc38ffdc/logos/secondary_logo_on_secondary_color.png"", ""https://a.espncdn.com/guid/38248455-3da4-84e4-8090-98b5cc38ffdc/logos/secondary_logo_black.png"", ""https://a.espncdn.com/guid/38248455-3da4-84e4-8090-98b5cc38ffdc/logos/secondary_logo_white.png""]","[[""full"", ""default""], [""full"", ""dark""], [""full"", ""scoreboard""], [""full"", ""scoreboard"", ""dark""], [""full"", ""grayscale""], [""full"", ""primary_logo_on_white_color""], [""full"", ""primary_logo_on_black_color""], [""full"", ""primary_logo_on_primary_color""], [""full"", ""primary_logo_on_secondary_color""], [""full"", ""primary_logo_black""], [""full"", ""primary_logo_white""], [""full"", ""secondary_logo_on_white_color""], [""full"", ""secondary_logo_on_black_color""], [""full"", ""secondary_logo_on_primary_color""], [""full"", ""secondary_logo_on_secondary_color""], [""full"", ""secondary_logo_black""], [""full"", ""secondary_logo_white""]]","[500, 500, 500, 500, 500, 4096, 4096, 4096, 4096, 4096, 4096, 4096, 4096, 4096, 4096, 4096, 4096]",595690b3-2161-4913-a7a7-814af2fd2621,13974,Texans,Texans
football,nfl,11,Indianapolis Colts,IND,CLT,ffffff,003b75,Indianapolis,Colts,indianapolis-colts,s:20~l:28~t:11,"[500, 500, 500, 500, 500, 4096, 4096, 4096, 4096, 4096, 4096, 4096, 4096, 4096, 4096, 4096, 4096]","[""https://a.espncdn.com/i/teamlogos/nfl/500/ind.png"", ""https://a.espncdn.com/i/teamlogos/nfl/500-dark/ind.png"", ""https://a.espncdn.com/i/teamlogos/nfl/500/scoreboard/ind.png"", ""https://a.espncdn.com/i/teamlogos/nfl/500-dark/scoreboard/ind.png"", ""https://a.espncdn.com/guid/0a0aea59-9a5e-01b3-57a3-0151cf4bf393/logos/grayscale.png"", ""https://a.espncdn.com/guid/0a0aea59-9a5e-01b3-57a3-0151cf4bf393/logos/primary_logo_on_white_color.png"", ""https://a.espncdn.com/guid/0a0aea59-9a5e-01b3-57a3-0151cf4bf393/logos/primary_logo_on_black_color.png"", ""https://a.espncdn.com/guid/0a0aea59-9a5e-01b3-57a3-0151cf4bf393/logos/primary_logo_on_primary_color.png"", ""https://a.espncdn.com/guid/0a0aea59-9a5e-01b3-57a3-0151cf4bf393/logos/primary_logo_on_secondary_color.png"", ""https://a.espncdn.com/guid/0a0aea59-9a5e-01b3-57a3-0151cf4bf393/logos/primary_logo_black.png"", ""https://a.espncdn.com/guid/0a0aea59-9a5e-01b3-57a3-0151cf4bf393/logos/primary_logo_white.png"", ""https://a.espncdn.com/guid/0a0aea59-9a5e-01b3-57a3-0151cf4bf393/logos/secondary_logo_on_white_color.png"", ""https://a.espncdn.com/guid/0a0aea59-9a5e-01b3-57a3-0151cf4bf393/logos/secondary_logo_on_black_color.png"", ""https://a.espncdn.com/guid/0a0aea59-9a5e-01b3-57a3-0151cf4bf393/logos/secondary_logo_on_primary_color.png"", ""https://a.espncdn.com/guid/0a0aea59-9a5e-01b3-57a3-0151cf4bf393/logos/secondary_logo_on_secondary_color.png"", ""https://a.espncdn.com/guid/0a0aea59-9a5e-01b3-57a3-0151cf4bf393/logos/secondary_logo_black.png"", ""https://a.espncdn.com/guid/0a0aea59-9a5e-01b3-57a3-0151cf4bf393/logos/secondary_logo_white.png""]","[[""full"", ""default""], [""full"", ""dark""], [""full"", ""scoreboard""], [""full"", ""scoreboard"", ""dark""], [""full"", ""grayscale""], [""full"", ""primary_logo_on_white_color""], [""full"", ""primary_logo_on_black_color""], [""full"", ""primary_logo_on_primary_color""], [""full"", ""primary_logo_on_secondary_color""], [""full"", ""primary_logo_black""], [""full"", ""primary_logo_white""], [""full"", ""secondary_logo_on_white_color""], [""full"", ""secondary_logo_on_black_color""], [""full"", ""secondary_logo_on_primary_color""], [""full"", ""secondary_logo_on_secondary_color""], [""full"", ""secondary_logo_black""], [""full"", ""secondary_logo_white""]]","[500, 500, 500, 500, 500, 4096, 4096, 4096, 4096, 4096, 4096, 4096, 4096, 4096, 4096, 4096, 4096]",582d14eb-da61-e505-cc40-d972a1b60ed1,8813,Colts,Colts
football,nfl,11,Indianapolis Colts,IND,clt,ffffff,003b75,Indianapolis,Colts,indianapolis-colts,s:20~l:28~t:11,"[500, 500, 500, 500, 500, 4096, 4096, 4096, 4096, 4096, 4096, 4096, 4096, 4096, 4096, 4096, 4096]","[""https://a.espncdn.com/i/teamlogos/nfl/500/ind.png"", ""https://a.espncdn.com/i/teamlogos/nfl/500-dark/ind.png"", ""https://a.espncdn.com/i/teamlogos/nfl/500/scoreboard/ind.png"", ""https://a.espncdn.com/i/teamlogos/nfl/500-dark/scoreboard/ind.png"", ""https://a.espncdn.com/guid/0a0aea59-9a5e-01b3-57a3-0151cf4bf393/logos/grayscale.png"", ""https://a.espncdn.com/guid/0a0aea59-9a5e-01b3-57a3-0151cf4bf393/logos/primary_logo_on_white_color.png"", ""https://a.espncdn.com/guid/0a0aea59-9a5e-01b3-57a3-0151cf4bf393/logos/primary_logo_on_black_color.png"", ""https://a.espncdn.com/guid/0a0aea59-9a5e-01b3-57a3-0151cf4bf393/logos/primary_logo_on_primary_color.png"", ""https://a.espncdn.com/guid/0a0aea59-9a5e-01b3-57a3-0151cf4bf393/logos/primary_logo_on_secondary_color.png"", ""https://a.espncdn.com/guid/0a0aea59-9a5e-01b3-57a3-0151cf4bf393/logos/primary_logo_black.png"", ""https://a.espncdn.com/guid/0a0aea59-9a5e-01b3-57a3-0151cf4bf393/logos/primary_logo_white.png"", ""https://a.espncdn.com/guid/0a0aea59-9a5e-01b3-57a3-0151cf4bf393/logos/secondary_logo_on_white_color.png"", ""https://a.espncdn.com/guid/0a0aea59-9a5e-01b3-57a3-0151cf4bf393/logos/secondary_logo_on_black_color.png"", ""https://a.espncdn.com/guid/0a0aea59-9a5e-01b3-57a3-0151cf4bf393/logos/secondary_logo_on_primary_color.png"", ""https://a.espncdn.com/guid/0a0aea59-9a5e-01b3-57a3-0151cf4bf393/logos/secondary_logo_on_secondary_color.png"", ""https://a.espncdn.com/guid/0a0aea59-9a5e-01b3-57a3-0151cf4bf393/logos/secondary_logo_black.png"", ""https://a.espncdn.com/guid/0a0aea59-9a5e-01b3-57a3-0151cf4bf393/logos/secondary_logo_white.png""]","[[""full"", ""default""], [""full"", ""dark""], [""full"", ""scoreboard""], [""full"", ""scoreboard"", ""dark""], [""full"", ""grayscale""], [""full"", ""primary_logo_on_white_color""], [""full"", ""primary_logo_on_black_color""], [""full"", ""primary_logo_on_primary_color""], [""full"", ""primary_logo_on_secondary_color""], [""full"", ""primary_logo_black""], [""full"", ""primary_logo_white""], [""full"", ""secondary_logo_on_white_color""], [""full"", ""secondary_logo_on_black_color""], [""full"", ""secondary_logo_on_primary_color""], [""full"", ""secondary_logo_on_secondary_color""], [""full"", ""secondary_logo_black""], [""full"", ""secondary_logo_white""]]","[500, 500, 500, 500, 500, 4096, 4096, 4096, 4096, 4096, 4096, 4096, 4096, 4096, 4096, 4096, 4096]",582d14eb-da61-e505-cc40-d972a1b60ed1,8813,Colts,Colts
football,nfl,11,Indianapolis Colts,IND,Indianapolis,ffffff,003b75,Indianapolis,Colts,indianapolis-colts,s:20~l:28~t:11,"[500, 500, 500, 500, 500, 4096, 4096, 4096, 4096, 4096, 4096, 4096, 4096, 4096, 4096, 4096, 4096]","[""https://a.espncdn.com/i/teamlogos/nfl/500/ind.png"", ""https://a.espncdn.com/i/teamlogos/nfl/500-dark/ind.png"", ""https://a.espncdn.com/i/teamlogos/nfl/500/scoreboard/ind.png"", ""https://a.espncdn.com/i/teamlogos/nfl/500-dark/scoreboard/ind.png"", ""https://a.espncdn.com/guid/0a0aea59-9a5e-01b3-57a3-0151cf4bf393/logos/grayscale.png"", ""https://a.espncdn.com/guid/0a0aea59-9a5e-01b3-57a3-0151cf4bf393/logos/primary_logo_on_white_color.png"", ""https://a.espncdn.com/guid/0a0aea59-9a5e-01b3-57a3-0151cf4bf393/logos/primary_logo_on_black_color.png"", ""https://a.espncdn.com/guid/0a0aea59-9a5e-01b3-57a3-0151cf4bf393/logos/primary_logo_on_primary_color.png"", ""https://a.espncdn.com/guid/0a0aea59-9a5e-01b3-57a3-0151cf4bf393/logos/primary_logo_on_secondary_color.png"", ""https://a.espncdn.com/guid/0a0aea59-9a5e-01b3-57a3-0151cf4bf393/logos/primary_logo_black.png"", ""https://a.espncdn.com/guid/0a0aea59-9a5e-01b3-57a3-0151cf4bf393/logos/primary_logo_white.png"", ""https://a.espncdn.com/guid/0a0aea59-9a5e-01b3-57a3-0151cf4bf393/logos/secondary_logo_on_white_color.png"", ""https://a.espncdn.com/guid/0a0aea59-9a5e-01b3-57a3-0151cf4bf393/logos/secondary_logo_on_black_color.png"", ""https://a.espncdn.com/guid/0a0aea59-9a5e-01b3-57a3-0151cf4bf393/logos/secondary_logo_on_primary_color.png"", ""https://a.espncdn.com/guid/0a0aea59-9a5e-01b3-57a3-0151cf4bf393/logos/secondary_logo_on_secondary_color.png"", ""https://a.espncdn.com/guid/0a0aea59-9a5e-01b3-57a3-0151cf4bf393/logos/secondary_logo_black.png"", ""https://a.espncdn.com/guid/0a0aea59-9a5e-01b3-57a3-0151cf4bf393/logos/secondary_logo_white.png""]","[[""full"", ""default""], [""full"", ""dark""], [""full"", ""scoreboard""], [""full"", ""scoreboard"", ""dark""], [""full"", ""grayscale""], [""full"", ""primary_logo_on_white_color""], [""full"", ""primary_logo_on_black_color""], [""full"", ""primary_logo_on_primary_color""], [""full"", ""primary_logo_on_secondary_color""], [""full"", ""primary_logo_black""], [""full"", ""primary_logo_white""], [""full"", ""secondary_logo_on_white_color""], [""full"", ""secondary_logo_on_black_color""], [""full"", ""secondary_logo_on_primary_color""], [""full"", ""secondary_logo_on_secondary_color""], [""full"", ""secondary_logo_black""], [""full"", ""secondary_logo_white""]]","[500, 500, 500, 500, 500, 4096, 4096, 4096, 4096, 4096, 4096, 4096, 4096, 4096, 4096, 4096, 4096]",582d14eb-da61-e505-cc40-d972a1b60ed1,8813,Colts,Colts
football,nfl,11,Indianapolis Colts,IND,Baltimore Colts,ffffff,003b75,Indianapolis,Colts,indianapolis-colts,s:20~l:28~t:11,"[500, 500, 500, 500, 500, 4096, 4096, 4096, 4096, 4096, 4096, 4096, 4096, 4096, 4096, 4096, 4096]","[""https://a.espncdn.com/i/teamlogos/nfl/500/ind.png"", ""https://a.espncdn.com/i/teamlogos/nfl/500-dark/ind.png"", ""https://a.espncdn.com/i/teamlogos/nfl/500/scoreboard/ind.png"", ""https://a.espncdn.com/i/teamlogos/nfl/500-dark/scoreboard/ind.png"", ""https://a.espncdn.com/guid/0a0aea59-9a5e-01b3-57a3-0151cf4bf393/logos/grayscale.png"", ""https://a.espncdn.com/guid/0a0aea59-9a5e-01b3-57a3-0151cf4bf393/logos/primary_logo_on_white_color.png"", ""https://a.espncdn.com/guid/0a0aea59-9a5e-01b3-57a3-0151cf4bf393/logos/primary_logo_on_black_color.png"", ""https://a.espncdn.com/guid/0a0aea59-9a5e-01b3-57a3-0151cf4bf393/logos/primary_logo_on_primary_color.png"", ""https://a.espncdn.com/guid/0a0aea59-9a5e-01b3-57a3-0151cf4bf393/logos/primary_logo_on_secondary_color.png"", ""https://a.espncdn.com/guid/0a0aea59-9a5e-01b3-57a3-0151cf4bf393/logos/primary_logo_black.png"", ""https://a.espncdn.com/guid/0a0aea59-9a5e-01b3-57a3-0151cf4bf393/logos/primary_logo_white.png"", ""https://a.espncdn.com/guid/0a0aea59-9a5e-01b3-57a3-0151cf4bf393/logos/secondary_logo_on_white_color.png"", ""https://a.espncdn.com/guid/0a0aea59-9a5e-01b3-57a3-0151cf4bf393/logos/secondary_logo_on_black_color.png"", ""https://a.espncdn.com/guid/0a0aea59-9a5e-01b3-57a3-0151cf4bf393/logos/secondary_logo_on_primary_color.png"", ""https://a.espncdn.com/guid/0a0aea59-9a5e-01b3-57a3-0151cf4bf393/logos/secondary_logo_on_secondary_color.png"", ""https://a.espncdn.com/guid/0a0aea59-9a5e-01b3-57a3-0151cf4bf393/logos/secondary_logo_black.png"", ""https://a.espncdn.com/guid/0a0aea59-9a5e-01b3-57a3-0151cf4bf393/logos/secondary_logo_white.png""]","[[""full"", ""default""], [""full"", ""dark""], [""full"", ""scoreboard""], [""full"", ""scoreboard"", ""dark""], [""full"", ""grayscale""], [""full"", ""primary_logo_on_white_color""], [""full"", ""primary_logo_on_black_color""], [""full"", ""primary_logo_on_primary_color""], [""full"", ""primary_logo_on_secondary_color""], [""full"", ""primary_logo_black""], [""full"", ""primary_logo_white""], [""full"", ""secondary_logo_on_white_color""], [""full"", ""secondary_logo_on_black_color""], [""full"", ""secondary_logo_on_primary_color""], [""full"", ""secondary_logo_on_secondary_color""], [""full"", ""secondary_logo_black""], [""full"", ""secondary_logo_white""]]","[500, 500, 500, 500, 500, 4096, 4096, 4096, 4096, 4096, 4096, 4096, 4096, 4096, 4096, 4096, 4096]",582d14eb-da61-e505-cc40-d972a1b60ed1,8813,Colts,Colts
football,nfl,30,Jacksonville Jaguars,JAX,jax,d7a22a,007487,Jacksonville,Jaguars,jacksonville-jaguars,s:20~l:28~t:30,"[500, 500, 500, 500, 500, 4096, 4096, 4096, 4096, 4096, 4096, 4096, 4096, 4096, 4096, 4096, 4096]","[""https://a.espncdn.com/i/teamlogos/nfl/500/jax.png"", ""https://a.espncdn.com/i/teamlogos/nfl/500-dark/jax.png"", ""https://a.espncdn.com/i/teamlogos/nfl/500/scoreboard/jax.png"", ""https://a.espncdn.com/i/teamlogos/nfl/500-dark/scoreboard/jax.png"", ""https://a.espncdn.com/guid/647c27bf-ab86-550e-5b83-91c29e73e4a9/logos/grayscale.png"", ""https://a.espncdn.com/guid/647c27bf-ab86-550e-5b83-91c29e73e4a9/logos/primary_logo_on_white_color.png"", ""https://a.espncdn.com/guid/647c27bf-ab86-550e-5b83-91c29e73e4a9/logos/primary_logo_on_black_color.png"", ""https://a.espncdn.com/guid/647c27bf-ab86-550e-5b83-91c29e73e4a9/logos/primary_logo_on_primary_color.png"", ""https://a.espncdn.com/guid/647c27bf-ab86-550e-5b83-91c29e73e4a9/logos/primary_logo_on_secondary_color.png"", ""https://a.espncdn.com/guid/647c27bf-ab86-550e-5b83-91c29e73e4a9/logos/primary_logo_black.png"", ""https://a.espncdn.com/guid/647c27bf-ab86-550e-5b83-91c29e73e4a9/logos/primary_logo_white.png"", ""https://a.espncdn.com/guid/647c27bf-ab86-550e-5b83-91c29e73e4a9/logos/secondary_logo_on_white_color.png"", ""https://a.espncdn.com/guid/647c27bf-ab86-550e-5b83-91c29e73e4a9/logos/secondary_logo_on_black_color.png"", ""https://a.espncdn.com/guid/647c27bf-ab86-550e-5b83-91c29e73e4a9/logos/secondary_logo_on_primary_color.png"", ""https://a.espncdn.com/guid/647c27bf-ab86-550e-5b83-91c29e73e4a9/logos/secondary_logo_on_secondary_color.png"", ""https://a.espncdn.com/guid/647c27bf-ab86-550e-5b83-91c29e73e4a9/logos/secondary_logo_black.png"", ""https://a.espncdn.com/guid/647c27bf-ab86-550e-5b83-91c29e73e4a9/logos/secondary_logo_white.png""]","[[""full"", ""default""], [""full"", ""dark""], [""full"", ""scoreboard""], [""full"", ""scoreboard"", ""dark""], [""full"", ""grayscale""], [""full"", ""primary_logo_on_white_color""], [""full"", ""primary_logo_on_black_color""], [""full"", ""primary_logo_on_primary_color""], [""full"", ""primary_logo_on_secondary_color""], [""full"", ""primary_logo_black""], [""full"", ""primary_logo_white""], [""full"", ""secondary_logo_on_white_color""], [""full"", ""secondary_logo_on_black_color""], [""full"", ""secondary_logo_on_primary_color""], [""full"", ""secondary_logo_on_secondary_color""], [""full"", ""secondary_logo_black""], [""full"", ""secondary_logo_white""]]","[500, 500, 500, 500, 500, 4096, 4096, 4096, 4096, 4096, 4096, 4096, 4096, 4096, 4096, 4096, 4096]",ca6fb778-cbf6-d9a3-3e93-01230335fcab,8814,Jaguars,Jaguars
football,nfl,30,Jacksonville Jaguars,JAX,Jacksonville,d7a22a,007487,Jacksonville,Jaguars,jacksonville-jaguars,s:20~l:28~t:30,"[500, 500, 500, 500, 500, 4096, 4096, 4096, 4096, 4096, 4096, 4096, 4096, 4096, 4096, 4096, 4096]","[""https://a.espncdn.com/i/teamlogos/nfl/500/jax.png"", ""https://a.espncdn.com/i/teamlogos/nfl/500-dark/jax.png"", ""https://a.espncdn.com/i/teamlogos/nfl/500/scoreboard/jax.png"", ""https://a.espncdn.com/i/teamlogos/nfl/500-dark/scoreboard/jax.png"", ""https://a.espncdn.com/guid/647c27bf-ab86-550e-5b83-91c29e73e4a9/logos/grayscale.png"", ""https://a.espncdn.com/guid/647c27bf-ab86-550e-5b83-91c29e73e4a9/logos/primary_logo_on_white_color.png"", ""https://a.espncdn.com/guid/647c27bf-ab86-550e-5b83-91c29e73e4a9/logos/primary_logo_on_black_color.png"", ""https://a.espncdn.com/guid/647c27bf-ab86-550e-5b83-91c29e73e4a9/logos/primary_logo_on_primary_color.png"", ""https://a.espncdn.com/guid/647c27bf-ab86-550e-5b83-91c29e73e4a9/logos/primary_logo_on_secondary_color.png"", ""https://a.espncdn.com/guid/647c27bf-ab86-550e-5b83-91c29e73e4a9/logos/primary_logo_black.png"", ""https://a.espncdn.com/guid/647c27bf-ab86-550e-5b83-91c29e73e4a9/logos/primary_logo_white.png"", ""https://a.espncdn.com/guid/647c27bf-ab86-550e-5b83-91c29e73e4a9/logos/secondary_logo_on_white_color.png"", ""https://a.espncdn.com/guid/647c27bf-ab86-550e-5b83-91c29e73e4a9/logos/secondary_logo_on_black_color.png"", ""https://a.espncdn.com/guid/647c27bf-ab86-550e-5b83-91c29e73e4a9/logos/secondary_logo_on_primary_color.png"", ""https://a.espncdn.com/guid/647c27bf-ab86-550e-5b83-91c29e73e4a9/logos/secondary_logo_on_secondary_color.png"", ""https://a.espncdn.com/guid/647c27bf-ab86-550e-5b83-91c29e73e4a9/logos/secondary_logo_black.png"", ""https://a.espncdn.com/guid/647c27bf-ab86-550e-5b83-91c29e73e4a9/logos/secondary_logo_white.png""]","[[""full"", ""default""], [""full"", ""dark""], [""full"", ""scoreboard""], [""full"", ""scoreboard"", ""dark""], [""full"", ""grayscale""], [""full"", ""primary_logo_on_white_color""], [""full"", ""primary_logo_on_black_color""], [""full"", ""primary_logo_on_primary_color""], [""full"", ""primary_logo_on_secondary_color""], [""full"", ""primary_logo_black""], [""full"", ""primary_logo_white""], [""full"", ""secondary_logo_on_white_color""], [""full"", ""secondary_logo_on_black_color""], [""full"", ""secondary_logo_on_primary_color""], [""full"", ""secondary_logo_on_secondary_color""], [""full"", ""secondary_logo_black""], [""full"", ""secondary_logo_white""]]","[500, 500, 500, 500, 500, 4096, 4096, 4096, 4096, 4096, 4096, 4096, 4096, 4096, 4096, 4096, 4096]",ca6fb778-cbf6-d9a3-3e93-01230335fcab,8814,Jaguars,Jaguars
football,nfl,12,Kansas City Chiefs,KC,KAN,ffb612,e31837,Kansas City,Chiefs,kansas-city-chiefs,s:20~l:28~t:12,"[500, 500, 500, 500, 500, 4096, 4096, 4096, 4096, 4096, 4096, 4096, 4096, 4096, 4096, 4096, 4096]","[""https://a.espncdn.com/i/teamlogos/nfl/500/kc.png"", ""https://a.espncdn.com/i/teamlogos/nfl/500-dark/kc.png"", ""https://a.espncdn.com/i/teamlogos/nfl/500/scoreboard/kc.png"", ""https://a.espncdn.com/i/teamlogos/nfl/500-dark/scoreboard/kc.png"", ""https://a.espncdn.com/guid/582d14eb-da61-e505-cc40-d972a1b60ed1/logos/grayscale.png"", ""https://a.espncdn.com/guid/582d14eb-da61-e505-cc40-d972a1b60ed1/logos/primary_logo_on_white_color.png"", ""https://a.espncdn.com/guid/582d14eb-da61-e505-cc40-d972a1b60ed1/logos/primary_logo_on_black_color.png"", ""https://a.espncdn.com/guid/582d14eb-da61-e505-cc40-d972a1b60ed1/logos/primary_logo_on_primary_color.png"", ""https://a.espncdn.com/guid/582d14eb-da61-e505-cc40-d972a1b60ed1/logos/primary_logo_on_secondary_color.png"", ""https://a.espncdn.com/guid/582d14eb-da61-e505-cc40-d972a1b60ed1/logos/primary_logo_black.png"", ""https://a.espncdn.com/guid/582d14eb-da61-e505-cc40-d972a1b60ed1/logos/primary_logo_white.png"", ""https://a.espncdn.com/guid/582d14eb-da61-e505-cc40-d972a1b60ed1/logos/secondary_logo_on_white_color.png"", ""https://a.espncdn.com/guid/582d14eb-da61-e505-cc40-d972a1b60ed1/logos/secondary_logo_on_black_color.png"", ""https://a.espncdn.com/guid/582d14eb-da61-e505-cc40-d972a1b60ed1/logos/secondary_logo_on_primary_color.png"", ""https://a.espncdn.com/guid/582d14eb-da61-e505-cc40-d972a1b60ed1/logos/secondary_logo_on_secondary_color.png"", ""https://a.espncdn.com/guid/582d14eb-da61-e505-cc40-d972a1b60ed1/logos/secondary_logo_black.png"", ""https://a.espncdn.com/guid/582d14eb-da61-e505-cc40-d972a1b60ed1/logos/secondary_logo_white.png""]","[[""full"", ""default""], [""full"", ""dark""], [""full"", ""scoreboard""], [""full"", ""scoreboard"", ""dark""], [""full"", ""grayscale""], [""full"", ""primary_logo_on_white_color""], [""full"", ""primary_logo_on_black_color""], [""full"", ""primary_logo_on_primary_color""], [""full"", ""primary_logo_on_secondary_color""], [""full"", ""primary_logo_black""], [""full"", ""primary_logo_white""], [""full"", ""secondary_logo_on_white_color""], [""full"", ""secondary_logo_on_black_color""], [""full"", ""secondary_logo_on_primary_color""], [""full"", ""secondary_logo_on_secondary_color""], [""full"", ""secondary_logo_black""], [""full"", ""secondary_logo_white""]]","[500, 500, 500, 500, 500, 4096, 4096, 4096, 4096, 4096, 4096, 4096, 4096, 4096, 4096, 4096, 4096]",f68f2343-8ceb-7a02-740d-af6338be21d2,8815,Chiefs,Chiefs
football,nfl,12,Kansas City Chiefs,KC,kan,ffb612,e31837,Kansas City,Chiefs,kansas-city-chiefs,s:20~l:28~t:12,"[500, 500, 500, 500, 500, 4096, 4096, 4096, 4096, 4096, 4096, 4096, 4096, 4096, 4096, 4096, 4096]","[""https://a.espncdn.com/i/teamlogos/nfl/500/kc.png"", ""https://a.espncdn.com/i/teamlogos/nfl/500-dark/kc.png"", ""https://a.espncdn.com/i/teamlogos/nfl/500/scoreboard/kc.png"", ""https://a.espncdn.com/i/teamlogos/nfl/500-dark/scoreboard/kc.png"", ""https://a.espncdn.com/guid/582d14eb-da61-e505-cc40-d972a1b60ed1/logos/grayscale.png"", ""https://a.espncdn.com/guid/582d14eb-da61-e505-cc40-d972a1b60ed1/logos/primary_logo_on_white_color.png"", ""https://a.espncdn.com/guid/582d14eb-da61-e505-cc40-d972a1b60ed1/logos/primary_logo_on_black_color.png"", ""https://a.espncdn.com/guid/582d14eb-da61-e505-cc40-d972a1b60ed1/logos/primary_logo_on_primary_color.png"", ""https://a.espncdn.com/guid/582d14eb-da61-e505-cc40-d972a1b60ed1/logos/primary_logo_on_secondary_color.png"", ""https://a.espncdn.com/guid/582d14eb-da61-e505-cc40-d972a1b60ed1/logos/primary_logo_black.png"", ""https://a.espncdn.com/guid/582d14eb-da61-e505-cc40-d972a1b60ed1/logos/primary_logo_white.png"", ""https://a.espncdn.com/guid/582d14eb-da61-e505-cc40-d972a1b60ed1/logos/secondary_logo_on_white_color.png"", ""https://a.espncdn.com/guid/582d14eb-da61-e505-cc40-d972a1b60ed1/logos/secondary_logo_on_black_color.png"", ""https://a.espncdn.com/guid/582d14eb-da61-e505-cc40-d972a1b60ed1/logos/secondary_logo_on_primary_color.png"", ""https://a.espncdn.com/guid/582d14eb-da61-e505-cc40-d972a1b60ed1/logos/secondary_logo_on_secondary_color.png"", ""https://a.espncdn.com/guid/582d14eb-da61-e505-cc40-d972a1b60ed1/logos/secondary_logo_black.png"", ""https://a.espncdn.com/guid/582d14eb-da61-e505-cc40-d972a1b60ed1/logos/secondary_logo_white.png""]","[[""full"", ""default""], [""full"", ""dark""], [""full"", ""scoreboard""], [""full"", ""scoreboard"", ""dark""], [""full"", ""grayscale""], [""full"", ""primary_logo_on_white_color""], [""full"", ""primary_logo_on_black_color""], [""full"", ""primary_logo_on_primary_color""], [""full"", ""primary_logo_on_secondary_color""], [""full"", ""primary_logo_black""], [""full"", ""primary_logo_white""], [""full"", ""secondary_logo_on_white_color""], [""full"", ""secondary_logo_on_black_color""], [""full"", ""secondary_logo_on_primary_color""], [""full"", ""secondary_logo_on_secondary_color""], [""full"", ""secondary_logo_black""], [""full"", ""secondary_logo_white""]]","[500, 500, 500, 500, 500, 4096, 4096, 4096, 4096, 4096, 4096, 4096, 4096, 4096, 4096, 4096, 4096]",f68f2343-8ceb-7a02-740d-af6338be21d2,8815,Chiefs,Chiefs
football,nfl,12,Kansas City Chiefs,KC,Kansas City,ffb612,e31837,Kansas City,Chiefs,kansas-city-chiefs,s:20~l:28~t:12,"[500, 500, 500, 500, 500, 4096, 4096, 4096, 4096, 4096, 4096, 4096, 4096, 4096, 4096, 4096, 4096]","[""https://a.espncdn.com/i/teamlogos/nfl/500/kc.png"", ""https://a.espncdn.com/i/teamlogos/nfl/500-dark/kc.png"", ""https://a.espncdn.com/i/teamlogos/nfl/500/scoreboard/kc.png"", ""https://a.espncdn.com/i/teamlogos/nfl/500-dark/scoreboard/kc.png"", ""https://a.espncdn.com/guid/582d14eb-da61-e505-cc40-d972a1b60ed1/logos/grayscale.png"", ""https://a.espncdn.com/guid/582d14eb-da61-e505-cc40-d972a1b60ed1/logos/primary_logo_on_white_color.png"", ""https://a.espncdn.com/guid/582d14eb-da61-e505-cc40-d972a1b60ed1/logos/primary_logo_on_black_color.png"", ""https://a.espncdn.com/guid/582d14eb-da61-e505-cc40-d972a1b60ed1/logos/primary_logo_on_primary_color.png"", ""https://a.espncdn.com/guid/582d14eb-da61-e505-cc40-d972a1b60ed1/logos/primary_logo_on_secondary_color.png"", ""https://a.espncdn.com/guid/582d14eb-da61-e505-cc40-d972a1b60ed1/logos/primary_logo_black.png"", ""https://a.espncdn.com/guid/582d14eb-da61-e505-cc40-d972a1b60ed1/logos/primary_logo_white.png"", ""https://a.espncdn.com/guid/582d14eb-da61-e505-cc40-d972a1b60ed1/logos/secondary_logo_on_white_color.png"", ""https://a.espncdn.com/guid/582d14eb-da61-e505-cc40-d972a1b60ed1/logos/secondary_logo_on_black_color.png"", ""https://a.espncdn.com/guid/582d14eb-da61-e505-cc40-d972a1b60ed1/logos/secondary_logo_on_primary_color.png"", ""https://a.espncdn.com/guid/582d14eb-da61-e505-cc40-d972a1b60ed1/logos/secondary_logo_on_secondary_color.png"", ""https://a.espncdn.com/guid/582d14eb-da61-e505-cc40-d972a1b60ed1/logos/secondary_logo_black.png"", ""https://a.espncdn.com/guid/582d14eb-da61-e505-cc40-d972a1b60ed1/logos/secondary_logo_white.png""]","[[""full"", ""default""], [""full"", ""dark""], [""full"", ""scoreboard""], [""full"", ""scoreboard"", ""dark""], [""full"", ""grayscale""], [""full"", ""primary_logo_on_white_color""], [""full"", ""primary_logo_on_black_color""], [""full"", ""primary_logo_on_primary_color""], [""full"", ""primary_logo_on_secondary_color""], [""full"", ""primary_logo_black""], [""full"", ""primary_logo_white""], [""full"", ""secondary_logo_on_white_color""], [""full"", ""secondary_logo_on_black_color""], [""full"", ""secondary_logo_on_primary_color""], [""full"", ""secondary_logo_on_secondary_color""], [""full"", ""secondary_logo_black""], [""full"", ""secondary_logo_white""]]","[500, 500, 500, 500, 500, 4096, 4096, 4096, 4096, 4096, 4096, 4096, 4096, 4096, 4096, 4096, 4096]",f68f2343-8ceb-7a02-740d-af6338be21d2,8815,Chiefs,Chiefs
football,nfl,13,Las Vegas Raiders,LV,LVR,a5acaf,000000,Las Vegas,Raiders,las-vegas-raiders,s:20~l:28~t:13,"[500, 500, 500, 500, 500, 4096, 4096, 4096, 4096, 4096, 4096, 4096, 4096, 4096, 4096, 4096, 4096]","[""https://a.espncdn.com/i/teamlogos/nfl/500/lv.png"", ""https://a.espncdn.com/i/teamlogos/nfl/500-dark/lv.png"", ""https://a.espncdn.com/i/teamlogos/nfl/500/scoreboard/lv.png"", ""https://a.espncdn.com/i/teamlogos/nfl/500-dark/scoreboard/lv.png"", ""https://a.espncdn.com/guid/f68f2343-8ceb-7a02-740d-af6338be21d2/logos/grayscale.png"", ""https://a.espncdn.com/guid/f68f2343-8ceb-7a02-740d-af6338be21d2/logos/primary_logo_on_white_color.png"", ""https://a.espncdn.com/guid/f68f2343-8ceb-7a02-740d-af6338be21d2/logos/primary_logo_on_black_color.png"", ""https://a.espncdn.com/guid/f68f2343-8ceb-7a02-740d-af6338be21d2/logos/primary_logo_on_primary_color.png"", ""https://a.espncdn.com/guid/f68f2343-8ceb-7a02-740d-af6338be21d2/logos/primary_logo_on_secondary_color.png"", ""https://a.espncdn.com/guid/f68f2343-8ceb-7a02-740d-af6338be21d2/logos/primary_logo_black.png"", ""https://a.espncdn.com/guid/f68f2343-8ceb-7a02-740d-af6338be21d2/logos/primary_logo_white.png"", ""https://a.espncdn.com/guid/f68f2343-8ceb-7a02-740d-af6338be21d2/logos/secondary_logo_on_white_color.png"", ""https://a.espncdn.com/guid/f68f2343-8ceb-7a02-740d-af6338be21d2/logos/secondary_logo_on_black_color.png"", ""https://a.espncdn.com/guid/f68f2343-8ceb-7a02-740d-af6338be21d2/logos/secondary_logo_on_primary_color.png"", ""https://a.espncdn.com/guid/f68f2343-8ceb-7a02-740d-af6338be21d2/logos/secondary_logo_on_secondary_color.png"", ""https://a.espncdn.com/guid/f68f2343-8ceb-7a02-740d-af6338be21d2/logos/secondary_logo_black.png"", ""https://a.espncdn.com/guid/f68f2343-8ceb-7a02-740d-af6338be21d2/logos/secondary_logo_white.png""]","[[""full"", ""default""], [""full"", ""dark""], [""full"", ""scoreboard""], [""full"", ""scoreboard"", ""dark""], [""full"", ""grayscale""], [""full"", ""primary_logo_on_white_color""], [""full"", ""primary_logo_on_black_color""], [""full"", ""primary_logo_on_primary_color""], [""full"", ""primary_logo_on_secondary_color""], [""full"", ""primary_logo_black""], [""full"", ""primary_logo_white""], [""full"", ""secondary_logo_on_white_color""], [""full"", ""secondary_logo_on_black_color""], [""full"", ""secondary_logo_on_primary_color""], [""full"", ""secondary_logo_on_secondary_color""], [""full"", ""secondary_logo_black""], [""full"", ""secondary_logo_white""]]","[500, 500, 500, 500, 500, 4096, 4096, 4096, 4096, 4096, 4096, 4096, 4096, 4096, 4096, 4096, 4096]",b18540eb-6f2b-534c-e7f9-9bd930518da9,8822,Raiders,Raiders
football,nfl,13,Las Vegas Raiders,LV,RAI,a5acaf,000000,Las Vegas,Raiders,las-vegas-raiders,s:20~l:28~t:13,"[500, 500, 500, 500, 500, 4096, 4096, 4096, 4096, 4096, 4096, 4096, 4096, 4096, 4096, 4096, 4096]","[""https://a.espncdn.com/i/teamlogos/nfl/500/lv.png"", ""https://a.espncdn.com/i/teamlogos/nfl/500-dark/lv.png"", ""https://a.espncdn.com/i/teamlogos/nfl/500/scoreboard/lv.png"", ""https://a.espncdn.com/i/teamlogos/nfl/500-dark/scoreboard/lv.png"", ""https://a.espncdn.com/guid/f68f2343-8ceb-7a02-740d-af6338be21d2/logos/grayscale.png"", ""https://a.espncdn.com/guid/f68f2343-8ceb-7a02-740d-af6338be21d2/logos/primary_logo_on_white_color.png"", ""https://a.espncdn.com/guid/f68f2343-8ceb-7a02-740d-af6338be21d2/logos/primary_logo_on_black_color.png"", ""https://a.espncdn.com/guid/f68f2343-8ceb-7a02-740d-af6338be21d2/logos/primary_logo_on_primary_color.png"", ""https://a.espncdn.com/guid/f68f2343-8ceb-7a02-740d-af6338be21d2/logos/primary_logo_on_secondary_color.png"", ""https://a.espncdn.com/guid/f68f2343-8ceb-7a02-740d-af6338be21d2/logos/primary_logo_black.png"", ""https://a.espncdn.com/guid/f68f2343-8ceb-7a02-740d-af6338be21d2/logos/primary_logo_white.png"", ""https://a.espncdn.com/guid/f68f2343-8ceb-7a02-740d-af6338be21d2/logos/secondary_logo_on_white_color.png"", ""https://a.espncdn.com/guid/f68f2343-8ceb-7a02-740d-af6338be21d2/logos/secondary_logo_on_black_color.png"", ""https://a.espncdn.com/guid/f68f2343-8ceb-7a02-740d-af6338be21d2/logos/secondary_logo_on_primary_color.png"", ""https://a.espncdn.com/guid/f68f2343-8ceb-7a02-740d-af6338be21d2/logos/secondary_logo_on_secondary_color.png"", ""https://a.espncdn.com/guid/f68f2343-8ceb-7a02-740d-af6338be21d2/logos/secondary_logo_black.png"", ""https://a.espncdn.com/guid/f68f2343-8ceb-7a02-740d-af6338be21d2/logos/secondary_logo_white.png""]","[[""full"", ""default""], [""full"", ""dark""], [""full"", ""scoreboard""], [""full"", ""scoreboard"", ""dark""], [""full"", ""grayscale""], [""full"", ""primary_logo_on_white_color""], [""full"", ""primary_logo_on_black_color""], [""full"", ""primary_logo_on_primary_color""], [""full"", ""primary_logo_on_secondary_color""], [""full"", ""primary_logo_black""], [""full"", ""primary_logo_white""], [""full"", ""secondary_logo_on_white_color""], [""full"", ""secondary_logo_on_black_color""], [""full"", ""secondary_logo_on_primary_color""], [""full"", ""secondary_logo_on_secondary_color""], [""full"", ""secondary_logo_black""], [""full"", ""secondary_logo_white""]]","[500, 500, 500, 500, 500, 4096, 4096, 4096, 4096, 4096, 4096, 4096, 4096, 4096, 4096, 4096, 4096]",b18540eb-6f2b-534c-e7f9-9bd930518da9,8822,Raiders,Raiders
football,nfl,13,Las Vegas Raiders,LV,rai,a5acaf,000000,Las Vegas,Raiders,las-vegas-raiders,s:20~l:28~t:13,"[500, 500, 500, 500, 500, 4096, 4096, 4096, 4096, 4096, 4096, 4096, 4096, 4096, 4096, 4096, 4096]","[""https://a.espncdn.com/i/teamlogos/nfl/500/lv.png"", ""https://a.espncdn.com/i/teamlogos/nfl/500-dark/lv.png"", ""https://a.espncdn.com/i/teamlogos/nfl/500/scoreboard/lv.png"", ""https://a.espncdn.com/i/teamlogos/nfl/500-dark/scoreboard/lv.png"", ""https://a.espncdn.com/guid/f68f2343-8ceb-7a02-740d-af6338be21d2/logos/grayscale.png"", ""https://a.espncdn.com/guid/f68f2343-8ceb-7a02-740d-af6338be21d2/logos/primary_logo_on_white_color.png"", ""https://a.espncdn.com/guid/f68f2343-8ceb-7a02-740d-af6338be21d2/logos/primary_logo_on_black_color.png"", ""https://a.espncdn.com/guid/f68f2343-8ceb-7a02-740d-af6338be21d2/logos/primary_logo_on_primary_color.png"", ""https://a.espncdn.com/guid/f68f2343-8ceb-7a02-740d-af6338be21d2/logos/primary_logo_on_secondary_color.png"", ""https://a.espncdn.com/guid/f68f2343-8ceb-7a02-740d-af6338be21d2/logos/primary_logo_black.png"", ""https://a.espncdn.com/guid/f68f2343-8ceb-7a02-740d-af6338be21d2/logos/primary_logo_white.png"", ""https://a.espncdn.com/guid/f68f2343-8ceb-7a02-740d-af6338be21d2/logos/secondary_logo_on_white_color.png"", ""https://a.espncdn.com/guid/f68f2343-8ceb-7a02-740d-af6338be21d2/logos/secondary_logo_on_black_color.png"", ""https://a.espncdn.com/guid/f68f2343-8ceb-7a02-740d-af6338be21d2/logos/secondary_logo_on_primary_color.png"", ""https://a.espncdn.com/guid/f68f2343-8ceb-7a02-740d-af6338be21d2/logos/secondary_logo_on_secondary_color.png"", ""https://a.espncdn.com/guid/f68f2343-8ceb-7a02-740d-af6338be21d2/logos/secondary_logo_black.png"", ""https://a.espncdn.com/guid/f68f2343-8ceb-7a02-740d-af6338be21d2/logos/secondary_logo_white.png""]","[[""full"", ""default""], [""full"", ""dark""], [""full"", ""scoreboard""], [""full"", ""scoreboard"", ""dark""], [""full"", ""grayscale""], [""full"", ""primary_logo_on_white_color""], [""full"", ""primary_logo_on_black_color""], [""full"", ""primary_logo_on_primary_color""], [""full"", ""primary_logo_on_secondary_color""], [""full"", ""primary_logo_black""], [""full"", ""primary_logo_white""], [""full"", ""secondary_logo_on_white_color""], [""full"", ""secondary_logo_on_black_color""], [""full"", ""secondary_logo_on_primary_color""], [""full"", ""secondary_logo_on_secondary_color""], [""full"", ""secondary_logo_black""], [""full"", ""secondary_logo_white""]]","[500, 500, 500, 500, 500, 4096, 4096, 4096, 4096, 4096, 4096, 4096, 4096, 4096, 4096, 4096, 4096]",b18540eb-6f2b-534c-e7f9-9bd930518da9,8822,Raiders,Raiders
football,nfl,13,Las Vegas Raiders,LV,Las Vegas,a5acaf,000000,Las Vegas,Raiders,las-vegas-raiders,s:20~l:28~t:13,"[500, 500, 500, 500, 500, 4096, 4096, 4096, 4096, 4096, 4096, 4096, 4096, 4096, 4096, 4096, 4096]","[""https://a.espncdn.com/i/teamlogos/nfl/500/lv.png"", ""https://a.espncdn.com/i/teamlogos/nfl/500-dark/lv.png"", ""https://a.espncdn.com/i/teamlogos/nfl/500/scoreboard/lv.png"", ""https://a.espncdn.com/i/teamlogos/nfl/500-dark/scoreboard/lv.png"", ""https://a.espncdn.com/guid/f68f2343-8ceb-7a02-740d-af6338be21d2/logos/grayscale.png"", ""https://a.espncdn.com/guid/f68f2343-8ceb-7a02-740d-af6338be21d2/logos/primary_logo_on_white_color.png"", ""https://a.espncdn.com/guid/f68f2343-8ceb-7a02-740d-af6338be21d2/logos/primary_logo_on_black_color.png"", ""https://a.espncdn.com/guid/f68f2343-8ceb-7a02-740d-af6338be21d2/logos/primary_logo_on_primary_color.png"", ""https://a.espncdn.com/guid/f68f2343-8ceb-7a02-740d-af6338be21d2/logos/primary_logo_on_secondary_color.png"", ""https://a.espncdn.com/guid/f68f2343-8ceb-7a02-740d-af6338be21d2/logos/primary_logo_black.png"", ""https://a.espncdn.com/guid/f68f2343-8ceb-7a02-740d-af6338be21d2/logos/primary_logo_white.png"", ""https://a.espncdn.com/guid/f68f2343-8ceb-7a02-740d-af6338be21d2/logos/secondary_logo_on_white_color.png"", ""https://a.espncdn.com/guid/f68f2343-8ceb-7a02-740d-af6338be21d2/logos/secondary_logo_on_black_color.png"", ""https://a.espncdn.com/guid/f68f2343-8ceb-7a02-740d-af6338be21d2/logos/secondary_logo_on_primary_color.png"", ""https://a.espncdn.com/guid/f68f2343-8ceb-7a02-740d-af6338be21d2/logos/secondary_logo_on_secondary_color.png"", ""https://a.espncdn.com/guid/f68f2343-8ceb-7a02-740d-af6338be21d2/logos/secondary_logo_black.png"", ""https://a.espncdn.com/guid/f68f2343-8ceb-7a02-740d-af6338be21d2/logos/secondary_logo_white.png""]","[[""full"", ""default""], [""full"", ""dark""], [""full"", ""scoreboard""], [""full"", ""scoreboard"", ""dark""], [""full"", ""grayscale""], [""full"", ""primary_logo_on_white_color""], [""full"", ""primary_logo_on_black_color""], [""full"", ""primary_logo_on_primary_color""], [""full"", ""primary_logo_on_secondary_color""], [""full"", ""primary_logo_black""], [""full"", ""primary_logo_white""], [""full"", ""secondary_logo_on_white_color""], [""full"", ""secondary_logo_on_black_color""], [""full"", ""secondary_logo_on_primary_color""], [""full"", ""secondary_logo_on_secondary_color""], [""full"", ""secondary_logo_black""], [""full"", ""secondary_logo_white""]]","[500, 500, 500, 500, 500, 4096, 4096, 4096, 4096, 4096, 4096, 4096, 4096, 4096, 4096, 4096, 4096]",b18540eb-6f2b-534c-e7f9-9bd930518da9,8822,Raiders,Raiders
football,nfl,13,Las Vegas Raiders,LV,Oakland Raiders,a5acaf,000000,Las Vegas,Raiders,las-vegas-raiders,s:20~l:28~t:13,"[500, 500, 500, 500, 500, 4096, 4096, 4096, 4096, 4096, 4096, 4096, 4096, 4096, 4096, 4096, 4096]","[""https://a.espncdn.com/i/teamlogos/nfl/500/lv.png"", ""https://a.espncdn.com/i/teamlogos/nfl/500-dark/lv.png"", ""https://a.espncdn.com/i/teamlogos/nfl/500/scoreboard/lv.png"", ""https://a.espncdn.com/i/teamlogos/nfl/500-dark/scoreboard/lv.png"", ""https://a.espncdn.com/guid/f68f2343-8ceb-7a02-740d-af6338be21d2/logos/grayscale.png"", ""https://a.espncdn.com/guid/f68f2343-8ceb-7a02-740d-af6338be21d2/logos/primary_logo_on_white_color.png"", ""https://a.espncdn.com/guid/f68f2343-8ceb-7a02-740d-af6338be21d2/logos/primary_logo_on_black_color.png"", ""https://a.espncdn.com/guid/f68f2343-8ceb-7a02-740d-af6338be21d2/logos/primary_logo_on_primary_color.png"", ""https://a.espncdn.com/guid/f68f2343-8ceb-7a02-740d-af6338be21d2/logos/primary_logo_on_secondary_color.png"", ""https://a.espncdn.com/guid/f68f2343-8ceb-7a02-740d-af6338be21d2/logos/primary_logo_black.png"", ""https://a.espncdn.com/guid/f68f2343-8ceb-7a02-740d-af6338be21d2/logos/primary_logo_white.png"", ""https://a.espncdn.com/guid/f68f2343-8ceb-7a02-740d-af6338be21d2/logos/secondary_logo_on_white_color.png"", ""https://a.espncdn.com/guid/f68f2343-8ceb-7a02-740d-af6338be21d2/logos/secondary_logo_on_black_color.png"", ""https://a.espncdn.com/guid/f68f2343-8ceb-7a02-740d-af6338be21d2/logos/secondary_logo_on_primary_color.png"", ""https://a.espncdn.com/guid/f68f2343-8ceb-7a02-740d-af6338be21d2/logos/secondary_logo_on_secondary_color.png"", ""https://a.espncdn.com/guid/f68f2343-8ceb-7a02-740d-af6338be21d2/logos/secondary_logo_black.png"", ""https://a.espncdn.com/guid/f68f2343-8ceb-7a02-740d-af6338be21d2/logos/secondary_logo_white.png""]","[[""full"", ""default""], [""full"", ""dark""], [""full"", ""scoreboard""], [""full"", ""scoreboard"", ""dark""], [""full"", ""grayscale""], [""full"", ""primary_logo_on_white_color""], [""full"", ""primary_logo_on_black_color""], [""full"", ""primary_logo_on_primary_color""], [""full"", ""primary_logo_on_secondary_color""], [""full"", ""primary_logo_black""], [""full"", ""primary_logo_white""], [""full"", ""secondary_logo_on_white_color""], [""full"", ""secondary_logo_on_black_color""], [""full"", ""secondary_logo_on_primary_color""], [""full"", ""secondary_logo_on_secondary_color""], [""full"", ""secondary_logo_black""], [""full"", ""secondary_logo_white""]]","[500, 500, 500, 500, 500, 4096, 4096, 4096, 4096, 4096, 4096, 4096, 4096, 4096, 4096, 4096, 4096]",b18540eb-6f2b-534c-e7f9-9bd930518da9,8822,Raiders,Raiders
football,nfl,13,Las Vegas Raiders,LV,Oakland,a5acaf,000000,Las Vegas,Raiders,las-vegas-raiders,s:20~l:28~t:13,"[500, 500, 500, 500, 500, 4096, 4096, 4096, 4096, 4096, 4096, 4096, 4096, 4096, 4096, 4096, 4096]","[""https://a.espncdn.com/i/teamlogos/nfl/500/lv.png"", ""https://a.espncdn.com/i/teamlogos/nfl/500-dark/lv.png"", ""https://a.espncdn.com/i/teamlogos/nfl/500/scoreboard/lv.png"", ""https://a.espncdn.com/i/teamlogos/nfl/500-dark/scoreboard/lv.png"", ""https://a.espncdn.com/guid/f68f2343-8ceb-7a02-740d-af6338be21d2/logos/grayscale.png"", ""https://a.espncdn.com/guid/f68f2343-8ceb-7a02-740d-af6338be21d2/logos/primary_logo_on_white_color.png"", ""https://a.espncdn.com/guid/f68f2343-8ceb-7a02-740d-af6338be21d2/logos/primary_logo_on_black_color.png"", ""https://a.espncdn.com/guid/f68f2343-8ceb-7a02-740d-af6338be21d2/logos/primary_logo_on_primary_color.png"", ""https://a.espncdn.com/guid/f68f2343-8ceb-7a02-740d-af6338be21d2/logos/primary_logo_on_secondary_color.png"", ""https://a.espncdn.com/guid/f68f2343-8ceb-7a02-740d-af6338be21d2/logos/primary_logo_black.png"", ""https://a.espncdn.com/guid/f68f2343-8ceb-7a02-740d-af6338be21d2/logos/primary_logo_white.png"", ""https://a.espncdn.com/guid/f68f2343-8ceb-7a02-740d-af6338be21d2/logos/secondary_logo_on_white_color.png"", ""https://a.espncdn.com/guid/f68f2343-8ceb-7a02-740d-af6338be21d2/logos/secondary_logo_on_black_color.png"", ""https://a.espncdn.com/guid/f68f2343-8ceb-7a02-740d-af6338be21d2/logos/secondary_logo_on_primary_color.png"", ""https://a.espncdn.com/guid/f68f2343-8ceb-7a02-740d-af6338be21d2/logos/secondary_logo_on_secondary_color.png"", ""https://a.espncdn.com/guid/f68f2343-8ceb-7a02-740d-af6338be21d2/logos/secondary_logo_black.png"", ""https://a.espncdn.com/guid/f68f2343-8ceb-7a02-740d-af6338be21d2/logos/secondary_logo_white.png""]","[[""full"", ""default""], [""full"", ""dark""], [""full"", ""scoreboard""], [""full"", ""scoreboard"", ""dark""], [""full"", ""grayscale""], [""full"", ""primary_logo_on_white_color""], [""full"", ""primary_logo_on_black_color""], [""full"", ""primary_logo_on_primary_color""], [""full"", ""primary_logo_on_secondary_color""], [""full"", ""primary_logo_black""], [""full"", ""primary_logo_white""], [""full"", ""secondary_logo_on_white_color""], [""full"", ""secondary_logo_on_black_color""], [""full"", ""secondary_logo_on_primary_color""], [""full"", ""secondary_logo_on_secondary_color""], [""full"", ""secondary_logo_black""], [""full"", ""secondary_logo_white""]]","[500, 500, 500, 500, 500, 4096, 4096, 4096, 4096, 4096, 4096, 4096, 4096, 4096, 4096, 4096, 4096]",b18540eb-6f2b-534c-e7f9-9bd930518da9,8822,Raiders,Raiders
football,nfl,13,Las Vegas Raiders,LV,OAK,a5acaf,000000,Las Vegas,Raiders,las-vegas-raiders,s:20~l:28~t:13,"[500, 500, 500, 500, 500, 4096, 4096, 4096, 4096, 4096, 4096, 4096, 4096, 4096, 4096, 4096, 4096]","[""https://a.espncdn.com/i/teamlogos/nfl/500/lv.png"", ""https://a.espncdn.com/i/teamlogos/nfl/500-dark/lv.png"", ""https://a.espncdn.com/i/teamlogos/nfl/500/scoreboard/lv.png"", ""https://a.espncdn.com/i/teamlogos/nfl/500-dark/scoreboard/lv.png"", ""https://a.espncdn.com/guid/f68f2343-8ceb-7a02-740d-af6338be21d2/logos/grayscale.png"", ""https://a.espncdn.com/guid/f68f2343-8ceb-7a02-740d-af6338be21d2/logos/primary_logo_on_white_color.png"", ""https://a.espncdn.com/guid/f68f2343-8ceb-7a02-740d-af6338be21d2/logos/primary_logo_on_black_color.png"", ""https://a.espncdn.com/guid/f68f2343-8ceb-7a02-740d-af6338be21d2/logos/primary_logo_on_primary_color.png"", ""https://a.espncdn.com/guid/f68f2343-8ceb-7a02-740d-af6338be21d2/logos/primary_logo_on_secondary_color.png"", ""https://a.espncdn.com/guid/f68f2343-8ceb-7a02-740d-af6338be21d2/logos/primary_logo_black.png"", ""https://a.espncdn.com/guid/f68f2343-8ceb-7a02-740d-af6338be21d2/logos/primary_logo_white.png"", ""https://a.espncdn.com/guid/f68f2343-8ceb-7a02-740d-af6338be21d2/logos/secondary_logo_on_white_color.png"", ""https://a.espncdn.com/guid/f68f2343-8ceb-7a02-740d-af6338be21d2/logos/secondary_logo_on_black_color.png"", ""https://a.espncdn.com/guid/f68f2343-8ceb-7a02-740d-af6338be21d2/logos/secondary_logo_on_primary_color.png"", ""https://a.espncdn.com/guid/f68f2343-8ceb-7a02-740d-af6338be21d2/logos/secondary_logo_on_secondary_color.png"", ""https://a.espncdn.com/guid/f68f2343-8ceb-7a02-740d-af6338be21d2/logos/secondary_logo_black.png"", ""https://a.espncdn.com/guid/f68f2343-8ceb-7a02-740d-af6338be21d2/logos/secondary_logo_white.png""]","[[""full"", ""default""], [""full"", ""dark""], [""full"", ""scoreboard""], [""full"", ""scoreboard"", ""dark""], [""full"", ""grayscale""], [""full"", ""primary_logo_on_white_color""], [""full"", ""primary_logo_on_black_color""], [""full"", ""primary_logo_on_primary_color""], [""full"", ""primary_logo_on_secondary_color""], [""full"", ""primary_logo_black""], [""full"", ""primary_logo_white""], [""full"", ""secondary_logo_on_white_color""], [""full"", ""secondary_logo_on_black_color""], [""full"", ""secondary_logo_on_primary_color""], [""full"", ""secondary_logo_on_secondary_color""], [""full"", ""secondary_logo_black""], [""full"", ""secondary_logo_white""]]","[500, 500, 500, 500, 500, 4096, 4096, 4096, 4096, 4096, 4096, 4096, 4096, 4096, 4096, 4096, 4096]",b18540eb-6f2b-534c-e7f9-9bd930518da9,8822,Raiders,Raiders
football,nfl,13,Las Vegas Raiders,LV,Los Angeles Raiders,a5acaf,000000,Las Vegas,Raiders,las-vegas-raiders,s:20~l:28~t:13,"[500, 500, 500, 500, 500, 4096, 4096, 4096, 4096, 4096, 4096, 4096, 4096, 4096, 4096, 4096, 4096]","[""https://a.espncdn.com/i/teamlogos/nfl/500/lv.png"", ""https://a.espncdn.com/i/teamlogos/nfl/500-dark/lv.png"", ""https://a.espncdn.com/i/teamlogos/nfl/500/scoreboard/lv.png"", ""https://a.espncdn.com/i/teamlogos/nfl/500-dark/scoreboard/lv.png"", ""https://a.espncdn.com/guid/f68f2343-8ceb-7a02-740d-af6338be21d2/logos/grayscale.png"", ""https://a.espncdn.com/guid/f68f2343-8ceb-7a02-740d-af6338be21d2/logos/primary_logo_on_white_color.png"", ""https://a.espncdn.com/guid/f68f2343-8ceb-7a02-740d-af6338be21d2/logos/primary_logo_on_black_color.png"", ""https://a.espncdn.com/guid/f68f2343-8ceb-7a02-740d-af6338be21d2/logos/primary_logo_on_primary_color.png"", ""https://a.espncdn.com/guid/f68f2343-8ceb-7a02-740d-af6338be21d2/logos/primary_logo_on_secondary_color.png"", ""https://a.espncdn.com/guid/f68f2343-8ceb-7a02-740d-af6338be21d2/logos/primary_logo_black.png"", ""https://a.espncdn.com/guid/f68f2343-8ceb-7a02-740d-af6338be21d2/logos/primary_logo_white.png"", ""https://a.espncdn.com/guid/f68f2343-8ceb-7a02-740d-af6338be21d2/logos/secondary_logo_on_white_color.png"", ""https://a.espncdn.com/guid/f68f2343-8ceb-7a02-740d-af6338be21d2/logos/secondary_logo_on_black_color.png"", ""https://a.espncdn.com/guid/f68f2343-8ceb-7a02-740d-af6338be21d2/logos/secondary_logo_on_primary_color.png"", ""https://a.espncdn.com/guid/f68f2343-8ceb-7a02-740d-af6338be21d2/logos/secondary_logo_on_secondary_color.png"", ""https://a.espncdn.com/guid/f68f2343-8ceb-7a02-740d-af6338be21d2/logos/secondary_logo_black.png"", ""https://a.espncdn.com/guid/f68f2343-8ceb-7a02-740d-af6338be21d2/logos/secondary_logo_white.png""]","[[""full"", ""default""], [""full"", ""dark""], [""full"", ""scoreboard""], [""full"", ""scoreboard"", ""dark""], [""full"", ""grayscale""], [""full"", ""primary_logo_on_white_color""], [""full"", ""primary_logo_on_black_color""], [""full"", ""primary_logo_on_primary_color""], [""full"", ""primary_logo_on_secondary_color""], [""full"", ""primary_logo_black""], [""full"", ""primary_logo_white""], [""full"", ""secondary_logo_on_white_color""], [""full"", ""secondary_logo_on_black_color""], [""full"", ""secondary_logo_on_primary_color""], [""full"", ""secondary_logo_on_secondary_color""], [""full"", ""secondary_logo_black""], [""full"", ""secondary_logo_white""]]","[500, 500, 500, 500, 500, 4096, 4096, 4096, 4096, 4096, 4096, 4096, 4096, 4096, 4096, 4096, 4096]",b18540eb-6f2b-534c-e7f9-9bd930518da9,8822,Raiders,Raiders
football,nfl,13,Las Vegas Raiders,LV,LA Raiders,a5acaf,000000,Las Vegas,Raiders,las-vegas-raiders,s:20~l:28~t:13,"[500, 500, 500, 500, 500, 4096, 4096, 4096, 4096, 4096, 4096, 4096, 4096, 4096, 4096, 4096, 4096]","[""https://a.espncdn.com/i/teamlogos/nfl/500/lv.png"", ""https://a.espncdn.com/i/teamlogos/nfl/500-dark/lv.png"", ""https://a.espncdn.com/i/teamlogos/nfl/500/scoreboard/lv.png"", ""https://a.espncdn.com/i/teamlogos/nfl/500-dark/scoreboard/lv.png"", ""https://a.espncdn.com/guid/f68f2343-8ceb-7a02-740d-af6338be21d2/logos/grayscale.png"", ""https://a.espncdn.com/guid/f68f2343-8ceb-7a02-740d-af6338be21d2/logos/primary_logo_on_white_color.png"", ""https://a.espncdn.com/guid/f68f2343-8ceb-7a02-740d-af6338be21d2/logos/primary_logo_on_black_color.png"", ""https://a.espncdn.com/guid/f68f2343-8ceb-7a02-740d-af6338be21d2/logos/primary_logo_on_primary_color.png"", ""https://a.espncdn.com/guid/f68f2343-8ceb-7a02-740d-af6338be21d2/logos/primary_logo_on_secondary_color.png"", ""https://a.espncdn.com/guid/f68f2343-8ceb-7a02-740d-af6338be21d2/logos/primary_logo_black.png"", ""https://a.espncdn.com/guid/f68f2343-8ceb-7a02-740d-af6338be21d2/logos/primary_logo_white.png"", ""https://a.espncdn.com/guid/f68f2343-8ceb-7a02-740d-af6338be21d2/logos/secondary_logo_on_white_color.png"", ""https://a.espncdn.com/guid/f68f2343-8ceb-7a02-740d-af6338be21d2/logos/secondary_logo_on_black_color.png"", ""https://a.espncdn.com/guid/f68f2343-8ceb-7a02-740d-af6338be21d2/logos/secondary_logo_on_primary_color.png"", ""https://a.espncdn.com/guid/f68f2343-8ceb-7a02-740d-af6338be21d2/logos/secondary_logo_on_secondary_color.png"", ""https://a.espncdn.com/guid/f68f2343-8ceb-7a02-740d-af6338be21d2/logos/secondary_logo_black.png"", ""https://a.espncdn.com/guid/f68f2343-8ceb-7a02-740d-af6338be21d2/logos/secondary_logo_white.png""]","[[""full"", ""default""], [""full"", ""dark""], [""full"", ""scoreboard""], [""full"", ""scoreboard"", ""dark""], [""full"", ""grayscale""], [""full"", ""primary_logo_on_white_color""], [""full"", ""primary_logo_on_black_color""], [""full"", ""primary_logo_on_primary_color""], [""full"", ""primary_logo_on_secondary_color""], [""full"", ""primary_logo_black""], [""full"", ""primary_logo_white""], [""full"", ""secondary_logo_on_white_color""], [""full"", ""secondary_logo_on_black_color""], [""full"", ""secondary_logo_on_primary_color""], [""full"", ""secondary_logo_on_secondary_color""], [""full"", ""secondary_logo_black""], [""full"", ""secondary_logo_white""]]","[500, 500, 500, 500, 500, 4096, 4096, 4096, 4096, 4096, 4096, 4096, 4096, 4096, 4096, 4096, 4096]",b18540eb-6f2b-534c-e7f9-9bd930518da9,8822,Raiders,Raiders
football,nfl,24,Los Angeles Chargers,LAC,SD,ffc20e,0080c6,Los Angeles,Chargers,los-angeles-chargers,s:20~l:28~t:24,"[500, 500, 500, 500, 500, 4096, 4096, 4096, 4096, 4096, 4096, 4096, 4096, 4096, 4096, 4096, 4096]","[""https://a.espncdn.com/i/teamlogos/nfl/500/lac.png"", ""https://a.espncdn.com/i/teamlogos/nfl/500-dark/lac.png"", ""https://a.espncdn.com/i/teamlogos/nfl/500/scoreboard/lac.png"", ""https://a.espncdn.com/i/teamlogos/nfl/500-dark/scoreboard/lac.png"", ""https://a.espncdn.com/guid/debcd592-8d53-71f1-fc15-5c8b8ef9df6e/logos/grayscale.png"", ""https://a.espncdn.com/guid/debcd592-8d53-71f1-fc15-5c8b8ef9df6e/logos/primary_logo_on_white_color.png"", ""https://a.espncdn.com/guid/debcd592-8d53-71f1-fc15-5c8b8ef9df6e/logos/primary_logo_on_black_color.png"", ""https://a.espncdn.com/guid/debcd592-8d53-71f1-fc15-5c8b8ef9df6e/logos/primary_logo_on_primary_color.png"", ""https://a.espncdn.com/guid/debcd592-8d53-71f1-fc15-5c8b8ef9df6e/logos/primary_logo_on_secondary_color.png"", ""https://a.espncdn.com/guid/debcd592-8d53-71f1-fc15-5c8b8ef9df6e/logos/primary_logo_black.png"", ""https://a.espncdn.com/guid/debcd592-8d53-71f1-fc15-5c8b8ef9df6e/logos/primary_logo_white.png"", ""https://a.espncdn.com/guid/debcd592-8d53-71f1-fc15-5c8b8ef9df6e/logos/secondary_logo_on_white_color.png"", ""https://a.espncdn.com/guid/debcd592-8d53-71f1-fc15-5c8b8ef9df6e/logos/secondary_logo_on_black_color.png"", ""https://a.espncdn.com/guid/debcd592-8d53-71f1-fc15-5c8b8ef9df6e/logos/secondary_logo_on_primary_color.png"", ""https://a.espncdn.com/guid/debcd592-8d53-71f1-fc15-5c8b8ef9df6e/logos/secondary_logo_on_secondary_color.png"", ""https://a.espncdn.com/guid/debcd592-8d53-71f1-fc15-5c8b8ef9df6e/logos/secondary_logo_black.png"", ""https://a.espncdn.com/guid/debcd592-8d53-71f1-fc15-5c8b8ef9df6e/logos/secondary_logo_white.png""]","[[""full"", ""default""], [""full"", ""dark""], [""full"", ""scoreboard""], [""full"", ""scoreboard"", ""dark""], [""full"", ""grayscale""], [""full"", ""primary_logo_on_white_color""], [""full"", ""primary_logo_on_black_color""], [""full"", ""primary_logo_on_primary_color""], [""full"", ""primary_logo_on_secondary_color""], [""full"", ""primary_logo_black""], [""full"", ""primary_logo_white""], [""full"", ""secondary_logo_on_white_color""], [""full"", ""secondary_logo_on_black_color""], [""full"", ""secondary_logo_on_primary_color""], [""full"", ""secondary_logo_on_secondary_color""], [""full"", ""secondary_logo_black""], [""full"", ""secondary_logo_white""]]","[500, 500, 500, 500, 500, 4096, 4096, 4096, 4096, 4096, 4096, 4096, 4096, 4096, 4096, 4096, 4096]",84caf62b-c753-71ea-a787-44fd224a4294,8825,Chargers,Chargers
football,nfl,24,Los Angeles Chargers,LAC,SDG,ffc20e,0080c6,Los Angeles,Chargers,los-angeles-chargers,s:20~l:28~t:24,"[500, 500, 500, 500, 500, 4096, 4096, 4096, 4096, 4096, 4096, 4096, 4096, 4096, 4096, 4096, 4096]","[""https://a.espncdn.com/i/teamlogos/nfl/500/lac.png"", ""https://a.espncdn.com/i/teamlogos/nfl/500-dark/lac.png"", ""https://a.espncdn.com/i/teamlogos/nfl/500/scoreboard/lac.png"", ""https://a.espncdn.com/i/teamlogos/nfl/500-dark/scoreboard/lac.png"", ""https://a.espncdn.com/guid/debcd592-8d53-71f1-fc15-5c8b8ef9df6e/logos/grayscale.png"", ""https://a.espncdn.com/guid/debcd592-8d53-71f1-fc15-5c8b8ef9df6e/logos/primary_logo_on_white_color.png"", ""https://a.espncdn.com/guid/debcd592-8d53-71f1-fc15-5c8b8ef9df6e/logos/primary_logo_on_black_color.png"", ""https://a.espncdn.com/guid/debcd592-8d53-71f1-fc15-5c8b8ef9df6e/logos/primary_logo_on_primary_color.png"", ""https://a.espncdn.com/guid/debcd592-8d53-71f1-fc15-5c8b8ef9df6e/logos/primary_logo_on_secondary_color.png"", ""https://a.espncdn.com/guid/debcd592-8d53-71f1-fc15-5c8b8ef9df6e/logos/primary_logo_black.png"", ""https://a.espncdn.com/guid/debcd592-8d53-71f1-fc15-5c8b8ef9df6e/logos/primary_logo_white.png"", ""https://a.espncdn.com/guid/debcd592-8d53-71f1-fc15-5c8b8ef9df6e/logos/secondary_logo_on_white_color.png"", ""https://a.espncdn.com/guid/debcd592-8d53-71f1-fc15-5c8b8ef9df6e/logos/secondary_logo_on_black_color.png"", ""https://a.espncdn.com/guid/debcd592-8d53-71f1-fc15-5c8b8ef9df6e/logos/secondary_logo_on_primary_color.png"", ""https://a.espncdn.com/guid/debcd592-8d53-71f1-fc15-5c8b8ef9df6e/logos/secondary_logo_on_secondary_color.png"", ""https://a.espncdn.com/guid/debcd592-8d53-71f1-fc15-5c8b8ef9df6e/logos/secondary_logo_black.png"", ""https://a.espncdn.com/guid/debcd592-8d53-71f1-fc15-5c8b8ef9df6e/logos/secondary_logo_white.png""]","[[""full"", ""default""], [""full"", ""dark""], [""full"", ""scoreboard""], [""full"", ""scoreboard"", ""dark""], [""full"", ""grayscale""], [""full"", ""primary_logo_on_white_color""], [""full"", ""primary_logo_on_black_color""], [""full"", ""primary_logo_on_primary_color""], [""full"", ""primary_logo_on_secondary_color""], [""full"", ""primary_logo_black""], [""full"", ""primary_logo_white""], [""full"", ""secondary_logo_on_white_color""], [""full"", ""secondary_logo_on_black_color""], [""full"", ""secondary_logo_on_primary_color""], [""full"", ""secondary_logo_on_secondary_color""], [""full"", ""secondary_logo_black""], [""full"", ""secondary_logo_white""]]","[500, 500, 500, 500, 500, 4096, 4096, 4096, 4096, 4096, 4096, 4096, 4096, 4096, 4096, 4096, 4096]",84caf62b-c753-71ea-a787-44fd224a4294,8825,Chargers,Chargers
football,nfl,24,Los Angeles Chargers,LAC,sdg,ffc20e,0080c6,Los Angeles,Chargers,los-angeles-chargers,s:20~l:28~t:24,"[500, 500, 500, 500, 500, 4096, 4096, 4096, 4096, 4096, 4096, 4096, 4096, 4096, 4096, 4096, 4096]","[""https://a.espncdn.com/i/teamlogos/nfl/500/lac.png"", ""https://a.espncdn.com/i/teamlogos/nfl/500-dark/lac.png"", ""https://a.espncdn.com/i/teamlogos/nfl/500/scoreboard/lac.png"", ""https://a.espncdn.com/i/teamlogos/nfl/500-dark/scoreboard/lac.png"", ""https://a.espncdn.com/guid/debcd592-8d53-71f1-fc15-5c8b8ef9df6e/logos/grayscale.png"", ""https://a.espncdn.com/guid/debcd592-8d53-71f1-fc15-5c8b8ef9df6e/logos/primary_logo_on_white_color.png"", ""https://a.espncdn.com/guid/debcd592-8d53-71f1-fc15-5c8b8ef9df6e/logos/primary_logo_on_black_color.png"", ""https://a.espncdn.com/guid/debcd592-8d53-71f1-fc15-5c8b8ef9df6e/logos/primary_logo_on_primary_color.png"", ""https://a.espncdn.com/guid/debcd592-8d53-71f1-fc15-5c8b8ef9df6e/logos/primary_logo_on_secondary_color.png"", ""https://a.espncdn.com/guid/debcd592-8d53-71f1-fc15-5c8b8ef9df6e/logos/primary_logo_black.png"", ""https://a.espncdn.com/guid/debcd592-8d53-71f1-fc15-5c8b8ef9df6e/logos/primary_logo_white.png"", ""https://a.espncdn.com/guid/debcd592-8d53-71f1-fc15-5c8b8ef9df6e/logos/secondary_logo_on_white_color.png"", ""https://a.espncdn.com/guid/debcd592-8d53-71f1-fc15-5c8b8ef9df6e/logos/secondary_logo_on_black_color.png"", ""https://a.espncdn.com/guid/debcd592-8d53-71f1-fc15-5c8b8ef9df6e/logos/secondary_logo_on_primary_color.png"", ""https://a.espncdn.com/guid/debcd592-8d53-71f1-fc15-5c8b8ef9df6e/logos/secondary_logo_on_secondary_color.png"", ""https://a.espncdn.com/guid/debcd592-8d53-71f1-fc15-5c8b8ef9df6e/logos/secondary_logo_black.png"", ""https://a.espncdn.com/guid/debcd592-8d53-71f1-fc15-5c8b8ef9df6e/logos/secondary_logo_white.png""]","[[""full"", ""default""], [""full"", ""dark""], [""full"", ""scoreboard""], [""full"", ""scoreboard"", ""dark""], [""full"", ""grayscale""], [""full"", ""primary_logo_on_white_color""], [""full"", ""primary_logo_on_black_color""], [""full"", ""primary_logo_on_primary_color""], [""full"", ""primary_logo_on_secondary_color""], [""full"", ""primary_logo_black""], [""full"", ""primary_logo_white""], [""full"", ""secondary_logo_on_white_color""], [""full"", ""secondary_logo_on_black_color""], [""full"", ""secondary_logo_on_primary_color""], [""full"", ""secondary_logo_on_secondary_color""], [""full"", ""secondary_logo_black""], [""full"", ""secondary_logo_white""]]","[500, 500, 500, 500, 500, 4096, 4096, 4096, 4096, 4096, 4096, 4096, 4096, 4096, 4096, 4096, 4096]",84caf62b-c753-71ea-a787-44fd224a4294,8825,Chargers,Chargers
football,nfl,24,Los Angeles Chargers,LAC,LA Chargers,ffc20e,0080c6,Los Angeles,Chargers,los-angeles-chargers,s:20~l:28~t:24,"[500, 500, 500, 500, 500, 4096, 4096, 4096, 4096, 4096, 4096, 4096, 4096, 4096, 4096, 4096, 4096]","[""https://a.espncdn.com/i/teamlogos/nfl/500/lac.png"", ""https://a.espncdn.com/i/teamlogos/nfl/500-dark/lac.png"", ""https://a.espncdn.com/i/teamlogos/nfl/500/scoreboard/lac.png"", ""https://a.espncdn.com/i/teamlogos/nfl/500-dark/scoreboard/lac.png"", ""https://a.espncdn.com/guid/debcd592-8d53-71f1-fc15-5c8b8ef9df6e/logos/grayscale.png"", ""https://a.espncdn.com/guid/debcd592-8d53-71f1-fc15-5c8b8ef9df6e/logos/primary_logo_on_white_color.png"", ""https://a.espncdn.com/guid/debcd592-8d53-71f1-fc15-5c8b8ef9df6e/logos/primary_logo_on_black_color.png"", ""https://a.espncdn.com/guid/debcd592-8d53-71f1-fc15-5c8b8ef9df6e/logos/primary_logo_on_primary_color.png"", ""https://a.espncdn.com/guid/debcd592-8d53-71f1-fc15-5c8b8ef9df6e/logos/primary_logo_on_secondary_color.png"", ""https://a.espncdn.com/guid/debcd592-8d53-71f1-fc15-5c8b8ef9df6e/logos/primary_logo_black.png"", ""https://a.espncdn.com/guid/debcd592-8d53-71f1-fc15-5c8b8ef9df6e/logos/primary_logo_white.png"", ""https://a.espncdn.com/guid/debcd592-8d53-71f1-fc15-5c8b8ef9df6e/logos/secondary_logo_on_white_color.png"", ""https://a.espncdn.com/guid/debcd592-8d53-71f1-fc15-5c8b8ef9df6e/logos/secondary_logo_on_black_color.png"", ""https://a.espncdn.com/guid/debcd592-8d53-71f1-fc15-5c8b8ef9df6e/logos/secondary_logo_on_primary_color.png"", ""https://a.espncdn.com/guid/debcd592-8d53-71f1-fc15-5c8b8ef9df6e/logos/secondary_logo_on_secondary_color.png"", ""https://a.espncdn.com/guid/debcd592-8d53-71f1-fc15-5c8b8ef9df6e/logos/secondary_logo_black.png"", ""https://a.espncdn.com/guid/debcd592-8d53-71f1-fc15-5c8b8ef9df6e/logos/secondary_logo_white.png""]","[[""full"", ""default""], [""full"", ""dark""], [""full"", ""scoreboard""], [""full"", ""scoreboard"", ""dark""], [""full"", ""grayscale""], [""full"", ""primary_logo_on_white_color""], [""full"", ""primary_logo_on_black_color""], [""full"", ""primary_logo_on_primary_color""], [""full"", ""primary_logo_on_secondary_color""], [""full"", ""primary_logo_black""], [""full"", ""primary_logo_white""], [""full"", ""secondary_logo_on_white_color""], [""full"", ""secondary_logo_on_black_color""], [""full"", ""secondary_logo_on_primary_color""], [""full"", ""secondary_logo_on_secondary_color""], [""full"", ""secondary_logo_black""], [""full"", ""secondary_logo_white""]]","[500, 500, 500, 500, 500, 4096, 4096, 4096, 4096, 4096, 4096, 4096, 4096, 4096, 4096, 4096, 4096]",84caf62b-c753-71ea-a787-44fd224a4294,8825,Chargers,Chargers
football,nfl,24,Los Angeles Chargers,LAC,L.A. Chargers,ffc20e,0080c6,Los Angeles,Chargers,los-angeles-chargers,s:20~l:28~t:24,"[500, 500, 500, 500, 500, 4096, 4096, 4096, 4096, 4096, 4096, 4096, 4096, 4096, 4096, 4096, 4096]","[""https://a.espncdn.com/i/teamlogos/nfl/500/lac.png"", ""https://a.espncdn.com/i/teamlogos/nfl/500-dark/lac.png"", ""https://a.espncdn.com/i/teamlogos/nfl/500/scoreboard/lac.png"", ""https://a.espncdn.com/i/teamlogos/nfl/500-dark/scoreboard/lac.png"", ""https://a.espncdn.com/guid/debcd592-8d53-71f1-fc15-5c8b8ef9df6e/logos/grayscale.png"", ""https://a.espncdn.com/guid/debcd592-8d53-71f1-fc15-5c8b8ef9df6e/logos/primary_logo_on_white_color.png"", ""https://a.espncdn.com/guid/debcd592-8d53-71f1-fc15-5c8b8ef9df6e/logos/primary_logo_on_black_color.png"", ""https://a.espncdn.com/guid/debcd592-8d53-71f1-fc15-5c8b8ef9df6e/logos/primary_logo_on_primary_color.png"", ""https://a.espncdn.com/guid/debcd592-8d53-71f1-fc15-5c8b8ef9df6e/logos/primary_logo_on_secondary_color.png"", ""https://a.espncdn.com/guid/debcd592-8d53-71f1-fc15-5c8b8ef9df6e/logos/primary_logo_black.png"", ""https://a.espncdn.com/guid/debcd592-8d53-71f1-fc15-5c8b8ef9df6e/logos/primary_logo_white.png"", ""https://a.espncdn.com/guid/debcd592-8d53-71f1-fc15-5c8b8ef9df6e/logos/secondary_logo_on_white_color.png"", ""https://a.espncdn.com/guid/debcd592-8d53-71f1-fc15-5c8b8ef9df6e/logos/secondary_logo_on_black_color.png"", ""https://a.espncdn.com/guid/debcd592-8d53-71f1-fc15-5c8b8ef9df6e/logos/secondary_logo_on_primary_color.png"", ""https://a.espncdn.com/guid/debcd592-8d53-71f1-fc15-5c8b8ef9df6e/logos/secondary_logo_on_secondary_color.png"", ""https://a.espncdn.com/guid/debcd592-8d53-71f1-fc15-5c8b8ef9df6e/logos/secondary_logo_black.png"", ""https://a.espncdn.com/guid/debcd592-8d53-71f1-fc15-5c8b8ef9df6e/logos/secondary_logo_white.png""]","[[""full"", ""default""], [""full"", ""dark""], [""full"", ""scoreboard""], [""full"", ""scoreboard"", ""dark""], [""full"", ""grayscale""], [""full"", ""primary_logo_on_white_color""], [""full"", ""primary_logo_on_black_color""], [""full"", ""primary_logo_on_primary_color""], [""full"", ""primary_logo_on_secondary_color""], [""full"", ""primary_logo_black""], [""full"", ""primary_logo_white""], [""full"", ""secondary_logo_on_white_color""], [""full"", ""secondary_logo_on_black_color""], [""full"", ""secondary_logo_on_primary_color""], [""full"", ""secondary_logo_on_secondary_color""], [""full"", ""secondary_logo_black""], [""full"", ""secondary_logo_white""]]","[500, 500, 500, 500, 500, 4096, 4096, 4096, 4096, 4096, 4096, 4096, 4096, 4096, 4096, 4096, 4096]",84caf62b-c753-71ea-a787-44fd224a4294,8825,Chargers,Chargers
football,nfl,24,Los Angeles Chargers,LAC,San Diego Chargers,ffc20e,0080c6,Los Angeles,Chargers,los-angeles-chargers,s:20~l:28~t:24,"[500, 500, 500, 500, 500, 4096, 4096, 4096, 4096, 4096, 4096, 4096, 4096, 4096, 4096, 4096, 4096]","[""https://a.espncdn.com/i/teamlogos/nfl/500/lac.png"", ""https://a.espncdn.com/i/teamlogos/nfl/500-dark/lac.png"", ""https://a.espncdn.com/i/teamlogos/nfl/500/scoreboard/lac.png"", ""https://a.espncdn.com/i/teamlogos/nfl/500-dark/scoreboard/lac.png"", ""https://a.espncdn.com/guid/debcd592-8d53-71f1-fc15-5c8b8ef9df6e/logos/grayscale.png"", ""https://a.espncdn.com/guid/debcd592-8d53-71f1-fc15-5c8b8ef9df6e/logos/primary_logo_on_white_color.png"", ""https://a.espncdn.com/guid/debcd592-8d53-71f1-fc15-5c8b8ef9df6e/logos/primary_logo_on_black_color.png"", ""https://a.espncdn.com/guid/debcd592-8d53-71f1-fc15-5c8b8ef9df6e/logos/primary_logo_on_primary_color.png"", ""https://a.espncdn.com/guid/debcd592-8d53-71f1-fc15-5c8b8ef9df6e/logos/primary_logo_on_secondary_color.png"", ""https://a.espncdn.com/guid/debcd592-8d53-71f1-fc15-5c8b8ef9df6e/logos/primary_logo_black.png"", ""https://a.espncdn.com/guid/debcd592-8d53-71f1-fc15-5c8b8ef9df6e/logos/primary_logo_white.png"", ""https://a.espncdn.com/guid/debcd592-8d53-71f1-fc15-5c8b8ef9df6e/logos/secondary_logo_on_white_color.png"", ""https://a.espncdn.com/guid/debcd592-8d53-71f1-fc15-5c8b8ef9df6e/logos/secondary_logo_on_black_color.png"", ""https://a.espncdn.com/guid/debcd592-8d53-71f1-fc15-5c8b8ef9df6e/logos/secondary_logo_on_primary_color.png"", ""https://a.espncdn.com/guid/debcd592-8d53-71f1-fc15-5c8b8ef9df6e/logos/secondary_logo_on_secondary_color.png"", ""https://a.espncdn.com/guid/debcd592-8d53-71f1-fc15-5c8b8ef9df6e/logos/secondary_logo_black.png"", ""https://a.espncdn.com/guid/debcd592-8d53-71f1-fc15-5c8b8ef9df6e/logos/secondary_logo_white.png""]","[[""full"", ""default""], [""full"", ""dark""], [""full"", ""scoreboard""], [""full"", ""scoreboard"", ""dark""], [""full"", ""grayscale""], [""full"", ""primary_logo_on_white_color""], [""full"", ""primary_logo_on_black_color""], [""full"", ""primary_logo_on_primary_color""], [""full"", ""primary_logo_on_secondary_color""], [""full"", ""primary_logo_black""], [""full"", ""primary_logo_white""], [""full"", ""secondary_logo_on_white_color""], [""full"", ""secondary_logo_on_black_color""], [""full"", ""secondary_logo_on_primary_color""], [""full"", ""secondary_logo_on_secondary_color""], [""full"", ""secondary_logo_black""], [""full"", ""secondary_logo_white""]]","[500, 500, 500, 500, 500, 4096, 4096, 4096, 4096, 4096, 4096, 4096, 4096, 4096, 4096, 4096, 4096]",84caf62b-c753-71ea-a787-44fd224a4294,8825,Chargers,Chargers
football,nfl,24,Los Angeles Chargers,LAC,San Diego,ffc20e,0080c6,Los Angeles,Chargers,los-angeles-chargers,s:20~l:28~t:24,"[500, 500, 500, 500, 500, 4096, 4096, 4096, 4096, 4096, 4096, 4096, 4096, 4096, 4096, 4096, 4096]","[""https://a.espncdn.com/i/teamlogos/nfl/500/lac.png"", ""https://a.espncdn.com/i/teamlogos/nfl/500-dark/lac.png"", ""https://a.espncdn.com/i/teamlogos/nfl/500/scoreboard/lac.png"", ""https://a.espncdn.com/i/teamlogos/nfl/500-dark/scoreboard/lac.png"", ""https://a.espncdn.com/guid/debcd592-8d53-71f1-fc15-5c8b8ef9df6e/logos/grayscale.png"", ""https://a.espncdn.com/guid/debcd592-8d53-71f1-fc15-5c8b8ef9df6e/logos/primary_logo_on_white_color.png"", ""https://a.espncdn.com/guid/debcd592-8d53-71f1-fc15-5c8b8ef9df6e/logos/primary_logo_on_black_color.png"", ""https://a.espncdn.com/guid/debcd592-8d53-71f1-fc15-5c8b8ef9df6e/logos/primary_logo_on_primary_color.png"", ""https://a.espncdn.com/guid/debcd592-8d53-71f1-fc15-5c8b8ef9df6e/logos/primary_logo_on_secondary_color.png"", ""https://a.espncdn.com/guid/debcd592-8d53-71f1-fc15-5c8b8ef9df6e/logos/primary_logo_black.png"", ""https://a.espncdn.com/guid/debcd592-8d53-71f1-fc15-5c8b8ef9df6e/logos/primary_logo_white.png"", ""https://a.espncdn.com/guid/debcd592-8d53-71f1-fc15-5c8b8ef9df6e/logos/secondary_logo_on_white_color.png"", ""https://a.espncdn.com/guid/debcd592-8d53-71f1-fc15-5c8b8ef9df6e/logos/secondary_logo_on_black_color.png"", ""https://a.espncdn.com/guid/debcd592-8d53-71f1-fc15-5c8b8ef9df6e/logos/secondary_logo_on_primary_color.png"", ""https://a.espncdn.com/guid/debcd592-8d53-71f1-fc15-5c8b8ef9df6e/logos/secondary_logo_on_secondary_color.png"", ""https://a.espncdn.com/guid/debcd592-8d53-71f1-fc15-5c8b8ef9df6e/logos/secondary_logo_black.png"", ""https://a.espncdn.com/guid/debcd592-8d53-71f1-fc15-5c8b8ef9df6e/logos/secondary_logo_white.png""]","[[""full"", ""default""], [""full"", ""dark""], [""full"", ""scoreboard""], [""full"", ""scoreboard"", ""dark""], [""full"", ""grayscale""], [""full"", ""primary_logo_on_white_color""], [""full"", ""primary_logo_on_black_color""], [""full"", ""primary_logo_on_primary_color""], [""full"", ""primary_logo_on_secondary_color""], [""full"", ""primary_logo_black""], [""full"", ""primary_logo_white""], [""full"", ""secondary_logo_on_white_color""], [""full"", ""secondary_logo_on_black_color""], [""full"", ""secondary_logo_on_primary_color""], [""full"", ""secondary_logo_on_secondary_color""], [""full"", ""secondary_logo_black""], [""full"", ""secondary_logo_white""]]","[500, 500, 500, 500, 500, 4096, 4096, 4096, 4096, 4096, 4096, 4096, 4096, 4096, 4096, 4096, 4096]",84caf62b-c753-71ea-a787-44fd224a4294,8825,Chargers,Chargers
football,nfl,14,Los Angeles Rams,LAR,LA,ffd100,003594,Los Angeles,Rams,los-angeles-rams,s:20~l:28~t:14,"[500, 500, 500, 500, 500, 4096, 4096, 4096, 4096, 4096, 4096, 4096, 4096, 4096, 4096, 4096, 4096]","[""https://a.espncdn.com/i/teamlogos/nfl/500/lar.png"", ""https://a.espncdn.com/i/teamlogos/nfl/500-dark/lar.png"", ""https://a.espncdn.com/i/teamlogos/nfl/500/scoreboard/lar.png"", ""https://a.espncdn.com/i/teamlogos/nfl/500-dark/scoreboard/lar.png"", ""https://a.espncdn.com/guid/b18540eb-6f2b-534c-e7f9-9bd930518da9/logos/grayscale.png"", ""https://a.espncdn.com/guid/b18540eb-6f2b-534c-e7f9-9bd930518da9/logos/primary_logo_on_white_color.png"", ""https://a.espncdn.com/guid/b18540eb-6f2b-534c-e7f9-9bd930518da9/logos/primary_logo_on_black_color.png"", ""https://a.espncdn.com/guid/b18540eb-6f2b-534c-e7f9-9bd930518da9/logos/primary_logo_on_primary_color.png"", ""https://a.espncdn.com/guid/b18540eb-6f2b-534c-e7f9-9bd930518da9/logos/primary_logo_on_secondary_color.png"", ""https://a.espncdn.com/guid/b18540eb-6f2b-534c-e7f9-9bd930518da9/logos/primary_logo_black.png"", ""https://a.espncdn.com/guid/b18540eb-6f2b-534c-e7f9-9bd930518da9/logos/primary_logo_white.png"", ""https://a.espncdn.com/guid/b18540eb-6f2b-534c-e7f9-9bd930518da9/logos/secondary_logo_on_white_color.png"", ""https://a.espncdn.com/guid/b18540eb-6f2b-534c-e7f9-9bd930518da9/logos/secondary_logo_on_black_color.png"", ""https://a.espncdn.com/guid/b18540eb-6f2b-534c-e7f9-9bd930518da9/logos/secondary_logo_on_primary_color.png"", ""https://a.espncdn.com/guid/b18540eb-6f2b-534c-e7f9-9bd930518da9/logos/secondary_logo_on_secondary_color.png"", ""https://a.espncdn.com/guid/b18540eb-6f2b-534c-e7f9-9bd930518da9/logos/secondary_logo_black.png"", ""https://a.espncdn.com/guid/b18540eb-6f2b-534c-e7f9-9bd930518da9/logos/secondary_logo_white.png""]","[[""full"", ""default""], [""full"", ""dark""], [""full"", ""scoreboard""], [""full"", ""scoreboard"", ""dark""], [""full"", ""grayscale""], [""full"", ""primary_logo_on_white_color""], [""full"", ""primary_logo_on_black_color""], [""full"", ""primary_logo_on_primary_color""], [""full"", ""primary_logo_on_secondary_color""], [""full"", ""primary_logo_black""], [""full"", ""primary_logo_white""], [""full"", ""secondary_logo_on_white_color""], [""full"", ""secondary_logo_on_black_color""], [""full"", ""secondary_logo_on_primary_color""], [""full"", ""secondary_logo_on_secondary_color""], [""full"", ""secondary_logo_black""], [""full"", ""secondary_logo_white""]]","[500, 500, 500, 500, 500, 4096, 4096, 4096, 4096, 4096, 4096, 4096, 4096, 4096, 4096, 4096, 4096]",2e1473b2-e269-fd7a-1137-c1edacb85986,8828,Rams,Rams
football,nfl,14,Los Angeles Rams,LAR,RAM,ffd100,003594,Los Angeles,Rams,los-angeles-rams,s:20~l:28~t:14,"[500, 500, 500, 500, 500, 4096, 4096, 4096, 4096, 4096, 4096, 4096, 4096, 4096, 4096, 4096, 4096]","[""https://a.espncdn.com/i/teamlogos/nfl/500/lar.png"", ""https://a.espncdn.com/i/teamlogos/nfl/500-dark/lar.png"", ""https://a.espncdn.com/i/teamlogos/nfl/500/scoreboard/lar.png"", ""https://a.espncdn.com/i/teamlogos/nfl/500-dark/scoreboard/lar.png"", ""https://a.espncdn.com/guid/b18540eb-6f2b-534c-e7f9-9bd930518da9/logos/grayscale.png"", ""https://a.espncdn.com/guid/b18540eb-6f2b-534c-e7f9-9bd930518da9/logos/primary_logo_on_white_color.png"", ""https://a.espncdn.com/guid/b18540eb-6f2b-534c-e7f9-9bd930518da9/logos/primary_logo_on_black_color.png"", ""https://a.espncdn.com/guid/b18540eb-6f2b-534c-e7f9-9bd930518da9/logos/primary_logo_on_primary_color.png"", ""https://a.espncdn.com/guid/b18540eb-6f2b-534c-e7f9-9bd930518da9/logos/primary_logo_on_secondary_color.png"", ""https://a.espncdn.com/guid/b18540eb-6f2b-534c-e7f9-9bd930518da9/logos/primary_logo_black.png"", ""https://a.espncdn.com/guid/b18540eb-6f2b-534c-e7f9-9bd930518da9/logos/primary_logo_white.png"", ""https://a.espncdn.com/guid/b18540eb-6f2b-534c-e7f9-9bd930518da9/logos/secondary_logo_on_white_color.png"", ""https://a.espncdn.com/guid/b18540eb-6f2b-534c-e7f9-9bd930518da9/logos/secondary_logo_on_black_color.png"", ""https://a.espncdn.com/guid/b18540eb-6f2b-534c-e7f9-9bd930518da9/logos/secondary_logo_on_primary_color.png"", ""https://a.espncdn.com/guid/b18540eb-6f2b-534c-e7f9-9bd930518da9/logos/secondary_logo_on_secondary_color.png"", ""https://a.espncdn.com/guid/b18540eb-6f2b-534c-e7f9-9bd930518da9/logos/secondary_logo_black.png"", ""https://a.espncdn.com/guid/b18540eb-6f2b-534c-e7f9-9bd930518da9/logos/secondary_logo_white.png""]","[[""full"", ""default""], [""full"", ""dark""], [""full"", ""scoreboard""], [""full"", ""scoreboard"", ""dark""], [""full"", ""grayscale""], [""full"", ""primary_logo_on_white_color""], [""full"", ""primary_logo_on_black_color""], [""full"", ""primary_logo_on_primary_color""], [""full"", ""primary_logo_on_secondary_color""], [""full"", ""primary_logo_black""], [""full"", ""primary_logo_white""], [""full"", ""secondary_logo_on_white_color""], [""full"", ""secondary_logo_on_black_color""], [""full"", ""secondary_logo_on_primary_color""], [""full"", ""secondary_logo_on_secondary_color""], [""full"", ""secondary_logo_black""], [""full"", ""secondary_logo_white""]]","[500, 500, 500, 500, 500, 4096, 4096, 4096, 4096, 4096, 4096, 4096, 4096, 4096, 4096, 4096, 4096]",2e1473b2-e269-fd7a-1137-c1edacb85986,8828,Rams,Rams
football,nfl,14,Los Angeles Rams,LAR,ram,ffd100,003594,Los Angeles,Rams,los-angeles-rams,s:20~l:28~t:14,"[500, 500, 500, 500, 500, 4096, 4096, 4096, 4096, 4096, 4096, 4096, 4096, 4096, 4096, 4096, 4096]","[""https://a.espncdn.com/i/teamlogos/nfl/500/lar.png"", ""https://a.espncdn.com/i/teamlogos/nfl/500-dark/lar.png"", ""https://a.espncdn.com/i/teamlogos/nfl/500/scoreboard/lar.png"", ""https://a.espncdn.com/i/teamlogos/nfl/500-dark/scoreboard/lar.png"", ""https://a.espncdn.com/guid/b18540eb-6f2b-534c-e7f9-9bd930518da9/logos/grayscale.png"", ""https://a.espncdn.com/guid/b18540eb-6f2b-534c-e7f9-9bd930518da9/logos/primary_logo_on_white_color.png"", ""https://a.espncdn.com/guid/b18540eb-6f2b-534c-e7f9-9bd930518da9/logos/primary_logo_on_black_color.png"", ""https://a.espncdn.com/guid/b18540eb-6f2b-534c-e7f9-9bd930518da9/logos/primary_logo_on_primary_color.png"", ""https://a.espncdn.com/guid/b18540eb-6f2b-534c-e7f9-9bd930518da9/logos/primary_logo_on_secondary_color.png"", ""https://a.espncdn.com/guid/b18540eb-6f2b-534c-e7f9-9bd930518da9/logos/primary_logo_black.png"", ""https://a.espncdn.com/guid/b18540eb-6f2b-534c-e7f9-9bd930518da9/logos/primary_logo_white.png"", ""https://a.espncdn.com/guid/b18540eb-6f2b-534c-e7f9-9bd930518da9/logos/secondary_logo_on_white_color.png"", ""https://a.espncdn.com/guid/b18540eb-6f2b-534c-e7f9-9bd930518da9/logos/secondary_logo_on_black_color.png"", ""https://a.espncdn.com/guid/b18540eb-6f2b-534c-e7f9-9bd930518da9/logos/secondary_logo_on_primary_color.png"", ""https://a.espncdn.com/guid/b18540eb-6f2b-534c-e7f9-9bd930518da9/logos/secondary_logo_on_secondary_color.png"", ""https://a.espncdn.com/guid/b18540eb-6f2b-534c-e7f9-9bd930518da9/logos/secondary_logo_black.png"", ""https://a.espncdn.com/guid/b18540eb-6f2b-534c-e7f9-9bd930518da9/logos/secondary_logo_white.png""]","[[""full"", ""default""], [""full"", ""dark""], [""full"", ""scoreboard""], [""full"", ""scoreboard"", ""dark""], [""full"", ""grayscale""], [""full"", ""primary_logo_on_white_color""], [""full"", ""primary_logo_on_black_color""], [""full"", ""primary_logo_on_primary_color""], [""full"", ""primary_logo_on_secondary_color""], [""full"", ""primary_logo_black""], [""full"", ""primary_logo_white""], [""full"", ""secondary_logo_on_white_color""], [""full"", ""secondary_logo_on_black_color""], [""full"", ""secondary_logo_on_primary_color""], [""full"", ""secondary_logo_on_secondary_color""], [""full"", ""secondary_logo_black""], [""full"", ""secondary_logo_white""]]","[500, 500, 500, 500, 500, 4096, 4096, 4096, 4096, 4096, 4096, 4096, 4096, 4096, 4096, 4096, 4096]",2e1473b2-e269-fd7a-1137-c1edacb85986,8828,Rams,Rams
football,nfl,14,Los Angeles Rams,LAR,LA Rams,ffd100,003594,Los Angeles,Rams,los-angeles-rams,s:20~l:28~t:14,"[500, 500, 500, 500, 500, 4096, 4096, 4096, 4096, 4096, 4096, 4096, 4096, 4096, 4096, 4096, 4096]","[""https://a.espncdn.com/i/teamlogos/nfl/500/lar.png"", ""https://a.espncdn.com/i/teamlogos/nfl/500-dark/lar.png"", ""https://a.espncdn.com/i/teamlogos/nfl/500/scoreboard/lar.png"", ""https://a.espncdn.com/i/teamlogos/nfl/500-dark/scoreboard/lar.png"", ""https://a.espncdn.com/guid/b18540eb-6f2b-534c-e7f9-9bd930518da9/logos/grayscale.png"", ""https://a.espncdn.com/guid/b18540eb-6f2b-534c-e7f9-9bd930518da9/logos/primary_logo_on_white_color.png"", ""https://a.espncdn.com/guid/b18540eb-6f2b-534c-e7f9-9bd930518da9/logos/primary_logo_on_black_color.png"", ""https://a.espncdn.com/guid/b18540eb-6f2b-534c-e7f9-9bd930518da9/logos/primary_logo_on_primary_color.png"", ""https://a.espncdn.com/guid/b18540eb-6f2b-534c-e7f9-9bd930518da9/logos/primary_logo_on_secondary_color.png"", ""https://a.espncdn.com/guid/b18540eb-6f2b-534c-e7f9-9bd930518da9/logos/primary_logo_black.png"", ""https://a.espncdn.com/guid/b18540eb-6f2b-534c-e7f9-9bd930518da9/logos/primary_logo_white.png"", ""https://a.espncdn.com/guid/b18540eb-6f2b-534c-e7f9-9bd930518da9/logos/secondary_logo_on_white_color.png"", ""https://a.espncdn.com/guid/b18540eb-6f2b-534c-e7f9-9bd930518da9/logos/secondary_logo_on_black_color.png"", ""https://a.espncdn.com/guid/b18540eb-6f2b-534c-e7f9-9bd930518da9/logos/secondary_logo_on_primary_color.png"", ""https://a.espncdn.com/guid/b18540eb-6f2b-534c-e7f9-9bd930518da9/logos/secondary_logo_on_secondary_color.png"", ""https://a.espncdn.com/guid/b18540eb-6f2b-534c-e7f9-9bd930518da9/logos/secondary_logo_black.png"", ""https://a.espncdn.com/guid/b18540eb-6f2b-534c-e7f9-9bd930518da9/logos/secondary_logo_white.png""]","[[""full"", ""default""], [""full"", ""dark""], [""full"", ""scoreboard""], [""full"", ""scoreboard"", ""dark""], [""full"", ""grayscale""], [""full"", ""primary_logo_on_white_color""], [""full"", ""primary_logo_on_black_color""], [""full"", ""primary_logo_on_primary_color""], [""full"", ""primary_logo_on_secondary_color""], [""full"", ""primary_logo_black""], [""full"", ""primary_logo_white""], [""full"", ""secondary_logo_on_white_color""], [""full"", ""secondary_logo_on_black_color""], [""full"", ""secondary_logo_on_primary_color""], [""full"", ""secondary_logo_on_secondary_color""], [""full"", ""secondary_logo_black""], [""full"", ""secondary_logo_white""]]","[500, 500, 500, 500, 500, 4096, 4096, 4096, 4096, 4096, 4096, 4096, 4096, 4096, 4096, 4096, 4096]",2e1473b2-e269-fd7a-1137-c1edacb85986,8828,Rams,Rams
football,nfl,14,Los Angeles Rams,LAR,L.A. Rams,ffd100,003594,Los Angeles,Rams,los-angeles-rams,s:20~l:28~t:14,"[500, 500, 500, 500, 500, 4096, 4096, 4096, 4096, 4096, 4096, 4096, 4096, 4096, 4096, 4096, 4096]","[""https://a.espncdn.com/i/teamlogos/nfl/500/lar.png"", ""https://a.espncdn.com/i/teamlogos/nfl/500-dark/lar.png"", ""https://a.espncdn.com/i/teamlogos/nfl/500/scoreboard/lar.png"", ""https://a.espncdn.com/i/teamlogos/nfl/500-dark/scoreboard/lar.png"", ""https://a.espncdn.com/guid/b18540eb-6f2b-534c-e7f9-9bd930518da9/logos/grayscale.png"", ""https://a.espncdn.com/guid/b18540eb-6f2b-534c-e7f9-9bd930518da9/logos/primary_logo_on_white_color.png"", ""https://a.espncdn.com/guid/b18540eb-6f2b-534c-e7f9-9bd930518da9/logos/primary_logo_on_black_color.png"", ""https://a.espncdn.com/guid/b18540eb-6f2b-534c-e7f9-9bd930518da9/logos/primary_logo_on_primary_color.png"", ""https://a.espncdn.com/guid/b18540eb-6f2b-534c-e7f9-9bd930518da9/logos/primary_logo_on_secondary_color.png"", ""https://a.espncdn.com/guid/b18540eb-6f2b-534c-e7f9-9bd930518da9/logos/primary_logo_black.png"", ""https://a.espncdn.com/guid/b18540eb-6f2b-534c-e7f9-9bd930518da9/logos/primary_logo_white.png"", ""https://a.espncdn.com/guid/b18540eb-6f2b-534c-e7f9-9bd930518da9/logos/secondary_logo_on_white_color.png"", ""https://a.espncdn.com/guid/b18540eb-6f2b-534c-e7f9-9bd930518da9/logos/secondary_logo_on_black_color.png"", ""https://a.espncdn.com/guid/b18540eb-6f2b-534c-e7f9-9bd930518da9/logos/secondary_logo_on_primary_color.png"", ""https://a.espncdn.com/guid/b18540eb-6f2b-534c-e7f9-9bd930518da9/logos/secondary_logo_on_secondary_color.png"", ""https://a.espncdn.com/guid/b18540eb-6f2b-534c-e7f9-9bd930518da9/logos/secondary_logo_black.png"", ""https://a.espncdn.com/guid/b18540eb-6f2b-534c-e7f9-9bd930518da9/logos/secondary_logo_white.png""]","[[""full"", ""default""], [""full"", ""dark""], [""full"", ""scoreboard""], [""full"", ""scoreboard"", ""dark""], [""full"", ""grayscale""], [""full"", ""primary_logo_on_white_color""], [""full"", ""primary_logo_on_black_color""], [""full"", ""primary_logo_on_primary_color""], [""full"", ""primary_logo_on_secondary_color""], [""full"", ""primary_logo_black""], [""full"", ""primary_logo_white""], [""full"", ""secondary_logo_on_white_color""], [""full"", ""secondary_logo_on_black_color""], [""full"", ""secondary_logo_on_primary_color""], [""full"", ""secondary_logo_on_secondary_color""], [""full"", ""secondary_logo_black""], [""full"", ""secondary_logo_white""]]","[500, 500, 500, 500, 500, 4096, 4096, 4096, 4096, 4096, 4096, 4096, 4096, 4096, 4096, 4096, 4096]",2e1473b2-e269-fd7a-1137-c1edacb85986,8828,Rams,Rams
football,nfl,14,Los Angeles Rams,LAR,St. Louis Rams,ffd100,003594,Los Angeles,Rams,los-angeles-rams,s:20~l:28~t:14,"[500, 500, 500, 500, 500, 4096, 4096, 4096, 4096, 4096, 4096, 4096, 4096, 4096, 4096, 4096, 4096]","[""https://a.espncdn.com/i/teamlogos/nfl/500/lar.png"", ""https://a.espncdn.com/i/teamlogos/nfl/500-dark/lar.png"", ""https://a.espncdn.com/i/teamlogos/nfl/500/scoreboard/lar.png"", ""https://a.espncdn.com/i/teamlogos/nfl/500-dark/scoreboard/lar.png"", ""https://a.espncdn.com/guid/b18540eb-6f2b-534c-e7f9-9bd930518da9/logos/grayscale.png"", ""https://a.espncdn.com/guid/b18540eb-6f2b-534c-e7f9-9bd930518da9/logos/primary_logo_on_white_color.png"", ""https://a.espncdn.com/guid/b18540eb-6f2b-534c-e7f9-9bd930518da9/logos/primary_logo_on_black_color.png"", ""https://a.espncdn.com/guid/b18540eb-6f2b-534c-e7f9-9bd930518da9/logos/primary_logo_on_primary_color.png"", ""https://a.espncdn.com/guid/b18540eb-6f2b-534c-e7f9-9bd930518da9/logos/primary_logo_on_secondary_color.png"", ""https://a.espncdn.com/guid/b18540eb-6f2b-534c-e7f9-9bd930518da9/logos/primary_logo_black.png"", ""https://a.espncdn.com/guid/b18540eb-6f2b-534c-e7f9-9bd930518da9/logos/primary_logo_white.png"", ""https://a.espncdn.com/guid/b18540eb-6f2b-534c-e7f9-9bd930518da9/logos/secondary_logo_on_white_color.png"", ""https://a.espncdn.com/guid/b18540eb-6f2b-534c-e7f9-9bd930518da9/logos/secondary_logo_on_black_color.png"", ""https://a.espncdn.com/guid/b18540eb-6f2b-534c-e7f9-9bd930518da9/logos/secondary_logo_on_primary_color.png"", ""https://a.espncdn.com/guid/b18540eb-6f2b-534c-e7f9-9bd930518da9/logos/secondary_logo_on_secondary_color.png"", ""https://a.espncdn.com/guid/b18540eb-6f2b-534c-e7f9-9bd930518da9/logos/secondary_logo_black.png"", ""https://a.espncdn.com/guid/b18540eb-6f2b-534c-e7f9-9bd930518da9/logos/secondary_logo_white.png""]","[[""full"", ""default""], [""full"", ""dark""], [""full"", ""scoreboard""], [""full"", ""scoreboard"", ""dark""], [""full"", ""grayscale""], [""full"", ""primary_logo_on_white_color""], [""full"", ""primary_logo_on_black_color""], [""full"", ""primary_logo_on_primary_color""], [""full"", ""primary_logo_on_secondary_color""], [""full"", ""primary_logo_black""], [""full"", ""primary_logo_white""], [""full"", ""secondary_logo_on_white_color""], [""full"", ""secondary_logo_on_black_color""], [""full"", ""secondary_logo_on_primary_color""], [""full"", ""secondary_logo_on_secondary_color""], [""full"", ""secondary_logo_black""], [""full"", ""secondary_logo_white""]]","[500, 500, 500, 500, 500, 4096, 4096, 4096, 4096, 4096, 4096, 4096, 4096, 4096, 4096, 4096, 4096]",2e1473b2-e269-fd7a-1137-c1edacb85986,8828,Rams,Rams
football,nfl,14,Los Angeles Rams,LAR,St Louis Rams,ffd100,003594,Los Angeles,Rams,los-angeles-rams,s:20~l:28~t:14,"[500, 500, 500, 500, 500, 4096, 4096, 4096, 4096, 4096, 4096, 4096, 4096, 4096, 4096, 4096, 4096]","[""https://a.espncdn.com/i/teamlogos/nfl/500/lar.png"", ""https://a.espncdn.com/i/teamlogos/nfl/500-dark/lar.png"", ""https://a.espncdn.com/i/teamlogos/nfl/500/scoreboard/lar.png"", ""https://a.espncdn.com/i/teamlogos/nfl/500-dark/scoreboard/lar.png"", ""https://a.espncdn.com/guid/b18540eb-6f2b-534c-e7f9-9bd930518da9/logos/grayscale.png"", ""https://a.espncdn.com/guid/b18540eb-6f2b-534c-e7f9-9bd930518da9/logos/primary_logo_on_white_color.png"", ""https://a.espncdn.com/guid/b18540eb-6f2b-534c-e7f9-9bd930518da9/logos/primary_logo_on_black_color.png"", ""https://a.espncdn.com/guid/b18540eb-6f2b-534c-e7f9-9bd930518da9/logos/primary_logo_on_primary_color.png"", ""https://a.espncdn.com/guid/b18540eb-6f2b-534c-e7f9-9bd930518da9/logos/primary_logo_on_secondary_color.png"", ""https://a.espncdn.com/guid/b18540eb-6f2b-534c-e7f9-9bd930518da9/logos/primary_logo_black.png"", ""https://a.espncdn.com/guid/b18540eb-6f2b-534c-e7f9-9bd930518da9/logos/primary_logo_white.png"", ""https://a.espncdn.com/guid/b18540eb-6f2b-534c-e7f9-9bd930518da9/logos/secondary_logo_on_white_color.png"", ""https://a.espncdn.com/guid/b18540eb-6f2b-534c-e7f9-9bd930518da9/logos/secondary_logo_on_black_color.png"", ""https://a.espncdn.com/guid/b18540eb-6f2b-534c-e7f9-9bd930518da9/logos/secondary_logo_on_primary_color.png"", ""https://a.espncdn.com/guid/b18540eb-6f2b-534c-e7f9-9bd930518da9/logos/secondary_logo_on_secondary_color.png"", ""https://a.espncdn.com/guid/b18540eb-6f2b-534c-e7f9-9bd930518da9/logos/secondary_logo_black.png"", ""https://a.espncdn.com/guid/b18540eb-6f2b-534c-e7f9-9bd930518da9/logos/secondary_logo_white.png""]","[[""full"", ""default""], [""full"", ""dark""], [""full"", ""scoreboard""], [""full"", ""scoreboard"", ""dark""], [""full"", ""grayscale""], [""full"", ""primary_logo_on_white_color""], [""full"", ""primary_logo_on_black_color""], [""full"", ""primary_logo_on_primary_color""], [""full"", ""primary_logo_on_secondary_color""], [""full"", ""primary_logo_black""], [""full"", ""primary_logo_white""], [""full"", ""secondary_logo_on_white_color""], [""full"", ""secondary_logo_on_black_color""], [""full"", ""secondary_logo_on_primary_color""], [""full"", ""secondary_logo_on_secondary_color""], [""full"", ""secondary_logo_black""], [""full"", ""secondary_logo_white""]]","[500, 500, 500, 500, 500, 4096, 4096, 4096, 4096, 4096, 4096, 4096, 4096, 4096, 4096, 4096, 4096]",2e1473b2-e269-fd7a-1137-c1edacb85986,8828,Rams,Rams
football,nfl,14,Los Angeles Rams,LAR,STL,ffd100,003594,Los Angeles,Rams,los-angeles-rams,s:20~l:28~t:14,"[500, 500, 500, 500, 500, 4096, 4096, 4096, 4096, 4096, 4096, 4096, 4096, 4096, 4096, 4096, 4096]","[""https://a.espncdn.com/i/teamlogos/nfl/500/lar.png"", ""https://a.espncdn.com/i/teamlogos/nfl/500-dark/lar.png"", ""https://a.espncdn.com/i/teamlogos/nfl/500/scoreboard/lar.png"", ""https://a.espncdn.com/i/teamlogos/nfl/500-dark/scoreboard/lar.png"", ""https://a.espncdn.com/guid/b18540eb-6f2b-534c-e7f9-9bd930518da9/logos/grayscale.png"", ""https://a.espncdn.com/guid/b18540eb-6f2b-534c-e7f9-9bd930518da9/logos/primary_logo_on_white_color.png"", ""https://a.espncdn.com/guid/b18540eb-6f2b-534c-e7f9-9bd930518da9/logos/primary_logo_on_black_color.png"", ""https://a.espncdn.com/guid/b18540eb-6f2b-534c-e7f9-9bd930518da9/logos/primary_logo_on_primary_color.png"", ""https://a.espncdn.com/guid/b18540eb-6f2b-534c-e7f9-9bd930518da9/logos/primary_logo_on_secondary_color.png"", ""https://a.espncdn.com/guid/b18540eb-6f2b-534c-e7f9-9bd930518da9/logos/primary_logo_black.png"", ""https://a.espncdn.com/guid/b18540eb-6f2b-534c-e7f9-9bd930518da9/logos/primary_logo_white.png"", ""https://a.espncdn.com/guid/b18540eb-6f2b-534c-e7f9-9bd930518da9/logos/secondary_logo_on_white_color.png"", ""https://a.espncdn.com/guid/b18540eb-6f2b-534c-e7f9-9bd930518da9/logos/secondary_logo_on_black_color.png"", ""https://a.espncdn.com/guid/b18540eb-6f2b-534c-e7f9-9bd930518da9/logos/secondary_logo_on_primary_color.png"", ""https://a.espncdn.com/guid/b18540eb-6f2b-534c-e7f9-9bd930518da9/logos/secondary_logo_on_secondary_color.png"", ""https://a.espncdn.com/guid/b18540eb-6f2b-534c-e7f9-9bd930518da9/logos/secondary_logo_black.png"", ""https://a.espncdn.com/guid/b18540eb-6f2b-534c-e7f9-9bd930518da9/logos/secondary_logo_white.png""]","[[""full"", ""default""], [""full"", ""dark""], [""full"", ""scoreboard""], [""full"", ""scoreboard"", ""dark""], [""full"", ""grayscale""], [""full"", ""primary_logo_on_white_color""], [""full"", ""primary_logo_on_black_color""], [""full"", ""primary_logo_on_primary_color""], [""full"", ""primary_logo_on_secondary_color""], [""full"", ""primary_logo_black""], [""full"", ""primary_logo_white""], [""full"", ""secondary_logo_on_white_color""], [""full"", ""secondary_logo_on_black_color""], [""full"", ""secondary_logo_on_primary_color""], [""full"", ""secondary_logo_on_secondary_color""], [""full"", ""secondary_logo_black""], [""full"", ""secondary_logo_white""]]","[500, 500, 500, 500, 500, 4096, 4096, 4096, 4096, 4096, 4096, 4096, 4096, 4096, 4096, 4096, 4096]",2e1473b2-e269-fd7a-1137-c1edacb85986,8828,Rams,Rams
football,nfl,15,Miami Dolphins,MIA,mia,fc4c02,008e97,Miami,Dolphins,miami-dolphins,s:20~l:28~t:15,"[500, 500, 500, 500, 500, 4096, 4096, 4096, 4096, 4096, 4096, 4096, 4096, 4096, 4096, 4096, 4096]","[""https://a.espncdn.com/i/teamlogos/nfl/500/mia.png"", ""https://a.espncdn.com/i/teamlogos/nfl/500-dark/mia.png"", ""https://a.espncdn.com/i/teamlogos/nfl/500/scoreboard/mia.png"", ""https://a.espncdn.com/i/teamlogos/nfl/500-dark/scoreboard/mia.png"", ""https://a.espncdn.com/guid/2e1473b2-e269-fd7a-1137-c1edacb85986/logos/grayscale.png"", ""https://a.espncdn.com/guid/2e1473b2-e269-fd7a-1137-c1edacb85986/logos/primary_logo_on_white_color.png"", ""https://a.espncdn.com/guid/2e1473b2-e269-fd7a-1137-c1edacb85986/logos/primary_logo_on_black_color.png"", ""https://a.espncdn.com/guid/2e1473b2-e269-fd7a-1137-c1edacb85986/logos/primary_logo_on_primary_color.png"", ""https://a.espncdn.com/guid/2e1473b2-e269-fd7a-1137-c1edacb85986/logos/primary_logo_on_secondary_color.png"", ""https://a.espncdn.com/guid/2e1473b2-e269-fd7a-1137-c1edacb85986/logos/primary_logo_black.png"", ""https://a.espncdn.com/guid/2e1473b2-e269-fd7a-1137-c1edacb85986/logos/primary_logo_white.png"", ""https://a.espncdn.com/guid/2e1473b2-e269-fd7a-1137-c1edacb85986/logos/secondary_logo_on_white_color.png"", ""https://a.espncdn.com/guid/2e1473b2-e269-fd7a-1137-c1edacb85986/logos/secondary_logo_on_black_color.png"", ""https://a.espncdn.com/guid/2e1473b2-e269-fd7a-1137-c1edacb85986/logos/secondary_logo_on_primary_color.png"", ""https://a.espncdn.com/guid/2e1473b2-e269-fd7a-1137-c1edacb85986/logos/secondary_logo_on_secondary_color.png"", ""https://a.espncdn.com/guid/2e1473b2-e269-fd7a-1137-c1edacb85986/logos/secondary_logo_black.png"", ""https://a.espncdn.com/guid/2e1473b2-e269-fd7a-1137-c1edacb85986/logos/secondary_logo_white.png""]","[[""full"", ""default""], [""full"", ""dark""], [""full"", ""scoreboard""], [""full"", ""scoreboard"", ""dark""], [""full"", ""grayscale""], [""full"", ""primary_logo_on_white_color""], [""full"", ""primary_logo_on_black_color""], [""full"", ""primary_logo_on_primary_color""], [""full"", ""primary_logo_on_secondary_color""], [""full"", ""primary_logo_black""], [""full"", ""primary_logo_white""], [""full"", ""secondary_logo_on_white_color""], [""full"", ""secondary_logo_on_black_color""], [""full"", ""secondary_logo_on_primary_color""], [""full"", ""secondary_logo_on_secondary_color""], [""full"", ""secondary_logo_black""], [""full"", ""secondary_logo_white""]]","[500, 500, 500, 500, 500, 4096, 4096, 4096, 4096, 4096, 4096, 4096, 4096, 4096, 4096, 4096, 4096]",af33088b-1e19-d27d-dbc0-354fd7151703,8816,Dolphins,Dolphins
football,nfl,15,Miami Dolphins,MIA,Miami,fc4c02,008e97,Miami,Dolphins,miami-dolphins,s:20~l:28~t:15,"[500, 500, 500, 500, 500, 4096, 4096, 4096, 4096, 4096, 4096, 4096, 4096, 4096, 4096, 4096, 4096]","[""https://a.espncdn.com/i/teamlogos/nfl/500/mia.png"", ""https://a.espncdn.com/i/teamlogos/nfl/500-dark/mia.png"", ""https://a.espncdn.com/i/teamlogos/nfl/500/scoreboard/mia.png"", ""https://a.espncdn.com/i/teamlogos/nfl/500-dark/scoreboard/mia.png"", ""https://a.espncdn.com/guid/2e1473b2-e269-fd7a-1137-c1edacb85986/logos/grayscale.png"", ""https://a.espncdn.com/guid/2e1473b2-e269-fd7a-1137-c1edacb85986/logos/primary_logo_on_white_color.png"", ""https://a.espncdn.com/guid/2e1473b2-e269-fd7a-1137-c1edacb85986/logos/primary_logo_on_black_color.png"", ""https://a.espncdn.com/guid/2e1473b2-e269-fd7a-1137-c1edacb85986/logos/primary_logo_on_primary_color.png"", ""https://a.espncdn.com/guid/2e1473b2-e269-fd7a-1137-c1edacb85986/logos/primary_logo_on_secondary_color.png"", ""https://a.espncdn.com/guid/2e1473b2-e269-fd7a-1137-c1edacb85986/logos/primary_logo_black.png"", ""https://a.espncdn.com/guid/2e1473b2-e269-fd7a-1137-c1edacb85986/logos/primary_logo_white.png"", ""https://a.espncdn.com/guid/2e1473b2-e269-fd7a-1137-c1edacb85986/logos/secondary_logo_on_white_color.png"", ""https://a.espncdn.com/guid/2e1473b2-e269-fd7a-1137-c1edacb85986/logos/secondary_logo_on_black_color.png"", ""https://a.espncdn.com/guid/2e1473b2-e269-fd7a-1137-c1edacb85986/logos/secondary_logo_on_primary_color.png"", ""https://a.espncdn.com/guid/2e1473b2-e269-fd7a-1137-c1edacb85986/logos/secondary_logo_on_secondary_color.png"", ""https://a.espncdn.com/guid/2e1473b2-e269-fd7a-1137-c1edacb85986/logos/secondary_logo_black.png"", ""https://a.espncdn.com/guid/2e1473b2-e269-fd7a-1137-c1edacb85986/logos/secondary_logo_white.png""]","[[""full"", ""default""], [""full"", ""dark""], [""full"", ""scoreboard""], [""full"", ""scoreboard"", ""dark""], [""full"", ""grayscale""], [""full"", ""primary_logo_on_white_color""], [""full"", ""primary_logo_on_black_color""], [""full"", ""primary_logo_on_primary_color""], [""full"", ""primary_logo_on_secondary_color""], [""full"", ""primary_logo_black""], [""full"", ""primary_logo_white""], [""full"", ""secondary_logo_on_white_color""], [""full"", ""secondary_logo_on_black_color""], [""full"", ""secondary_logo_on_primary_color""], [""full"", ""secondary_logo_on_secondary_color""], [""full"", ""secondary_logo_black""], [""full"", ""secondary_logo_white""]]","[500, 500, 500, 500, 500, 4096, 4096, 4096, 4096, 4096, 4096, 4096, 4096, 4096, 4096, 4096, 4096]",af33088b-1e19-d27d-dbc0-354fd7151703,8816,Dolphins,Dolphins
football,nfl,16,Minnesota Vikings,MIN,min,ffc62f,4f2683,Minnesota,Vikings,minnesota-vikings,s:20~l:28~t:16,"[500, 500, 500, 500, 500, 4096, 4096, 4096, 4096, 4096, 4096, 4096, 4096, 4096, 4096, 4096, 4096]","[""https://a.espncdn.com/i/teamlogos/nfl/500/min.png"", ""https://a.espncdn.com/i/teamlogos/nfl/500-dark/min.png"", ""https://a.espncdn.com/i/teamlogos/nfl/500/scoreboard/min.png"", ""https://a.espncdn.com/i/teamlogos/nfl/500-dark/scoreboard/min.png"", ""https://a.espncdn.com/guid/af33088b-1e19-d27d-dbc0-354fd7151703/logos/grayscale.png"", ""https://a.espncdn.com/guid/af33088b-1e19-d27d-dbc0-354fd7151703/logos/primary_logo_on_white_color.png"", ""https://a.espncdn.com/guid/af33088b-1e19-d27d-dbc0-354fd7151703/logos/primary_logo_on_black_color.png"", ""https://a.espncdn.com/guid/af33088b-1e19-d27d-dbc0-354fd7151703/logos/primary_logo_on_primary_color.png"", ""https://a.espncdn.com/guid/af33088b-1e19-d27d-dbc0-354fd7151703/logos/primary_logo_on_secondary_color.png"", ""https://a.espncdn.com/guid/af33088b-1e19-d27d-dbc0-354fd7151703/logos/primary_logo_black.png"", ""https://a.espncdn.com/guid/af33088b-1e19-d27d-dbc0-354fd7151703/logos/primary_logo_white.png"", ""https://a.espncdn.com/guid/af33088b-1e19-d27d-dbc0-354fd7151703/logos/secondary_logo_on_white_color.png"", ""https://a.espncdn.com/guid/af33088b-1e19-d27d-dbc0-354fd7151703/logos/secondary_logo_on_black_color.png"", ""https://a.espncdn.com/guid/af33088b-1e19-d27d-dbc0-354fd7151703/logos/secondary_logo_on_primary_color.png"", ""https://a.espncdn.com/guid/af33088b-1e19-d27d-dbc0-354fd7151703/logos/secondary_logo_on_secondary_color.png"", ""https://a.espncdn.com/guid/af33088b-1e19-d27d-dbc0-354fd7151703/logos/secondary_logo_black.png"", ""https://a.espncdn.com/guid/af33088b-1e19-d27d-dbc0-354fd7151703/logos/secondary_logo_white.png""]","[[""full"", ""default""], [""full"", ""dark""], [""full"", ""scoreboard""], [""full"", ""scoreboard"", ""dark""], [""full"", ""grayscale""], [""full"", ""primary_logo_on_white_color""], [""full"", ""primary_logo_on_black_color""], [""full"", ""primary_logo_on_primary_color""], [""full"", ""primary_logo_on_secondary_color""], [""full"", ""primary_logo_black""], [""full"", ""primary_logo_white""], [""full"", ""secondary_logo_on_white_color""], [""full"", ""secondary_logo_on_black_color""], [""full"", ""secondary_logo_on_primary_color""], [""full"", ""secondary_logo_on_secondary_color""], [""full"", ""secondary_logo_black""], [""full"", ""secondary_logo_white""]]","[500, 500, 500, 500, 500, 4096, 4096, 4096, 4096, 4096, 4096, 4096, 4096, 4096, 4096, 4096, 4096]",3db556c9-ed76-a7a5-4ccb-a92fc6db4334,8817,Vikings,Vikings
football,nfl,16,Minnesota Vikings,MIN,Minnesota,ffc62f,4f2683,Minnesota,Vikings,minnesota-vikings,s:20~l:28~t:16,"[500, 500, 500, 500, 500, 4096, 4096, 4096, 4096, 4096, 4096, 4096, 4096, 4096, 4096, 4096, 4096]","[""https://a.espncdn.com/i/teamlogos/nfl/500/min.png"", ""https://a.espncdn.com/i/teamlogos/nfl/500-dark/min.png"", ""https://a.espncdn.com/i/teamlogos/nfl/500/scoreboard/min.png"", ""https://a.espncdn.com/i/teamlogos/nfl/500-dark/scoreboard/min.png"", ""https://a.espncdn.com/guid/af33088b-1e19-d27d-dbc0-354fd7151703/logos/grayscale.png"", ""https://a.espncdn.com/guid/af33088b-1e19-d27d-dbc0-354fd7151703/logos/primary_logo_on_white_color.png"", ""https://a.espncdn.com/guid/af33088b-1e19-d27d-dbc0-354fd7151703/logos/primary_logo_on_black_color.png"", ""https://a.espncdn.com/guid/af33088b-1e19-d27d-dbc0-354fd7151703/logos/primary_logo_on_primary_color.png"", ""https://a.espncdn.com/guid/af33088b-1e19-d27d-dbc0-354fd7151703/logos/primary_logo_on_secondary_color.png"", ""https://a.espncdn.com/guid/af33088b-1e19-d27d-dbc0-354fd7151703/logos/primary_logo_black.png"", ""https://a.espncdn.com/guid/af33088b-1e19-d27d-dbc0-354fd7151703/logos/primary_logo_white.png"", ""https://a.espncdn.com/guid/af33088b-1e19-d27d-dbc0-354fd7151703/logos/secondary_logo_on_white_color.png"", ""https://a.espncdn.com/guid/af33088b-1e19-d27d-dbc0-354fd7151703/logos/secondary_logo_on_black_color.png"", ""https://a.espncdn.com/guid/af33088b-1e19-d27d-dbc0-354fd7151703/logos/secondary_logo_on_primary_color.png"", ""https://a.espncdn.com/guid/af33088b-1e19-d27d-dbc0-354fd7151703/logos/secondary_logo_on_secondary_color.png"", ""https://a.espncdn.com/guid/af33088b-1e19-d27d-dbc0-354fd7151703/logos/secondary_logo_black.png"", ""https://a.espncdn.com/guid/af33088b-1e19-d27d-dbc0-354fd7151703/logos/secondary_logo_white.png""]","[[""full"", ""default""], [""full"", ""dark""], [""full"", ""scoreboard""], [""full"", ""scoreboard"", ""dark""], [""full"", ""grayscale""], [""full"", ""primary_logo_on_white_color""], [""full"", ""primary_logo_on_black_color""], [""full"", ""primary_logo_on_primary_color""], [""full"", ""primary_logo_on_secondary_color""], [""full"", ""primary_logo_black""], [""full"", ""primary_logo_white""], [""full"", ""secondary_logo_on_white_color""], [""full"", ""secondary_logo_on_black_color""], [""full"", ""secondary_logo_on_primary_color""], [""full"", ""secondary_logo_on_secondary_color""], [""full"", ""secondary_logo_black""], [""full"", ""secondary_logo_white""]]","[500, 500, 500, 500, 500, 4096, 4096, 4096, 4096, 4096, 4096, 4096, 4096, 4096, 4096, 4096, 4096]",3db556c9-ed76-a7a5-4ccb-a92fc6db4334,8817,Vikings,Vikings
football,nfl,17,New England Patriots,NE,NWE,c60c30,002a5c,New England,Patriots,new-england-patriots,s:20~l:28~t:17,"[500, 500, 500, 500, 500, 4096, 4096, 4096, 4096, 4096, 4096, 4096, 4096, 4096, 4096, 4096, 4096]","[""https://a.espncdn.com/i/teamlogos/nfl/500/ne.png"", ""https://a.espncdn.com/i/teamlogos/nfl/500-dark/ne.png"", ""https://a.espncdn.com/i/teamlogos/nfl/500/scoreboard/ne.png"", ""https://a.espncdn.com/i/teamlogos/nfl/500-dark/scoreboard/ne.png"", ""https://a.espncdn.com/guid/3db556c9-ed76-a7a5-4ccb-a92fc6db4334/logos/grayscale.png"", ""https://a.espncdn.com/guid/3db556c9-ed76-a7a5-4ccb-a92fc6db4334/logos/primary_logo_on_white_color.png"", ""https://a.espncdn.com/guid/3db556c9-ed76-a7a5-4ccb-a92fc6db4334/logos/primary_logo_on_black_color.png"", ""https://a.espncdn.com/guid/3db556c9-ed76-a7a5-4ccb-a92fc6db4334/logos/primary_logo_on_primary_color.png"", ""https://a.espncdn.com/guid/3db556c9-ed76-a7a5-4ccb-a92fc6db4334/logos/primary_logo_on_secondary_color.png"", ""https://a.espncdn.com/guid/3db556c9-ed76-a7a5-4ccb-a92fc6db4334/logos/primary_logo_black.png"", ""https://a.espncdn.com/guid/3db556c9-ed76-a7a5-4ccb-a92fc6db4334/logos/primary_logo_white.png"", ""https://a.espncdn.com/guid/3db556c9-ed76-a7a5-4ccb-a92fc6db4334/logos/secondary_logo_on_white_color.png"", ""https://a.espncdn.com/guid/3db556c9-ed76-a7a5-4ccb-a92fc6db4334/logos/secondary_logo_on_black_color.png"", ""https://a.espncdn.com/guid/3db556c9-ed76-a7a5-4ccb-a92fc6db4334/logos/secondary_logo_on_primary_color.png"", ""https://a.espncdn.com/guid/3db556c9-ed76-a7a5-4ccb-a92fc6db4334/logos/secondary_logo_on_secondary_color.png"", ""https://a.espncdn.com/guid/3db556c9-ed76-a7a5-4ccb-a92fc6db4334/logos/secondary_logo_black.png"", ""https://a.espncdn.com/guid/3db556c9-ed76-a7a5-4ccb-a92fc6db4334/logos/secondary_logo_white.png""]","[[""full"", ""default""], [""full"", ""dark""], [""full"", ""scoreboard""], [""full"", ""scoreboard"", ""dark""], [""full"", ""grayscale""], [""full"", ""primary_logo_on_white_color""], [""full"", ""primary_logo_on_black_color""], [""full"", ""primary_logo_on_primary_color""], [""full"", ""primary_logo_on_secondary_color""], [""full"", ""primary_logo_black""], [""full"", ""primary_logo_white""], [""full"", ""secondary_logo_on_white_color""], [""full"", ""secondary_logo_on_black_color""], [""full"", ""secondary_logo_on_primary_color""], [""full"", ""secondary_logo_on_secondary_color""], [""full"", ""secondary_logo_black""], [""full"", ""secondary_logo_white""]]","[500, 500, 500, 500, 500, 4096, 4096, 4096, 4096, 4096, 4096, 4096, 4096, 4096, 4096, 4096, 4096]",0078f353-fe3e-67ed-a42c-43cca0568e21,8818,Patriots,Patriots
football,nfl,17,New England Patriots,NE,nwe,c60c30,002a5c,New England,Patriots,new-england-patriots,s:20~l:28~t:17,"[500, 500, 500, 500, 500, 4096, 4096, 4096, 4096, 4096, 4096, 4096, 4096, 4096, 4096, 4096, 4096]","[""https://a.espncdn.com/i/teamlogos/nfl/500/ne.png"", ""https://a.espncdn.com/i/teamlogos/nfl/500-dark/ne.png"", ""https://a.espncdn.com/i/teamlogos/nfl/500/scoreboard/ne.png"", ""https://a.espncdn.com/i/teamlogos/nfl/500-dark/scoreboard/ne.png"", ""https://a.espncdn.com/guid/3db556c9-ed76-a7a5-4ccb-a92fc6db4334/logos/grayscale.png"", ""https://a.espncdn.com/guid/3db556c9-ed76-a7a5-4ccb-a92fc6db4334/logos/primary_logo_on_white_color.png"", ""https://a.espncdn.com/guid/3db556c9-ed76-a7a5-4ccb-a92fc6db4334/logos/primary_logo_on_black_color.png"", ""https://a.espncdn.com/guid/3db556c9-ed76-a7a5-4ccb-a92fc6db4334/logos/primary_logo_on_primary_color.png"", ""https://a.espncdn.com/guid/3db556c9-ed76-a7a5-4ccb-a92fc6db4334/logos/primary_logo_on_secondary_color.png"", ""https://a.espncdn.com/guid/3db556c9-ed76-a7a5-4ccb-a92fc6db4334/logos/primary_logo_black.png"", ""https://a.espncdn.com/guid/3db556c9-ed76-a7a5-4ccb-a92fc6db4334/logos/primary_logo_white.png"", ""https://a.espncdn.com/guid/3db556c9-ed76-a7a5-4ccb-a92fc6db4334/logos/secondary_logo_on_white_color.png"", ""https://a.espncdn.com/guid/3db556c9-ed76-a7a5-4ccb-a92fc6db4334/logos/secondary_logo_on_black_color.png"", ""https://a.espncdn.com/guid/3db556c9-ed76-a7a5-4ccb-a92fc6db4334/logos/secondary_logo_on_primary_color.png"", ""https://a.espncdn.com/guid/3db556c9-ed76-a7a5-4ccb-a92fc6db4334/logos/secondary_logo_on_secondary_color.png"", ""https://a.espncdn.com/guid/3db556c9-ed76-a7a5-4ccb-a92fc6db4334/logos/secondary_logo_black.png"", ""https://a.espncdn.com/guid/3db556c9-ed76-a7a5-4ccb-a92fc6db4334/logos/secondary_logo_white.png""]","[[""full"", ""default""], [""full"", ""dark""], [""full"", ""scoreboard""], [""full"", ""scoreboard"", ""dark""], [""full"", ""grayscale""], [""full"", ""primary_logo_on_white_color""], [""full"", ""primary_logo_on_black_color""], [""full"", ""primary_logo_on_primary_color""], [""full"", ""primary_logo_on_secondary_color""], [""full"", ""primary_logo_black""], [""full"", ""primary_logo_white""], [""full"", ""secondary_logo_on_white_color""], [""full"", ""secondary_logo_on_black_color""], [""full"", ""secondary_logo_on_primary_color""], [""full"", ""secondary_logo_on_secondary_color""], [""full"", ""secondary_logo_black""], [""full"", ""secondary_logo_white""]]","[500, 500, 500, 500, 500, 4096, 4096, 4096, 4096, 4096, 4096, 4096, 4096, 4096, 4096, 4096, 4096]",0078f353-fe3e-67ed-a42c-43cca0568e21,8818,Patriots,Patriots
football,nfl,17,New England Patriots,NE,New England,c60c30,002a5c,New England,Patriots,new-england-patriots,s:20~l:28~t:17,"[500, 500, 500, 500, 500, 4096, 4096, 4096, 4096, 4096, 4096, 4096, 4096, 4096, 4096, 4096, 4096]","[""https://a.espncdn.com/i/teamlogos/nfl/500/ne.png"", ""https://a.espncdn.com/i/teamlogos/nfl/500-dark/ne.png"", ""https://a.espncdn.com/i/teamlogos/nfl/500/scoreboard/ne.png"", ""https://a.espncdn.com/i/teamlogos/nfl/500-dark/scoreboard/ne.png"", ""https://a.espncdn.com/guid/3db556c9-ed76-a7a5-4ccb-a92fc6db4334/logos/grayscale.png"", ""https://a.espncdn.com/guid/3db556c9-ed76-a7a5-4ccb-a92fc6db4334/logos/primary_logo_on_white_color.png"", ""https://a.espncdn.com/guid/3db556c9-ed76-a7a5-4ccb-a92fc6db4334/logos/primary_logo_on_black_color.png"", ""https://a.espncdn.com/guid/3db556c9-ed76-a7a5-4ccb-a92fc6db4334/logos/primary_logo_on_primary_color.png"", ""https://a.espncdn.com/guid/3db556c9-ed76-a7a5-4ccb-a92fc6db4334/logos/primary_logo_on_secondary_color.png"", ""https://a.espncdn.com/guid/3db556c9-ed76-a7a5-4ccb-a92fc6db4334/logos/primary_logo_black.png"", ""https://a.espncdn.com/guid/3db556c9-ed76-a7a5-4ccb-a92fc6db4334/logos/primary_logo_white.png"", ""https://a.espncdn.com/guid/3db556c9-ed76-a7a5-4ccb-a92fc6db4334/logos/secondary_logo_on_white_color.png"", ""https://a.espncdn.com/guid/3db556c9-ed76-a7a5-4ccb-a92fc6db4334/logos/secondary_logo_on_black_color.png"", ""https://a.espncdn.com/guid/3db556c9-ed76-a7a5-4ccb-a92fc6db4334/logos/secondary_logo_on_primary_color.png"", ""https://a.espncdn.com/guid/3db556c9-ed76-a7a5-4ccb-a92fc6db4334/logos/secondary_logo_on_secondary_color.png"", ""https://a.espncdn.com/guid/3db556c9-ed76-a7a5-4ccb-a92fc6db4334/logos/secondary_logo_black.png"", ""https://a.espncdn.com/guid/3db556c9-ed76-a7a5-4ccb-a92fc6db4334/logos/secondary_logo_white.png""]","[[""full"", ""default""], [""full"", ""dark""], [""full"", ""scoreboard""], [""full"", ""scoreboard"", ""dark""], [""full"", ""grayscale""], [""full"", ""primary_logo_on_white_color""], [""full"", ""primary_logo_on_black_color""], [""full"", ""primary_logo_on_primary_color""], [""full"", ""primary_logo_on_secondary_color""], [""full"", ""primary_logo_black""], [""full"", ""primary_logo_white""], [""full"", ""secondary_logo_on_white_color""], [""full"", ""secondary_logo_on_black_color""], [""full"", ""secondary_logo_on_primary_color""], [""full"", ""secondary_logo_on_secondary_color""], [""full"", ""secondary_logo_black""], [""full"", ""secondary_logo_white""]]","[500, 500, 500, 500, 500, 4096, 4096, 4096, 4096, 4096, 4096, 4096, 4096, 4096, 4096, 4096, 4096]",0078f353-fe3e-67ed-a42c-43cca0568e21,8818,Patriots,Patriots
football,nfl,18,New Orleans Saints,NO,NOR,000000,d3bc8d,New Orleans,Saints,new-orleans-saints,s:20~l:28~t:18,"[500, 500, 500, 500, 500, 4096, 4096, 4096, 4096, 4096, 4096, 4096, 4096, 4096, 4096, 4096, 4096]","[""https://a.espncdn.com/i/teamlogos/nfl/500/no.png"", ""https://a.espncdn.com/i/teamlogos/nfl/500-dark/no.png"", ""https://a.espncdn.com/i/teamlogos/nfl/500/scoreboard/no.png"", ""https://a.espncdn.com/i/teamlogos/nfl/500-dark/scoreboard/no.png"", ""https://a.espncdn.com/guid/0078f353-fe3e-67ed-a42c-43cca0568e21/logos/grayscale.png"", ""https://a.espncdn.com/guid/0078f353-fe3e-67ed-a42c-43cca0568e21/logos/primary_logo_on_white_color.png"", ""https://a.espncdn.com/guid/0078f353-fe3e-67ed-a42c-43cca0568e21/logos/primary_logo_on_black_color.png"", ""https://a.espncdn.com/guid/0078f353-fe3e-67ed-a42c-43cca0568e21/logos/primary_logo_on_primary_color.png"", ""https://a.espncdn.com/guid/0078f353-fe3e-67ed-a42c-43cca0568e21/logos/primary_logo_on_secondary_color.png"", ""https://a.espncdn.com/guid/0078f353-fe3e-67ed-a42c-43cca0568e21/logos/primary_logo_black.png"", ""https://a.espncdn.com/guid/0078f353-fe3e-67ed-a42c-43cca0568e21/logos/primary_logo_white.png"", ""https://a.espncdn.com/guid/0078f353-fe3e-67ed-a42c-43cca0568e21/logos/secondary_logo_on_white_color.png"", ""https://a.espncdn.com/guid/0078f353-fe3e-67ed-a42c-43cca0568e21/logos/secondary_logo_on_black_color.png"", ""https://a.espncdn.com/guid/0078f353-fe3e-67ed-a42c-43cca0568e21/logos/secondary_logo_on_primary_color.png"", ""https://a.espncdn.com/guid/0078f353-fe3e-67ed-a42c-43cca0568e21/logos/secondary_logo_on_secondary_color.png"", ""https://a.espncdn.com/guid/0078f353-fe3e-67ed-a42c-43cca0568e21/logos/secondary_logo_black.png"", ""https://a.espncdn.com/guid/0078f353-fe3e-67ed-a42c-43cca0568e21/logos/secondary_logo_white.png""]","[[""full"", ""default""], [""full"", ""dark""], [""full"", ""scoreboard""], [""full"", ""scoreboard"", ""dark""], [""full"", ""grayscale""], [""full"", ""primary_logo_on_white_color""], [""full"", ""primary_logo_on_black_color""], [""full"", ""primary_logo_on_primary_color""], [""full"", ""primary_logo_on_secondary_color""], [""full"", ""primary_logo_black""], [""full"", ""primary_logo_white""], [""full"", ""secondary_logo_on_white_color""], [""full"", ""secondary_logo_on_black_color""], [""full"", ""secondary_logo_on_primary_color""], [""full"", ""secondary_logo_on_secondary_color""], [""full"", ""secondary_logo_black""], [""full"", ""secondary_logo_white""]]","[500, 500, 500, 500, 500, 4096, 4096, 4096, 4096, 4096, 4096, 4096, 4096, 4096, 4096, 4096, 4096]",97d2f6c9-2f22-459c-306a-046941ccab2a,8819,Saints,Saints
football,nfl,18,New Orleans Saints,NO,nor,000000,d3bc8d,New Orleans,Saints,new-orleans-saints,s:20~l:28~t:18,"[500, 500, 500, 500, 500, 4096, 4096, 4096, 4096, 4096, 4096, 4096, 4096, 4096, 4096, 4096, 4096]","[""https://a.espncdn.com/i/teamlogos/nfl/500/no.png"", ""https://a.espncdn.com/i/teamlogos/nfl/500-dark/no.png"", ""https://a.espncdn.com/i/teamlogos/nfl/500/scoreboard/no.png"", ""https://a.espncdn.com/i/teamlogos/nfl/500-dark/scoreboard/no.png"", ""https://a.espncdn.com/guid/0078f353-fe3e-67ed-a42c-43cca0568e21/logos/grayscale.png"", ""https://a.espncdn.com/guid/0078f353-fe3e-67ed-a42c-43cca0568e21/logos/primary_logo_on_white_color.png"", ""https://a.espncdn.com/guid/0078f353-fe3e-67ed-a42c-43cca0568e21/logos/primary_logo_on_black_color.png"", ""https://a.espncdn.com/guid/0078f353-fe3e-67ed-a42c-43cca0568e21/logos/primary_logo_on_primary_color.png"", ""https://a.espncdn.com/guid/0078f353-fe3e-67ed-a42c-43cca0568e21/logos/primary_logo_on_secondary_color.png"", ""https://a.espncdn.com/guid/0078f353-fe3e-67ed-a42c-43cca0568e21/logos/primary_logo_black.png"", ""https://a.espncdn.com/guid/0078f353-fe3e-67ed-a42c-43cca0568e21/logos/primary_logo_white.png"", ""https://a.espncdn.com/guid/0078f353-fe3e-67ed-a42c-43cca0568e21/logos/secondary_logo_on_white_color.png"", ""https://a.espncdn.com/guid/0078f353-fe3e-67ed-a42c-43cca0568e21/logos/secondary_logo_on_black_color.png"", ""https://a.espncdn.com/guid/0078f353-fe3e-67ed-a42c-43cca0568e21/logos/secondary_logo_on_primary_color.png"", ""https://a.espncdn.com/guid/0078f353-fe3e-67ed-a42c-43cca0568e21/logos/secondary_logo_on_secondary_color.png"", ""https://a.espncdn.com/guid/0078f353-fe3e-67ed-a42c-43cca0568e21/logos/secondary_logo_black.png"", ""https://a.espncdn.com/guid/0078f353-fe3e-67ed-a42c-43cca0568e21/logos/secondary_logo_white.png""]","[[""full"", ""default""], [""full"", ""dark""], [""full"", ""scoreboard""], [""full"", ""scoreboard"", ""dark""], [""full"", ""grayscale""], [""full"", ""primary_logo_on_white_color""], [""full"", ""primary_logo_on_black_color""], [""full"", ""primary_logo_on_primary_color""], [""full"", ""primary_logo_on_secondary_color""], [""full"", ""primary_logo_black""], [""full"", ""primary_logo_white""], [""full"", ""secondary_logo_on_white_color""], [""full"", ""secondary_logo_on_black_color""], [""full"", ""secondary_logo_on_primary_color""], [""full"", ""secondary_logo_on_secondary_color""], [""full"", ""secondary_logo_black""], [""full"", ""secondary_logo_white""]]","[500, 500, 500, 500, 500, 4096, 4096, 4096, 4096, 4096, 4096, 4096, 4096, 4096, 4096, 4096, 4096]",97d2f6c9-2f22-459c-306a-046941ccab2a,8819,Saints,Saints
football,nfl,18,New Orleans Saints,NO,New Orleans,000000,d3bc8d,New Orleans,Saints,new-orleans-saints,s:20~l:28~t:18,"[500, 500, 500, 500, 500, 4096, 4096, 4096, 4096, 4096, 4096, 4096, 4096, 4096, 4096, 4096, 4096]","[""https://a.espncdn.com/i/teamlogos/nfl/500/no.png"", ""https://a.espncdn.com/i/teamlogos/nfl/500-dark/no.png"", ""https://a.espncdn.com/i/teamlogos/nfl/500/scoreboard/no.png"", ""https://a.espncdn.com/i/teamlogos/nfl/500-dark/scoreboard/no.png"", ""https://a.espncdn.com/guid/0078f353-fe3e-67ed-a42c-43cca0568e21/logos/grayscale.png"", ""https://a.espncdn.com/guid/0078f353-fe3e-67ed-a42c-43cca0568e21/logos/primary_logo_on_white_color.png"", ""https://a.espncdn.com/guid/0078f353-fe3e-67ed-a42c-43cca0568e21/logos/primary_logo_on_black_color.png"", ""https://a.espncdn.com/guid/0078f353-fe3e-67ed-a42c-43cca0568e21/logos/primary_logo_on_primary_color.png"", ""https://a.espncdn.com/guid/0078f353-fe3e-67ed-a42c-43cca0568e21/logos/primary_logo_on_secondary_color.png"", ""https://a.espncdn.com/guid/0078f353-fe3e-67ed-a42c-43cca0568e21/logos/primary_logo_black.png"", ""https://a.espncdn.com/guid/0078f353-fe3e-67ed-a42c-43cca0568e21/logos/primary_logo_white.png"", ""https://a.espncdn.com/guid/0078f353-fe3e-67ed-a42c-43cca0568e21/logos/secondary_logo_on_white_color.png"", ""https://a.espncdn.com/guid/0078f353-fe3e-67ed-a42c-43cca0568e21/logos/secondary_logo_on_black_color.png"", ""https://a.espncdn.com/guid/0078f353-fe3e-67ed-a42c-43cca0568e21/logos/secondary_logo_on_primary_color.png"", ""https://a.espncdn.com/guid/0078f353-fe3e-67ed-a42c-43cca0568e21/logos/secondary_logo_on_secondary_color.png"", ""https://a.espncdn.com/guid/0078f353-fe3e-67ed-a42c-43cca0568e21/logos/secondary_logo_black.png"", ""https://a.espncdn.com/guid/0078f353-fe3e-67ed-a42c-43cca0568e21/logos/secondary_logo_white.png""]","[[""full"", ""default""], [""full"", ""dark""], [""full"", ""scoreboard""], [""full"", ""scoreboard"", ""dark""], [""full"", ""grayscale""], [""full"", ""primary_logo_on_white_color""], [""full"", ""primary_logo_on_black_color""], [""full"", ""primary_logo_on_primary_color""], [""full"", ""primary_logo_on_secondary_color""], [""full"", ""primary_logo_black""], [""full"", ""primary_logo_white""], [""full"", ""secondary_logo_on_white_color""], [""full"", ""secondary_logo_on_black_color""], [""full"", ""secondary_logo_on_primary_color""], [""full"", ""secondary_logo_on_secondary_color""], [""full"", ""secondary_logo_black""], [""full"", ""secondary_logo_white""]]","[500, 500, 500, 500, 500, 4096, 4096, 4096, 4096, 4096, 4096, 4096, 4096, 4096, 4096, 4096, 4096]",97d2f6c9-2f22-459c-306a-046941ccab2a,8819,Saints,Saints
football,nfl,19,New York Giants,NYG,nyg,c9243f,003c7f,New York,Giants,new-york-giants,s:20~l:28~t:19,"[500, 500, 500, 500, 500, 4096, 4096, 4096, 4096, 4096, 4096, 4096, 4096, 4096, 4096, 4096, 4096]","[""https://a.espncdn.com/i/teamlogos/nfl/500/nyg.png"", ""https://a.espncdn.com/i/teamlogos/nfl/500-dark/nyg.png"", ""https://a.espncdn.com/i/teamlogos/nfl/500/scoreboard/nyg.png"", ""https://a.espncdn.com/i/teamlogos/nfl/500-dark/scoreboard/nyg.png"", ""https://a.espncdn.com/guid/97d2f6c9-2f22-459c-306a-046941ccab2a/logos/grayscale.png"", ""https://a.espncdn.com/guid/97d2f6c9-2f22-459c-306a-046941ccab2a/logos/primary_logo_on_white_color.png"", ""https://a.espncdn.com/guid/97d2f6c9-2f22-459c-306a-046941ccab2a/logos/primary_logo_on_black_color.png"", ""https://a.espncdn.com/guid/97d2f6c9-2f22-459c-306a-046941ccab2a/logos/primary_logo_on_primary_color.png"", ""https://a.espncdn.com/guid/97d2f6c9-2f22-459c-306a-046941ccab2a/logos/primary_logo_on_secondary_color.png"", ""https://a.espncdn.com/guid/97d2f6c9-2f22-459c-306a-046941ccab2a/logos/primary_logo_black.png"", ""https://a.espncdn.com/guid/97d2f6c9-2f22-459c-306a-046941ccab2a/logos/primary_logo_white.png"", ""https://a.espncdn.com/guid/97d2f6c9-2f22-459c-306a-046941ccab2a/logos/secondary_logo_on_white_color.png"", ""https://a.espncdn.com/guid/97d2f6c9-2f22-459c-306a-046941ccab2a/logos/secondary_logo_on_black_color.png"", ""https://a.espncdn.com/guid/97d2f6c9-2f22-459c-306a-046941ccab2a/logos/secondary_logo_on_primary_color.png"", ""https://a.espncdn.com/guid/97d2f6c9-2f22-459c-306a-046941ccab2a/logos/secondary_logo_on_secondary_color.png"", ""https://a.espncdn.com/guid/97d2f6c9-2f22-459c-306a-046941ccab2a/logos/secondary_logo_black.png"", ""https://a.espncdn.com/guid/97d2f6c9-2f22-459c-306a-046941ccab2a/logos/secondary_logo_white.png""]","[[""full"", ""default""], [""full"", ""dark""], [""full"", ""scoreboard""], [""full"", ""scoreboard"", ""dark""], [""full"", ""grayscale""], [""full"", ""primary_logo_on_white_color""], [""full"", ""primary_logo_on_black_color""], [""full"", ""primary_logo_on_primary_color""], [""full"", ""primary_logo_on_secondary_color""], [""full"", ""primary_logo_black""], [""full"", ""primary_logo_white""], [""full"", ""secondary_logo_on_white_color""], [""full"", ""secondary_logo_on_black_color""], [""full"", ""secondary_logo_on_primary_color""], [""full"", ""secondary_logo_on_secondary_color""], [""full"", ""secondary_logo_black""], [""full"", ""secondary_logo_white""]]","[500, 500, 500, 500, 500, 4096, 4096, 4096, 4096, 4096, 4096, 4096, 4096, 4096, 4096, 4096, 4096]",378600ea-2397-8364-8399-b7c1606a49a7,8820,Giants,Giants
football,nfl,20,New York Jets,NYJ,nyj,ffffff,115740,New York,Jets,new-york-jets,s:20~l:28~t:20,"[500, 500, 500, 500, 500, 4096, 4096, 4096, 4096, 4096, 4096, 4096, 4096, 4096, 4096, 4096, 4096]","[""https://a.espncdn.com/i/teamlogos/nfl/500/nyj.png"", ""https://a.espncdn.com/i/teamlogos/nfl/500-dark/nyj.png"", ""https://a.espncdn.com/i/teamlogos/nfl/500/scoreboard/nyj.png"", ""https://a.espncdn.com/i/teamlogos/nfl/500-dark/scoreboard/nyj.png"", ""https://a.espncdn.com/guid/378600ea-2397-8364-8399-b7c1606a49a7/logos/grayscale.png"", ""https://a.espncdn.com/guid/378600ea-2397-8364-8399-b7c1606a49a7/logos/primary_logo_on_white_color.png"", ""https://a.espncdn.com/guid/378600ea-2397-8364-8399-b7c1606a49a7/logos/primary_logo_on_black_color.png"", ""https://a.espncdn.com/guid/378600ea-2397-8364-8399-b7c1606a49a7/logos/primary_logo_on_primary_color.png"", ""https://a.espncdn.com/guid/378600ea-2397-8364-8399-b7c1606a49a7/logos/primary_logo_on_secondary_color.png"", ""https://a.espncdn.com/guid/378600ea-2397-8364-8399-b7c1606a49a7/logos/primary_logo_black.png"", ""https://a.espncdn.com/guid/378600ea-2397-8364-8399-b7c1606a49a7/logos/primary_logo_white.png"", ""https://a.espncdn.com/guid/378600ea-2397-8364-8399-b7c1606a49a7/logos/secondary_logo_on_white_color.png"", ""https://a.espncdn.com/guid/378600ea-2397-8364-8399-b7c1606a49a7/logos/secondary_logo_on_black_color.png"", ""https://a.espncdn.com/guid/378600ea-2397-8364-8399-b7c1606a49a7/logos/secondary_logo_on_primary_color.png"", ""https://a.espncdn.com/guid/378600ea-2397-8364-8399-b7c1606a49a7/logos/secondary_logo_on_secondary_color.png"", ""https://a.espncdn.com/guid/378600ea-2397-8364-8399-b7c1606a49a7/logos/secondary_logo_black.png"", ""https://a.espncdn.com/guid/378600ea-2397-8364-8399-b7c1606a49a7/logos/secondary_logo_white.png""]","[[""full"", ""default""], [""full"", ""dark""], [""full"", ""scoreboard""], [""full"", ""scoreboard"", ""dark""], [""full"", ""grayscale""], [""full"", ""primary_logo_on_white_color""], [""full"", ""primary_logo_on_black_color""], [""full"", ""primary_logo_on_primary_color""], [""full"", ""primary_logo_on_secondary_color""], [""full"", ""primary_logo_black""], [""full"", ""primary_logo_white""], [""full"", ""secondary_logo_on_white_color""], [""full"", ""secondary_logo_on_black_color""], [""full"", ""secondary_logo_on_primary_color""], [""full"", ""secondary_logo_on_secondary_color""], [""full"", ""secondary_logo_black""], [""full"", ""secondary_logo_white""]]","[500, 500, 500, 500, 500, 4096, 4096, 4096, 4096, 4096, 4096, 4096, 4096, 4096, 4096, 4096, 4096]",732d3caf-b350-1e34-48c6-b7cebb4a0d88,8821,Jets,Jets
football,nfl,21,Philadelphia Eagles,PHI,phi,000000,06424d,Philadelphia,Eagles,philadelphia-eagles,s:20~l:28~t:21,"[500, 500, 500, 500, 500, 4096, 4096, 4096, 4096, 4096, 4096, 4096, 4096, 4096, 4096, 4096, 4096]","[""https://a.espncdn.com/i/teamlogos/nfl/500/phi.png"", ""https://a.espncdn.com/i/teamlogos/nfl/500-dark/phi.png"", ""https://a.espncdn.com/i/teamlogos/nfl/500/scoreboard/phi.png"", ""https://a.espncdn.com/i/teamlogos/nfl/500-dark/scoreboard/phi.png"", ""https://a.espncdn.com/guid/732d3caf-b350-1e34-48c6-b7cebb4a0d88/logos/grayscale.png"", ""https://a.espncdn.com/guid/732d3caf-b350-1e34-48c6-b7cebb4a0d88/logos/primary_logo_on_white_color.png"", ""https://a.espncdn.com/guid/732d3caf-b350-1e34-48c6-b7cebb4a0d88/logos/primary_logo_on_black_color.png"", ""https://a.espncdn.com/guid/732d3caf-b350-1e34-48c6-b7cebb4a0d88/logos/primary_logo_on_primary_color.png"", ""https://a.espncdn.com/guid/732d3caf-b350-1e34-48c6-b7cebb4a0d88/logos/primary_logo_on_secondary_color.png"", ""https://a.espncdn.com/guid/732d3caf-b350-1e34-48c6-b7cebb4a0d88/logos/primary_logo_black.png"", ""https://a.espncdn.com/guid/732d3caf-b350-1e34-48c6-b7cebb4a0d88/logos/primary_logo_white.png"", ""https://a.espncdn.com/guid/732d3caf-b350-1e34-48c6-b7cebb4a0d88/logos/secondary_logo_on_white_color.png"", ""https://a.espncdn.com/guid/732d3caf-b350-1e34-48c6-b7cebb4a0d88/logos/secondary_logo_on_black_color.png"", ""https://a.espncdn.com/guid/732d3caf-b350-1e34-48c6-b7cebb4a0d88/logos/secondary_logo_on_primary_color.png"", ""https://a.espncdn.com/guid/732d3caf-b350-1e34-48c6-b7cebb4a0d88/logos/secondary_logo_on_secondary_color.png"", ""https://a.espncdn.com/guid/732d3caf-b350-1e34-48c6-b7cebb4a0d88/logos/secondary_logo_black.png"", ""https://a.espncdn.com/guid/732d3caf-b350-1e34-48c6-b7cebb4a0d88/logos/secondary_logo_white.png""]","[[""full"", ""default""], [""full"", ""dark""], [""full"", ""scoreboard""], [""full"", ""scoreboard"", ""dark""], [""full"", ""grayscale""], [""full"", ""primary_logo_on_white_color""], [""full"", ""primary_logo_on_black_color""], [""full"", ""primary_logo_on_primary_color""], [""full"", ""primary_logo_on_secondary_color""], [""full"", ""primary_logo_black""], [""full"", ""primary_logo_white""], [""full"", ""secondary_logo_on_white_color""], [""full"", ""secondary_logo_on_black_color""], [""full"", ""secondary_logo_on_primary_color""], [""full"", ""secondary_logo_on_secondary_color""], [""full"", ""secondary_logo_black""], [""full"", ""secondary_logo_white""]]","[500, 500, 500, 500, 500, 4096, 4096, 4096, 4096, 4096, 4096, 4096, 4096, 4096, 4096, 4096, 4096]",d1a9b001-1df7-fbd7-ae4c-6ca7065286ec,8823,Eagles,Eagles
football,nfl,21,Philadelphia Eagles,PHI,Philadelphia,000000,06424d,Philadelphia,Eagles,philadelphia-eagles,s:20~l:28~t:21,"[500, 500, 500, 500, 500, 4096, 4096, 4096, 4096, 4096, 4096, 4096, 4096, 4096, 4096, 4096, 4096]","[""https://a.espncdn.com/i/teamlogos/nfl/500/phi.png"", ""https://a.espncdn.com/i/teamlogos/nfl/500-dark/phi.png"", ""https://a.espncdn.com/i/teamlogos/nfl/500/scoreboard/phi.png"", ""https://a.espncdn.com/i/teamlogos/nfl/500-dark/scoreboard/phi.png"", ""https://a.espncdn.com/guid/732d3caf-b350-1e34-48c6-b7cebb4a0d88/logos/grayscale.png"", ""https://a.espncdn.com/guid/732d3caf-b350-1e34-48c6-b7cebb4a0d88/logos/primary_logo_on_white_color.png"", ""https://a.espncdn.com/guid/732d3caf-b350-1e34-48c6-b7cebb4a0d88/logos/primary_logo_on_black_color.png"", ""https://a.espncdn.com/guid/732d3caf-b350-1e34-48c6-b7cebb4a0d88/logos/primary_logo_on_primary_color.png"", ""https://a.espncdn.com/guid/732d3caf-b350-1e34-48c6-b7cebb4a0d88/logos/primary_logo_on_secondary_color.png"", ""https://a.espncdn.com/guid/732d3caf-b350-1e34-48c6-b7cebb4a0d88/logos/primary_logo_black.png"", ""https://a.espncdn.com/guid/732d3caf-b350-1e34-48c6-b7cebb4a0d88/logos/primary_logo_white.png"", ""https://a.espncdn.com/guid/732d3caf-b350-1e34-48c6-b7cebb4a0d88/logos/secondary_logo_on_white_color.png"", ""https://a.espncdn.com/guid/732d3caf-b350-1e34-48c6-b7cebb4a0d88/logos/secondary_logo_on_black_color.png"", ""https://a.espncdn.com/guid/732d3caf-b350-1e34-48c6-b7cebb4a0d88/logos/secondary_logo_on_primary_color.png"", ""https://a.espncdn.com/guid/732d3caf-b350-1e34-48c6-b7cebb4a0d88/logos/secondary_logo_on_secondary_color.png"", ""https://a.espncdn.com/guid/732d3caf-b350-1e34-48c6-b7cebb4a0d88/logos/secondary_logo_black.png"", ""https://a.espncdn.com/guid/732d3caf-b350-1e34-48c6-b7cebb4a0d88/logos/secondary_logo_white.png""]","[[""full"", ""default""], [""full"", ""dark""], [""full"", ""scoreboard""], [""full"", ""scoreboard"", ""dark""], [""full"", ""grayscale""], [""full"", ""primary_logo_on_white_color""], [""full"", ""primary_logo_on_black_color""], [""full"", ""primary_logo_on_primary_color""], [""full"", ""primary_logo_on_secondary_color""], [""full"", ""primary_logo_black""], [""full"", ""primary_logo_white""], [""full"", ""secondary_logo_on_white_color""], [""full"", ""secondary_logo_on_black_color""], [""full"", ""secondary_logo_on_primary_color""], [""full"", ""secondary_logo_on_secondary_color""], [""full"", ""secondary_logo_black""], [""full"", ""secondary_logo_white""]]","[500, 500, 500, 500, 500, 4096, 4096, 4096, 4096, 4096, 4096, 4096, 4096, 4096, 4096, 4096, 4096]",d1a9b001-1df7-fbd7-ae4c-6ca7065286ec,8823,Eagles,Eagles
football,nfl,23,Pittsburgh Steelers,PIT,pit,ffb612,000000,Pittsburgh,Steelers,pittsburgh-steelers,s:20~l:28~t:23,"[500, 500, 500, 500, 500, 4096, 4096, 4096, 4096, 4096, 4096, 4096, 4096, 4096, 4096, 4096, 4096]","[""https://a.espncdn.com/i/teamlogos/nfl/500/pit.png"", ""https://a.espncdn.com/i/teamlogos/nfl/500-dark/pit.png"", ""https://a.espncdn.com/i/teamlogos/nfl/500/scoreboard/pit.png"", ""https://a.espncdn.com/i/teamlogos/nfl/500-dark/scoreboard/pit.png"", ""https://a.espncdn.com/guid/8fc7b962-95e1-3cb8-6a7d-b499de9ad546/logos/grayscale.png"", ""https://a.espncdn.com/guid/8fc7b962-95e1-3cb8-6a7d-b499de9ad546/logos/primary_logo_on_white_color.png"", ""https://a.espncdn.com/guid/8fc7b962-95e1-3cb8-6a7d-b499de9ad546/logos/primary_logo_on_black_color.png"", ""https://a.espncdn.com/guid/8fc7b962-95e1-3cb8-6a7d-b499de9ad546/logos/primary_logo_on_primary_color.png"", ""https://a.espncdn.com/guid/8fc7b962-95e1-3cb8-6a7d-b499de9ad546/logos/primary_logo_on_secondary_color.png"", ""https://a.espncdn.com/guid/8fc7b962-95e1-3cb8-6a7d-b499de9ad546/logos/primary_logo_black.png"", ""https://a.espncdn.com/guid/8fc7b962-95e1-3cb8-6a7d-b499de9ad546/logos/primary_logo_white.png"", ""https://a.espncdn.com/guid/8fc7b962-95e1-3cb8-6a7d-b499de9ad546/logos/secondary_logo_on_white_color.png"", ""https://a.espncdn.com/guid/8fc7b962-95e1-3cb8-6a7d-b499de9ad546/logos/secondary_logo_on_black_color.png"", ""https://a.espncdn.com/guid/8fc7b962-95e1-3cb8-6a7d-b499de9ad546/logos/secondary_logo_on_primary_color.png"", ""https://a.espncdn.com/guid/8fc7b962-95e1-3cb8-6a7d-b499de9ad546/logos/secondary_logo_on_secondary_color.png"", ""https://a.espncdn.com/guid/8fc7b962-95e1-3cb8-6a7d-b499de9ad546/logos/secondary_logo_black.png"", ""https://a.espncdn.com/guid/8fc7b962-95e1-3cb8-6a7d-b499de9ad546/logos/secondary_logo_white.png""]","[[""full"", ""default""], [""full"", ""dark""], [""full"", ""scoreboard""], [""full"", ""scoreboard"", ""dark""], [""full"", ""grayscale""], [""full"", ""primary_logo_on_white_color""], [""full"", ""primary_logo_on_black_color""], [""full"", ""primary_logo_on_primary_color""], [""full"", ""primary_logo_on_secondary_color""], [""full"", ""primary_logo_black""], [""full"", ""primary_logo_white""], [""full"", ""secondary_logo_on_white_color""], [""full"", ""secondary_logo_on_black_color""], [""full"", ""secondary_logo_on_primary_color""], [""full"", ""secondary_logo_on_secondary_color""], [""full"", ""secondary_logo_black""], [""full"", ""secondary_logo_white""]]","[500, 500, 500, 500, 500, 4096, 4096, 4096, 4096, 4096, 4096, 4096, 4096, 4096, 4096, 4096, 4096]",debcd592-8d53-71f1-fc15-5c8b8ef9df6e,8824,Steelers,Steelers
football,nfl,23,Pittsburgh Steelers,PIT,Pittsburgh,ffb612,000000,Pittsburgh,Steelers,pittsburgh-steelers,s:20~l:28~t:23,"[500, 500, 500, 500, 500, 4096, 4096, 4096, 4096, 4096, 4096, 4096, 4096, 4096, 4096, 4096, 4096]","[""https://a.espncdn.com/i/teamlogos/nfl/500/pit.png"", ""https://a.espncdn.com/i/teamlogos/nfl/500-dark/pit.png"", ""https://a.espncdn.com/i/teamlogos/nfl/500/scoreboard/pit.png"", ""https://a.espncdn.com/i/teamlogos/nfl/500-dark/scoreboard/pit.png"", ""https://a.espncdn.com/guid/8fc7b962-95e1-3cb8-6a7d-b499de9ad546/logos/grayscale.png"", ""https://a.espncdn.com/guid/8fc7b962-95e1-3cb8-6a7d-b499de9ad546/logos/primary_logo_on_white_color.png"", ""https://a.espncdn.com/guid/8fc7b962-95e1-3cb8-6a7d-b499de9ad546/logos/primary_logo_on_black_color.png"", ""https://a.espncdn.com/guid/8fc7b962-95e1-3cb8-6a7d-b499de9ad546/logos/primary_logo_on_primary_color.png"", ""https://a.espncdn.com/guid/8fc7b962-95e1-3cb8-6a7d-b499de9ad546/logos/primary_logo_on_secondary_color.png"", ""https://a.espncdn.com/guid/8fc7b962-95e1-3cb8-6a7d-b499de9ad546/logos/primary_logo_black.png"", ""https://a.espncdn.com/guid/8fc7b962-95e1-3cb8-6a7d-b499de9ad546/logos/primary_logo_white.png"", ""https://a.espncdn.com/guid/8fc7b962-95e1-3cb8-6a7d-b499de9ad546/logos/secondary_logo_on_white_color.png"", ""https://a.espncdn.com/guid/8fc7b962-95e1-3cb8-6a7d-b499de9ad546/logos/secondary_logo_on_black_color.png"", ""https://a.espncdn.com/guid/8fc7b962-95e1-3cb8-6a7d-b499de9ad546/logos/secondary_logo_on_primary_color.png"", ""https://a.espncdn.com/guid/8fc7b962-95e1-3cb8-6a7d-b499de9ad546/logos/secondary_logo_on_secondary_color.png"", ""https://a.espncdn.com/guid/8fc7b962-95e1-3cb8-6a7d-b499de9ad546/logos/secondary_logo_black.png"", ""https://a.espncdn.com/guid/8fc7b962-95e1-3cb8-6a7d-b499de9ad546/logos/secondary_logo_white.png""]","[[""full"", ""default""], [""full"", ""dark""], [""full"", ""scoreboard""], [""full"", ""scoreboard"", ""dark""], [""full"", ""grayscale""], [""full"", ""primary_logo_on_white_color""], [""full"", ""primary_logo_on_black_color""], [""full"", ""primary_logo_on_primary_color""], [""full"", ""primary_logo_on_secondary_color""], [""full"", ""primary_logo_black""], [""full"", ""primary_logo_white""], [""full"", ""secondary_logo_on_white_color""], [""full"", ""secondary_logo_on_black_color""], [""full"", ""secondary_logo_on_primary_color""], [""full"", ""secondary_logo_on_secondary_color""], [""full"", ""secondary_logo_black""], [""full"", ""secondary_logo_white""]]","[500, 500, 500, 500, 500, 4096, 4096, 4096, 4096, 4096, 4096, 4096, 4096, 4096, 4096, 4096, 4096]",debcd592-8d53-71f1-fc15-5c8b8ef9df6e,8824,Steelers,Steelers
football,nfl,25,San Francisco 49ers,SF,SFO,b3995d,aa0000,San Francisco,49ers,san-francisco-49ers,s:20~l:28~t:25,"[500, 500, 500, 500, 500, 4096, 4096, 4096, 4096, 4096, 4096, 4096, 4096, 4096, 4096, 4096, 4096]","[""https://a.espncdn.com/i/teamlogos/nfl/500/sf.png"", ""https://a.espncdn.com/i/teamlogos/nfl/500-dark/sf.png"", ""https://a.espncdn.com/i/teamlogos/nfl/500/scoreboard/sf.png"", ""https://a.espncdn.com/i/teamlogos/nfl/500-dark/scoreboard/sf.png"", ""https://a.espncdn.com/guid/84caf62b-c753-71ea-a787-44fd224a4294/logos/grayscale.png"", ""https://a.espncdn.com/guid/84caf62b-c753-71ea-a787-44fd224a4294/logos/primary_logo_on_white_color.png"", ""https://a.espncdn.com/guid/84caf62b-c753-71ea-a787-44fd224a4294/logos/primary_logo_on_black_color.png"", ""https://a.espncdn.com/guid/84caf62b-c753-71ea-a787-44fd224a4294/logos/primary_logo_on_primary_color.png"", ""https://a.espncdn.com/guid/84caf62b-c753-71ea-a787-44fd224a4294/logos/primary_logo_on_secondary_color.png"", ""https://a.espncdn.com/guid/84caf62b-c753-71ea-a787-44fd224a4294/logos/primary_logo_black.png"", ""https://a.espncdn.com/guid/84caf62b-c753-71ea-a787-44fd224a4294/logos/primary_logo_white.png"", ""https://a.espncdn.com/guid/84caf62b-c753-71ea-a787-44fd224a4294/logos/secondary_logo_on_white_color.png"", ""https://a.espncdn.com/guid/84caf62b-c753-71ea-a787-44fd224a4294/logos/secondary_logo_on_black_color.png"", ""https://a.espncdn.com/guid/84caf62b-c753-71ea-a787-44fd224a4294/logos/secondary_logo_on_primary_color.png"", ""https://a.espncdn.com/guid/84caf62b-c753-71ea-a787-44fd224a4294/logos/secondary_logo_on_secondary_color.png"", ""https://a.espncdn.com/guid/84caf62b-c753-71ea-a787-44fd224a4294/logos/secondary_logo_black.png"", ""https://a.espncdn.com/guid/84caf62b-c753-71ea-a787-44fd224a4294/logos/secondary_logo_white.png""]","[[""full"", ""default""], [""full"", ""dark""], [""full"", ""scoreboard""], [""full"", ""scoreboard"", ""dark""], [""full"", ""grayscale""], [""full"", ""primary_logo_on_white_color""], [""full"", ""primary_logo_on_black_color""], [""full"", ""primary_logo_on_primary_color""], [""full"", ""primary_logo_on_secondary_color""], [""full"", ""primary_logo_black""], [""full"", ""primary_logo_white""], [""full"", ""secondary_logo_on_white_color""], [""full"", ""secondary_logo_on_black_color""], [""full"", ""secondary_logo_on_primary_color""], [""full"", ""secondary_logo_on_secondary_color""], [""full"", ""secondary_logo_black""], [""full"", ""secondary_logo_white""]]","[500, 500, 500, 500, 500, 4096, 4096, 4096, 4096, 4096, 4096, 4096, 4096, 4096, 4096, 4096, 4096]",985a261f-296c-c95c-32a5-addc4df75001,8826,49ers,49ers
football,nfl,25,San Francisco 49ers,SF,sfo,b3995d,aa0000,San Francisco,49ers,san-francisco-49ers,s:20~l:28~t:25,"[500, 500, 500, 500, 500, 4096, 4096, 4096, 4096, 4096, 4096, 4096, 4096, 4096, 4096, 4096, 4096]","[""https://a.espncdn.com/i/teamlogos/nfl/500/sf.png"", ""https://a.espncdn.com/i/teamlogos/nfl/500-dark/sf.png"", ""https://a.espncdn.com/i/teamlogos/nfl/500/scoreboard/sf.png"", ""https://a.espncdn.com/i/teamlogos/nfl/500-dark/scoreboard/sf.png"", ""https://a.espncdn.com/guid/84caf62b-c753-71ea-a787-44fd224a4294/logos/grayscale.png"", ""https://a.espncdn.com/guid/84caf62b-c753-71ea-a787-44fd224a4294/logos/primary_logo_on_white_color.png"", ""https://a.espncdn.com/guid/84caf62b-c753-71ea-a787-44fd224a4294/logos/primary_logo_on_black_color.png"", ""https://a.espncdn.com/guid/84caf62b-c753-71ea-a787-44fd224a4294/logos/primary_logo_on_primary_color.png"", ""https://a.espncdn.com/guid/84caf62b-c753-71ea-a787-44fd224a4294/logos/primary_logo_on_secondary_color.png"", ""https://a.espncdn.com/guid/84caf62b-c753-71ea-a787-44fd224a4294/logos/primary_logo_black.png"", ""https://a.espncdn.com/guid/84caf62b-c753-71ea-a787-44fd224a4294/logos/primary_logo_white.png"", ""https://a.espncdn.com/guid/84caf62b-c753-71ea-a787-44fd224a4294/logos/secondary_logo_on_white_color.png"", ""https://a.espncdn.com/guid/84caf62b-c753-71ea-a787-44fd224a4294/logos/secondary_logo_on_black_color.png"", ""https://a.espncdn.com/guid/84caf62b-c753-71ea-a787-44fd224a4294/logos/secondary_logo_on_primary_color.png"", ""https://a.espncdn.com/guid/84caf62b-c753-71ea-a787-44fd224a4294/logos/secondary_logo_on_secondary_color.png"", ""https://a.espncdn.com/guid/84caf62b-c753-71ea-a787-44fd224a4294/logos/secondary_logo_black.png"", ""https://a.espncdn.com/guid/84caf62b-c753-71ea-a787-44fd224a4294/logos/secondary_logo_white.png""]","[[""full"", ""default""], [""full"", ""dark""], [""full"", ""scoreboard""], [""full"", ""scoreboard"", ""dark""], [""full"", ""grayscale""], [""full"", ""primary_logo_on_white_color""], [""full"", ""primary_logo_on_black_color""], [""full"", ""primary_logo_on_primary_color""], [""full"", ""primary_logo_on_secondary_color""], [""full"", ""primary_logo_black""], [""full"", ""primary_logo_white""], [""full"", ""secondary_logo_on_white_color""], [""full"", ""secondary_logo_on_black_color""], [""full"", ""secondary_logo_on_primary_color""], [""full"", ""secondary_logo_on_secondary_color""], [""full"", ""secondary_logo_black""], [""full"", ""secondary_logo_white""]]","[500, 500, 500, 500, 500, 4096, 4096, 4096, 4096, 4096, 4096, 4096, 4096, 4096, 4096, 4096, 4096]",985a261f-296c-c95c-32a5-addc4df75001,8826,49ers,49ers
football,nfl,25,San Francisco 49ers,SF,San Francisco,b3995d,aa0000,San Francisco,49ers,san-francisco-49ers,s:20~l:28~t:25,"[500, 500, 500, 500, 500, 4096, 4096, 4096, 4096, 4096, 4096, 4096, 4096, 4096, 4096, 4096, 4096]","[""https://a.espncdn.com/i/teamlogos/nfl/500/sf.png"", ""https://a.espncdn.com/i/teamlogos/nfl/500-dark/sf.png"", ""https://a.espncdn.com/i/teamlogos/nfl/500/scoreboard/sf.png"", ""https://a.espncdn.com/i/teamlogos/nfl/500-dark/scoreboard/sf.png"", ""https://a.espncdn.com/guid/84caf62b-c753-71ea-a787-44fd224a4294/logos/grayscale.png"", ""https://a.espncdn.com/guid/84caf62b-c753-71ea-a787-44fd224a4294/logos/primary_logo_on_white_color.png"", ""https://a.espncdn.com/guid/84caf62b-c753-71ea-a787-44fd224a4294/logos/primary_logo_on_black_color.png"", ""https://a.espncdn.com/guid/84caf62b-c753-71ea-a787-44fd224a4294/logos/primary_logo_on_primary_color.png"", ""https://a.espncdn.com/guid/84caf62b-c753-71ea-a787-44fd224a4294/logos/primary_logo_on_secondary_color.png"", ""https://a.espncdn.com/guid/84caf62b-c753-71ea-a787-44fd224a4294/logos/primary_logo_black.png"", ""https://a.espncdn.com/guid/84caf62b-c753-71ea-a787-44fd224a4294/logos/primary_logo_white.png"", ""https://a.espncdn.com/guid/84caf62b-c753-71ea-a787-44fd224a4294/logos/secondary_logo_on_white_color.png"", ""https://a.espncdn.com/guid/84caf62b-c753-71ea-a787-44fd224a4294/logos/secondary_logo_on_black_color.png"", ""https://a.espncdn.com/guid/84caf62b-c753-71ea-a787-44fd224a4294/logos/secondary_logo_on_primary_color.png"", ""https://a.espncdn.com/guid/84caf62b-c753-71ea-a787-44fd224a4294/logos/secondary_logo_on_secondary_color.png"", ""https://a.espncdn.com/guid/84caf62b-c753-71ea-a787-44fd224a4294/logos/secondary_logo_black.png"", ""https://a.espncdn.com/guid/84caf62b-c753-71ea-a787-44fd224a4294/logos/secondary_logo_white.png""]","[[""full"", ""default""], [""full"", ""dark""], [""full"", ""scoreboard""], [""full"", ""scoreboard"", ""dark""], [""full"", ""grayscale""], [""full"", ""primary_logo_on_white_color""], [""full"", ""primary_logo_on_black_color""], [""full"", ""primary_logo_on_primary_color""], [""full"", ""primary_logo_on_secondary_color""], [""full"", ""primary_logo_black""], [""full"", ""primary_logo_white""], [""full"", ""secondary_logo_on_white_color""], [""full"", ""secondary_logo_on_black_color""], [""full"", ""secondary_logo_on_primary_color""], [""full"", ""secondary_logo_on_secondary_color""], [""full"", ""secondary_logo_black""], [""full"", ""secondary_logo_white""]]","[500, 500, 500, 500, 500, 4096, 4096, 4096, 4096, 4096, 4096, 4096, 4096, 4096, 4096, 4096, 4096]",985a261f-296c-c95c-32a5-addc4df75001,8826,49ers,49ers
football,nfl,25,San Francisco 49ers,SF,Forty Niners,b3995d,aa0000,San Francisco,49ers,san-francisco-49ers,s:20~l:28~t:25,"[500, 500, 500, 500, 500, 4096, 4096, 4096, 4096, 4096, 4096, 4096, 4096, 4096, 4096, 4096, 4096]","[""https://a.espncdn.com/i/teamlogos/nfl/500/sf.png"", ""https://a.espncdn.com/i/teamlogos/nfl/500-dark/sf.png"", ""https://a.espncdn.com/i/teamlogos/nfl/500/scoreboard/sf.png"", ""https://a.espncdn.com/i/teamlogos/nfl/500-dark/scoreboard/sf.png"", ""https://a.espncdn.com/guid/84caf62b-c753-71ea-a787-44fd224a4294/logos/grayscale.png"", ""https://a.espncdn.com/guid/84caf62b-c753-71ea-a787-44fd224a4294/logos/primary_logo_on_white_color.png"", ""https://a.espncdn.com/guid/84caf62b-c753-71ea-a787-44fd224a4294/logos/primary_logo_on_black_color.png"", ""https://a.espncdn.com/guid/84caf62b-c753-71ea-a787-44fd224a4294/logos/primary_logo_on_primary_color.png"", ""https://a.espncdn.com/guid/84caf62b-c753-71ea-a787-44fd224a4294/logos/primary_logo_on_secondary_color.png"", ""https://a.espncdn.com/guid/84caf62b-c753-71ea-a787-44fd224a4294/logos/primary_logo_black.png"", ""https://a.espncdn.com/guid/84caf62b-c753-71ea-a787-44fd224a4294/logos/primary_logo_white.png"", ""https://a.espncdn.com/guid/84caf62b-c753-71ea-a787-44fd224a4294/logos/secondary_logo_on_white_color.png"", ""https://a.espncdn.com/guid/84caf62b-c753-71ea-a787-44fd224a4294/logos/secondary_logo_on_black_color.png"", ""https://a.espncdn.com/guid/84caf62b-c753-71ea-a787-44fd224a4294/logos/secondary_logo_on_primary_color.png"", ""https://a.espncdn.com/guid/84caf62b-c753-71ea-a787-44fd224a4294/logos/secondary_logo_on_secondary_color.png"", ""https://a.espncdn.com/guid/84caf62b-c753-71ea-a787-44fd224a4294/logos/secondary_logo_black.png"", ""https://a.espncdn.com/guid/84caf62b-c753-71ea-a787-44fd224a4294/logos/secondary_logo_white.png""]","[[""full"", ""default""], [""full"", ""dark""], [""full"", ""scoreboard""], [""full"", ""scoreboard"", ""dark""], [""full"", ""grayscale""], [""full"", ""primary_logo_on_white_color""], [""full"", ""primary_logo_on_black_color""], [""full"", ""primary_logo_on_primary_color""], [""full"", ""primary_logo_on_secondary_color""], [""full"", ""primary_logo_black""], [""full"", ""primary_logo_white""], [""full"", ""secondary_logo_on_white_color""], [""full"", ""secondary_logo_on_black_color""], [""full"", ""secondary_logo_on_primary_color""], [""full"", ""secondary_logo_on_secondary_color""], [""full"", ""secondary_logo_black""], [""full"", ""secondary_logo_white""]]","[500, 500, 500, 500, 500, 4096, 4096, 4096, 4096, 4096, 4096, 4096, 4096, 4096, 4096, 4096, 4096]",985a261f-296c-c95c-32a5-addc4df75001,8826,49ers,49ers
football,nfl,26,Seattle Seahawks,SEA,sea,69be28,002a5c,Seattle,Seahawks,seattle-seahawks,s:20~l:28~t:26,"[500, 500, 500, 500, 500, 4096, 4096, 4096, 4096, 4096, 4096, 4096, 4096, 4096, 4096, 4096, 4096]","[""https://a.espncdn.com/i/teamlogos/nfl/500/sea.png"", ""https://a.espncdn.com/i/teamlogos/nfl/500-dark/sea.png"", ""https://a.espncdn.com/i/teamlogos/nfl/500/scoreboard/sea.png"", ""https://a.espncdn.com/i/teamlogos/nfl/500-dark/scoreboard/sea.png"", ""https://a.espncdn.com/guid/985a261f-296c-c95c-32a5-addc4df75001/logos/grayscale.png"", ""https://a.espncdn.com/guid/985a261f-296c-c95c-32a5-addc4df75001/logos/primary_logo_on_white_color.png"", ""https://a.espncdn.com/guid/985a261f-296c-c95c-32a5-addc4df75001/logos/primary_logo_on_black_color.png"", ""https://a.espncdn.com/guid/985a261f-296c-c95c-32a5-addc4df75001/logos/primary_logo_on_primary_color.png"", ""https://a.espncdn.com/guid/985a261f-296c-c95c-32a5-addc4df75001/logos/primary_logo_on_secondary_color.png"", ""https://a.espncdn.com/guid/985a261f-296c-c95c-32a5-addc4df75001/logos/primary_logo_black.png"", ""https://a.espncdn.com/guid/985a261f-296c-c95c-32a5-addc4df75001/logos/primary_logo_white.png"", ""https://a.espncdn.com/guid/985a261f-296c-c95c-32a5-addc4df75001/logos/secondary_logo_on_white_color.png"", ""https://a.espncdn.com/guid/985a261f-296c-c95c-32a5-addc4df75001/logos/secondary_logo_on_black_color.png"", ""https://a.espncdn.com/guid/985a261f-296c-c95c-32a5-addc4df75001/logos/secondary_logo_on_primary_color.png"", ""https://a.espncdn.com/guid/985a261f-296c-c95c-32a5-addc4df75001/logos/secondary_logo_on_secondary_color.png"", ""https://a.espncdn.com/guid/985a261f-296c-c95c-32a5-addc4df75001/logos/secondary_logo_black.png"", ""https://a.espncdn.com/guid/985a261f-296c-c95c-32a5-addc4df75001/logos/secondary_logo_white.png""]","[[""full"", ""default""], [""full"", ""dark""], [""full"", ""scoreboard""], [""full"", ""scoreboard"", ""dark""], [""full"", ""grayscale""], [""full"", ""primary_logo_on_white_color""], [""full"", ""primary_logo_on_black_color""], [""full"", ""primary_logo_on_primary_color""], [""full"", ""primary_logo_on_secondary_color""], [""full"", ""primary_logo_black""], [""full"", ""primary_logo_white""], [""full"", ""secondary_logo_on_white_color""], [""full"", ""secondary_logo_on_black_color""], [""full"", ""secondary_logo_on_primary_color""], [""full"", ""secondary_logo_on_secondary_color""], [""full"", ""secondary_logo_black""], [""full"", ""secondary_logo_white""]]","[500, 500, 500, 500, 500, 4096, 4096, 4096, 4096, 4096, 4096, 4096, 4096, 4096, 4096, 4096, 4096]",3767a23c-a17d-294f-288a-9086ad1f0680,8827,Seahawks,Seahawks
football,nfl,26,Seattle Seahawks,SEA,Seattle,69be28,002a5c,Seattle,Seahawks,seattle-seahawks,s:20~l:28~t:26,"[500, 500, 500, 500, 500, 4096, 4096, 4096, 4096, 4096, 4096, 4096, 4096, 4096, 4096, 4096, 4096]","[""https://a.espncdn.com/i/teamlogos/nfl/500/sea.png"", ""https://a.espncdn.com/i/teamlogos/nfl/500-dark/sea.png"", ""https://a.espncdn.com/i/teamlogos/nfl/500/scoreboard/sea.png"", ""https://a.espncdn.com/i/teamlogos/nfl/500-dark/scoreboard/sea.png"", ""https://a.espncdn.com/guid/985a261f-296c-c95c-32a5-addc4df75001/logos/grayscale.png"", ""https://a.espncdn.com/guid/985a261f-296c-c95c-32a5-addc4df75001/logos/primary_logo_on_white_color.png"", ""https://a.espncdn.com/guid/985a261f-296c-c95c-32a5-addc4df75001/logos/primary_logo_on_black_color.png"", ""https://a.espncdn.com/guid/985a261f-296c-c95c-32a5-addc4df75001/logos/primary_logo_on_primary_color.png"", ""https://a.espncdn.com/guid/985a261f-296c-c95c-32a5-addc4df75001/logos/primary_logo_on_secondary_color.png"", ""https://a.espncdn.com/guid/985a261f-296c-c95c-32a5-addc4df75001/logos/primary_logo_black.png"", ""https://a.espncdn.com/guid/985a261f-296c-c95c-32a5-addc4df75001/logos/primary_logo_white.png"", ""https://a.espncdn.com/guid/985a261f-296c-c95c-32a5-addc4df75001/logos/secondary_logo_on_white_color.png"", ""https://a.espncdn.com/guid/985a261f-296c-c95c-32a5-addc4df75001/logos/secondary_logo_on_black_color.png"", ""https://a.espncdn.com/guid/985a261f-296c-c95c-32a5-addc4df75001/logos/secondary_logo_on_primary_color.png"", ""https://a.espncdn.com/guid/985a261f-296c-c95c-32a5-addc4df75001/logos/secondary_logo_on_secondary_color.png"", ""https://a.espncdn.com/guid/985a261f-296c-c95c-32a5-addc4df75001/logos/secondary_logo_black.png"", ""https://a.espncdn.com/guid/985a261f-296c-c95c-32a5-addc4df75001/logos/secondary_logo_white.png""]","[[""full"", ""default""], [""full"", ""dark""], [""full"", ""scoreboard""], [""full"", ""scoreboard"", ""dark""], [""full"", ""grayscale""], [""full"", ""primary_logo_on_white_color""], [""full"", ""primary_logo_on_black_color""], [""full"", ""primary_logo_on_primary_color""], [""full"", ""primary_logo_on_secondary_color""], [""full"", ""primary_logo_black""], [""full"", ""primary_logo_white""], [""full"", ""secondary_logo_on_white_color""], [""full"", ""secondary_logo_on_black_color""], [""full"", ""secondary_logo_on_primary_color""], [""full"", ""secondary_logo_on_secondary_color""], [""full"", ""secondary_logo_black""], [""full"", ""secondary_logo_white""]]","[500, 500, 500, 500, 500, 4096, 4096, 4096, 4096, 4096, 4096, 4096, 4096, 4096, 4096, 4096, 4096]",3767a23c-a17d-294f-288a-9086ad1f0680,8827,Seahawks,Seahawks
football,nfl,27,Tampa Bay Buccaneers,TB,TAM,3e3a35,bd1c36,Tampa Bay,Buccaneers,tampa-bay-buccaneers,s:20~l:28~t:27,"[500, 500, 500, 500, 500, 4096, 4096, 4096, 4096, 4096, 4096, 4096, 4096, 4096, 4096, 4096, 4096]","[""https://a.espncdn.com/i/teamlogos/nfl/500/tb.png"", ""https://a.espncdn.com/i/teamlogos/nfl/500-dark/tb.png"", ""https://a.espncdn.com/i/teamlogos/nfl/500/scoreboard/tb.png"", ""https://a.espncdn.com/i/teamlogos/nfl/500-dark/scoreboard/tb.png"", ""https://a.espncdn.com/guid/3767a23c-a17d-294f-288a-9086ad1f0680/logos/grayscale.png"", ""https://a.espncdn.com/guid/3767a23c-a17d-294f-288a-9086ad1f0680/logos/primary_logo_on_white_color.png"", ""https://a.espncdn.com/guid/3767a23c-a17d-294f-288a-9086ad1f0680/logos/primary_logo_on_black_color.png"", ""https://a.espncdn.com/guid/3767a23c-a17d-294f-288a-9086ad1f0680/logos/primary_logo_on_primary_color.png"", ""https://a.espncdn.com/guid/3767a23c-a17d-294f-288a-9086ad1f0680/logos/primary_logo_on_secondary_color.png"", ""https://a.espncdn.com/guid/3767a23c-a17d-294f-288a-9086ad1f0680/logos/primary_logo_black.png"", ""https://a.espncdn.com/guid/3767a23c-a17d-294f-288a-9086ad1f0680/logos/primary_logo_white.png"", ""https://a.espncdn.com/guid/3767a23c-a17d-294f-288a-9086ad1f0680/logos/secondary_logo_on_white_color.png"", ""https://a.espncdn.com/guid/3767a23c-a17d-294f-288a-9086ad1f0680/logos/secondary_logo_on_black_color.png"", ""https://a.espncdn.com/guid/3767a23c-a17d-294f-288a-9086ad1f0680/logos/secondary_logo_on_primary_color.png"", ""https://a.espncdn.com/guid/3767a23c-a17d-294f-288a-9086ad1f0680/logos/secondary_logo_on_secondary_color.png"", ""https://a.espncdn.com/guid/3767a23c-a17d-294f-288a-9086ad1f0680/logos/secondary_logo_black.png"", ""https://a.espncdn.com/guid/3767a23c-a17d-294f-288a-9086ad1f0680/logos/secondary_logo_white.png""]","[[""full"", ""default""], [""full"", ""dark""], [""full"", ""scoreboard""], [""full"", ""scoreboard"", ""dark""], [""full"", ""grayscale""], [""full"", ""primary_logo_on_white_color""], [""full"", ""primary_logo_on_black_color""], [""full"", ""primary_logo_on_primary_color""], [""full"", ""primary_logo_on_secondary_color""], [""full"", ""primary_logo_black""], [""full"", ""primary_logo_white""], [""full"", ""secondary_logo_on_white_color""], [""full"", ""secondary_logo_on_black_color""], [""full"", ""secondary_logo_on_primary_color""], [""full"", ""secondary_logo_on_secondary_color""], [""full"", ""secondary_logo_black""], [""full"", ""secondary_logo_white""]]","[500, 500, 500, 500, 500, 4096, 4096, 4096, 4096, 4096, 4096, 4096, 4096, 4096, 4096, 4096, 4096]",13e8b157-a75a-ff24-ae91-fa3d52ddf204,8829,Buccaneers,Buccaneers
football,nfl,27,Tampa Bay Buccaneers,TB,tam,3e3a35,bd1c36,Tampa Bay,Buccaneers,tampa-bay-buccaneers,s:20~l:28~t:27,"[500, 500, 500, 500, 500, 4096, 4096, 4096, 4096, 4096, 4096, 4096, 4096, 4096, 4096, 4096, 4096]","[""https://a.espncdn.com/i/teamlogos/nfl/500/tb.png"", ""https://a.espncdn.com/i/teamlogos/nfl/500-dark/tb.png"", ""https://a.espncdn.com/i/teamlogos/nfl/500/scoreboard/tb.png"", ""https://a.espncdn.com/i/teamlogos/nfl/500-dark/scoreboard/tb.png"", ""https://a.espncdn.com/guid/3767a23c-a17d-294f-288a-9086ad1f0680/logos/grayscale.png"", ""https://a.espncdn.com/guid/3767a23c-a17d-294f-288a-9086ad1f0680/logos/primary_logo_on_white_color.png"", ""https://a.espncdn.com/guid/3767a23c-a17d-294f-288a-9086ad1f0680/logos/primary_logo_on_black_color.png"", ""https://a.espncdn.com/guid/3767a23c-a17d-294f-288a-9086ad1f0680/logos/primary_logo_on_primary_color.png"", ""https://a.espncdn.com/guid/3767a23c-a17d-294f-288a-9086ad1f0680/logos/primary_logo_on_secondary_color.png"", ""https://a.espncdn.com/guid/3767a23c-a17d-294f-288a-9086ad1f0680/logos/primary_logo_black.png"", ""https://a.espncdn.com/guid/3767a23c-a17d-294f-288a-9086ad1f0680/logos/primary_logo_white.png"", ""https://a.espncdn.com/guid/3767a23c-a17d-294f-288a-9086ad1f0680/logos/secondary_logo_on_white_color.png"", ""https://a.espncdn.com/guid/3767a23c-a17d-294f-288a-9086ad1f0680/logos/secondary_logo_on_black_color.png"", ""https://a.espncdn.com/guid/3767a23c-a17d-294f-288a-9086ad1f0680/logos/secondary_logo_on_primary_color.png"", ""https://a.espncdn.com/guid/3767a23c-a17d-294f-288a-9086ad1f0680/logos/secondary_logo_on_secondary_color.png"", ""https://a.espncdn.com/guid/3767a23c-a17d-294f-288a-9086ad1f0680/logos/secondary_logo_black.png"", ""https://a.espncdn.com/guid/3767a23c-a17d-294f-288a-9086ad1f0680/logos/secondary_logo_white.png""]","[[""full"", ""default""], [""full"", ""dark""], [""full"", ""scoreboard""], [""full"", ""scoreboard"", ""dark""], [""full"", ""grayscale""], [""full"", ""primary_logo_on_white_color""], [""full"", ""primary_logo_on_black_color""], [""full"", ""primary_logo_on_primary_color""], [""full"", ""primary_logo_on_secondary_color""], [""full"", ""primary_logo_black""], [""full"", ""primary_logo_white""], [""full"", ""secondary_logo_on_white_color""], [""full"", ""secondary_logo_on_black_color""], [""full"", ""secondary_logo_on_primary_color""], [""full"", ""secondary_logo_on_secondary_color""], [""full"", ""secondary_logo_black""], [""full"", ""secondary_logo_white""]]","[500, 500, 500, 500, 500, 4096, 4096, 4096, 4096, 4096, 4096, 4096, 4096, 4096, 4096, 4096, 4096]",13e8b157-a75a-ff24-ae91-fa3d52ddf204,8829,Buccaneers,Buccaneers
football,nfl,27,Tampa Bay Buccaneers,TB,Tampa Bay,3e3a35,bd1c36,Tampa Bay,Buccaneers,tampa-bay-buccaneers,s:20~l:28~t:27,"[500, 500, 500, 500, 500, 4096, 4096, 4096, 4096, 4096, 4096, 4096, 4096, 4096, 4096, 4096, 4096]","[""https://a.espncdn.com/i/teamlogos/nfl/500/tb.png"", ""https://a.espncdn.com/i/teamlogos/nfl/500-dark/tb.png"", ""https://a.espncdn.com/i/teamlogos/nfl/500/scoreboard/tb.png"", ""https://a.espncdn.com/i/teamlogos/nfl/500-dark/scoreboard/tb.png"", ""https://a.espncdn.com/guid/3767a23c-a17d-294f-288a-9086ad1f0680/logos/grayscale.png"", ""https://a.espncdn.com/guid/3767a23c-a17d-294f-288a-9086ad1f0680/logos/primary_logo_on_white_color.png"", ""https://a.espncdn.com/guid/3767a23c-a17d-294f-288a-9086ad1f0680/logos/primary_logo_on_black_color.png"", ""https://a.espncdn.com/guid/3767a23c-a17d-294f-288a-9086ad1f0680/logos/primary_logo_on_primary_color.png"", ""https://a.espncdn.com/guid/3767a23c-a17d-294f-288a-9086ad1f0680/logos/primary_logo_on_secondary_color.png"", ""https://a.espncdn.com/guid/3767a23c-a17d-294f-288a-9086ad1f0680/logos/primary_logo_black.png"", ""https://a.espncdn.com/guid/3767a23c-a17d-294f-288a-9086ad1f0680/logos/primary_logo_white.png"", ""https://a.espncdn.com/guid/3767a23c-a17d-294f-288a-9086ad1f0680/logos/secondary_logo_on_white_color.png"", ""https://a.espncdn.com/guid/3767a23c-a17d-294f-288a-9086ad1f0680/logos/secondary_logo_on_black_color.png"", ""https://a.espncdn.com/guid/3767a23c-a17d-294f-288a-9086ad1f0680/logos/secondary_logo_on_primary_color.png"", ""https://a.espncdn.com/guid/3767a23c-a17d-294f-288a-9086ad1f0680/logos/secondary_logo_on_secondary_color.png"", ""https://a.espncdn.com/guid/3767a23c-a17d-294f-288a-9086ad1f0680/logos/secondary_logo_black.png"", ""https://a.espncdn.com/guid/3767a23c-a17d-294f-288a-9086ad1f0680/logos/secondary_logo_white.png""]","[[""full"", ""default""], [""full"", ""dark""], [""full"", ""scoreboard""], [""full"", ""scoreboard"", ""dark""], [""full"", ""grayscale""], [""full"", ""primary_logo_on_white_color""], [""full"", ""primary_logo_on_black_color""], [""full"", ""primary_logo_on_primary_color""], [""full"", ""primary_logo_on_secondary_color""], [""full"", ""primary_logo_black""], [""full"", ""primary_logo_white""], [""full"", ""secondary_logo_on_white_color""], [""full"", ""secondary_logo_on_black_color""], [""full"", ""secondary_logo_on_primary_color""], [""full"", ""secondary_logo_on_secondary_color""], [""full"", ""secondary_logo_black""], [""full"", ""secondary_logo_white""]]","[500, 500, 500, 500, 500, 4096, 4096, 4096, 4096, 4096, 4096, 4096, 4096, 4096, 4096, 4096, 4096]",13e8b157-a75a-ff24-ae91-fa3d52ddf204,8829,Buccaneers,Buccaneers
football,nfl,27,Tampa Bay Buccaneers,TB,Bucs,3e3a35,bd1c36,Tampa Bay,Buccaneers,tampa-bay-buccaneers,s:20~l:28~t:27,"[500, 500, 500, 500, 500, 4096, 4096, 4096, 4096, 4096, 4096, 4096, 4096, 4096, 4096, 4096, 4096]","[""https://a.espncdn.com/i/teamlogos/nfl/500/tb.png"", ""https://a.espncdn.com/i/teamlogos/nfl/500-dark/tb.png"", ""https://a.espncdn.com/i/teamlogos/nfl/500/scoreboard/tb.png"", ""https://a.espncdn.com/i/teamlogos/nfl/500-dark/scoreboard/tb.png"", ""https://a.espncdn.com/guid/3767a23c-a17d-294f-288a-9086ad1f0680/logos/grayscale.png"", ""https://a.espncdn.com/guid/3767a23c-a17d-294f-288a-9086ad1f0680/logos/primary_logo_on_white_color.png"", ""https://a.espncdn.com/guid/3767a23c-a17d-294f-288a-9086ad1f0680/logos/primary_logo_on_black_color.png"", ""https://a.espncdn.com/guid/3767a23c-a17d-294f-288a-9086ad1f0680/logos/primary_logo_on_primary_color.png"", ""https://a.espncdn.com/guid/3767a23c-a17d-294f-288a-9086ad1f0680/logos/primary_logo_on_secondary_color.png"", ""https://a.espncdn.com/guid/3767a23c-a17d-294f-288a-9086ad1f0680/logos/primary_logo_black.png"", ""https://a.espncdn.com/guid/3767a23c-a17d-294f-288a-9086ad1f0680/logos/primary_logo_white.png"", ""https://a.espncdn.com/guid/3767a23c-a17d-294f-288a-9086ad1f0680/logos/secondary_logo_on_white_color.png"", ""https://a.espncdn.com/guid/3767a23c-a17d-294f-288a-9086ad1f0680/logos/secondary_logo_on_black_color.png"", ""https://a.espncdn.com/guid/3767a23c-a17d-294f-288a-9086ad1f0680/logos/secondary_logo_on_primary_color.png"", ""https://a.espncdn.com/guid/3767a23c-a17d-294f-288a-9086ad1f0680/logos/secondary_logo_on_secondary_color.png"", ""https://a.espncdn.com/guid/3767a23c-a17d-294f-288a-9086ad1f0680/logos/secondary_logo_black.png"", ""https://a.espncdn.com/guid/3767a23c-a17d-294f-288a-9086ad1f0680/logos/secondary_logo_white.png""]","[[""full"", ""default""], [""full"", ""dark""], [""full"", ""scoreboard""], [""full"", ""scoreboard"", ""dark""], [""full"", ""grayscale""], [""full"", ""primary_logo_on_white_color""], [""full"", ""primary_logo_on_black_color""], [""full"", ""primary_logo_on_primary_color""], [""full"", ""primary_logo_on_secondary_color""], [""full"", ""primary_logo_black""], [""full"", ""primary_logo_white""], [""full"", ""secondary_logo_on_white_color""], [""full"", ""secondary_logo_on_black_color""], [""full"", ""secondary_logo_on_primary_color""], [""full"", ""secondary_logo_on_secondary_color""], [""full"", ""secondary_logo_black""], [""full"", ""secondary_logo_white""]]","[500, 500, 500, 500, 500, 4096, 4096, 4096, 4096, 4096, 4096, 4096, 4096, 4096, 4096, 4096, 4096]",13e8b157-a75a-ff24-ae91-fa3d52ddf204,8829,Buccaneers,Buccaneers
football,nfl,10,Tennessee Titans,TEN,OTI,001532,4495d2,Tennessee,Titans,tennessee-titans,s:20~l:28~t:10,"[500, 500, 500, 500, 500, 4096, 4096, 4096, 4096, 4096, 4096, 4096, 4096, 4096, 4096, 4096, 4096]","[""https://a.espncdn.com/i/teamlogos/nfl/500/ten.png"", ""https://a.espncdn.com/i/teamlogos/nfl/500-dark/ten.png"", ""https://a.espncdn.com/i/teamlogos/nfl/500/scoreboard/ten.png"", ""https://a.espncdn.com/i/teamlogos/nfl/500-dark/scoreboard/ten.png"", ""https://a.espncdn.com/guid/06cd3bcf-7a86-53d4-28e7-aa049dd36261/logos/grayscale.png"", ""https://a.espncdn.com/guid/06cd3bcf-7a86-53d4-28e7-aa049dd36261/logos/primary_logo_on_white_color.png"", ""https://a.espncdn.com/guid/06cd3bcf-7a86-53d4-28e7-aa049dd36261/logos/primary_logo_on_black_color.png"", ""https://a.espncdn.com/guid/06cd3bcf-7a86-53d4-28e7-aa049dd36261/logos/primary_logo_on_primary_color.png"", ""https://a.espncdn.com/guid/06cd3bcf-7a86-53d4-28e7-aa049dd36261/logos/primary_logo_on_secondary_color.png"", ""https://a.espncdn.com/guid/06cd3bcf-7a86-53d4-28e7-aa049dd36261/logos/primary_logo_black.png"", ""https://a.espncdn.com/guid/06cd3bcf-7a86-53d4-28e7-aa049dd36261/logos/primary_logo_white.png"", ""https://a.espncdn.com/guid/06cd3bcf-7a86-53d4-28e7-aa049dd36261/logos/secondary_logo_on_white_color.png"", ""https://a.espncdn.com/guid/06cd3bcf-7a86-53d4-28e7-aa049dd36261/logos/secondary_logo_on_black_color.png"", ""https://a.espncdn.com/guid/06cd3bcf-7a86-53d4-28e7-aa049dd36261/logos/secondary_logo_on_primary_color.png"", ""https://a.espncdn.com/guid/06cd3bcf-7a86-53d4-28e7-aa049dd36261/logos/secondary_logo_on_secondary_color.png"", ""https://a.espncdn.com/guid/06cd3bcf-7a86-53d4-28e7-aa049dd36261/logos/secondary_logo_black.png"", ""https://a.espncdn.com/guid/06cd3bcf-7a86-53d4-28e7-aa049dd36261/logos/secondary_logo_white.png""]","[[""full"", ""default""], [""full"", ""dark""], [""full"", ""scoreboard""], [""full"", ""scoreboard"", ""dark""], [""full"", ""grayscale""], [""full"", ""primary_logo_on_white_color""], [""full"", ""primary_logo_on_black_color""], [""full"", ""primary_logo_on_primary_color""], [""full"", ""primary_logo_on_secondary_color""], [""full"", ""primary_logo_black""], [""full"", ""primary_logo_white""], [""full"", ""secondary_logo_on_white_color""], [""full"", ""secondary_logo_on_black_color""], [""full"", ""secondary_logo_on_primary_color""], [""full"", ""secondary_logo_on_secondary_color""], [""full"", ""secondary_logo_black""], [""full"", ""secondary_logo_white""]]","[500, 500, 500, 500, 500, 4096, 4096, 4096, 4096, 4096, 4096, 4096, 4096, 4096, 4096, 4096, 4096]",0a0aea59-9a5e-01b3-57a3-0151cf4bf393,8830,Titans,Titans
football,nfl,10,Tennessee Titans,TEN,oti,001532,4495d2,Tennessee,Titans,tennessee-titans,s:20~l:28~t:10,"[500, 500, 500, 500, 500, 4096, 4096, 4096, 4096, 4096, 4096, 4096, 4096, 4096, 4096, 4096, 4096]","[""https://a.espncdn.com/i/teamlogos/nfl/500/ten.png"", ""https://a.espncdn.com/i/teamlogos/nfl/500-dark/ten.png"", ""https://a.espncdn.com/i/teamlogos/nfl/500/scoreboard/ten.png"", ""https://a.espncdn.com/i/teamlogos/nfl/500-dark/scoreboard/ten.png"", ""https://a.espncdn.com/guid/06cd3bcf-7a86-53d4-28e7-aa049dd36261/logos/grayscale.png"", ""https://a.espncdn.com/guid/06cd3bcf-7a86-53d4-28e7-aa049dd36261/logos/primary_logo_on_white_color.png"", ""https://a.espncdn.com/guid/06cd3bcf-7a86-53d4-28e7-aa049dd36261/logos/primary_logo_on_black_color.png"", ""https://a.espncdn.com/guid/06cd3bcf-7a86-53d4-28e7-aa049dd36261/logos/primary_logo_on_primary_color.png"", ""https://a.espncdn.com/guid/06cd3bcf-7a86-53d4-28e7-aa049dd36261/logos/primary_logo_on_secondary_color.png"", ""https://a.espncdn.com/guid/06cd3bcf-7a86-53d4-28e7-aa049dd36261/logos/primary_logo_black.png"", ""https://a.espncdn.com/guid/06cd3bcf-7a86-53d4-28e7-aa049dd36261/logos/primary_logo_white.png"", ""https://a.espncdn.com/guid/06cd3bcf-7a86-53d4-28e7-aa049dd36261/logos/secondary_logo_on_white_color.png"", ""https://a.espncdn.com/guid/06cd3bcf-7a86-53d4-28e7-aa049dd36261/logos/secondary_logo_on_black_color.png"", ""https://a.espncdn.com/guid/06cd3bcf-7a86-53d4-28e7-aa049dd36261/logos/secondary_logo_on_primary_color.png"", ""https://a.espncdn.com/guid/06cd3bcf-7a86-53d4-28e7-aa049dd36261/logos/secondary_logo_on_secondary_color.png"", ""https://a.espncdn.com/guid/06cd3bcf-7a86-53d4-28e7-aa049dd36261/logos/secondary_logo_black.png"", ""https://a.espncdn.com/guid/06cd3bcf-7a86-53d4-28e7-aa049dd36261/logos/secondary_logo_white.png""]","[[""full"", ""default""], [""full"", ""dark""], [""full"", ""scoreboard""], [""full"", ""scoreboard"", ""dark""], [""full"", ""grayscale""], [""full"", ""primary_logo_on_white_color""], [""full"", ""primary_logo_on_black_color""], [""full"", ""primary_logo_on_primary_color""], [""full"", ""primary_logo_on_secondary_color""], [""full"", ""primary_logo_black""], [""full"", ""primary_logo_white""], [""full"", ""secondary_logo_on_white_color""], [""full"", ""secondary_logo_on_black_color""], [""full"", ""secondary_logo_on_primary_color""], [""full"", ""secondary_logo_on_secondary_color""], [""full"", ""secondary_logo_black""], [""full"", ""secondary_logo_white""]]","[500, 500, 500, 500, 500, 4096, 4096, 4096, 4096, 4096, 4096, 4096, 4096, 4096, 4096, 4096, 4096]",0a0aea59-9a5e-01b3-57a3-0151cf4bf393,8830,Titans,Titans
football,nfl,10,Tennessee Titans,TEN,Tennessee,001532,4495d2,Tennessee,Titans,tennessee-titans,s:20~l:28~t:10,"[500, 500, 500, 500, 500, 4096, 4096, 4096, 4096, 4096, 4096, 4096, 4096, 4096, 4096, 4096, 4096]","[""https://a.espncdn.com/i/teamlogos/nfl/500/ten.png"", ""https://a.espncdn.com/i/teamlogos/nfl/500-dark/ten.png"", ""https://a.espncdn.com/i/teamlogos/nfl/500/scoreboard/ten.png"", ""https://a.espncdn.com/i/teamlogos/nfl/500-dark/scoreboard/ten.png"", ""https://a.espncdn.com/guid/06cd3bcf-7a86-53d4-28e7-aa049dd36261/logos/grayscale.png"", ""https://a.espncdn.com/guid/06cd3bcf-7a86-53d4-28e7-aa049dd36261/logos/primary_logo_on_white_color.png"", ""https://a.espncdn.com/guid/06cd3bcf-7a86-53d4-28e7-aa049dd36261/logos/primary_logo_on_black_color.png"", ""https://a.espncdn.com/guid/06cd3bcf-7a86-53d4-28e7-aa049dd36261/logos/primary_logo_on_primary_color.png"", ""https://a.espncdn.com/guid/06cd3bcf-7a86-53d4-28e7-aa049dd36261/logos/primary_logo_on_secondary_color.png"", ""https://a.espncdn.com/guid/06cd3bcf-7a86-53d4-28e7-aa049dd36261/logos/primary_logo_black.png"", ""https://a.espncdn.com/guid/06cd3bcf-7a86-53d4-28e7-aa049dd36261/logos/primary_logo_white.png"", ""https://a.espncdn.com/guid/06cd3bcf-7a86-53d4-28e7-aa049dd36261/logos/secondary_logo_on_white_color.png"", ""https://a.espncdn.com/guid/06cd3bcf-7a86-53d4-28e7-aa049dd36261/logos/secondary_logo_on_black_color.png"", ""https://a.espncdn.com/guid/06cd3bcf-7a86-53d4-28e7-aa049dd36261/logos/secondary_logo_on_primary_color.png"", ""https://a.espncdn.com/guid/06cd3bcf-7a86-53d4-28e7-aa049dd36261/logos/secondary_logo_on_secondary_color.png"", ""https://a.espncdn.com/guid/06cd3bcf-7a86-53d4-28e7-aa049dd36261/logos/secondary_logo_black.png"", ""https://a.espncdn.com/guid/06cd3bcf-7a86-53d4-28e7-aa049dd36261/logos/secondary_logo_white.png""]","[[""full"", ""default""], [""full"", ""dark""], [""full"", ""scoreboard""], [""full"", ""scoreboard"", ""dark""], [""full"", ""grayscale""], [""full"", ""primary_logo_on_white_color""], [""full"", ""primary_logo_on_black_color""], [""full"", ""primary_logo_on_primary_color""], [""full"", ""primary_logo_on_secondary_color""], [""full"", ""primary_logo_black""], [""full"", ""primary_logo_white""], [""full"", ""secondary_logo_on_white_color""], [""full"", ""secondary_logo_on_black_color""], [""full"", ""secondary_logo_on_primary_color""], [""full"", ""secondary_logo_on_secondary_color""], [""full"", ""secondary_logo_black""], [""full"", ""secondary_logo_white""]]","[500, 500, 500, 500, 500, 4096, 4096, 4096, 4096, 4096, 4096, 4096, 4096, 4096, 4096, 4096, 4096]",0a0aea59-9a5e-01b3-57a3-0151cf4bf393,8830,Titans,Titans
football,nfl,10,Tennessee Titans,TEN,Tennessee Oilers,001532,4495d2,Tennessee,Titans,tennessee-titans,s:20~l:28~t:10,"[500, 500, 500, 500, 500, 4096, 4096, 4096, 4096, 4096, 4096, 4096, 4096, 4096, 4096, 4096, 4096]","[""https://a.espncdn.com/i/teamlogos/nfl/500/ten.png"", ""https://a.espncdn.com/i/teamlogos/nfl/500-dark/ten.png"", ""https://a.espncdn.com/i/teamlogos/nfl/500/scoreboard/ten.png"", ""https://a.espncdn.com/i/teamlogos/nfl/500-dark/scoreboard/ten.png"", ""https://a.espncdn.com/guid/06cd3bcf-7a86-53d4-28e7-aa049dd36261/logos/grayscale.png"", ""https://a.espncdn.com/guid/06cd3bcf-7a86-53d4-28e7-aa049dd36261/logos/primary_logo_on_white_color.png"", ""https://a.espncdn.com/guid/06cd3bcf-7a86-53d4-28e7-aa049dd36261/logos/primary_logo_on_black_color.png"", ""https://a.espncdn.com/guid/06cd3bcf-7a86-53d4-28e7-aa049dd36261/logos/primary_logo_on_primary_color.png"", ""https://a.espncdn.com/guid/06cd3bcf-7a86-53d4-28e7-aa049dd36261/logos/primary_logo_on_secondary_color.png"", ""https://a.espncdn.com/guid/06cd3bcf-7a86-53d4-28e7-aa049dd36261/logos/primary_logo_black.png"", ""https://a.espncdn.com/guid/06cd3bcf-7a86-53d4-28e7-aa049dd36261/logos/primary_logo_white.png"", ""https://a.espncdn.com/guid/06cd3bcf-7a86-53d4-28e7-aa049dd36261/logos/secondary_logo_on_white_color.png"", ""https://a.espncdn.com/guid/06cd3bcf-7a86-53d4-28e7-aa049dd36261/logos/secondary_logo_on_black_color.png"", ""https://a.espncdn.com/guid/06cd3bcf-7a86-53d4-28e7-aa049dd36261/logos/secondary_logo_on_primary_color.png"", ""https://a.espncdn.com/guid/06cd3bcf-7a86-53d4-28e7-aa049dd36261/logos/secondary_logo_on_secondary_color.png"", ""https://a.espncdn.com/guid/06cd3bcf-7a86-53d4-28e7-aa049dd36261/logos/secondary_logo_black.png"", ""https://a.espncdn.com/guid/06cd3bcf-7a86-53d4-28e7-aa049dd36261/logos/secondary_logo_white.png""]","[[""full"", ""default""], [""full"", ""dark""], [""full"", ""scoreboard""], [""full"", ""scoreboard"", ""dark""], [""full"", ""grayscale""], [""full"", ""primary_logo_on_white_color""], [""full"", ""primary_logo_on_black_color""], [""full"", ""primary_logo_on_primary_color""], [""full"", ""primary_logo_on_secondary_color""], [""full"", ""primary_logo_black""], [""full"", ""primary_logo_white""], [""full"", ""secondary_logo_on_white_color""], [""full"", ""secondary_logo_on_black_color""], [""full"", ""secondary_logo_on_primary_color""], [""full"", ""secondary_logo_on_secondary_color""], [""full"", ""secondary_logo_black""], [""full"", ""secondary_logo_white""]]","[500, 500, 500, 500, 500, 4096, 4096, 4096, 4096, 4096, 4096, 4096, 4096, 4096, 4096, 4096, 4096]",0a0aea59-9a5e-01b3-57a3-0151cf4bf393,8830,Titans,Titans
football,nfl,10,Tennessee Titans,TEN,Houston Oilers,001532,4495d2,Tennessee,Titans,tennessee-titans,s:20~l:28~t:10,"[500, 500, 500, 500, 500, 4096, 4096, 4096, 4096, 4096, 4096, 4096, 4096, 4096, 4096, 4096, 4096]","[""https://a.espncdn.com/i/teamlogos/nfl/500/ten.png"", ""https://a.espncdn.com/i/teamlogos/nfl/500-dark/ten.png"", ""https://a.espncdn.com/i/teamlogos/nfl/500/scoreboard/ten.png"", ""https://a.espncdn.com/i/teamlogos/nfl/500-dark/scoreboard/ten.png"", ""https://a.espncdn.com/guid/06cd3bcf-7a86-53d4-28e7-aa049dd36261/logos/grayscale.png"", ""https://a.espncdn.com/guid/06cd3bcf-7a86-53d4-28e7-aa049dd36261/logos/primary_logo_on_white_color.png"", ""https://a.espncdn.com/guid/06cd3bcf-7a86-53d4-28e7-aa049dd36261/logos/primary_logo_on_black_color.png"", ""https://a.espncdn.com/guid/06cd3bcf-7a86-53d4-28e7-aa049dd36261/logos/primary_logo_on_primary_color.png"", ""https://a.espncdn.com/guid/06cd3bcf-7a86-53d4-28e7-aa049dd36261/logos/primary_logo_on_secondary_color.png"", ""https://a.espncdn.com/guid/06cd3bcf-7a86-53d4-28e7-aa049dd36261/logos/primary_logo_black.png"", ""https://a.espncdn.com/guid/06cd3bcf-7a86-53d4-28e7-aa049dd36261/logos/primary_logo_white.png"", ""https://a.espncdn.com/guid/06cd3bcf-7a86-53d4-28e7-aa049dd36261/logos/secondary_logo_on_white_color.png"", ""https://a.espncdn.com/guid/06cd3bcf-7a86-53d4-28e7-aa049dd36261/logos/secondary_logo_on_black_color.png"", ""https://a.espncdn.com/guid/06cd3bcf-7a86-53d4-28e7-aa049dd36261/logos/secondary_logo_on_primary_color.png"", ""https://a.espncdn.com/guid/06cd3bcf-7a86-53d4-28e7-aa049dd36261/logos/secondary_logo_on_secondary_color.png"", ""https://a.espncdn.com/guid/06cd3bcf-7a86-53d4-28e7-aa049dd36261/logos/secondary_logo_black.png"", ""https://a.espncdn.com/guid/06cd3bcf-7a86-53d4-28e7-aa049dd36261/logos/secondary_logo_white.png""]","[[""full"", ""default""], [""full"", ""dark""], [""full"", ""scoreboard""], [""full"", ""scoreboard"", ""dark""], [""full"", ""grayscale""], [""full"", ""primary_logo_on_white_color""], [""full"", ""primary_logo_on_black_color""], [""full"", ""primary_logo_on_primary_color""], [""full"", ""primary_logo_on_secondary_color""], [""full"", ""primary_logo_black""], [""full"", ""primary_logo_white""], [""full"", ""secondary_logo_on_white_color""], [""full"", ""secondary_logo_on_black_color""], [""full"", ""secondary_logo_on_primary_color""], [""full"", ""secondary_logo_on_secondary_color""], [""full"", ""secondary_logo_black""], [""full"", ""secondary_logo_white""]]","[500, 500, 500, 500, 500, 4096, 4096, 4096, 4096, 4096, 4096, 4096, 4096, 4096, 4096, 4096, 4096]",0a0aea59-9a5e-01b3-57a3-0151cf4bf393,8830,Titans,Titans
football,nfl,10,Tennessee Titans,TEN,Oilers,001532,4495d2,Tennessee,Titans,tennessee-titans,s:20~l:28~t:10,"[500, 500, 500, 500, 500, 4096, 4096, 4096, 4096, 4096, 4096, 4096, 4096, 4096, 4096, 4096, 4096]","[""https://a.espncdn.com/i/teamlogos/nfl/500/ten.png"", ""https://a.espncdn.com/i/teamlogos/nfl/500-dark/ten.png"", ""https://a.espncdn.com/i/teamlogos/nfl/500/scoreboard/ten.png"", ""https://a.espncdn.com/i/teamlogos/nfl/500-dark/scoreboard/ten.png"", ""https://a.espncdn.com/guid/06cd3bcf-7a86-53d4-28e7-aa049dd36261/logos/grayscale.png"", ""https://a.espncdn.com/guid/06cd3bcf-7a86-53d4-28e7-aa049dd36261/logos/primary_logo_on_white_color.png"", ""https://a.espncdn.com/guid/06cd3bcf-7a86-53d4-28e7-aa049dd36261/logos/primary_logo_on_black_color.png"", ""https://a.espncdn.com/guid/06cd3bcf-7a86-53d4-28e7-aa049dd36261/logos/primary_logo_on_primary_color.png"", ""https://a.espncdn.com/guid/06cd3bcf-7a86-53d4-28e7-aa049dd36261/logos/primary_logo_on_secondary_color.png"", ""https://a.espncdn.com/guid/06cd3bcf-7a86-53d4-28e7-aa049dd36261/logos/primary_logo_black.png"", ""https://a.espncdn.com/guid/06cd3bcf-7a86-53d4-28e7-aa049dd36261/logos/primary_logo_white.png"", ""https://a.espncdn.com/guid/06cd3bcf-7a86-53d4-28e7-aa049dd36261/logos/secondary_logo_on_white_color.png"", ""https://a.espncdn.com/guid/06cd3bcf-7a86-53d4-28e7-aa049dd36261/logos/secondary_logo_on_black_color.png"", ""https://a.espncdn.com/guid/06cd3bcf-7a86-53d4-28e7-aa049dd36261/logos/secondary_logo_on_primary_color.png"", ""https://a.espncdn.com/guid/06cd3bcf-7a86-53d4-28e7-aa049dd36261/logos/secondary_logo_on_secondary_color.png"", ""https://a.espncdn.com/guid/06cd3bcf-7a86-53d4-28e7-aa049dd36261/logos/secondary_logo_black.png"", ""https://a.espncdn.com/guid/06cd3bcf-7a86-53d4-28e7-aa049dd36261/logos/secondary_logo_white.png""]","[[""full"", ""default""], [""full"", ""dark""], [""full"", ""scoreboard""], [""full"", ""scoreboard"", ""dark""], [""full"", ""grayscale""], [""full"", ""primary_logo_on_white_color""], [""full"", ""primary_logo_on_black_color""], [""full"", ""primary_logo_on_primary_color""], [""full"", ""primary_logo_on_secondary_color""], [""full"", ""primary_logo_black""], [""full"", ""primary_logo_white""], [""full"", ""secondary_logo_on_white_color""], [""full"", ""secondary_logo_on_black_color""], [""full"", ""secondary_logo_on_primary_color""], [""full"", ""secondary_logo_on_secondary_color""], [""full"", ""secondary_logo_black""], [""full"", ""secondary_logo_white""]]","[500, 500, 500, 500, 500, 4096, 4096, 4096, 4096, 4096, 4096, 4096, 4096, 4096, 4096, 4096, 4096]",0a0aea59-9a5e-01b3-57a3-0151cf4bf393,8830,Titans,Titans
football,nfl,28,Washington Commanders,WSH,was,ffb612,5a1414,Washington,Commanders,washington-commanders,s:20~l:28~t:28,"[500, 500, 500, 500, 500, 4096, 4096, 4096, 4096, 4096, 4096, 4096, 4096, 4096, 4096, 4096, 4096]","[""https://a.espncdn.com/i/teamlogos/nfl/500/wsh.png"", ""https://a.espncdn.com/i/teamlogos/nfl/500-dark/wsh.png"", ""https://a.espncdn.com/i/teamlogos/nfl/500/scoreboard/wsh.png"", ""https://a.espncdn.com/i/teamlogos/nfl/500-dark/scoreboard/wsh.png"", ""https://a.espncdn.com/guid/13e8b157-a75a-ff24-ae91-fa3d52ddf204/logos/grayscale.png"", ""https://a.espncdn.com/guid/13e8b157-a75a-ff24-ae91-fa3d52ddf204/logos/primary_logo_on_white_color.png"", ""https://a.espncdn.com/guid/13e8b157-a75a-ff24-ae91-fa3d52ddf204/logos/primary_logo_on_black_color.png"", ""https://a.espncdn.com/guid/13e8b157-a75a-ff24-ae91-fa3d52ddf204/logos/primary_logo_on_primary_color.png"", ""https://a.espncdn.com/guid/13e8b157-a75a-ff24-ae91-fa3d52ddf204/logos/primary_logo_on_secondary_color.png"", ""https://a.espncdn.com/guid/13e8b157-a75a-ff24-ae91-fa3d52ddf204/logos/primary_logo_black.png"", ""https://a.espncdn.com/guid/13e8b157-a75a-ff24-ae91-fa3d52ddf204/logos/primary_logo_white.png"", ""https://a.espncdn.com/guid/13e8b157-a75a-ff24-ae91-fa3d52ddf204/logos/secondary_logo_on_white_color.png"", ""https://a.espncdn.com/guid/13e8b157-a75a-ff24-ae91-fa3d52ddf204/logos/secondary_logo_on_black_color.png"", ""https://a.espncdn.com/guid/13e8b157-a75a-ff24-ae91-fa3d52ddf204/logos/secondary_logo_on_primary_color.png"", ""https://a.espncdn.com/guid/13e8b157-a75a-ff24-ae91-fa3d52ddf204/logos/secondary_logo_on_secondary_color.png"", ""https://a.espncdn.com/guid/13e8b157-a75a-ff24-ae91-fa3d52ddf204/logos/secondary_logo_black.png"", ""https://a.espncdn.com/guid/13e8b157-a75a-ff24-ae91-fa3d52ddf204/logos/secondary_logo_white.png""]","[[""full"", ""default""], [""full"", ""dark""], [""full"", ""scoreboard""], [""full"", ""scoreboard"", ""dark""], [""full"", ""grayscale""], [""full"", ""primary_logo_on_white_color""], [""full"", ""primary_logo_on_black_color""], [""full"", ""primary_logo_on_primary_color""], [""full"", ""primary_logo_on_secondary_color""], [""full"", ""primary_logo_black""], [""full"", ""primary_logo_white""], [""full"", ""secondary_logo_on_white_color""], [""full"", ""secondary_logo_on_black_color""], [""full"", ""secondary_logo_on_primary_color""], [""full"", ""secondary_logo_on_secondary_color""], [""full"", ""secondary_logo_black""], [""full"", ""secondary_logo_white""]]","[500, 500, 500, 500, 500, 4096, 4096, 4096, 4096, 4096, 4096, 4096, 4096, 4096, 4096, 4096, 4096]",fbeaf73e-6d6c-cca4-0809-713d9d741f90,8831,Commanders,Commanders
football,nfl,28,Washington Commanders,WSH,Washington,ffb612,5a1414,Washington,Commanders,washington-commanders,s:20~l:28~t:28,"[500, 500, 500, 500, 500, 4096, 4096, 4096, 4096, 4096, 4096, 4096, 4096, 4096, 4096, 4096, 4096]","[""https://a.espncdn.com/i/teamlogos/nfl/500/wsh.png"", ""https://a.espncdn.com/i/teamlogos/nfl/500-dark/wsh.png"", ""https://a.espncdn.com/i/teamlogos/nfl/500/scoreboard/wsh.png"", ""https://a.espncdn.com/i/teamlogos/nfl/500-dark/scoreboard/wsh.png"", ""https://a.espncdn.com/guid/13e8b157-a75a-ff24-ae91-fa3d52ddf204/logos/grayscale.png"", ""https://a.espncdn.com/guid/13e8b157-a75a-ff24-ae91-fa3d52ddf204/logos/primary_logo_on_white_color.png"", ""https://a.espncdn.com/guid/13e8b157-a75a-ff24-ae91-fa3d52ddf204/logos/primary_logo_on_black_color.png"", ""https://a.espncdn.com/guid/13e8b157-a75a-ff24-ae91-fa3d52ddf204/logos/primary_logo_on_primary_color.png"", ""https://a.espncdn.com/guid/13e8b157-a75a-ff24-ae91-fa3d52ddf204/logos/primary_logo_on_secondary_color.png"", ""https://a.espncdn.com/guid/13e8b157-a75a-ff24-ae91-fa3d52ddf204/logos/primary_logo_black.png"", ""https://a.espncdn.com/guid/13e8b157-a75a-ff24-ae91-fa3d52ddf204/logos/primary_logo_white.png"", ""https://a.espncdn.com/guid/13e8b157-a75a-ff24-ae91-fa3d52ddf204/logos/secondary_logo_on_white_color.png"", ""https://a.espncdn.com/guid/13e8b157-a75a-ff24-ae91-fa3d52ddf204/logos/secondary_logo_on_black_color.png"", ""https://a.espncdn.com/guid/13e8b157-a75a-ff24-ae91-fa3d52ddf204/logos/secondary_logo_on_primary_color.png"", ""https://a.espncdn.com/guid/13e8b157-a75a-ff24-ae91-fa3d52ddf204/logos/secondary_logo_on_secondary_color.png"", ""https://a.espncdn.com/guid/13e8b157-a75a-ff24-ae91-fa3d52ddf204/logos/secondary_logo_black.png"", ""https://a.espncdn.com/guid/13e8b157-a75a-ff24-ae91-fa3d52ddf204/logos/secondary_logo_white.png""]","[[""full"", ""default""], [""full"", ""dark""], [""full"", ""scoreboard""], [""full"", ""scoreboard"", ""dark""], [""full"", ""grayscale""], [""full"", ""primary_logo_on_white_color""], [""full"", ""primary_logo_on_black_color""], [""full"", ""primary_logo_on_primary_color""], [""full"", ""primary_logo_on_secondary_color""], [""full"", ""primary_logo_black""], [""full"", ""primary_logo_white""], [""full"", ""secondary_logo_on_white_color""], [""full"", ""secondary_logo_on_black_color""], [""full"", ""secondary_logo_on_primary_color""], [""full"", ""secondary_logo_on_secondary_color""], [""full"", ""secondary_logo_black""], [""full"", ""secondary_logo_white""]]","[500, 500, 500, 500, 500, 4096, 4096, 4096, 4096, 4096, 4096, 4096, 4096, 4096, 4096, 4096, 4096]",fbeaf73e-6d6c-cca4-0809-713d9d741f90,8831,Commanders,Commanders
football,nfl,28,Washington Commanders,WSH,Washington Football Team,ffb612,5a1414,Washington,Commanders,washington-commanders,s:20~l:28~t:28,"[500, 500, 500, 500, 500, 4096, 4096, 4096, 4096, 4096, 4096, 4096, 4096, 4096, 4096, 4096, 4096]","[""https://a.espncdn.com/i/teamlogos/nfl/500/wsh.png"", ""https://a.espncdn.com/i/teamlogos/nfl/500-dark/wsh.png"", ""https://a.espncdn.com/i/teamlogos/nfl/500/scoreboard/wsh.png"", ""https://a.espncdn.com/i/teamlogos/nfl/500-dark/scoreboard/wsh.png"", ""https://a.espncdn.com/guid/13e8b157-a75a-ff24-ae91-fa3d52ddf204/logos/grayscale.png"", ""https://a.espncdn.com/guid/13e8b157-a75a-ff24-ae91-fa3d52ddf204/logos/primary_logo_on_white_color.png"", ""https://a.espncdn.com/guid/13e8b157-a75a-ff24-ae91-fa3d52ddf204/logos/primary_logo_on_black_color.png"", ""https://a.espncdn.com/guid/13e8b157-a75a-ff24-ae91-fa3d52ddf204/logos/primary_logo_on_primary_color.png"", ""https://a.espncdn.com/guid/13e8b157-a75a-ff24-ae91-fa3d52ddf204/logos/primary_logo_on_secondary_color.png"", ""https://a.espncdn.com/guid/13e8b157-a75a-ff24-ae91-fa3d52ddf204/logos/primary_logo_black.png"", ""https://a.espncdn.com/guid/13e8b157-a75a-ff24-ae91-fa3d52ddf204/logos/primary_logo_white.png"", ""https://a.espncdn.com/guid/13e8b157-a75a-ff24-ae91-fa3d52ddf204/logos/secondary_logo_on_white_color.png"", ""https://a.espncdn.com/guid/13e8b157-a75a-ff24-ae91-fa3d52ddf204/logos/secondary_logo_on_black_color.png"", ""https://a.espncdn.com/guid/13e8b157-a75a-ff24-ae91-fa3d52ddf204/logos/secondary_logo_on_primary_color.png"", ""https://a.espncdn.com/guid/13e8b157-a75a-ff24-ae91-fa3d52ddf204/logos/secondary_logo_on_secondary_color.png"", ""https://a.espncdn.com/guid/13e8b157-a75a-ff24-ae91-fa3d52ddf204/logos/secondary_logo_black.png"", ""https://a.espncdn.com/guid/13e8b157-a75a-ff24-ae91-fa3d52ddf204/logos/secondary_logo_white.png""]","[[""full"", ""default""], [""full"", ""dark""], [""full"", ""scoreboard""], [""full"", ""scoreboard"", ""dark""], [""full"", ""grayscale""], [""full"", ""primary_logo_on_white_color""], [""full"", ""primary_logo_on_black_color""], [""full"", ""primary_logo_on_primary_color""], [""full"", ""primary_logo_on_secondary_color""], [""full"", ""primary_logo_black""], [""full"", ""primary_logo_white""], [""full"", ""secondary_logo_on_white_color""], [""full"", ""secondary_logo_on_black_color""], [""full"", ""secondary_logo_on_primary_color""], [""full"", ""secondary_logo_on_secondary_color""], [""full"", ""secondary_logo_black""], [""full"", ""secondary_logo_white""]]","[500, 500, 500, 500, 500, 4096, 4096, 4096, 4096, 4096, 4096, 4096, 4096, 4096, 4096, 4096, 4096]",fbeaf73e-6d6c-cca4-0809-713d9d741f90,8831,Commanders,Commanders
football,nfl,28,Washington Commanders,WSH,Football Team,ffb612,5a1414,Washington,Commanders,washington-commanders,s:20~l:28~t:28,"[500, 500, 500, 500, 500, 4096, 4096, 4096, 4096, 4096, 4096, 4096, 4096, 4096, 4096, 4096, 4096]","[""https://a.espncdn.com/i/teamlogos/nfl/500/wsh.png"", ""https://a.espncdn.com/i/teamlogos/nfl/500-dark/wsh.png"", ""https://a.espncdn.com/i/teamlogos/nfl/500/scoreboard/wsh.png"", ""https://a.espncdn.com/i/teamlogos/nfl/500-dark/scoreboard/wsh.png"", ""https://a.espncdn.com/guid/13e8b157-a75a-ff24-ae91-fa3d52ddf204/logos/grayscale.png"", ""https://a.espncdn.com/guid/13e8b157-a75a-ff24-ae91-fa3d52ddf204/logos/primary_logo_on_white_color.png"", ""https://a.espncdn.com/guid/13e8b157-a75a-ff24-ae91-fa3d52ddf204/logos/primary_logo_on_black_color.png"", ""https://a.espncdn.com/guid/13e8b157-a75a-ff24-ae91-fa3d52ddf204/logos/primary_logo_on_primary_color.png"", ""https://a.espncdn.com/guid/13e8b157-a75a-ff24-ae91-fa3d52ddf204/logos/primary_logo_on_secondary_color.png"", ""https://a.espncdn.com/guid/13e8b157-a75a-ff24-ae91-fa3d52ddf204/logos/primary_logo_black.png"", ""https://a.espncdn.com/guid/13e8b157-a75a-ff24-ae91-fa3d52ddf204/logos/primary_logo_white.png"", ""https://a.espncdn.com/guid/13e8b157-a75a-ff24-ae91-fa3d52ddf204/logos/secondary_logo_on_white_color.png"", ""https://a.espncdn.com/guid/13e8b157-a75a-ff24-ae91-fa3d52ddf204/logos/secondary_logo_on_black_color.png"", ""https://a.espncdn.com/guid/13e8b157-a75a-ff24-ae91-fa3d52ddf204/logos/secondary_logo_on_primary_color.png"", ""https://a.espncdn.com/guid/13e8b157-a75a-ff24-ae91-fa3d52ddf204/logos/secondary_logo_on_secondary_color.png"", ""https://a.espncdn.com/guid/13e8b157-a75a-ff24-ae91-fa3d52ddf204/logos/secondary_logo_black.png"", ""https://a.espncdn.com/guid/13e8b157-a75a-ff24-ae91-fa3d52ddf204/logos/secondary_logo_white.png""]","[[""full"", ""default""], [""full"", ""dark""], [""full"", ""scoreboard""], [""full"", ""scoreboard"", ""dark""], [""full"", ""grayscale""], [""full"", ""primary_logo_on_white_color""], [""full"", ""primary_logo_on_black_color""], [""full"", ""primary_logo_on_primary_color""], [""full"", ""primary_logo_on_secondary_color""], [""full"", ""primary_logo_black""], [""full"", ""primary_logo_white""], [""full"", ""secondary_logo_on_white_color""], [""full"", ""secondary_logo_on_black_color""], [""full"", ""secondary_logo_on_primary_color""], [""full"", ""secondary_logo_on_secondary_color""], [""full"", ""secondary_logo_black""], [""full"", ""secondary_logo_white""]]","[500, 500, 500, 500, 500, 4096, 4096, 4096, 4096, 4096, 4096, 4096, 4096, 4096, 4096, 4096, 4096]",fbeaf73e-6d6c-cca4-0809-713d9d741f90,8831,Commanders,Commanders
football,nfl,28,Washington Commanders,WSH,Washington Redskins,ffb612,5a1414,Washington,Commanders,washington-commanders,s:20~l:28~t:28,"[500, 500, 500, 500, 500, 4096, 4096, 4096, 4096, 4096, 4096, 4096, 4096, 4096, 4096, 4096, 4096]","[""https://a.espncdn.com/i/teamlogos/nfl/500/wsh.png"", ""https://a.espncdn.com/i/teamlogos/nfl/500-dark/wsh.png"", ""https://a.espncdn.com/i/teamlogos/nfl/500/scoreboard/wsh.png"", ""https://a.espncdn.com/i/teamlogos/nfl/500-dark/scoreboard/wsh.png"", ""https://a.espncdn.com/guid/13e8b157-a75a-ff24-ae91-fa3d52ddf204/logos/grayscale.png"", ""https://a.espncdn.com/guid/13e8b157-a75a-ff24-ae91-fa3d52ddf204/logos/primary_logo_on_white_color.png"", ""https://a.espncdn.com/guid/13e8b157-a75a-ff24-ae91-fa3d52ddf204/logos/primary_logo_on_black_color.png"", ""https://a.espncdn.com/guid/13e8b157-a75a-ff24-ae91-fa3d52ddf204/logos/primary_logo_on_primary_color.png"", ""https://a.espncdn.com/guid/13e8b157-a75a-ff24-ae91-fa3d52ddf204/logos/primary_logo_on_secondary_color.png"", ""https://a.espncdn.com/guid/13e8b157-a75a-ff24-ae91-fa3d52ddf204/logos/primary_logo_black.png"", ""https://a.espncdn.com/guid/13e8b157-a75a-ff24-ae91-fa3d52ddf204/logos/primary_logo_white.png"", ""https://a.espncdn.com/guid/13e8b157-a75a-ff24-ae91-fa3d52ddf204/logos/secondary_logo_on_white_color.png"", ""https://a.espncdn.com/guid/13e8b157-a75a-ff24-ae91-fa3d52ddf204/logos/secondary_logo_on_black_color.png"", ""https://a.espncdn.com/guid/13e8b157-a75a-ff24-ae91-fa3d52ddf204/logos/secondary_logo_on_primary_color.png"", ""https://a.espncdn.com/guid/13e8b157-a75a-ff24-ae91-fa3d52ddf204/logos/secondary_logo_on_secondary_color.png"", ""https://a.espncdn.com/guid/13e8b157-a75a-ff24-ae91-fa3d52ddf204/logos/secondary_logo_black.png"", ""https://a.espncdn.com/guid/13e8b157-a75a-ff24-ae91-fa3d52ddf204/logos/secondary_logo_white.png""]","[[""full"", ""default""], [""full"", ""dark""], [""full"", ""scoreboard""], [""full"", ""scoreboard"", ""dark""], [""full"", ""grayscale""], [""full"", ""primary_logo_on_white_color""], [""full"", ""primary_logo_on_black_color""], [""full"", ""primary_logo_on_primary_color""], [""full"", ""primary_logo_on_secondary_color""], [""full"", ""primary_logo_black""], [""full"", ""primary_logo_white""], [""full"", ""secondary_logo_on_white_color""], [""full"", ""secondary_logo_on_black_color""], [""full"", ""secondary_logo_on_primary_color""], [""full"", ""secondary_logo_on_secondary_color""], [""full"", ""secondary_logo_black""], [""full"", ""secondary_logo_white""]]","[500, 500, 500, 500, 500, 4096, 4096, 4096, 4096, 4096, 4096, 4096, 4096, 4096, 4096, 4096, 4096]",fbeaf73e-6d6c-cca4-0809-713d9d741f90,8831,Commanders,Commanders
football,nfl,28,Washington Commanders,WSH,Redskins,ffb612,5a1414,Washington,Commanders,washington-commanders,s:20~l:28~t:28,"[500, 500, 500, 500, 500, 4096, 4096, 4096, 4096, 4096, 4096, 4096, 4096, 4096, 4096, 4096, 4096]","[""https://a.espncdn.com/i/teamlogos/nfl/500/wsh.png"", ""https://a.espncdn.com/i/teamlogos/nfl/500-dark/wsh.png"", ""https://a.espncdn.com/i/teamlogos/nfl/500/scoreboard/wsh.png"", ""https://a.espncdn.com/i/teamlogos/nfl/500-dark/scoreboard/wsh.png"", ""https://a.espncdn.com/guid/13e8b157-a75a-ff24-ae91-fa3d52ddf204/logos/grayscale.png"", ""https://a.espncdn.com/guid/13e8b157-a75a-ff24-ae91-fa3d52ddf204/logos/primary_logo_on_white_color.png"", ""https://a.espncdn.com/guid/13e8b157-a75a-ff24-ae91-fa3d52ddf204/logos/primary_logo_on_black_color.png"", ""https://a.espncdn.com/guid/13e8b157-a75a-ff24-ae91-fa3d52ddf204/logos/primary_logo_on_primary_color.png"", ""https://a.espncdn.com/guid/13e8b157-a75a-ff24-ae91-fa3d52ddf204/logos/primary_logo_on_secondary_color.png"", ""https://a.espncdn.com/guid/13e8b157-a75a-ff24-ae91-fa3d52ddf204/logos/primary_logo_black.png"", ""https://a.espncdn.com/guid/13e8b157-a75a-ff24-ae91-fa3d52ddf204/logos/primary_logo_white.png"", ""https://a.espncdn.com/guid/13e8b157-a75a-ff24-ae91-fa3d52ddf204/logos/secondary_logo_on_white_color.png"", ""https://a.espncdn.com/guid/13e8b157-a75a-ff24-ae91-fa3d52ddf204/logos/secondary_logo_on_black_color.png"", ""https://a.espncdn.com/guid/13e8b157-a75a-ff24-ae91-fa3d52ddf204/logos/secondary_logo_on_primary_color.png"", ""https://a.espncdn.com/guid/13e8b157-a75a-ff24-ae91-fa3d52ddf204/logos/secondary_logo_on_secondary_color.png"", ""https://a.espncdn.com/guid/13e8b157-a75a-ff24-ae91-fa3d52ddf204/logos/secondary_logo_black.png"", ""https://a.espncdn.com/guid/13e8b157-a75a-ff24-ae91-fa3d52ddf204/logos/secondary_logo_white.png""]","[[""full"", ""default""], [""full"", ""dark""], [""full"", ""scoreboard""], [""full"", ""scoreboard"", ""dark""], [""full"", ""grayscale""], [""full"", ""primary_logo_on_white_color""], [""full"", ""primary_logo_on_black_color""], [""full"", ""primary_logo_on_primary_color""], [""full"", ""primary_logo_on_secondary_color""], [""full"", ""primary_logo_black""], [""full"", ""primary_logo_white""], [""full"", ""secondary_logo_on_white_color""], [""full"", ""secondary_logo_on_black_color""], [""full"", ""secondary_logo_on_primary_color""], [""full"", ""secondary_logo_on_secondary_color""], [""full"", ""secondary_logo_black""], [""full"", ""secondary_logo_white""]]","[500, 500, 500, 500, 500, 4096, 4096, 4096, 4096, 4096, 4096, 4096, 4096, 4096, 4096, 4096, 4096]",fbeaf73e-6d6c-cca4-0809-713d9d741f90,8831,Commanders,Commanders
