date,game_id,market,side,prob_used_for_selection,prob_used_for_ev,prob_used_for_kelly,ev,kelly,odds,line,selection_reason
2026_03_26,7dc467f8d7fca948c9e9ca103825d968,run_line,home,0.8117251482743014,0.8117251482743014,0.8117251482743014,0.1681032136028503,0.4125824626158205,-212.0,1.5,"ev_band=[0.075,99.99];kelly_band=[-10.0,99.99];odds_band=[-1000,-150];line_band=[-2.5,2.5];prob_band=[0.65,1.0]"
2026_03_26,ded68cb95818777b5dd185d53a79acff,run_line,home,0.7098588477654396,0.7098588477654396,0.7098588477654396,0.2052632818031144,0.2572386502795253,-156.0,1.5,"ev_band=[0.075,99.99];kelly_band=[-10.0,99.99];odds_band=[-1000,-150];line_band=[-2.5,2.5];prob_band=[0.65,1.0]"
2026_03_27,3a7909f4e2e9f0bedff35e657a6b5cbe,run_line,away,0.6605862415751855,0.6605862415751855,0.6605862415751855,0.0630222494225266,0.1311007784324749,-156.0,1.5,"ev_band=[0.03,0.075];kelly_band=[-10.0,99.99];odds_band=[-199,-150];line_band=[-2.5,2.5];prob_band=[0.5,0.7]"
2026_03_27,487285d7a2811bab184f43dff7b4f563,run_line,home,0.7108198258606546,0.7108198258606546,0.7108198258606546,0.1059833863750304,0.2394561420135216,-163.0,1.5,"ev_band=[0.075,99.99];kelly_band=[-10.0,99.99];odds_band=[-1000,-150];line_band=[-2.5,2.5];prob_band=[0.65,1.0]"
2026_03_28,7055a07016cd9cb5636dd11078ce1667,run_line,home,0.6822483282608574,0.6822483282608574,0.6822483282608574,0.0228145417351947,0.0944077355434435,-185.0,1.5,"ev_band=[0.02,0.0299];kelly_band=[-10.0,99.99];odds_band=[-1000,-150];line_band=[-2.5,2.5];prob_band=[0.65,1.0]"
2026_03_28,83fb92be857af525695a1086c6d0eaaf,run_line,home,0.7705934285520774,0.7705934285520774,0.7705934285520774,0.1228423188564251,0.3209565485141489,-196.0,1.5,"ev_band=[0.075,99.99];kelly_band=[-10.0,99.99];odds_band=[-1000,-150];line_band=[-2.5,2.5];prob_band=[0.65,1.0]"
2026_03_28,83fb92be857af525695a1086c6d0eaaf,total,over,0.622078555753383,0.622078555753383,0.622078555753383,0.2707142760037032,0.2586925516700974,104.0,7.5,"ev_band=[0.1,0.99];kelly_band=[0.15,0.99];odds_band=[-100,125];line_band=[0.0,20.0];prob_band=[0.0,1.0]"
2026_03_28,e4be161112d6550a383416acab9cc6cb,run_line,home,0.6551131615000442,0.6551131615000442,0.6551131615000442,0.0866574957949442,0.117089693440113,-156.0,1.5,"ev_band=[0.075,99.99];kelly_band=[-10.0,99.99];odds_band=[-1000,-150];line_band=[-2.5,2.5];prob_band=[0.65,1.0]"
2026_03_29,7082df2b4cf69fb66b014bcf17e6e2d4,run_line,home,0.7305540940575889,0.7305540940575889,0.7305540940575889,0.1597250738315789,0.2428570043018246,-181.0,1.5,"ev_band=[0.075,99.99];kelly_band=[-10.0,99.99];odds_band=[-1000,-150];line_band=[-2.5,2.5];prob_band=[0.65,1.0]"
2026_03_29,8fe8daacad929f4573b3727c48c408a3,total,over,0.6649197959193663,0.6649197959193663,0.6649197959193663,0.3330646973998134,0.3298395918387327,100.0,9.0,"ev_band=[0.1,0.99];kelly_band=[0.15,0.99];odds_band=[-100,125];line_band=[0.0,20.0];prob_band=[0.0,1.0]"
2026_03_29,b14a5b9c91da30ed32754a658ccd291a,moneyline,home,0.5103280680437425,0.5103280680437425,0.5103280680437425,0.0608622153638454,0.0731209859399412,112.0,,"ev_band=[0.05,0.0749];kelly_band=[-10.0,99.99];odds_band=[-100,125];prob_band=[0.4,1.0]"
2026_03_30,27331c71f78dcb268af96a5483952ca2,moneyline,away,0.5639614578293822,0.5639614578293822,0.5639614578293822,0.0952504630697189,0.0974002177068213,-107.0,,"ev_band=[0.075,0.099];kelly_band=[-10.0,99.99];odds_band=[-1000,125];prob_band=[0.4,1.0]"
2026_03_30,302b4128aeb5c50b679d20539e8816c4,run_line,away,0.6462411164806053,0.6462411164806053,0.6462411164806053,0.0084636740205345,0.0059375373105009,-181.0,1.5,"ev_band=[-10.0,0.0099];kelly_band=[-10.0,99.99];odds_band=[-199,-150];line_band=[-2.5,2.5];prob_band=[0.5,0.7]"
2026_03_30,302b4128aeb5c50b679d20539e8816c4,moneyline,away,0.4888703082460665,0.4888703082460665,0.4888703082460665,0.0758092417255522,0.059349558873013,119.0,,"ev_band=[0.075,0.099];kelly_band=[-10.0,99.99];odds_band=[-1000,125];prob_band=[0.4,1.0]"
2026_03_30,640970e11703be5ad9c5087e476eecc7,run_line,home,0.7292035299980526,0.7292035299980526,0.7292035299980526,0.1263111703043455,0.2201061663943914,-188.0,1.5,"ev_band=[0.075,99.99];kelly_band=[-10.0,99.99];odds_band=[-1000,-150];line_band=[-2.5,2.5];prob_band=[0.65,1.0]"
2026_03_30,a263feaf763c1299324e6d7fc4f5f5c5,run_line,away,0.6416409366410516,0.6416409366410516,0.6416409366410516,-0.0111731182834015,0.0252633476636605,-172.0,1.5,"ev_band=[-10.0,0.0099];kelly_band=[-10.0,99.99];odds_band=[-199,-150];line_band=[-2.5,2.5];prob_band=[0.5,0.7]"
2026_03_30,b9044eb7a2798e7b9c463104de35f476,run_line,home,0.743752403197207,0.743752403197207,0.743752403197207,0.1310363070275292,0.26969434911204,-185.0,1.5,"ev_band=[0.075,99.99];kelly_band=[-10.0,99.99];odds_band=[-1000,-150];line_band=[-2.5,2.5];prob_band=[0.65,1.0]"
2026_03_31,445445096cf76e57c1a9dee969e15995,run_line,home,0.7751813087854792,0.7751813087854792,0.7751813087854792,0.1832358230471466,0.4019822813693746,-166.0,1.5,"ev_band=[0.075,99.99];kelly_band=[-10.0,99.99];odds_band=[-1000,-150];line_band=[-2.5,2.5];prob_band=[0.65,1.0]"
2026_03_31,8d928227a51e9c7b63c36bcf0a8083f0,run_line,home,0.7289387597186593,0.7289387597186593,0.7289387597186593,0.0999985331401568,0.227475465198179,-185.0,1.5,"ev_band=[0.075,99.99];kelly_band=[-10.0,99.99];odds_band=[-1000,-150];line_band=[-2.5,2.5];prob_band=[0.65,1.0]"
2026_03_31,a7ee9fc9ac1db47a494d6c4c39dfc4de,run_line,home,0.7078227755726668,0.7078227755726668,0.7078227755726668,0.1378253882621011,0.2315738997561137,-163.0,1.5,"ev_band=[0.075,99.99];kelly_band=[-10.0,99.99];odds_band=[-1000,-150];line_band=[-2.5,2.5];prob_band=[0.65,1.0]"
2026_04_01,25b209388bb30aa144af568ffd0b3921,run_line,home,0.7550032375486749,0.7550032375486749,0.7550032375486749,0.1325841571052768,0.2846094536421311,-192.0,1.5,"ev_band=[0.075,99.99];kelly_band=[-10.0,99.99];odds_band=[-1000,-150];line_band=[-2.5,2.5];prob_band=[0.65,1.0]"
2026_04_01,25b209388bb30aa144af568ffd0b3921,total,over,0.5853442974869505,0.5853442974869505,0.5853442974869505,0.1782611955157363,0.1788190989447451,102.0,7.5,"ev_band=[0.1,0.99];kelly_band=[0.15,0.99];odds_band=[-100,125];line_band=[0.0,20.0];prob_band=[0.0,1.0]"
2026_04_01,4dabf3c25d679f972f575c9dfd6f7c94,run_line,home,0.7642187664630804,0.7642187664630804,0.7642187664630804,0.2187484933308724,0.3516016077734711,-175.0,1.5,"ev_band=[0.075,99.99];kelly_band=[-10.0,99.99];odds_band=[-1000,-150];line_band=[-2.5,2.5];prob_band=[0.65,1.0]"
2026_04_01,cc33d68ceec04cd9b09a8c631d7574a0,run_line,home,0.7630686708957458,0.7630686708957458,0.7630686708957458,0.2191367375666191,0.3768706044558115,-163.0,1.5,"ev_band=[0.075,99.99];kelly_band=[-10.0,99.99];odds_band=[-1000,-150];line_band=[-2.5,2.5];prob_band=[0.65,1.0]"
2026_04_03,292a9ce022187e0a27729ba402751e8c,run_line,home,0.7067665051381059,0.7067665051381059,0.7067665051381059,0.0840740376753141,0.1437581950032696,-192.0,1.5,"ev_band=[0.075,99.99];kelly_band=[-10.0,99.99];odds_band=[-1000,-150];line_band=[-2.5,2.5];prob_band=[0.65,1.0]"
2026_04_03,c423735bd4d51edf6fe4efc260f2eb08,run_line,home,0.7360543980527616,0.7360543980527616,0.7360543980527616,0.2280619181720532,0.3242992590150697,-156.0,1.5,"ev_band=[0.075,99.99];kelly_band=[-10.0,99.99];odds_band=[-1000,-150];line_band=[-2.5,2.5];prob_band=[0.65,1.0]"
2026_04_04,312f9e53b1d64ed1a38adc48dd3b1ce7,run_line,home,0.7145711146729562,0.7145711146729562,0.7145711146729562,0.0889479045862659,0.1865276768179251,-185.0,1.5,"ev_band=[0.075,99.99];kelly_band=[-10.0,99.99];odds_band=[-1000,-150];line_band=[-2.5,2.5];prob_band=[0.65,1.0]"
2026_04_04,b3e6bdc5fabee63ec7b5666bb48e3a9a,run_line,home,0.7966861765572633,0.7966861765572633,0.7966861765572633,0.1638554194068713,0.4144561884849181,-188.0,1.5,"ev_band=[0.075,99.99];kelly_band=[-10.0,99.99];odds_band=[-1000,-150];line_band=[-2.5,2.5];prob_band=[0.65,1.0]"
2026_04_04,da18e0cacf2048f6b3e14df98e9a184c,run_line,home,0.7433135561772805,0.7433135561772805,0.7433135561772805,0.1279673625367355,0.278711092858158,-181.0,1.5,"ev_band=[0.075,99.99];kelly_band=[-10.0,99.99];odds_band=[-1000,-150];line_band=[-2.5,2.5];prob_band=[0.65,1.0]"
2026_04_04,fea2e77645688e161aa980c0b830c080,run_line,home,0.7144340464417878,0.7144340464417878,0.7144340464417878,0.1149249003162123,0.2232606063216628,-172.0,1.5,"ev_band=[0.075,99.99];kelly_band=[-10.0,99.99];odds_band=[-1000,-150];line_band=[-2.5,2.5];prob_band=[0.65,1.0]"
2026_04_05,b58a8d0376af31bc90316319ce719acf,run_line,home,0.6940758563519038,0.6940758563519038,0.6940758563519038,0.1216715626745292,0.1770640535866212,-169.0,1.5,"ev_band=[0.075,99.99];kelly_band=[-10.0,99.99];odds_band=[-1000,-150];line_band=[-2.5,2.5];prob_band=[0.65,1.0]"
2026_04_05,b58a8d0376af31bc90316319ce719acf,moneyline,home,0.5132686084142395,0.5132686084142395,0.5132686084142395,0.0537025223300971,0.0360809696046704,102.0,,"ev_band=[0.05,0.0749];kelly_band=[-10.0,99.99];odds_band=[-100,125];prob_band=[0.4,1.0]"
2026_04_05,f546541ad061224570d6c2508ff82661,moneyline,away,0.559768492954578,0.559768492954578,0.559768492954578,0.0968869859091559,0.1195369859091559,100.0,,"ev_band=[0.075,0.099];kelly_band=[-10.0,99.99];odds_band=[-1000,125];prob_band=[0.4,1.0]"
2026_04_06,6852a6697b356bb6e8a0216138056714,run_line,home,0.7367616454678614,0.7367616454678614,0.7367616454678614,0.1131115282334139,0.2839916756725831,-172.0,1.5,"ev_band=[0.075,99.99];kelly_band=[-10.0,99.99];odds_band=[-1000,-150];line_band=[-2.5,2.5];prob_band=[0.65,1.0]"
2026_04_06,990a59a7449ed13a05090cf52c0e8d90,run_line,home,0.7757680874881446,0.7757680874881446,0.7757680874881446,0.1878905786634225,0.3900891979677535,-172.0,1.5,"ev_band=[0.075,99.99];kelly_band=[-10.0,99.99];odds_band=[-1000,-150];line_band=[-2.5,2.5];prob_band=[0.65,1.0]"
2026_04_06,e7bc40f9611b8baa6328e83959820910,run_line,home,0.7466676134363525,0.7466676134363525,0.7466676134363525,0.1253872107678247,0.2501361357716032,-196.0,1.5,"ev_band=[0.075,99.99];kelly_band=[-10.0,99.99];odds_band=[-1000,-150];line_band=[-2.5,2.5];prob_band=[0.65,1.0]"
2026_04_07,27c6eeeda2f37653edfab1288fc8d1db,run_line,home,0.6944389566602448,0.6944389566602448,0.6944389566602448,0.098467010110227,0.1291510264816977,-185.0,1.5,"ev_band=[0.075,99.99];kelly_band=[-10.0,99.99];odds_band=[-1000,-150];line_band=[-2.5,2.5];prob_band=[0.65,1.0]"
2026_04_07,34c5b69d9dd0d7d28dcc752eae1cf3ee,run_line,home,0.7448281383165717,0.7448281383165717,0.7448281383165717,0.1884808323493122,0.3212428479220806,-166.0,1.5,"ev_band=[0.075,99.99];kelly_band=[-10.0,99.99];odds_band=[-1000,-150];line_band=[-2.5,2.5];prob_band=[0.65,1.0]"
2026_04_07,cdbfd5e28cb2a7740714cfb069042ee5,run_line,home,0.7307719125088108,0.7307719125088108,0.7307719125088108,0.1030578243187718,0.1923157375264323,-200.0,1.5,"ev_band=[0.075,99.99];kelly_band=[-10.0,99.99];odds_band=[-1000,-150];line_band=[-2.5,2.5];prob_band=[0.65,1.0]"
2026_04_08,160de2c0d9ab7767e9268364d732e3a3,run_line,home,0.7044311331458518,0.7044311331458518,0.7044311331458518,0.1560982818950262,0.2137868141679658,-166.0,1.5,"ev_band=[0.075,99.99];kelly_band=[-10.0,99.99];odds_band=[-1000,-150];line_band=[-2.5,2.5];prob_band=[0.65,1.0]"
2026_04_08,2f7d7c64bfe4e6ab5864b9f70ae4ba1a,run_line,home,0.7043653159511029,0.7043653159511029,0.7043653159511029,0.1281230686558249,0.1692665378225989,-181.0,1.5,"ev_band=[0.075,99.99];kelly_band=[-10.0,99.99];odds_band=[-1000,-150];line_band=[-2.5,2.5];prob_band=[0.65,1.0]"
2026_04_08,4ef0a953d5a2ee85f161aca8c6c49b3c,moneyline,away,0.5312992364561872,0.5312992364561872,0.5312992364561872,0.0986488257315612,0.1128164118634971,112.0,,"ev_band=[0.075,0.099];kelly_band=[-10.0,99.99];odds_band=[-1000,125];prob_band=[0.4,1.0]"
2026_04_08,a6d31fb32b9a25db695c58e6621fcd41,run_line,away,0.6405737437735052,0.6405737437735052,0.6405737437735052,-0.0019897391495711,0.0115777953771392,-175.0,1.5,"ev_band=[-10.0,0.0099];kelly_band=[-10.0,99.99];odds_band=[-199,-150];line_band=[-2.5,2.5];prob_band=[0.5,0.7]"
2026_04_08,ed3937bc90189b707190e2ab6060520c,run_line,away,0.6767177180488622,0.6767177180488622,0.6767177180488622,0.0331944347119107,0.0786454964392571,-185.0,1.5,"ev_band=[0.03,0.075];kelly_band=[-10.0,99.99];odds_band=[-199,-150];line_band=[-2.5,2.5];prob_band=[0.5,0.7]"
2026_04_08,ed3937bc90189b707190e2ab6060520c,moneyline,away,0.5059333591157972,0.5059333591157972,0.5059333591157972,0.0986774120191513,0.0907513079526015,119.0,,"ev_band=[0.075,0.099];kelly_band=[-10.0,99.99];odds_band=[-1000,125];prob_band=[0.4,1.0]"
2026_04_10,eff6484dd3596abf15d8ee0f27b5e9ba,run_line,home,0.7493013613412154,0.7493013613412154,0.7493013613412154,0.1522548708016728,0.2779879206627003,-188.0,1.5,"ev_band=[0.075,99.99];kelly_band=[-10.0,99.99];odds_band=[-1000,-150];line_band=[-2.5,2.5];prob_band=[0.65,1.0]"
2026_04_11,5242327588eadc6af4c8050a32d92f63,run_line,home,0.7437404469444725,0.7437404469444725,0.7437404469444725,0.1164581787707284,0.2619724872000808,-188.0,1.5,"ev_band=[0.075,99.99];kelly_band=[-10.0,99.99];odds_band=[-1000,-150];line_band=[-2.5,2.5];prob_band=[0.65,1.0]"
2026_04_12,48ddab368fb44b8c7e5c7ef18e0ba99a,total,under,0.7683359465569188,0.7683359465569188,0.7683359465569188,0.4493918845981712,0.5042389256318064,-114.0,12.5,"ev_band=[-10.0,99.99];kelly_band=[-10.0,99.99];odds_band=[-1000,1000];line_band=[0.0,20.0];prob_band=[0.7,0.8]"
2026_04_12,752e9b625117fe75f792a9f4c0464b06,run_line,home,0.7598770397818497,0.7598770397818497,0.7598770397818497,0.1495446656705404,0.3084458745717272,-188.0,1.5,"ev_band=[0.075,99.99];kelly_band=[-10.0,99.99];odds_band=[-1000,-150];line_band=[-2.5,2.5];prob_band=[0.65,1.0]"
2026_04_12,f032258401e01dc5335139248b940efc,run_line,home,0.8038403261546916,0.8038403261546916,0.8038403261546916,0.2386260343930026,0.4350601393255117,-188.0,1.5,"ev_band=[0.075,99.99];kelly_band=[-10.0,99.99];odds_band=[-1000,-150];line_band=[-2.5,2.5];prob_band=[0.65,1.0]"
2026_04_13,f0a7004057c75d3a27566a9cadac71de,run_line,away,0.6839144953070311,0.6839144953070311,0.6839144953070311,0.0021643616127767,0.0770303262965312,-192.0,1.5,"ev_band=[-10.0,0.0099];kelly_band=[-10.0,99.99];odds_band=[-199,-150];line_band=[-2.5,2.5];prob_band=[0.5,0.7]"
2026_04_14,441105a5d9e63b9467a1b49e493aff1f,run_line,home,0.7857214047025819,0.7857214047025819,0.7857214047025819,0.1991931514983173,0.3571642141077457,-200.0,1.5,"ev_band=[0.075,99.99];kelly_band=[-10.0,99.99];odds_band=[-1000,-150];line_band=[-2.5,2.5];prob_band=[0.65,1.0]"
2026_04_14,4f93a0b7adae6d305b4095cc30172ed9,run_line,home,0.7074497229249646,0.7074497229249646,0.7074497229249646,0.1112846245149222,0.2305927712926568,-163.0,1.5,"ev_band=[0.075,99.99];kelly_band=[-10.0,99.99];odds_band=[-1000,-150];line_band=[-2.5,2.5];prob_band=[0.65,1.0]"
2026_04_14,70099d392f8cdba638b5d8e7d6dce3e2,run_line,home,0.7154026288602079,0.7154026288602079,0.7154026288602079,0.1246959345992888,0.2429709927681529,-166.0,1.5,"ev_band=[0.075,99.99];kelly_band=[-10.0,99.99];odds_band=[-1000,-150];line_band=[-2.5,2.5];prob_band=[0.65,1.0]"
2026_04_14,9d2cb684d156eddca29c13df0d0bce22,run_line,home,0.7126134507985502,0.7126134507985502,0.7126134507985502,0.131481242864492,0.1378403523956506,-200.0,1.5,"ev_band=[0.075,99.99];kelly_band=[-10.0,99.99];odds_band=[-1000,-150];line_band=[-2.5,2.5];prob_band=[0.65,1.0]"
2026_04_15,5dde1728cec88d86d8dbbaa27a572697,run_line,home,0.738975553012016,0.738975553012016,0.738975553012016,0.1541415488023869,0.3056749710119625,-166.0,1.5,"ev_band=[0.075,99.99];kelly_band=[-10.0,99.99];odds_band=[-1000,-150];line_band=[-2.5,2.5];prob_band=[0.65,1.0]"
2026_04_15,69d8354de162a3ae1d59bf8aa804c3ca,run_line,away,0.6632826304394027,0.6632826304394027,0.6632826304394027,-0.0101853550956302,0.0167852808830564,-192.0,1.5,"ev_band=[-10.0,0.0099];kelly_band=[-10.0,99.99];odds_band=[-199,-150];line_band=[-2.5,2.5];prob_band=[0.5,0.7]"
2026_04_15,748d289cf73992eb235de4c4f66d4175,run_line,away,0.6770263290465842,0.6770263290465842,0.6770263290465842,0.0570574877945983,0.1215116150067092,-172.0,1.5,"ev_band=[0.03,0.075];kelly_band=[-10.0,99.99];odds_band=[-199,-150];line_band=[-2.5,2.5];prob_band=[0.5,0.7]"
2026_04_15,851336f466000da358ea664a9302c8f4,run_line,home,0.6561153833009669,0.6561153833009669,0.6561153833009669,0.0854933919829415,0.0852669195805718,-166.0,1.5,"ev_band=[0.075,99.99];kelly_band=[-10.0,99.99];odds_band=[-1000,-150];line_band=[-2.5,2.5];prob_band=[0.65,1.0]"
2026_04_15,ae6a5b39c2617185d491849bed3ddff8,run_line,away,0.6571259279201818,0.6571259279201818,0.6571259279201818,-0.0098167818149461,0.0125226724101235,-188.0,1.5,"ev_band=[-10.0,0.0099];kelly_band=[-10.0,99.99];odds_band=[-199,-150];line_band=[-2.5,2.5];prob_band=[0.5,0.7]"
2026_04_15,e1d1d3bf816d477e6f48db9e600d48bf,run_line,home,0.7437670337919527,0.7437670337919527,0.7437670337919527,0.1651601830849025,0.3261072988728357,-163.0,1.5,"ev_band=[0.075,99.99];kelly_band=[-10.0,99.99];odds_band=[-1000,-150];line_band=[-2.5,2.5];prob_band=[0.65,1.0]"
2026_04_15,e39af7619a05b0b5a99bc6dcd7fbc12b,run_line,home,0.6834096746815927,0.6834096746815927,0.6834096746815927,0.0853761328108188,0.1895287671848773,-156.0,1.5,"ev_band=[0.075,99.99];kelly_band=[-10.0,99.99];odds_band=[-1000,-150];line_band=[-2.5,2.5];prob_band=[0.65,1.0]"
2026_04_15,e39af7619a05b0b5a99bc6dcd7fbc12b,moneyline,home,0.5123299319727891,0.5123299319727891,0.5123299319727891,0.0500227891156462,0.0769102283770651,112.0,,"ev_band=[0.05,0.0749];kelly_band=[-10.0,99.99];odds_band=[-100,125];prob_band=[0.4,1.0]"
2026_04_15,f330db82278ea4535ef5b2b1571ee7d1,run_line,home,0.6504083699970626,0.6504083699970626,0.6504083699970626,0.0255054997683066,0.0176475196917459,-181.0,1.5,"ev_band=[0.02,0.0299];kelly_band=[-10.0,99.99];odds_band=[-1000,-150];line_band=[-2.5,2.5];prob_band=[0.65,1.0]"
2026_04_15,f3b41be4bbb9dbffe13b5c0c9f57bb50,run_line,home,0.7471590343876139,0.7471590343876139,0.7471590343876139,0.126750167564176,0.2971021155975666,-178.0,1.5,"ev_band=[0.075,99.99];kelly_band=[-10.0,99.99];odds_band=[-1000,-150];line_band=[-2.5,2.5];prob_band=[0.65,1.0]"
2026_04_16,01461c715fdcb8321ca3e4ed2762e436,run_line,home,0.6996318963997062,0.6996318963997062,0.6996318963997062,0.1418764226059755,0.1920098013152096,-169.0,1.5,"ev_band=[0.075,99.99];kelly_band=[-10.0,99.99];odds_band=[-1000,-150];line_band=[-2.5,2.5];prob_band=[0.65,1.0]"
2026_04_16,1be686414809592c870949866675b3f0,run_line,home,0.6579027845017182,0.6579027845017182,0.6579027845017182,0.0854352357979325,0.1002843232395189,-163.0,1.5,"ev_band=[0.075,99.99];kelly_band=[-10.0,99.99];odds_band=[-1000,-150];line_band=[-2.5,2.5];prob_band=[0.65,1.0]"
2026_04_16,50a6b335289549d2d3f41d9072e8d031,run_line,home,0.7895181877477914,0.7895181877477914,0.7895181877477914,0.210689234104374,0.3769738357334624,-196.0,1.5,"ev_band=[0.075,99.99];kelly_band=[-10.0,99.99];odds_band=[-1000,-150];line_band=[-2.5,2.5];prob_band=[0.65,1.0]"
2026_04_16,d28f023fdea4d8299ebf509d22707293,run_line,away,0.677272750134282,0.677272750134282,0.677272750134282,0.0073468408292207,0.0576364303921038,-192.0,1.5,"ev_band=[-10.0,0.0099];kelly_band=[-10.0,99.99];odds_band=[-199,-150];line_band=[-2.5,2.5];prob_band=[0.5,0.7]"
2026_04_17,6c36be674cd46d59ac8a57a727b8a4ca,run_line,home,0.747696072788923,0.747696072788923,0.747696072788923,0.1753152653134652,0.298595082353206,-178.0,1.5,"ev_band=[0.075,99.99];kelly_band=[-10.0,99.99];odds_band=[-1000,-150];line_band=[-2.5,2.5];prob_band=[0.65,1.0]"
2026_04_18,18200eb582e3bee33b38016accc8cc4e,run_line,home,0.7022924232839847,0.7022924232839847,0.7022924232839847,0.1127469127795947,0.1813041640309578,-175.0,1.5,"ev_band=[0.075,99.99];kelly_band=[-10.0,99.99];odds_band=[-1000,-150];line_band=[-2.5,2.5];prob_band=[0.65,1.0]"
2026_04_18,23317fc37d8b970abb36b16450935fe2,run_line,away,0.6510270779277196,0.6510270779277196,0.6510270779277196,0.0579523265541324,0.0822012149499026,-163.0,1.5,"ev_band=[0.03,0.075];kelly_band=[-10.0,99.99];odds_band=[-199,-150];line_band=[-2.5,2.5];prob_band=[0.5,0.7]"
2026_04_18,2ea66f343279c5bb39b4cb87f04810e7,run_line,home,0.7495491663236209,0.7495491663236209,0.7495491663236209,0.1158720556276802,0.2862151240223196,-185.0,1.5,"ev_band=[0.075,99.99];kelly_band=[-10.0,99.99];odds_band=[-1000,-150];line_band=[-2.5,2.5];prob_band=[0.65,1.0]"
2026_04_18,2ea66f343279c5bb39b4cb87f04810e7,total,under,0.7186030657151314,0.7186030657151314,0.7186030657151314,0.3550052370193088,0.3978105606303813,-114.0,8.5,"ev_band=[-10.0,99.99];kelly_band=[-10.0,99.99];odds_band=[-1000,1000];line_band=[0.0,20.0];prob_band=[0.7,0.8]"
2026_04_18,6e5129c6e0fc6e1f6fcaff97e0a79ebc,run_line,home,0.7771531098830311,0.7771531098830311,0.7771531098830311,0.1595148212804433,0.3492870808584511,-192.0,1.5,"ev_band=[0.075,99.99];kelly_band=[-10.0,99.99];odds_band=[-1000,-150];line_band=[-2.5,2.5];prob_band=[0.65,1.0]"
2026_04_18,912d3bf4c4f1b996c5903aa3b6e3bc2a,moneyline,away,0.5166584489680919,0.5166584489680919,0.5166584489680919,0.0946717071869645,0.0691199757903991,108.0,,"ev_band=[0.075,0.099];kelly_band=[-10.0,99.99];odds_band=[-1000,125];prob_band=[0.4,1.0]"
2026_04_18,e2145c6f89c91d068baad1ef60cb1205,run_line,away,0.6935913537801969,0.6935913537801969,0.6935913537801969,0.0523965745304589,0.1389917041223531,-181.0,1.5,"ev_band=[0.03,0.075];kelly_band=[-10.0,99.99];odds_band=[-199,-150];line_band=[-2.5,2.5];prob_band=[0.5,0.7]"
2026_04_18,e2145c6f89c91d068baad1ef60cb1205,moneyline,away,0.5263157894736842,0.5263157894736842,0.5263157894736842,0.0913950514619882,0.1033834586466165,112.0,,"ev_band=[0.075,0.099];kelly_band=[-10.0,99.99];odds_band=[-1000,125];prob_band=[0.4,1.0]"
2026_04_18,ff3a4cea8f327d320fac1af61a34e8c3,run_line,home,0.6564128463647562,0.6564128463647562,0.6564128463647562,0.0903090029620845,0.0963657859393087,-163.0,1.5,"ev_band=[0.075,99.99];kelly_band=[-10.0,99.99];odds_band=[-1000,-150];line_band=[-2.5,2.5];prob_band=[0.65,1.0]"
2026_04_19,045dc8de81396e0de88fa0884e58750f,run_line,away,0.6627708557669783,0.6627708557669783,0.6627708557669783,0.0689566094072511,0.1130873506671527,-163.0,1.5,"ev_band=[0.03,0.075];kelly_band=[-10.0,99.99];odds_band=[-199,-150];line_band=[-2.5,2.5];prob_band=[0.5,0.7]"
2026_04_19,0d7765b227447b5fb746d1178be90177,run_line,home,0.6914607121124082,0.6914607121124082,0.6914607121124082,0.042103496569363,0.1114068508837357,-188.0,1.5,"ev_band=[0.04,0.0499];kelly_band=[-10.0,99.99];odds_band=[-1000,-150];line_band=[-2.5,2.5];prob_band=[0.65,1.0]"
2026_04_19,0e8cd1402139869a8535c9d0d09acb45,run_line,home,0.7347680990709613,0.7347680990709613,0.7347680990709613,0.1079178889591687,0.2440890823522397,-185.0,1.5,"ev_band=[0.075,99.99];kelly_band=[-10.0,99.99];odds_band=[-1000,-150];line_band=[-2.5,2.5];prob_band=[0.65,1.0]"
2026_04_19,4c4e3a56911954f45c048e7f6a7f4822,run_line,home,0.737819750022327,0.737819750022327,0.737819750022327,0.1080186028112683,0.213459250066981,-200.0,1.5,"ev_band=[0.075,99.99];kelly_band=[-10.0,99.99];odds_band=[-1000,-150];line_band=[-2.5,2.5];prob_band=[0.65,1.0]"
2026_04_19,d97433d24ce14d05b02b695c3cb6d537,run_line,home,0.763789410435585,0.763789410435585,0.763789410435585,0.1627734737264879,0.3433345610109263,-178.0,1.5,"ev_band=[0.075,99.99];kelly_band=[-10.0,99.99];odds_band=[-1000,-150];line_band=[-2.5,2.5];prob_band=[0.65,1.0]"
2026_04_19,e1d026d4b97697ac7e0862b37a1e26a5,moneyline,away,0.5932872154826145,0.5932872154826145,0.5932872154826145,0.0897145308182413,0.129634641132795,-114.0,,"ev_band=[0.075,0.099];kelly_band=[-10.0,99.99];odds_band=[-1000,125];prob_band=[0.4,1.0]"
2026_04_20,0d70750c31542bcfe935969cb9ccc66e,run_line,home,0.750717390888117,0.750717390888117,0.750717390888117,0.149182157109898,0.3144728249423215,-175.0,1.5,"ev_band=[0.075,99.99];kelly_band=[-10.0,99.99];odds_band=[-1000,-150];line_band=[-2.5,2.5];prob_band=[0.65,1.0]"
2026_04_20,4e58a660bb4f20467d3e4261ec9f47ba,total,under,0.762588342519127,0.762588342519127,0.762588342519127,0.4098293330460213,0.4919390529909317,-114.0,11.5,"ev_band=[-10.0,99.99];kelly_band=[-10.0,99.99];odds_band=[-1000,1000];line_band=[0.0,20.0];prob_band=[0.7,0.8]"
2026_04_20,6a0b76ac89fd72cc8272b53212004e44,run_line,home,0.7759012100127055,0.7759012100127055,0.7759012100127055,0.2209586667348833,0.4106201823334155,-163.0,1.5,"ev_band=[0.075,99.99];kelly_band=[-10.0,99.99];odds_band=[-1000,-150];line_band=[-2.5,2.5];prob_band=[0.65,1.0]"
2026_04_20,8b84f5c8a8eec852cbc8ab761818b5dc,run_line,home,0.7543754393222186,0.7543754393222186,0.7543754393222186,0.1339665119922848,0.272951300393767,-196.0,1.5,"ev_band=[0.075,99.99];kelly_band=[-10.0,99.99];odds_band=[-1000,-150];line_band=[-2.5,2.5];prob_band=[0.65,1.0]"
2026_04_20,eaa622d11f4b04e532bbea382e56ca52,run_line,home,0.7450619206737897,0.7450619206737897,0.7450619206737897,0.1279428265802777,0.2555808083674664,-192.0,1.5,"ev_band=[0.075,99.99];kelly_band=[-10.0,99.99];odds_band=[-1000,-150];line_band=[-2.5,2.5];prob_band=[0.65,1.0]"
2026_04_21,0567a988f9302cca0e4d8ef6eeb73371,total,under,0.7796018474928501,0.7796018474928501,0.7796018474928501,0.4768050900141218,0.5393678612600568,-109.0,11.0,"ev_band=[-10.0,99.99];kelly_band=[-10.0,99.99];odds_band=[-1000,1000];line_band=[0.0,20.0];prob_band=[0.7,0.8]"
2026_04_21,1d3c338edb1851414b920c5e62833c42,run_line,home,0.7719211630321746,0.7719211630321746,0.7719211630321746,0.1535246770462673,0.3590984681204107,-181.0,1.5,"ev_band=[0.075,99.99];kelly_band=[-10.0,99.99];odds_band=[-1000,-150];line_band=[-2.5,2.5];prob_band=[0.65,1.0]"
2026_04_21,5e611c984388d54390d6d9a5518d84be,run_line,home,0.7588039026062775,0.7588039026062775,0.7588039026062775,0.1347211330706094,0.3053552395060791,-188.0,1.5,"ev_band=[0.075,99.99];kelly_band=[-10.0,99.99];odds_band=[-1000,-150];line_band=[-2.5,2.5];prob_band=[0.65,1.0]"
2026_04_21,8dd01844bbaffc7ec461c4e06ea83b42,run_line,home,0.764962123902265,0.764962123902265,0.764962123902265,0.1875188523235839,0.3136894017946142,-192.0,1.5,"ev_band=[0.075,99.99];kelly_band=[-10.0,99.99];odds_band=[-1000,-150];line_band=[-2.5,2.5];prob_band=[0.65,1.0]"
2026_04_21,bce74dac7fe3dd7ecf80111287a3dd34,run_line,home,0.7358782895796128,0.7358782895796128,0.7358782895796128,0.1302893157788028,0.2472531253018964,-185.0,1.5,"ev_band=[0.075,99.99];kelly_band=[-10.0,99.99];odds_band=[-1000,-150];line_band=[-2.5,2.5];prob_band=[0.65,1.0]"
2026_04_21,d5285248b8322f4781920eb06d586c63,run_line,home,0.6894221866543834,0.6894221866543834,0.6894221866543834,0.1108889218854596,0.1459110132995542,-175.0,1.5,"ev_band=[0.075,99.99];kelly_band=[-10.0,99.99];odds_band=[-1000,-150];line_band=[-2.5,2.5];prob_band=[0.65,1.0]"
2026_04_21,fd082c9fac90847ff16ee7691851778f,run_line,home,0.8025541206231176,0.8025541206231176,0.8025541206231176,0.1895066806698804,0.4234580322195037,-192.0,1.5,"ev_band=[0.075,99.99];kelly_band=[-10.0,99.99];odds_band=[-1000,-150];line_band=[-2.5,2.5];prob_band=[0.65,1.0]"
2026_04_22,2a8e5f1a3a4ac585a773ec30d535e4e0,run_line,home,0.7217393980494223,0.7217393980494223,0.7217393980494223,0.109728644553854,0.2347833446359113,-175.0,1.5,"ev_band=[0.075,99.99];kelly_band=[-10.0,99.99];odds_band=[-1000,-150];line_band=[-2.5,2.5];prob_band=[0.65,1.0]"
2026_04_22,e33bac43c9aeb7a52713962ae0686e1f,moneyline,away,0.4808181010991702,0.4808181010991702,0.4808181010991702,0.0841360858516272,0.0445307910984729,119.0,,"ev_band=[0.075,0.099];kelly_band=[-10.0,99.99];odds_band=[-1000,125];prob_band=[0.4,1.0]"
2026_04_23,0690cb513a9395d92f4b14ef1ff47d78,run_line,home,0.7008113831452126,0.7008113831452126,0.7008113831452126,0.1062325381528274,0.2340771408517443,-156.0,1.5,"ev_band=[0.075,99.99];kelly_band=[-10.0,99.99];odds_band=[-1000,-150];line_band=[-2.5,2.5];prob_band=[0.65,1.0]"
2026_04_23,1e66733b3f851159b9299af54335356a,run_line,home,0.708162207713052,0.708162207713052,0.708162207713052,0.1068040375173356,0.1974460712108931,-175.0,1.5,"ev_band=[0.075,99.99];kelly_band=[-10.0,99.99];odds_band=[-1000,-150];line_band=[-2.5,2.5];prob_band=[0.65,1.0]"
2026_04_24,0bbbb2fddbaa8b74fdca003a5d074d6f,run_line,home,0.7638431940917462,0.7638431940917462,0.7638431940917462,0.2605865116719253,0.3954385768748701,-156.0,1.5,"ev_band=[0.075,99.99];kelly_band=[-10.0,99.99];odds_band=[-1000,-150];line_band=[-2.5,2.5];prob_band=[0.65,1.0]"
2026_04_24,1a7da3935dee427bcfb5038b6aca6b69,run_line,home,0.6865045128069035,0.6865045128069035,0.6865045128069035,0.1074492110208453,0.1065378614996749,-185.0,1.5,"ev_band=[0.075,99.99];kelly_band=[-10.0,99.99];odds_band=[-1000,-150];line_band=[-2.5,2.5];prob_band=[0.65,1.0]"
2026_04_24,392c482c74dac60779aaf9841598058b,run_line,home,0.7400715852631972,0.7400715852631972,0.7400715852631972,0.1176286919156694,0.269601154589584,-181.0,1.5,"ev_band=[0.075,99.99];kelly_band=[-10.0,99.99];odds_band=[-1000,-150];line_band=[-2.5,2.5];prob_band=[0.65,1.0]"
2026_04_24,781378f4580bd5ca464d5bfa8f1035a2,run_line,home,0.7999380542096821,0.7999380542096821,0.7999380542096821,0.2691914554510766,0.4438277907029163,-178.0,1.5,"ev_band=[0.075,99.99];kelly_band=[-10.0,99.99];odds_band=[-1000,-150];line_band=[-2.5,2.5];prob_band=[0.65,1.0]"
2026_04_24,932ab74f8b661c6fcaea03f907780fce,run_line,home,0.7207330400719766,0.7207330400719766,0.7207330400719766,0.142029489360132,0.2040891642051332,-185.0,1.5,"ev_band=[0.075,99.99];kelly_band=[-10.0,99.99];odds_band=[-1000,-150];line_band=[-2.5,2.5];prob_band=[0.65,1.0]"
2026_04_24,988cc0182b2c8cc4ce2bd71787602b09,run_line,home,0.8450595224897457,0.8450595224897457,0.8450595224897457,0.2864266975664183,0.5289809483688269,-204.0,1.5,"ev_band=[0.075,99.99];kelly_band=[-10.0,99.99];odds_band=[-1000,-150];line_band=[-2.5,2.5];prob_band=[0.65,1.0]"
2026_04_25,0230d646bd78d15e54bbc955a0e7d747,run_line,away,0.6640405078942337,0.6640405078942337,0.6640405078942337,0.0374717225532729,0.1164265357618347,-163.0,1.5,"ev_band=[0.03,0.075];kelly_band=[-10.0,99.99];odds_band=[-199,-150];line_band=[-2.5,2.5];prob_band=[0.5,0.7]"
2026_04_25,5ea60d3f2b8cbb37652324db287ef423,run_line,home,0.7525598528376587,0.7525598528376587,0.7525598528376587,0.0954172970391254,0.2477819526264825,-204.0,1.5,"ev_band=[0.075,99.99];kelly_band=[-10.0,99.99];odds_band=[-1000,-150];line_band=[-2.5,2.5];prob_band=[0.65,1.0]"
2026_04_25,637539eefe84344993cdd0d125a3e0fa,run_line,away,0.6513895528555123,0.6513895528555123,0.6513895528555123,-0.0218132940628665,0.0204046435239893,-181.0,1.5,"ev_band=[-10.0,0.0099];kelly_band=[-10.0,99.99];odds_band=[-199,-150];line_band=[-2.5,2.5];prob_band=[0.5,0.7]"
2026_04_25,76173d6fb6052a6141d640d803185876,run_line,away,0.6618469464020108,0.6618469464020108,0.6618469464020108,0.0427285348222075,0.0700791026055296,-175.0,1.5,"ev_band=[0.03,0.075];kelly_band=[-10.0,99.99];odds_band=[-199,-150];line_band=[-2.5,2.5];prob_band=[0.5,0.7]"
2026_04_25,923d805add7039794f2363537d65f6c3,run_line,home,0.7210404951180179,0.7210404951180179,0.7210404951180179,0.1319167964140233,0.2412301467210088,-172.0,1.5,"ev_band=[0.075,99.99];kelly_band=[-10.0,99.99];odds_band=[-1000,-150];line_band=[-2.5,2.5];prob_band=[0.65,1.0]"
2026_04_25,923d805add7039794f2363537d65f6c3,total,under,0.7104434496060724,0.7104434496060724,0.7104434496060724,0.2993905971614766,0.3600800236294202,-121.0,9.5,"ev_band=[-10.0,99.99];kelly_band=[-10.0,99.99];odds_band=[-1000,1000];line_band=[0.0,20.0];prob_band=[0.7,0.8]"
2026_04_25,a06835fe8f4774ce140569b5ea8415bf,run_line,home,0.7346709088420154,0.7346709088420154,0.7346709088420154,0.152356407197232,0.2252390538186851,-192.0,1.5,"ev_band=[0.075,99.99];kelly_band=[-10.0,99.99];odds_band=[-1000,-150];line_band=[-2.5,2.5];prob_band=[0.65,1.0]"
2026_04_26,1461fb537b3598f4090a3bd48ac75aa0,total,under,0.7169846339630179,0.7169846339630179,0.7169846339630179,0.4108711937203957,0.428308960605296,-102.0,9.0,"ev_band=[-10.0,99.99];kelly_band=[-10.0,99.99];odds_band=[-1000,1000];line_band=[0.0,20.0];prob_band=[0.7,0.8]"
2026_04_26,1e288a31989294698b1a4901c9fda486,run_line,away,0.6956939054346862,0.6956939054346862,0.6956939054346862,0.0404414145152522,0.1114262038692842,-192.0,1.5,"ev_band=[0.03,0.075];kelly_band=[-10.0,99.99];odds_band=[-199,-150];line_band=[-2.5,2.5];prob_band=[0.5,0.7]"
2026_04_26,1e288a31989294698b1a4901c9fda486,moneyline,away,0.5256438609541808,0.5256438609541808,0.5256438609541808,0.0757461641180294,0.0864252136895334,108.0,,"ev_band=[0.075,0.099];kelly_band=[-10.0,99.99];odds_band=[-1000,125];prob_band=[0.4,1.0]"
2026_04_26,4bd84afb941f32d8212a16abd49c992b,run_line,home,0.7772122682433418,0.7772122682433418,0.7772122682433418,0.1355880286849559,0.3405483140002915,-196.0,1.5,"ev_band=[0.075,99.99];kelly_band=[-10.0,99.99];odds_band=[-1000,-150];line_band=[-2.5,2.5];prob_band=[0.65,1.0]"
2026_04_26,4bfe574e7c5269d65b3a9936e5793ada,run_line,home,0.751974882848878,0.751974882848878,0.751974882848878,0.1171091480524759,0.2931284161193024,-185.0,1.5,"ev_band=[0.075,99.99];kelly_band=[-10.0,99.99];odds_band=[-1000,-150];line_band=[-2.5,2.5];prob_band=[0.65,1.0]"
2026_04_26,4bfe574e7c5269d65b3a9936e5793ada,total,under,0.7226289151800576,0.7226289151800576,0.7226289151800576,0.3541651434321809,0.4064258784853232,-114.0,9.0,"ev_band=[-10.0,99.99];kelly_band=[-10.0,99.99];odds_band=[-1000,1000];line_band=[0.0,20.0];prob_band=[0.7,0.8]"
2026_04_26,7ec692536ced485b4f6b8d0e30b4fef8,run_line,away,0.6847333172108652,0.6847333172108652,0.6847333172108652,0.0461611728829206,0.114100621362531,-181.0,1.5,"ev_band=[0.03,0.075];kelly_band=[-10.0,99.99];odds_band=[-199,-150];line_band=[-2.5,2.5];prob_band=[0.5,0.7]"
2026_04_26,7ec692536ced485b4f6b8d0e30b4fef8,moneyline,away,0.508937746080516,0.508937746080516,0.508937746080516,0.0976958194718854,0.0962803898456555,119.0,,"ev_band=[0.075,0.099];kelly_band=[-10.0,99.99];odds_band=[-1000,125];prob_band=[0.4,1.0]"
2026_04_27,371ff765cd40348073b510b2f45d81e9,total,under,0.7132562621163323,0.7132562621163323,0.7132562621163323,0.3924995206346696,0.406440462580808,-107.0,8.0,"ev_band=[-10.0,99.99];kelly_band=[-10.0,99.99];odds_band=[-1000,1000];line_band=[0.0,20.0];prob_band=[0.7,0.8]"
2026_04_27,717163f13d80f9495ad5b88b9396ca1a,run_line,home,0.7134334217870993,0.7134334217870993,0.7134334217870993,0.1077985294749657,0.2119419099145231,-175.0,1.5,"ev_band=[0.075,99.99];kelly_band=[-10.0,99.99];odds_band=[-1000,-150];line_band=[-2.5,2.5];prob_band=[0.65,1.0]"
2026_04_27,aede5ca829ddcbc5ee6726a1c0a03117,run_line,home,0.7559410588048275,0.7559410588048275,0.7559410588048275,0.2557741939361271,0.3752091105403584,-156.0,1.5,"ev_band=[0.075,99.99];kelly_band=[-10.0,99.99];odds_band=[-1000,-150];line_band=[-2.5,2.5];prob_band=[0.65,1.0]"
2026_04_28,3c9ebf868da49e615e589bd0d839b640,moneyline,away,0.5009215604411271,0.5009215604411271,0.5009215604411271,0.0923848173660682,0.0815279137529986,119.0,,"ev_band=[0.075,0.099];kelly_band=[-10.0,99.99];odds_band=[-1000,125];prob_band=[0.4,1.0]"
2026_04_28,5a48e526a92801449cb2aff612e11b5f,run_line,home,0.7342917655801411,0.7342917655801411,0.7342917655801411,0.0843908823753536,0.2241319554940123,-192.0,1.5,"ev_band=[0.075,99.99];kelly_band=[-10.0,99.99];odds_band=[-1000,-150];line_band=[-2.5,2.5];prob_band=[0.65,1.0]"
2026_04_28,6015a24988595d49a325507fa8543243,run_line,home,0.798368477340753,0.798368477340753,0.798368477340753,0.1928019926223955,0.411235953834999,-192.0,1.5,"ev_band=[0.075,99.99];kelly_band=[-10.0,99.99];odds_band=[-1000,-150];line_band=[-2.5,2.5];prob_band=[0.65,1.0]"
2026_04_28,6015a24988595d49a325507fa8543243,total,under,0.7041466337444452,0.7041466337444452,0.7041466337444452,0.3935659760179577,0.4023762001637792,-102.0,9.0,"ev_band=[-10.0,99.99];kelly_band=[-10.0,99.99];odds_band=[-1000,1000];line_band=[0.0,20.0];prob_band=[0.7,0.8]"
2026_04_28,72f79061defb394c2e533967c55edb30,run_line,home,0.8191362286197563,0.8191362286197563,0.8191362286197563,0.3111604365814354,0.4718777875696887,-192.0,1.5,"ev_band=[0.075,99.99];kelly_band=[-10.0,99.99];odds_band=[-1000,-150];line_band=[-2.5,2.5];prob_band=[0.65,1.0]"
2026_04_28,7401e0a3694fdfd518a0b949987e61b4,run_line,home,0.6697331505722544,0.6697331505722544,0.6697331505722544,0.078717984052165,0.131398186005029,-163.0,1.5,"ev_band=[0.075,99.99];kelly_band=[-10.0,99.99];odds_band=[-1000,-150];line_band=[-2.5,2.5];prob_band=[0.65,1.0]"
2026_04_28,bb7e51c3ed5e76ca658d46e6b586c0fa,run_line,home,0.6921948888805997,0.6921948888805997,0.6921948888805997,0.0938380950335712,0.181238404422395,-166.0,1.5,"ev_band=[0.075,99.99];kelly_band=[-10.0,99.99];odds_band=[-1000,-150];line_band=[-2.5,2.5];prob_band=[0.65,1.0]"
2026_04_28,bb7e51c3ed5e76ca658d46e6b586c0fa,total,under,0.7301414746478485,0.7301414746478485,0.7301414746478485,0.3488399094155964,0.4063112442252666,-120.0,7.5,"ev_band=[-10.0,99.99];kelly_band=[-10.0,99.99];odds_band=[-1000,1000];line_band=[0.0,20.0];prob_band=[0.7,0.8]"
2026_04_29,1893671667b0416333a1bb815e98c138,run_line,home,0.6556482522602873,0.6556482522602873,0.6556482522602873,0.0226344114577021,0.0427021412835988,-178.0,1.5,"ev_band=[0.02,0.0299];kelly_band=[-10.0,99.99];odds_band=[-1000,-150];line_band=[-2.5,2.5];prob_band=[0.65,1.0]"
2026_04_29,68d4de1e01d8567e0d2e4a137d4b254b,total,under,0.7071249187089086,0.7071249187089086,0.7071249187089086,0.3706533500598002,0.3937485817274408,-107.0,8.0,"ev_band=[-10.0,99.99];kelly_band=[-10.0,99.99];odds_band=[-1000,1000];line_band=[0.0,20.0];prob_band=[0.7,0.8]"
2026_04_29,abd0114b226ed04c6bd4daac824f5241,run_line,home,0.6718817227038189,0.6718817227038189,0.6718817227038189,0.108769512471224,0.1600172101217761,-156.0,1.5,"ev_band=[0.075,99.99];kelly_band=[-10.0,99.99];odds_band=[-1000,-150];line_band=[-2.5,2.5];prob_band=[0.65,1.0]"
2026_04_29,abd0114b226ed04c6bd4daac824f5241,moneyline,home,0.5122686355820774,0.5122686355820774,0.5122686355820774,0.0512223943652157,0.0432961697956132,104.0,,"ev_band=[0.05,0.0749];kelly_band=[-10.0,99.99];odds_band=[-100,125];prob_band=[0.4,1.0]"
2026_04_29,af3e6454c0293bcd38866af00fb22cc1,run_line,home,0.7131811508297412,0.7131811508297412,0.7131811508297412,0.1965378214137678,0.2456664266822193,-163.0,1.5,"ev_band=[0.075,99.99];kelly_band=[-10.0,99.99];odds_band=[-1000,-150];line_band=[-2.5,2.5];prob_band=[0.65,1.0]"
2026_04_29,af3e6454c0293bcd38866af00fb22cc1,total,under,0.7146412136293209,0.7146412136293209,0.7146412136293209,0.4094272554747958,0.4150144879401077,-105.0,8.5,"ev_band=[-10.0,99.99];kelly_band=[-10.0,99.99];odds_band=[-1000,1000];line_band=[0.0,20.0];prob_band=[0.7,0.8]"
2026_04_29,dbb1f14488d5ad0f783dce845101d4c1,run_line,home,0.7779152241479288,0.7779152241479288,0.7779152241479288,0.18728876228808,0.3603958455460349,-188.0,1.5,"ev_band=[0.075,99.99];kelly_band=[-10.0,99.99];odds_band=[-1000,-150];line_band=[-2.5,2.5];prob_band=[0.65,1.0]"
2026_04_29,de142860d352b18879f2382e67ab3e2e,run_line,home,0.7368006413779948,0.7368006413779948,0.7368006413779948,0.0839477176225478,0.2104019241339845,-200.0,1.5,"ev_band=[0.075,99.99];kelly_band=[-10.0,99.99];odds_band=[-1000,-150];line_band=[-2.5,2.5];prob_band=[0.65,1.0]"
2026_04_30,6f84f4f2e016877657f3d3ae23ce6760,run_line,home,0.7292035299980526,0.7292035299980526,0.7292035299980526,0.0936010224894925,0.2282300604944499,-185.0,1.5,"ev_band=[0.075,99.99];kelly_band=[-10.0,99.99];odds_band=[-1000,-150];line_band=[-2.5,2.5];prob_band=[0.65,1.0]"
2026_04_30,c31726958fc1b67f38d3673aa8931ab7,run_line,away,0.6696250115560294,0.6696250115560294,0.6696250115560294,0.0493011439286579,0.0584312829346837,-185.0,1.5,"ev_band=[0.03,0.075];kelly_band=[-10.0,99.99];odds_band=[-199,-150];line_band=[-2.5,2.5];prob_band=[0.5,0.7]"
2026_04_30,c31726958fc1b67f38d3673aa8931ab7,moneyline,away,0.5086563736894583,0.5086563736894583,0.5086563736894583,0.0757219239407399,0.0537085715500678,108.0,,"ev_band=[0.075,0.099];kelly_band=[-10.0,99.99];odds_band=[-1000,125];prob_band=[0.4,1.0]"
2026_04_30,e5babd0fb427836d74e73a544af17f39,run_line,home,0.7748714581791981,0.7748714581791981,0.7748714581791981,0.1941571872687971,0.3246143745375943,-200.0,1.5,"ev_band=[0.075,99.99];kelly_band=[-10.0,99.99];odds_band=[-1000,-150];line_band=[-2.5,2.5];prob_band=[0.65,1.0]"
2026_05_01,224916189ace451ec4c3a758ac5d3b0d,run_line,home,0.6943992698028397,0.6943992698028397,0.6943992698028397,0.1086325624114975,0.2176621306952696,-156.0,1.5,"ev_band=[0.075,99.99];kelly_band=[-10.0,99.99];odds_band=[-1000,-150];line_band=[-2.5,2.5];prob_band=[0.65,1.0]"
2026_05_01,4c46549aafa11d0400c4c8c87e755dda,run_line,away,0.6356587217489283,0.6356587217489283,0.6356587217489283,0.0057891015771168,0.0089917231570852,-172.0,1.5,"ev_band=[-10.0,0.0099];kelly_band=[-10.0,99.99];odds_band=[-199,-150];line_band=[-2.5,2.5];prob_band=[0.5,0.7]"
2026_05_01,4c46549aafa11d0400c4c8c87e755dda,moneyline,away,0.4879993356033552,0.4879993356033552,0.4879993356033552,0.0887998739510377,0.0717386328418553,123.0,,"ev_band=[0.075,0.099];kelly_band=[-10.0,99.99];odds_band=[-1000,125];prob_band=[0.4,1.0]"
2026_05_01,71bed1a7ce55f688df69c714d2376fe7,run_line,home,0.7668527842049909,0.7668527842049909,0.7668527842049909,0.205540091583064,0.3355304349842242,-185.0,1.5,"ev_band=[0.075,99.99];kelly_band=[-10.0,99.99];odds_band=[-1000,-150];line_band=[-2.5,2.5];prob_band=[0.65,1.0]"
2026_05_01,eb5e5ee05cf9e2c9e3df8f51d9835b52,run_line,home,0.7371715296255126,0.7371715296255126,0.7371715296255126,0.1199636898282084,0.2430540053214761,-188.0,1.5,"ev_band=[0.075,99.99];kelly_band=[-10.0,99.99];odds_band=[-1000,-150];line_band=[-2.5,2.5];prob_band=[0.65,1.0]"
2026_05_02,383d74609e0b5f77bfaf7eaa55477b31,run_line,away,0.6581120733026393,0.6581120733026393,0.6581120733026393,0.009832059412139,0.0392949259804164,-181.0,1.5,"ev_band=[-10.0,0.0099];kelly_band=[-10.0,99.99];odds_band=[-199,-150];line_band=[-2.5,2.5];prob_band=[0.5,0.7]"
2026_05_02,446e036e67d7b97011f14ad76cab4645,run_line,away,0.6749115063681109,0.6749115063681109,0.6749115063681109,0.0443180363087399,0.135264606939175,-166.0,1.5,"ev_band=[0.03,0.075];kelly_band=[-10.0,99.99];odds_band=[-199,-150];line_band=[-2.5,2.5];prob_band=[0.5,0.7]"
2026_05_02,446e036e67d7b97011f14ad76cab4645,moneyline,away,0.5283098933074686,0.5283098933074686,0.5283098933074686,0.0828503071451667,0.1071580123319941,112.0,,"ev_band=[0.075,0.099];kelly_band=[-10.0,99.99];odds_band=[-1000,125];prob_band=[0.4,1.0]"
2026_05_02,a5c3ef5e48ad39a2a1e04b385a33f7f0,run_line,home,0.746189283194468,0.746189283194468,0.746189283194468,0.1374959972335197,0.2766394571042337,-185.0,1.5,"ev_band=[0.075,99.99];kelly_band=[-10.0,99.99];odds_band=[-1000,-150];line_band=[-2.5,2.5];prob_band=[0.65,1.0]"
2026_05_02,ad24319e5623a8196399f98734f3be87,run_line,home,0.7276093672976734,0.7276093672976734,0.7276093672976734,0.1342634042763413,0.2155149778172995,-188.0,1.5,"ev_band=[0.075,99.99];kelly_band=[-10.0,99.99];odds_band=[-1000,-150];line_band=[-2.5,2.5];prob_band=[0.65,1.0]"
2026_05_03,341da475ed0042be75b5bc44221f8161,run_line,home,0.7406916238705279,0.7406916238705279,0.7406916238705279,0.1526036746113537,0.2609711280310046,-185.0,1.5,"ev_band=[0.075,99.99];kelly_band=[-10.0,99.99];odds_band=[-1000,-150];line_band=[-2.5,2.5];prob_band=[0.65,1.0]"
2026_05_03,b713b3ae079ed7d21c2a9f7edb043f6b,run_line,home,0.7677362721028251,0.7677362721028251,0.7677362721028251,0.2061677851598834,0.3310804636561364,-188.0,1.5,"ev_band=[0.075,99.99];kelly_band=[-10.0,99.99];odds_band=[-1000,-150];line_band=[-2.5,2.5];prob_band=[0.65,1.0]"
2026_05_03,b7ecafff68e95721e956a1a960acdd98,run_line,home,0.769604866537258,0.769604866537258,0.769604866537258,0.1774383794707876,0.336462015627303,-188.0,1.5,"ev_band=[0.075,99.99];kelly_band=[-10.0,99.99];odds_band=[-1000,-150];line_band=[-2.5,2.5];prob_band=[0.65,1.0]"
2026_05_04,25d5af851ff059eb0a390e1f5908f926,total,under,0.7498722310372584,0.7498722310372584,0.7498722310372584,0.4007134762122264,0.4572227413508508,-117.0,11.5,"ev_band=[-10.0,99.99];kelly_band=[-10.0,99.99];odds_band=[-1000,1000];line_band=[0.0,20.0];prob_band=[0.7,0.8]"
2026_05_04,286159b7ccc29dea1805a4ce6218be0e,run_line,home,0.7630222339828775,0.7630222339828775,0.7630222339828775,0.1736185364045152,0.3080249232300026,-192.0,1.5,"ev_band=[0.075,99.99];kelly_band=[-10.0,99.99];odds_band=[-1000,-150];line_band=[-2.5,2.5];prob_band=[0.65,1.0]"
2026_05_04,6afb68c3e91d245e69a9eec05286476d,run_line,away,0.6375778220401943,0.6375778220401943,0.6375778220401943,-0.0129471310372119,0.0142116759493286,-172.0,1.5,"ev_band=[-10.0,0.0099];kelly_band=[-10.0,99.99];odds_band=[-199,-150];line_band=[-2.5,2.5];prob_band=[0.5,0.7]"
2026_05_04,724956d85946d94ae169ea8b4f5299b3,run_line,home,0.7370786145987362,0.7370786145987362,0.7370786145987362,0.109593388564771,0.2112358437962087,-200.0,1.5,"ev_band=[0.075,99.99];kelly_band=[-10.0,99.99];odds_band=[-1000,-150];line_band=[-2.5,2.5];prob_band=[0.65,1.0]"
2026_05_04,80044e6fc3586ebcf9f4df924a6f9519,total,under,0.7852273046322679,0.7852273046322679,0.7852273046322679,0.4379476442033294,0.5339432510520212,-117.0,11.0,"ev_band=[-10.0,99.99];kelly_band=[-10.0,99.99];odds_band=[-1000,1000];line_band=[0.0,20.0];prob_band=[0.7,0.8]"
2026_05_04,a8b6869ab87cab44f73e7d8fe9c435f5,run_line,home,0.772118497631271,0.772118497631271,0.772118497631271,0.2055148677062831,0.3733258684859954,-175.0,1.5,"ev_band=[0.075,99.99];kelly_band=[-10.0,99.99];odds_band=[-1000,-150];line_band=[-2.5,2.5];prob_band=[0.65,1.0]"
2026_05_05,4f532987fa9021753e499704cc1998d0,run_line,home,0.6777784794942794,0.6777784794942794,0.6777784794942794,0.0787029061764589,0.1042241729940967,-178.0,1.5,"ev_band=[0.075,99.99];kelly_band=[-10.0,99.99];odds_band=[-1000,-150];line_band=[-2.5,2.5];prob_band=[0.65,1.0]"
2026_05_05,642027e0dc5d6fe0e383f9c8b6453d6c,run_line,home,0.7286648912895807,0.7286648912895807,0.7286648912895807,0.0959699570726516,0.2375483445237216,-181.0,1.5,"ev_band=[0.075,99.99];kelly_band=[-10.0,99.99];odds_band=[-1000,-150];line_band=[-2.5,2.5];prob_band=[0.65,1.0]"
2026_05_05,732ae7d99e94ec771af4f2525709bb66,run_line,away,0.655033021868952,0.655033021868952,0.655033021868952,0.0096209391274005,0.0513408101396178,-175.0,1.5,"ev_band=[-10.0,0.0099];kelly_band=[-10.0,99.99];odds_band=[-199,-150];line_band=[-2.5,2.5];prob_band=[0.5,0.7]"
2026_05_05,a3d49ab06b3c4cfdcaeec1ee6be2c11f,run_line,home,0.7582169554390097,0.7582169554390097,0.7582169554390097,0.1389000863968275,0.2939935098819086,-192.0,1.5,"ev_band=[0.075,99.99];kelly_band=[-10.0,99.99];odds_band=[-1000,-150];line_band=[-2.5,2.5];prob_band=[0.65,1.0]"
2026_05_05,b30fec61cfbf1f3dfe4bb5e70a150f48,total,over,0.6033116035890164,0.6033116035890164,0.6033116035890164,0.2020695696282789,0.2066232071780327,100.0,9.0,"ev_band=[0.1,0.99];kelly_band=[0.15,0.99];odds_band=[-100,125];line_band=[0.0,20.0];prob_band=[0.0,1.0]"
2026_05_05,d1bb060e1d2465b94fde23b308c82f30,run_line,home,0.6969478637882057,0.6969478637882057,0.6969478637882057,0.1025093415084502,0.1666066254175657,-175.0,1.5,"ev_band=[0.075,99.99];kelly_band=[-10.0,99.99];odds_band=[-1000,-150];line_band=[-2.5,2.5];prob_band=[0.65,1.0]"
2026_05_06,50bf885c9e829f1de48161f3ec47e5dc,moneyline,home,0.4982964224872233,0.4982964224872233,0.4982964224872233,0.0549272378951355,0.0503467997079584,112.0,,"ev_band=[0.05,0.0749];kelly_band=[-10.0,99.99];odds_band=[-100,125];prob_band=[0.4,1.0]"
2026_05_06,71fad9f636c723c1e774d7aa9651880b,run_line,home,0.6810098392746071,0.6810098392746071,0.6810098392746071,0.1082758634344666,0.141916467648693,-169.0,1.5,"ev_band=[0.075,99.99];kelly_band=[-10.0,99.99];odds_band=[-1000,-150];line_band=[-2.5,2.5];prob_band=[0.65,1.0]"
2026_05_06,7c30fa11564865dd19f2a9c4a7e9d937,run_line,home,0.742280674715618,0.742280674715618,0.742280674715618,0.2131521713785107,0.2912718554679495,-175.0,1.5,"ev_band=[0.075,99.99];kelly_band=[-10.0,99.99];odds_band=[-1000,-150];line_band=[-2.5,2.5];prob_band=[0.65,1.0]"
2026_05_06,de734f0e0ca302bf4a6c20844ec6127c,moneyline,away,0.7161248793047956,0.7161248793047956,0.7161248793047956,0.0967449888666573,0.1001158673962021,-217.0,,"ev_band=[0.075,0.099];kelly_band=[-10.0,99.99];odds_band=[-1000,125];prob_band=[0.4,1.0]"
2026_05_07,01ce87afc3b701c0bae09b62dc95f87c,run_line,home,0.7909999152657217,0.7909999152657217,0.7909999152657217,0.2271223288231386,0.3980797559652784,-188.0,1.5,"ev_band=[0.075,99.99];kelly_band=[-10.0,99.99];odds_band=[-1000,-150];line_band=[-2.5,2.5];prob_band=[0.65,1.0]"
2026_05_07,587e3aa8ddaf7a5719f0d0f55b446db9,run_line,home,0.7240437617014798,0.7240437617014798,0.7240437617014798,0.1324123332921015,0.2052460337002617,-188.0,1.5,"ev_band=[0.075,99.99];kelly_band=[-10.0,99.99];odds_band=[-1000,-150];line_band=[-2.5,2.5];prob_band=[0.65,1.0]"
2026_05_07,ba055e6ad1137117eef850d15d9c8c97,run_line,home,0.6898444528751355,0.6898444528751355,0.6898444528751355,0.0843389463211547,0.1160566906941362,-185.0,1.5,"ev_band=[0.075,99.99];kelly_band=[-10.0,99.99];odds_band=[-1000,-150];line_band=[-2.5,2.5];prob_band=[0.65,1.0]"
2026_05_07,d995ce8d9df4c182c1ecade37bac292d,moneyline,home,0.6933124031475779,0.6933124031475779,0.6933124031475779,0.0592717850027168,0.05540220169454,-208.0,,"ev_band=[0.05,0.0749];kelly_band=[-10.0,99.99];odds_band=[-1000,-200];prob_band=[0.4,1.0]"
2026_05_07,db06eeec096bc60532c3b1aa5d4235a0,total,under,0.7528793575897627,0.7528793575897627,0.7528793575897627,0.3917353485820444,0.471161825242092,-114.0,11.0,"ev_band=[-10.0,99.99];kelly_band=[-10.0,99.99];odds_band=[-1000,1000];line_band=[0.0,20.0];prob_band=[0.7,0.8]"
2026_05_08,24892453777c4e3f95360ff530e09902,run_line,away,0.6765033744782746,0.6765033744782746,0.6765033744782746,0.0492970676503982,0.120089178580907,-172.0,1.5,"ev_band=[0.03,0.075];kelly_band=[-10.0,99.99];odds_band=[-199,-150];line_band=[-2.5,2.5];prob_band=[0.5,0.7]"
2026_05_08,6aa50c59681975bb7beff37ab4f46bb5,run_line,away,0.6541314776381326,0.6541314776381326,0.6541314776381326,0.0545931156535735,0.0488615635048646,-175.0,1.5,"ev_band=[0.03,0.075];kelly_band=[-10.0,99.99];odds_band=[-199,-150];line_band=[-2.5,2.5];prob_band=[0.5,0.7]"
2026_05_08,79db8c5227deae699a7b9c123aaf6d3f,moneyline,home,0.4757781227023935,0.4757781227023935,0.4757781227023935,0.0500164887182416,0.0352555367380183,119.0,,"ev_band=[0.05,0.0749];kelly_band=[-10.0,99.99];odds_band=[-100,125];prob_band=[0.4,1.0]"
2026_05_08,9faf187505c47b0f5009cb7d7da5200c,run_line,home,0.7240518235485971,0.7240518235485971,0.7240518235485971,0.0904026594246028,0.1942313247619038,-192.0,1.5,"ev_band=[0.075,99.99];kelly_band=[-10.0,99.99];odds_band=[-1000,-150];line_band=[-2.5,2.5];prob_band=[0.65,1.0]"
2026_05_08,ad17b69505e6a7e7c4c06dc7f6b91ac6,run_line,home,0.7401434714957162,0.7401434714957162,0.7401434714957162,0.1146601740108465,0.2412189367674918,-192.0,1.5,"ev_band=[0.075,99.99];kelly_band=[-10.0,99.99];odds_band=[-1000,-150];line_band=[-2.5,2.5];prob_band=[0.65,1.0]"
2026_05_08,bb96582815dabc42936e794a19c74217,moneyline,home,0.507936507936508,0.507936507936508,0.507936507936508,0.0654086857142858,0.0944377751100441,119.0,,"ev_band=[0.05,0.0749];kelly_band=[-10.0,99.99];odds_band=[-100,125];prob_band=[0.4,1.0]"
2026_05_09,177cdddf981aae461d064d643293c5f4,run_line,away,0.677665638501665,0.677665638501665,0.677665638501665,0.0362825001542166,0.0813470697297451,-185.0,1.5,"ev_band=[0.03,0.075];kelly_band=[-10.0,99.99];odds_band=[-199,-150];line_band=[-2.5,2.5];prob_band=[0.5,0.7]"
2026_05_09,54ac0c67d3a1921cfede4e125572526e,run_line,home,0.6674693680949308,0.6674693680949308,0.6674693680949308,0.025836974777213,0.0655889243467556,-181.0,1.5,"ev_band=[0.02,0.0299];kelly_band=[-10.0,99.99];odds_band=[-1000,-150];line_band=[-2.5,2.5];prob_band=[0.65,1.0]"
2026_05_09,9fd60ef171dd7d6b753c07fe32aa37f6,run_line,home,0.7697952534673068,0.7697952534673068,0.7697952534673068,0.1520721702037516,0.3278021401245362,-192.0,1.5,"ev_band=[0.075,99.99];kelly_band=[-10.0,99.99];odds_band=[-1000,-150];line_band=[-2.5,2.5];prob_band=[0.65,1.0]"
2026_05_09,dd95987c051582f99dbe07d5424b2a03,run_line,away,0.6572362703534522,0.6572362703534522,0.6572362703534522,0.0547498534125677,0.0573997434719935,-175.0,1.5,"ev_band=[0.03,0.075];kelly_band=[-10.0,99.99];odds_band=[-199,-150];line_band=[-2.5,2.5];prob_band=[0.5,0.7]"
2026_05_09,dd95987c051582f99dbe07d5424b2a03,total,under,0.7104434496060724,0.7104434496060724,0.7104434496060724,0.2963964492023988,0.3600800236294202,-121.0,9.5,"ev_band=[-10.0,99.99];kelly_band=[-10.0,99.99];odds_band=[-1000,1000];line_band=[0.0,20.0];prob_band=[0.7,0.8]"
2026_05_10,1a0f51cf52137e602d477a383aededcd,run_line,home,0.720935291973587,0.720935291973587,0.720935291973587,0.1044656665799171,0.2493159354089488,-169.0,1.5,"ev_band=[0.075,99.99];kelly_band=[-10.0,99.99];odds_band=[-1000,-150];line_band=[-2.5,2.5];prob_band=[0.65,1.0]"
2026_05_10,1a85cdf5d7c53f361d8dd4b822af8f09,run_line,away,0.6704730718051841,0.6704730718051841,0.6704730718051841,-0.0120722032962821,0.0377813696711381,-192.0,1.5,"ev_band=[-10.0,0.0099];kelly_band=[-10.0,99.99];odds_band=[-199,-150];line_band=[-2.5,2.5];prob_band=[0.5,0.7]"
2026_05_10,24f0fb743655b2176ff9d2f1d17bc2d0,run_line,home,0.7216410501127687,0.7216410501127687,0.7216410501127687,0.1054568748242803,0.1871918663292849,-192.0,1.5,"ev_band=[0.075,99.99];kelly_band=[-10.0,99.99];odds_band=[-1000,-150];line_band=[-2.5,2.5];prob_band=[0.65,1.0]"
2026_05_10,42a6a833eaecf112c826202eb1d596f9,run_line,home,0.7092796696461214,0.7092796696461214,0.7092796696461214,0.1203024460006389,0.1830758717056012,-181.0,1.5,"ev_band=[0.075,99.99];kelly_band=[-10.0,99.99];odds_band=[-1000,-150];line_band=[-2.5,2.5];prob_band=[0.65,1.0]"
2026_05_10,73c2cde50707b32c9767a0a8fbb2e7d2,moneyline,away,0.5435611380874033,0.5435611380874033,0.5435611380874033,0.0802034783329099,0.1209325622424062,108.0,,"ev_band=[0.075,0.099];kelly_band=[-10.0,99.99];odds_band=[-1000,125];prob_band=[0.4,1.0]"
2026_05_10,9bfd5fd962a5ede4a98e0c595c9db46f,run_line,home,0.7556214619676611,0.7556214619676611,0.7556214619676611,0.2263466876594537,0.3352903765520383,-172.0,1.5,"ev_band=[0.075,99.99];kelly_band=[-10.0,99.99];odds_band=[-1000,-150];line_band=[-2.5,2.5];prob_band=[0.65,1.0]"
2026_05_10,bdfc7e1e5ee8e2389bbdfb8f9521a582,run_line,away,0.6830761195224697,0.6830761195224697,0.6830761195224697,0.0307064543994804,0.0967669406390387,-185.0,1.5,"ev_band=[0.03,0.075];kelly_band=[-10.0,99.99];odds_band=[-199,-150];line_band=[-2.5,2.5];prob_band=[0.5,0.7]"
2026_05_10,bdfc7e1e5ee8e2389bbdfb8f9521a582,moneyline,away,0.5263157894736842,0.5263157894736842,0.5263157894736842,0.0941894736842104,0.1033834586466165,112.0,,"ev_band=[0.075,0.099];kelly_band=[-10.0,99.99];odds_band=[-1000,125];prob_band=[0.4,1.0]"
2026_05_12,744c4597586797d5f7e9be094f031f11,run_line,home,0.721571795862746,0.721571795862746,0.721571795862746,0.1145796475627882,0.1981267720847084,-188.0,1.5,"ev_band=[0.075,99.99];kelly_band=[-10.0,99.99];odds_band=[-1000,-150];line_band=[-2.5,2.5];prob_band=[0.65,1.0]"
2026_05_12,ad3552c4909328a0be4de1ec98e97bcf,run_line,home,0.7045111362783038,0.7045111362783038,0.7045111362783038,0.1028829230034159,0.1962702906769863,-172.0,1.5,"ev_band=[0.075,99.99];kelly_band=[-10.0,99.99];odds_band=[-1000,-150];line_band=[-2.5,2.5];prob_band=[0.65,1.0]"
2026_05_13,7018d88c446b88b45928fc75ec91e83c,total,under,0.74177339100741,0.74177339100741,0.74177339100741,0.390097093346774,0.4473950567558574,-114.0,8.0,"ev_band=[-10.0,99.99];kelly_band=[-10.0,99.99];odds_band=[-1000,1000];line_band=[0.0,20.0];prob_band=[0.7,0.8]"
2026_05_13,ca6c0da9264577ed9bb23ff05ee77801,run_line,home,0.69988061130673,0.69988061130673,0.69988061130673,0.1134833225296232,0.1746716810935074,-175.0,1.5,"ev_band=[0.075,99.99];kelly_band=[-10.0,99.99];odds_band=[-1000,-150];line_band=[-2.5,2.5];prob_band=[0.65,1.0]"
2026_05_13,d27ba1c4cb8a441ca047f3a9054aab48,run_line,away,0.6529746357315538,0.6529746357315538,0.6529746357315538,0.0546647868415241,0.1116150674727776,-156.0,1.5,"ev_band=[0.03,0.075];kelly_band=[-10.0,99.99];odds_band=[-199,-150];line_band=[-2.5,2.5];prob_band=[0.5,0.7]"
2026_05_14,07fe304b5fb4622bc1a942801ac904f6,moneyline,away,0.5788810991579032,0.5788810991579032,0.5788810991579032,0.0798019872447949,0.1367062532737015,-105.0,,"ev_band=[0.075,0.099];kelly_band=[-10.0,99.99];odds_band=[-1000,125];prob_band=[0.4,1.0]"
2026_05_14,0fd9dcf5dd607b0b9074ed98709c23da,run_line,home,0.679973854014897,0.679973854014897,0.679973854014897,0.0768991252032116,0.0655236537234995,-192.0,1.5,"ev_band=[0.075,99.99];kelly_band=[-10.0,99.99];odds_band=[-1000,-150];line_band=[-2.5,2.5];prob_band=[0.65,1.0]"
2026_05_14,6e7d9b2e9bc1d87a475e2a29d5c86b92,run_line,home,0.7844630943306542,0.7844630943306542,0.7844630943306542,0.1889236299338393,0.3943412950691382,-181.0,1.5,"ev_band=[0.075,99.99];kelly_band=[-10.0,99.99];odds_band=[-1000,-150];line_band=[-2.5,2.5];prob_band=[0.65,1.0]"
2026_05_15,0a103297db91d5bd1abf13d04b710c2a,run_line,away,0.6559727668065657,0.6559727668065657,0.6559727668065657,0.0462925581671035,0.0952083767012677,-163.0,1.5,"ev_band=[0.03,0.075];kelly_band=[-10.0,99.99];odds_band=[-199,-150];line_band=[-2.5,2.5];prob_band=[0.5,0.7]"
2026_05_15,19b80d07edae4ffcb25b42667963c877,run_line,home,0.6889053801118277,0.6889053801118277,0.6889053801118277,0.0847237930040249,0.2035977730862788,-156.0,1.5,"ev_band=[0.075,99.99];kelly_band=[-10.0,99.99];odds_band=[-1000,-150];line_band=[-2.5,2.5];prob_band=[0.65,1.0]"
2026_05_15,2aee6b065d2ab7dd34a7bf34c50ecf64,run_line,home,0.7780425299415723,0.7780425299415723,0.7780425299415723,0.1727971282456916,0.3341275898247169,-200.0,1.5,"ev_band=[0.075,99.99];kelly_band=[-10.0,99.99];odds_band=[-1000,-150];line_band=[-2.5,2.5];prob_band=[0.65,1.0]"
2026_05_15,4323e1f1f88640843f73a6482a7730d5,run_line,home,0.6777598580909149,0.6777598580909149,0.6777598580909149,0.0431455566438634,0.1041724054927434,-178.0,1.5,"ev_band=[0.04,0.0499];kelly_band=[-10.0,99.99];odds_band=[-1000,-150];line_band=[-2.5,2.5];prob_band=[0.65,1.0]"
2026_05_15,919b933a4af691070848a940a7d07a84,run_line,away,0.664280830444457,0.664280830444457,0.664280830444457,0.0045701474487609,0.0566291335489239,-181.0,1.5,"ev_band=[-10.0,0.0099];kelly_band=[-10.0,99.99];odds_band=[-199,-150];line_band=[-2.5,2.5];prob_band=[0.5,0.7]"
2026_05_16,8c4164a5b90b37ee80487fbe77607394,run_line,away,0.6413756629687001,0.6413756629687001,0.6413756629687001,0.0079371529190684,0.0137830731639252,-175.0,1.5,"ev_band=[-10.0,0.0099];kelly_band=[-10.0,99.99];odds_band=[-199,-150];line_band=[-2.5,2.5];prob_band=[0.5,0.7]"
2026_05_16,cc7b9980605dd66040b354031b4491c8,run_line,home,0.6905209925543372,0.6905209925543372,0.6905209925543372,0.1100365970109932,0.1582170997477973,-172.0,1.5,"ev_band=[0.075,99.99];kelly_band=[-10.0,99.99];odds_band=[-1000,-150];line_band=[-2.5,2.5];prob_band=[0.65,1.0]"
2026_05_16,f1f5588e7499f45638568bb30db784a3,run_line,home,0.7193387096552022,0.7193387096552022,0.7193387096552022,0.0949094001595157,0.2001153225173262,-185.0,1.5,"ev_band=[0.075,99.99];kelly_band=[-10.0,99.99];odds_band=[-1000,-150];line_band=[-2.5,2.5];prob_band=[0.65,1.0]"
2026_05_17,4a7ed5c0f59bf539dffd13712f0d22e3,run_line,away,0.6736649841726643,0.6736649841726643,0.6736649841726643,0.0518563855055872,0.1417389083741071,-163.0,1.5,"ev_band=[0.03,0.075];kelly_band=[-10.0,99.99];odds_band=[-199,-150];line_band=[-2.5,2.5];prob_band=[0.5,0.7]"
2026_05_17,b51f77ee601ba774b0fc72ab78459a22,run_line,away,0.6203329803031888,0.6203329803031888,0.6203329803031888,0.0002553608572924,0.0014757381973866,-163.0,1.5,"ev_band=[-10.0,0.0099];kelly_band=[-10.0,99.99];odds_band=[-199,-150];line_band=[-2.5,2.5];prob_band=[0.5,0.7]"
2026_05_17,d125d71e5b57f505a63c57086e78bfea,run_line,away,0.6760692463088492,0.6760692463088492,0.6760692463088492,0.0372886454280417,0.0541221992218401,-192.0,1.5,"ev_band=[0.03,0.075];kelly_band=[-10.0,99.99];odds_band=[-199,-150];line_band=[-2.5,2.5];prob_band=[0.5,0.7]"
2026_05_17,d125d71e5b57f505a63c57086e78bfea,moneyline,away,0.4908811026270988,0.4908811026270988,0.4908811026270988,0.0841296147533462,0.0630500964313834,119.0,,"ev_band=[0.075,0.099];kelly_band=[-10.0,99.99];odds_band=[-1000,125];prob_band=[0.4,1.0]"
2026_05_18,42fd4ebc22c3536132b84d9c0a55ef29,run_line,home,0.7282560999718243,0.7282560999718243,0.7282560999718243,0.1673635539239778,0.2527042749225167,-175.0,1.5,"ev_band=[0.075,99.99];kelly_band=[-10.0,99.99];odds_band=[-1000,-150];line_band=[-2.5,2.5];prob_band=[0.65,1.0]"
2026_05_18,60ea4be5f7a9bd97fd35cbbbe9e208fa,run_line,home,0.7059878440473863,0.7059878440473863,0.7059878440473863,0.1330261358839879,0.1914665711303124,-175.0,1.5,"ev_band=[0.075,99.99];kelly_band=[-10.0,99.99];odds_band=[-1000,-150];line_band=[-2.5,2.5];prob_band=[0.65,1.0]"
2026_05_19,00aa355eed768f248a9d925736ced07e,run_line,home,0.7498519313495399,0.7498519313495399,0.7498519313495399,0.1199157900385366,0.2695676395406567,-192.0,1.5,"ev_band=[0.075,99.99];kelly_band=[-10.0,99.99];odds_band=[-1000,-150];line_band=[-2.5,2.5];prob_band=[0.65,1.0]"
2026_05_19,36672faae36a4b8104686a4a2068f311,run_line,away,0.6837277203755902,0.6837277203755902,0.6837277203755902,0.0503270052632965,0.0986240030704319,-185.0,1.5,"ev_band=[0.03,0.075];kelly_band=[-10.0,99.99];odds_band=[-199,-150];line_band=[-2.5,2.5];prob_band=[0.5,0.7]"
2026_05_19,36672faae36a4b8104686a4a2068f311,moneyline,away,0.5236486486486486,0.5236486486486486,0.5236486486486486,0.0862059225225224,0.0825825825825824,108.0,,"ev_band=[0.075,0.099];kelly_band=[-10.0,99.99];odds_band=[-1000,125];prob_band=[0.4,1.0]"
2026_05_19,9dc0d5b7cb72b6692039e5b9a98b9c02,run_line,home,0.6920161328944465,0.6920161328944465,0.6920161328944465,0.0794553103069707,0.1345653334333946,-181.0,1.5,"ev_band=[0.075,99.99];kelly_band=[-10.0,99.99];odds_band=[-1000,-150];line_band=[-2.5,2.5];prob_band=[0.65,1.0]"
2026_05_19,a1ca821baa20137a228b1dff8e70c21d,run_line,home,0.6981749549515816,0.6981749549515816,0.6981749549515816,0.079215881506744,0.2062001315226595,-163.0,1.5,"ev_band=[0.075,99.99];kelly_band=[-10.0,99.99];odds_band=[-1000,-150];line_band=[-2.5,2.5];prob_band=[0.65,1.0]"
2026_05_19,c974a8cecb0d3237e2c78f1920c5eaf3,run_line,home,0.7866347323496932,0.7866347323496932,0.7866347323496932,0.1718256985245397,0.3599041970490795,-200.0,1.5,"ev_band=[0.075,99.99];kelly_band=[-10.0,99.99];odds_band=[-1000,-150];line_band=[-2.5,2.5];prob_band=[0.65,1.0]"
2026_05_20,005a4910f335d19816293b6d19644bd0,run_line,home,0.7559549621951047,0.7559549621951047,0.7559549621951047,0.1427018249930604,0.2776266880975099,-196.0,1.5,"ev_band=[0.075,99.99];kelly_band=[-10.0,99.99];odds_band=[-1000,-150];line_band=[-2.5,2.5];prob_band=[0.65,1.0]"
2026_05_20,44f850d55bfab7238e84fbd1b0e4c76f,run_line,away,0.6463578987274148,0.6463578987274148,0.6463578987274148,0.0411853757926318,0.0699212736531008,-163.0,1.5,"ev_band=[0.03,0.075];kelly_band=[-10.0,99.99];odds_band=[-199,-150];line_band=[-2.5,2.5];prob_band=[0.5,0.7]"
2026_05_20,9090dcea2ce4abd32e09245a44d713d7,run_line,home,0.781652065878159,0.781652065878159,0.781652065878159,0.1921180724119227,0.3624240323642247,-192.0,1.5,"ev_band=[0.075,99.99];kelly_band=[-10.0,99.99];odds_band=[-1000,-150];line_band=[-2.5,2.5];prob_band=[0.65,1.0]"
2026_05_21,6a7d1b1febdcfcc35087e32a118d0e3e,run_line,home,0.6927949643204957,0.6927949643204957,0.6927949643204957,0.1258105120520501,0.1644023029517484,-172.0,1.5,"ev_band=[0.075,99.99];kelly_band=[-10.0,99.99];odds_band=[-1000,-150];line_band=[-2.5,2.5];prob_band=[0.65,1.0]"
2026_05_21,ad313997692fb82ede49e0b3e0c17525,run_line,home,0.7361204396272625,0.7361204396272625,0.7361204396272625,0.1552252171883325,0.282247595786154,-172.0,1.5,"ev_band=[0.075,99.99];kelly_band=[-10.0,99.99];odds_band=[-1000,-150];line_band=[-2.5,2.5];prob_band=[0.65,1.0]"
2026_05_21,fa85c6e14d2b480b97a6f0004286ec0b,moneyline,home,0.4888703082460665,0.4888703082460665,0.4888703082460665,0.0696597972811077,0.059349558873013,119.0,,"ev_band=[0.05,0.0749];kelly_band=[-10.0,99.99];odds_band=[-100,125];prob_band=[0.4,1.0]"
2026_05_22,0fec3ff922e35049f5bbc3e899ce1cef,run_line,home,0.6786746439333021,0.6786746439333021,0.6786746439333021,0.1098659560056941,0.1067155101345799,-178.0,1.5,"ev_band=[0.075,99.99];kelly_band=[-10.0,99.99];odds_band=[-1000,-150];line_band=[-2.5,2.5];prob_band=[0.65,1.0]"
2026_05_22,2e525c53c28c114fe0aeaafcbe01e2be,run_line,home,0.7049847077957329,0.7049847077957329,0.7049847077957329,0.1003575228204534,0.1592064172178386,-185.0,1.5,"ev_band=[0.075,99.99];kelly_band=[-10.0,99.99];odds_band=[-1000,-150];line_band=[-2.5,2.5];prob_band=[0.65,1.0]"
2026_05_22,668e5f71f74fad13739788e98ce12084,run_line,away,0.6533330624927579,0.6533330624927579,0.6533330624927579,0.0009897521711593,0.0466659218550842,-175.0,1.5,"ev_band=[-10.0,0.0099];kelly_band=[-10.0,99.99];odds_band=[-199,-150];line_band=[-2.5,2.5];prob_band=[0.5,0.7]"
2026_05_22,a29760479f428402af00a34cffbc00cf,run_line,home,0.6788890210490596,0.6788890210490596,0.6788890210490596,0.0473603861787783,0.0623559414632543,-192.0,1.5,"ev_band=[0.04,0.0499];kelly_band=[-10.0,99.99];odds_band=[-1000,-150];line_band=[-2.5,2.5];prob_band=[0.65,1.0]"
2026_05_22,de08b74f7a56e9ca21d1a814f3bb9580,run_line,home,0.6781701321009551,0.6781701321009551,0.6781701321009551,0.0401989257716758,0.0731299804507507,-188.0,1.5,"ev_band=[0.04,0.0499];kelly_band=[-10.0,99.99];odds_band=[-1000,-150];line_band=[-2.5,2.5];prob_band=[0.65,1.0]"
2026_05_22,de08b74f7a56e9ca21d1a814f3bb9580,moneyline,away,0.5302372539121656,0.5302372539121656,0.5302372539121656,0.0803839979808177,0.0785423057507863,104.0,,"ev_band=[0.075,0.099];kelly_band=[-10.0,99.99];odds_band=[-1000,125];prob_band=[0.4,1.0]"
2026_05_23,188966d9ba86d03383806bac10bc777c,run_line,home,0.6995994908876411,0.6995994908876411,0.6995994908876411,0.112596076980945,0.209946661034496,-163.0,1.5,"ev_band=[0.075,99.99];kelly_band=[-10.0,99.99];odds_band=[-1000,-150];line_band=[-2.5,2.5];prob_band=[0.65,1.0]"
2026_05_23,1b110a61227c86ab2f069fb32d6720af,run_line,home,0.8022700454745405,0.8022700454745405,0.8022700454745405,0.2148964978545811,0.4443788277834587,-181.0,1.5,"ev_band=[0.075,99.99];kelly_band=[-10.0,99.99];odds_band=[-1000,-150];line_band=[-2.5,2.5];prob_band=[0.65,1.0]"
2026_05_23,613fbf2d89b0e9cffb2d70ebdbe1f178,run_line,home,0.7808141975641893,0.7808141975641893,0.7808141975641893,0.2186104143510937,0.3599774568874332,-192.0,1.5,"ev_band=[0.075,99.99];kelly_band=[-10.0,99.99];odds_band=[-1000,-150];line_band=[-2.5,2.5];prob_band=[0.65,1.0]"
2026_05_23,71e440d0877946408af692d321e7972b,moneyline,away,0.5470307015774398,0.5470307015774398,0.5470307015774398,0.0879952575947069,0.089531710170654,-101.0,,"ev_band=[0.075,0.099];kelly_band=[-10.0,99.99];odds_band=[-1000,125];prob_band=[0.4,1.0]"
2026_05_23,85a0d1f951c22b4be483d2e435fd0454,moneyline,away,0.4838393731635651,0.4838393731635651,0.4838393731635651,0.0869082272282076,0.0500909472505946,119.0,,"ev_band=[0.075,0.099];kelly_band=[-10.0,99.99];odds_band=[-1000,125];prob_band=[0.4,1.0]"
2026_05_23,8cd9a8c51a76ba56fe6f4a174a01a9ee,run_line,home,0.7270590325905036,0.7270590325905036,0.7270590325905036,0.1162860706274125,0.2221182428829354,-185.0,1.5,"ev_band=[0.075,99.99];kelly_band=[-10.0,99.99];odds_band=[-1000,-150];line_band=[-2.5,2.5];prob_band=[0.65,1.0]"
2026_05_23,bb14f988c4cc921c1b5286bf757183f6,moneyline,home,0.6706714944042134,0.6706714944042134,0.6706714944042134,0.0666706638285424,0.01201448321264,-200.0,,"ev_band=[0.05,0.0749];kelly_band=[-10.0,99.99];odds_band=[-1000,-200];prob_band=[0.4,1.0]"
2026_05_23,e8edd4604077b2fc638f1b2e3db08545,run_line,home,0.7197125479050086,0.7197125479050086,0.7197125479050086,0.1820259897244586,0.282464122636822,-156.0,1.5,"ev_band=[0.075,99.99];kelly_band=[-10.0,99.99];odds_band=[-1000,-150];line_band=[-2.5,2.5];prob_band=[0.65,1.0]"
2026_05_24,24764298bc8225d9b8c29e943649671f,run_line,home,0.7299076084587987,0.7299076084587987,0.7299076084587987,0.143761053715103,0.2815542385004044,-166.0,1.5,"ev_band=[0.075,99.99];kelly_band=[-10.0,99.99];odds_band=[-1000,-150];line_band=[-2.5,2.5];prob_band=[0.65,1.0]"
2026_05_24,bcb23e6708172d9bcdc2a18e01b320ce,run_line,home,0.7725857894948546,0.7725857894948546,0.7725857894948546,0.2245176560052099,0.3609660684805413,-181.0,1.5,"ev_band=[0.075,99.99];kelly_band=[-10.0,99.99];odds_band=[-1000,-150];line_band=[-2.5,2.5];prob_band=[0.65,1.0]"
2026_05_24,f70aa43669ed4dd4d5fa56bbe2964822,run_line,away,0.6352579989117604,0.6352579989117604,0.6352579989117604,-0.0195521986827656,0.0589656371923415,-158.0,1.5,"ev_band=[-10.0,0.0099];kelly_band=[-10.0,99.99];odds_band=[-199,-150];line_band=[-2.5,2.5];prob_band=[0.5,0.7]"
2026_05_25,56f5691dc9526c1284405c8be014cd55,run_line,home,0.6999498266368805,0.6999498266368805,0.6999498266368805,0.097976711699225,0.1748620232514215,-175.0,1.5,"ev_band=[0.075,99.99];kelly_band=[-10.0,99.99];odds_band=[-1000,-150];line_band=[-2.5,2.5];prob_band=[0.65,1.0]"
2026_05_25,e03d047a725cd7870eb6b6eaf8b23942,run_line,home,0.6664446565392922,0.6664446565392922,0.6664446565392922,0.0774965481095909,0.1294205535675524,-161.0,1.5,"ev_band=[0.075,99.99];kelly_band=[-10.0,99.99];odds_band=[-1000,-150];line_band=[-2.5,2.5];prob_band=[0.65,1.0]"
2026_05_26,42ec808f3f2b51bde3830094a2d31f59,run_line,home,0.7233881609043569,0.7233881609043569,0.7233881609043569,0.1020070508358305,0.2476157976598508,-172.0,1.5,"ev_band=[0.075,99.99];kelly_band=[-10.0,99.99];odds_band=[-1000,-150];line_band=[-2.5,2.5];prob_band=[0.65,1.0]"
2026_05_26,82e37a8a126f9724f8872ec1669446da,run_line,home,0.7886669655071828,0.7886669655071828,0.7886669655071828,0.14702957474273,0.3575475751418359,-204.0,1.5,"ev_band=[0.075,99.99];kelly_band=[-10.0,99.99];odds_band=[-1000,-150];line_band=[-2.5,2.5];prob_band=[0.65,1.0]"
2026_05_26,990789f1b2f666667f7dad0fe7d8b8b8,run_line,home,0.7194278869745441,0.7194278869745441,0.7194278869745441,0.1434803588965057,0.2284266891799961,-175.0,1.5,"ev_band=[0.075,99.99];kelly_band=[-10.0,99.99];odds_band=[-1000,-150];line_band=[-2.5,2.5];prob_band=[0.65,1.0]"
2026_05_26,a688baa4f466d96e091e81af30a03a59,run_line,home,0.6828295300466333,0.6828295300466333,0.6828295300466333,0.1014211299389099,0.1658416640226455,-163.0,1.5,"ev_band=[0.075,99.99];kelly_band=[-10.0,99.99];odds_band=[-1000,-150];line_band=[-2.5,2.5];prob_band=[0.65,1.0]"
2026_05_27,0bf247d0cff39f586755507c71b2d50c,run_line,home,0.7057566969792503,0.7057566969792503,0.7057566969792503,0.1543370582907354,0.2467371442668805,-156.0,1.5,"ev_band=[0.075,99.99];kelly_band=[-10.0,99.99];odds_band=[-1000,-150];line_band=[-2.5,2.5];prob_band=[0.65,1.0]"
2026_05_27,77b3529d80cffeb203543f5f2201f8ff,run_line,home,0.7277335379937466,0.7277335379937466,0.7277335379937466,0.2262726042823682,0.2430992356226156,-178.0,-1.5,"ev_band=[0.075,99.99];kelly_band=[-10.0,99.99];odds_band=[-1000,-150];line_band=[-2.5,2.5];prob_band=[0.65,1.0]"
2026_05_27,77b3529d80cffeb203543f5f2201f8ff,total,under,0.7024999258971475,0.7024999258971475,0.7024999258971475,0.3795047928373744,0.3960748495712094,-103.0,8.0,"ev_band=[-10.0,99.99];kelly_band=[-10.0,99.99];odds_band=[-1000,1000];line_band=[0.0,20.0];prob_band=[0.7,0.8]"
2026_05_27,880e1e94ed3cbd5f07937fd05887eb09,run_line,home,0.6660100758806599,0.6660100758806599,0.6660100758806599,0.0791227033466407,0.1216064995661354,-163.0,1.5,"ev_band=[0.075,99.99];kelly_band=[-10.0,99.99];odds_band=[-1000,-150];line_band=[-2.5,2.5];prob_band=[0.65,1.0]"
2026_05_27,a9124c7ee5e65da688ee0e5e3c192445,total,under,0.7502221495306799,0.7502221495306799,0.7502221495306799,0.4454985279723304,0.4829598495285075,-107.0,9.0,"ev_band=[-10.0,99.99];kelly_band=[-10.0,99.99];odds_band=[-1000,1000];line_band=[0.0,20.0];prob_band=[0.7,0.8]"
2026_05_27,ded9b9a083989d5a8249364b1eb5a293,run_line,home,0.7529533583961754,0.7529533583961754,0.7529533583961754,0.1972687515232371,0.2959170714290999,-185.0,1.5,"ev_band=[0.075,99.99];kelly_band=[-10.0,99.99];odds_band=[-1000,-150];line_band=[-2.5,2.5];prob_band=[0.65,1.0]"
2026_05_28,26a9e538184a6f2d2c207fd1872bd028,run_line,away,0.6481807491330893,0.6481807491330893,0.6481807491330893,0.0502721552182189,0.043051637642003,-172.0,1.5,"ev_band=[0.03,0.075];kelly_band=[-10.0,99.99];odds_band=[-199,-150];line_band=[-2.5,2.5];prob_band=[0.5,0.7]"
2026_05_28,f83cd7ff929aebf58050093ee52c8a86,moneyline,away,0.5356066996023617,0.5356066996023617,0.5356066996023617,0.090013801839579,0.1056129029378818,108.0,,"ev_band=[0.075,0.099];kelly_band=[-10.0,99.99];odds_band=[-1000,125];prob_band=[0.4,1.0]"
2026_05_29,18e8a4acb1d40019544cfef0a5f07ef1,run_line,home,0.7470114018509351,0.7470114018509351,0.7470114018509351,0.1049523366416215,0.2713928373306929,-188.0,1.5,"ev_band=[0.075,99.99];kelly_band=[-10.0,99.99];odds_band=[-1000,-150];line_band=[-2.5,2.5];prob_band=[0.65,1.0]"
2026_05_29,57848c1e5cf12fb46c9c6e5c89c1022e,run_line,away,0.699090240536852,0.699090240536852,0.699090240536852,0.0551386297053515,0.1213435023676081,-192.0,1.5,"ev_band=[0.03,0.075];kelly_band=[-10.0,99.99];odds_band=[-199,-150];line_band=[-2.5,2.5];prob_band=[0.5,0.7]"
2026_05_29,6493e9132fdd464eebd5031d8ad02c41,run_line,home,0.7497243441325898,0.7497243441325898,0.7497243441325898,0.1396946622572028,0.2691950848671626,-192.0,1.5,"ev_band=[0.075,99.99];kelly_band=[-10.0,99.99];odds_band=[-1000,-150];line_band=[-2.5,2.5];prob_band=[0.65,1.0]"
2026_05_29,ddd9481c210fa90dea318ad8e185cf22,moneyline,away,0.5362122893754414,0.5362122893754414,0.5362122893754414,0.0801103841231404,0.1067792239823316,108.0,,"ev_band=[0.075,0.099];kelly_band=[-10.0,99.99];odds_band=[-1000,125];prob_band=[0.4,1.0]"
2026_05_30,63299501,run_line,home,0.720807571039384,0.720807571039384,0.720807571039384,0.1081776469665072,0.1735904102765764,-196.0,1.5,"ev_band=[0.075,99.99];kelly_band=[-10.0,99.99];odds_band=[-1000,-150];line_band=[-2.5,2.5];prob_band=[0.65,1.0]"
2026_05_30,63299639,run_line,home,0.6548528846293895,0.6548528846293895,0.6548528846293895,0.0796139578828707,0.1095204423438247,-158.0,1.5,"ev_band=[0.075,99.99];kelly_band=[-10.0,99.99];odds_band=[-1000,-150];line_band=[-2.5,2.5];prob_band=[0.65,1.0]"
2026_05_30,63299695,run_line,home,0.6646913218931454,0.6646913218931454,0.6646913218931454,0.0886175426320544,0.0879603955493555,-172.0,1.5,"ev_band=[0.075,99.99];kelly_band=[-10.0,99.99];odds_band=[-1000,-150];line_band=[-2.5,2.5];prob_band=[0.65,1.0]"
2026_05_31,63299725,total,over,0.6359739278570316,0.6359739278570316,0.6359739278570316,0.275280347604537,0.2719478557140631,100.0,8.5,"ev_band=[0.1,0.99];kelly_band=[0.15,0.99];odds_band=[-100,125];line_band=[0.0,20.0];prob_band=[0.0,1.0]"
2026_05_31,63300573,run_line,home,0.7165897578530234,0.7165897578530234,0.7165897578530234,0.0938100782240168,0.1837785026167072,-188.0,1.5,"ev_band=[0.075,99.99];kelly_band=[-10.0,99.99];odds_band=[-1000,-150];line_band=[-2.5,2.5];prob_band=[0.65,1.0]"
2026_06_01,63299391,total,over,0.5072701081686503,0.5072701081686503,0.5072701081686503,0.0263335668031432,0.0242015867653661,102.0,7.5,"ev_band=[0.02,0.0499];kelly_band=[0.02,0.0499];odds_band=[-100,125];line_band=[0.0,20.0];prob_band=[0.0,1.0]"
2026_06_02,63300829,run_line,home,0.6501510326401887,0.6501510326401887,0.6501510326401887,0.0444000968366234,0.0798972158436962,-163.0,1.5,"ev_band=[0.04,0.0499];kelly_band=[-10.0,99.99];odds_band=[-1000,-150];line_band=[-2.5,2.5];prob_band=[0.65,1.0]"
2026_06_02,63301197,run_line,home,0.6674231530143604,0.6674231530143604,0.6674231530143604,0.0801396508148601,0.1319744293674805,-161.0,1.5,"ev_band=[0.075,99.99];kelly_band=[-10.0,99.99];odds_band=[-1000,-150];line_band=[-2.5,2.5];prob_band=[0.65,1.0]"
2026_06_02,63302527,run_line,home,0.7626788259699273,0.7626788259699273,0.7626788259699273,0.1370465511185845,0.278543630948579,-204.0,1.5,"ev_band=[0.075,99.99];kelly_band=[-10.0,99.99];odds_band=[-1000,-150];line_band=[-2.5,2.5];prob_band=[0.65,1.0]"
2026_06_03,63301907,run_line,away,0.6677299706512492,0.6677299706512492,0.6677299706512492,0.0488135927276802,0.1261298228127853,-163.0,1.5,"ev_band=[0.03,0.075];kelly_band=[-10.0,99.99];odds_band=[-199,-150];line_band=[-2.5,2.5];prob_band=[0.5,0.7]"
2026_06_03,63302343,run_line,home,0.682628576705816,0.682628576705816,0.682628576705816,0.0408733279086733,0.08597030091275,-188.0,1.5,"ev_band=[0.04,0.0499];kelly_band=[-10.0,99.99];odds_band=[-1000,-150];line_band=[-2.5,2.5];prob_band=[0.65,1.0]"
2026_06_03,63303087,run_line,away,0.6724050305233469,0.6724050305233469,0.6724050305233469,0.0338617919128339,0.056526487907239,-188.0,1.5,"ev_band=[0.03,0.075];kelly_band=[-10.0,99.99];odds_band=[-199,-150];line_band=[-2.5,2.5];prob_band=[0.5,0.7]"
2026_06_04,63301717,run_line,home,0.7429924656207475,0.7429924656207475,0.7429924656207475,0.1138519627715593,0.2778088283943004,-181.0,1.5,"ev_band=[0.075,99.99];kelly_band=[-10.0,99.99];odds_band=[-1000,-150];line_band=[-2.5,2.5];prob_band=[0.65,1.0]"
2026_06_04,63301717,total,under,0.723619729271174,0.723619729271174,0.723619729271174,0.3351613883172046,0.4002548125184476,-117.0,10.5,"ev_band=[-10.0,99.99];kelly_band=[-10.0,99.99];odds_band=[-1000,1000];line_band=[0.0,20.0];prob_band=[0.7,0.8]"
2026_06_04,63303517,run_line,home,0.7015295202439769,0.7015295202439769,0.7015295202439769,0.1746490845381685,0.2150226382416591,-163.0,1.5,"ev_band=[0.075,99.99];kelly_band=[-10.0,99.99];odds_band=[-1000,-150];line_band=[-2.5,2.5];prob_band=[0.65,1.0]"
2026_06_05,63300949,total,under,0.7182906955383188,0.7182906955383188,0.7182906955383188,0.3392415961933448,0.4027762745412358,-112.0,12.0,"ev_band=[-10.0,99.99];kelly_band=[-10.0,99.99];odds_band=[-1000,1000];line_band=[0.0,20.0];prob_band=[0.7,0.8]"
2026_06_05,63303571,run_line,home,0.7118895092750883,0.7118895092750883,0.7118895092750883,0.1172567415326571,0.190409521062998,-181.0,1.5,"ev_band=[0.075,99.99];kelly_band=[-10.0,99.99];odds_band=[-1000,-150];line_band=[-2.5,2.5];prob_band=[0.65,1.0]"
2026_06_05,63303813,moneyline,away,0.4791742895475057,0.4791742895475057,0.4791742895475057,0.0792803605073788,0.01415133378635,112.0,,"ev_band=[0.075,0.099];kelly_band=[-10.0,99.99];odds_band=[-1000,125];prob_band=[0.4,1.0]"
2026_06_06,63301995,run_line,home,0.7400698559460017,0.7400698559460017,0.7400698559460017,0.1424282601603597,0.2773941995298848,-178.0,1.5,"ev_band=[0.075,99.99];kelly_band=[-10.0,99.99];odds_band=[-1000,-150];line_band=[-2.5,2.5];prob_band=[0.65,1.0]"
2026_06_06,63302467,run_line,home,0.7010757693877915,0.7010757693877915,0.7010757693877915,0.1988019144791426,0.2138292734898915,-163.0,-1.5,"ev_band=[0.075,99.99];kelly_band=[-10.0,99.99];odds_band=[-1000,-150];line_band=[-2.5,2.5];prob_band=[0.65,1.0]"
2026_06_06,63302719,run_line,away,0.6081355763288043,0.6081355763288043,0.6081355763288043,-0.0088978536226865,0.0164202965852989,-151.0,1.5,"ev_band=[-10.0,0.0099];kelly_band=[-10.0,99.99];odds_band=[-199,-150];line_band=[-2.5,2.5];prob_band=[0.5,0.7]"
2026_06_06,63303447,run_line,away,0.6679594457428317,0.6679594457428317,0.6679594457428317,0.002158667710059,0.0437232037393554,-188.0,1.5,"ev_band=[-10.0,0.0099];kelly_band=[-10.0,99.99];odds_band=[-199,-150];line_band=[-2.5,2.5];prob_band=[0.5,0.7]"
2026_06_06,63303473,run_line,home,0.7195094926030348,0.7195094926030348,0.7195094926030348,0.0947610759920626,0.200602053918649,-185.0,1.5,"ev_band=[0.075,99.99];kelly_band=[-10.0,99.99];odds_band=[-1000,-150];line_band=[-2.5,2.5];prob_band=[0.65,1.0]"
2026_06_06,63303689,total,under,0.7271065547389339,0.7271065547389339,0.7271065547389339,0.3499463422154256,0.4214658960465399,-112.0,10.5,"ev_band=[-10.0,99.99];kelly_band=[-10.0,99.99];odds_band=[-1000,1000];line_band=[0.0,20.0];prob_band=[0.7,0.8]"
2026_06_07,63299429,total,under,0.7432442388757814,0.7432442388757814,0.7432442388757814,0.4416097456894176,0.4710831320841097,-106.0,8.0,"ev_band=[-10.0,99.99];kelly_band=[-10.0,99.99];odds_band=[-1000,1000];line_band=[0.0,20.0];prob_band=[0.7,0.8]"
2026_06_07,63301451,run_line,home,0.7115865897626434,0.7115865897626434,0.7115865897626434,0.1346297870873284,0.2068631218472694,-175.0,1.5,"ev_band=[0.075,99.99];kelly_band=[-10.0,99.99];odds_band=[-1000,-150];line_band=[-2.5,2.5];prob_band=[0.65,1.0]"
2026_06_07,63301753,total,under,0.7820373327949541,0.7820373327949541,0.7820373327949541,0.432860136364533,0.5292006388371008,-116.0,12.5,"ev_band=[-10.0,99.99];kelly_band=[-10.0,99.99];odds_band=[-1000,1000];line_band=[0.0,20.0];prob_band=[0.7,0.8]"
2026_06_07,63301789,run_line,home,0.6619599877661986,0.6619599877661986,0.6619599877661986,0.042392554886237,0.0906723670910741,-169.0,1.5,"ev_band=[0.04,0.0499];kelly_band=[-10.0,99.99];odds_band=[-1000,-150];line_band=[-2.5,2.5];prob_band=[0.65,1.0]"
2026_06_07,63302133,run_line,home,0.6571582787135659,0.6571582787135659,0.6571582787135659,0.0219561120741663,0.0674705181008994,-172.0,1.5,"ev_band=[0.02,0.0299];kelly_band=[-10.0,99.99];odds_band=[-1000,-150];line_band=[-2.5,2.5];prob_band=[0.65,1.0]"
2026_06_07,63302133,total,under,0.7393161970452532,0.7393161970452532,0.7393161970452532,0.3999963769043744,0.4499571757654843,-111.0,9.0,"ev_band=[-10.0,99.99];kelly_band=[-10.0,99.99];odds_band=[-1000,1000];line_band=[0.0,20.0];prob_band=[0.7,0.8]"
2026_06_07,63303593,run_line,home,0.800580287413792,0.800580287413792,0.800580287413792,0.1397137873469224,0.377810496731031,-212.0,1.5,"ev_band=[0.075,99.99];kelly_band=[-10.0,99.99];odds_band=[-1000,-150];line_band=[-2.5,2.5];prob_band=[0.65,1.0]"
2026_06_08,63299157,total,under,0.7034851719439582,0.7034851719439582,0.7034851719439582,0.3365314599758383,0.3743537128017519,-111.0,11.0,"ev_band=[-10.0,99.99];kelly_band=[-10.0,99.99];odds_band=[-1000,1000];line_band=[0.0,20.0];prob_band=[0.7,0.8]"
2026_06_08,63302861,moneyline,away,0.6028282745893699,0.6028282745893699,0.6028282745893699,0.0851025300011025,0.0825333143014444,-131.0,,"ev_band=[0.075,0.099];kelly_band=[-10.0,99.99];odds_band=[-1000,125];prob_band=[0.4,1.0]"
2026_06_08,63302877,run_line,away,0.6071873084880602,0.6071873084880602,0.6071873084880602,-0.029051891188721,0.0140401443050312,-151.0,1.5,"ev_band=[-10.0,0.0099];kelly_band=[-10.0,99.99];odds_band=[-199,-150];line_band=[-2.5,2.5];prob_band=[0.5,0.7]"
2026_06_08,63302909,run_line,home,0.7086184871302685,0.7086184871302685,0.7086184871302685,0.1326949591412155,0.1987008396082384,-175.0,1.5,"ev_band=[0.075,99.99];kelly_band=[-10.0,99.99];odds_band=[-1000,-150];line_band=[-2.5,2.5];prob_band=[0.65,1.0]"
2026_06_08,63303263,run_line,home,0.7696066723982095,0.7696066723982095,0.7696066723982095,0.1643259562535408,0.2996042840905568,-204.0,1.5,"ev_band=[0.075,99.99];kelly_band=[-10.0,99.99];odds_band=[-1000,-150];line_band=[-2.5,2.5];prob_band=[0.65,1.0]"
2026_06_09,63301141,total,under,0.7137450004571244,0.7137450004571244,0.7137450004571244,0.3443044013673479,0.3902768509736748,-113.0,13.0,"ev_band=[-10.0,99.99];kelly_band=[-10.0,99.99];odds_band=[-1000,1000];line_band=[0.0,20.0];prob_band=[0.7,0.8]"
2026_06_09,63302797,run_line,home,0.7185049758793561,0.7185049758793561,0.7185049758793561,0.1247912514653019,0.1892943305325456,-188.0,1.5,"ev_band=[0.075,99.99];kelly_band=[-10.0,99.99];odds_band=[-1000,-150];line_band=[-2.5,2.5];prob_band=[0.65,1.0]"
2026_06_09,63303449,run_line,home,0.6679854832139828,0.6679854832139828,0.6679854832139828,0.1108052836860922,0.1268018208527746,-163.0,1.5,"ev_band=[0.075,99.99];kelly_band=[-10.0,99.99];odds_band=[-1000,-150];line_band=[-2.5,2.5];prob_band=[0.65,1.0]"
2026_06_09,63303449,moneyline,home,0.5032597691840454,0.5032597691840454,0.5032597691840454,0.059662684691008,0.025624931861012,104.0,,"ev_band=[0.05,0.0749];kelly_band=[-10.0,99.99];odds_band=[-100,125];prob_band=[0.4,1.0]"
2026_06_10,63301019,run_line,home,0.7084093537075953,0.7084093537075953,0.7084093537075953,0.1143735147492376,0.1806302839183426,-181.0,1.5,"ev_band=[0.075,99.99];kelly_band=[-10.0,99.99];odds_band=[-1000,-150];line_band=[-2.5,2.5];prob_band=[0.65,1.0]"
2026_06_10,63303615,run_line,home,0.7284963748299202,0.7284963748299202,0.7284963748299202,0.0898366610195186,0.1637688344761544,-208.0,1.5,"ev_band=[0.075,99.99];kelly_band=[-10.0,99.99];odds_band=[-1000,-150];line_band=[-2.5,2.5];prob_band=[0.65,1.0]"
2026_06_11,63302121,run_line,home,0.6611675397956955,0.6611675397956955,0.6611675397956955,0.0449822944572757,0.078375708244292,-172.0,1.5,"ev_band=[0.04,0.0499];kelly_band=[-10.0,99.99];odds_band=[-1000,-150];line_band=[-2.5,2.5];prob_band=[0.65,1.0]"
2026_06_11,63303779,total,under,0.7047592250460837,0.7047592250460837,0.7047592250460837,0.3629901424221091,0.3947564113444715,-105.0,11.0,"ev_band=[-10.0,99.99];kelly_band=[-10.0,99.99];odds_band=[-1000,1000];line_band=[0.0,20.0];prob_band=[0.7,0.8]"
2026_06_12,63299233,run_line,home,0.7592189744595598,0.7592189744595598,0.7592189744595598,0.1496298607484507,0.2872881644002968,-196.0,1.5,"ev_band=[0.075,99.99];kelly_band=[-10.0,99.99];odds_band=[-1000,-150];line_band=[-2.5,2.5];prob_band=[0.65,1.0]"
2026_06_12,63302575,run_line,home,0.8409470010240969,0.8409470010240969,0.8409470010240969,0.2809895418352588,0.5355652429903632,-192.0,1.5,"ev_band=[0.075,99.99];kelly_band=[-10.0,99.99];odds_band=[-1000,-150];line_band=[-2.5,2.5];prob_band=[0.65,1.0]"
2026_06_13,63301585,run_line,home,0.7369483779562003,0.7369483779562003,0.7369483779562003,0.1020591150086833,0.2213671987503527,-196.0,1.5,"ev_band=[0.075,99.99];kelly_band=[-10.0,99.99];odds_band=[-1000,-150];line_band=[-2.5,2.5];prob_band=[0.65,1.0]"
2026_06_13,63302453,moneyline,home,0.4819417314326088,0.4819417314326088,0.4819417314326088,0.0623955672979327,0.0641528051685837,124.0,,"ev_band=[0.05,0.0749];kelly_band=[-10.0,99.99];odds_band=[-100,125];prob_band=[0.4,1.0]"
2026_06_14,63299225,run_line,home,0.7145950675738683,0.7145950675738683,0.7145950675738683,0.0961787097130359,0.1666175973156957,-192.0,1.5,"ev_band=[0.075,99.99];kelly_band=[-10.0,99.99];odds_band=[-1000,-150];line_band=[-2.5,2.5];prob_band=[0.65,1.0]"
2026_06_14,63302635,run_line,home,0.7056615214666685,0.7056615214666685,0.7056615214666685,0.142181139823014,0.2082294927453381,-169.0,1.5,"ev_band=[0.075,99.99];kelly_band=[-10.0,99.99];odds_band=[-1000,-150];line_band=[-2.5,2.5];prob_band=[0.65,1.0]"
2026_06_14,63302869,run_line,home,0.7025119496434598,0.7025119496434598,0.7025119496434598,0.1028686383286113,0.1819078615195143,-175.0,1.5,"ev_band=[0.075,99.99];kelly_band=[-10.0,99.99];odds_band=[-1000,-150];line_band=[-2.5,2.5];prob_band=[0.65,1.0]"
2026_06_14,63303149,run_line,home,0.7477697543555741,0.7477697543555741,0.7477697543555741,0.0924078221769339,0.2332200532409453,-204.0,1.5,"ev_band=[0.075,99.99];kelly_band=[-10.0,99.99];odds_band=[-1000,-150];line_band=[-2.5,2.5];prob_band=[0.65,1.0]"
2026_06_15,63299361,run_line,away,0.6677974082977433,0.6677974082977433,0.6677974082977433,0.0575088401346043,0.0432565358975006,-188.0,1.5,"ev_band=[0.03,0.075];kelly_band=[-10.0,99.99];odds_band=[-199,-150];line_band=[-2.5,2.5];prob_band=[0.5,0.7]"
2026_06_15,63299361,moneyline,away,0.505651937375325,0.505651937375325,0.505651937375325,0.0862560741851204,0.0479222497598852,108.0,,"ev_band=[0.075,0.099];kelly_band=[-10.0,99.99];odds_band=[-1000,125];prob_band=[0.4,1.0]"
2026_06_15,63300953,moneyline,home,0.6794162053346754,0.6794162053346754,0.6794162053346754,0.0523539895233547,0.0126019124308003,-208.0,,"ev_band=[0.05,0.0749];kelly_band=[-10.0,99.99];odds_band=[-1000,-200];prob_band=[0.4,1.0]"
2026_06_15,63301387,run_line,away,0.6462959561569945,0.6462959561569945,0.6462959561569945,0.008915545194008,0.0060916368011545,-181.0,1.5,"ev_band=[-10.0,0.0099];kelly_band=[-10.0,99.99];odds_band=[-199,-150];line_band=[-2.5,2.5];prob_band=[0.5,0.7]"
2026_06_15,63301751,run_line,away,0.6511407016848534,0.6511407016848534,0.6511407016848534,0.035753279933616,0.0615684875322554,-169.0,1.5,"ev_band=[0.03,0.075];kelly_band=[-10.0,99.99];odds_band=[-199,-150];line_band=[-2.5,2.5];prob_band=[0.5,0.7]"
2026_06_15,63303721,run_line,away,0.6286438529030615,0.6286438529030615,0.6286438529030615,-0.0060959849795914,0.0493282634318372,-156.0,1.5,"ev_band=[-10.0,0.0099];kelly_band=[-10.0,99.99];odds_band=[-199,-150];line_band=[-2.5,2.5];prob_band=[0.5,0.7]"
2026_06_16,63301883,run_line,home,0.6895255411518035,0.6895255411518035,0.6895255411518035,0.1222893820610792,0.2051853853486169,-156.0,1.5,"ev_band=[0.075,99.99];kelly_band=[-10.0,99.99];odds_band=[-1000,-150];line_band=[-2.5,2.5];prob_band=[0.65,1.0]"
2026_06_16,63301883,moneyline,home,0.5252525252525252,0.5252525252525252,0.5252525252525252,0.0622754404040401,0.0687645687645686,104.0,,"ev_band=[0.05,0.0749];kelly_band=[-10.0,99.99];odds_band=[-100,125];prob_band=[0.4,1.0]"
2026_06_16,63301927,run_line,home,0.7535153212144424,0.7535153212144424,0.7535153212144424,0.2017888909127617,0.3295616737032835,-172.0,1.5,"ev_band=[0.075,99.99];kelly_band=[-10.0,99.99];odds_band=[-1000,-150];line_band=[-2.5,2.5];prob_band=[0.65,1.0]"
2026_06_16,63302605,total,over,0.5742417129193875,0.5742417129193875,0.5742417129193875,0.1684805241289284,0.1648587445726447,104.0,8.5,"ev_band=[0.1,0.99];kelly_band=[0.15,0.99];odds_band=[-100,125];line_band=[0.0,20.0];prob_band=[0.0,1.0]"
2026_06_16,63303259,run_line,home,0.7673986419891564,0.7673986419891564,0.7673986419891564,0.1077151700371863,0.3463901839895295,-181.0,1.5,"ev_band=[0.075,99.99];kelly_band=[-10.0,99.99];odds_band=[-1000,-150];line_band=[-2.5,2.5];prob_band=[0.65,1.0]"
2026_06_16,63303487,run_line,away,0.6876833793028745,0.6876833793028745,0.6876833793028745,0.0668132881605911,0.1598682903247322,-169.0,1.5,"ev_band=[0.03,0.075];kelly_band=[-10.0,99.99];odds_band=[-199,-150];line_band=[-2.5,2.5];prob_band=[0.5,0.7]"
2026_06_16,63303733,total,under,0.7407475487061659,0.7407475487061659,0.7407475487061659,0.3373861015013626,0.4218670336147498,-123.0,8.5,"ev_band=[-10.0,99.99];kelly_band=[-10.0,99.99];odds_band=[-1000,1000];line_band=[0.0,20.0];prob_band=[0.7,0.8]"
2026_06_17,63299187,run_line,home,0.6979861353082809,0.6979861353082809,0.6979861353082809,0.0999186221511081,0.1694618720977724,-175.0,1.5,"ev_band=[0.075,99.99];kelly_band=[-10.0,99.99];odds_band=[-1000,-150];line_band=[-2.5,2.5];prob_band=[0.65,1.0]"
2026_06_18,63301219,moneyline,away,0.4819417314326088,0.4819417314326088,0.4819417314326088,0.0931994784090437,0.0641528051685837,124.0,,"ev_band=[0.075,0.099];kelly_band=[-10.0,99.99];odds_band=[-1000,125];prob_band=[0.4,1.0]"
2026_06_18,63301439,run_line,home,0.7329732514203736,0.7329732514203736,0.7329732514203736,0.1065738648617331,0.1882386843179359,-204.0,1.5,"ev_band=[0.075,99.99];kelly_band=[-10.0,99.99];odds_band=[-1000,-150];line_band=[-2.5,2.5];prob_band=[0.65,1.0]"
2026_06_18,63302829,run_line,away,0.6392344107587163,0.6392344107587163,0.6392344107587163,0.0045112169065542,0.0078946295864698,-175.0,1.5,"ev_band=[-10.0,0.0099];kelly_band=[-10.0,99.99];odds_band=[-199,-150];line_band=[-2.5,2.5];prob_band=[0.5,0.7]"
2026_06_19,63301421,run_line,home,0.6923093050323341,0.6923093050323341,0.6923093050323341,0.1406473210787022,0.2123118208827752,-156.0,1.5,"ev_band=[0.075,99.99];kelly_band=[-10.0,99.99];odds_band=[-1000,-150];line_band=[-2.5,2.5];prob_band=[0.65,1.0]"
2026_06_19,63301437,run_line,away,0.6899897696592042,0.6899897696592042,0.6899897696592042,0.0690963768120902,0.1846730942037071,-163.0,1.5,"ev_band=[0.03,0.075];kelly_band=[-10.0,99.99];odds_band=[-199,-150];line_band=[-2.5,2.5];prob_band=[0.5,0.7]"
2026_06_19,63301885,run_line,home,0.7826346446404977,0.7826346446404977,0.7826346446404977,0.1687019298482797,0.3218200912783529,-212.0,1.5,"ev_band=[0.075,99.99];kelly_band=[-10.0,99.99];odds_band=[-1000,-150];line_band=[-2.5,2.5];prob_band=[0.65,1.0]"
2026_06_19,63302851,total,under,0.7719576171852839,0.7719576171852839,0.7719576171852839,0.4259133796404965,0.5119893007765075,-114.0,11.5,"ev_band=[-10.0,99.99];kelly_band=[-10.0,99.99];odds_band=[-1000,1000];line_band=[0.0,20.0];prob_band=[0.7,0.8]"
2026_06_20,63302497,run_line,home,0.7653499876265715,0.7653499876265715,0.7653499876265715,0.1476715501886163,0.2866639623847773,-204.0,1.5,"ev_band=[0.075,99.99];kelly_band=[-10.0,99.99];odds_band=[-1000,-150];line_band=[-2.5,2.5];prob_band=[0.65,1.0]"
2026_06_20,63303135,moneyline,away,0.5276381909547738,0.5276381909547738,0.5276381909547738,0.0916374371859295,0.0902661455425273,108.0,,"ev_band=[0.075,0.099];kelly_band=[-10.0,99.99];odds_band=[-1000,125];prob_band=[0.4,1.0]"
2026_06_21,63301041,run_line,home,0.8236782788324792,0.8236782788324792,0.8236782788324792,0.1744174182487189,0.4710348364974377,-200.0,1.5,"ev_band=[0.075,99.99];kelly_band=[-10.0,99.99];odds_band=[-1000,-150];line_band=[-2.5,2.5];prob_band=[0.65,1.0]"
2026_06_21,63301291,run_line,home,0.7356991512960916,0.7356991512960916,0.7356991512960916,0.1173506663422897,0.1859533859919623,-208.0,1.5,"ev_band=[0.075,99.99];kelly_band=[-10.0,99.99];odds_band=[-1000,-150];line_band=[-2.5,2.5];prob_band=[0.65,1.0]"
2026_06_21,63301739,run_line,away,0.6780585736309855,0.6780585736309855,0.6780585736309855,0.0589903565697413,0.1050028346941398,-178.0,1.5,"ev_band=[0.03,0.075];kelly_band=[-10.0,99.99];odds_band=[-199,-150];line_band=[-2.5,2.5];prob_band=[0.5,0.7]"
2026_06_21,63302349,moneyline,away,0.5256438609541808,0.5256438609541808,0.5256438609541808,0.089439230784696,0.0864252136895334,108.0,,"ev_band=[0.075,0.099];kelly_band=[-10.0,99.99];odds_band=[-1000,125];prob_band=[0.4,1.0]"
2026_06_21,63303099,run_line,home,0.7706688287046873,0.7706688287046873,0.7706688287046873,0.1798510165359371,0.3693392789378901,-175.0,1.5,"ev_band=[0.075,99.99];kelly_band=[-10.0,99.99];odds_band=[-1000,-150];line_band=[-2.5,2.5];prob_band=[0.65,1.0]"
2026_06_21,63303551,run_line,home,0.6691506766513386,0.6691506766513386,0.6691506766513386,0.1026434180945043,0.1530257322274268,-156.0,1.5,"ev_band=[0.075,99.99];kelly_band=[-10.0,99.99];odds_band=[-1000,-150];line_band=[-2.5,2.5];prob_band=[0.65,1.0]"
2026_06_21,63303711,moneyline,away,0.4778974508254667,0.4778974508254667,0.4778974508254667,0.0869323408325361,0.0499445416660132,122.0,,"ev_band=[0.075,0.099];kelly_band=[-10.0,99.99];odds_band=[-1000,125];prob_band=[0.4,1.0]"
2026_06_22,63299249,total,over,0.6143544388722185,0.6143544388722185,0.6143544388722185,0.2344187887663925,0.228708877744437,100.0,7.5,"ev_band=[0.1,0.99];kelly_band=[0.15,0.99];odds_band=[-100,125];line_band=[0.0,20.0];prob_band=[0.0,1.0]"
2026_06_22,63301433,run_line,home,0.7152887650155068,0.7152887650155068,0.7152887650155068,0.0999752021672247,0.2170441037926435,-175.0,1.5,"ev_band=[0.075,99.99];kelly_band=[-10.0,99.99];odds_band=[-1000,-150];line_band=[-2.5,2.5];prob_band=[0.65,1.0]"
2026_06_22,63302425,run_line,away,0.6733592814587812,0.6733592814587812,0.6733592814587812,-0.0224627285634992,0.0690739521575264,-185.0,1.5,"ev_band=[-10.0,0.0099];kelly_band=[-10.0,99.99];odds_band=[-199,-150];line_band=[-2.5,2.5];prob_band=[0.5,0.7]"
2026_06_22,63302425,moneyline,away,0.5171294477639713,0.5171294477639713,0.5171294477639713,0.0778847850807369,0.114737320900614,120.0,,"ev_band=[0.075,0.099];kelly_band=[-10.0,99.99];odds_band=[-1000,125];prob_band=[0.4,1.0]"
2026_06_22,63303145,total,under,0.7222319361893151,0.7222319361893151,0.7222319361893151,0.3691016782256086,0.413909385359455,-111.0,10.0,"ev_band=[-10.0,99.99];kelly_band=[-10.0,99.99];odds_band=[-1000,1000];line_band=[0.0,20.0];prob_band=[0.7,0.8]"
2026_06_22,63303489,run_line,home,0.6991609690768115,0.6991609690768115,0.6991609690768115,0.0901156845068773,0.1907430068166227,-169.0,1.5,"ev_band=[0.075,99.99];kelly_band=[-10.0,99.99];odds_band=[-1000,-150];line_band=[-2.5,2.5];prob_band=[0.65,1.0]"
2026_06_23,63299317,run_line,home,0.7441936151990626,0.7441936151990626,0.7441936151990626,0.1141944069633088,0.2223485902051503,-204.0,1.5,"ev_band=[0.075,99.99];kelly_band=[-10.0,99.99];odds_band=[-1000,-150];line_band=[-2.5,2.5];prob_band=[0.65,1.0]"
2026_06_23,63301811,run_line,home,0.7117501319249175,0.7117501319249175,0.7117501319249175,0.0906822490105072,0.1900178707090182,-181.0,1.5,"ev_band=[0.075,99.99];kelly_band=[-10.0,99.99];odds_band=[-1000,-150];line_band=[-2.5,2.5];prob_band=[0.65,1.0]"
2026_06_23,63302393,run_line,home,0.6555597064494484,0.6555597064494484,0.6555597064494484,0.0261973895706905,0.0321227751229499,-181.0,1.5,"ev_band=[0.02,0.0299];kelly_band=[-10.0,99.99];odds_band=[-1000,-150];line_band=[-2.5,2.5];prob_band=[0.65,1.0]"
2026_06_23,63303755,run_line,home,0.7225556789133509,0.7225556789133509,0.7225556789133509,0.0917367616807214,0.1898625824269851,-192.0,1.5,"ev_band=[0.075,99.99];kelly_band=[-10.0,99.99];odds_band=[-1000,-150];line_band=[-2.5,2.5];prob_band=[0.65,1.0]"
2026_06_23,63303785,run_line,home,0.7201477567969349,0.7201477567969349,0.7201477567969349,0.1281561965496556,0.2639886003759387,-163.0,1.5,"ev_band=[0.075,99.99];kelly_band=[-10.0,99.99];odds_band=[-1000,-150];line_band=[-2.5,2.5];prob_band=[0.65,1.0]"
2026_06_24,63300921,run_line,home,0.7486447407056546,0.7486447407056546,0.7486447407056546,0.2074355483596632,0.3313950102770411,-166.0,1.5,"ev_band=[0.075,99.99];kelly_band=[-10.0,99.99];odds_band=[-1000,-150];line_band=[-2.5,2.5];prob_band=[0.65,1.0]"
2026_06_24,63301559,total,under,0.7807323850921115,0.7807323850921115,0.7807323850921115,0.4357947517636291,0.5307673040971187,-114.0,11.0,"ev_band=[-10.0,99.99];kelly_band=[-10.0,99.99];odds_band=[-1000,1000];line_band=[0.0,20.0];prob_band=[0.7,0.8]"
2026_06_24,63302013,run_line,home,0.7251811300075752,0.7251811300075752,0.7251811300075752,0.0859796352198542,0.19752889962212,-192.0,1.5,"ev_band=[0.075,99.99];kelly_band=[-10.0,99.99];odds_band=[-1000,-150];line_band=[-2.5,2.5];prob_band=[0.65,1.0]"
2026_06_24,63302109,run_line,home,0.7109769560234899,0.7109769560234899,0.7109769560234899,0.123223379706028,0.2225280117031877,-169.0,1.5,"ev_band=[0.075,99.99];kelly_band=[-10.0,99.99];odds_band=[-1000,-150];line_band=[-2.5,2.5];prob_band=[0.65,1.0]"
2026_06_24,63302173,run_line,home,0.7189312100808265,0.7189312100808265,0.7189312100808265,0.0771984699243689,0.1455508786457126,-204.0,1.5,"ev_band=[0.075,99.99];kelly_band=[-10.0,99.99];odds_band=[-1000,-150];line_band=[-2.5,2.5];prob_band=[0.65,1.0]"
2026_06_24,63302371,run_line,home,0.749998221393078,0.749998221393078,0.749998221393078,0.2107698296096904,0.3424953222637952,-163.0,1.5,"ev_band=[0.075,99.99];kelly_band=[-10.0,99.99];odds_band=[-1000,-150];line_band=[-2.5,2.5];prob_band=[0.65,1.0]"
2026_06_24,63302397,run_line,away,0.6129083124513169,0.6129083124513169,0.6129083124513169,-0.0329750340984826,0.0013034461243975,-158.0,1.5,"ev_band=[-10.0,0.0099];kelly_band=[-10.0,99.99];odds_band=[-199,-150];line_band=[-2.5,2.5];prob_band=[0.5,0.7]"
2026_06_24,63303367,run_line,home,0.6794863482176389,0.6794863482176389,0.6794863482176389,0.0865775582907065,0.1634593688480373,-161.0,1.5,"ev_band=[0.075,99.99];kelly_band=[-10.0,99.99];odds_band=[-1000,-150];line_band=[-2.5,2.5];prob_band=[0.65,1.0]"
2026_06_25,63299439,run_line,away,0.636695780367341,0.636695780367341,0.636695780367341,0.00182194057725,0.0009133960101876,-175.0,1.5,"ev_band=[-10.0,0.0099];kelly_band=[-10.0,99.99];odds_band=[-199,-150];line_band=[-2.5,2.5];prob_band=[0.5,0.7]"
2026_06_25,63302135,run_line,home,0.7943164205360794,0.7943164205360794,0.7943164205360794,0.2509228895652878,0.3994039479653521,-192.0,1.5,"ev_band=[0.075,99.99];kelly_band=[-10.0,99.99];odds_band=[-1000,-150];line_band=[-2.5,2.5];prob_band=[0.65,1.0]"
2026_06_25,63302591,moneyline,home,0.4948999867532124,0.4948999867532124,0.4948999867532124,0.051980970989535,0.0704461941088531,119.0,,"ev_band=[0.05,0.0749];kelly_band=[-10.0,99.99];odds_band=[-100,125];prob_band=[0.4,1.0]"
2026_06_26,63301269,run_line,home,0.7179097354053285,0.7179097354053285,0.7179097354053285,0.1596083954084816,0.2411771882403337,-169.0,1.5,"ev_band=[0.075,99.99];kelly_band=[-10.0,99.99];odds_band=[-1000,-150];line_band=[-2.5,2.5];prob_band=[0.65,1.0]"
2026_06_26,63302613,run_line,home,0.6737168620385907,0.6737168620385907,0.6737168620385907,0.0782268950378411,0.0603045626711412,-188.0,1.5,"ev_band=[0.075,99.99];kelly_band=[-10.0,99.99];odds_band=[-1000,-150];line_band=[-2.5,2.5];prob_band=[0.65,1.0]"
2026_06_26,63302633,run_line,home,0.71585782607925,0.71585782607925,0.71585782607925,0.0945867391188749,0.1475734782377499,-200.0,1.5,"ev_band=[0.075,99.99];kelly_band=[-10.0,99.99];odds_band=[-1000,-150];line_band=[-2.5,2.5];prob_band=[0.65,1.0]"
2026_06_26,63302747,run_line,home,0.7698036517216955,0.7698036517216955,0.7698036517216955,0.1769276133630974,0.3600541517863135,-178.0,1.5,"ev_band=[0.075,99.99];kelly_band=[-10.0,99.99];odds_band=[-1000,-150];line_band=[-2.5,2.5];prob_band=[0.65,1.0]"
2026_06_26,63303257,moneyline,home,0.4687805792092607,0.4687805792092607,0.4687805792092607,0.0554063032208364,0.0438050425766692,125.0,,"ev_band=[0.05,0.0749];kelly_band=[-10.0,99.99];odds_band=[-100,125];prob_band=[0.4,1.0]"
2026_06_27,63299347,total,over,0.6418288690273733,0.6418288690273733,0.6418288690273733,0.2864948109114037,0.2836577380547467,100.0,9.5,"ev_band=[0.1,0.99];kelly_band=[0.15,0.99];odds_band=[-100,125];line_band=[0.0,20.0];prob_band=[0.0,1.0]"
2026_06_27,63301457,run_line,away,0.6169537631403524,0.6169537631403524,0.6169537631403524,-0.0259130553594216,0.0194016336393021,-156.0,1.5,"ev_band=[-10.0,0.0099];kelly_band=[-10.0,99.99];odds_band=[-199,-150];line_band=[-2.5,2.5];prob_band=[0.5,0.7]"
2026_06_27,63301663,run_line,home,0.6744068335000283,0.6744068335000283,0.6744068335000283,0.085226010307274,0.1339221771100751,-166.0,1.5,"ev_band=[0.075,99.99];kelly_band=[-10.0,99.99];odds_band=[-1000,-150];line_band=[-2.5,2.5];prob_band=[0.65,1.0]"
2026_06_27,63301791,run_line,away,0.6321962767246915,0.6321962767246915,0.6321962767246915,-0.0119230861601064,0.0106079843894199,-169.0,1.5,"ev_band=[-10.0,0.0099];kelly_band=[-10.0,99.99];odds_band=[-199,-150];line_band=[-2.5,2.5];prob_band=[0.5,0.7]"
2026_06_27,63302933,run_line,home,0.7722490807547487,0.7722490807547487,0.7722490807547487,0.2049811044493702,0.3805174996529167,-172.0,1.5,"ev_band=[0.075,99.99];kelly_band=[-10.0,99.99];odds_band=[-1000,-150];line_band=[-2.5,2.5];prob_band=[0.65,1.0]"
2026_06_27,63303397,run_line,away,0.6888125409357131,0.6888125409357131,0.6888125409357131,0.0679858785400462,0.1348988638012824,-178.0,1.5,"ev_band=[0.03,0.075];kelly_band=[-10.0,99.99];odds_band=[-199,-150];line_band=[-2.5,2.5];prob_band=[0.5,0.7]"
2026_06_27,63303589,run_line,home,0.7326789400379096,0.7326789400379096,0.7326789400379096,0.0938184100568642,0.1980368201137287,-200.0,1.5,"ev_band=[0.075,99.99];kelly_band=[-10.0,99.99];odds_band=[-1000,-150];line_band=[-2.5,2.5];prob_band=[0.65,1.0]"
2026_06_27,63303713,run_line,home,0.6865222224228745,0.6865222224228745,0.6865222224228745,0.0803653156244283,0.1065883339051924,-185.0,1.5,"ev_band=[0.075,99.99];kelly_band=[-10.0,99.99];odds_band=[-1000,-150];line_band=[-2.5,2.5];prob_band=[0.65,1.0]"
2026_06_28,63301323,run_line,away,0.6900268494074668,0.6900268494074668,0.6900268494074668,0.0622624076029279,0.1072773262935044,-188.0,1.5,"ev_band=[0.03,0.075];kelly_band=[-10.0,99.99];odds_band=[-199,-150];line_band=[-2.5,2.5];prob_band=[0.5,0.7]"
2026_06_28,63301323,total,under,0.722849395137923,0.722849395137923,0.722849395137923,0.3121291906334564,0.3819541511575683,-123.0,9.5,"ev_band=[-10.0,99.99];kelly_band=[-10.0,99.99];odds_band=[-1000,1000];line_band=[0.0,20.0];prob_band=[0.7,0.8]"
2026_06_28,63302197,run_line,home,0.7476202231304356,0.7476202231304356,0.7476202231304356,0.1932829367073899,0.3362411868330457,-163.0,1.5,"ev_band=[0.075,99.99];kelly_band=[-10.0,99.99];odds_band=[-1000,-150];line_band=[-2.5,2.5];prob_band=[0.65,1.0]"
2026_06_28,63303173,total,over,0.7192046012068607,0.7192046012068607,0.7192046012068607,0.4417161605349937,0.4384092024137214,100.0,9.0,"ev_band=[0.1,0.99];kelly_band=[0.15,0.99];odds_band=[-100,125];line_band=[0.0,20.0];prob_band=[0.0,1.0]"
2026_06_28,63303233,moneyline,away,0.4882431773879142,0.4882431773879142,0.4882431773879142,0.0838403996101363,0.0393336838685406,114.0,,"ev_band=[0.075,0.099];kelly_band=[-10.0,99.99];odds_band=[-1000,125];prob_band=[0.4,1.0]"
2026_06_28,63303809,run_line,home,0.6850419358010735,0.6850419358010735,0.6850419358010735,0.0981838213918023,0.1779594524408018,-161.0,1.5,"ev_band=[0.075,99.99];kelly_band=[-10.0,99.99];odds_band=[-1000,-150];line_band=[-2.5,2.5];prob_band=[0.65,1.0]"
2026_06_29,63299193,run_line,home,0.7814521448065683,0.7814521448065683,0.7814521448065683,0.1817587095668755,0.3771386126987198,-185.0,1.5,"ev_band=[0.075,99.99];kelly_band=[-10.0,99.99];odds_band=[-1000,-150];line_band=[-2.5,2.5];prob_band=[0.65,1.0]"
2026_06_29,63301105,run_line,away,0.6654697488914441,0.6654697488914441,0.6654697488914441,0.041188176829412,0.0800418094514711,-175.0,1.5,"ev_band=[0.03,0.075];kelly_band=[-10.0,99.99];odds_band=[-199,-150];line_band=[-2.5,2.5];prob_band=[0.5,0.7]"
2026_06_29,63303427,total,under,0.7634963786989319,0.7634963786989319,0.7634963786989319,0.5036770229835835,0.5269927573978639,100.0,11.0,"ev_band=[-10.0,99.99];kelly_band=[-10.0,99.99];odds_band=[-1000,1000];line_band=[0.0,20.0];prob_band=[0.7,0.8]"
2026_06_30,63300839,total,under,0.722849395137923,0.722849395137923,0.722849395137923,0.3518900873101901,0.4068977055951552,-114.0,9.5,"ev_band=[-10.0,99.99];kelly_band=[-10.0,99.99];odds_band=[-1000,1000];line_band=[0.0,20.0];prob_band=[0.7,0.8]"
2026_06_30,63301107,total,under,0.7821895287008971,0.7821895287008971,0.7821895287008971,0.4331941200566876,0.5186388584289827,-121.0,11.5,"ev_band=[-10.0,99.99];kelly_band=[-10.0,99.99];odds_band=[-1000,1000];line_band=[0.0,20.0];prob_band=[0.7,0.8]"
2026_06_30,63301785,run_line,home,0.7527376269405321,0.7527376269405321,0.7527376269405321,0.1756239342104941,0.3126106028946794,-178.0,1.5,"ev_band=[0.075,99.99];kelly_band=[-10.0,99.99];odds_band=[-1000,-150];line_band=[-2.5,2.5];prob_band=[0.65,1.0]"
2026_06_30,63301873,total,under,0.7259458143277898,0.7259458143277898,0.7259458143277898,0.3697050393378708,0.4190051263749143,-112.0,10.5,"ev_band=[-10.0,99.99];kelly_band=[-10.0,99.99];odds_band=[-1000,1000];line_band=[0.0,20.0];prob_band=[0.7,0.8]"
2026_06_30,63302041,run_line,home,0.7608682885612839,0.7608682885612839,0.7608682885612839,0.1662875087608881,0.3280398908572075,-181.0,1.5,"ev_band=[0.075,99.99];kelly_band=[-10.0,99.99];odds_band=[-1000,-150];line_band=[-2.5,2.5];prob_band=[0.65,1.0]"
2026_06_30,63302421,run_line,home,0.7334578618151265,0.7334578618151265,0.7334578618151265,0.1293368512425257,0.2750053841371442,-172.0,1.5,"ev_band=[0.075,99.99];kelly_band=[-10.0,99.99];odds_band=[-1000,-150];line_band=[-2.5,2.5];prob_band=[0.65,1.0]"
2026_06_30,63303193,total,over,0.5866855248813129,0.5866855248813129,0.5866855248813129,0.1665428698716459,0.1733710497626257,100.0,7.5,"ev_band=[0.1,0.99];kelly_band=[0.15,0.99];odds_band=[-100,125];line_band=[0.0,20.0];prob_band=[0.0,1.0]"
2026_07_01,63299203,run_line,home,0.7629510266909147,0.7629510266909147,0.7629510266909147,0.1681260408882097,0.3172989568698344,-188.0,1.5,"ev_band=[0.075,99.99];kelly_band=[-10.0,99.99];odds_band=[-1000,-150];line_band=[-2.5,2.5];prob_band=[0.65,1.0]"
2026_07_01,63301501,run_line,home,0.7444243682677091,0.7444243682677091,0.7444243682677091,0.0853453934071412,0.2537191553417108,-192.0,1.5,"ev_band=[0.075,99.99];kelly_band=[-10.0,99.99];odds_band=[-1000,-150];line_band=[-2.5,2.5];prob_band=[0.65,1.0]"
2026_07_01,63301701,total,under,0.7784686102056411,0.7784686102056411,0.7784686102056411,0.4123947328247066,0.514846256350354,-119.0,11.0,"ev_band=[-10.0,99.99];kelly_band=[-10.0,99.99];odds_band=[-1000,1000];line_band=[0.0,20.0];prob_band=[0.7,0.8]"
2026_07_01,63302333,run_line,home,0.796048293638826,0.796048293638826,0.796048293638826,0.2166164361325485,0.4330142563159363,-178.0,1.5,"ev_band=[0.075,99.99];kelly_band=[-10.0,99.99];odds_band=[-1000,-150];line_band=[-2.5,2.5];prob_band=[0.65,1.0]"
2026_07_01,63302401,run_line,home,0.7636085534866943,0.7636085534866943,0.7636085534866943,0.2062670148161679,0.3570152654838086,-172.0,1.5,"ev_band=[0.075,99.99];kelly_band=[-10.0,99.99];odds_band=[-1000,-150];line_band=[-2.5,2.5];prob_band=[0.65,1.0]"
2026_07_01,63302401,total,under,0.7041466337444452,0.7041466337444452,0.7041466337444452,0.2784054394403669,0.3402469932501128,-123.0,9.0,"ev_band=[-10.0,99.99];kelly_band=[-10.0,99.99];odds_band=[-1000,1000];line_band=[0.0,20.0];prob_band=[0.7,0.8]"
2026_07_01,63302515,total,under,0.7182621071578809,0.7182621071578809,0.7182621071578809,0.3554015624635194,0.4055330461031287,-111.0,10.0,"ev_band=[-10.0,99.99];kelly_band=[-10.0,99.99];odds_band=[-1000,1000];line_band=[0.0,20.0];prob_band=[0.7,0.8]"
2026_07_02,63301307,run_line,home,0.7306731353135965,0.7306731353135965,0.7306731353135965,0.175688862499852,0.2916703458747587,-163.0,1.5,"ev_band=[0.075,99.99];kelly_band=[-10.0,99.99];odds_band=[-1000,-150];line_band=[-2.5,2.5];prob_band=[0.65,1.0]"
2026_07_02,63301691,total,under,0.7363355362315889,0.7363355362315889,0.7363355362315889,0.346512556792581,0.4225748243471797,-119.0,10.5,"ev_band=[-10.0,99.99];kelly_band=[-10.0,99.99];odds_band=[-1000,1000];line_band=[0.0,20.0];prob_band=[0.7,0.8]"
2026_07_02,63301891,total,over,0.7441733316145336,0.7441733316145336,0.7441733316145336,0.4995112518993901,0.4933628724130959,102.0,7.0,"ev_band=[0.1,0.99];kelly_band=[0.15,0.99];odds_band=[-100,125];line_band=[0.0,20.0];prob_band=[0.0,1.0]"
2026_07_02,63302729,run_line,home,0.7916206578788505,0.7916206578788505,0.7916206578788505,0.2121253195239078,0.4269568091668388,-175.0,1.5,"ev_band=[0.075,99.99];kelly_band=[-10.0,99.99];odds_band=[-1000,-150];line_band=[-2.5,2.5];prob_band=[0.65,1.0]"
2026_07_03,63301825,moneyline,away,0.5579885474635051,0.5579885474635051,0.5579885474635051,0.0977659969476447,0.0982966368255505,-104.0,,"ev_band=[0.075,0.099];kelly_band=[-10.0,99.99];odds_band=[-1000,125];prob_band=[0.4,1.0]"
2026_07_03,63301981,total,under,0.7552558740277628,0.7552558740277628,0.7552558740277628,0.3998411244275036,0.4762475704194124,-114.0,11.0,"ev_band=[-10.0,99.99];kelly_band=[-10.0,99.99];odds_band=[-1000,1000];line_band=[0.0,20.0];prob_band=[0.7,0.8]"
2026_07_03,63302669,run_line,home,0.6876976916642018,0.6876976916642018,0.6876976916642018,0.1057795452951002,0.2005060906603565,-156.0,1.5,"ev_band=[0.075,99.99];kelly_band=[-10.0,99.99];odds_band=[-1000,-150];line_band=[-2.5,2.5];prob_band=[0.65,1.0]"
2026_07_03,63302711,run_line,home,0.7555584115638123,0.7555584115638123,0.7555584115638123,0.1202473970555532,0.2764528982288843,-196.0,1.5,"ev_band=[0.075,99.99];kelly_band=[-10.0,99.99];odds_band=[-1000,-150];line_band=[-2.5,2.5];prob_band=[0.65,1.0]"
2026_07_03,63302711,total,under,0.762551014496178,0.762551014496178,0.762551014496178,0.37754800426793,0.4704887623264769,-123.0,9.5,"ev_band=[-10.0,99.99];kelly_band=[-10.0,99.99];odds_band=[-1000,1000];line_band=[0.0,20.0];prob_band=[0.7,0.8]"
2026_07_03,63303077,run_line,home,0.7429651846876082,0.7429651846876082,0.7429651846876082,0.1142167187948127,0.2931542578909225,-175.0,1.5,"ev_band=[0.075,99.99];kelly_band=[-10.0,99.99];odds_band=[-1000,-150];line_band=[-2.5,2.5];prob_band=[0.65,1.0]"
2026_07_03,63303203,total,under,0.7259458143277898,0.7259458143277898,0.7259458143277898,0.3829882483096409,0.4190051263749143,-112.0,10.5,"ev_band=[-10.0,99.99];kelly_band=[-10.0,99.99];odds_band=[-1000,1000];line_band=[0.0,20.0];prob_band=[0.7,0.8]"
2026_07_04,63299149,run_line,away,0.6453907421504393,0.6453907421504393,0.6453907421504393,-0.0191140172664691,0.0673776518556554,-163.0,1.5,"ev_band=[-10.0,0.0099];kelly_band=[-10.0,99.99];odds_band=[-199,-150];line_band=[-2.5,2.5];prob_band=[0.5,0.7]"
2026_07_04,63299431,total,under,0.7456103557924667,0.7456103557924667,0.7456103557924667,0.3960746201993143,0.4556061613958788,-114.0,10.0,"ev_band=[-10.0,99.99];kelly_band=[-10.0,99.99];odds_band=[-1000,1000];line_band=[0.0,20.0];prob_band=[0.7,0.8]"
2026_07_04,63300843,run_line,home,0.7313654478277585,0.7313654478277585,0.7313654478277585,0.1520279174950601,0.2693140180915031,-172.0,1.5,"ev_band=[0.075,99.99];kelly_band=[-10.0,99.99];odds_band=[-1000,-150];line_band=[-2.5,2.5];prob_band=[0.65,1.0]"
2026_07_04,63300919,run_line,away,0.6425141478496487,0.6425141478496487,0.6425141478496487,-0.0046349105219807,0.0169139065865337,-175.0,1.5,"ev_band=[-10.0,0.0099];kelly_band=[-10.0,99.99];odds_band=[-199,-150];line_band=[-2.5,2.5];prob_band=[0.5,0.7]"
2026_07_04,63301745,total,under,0.7818602112333568,0.7818602112333568,0.7818602112333568,0.4698915425903093,0.5353622499270498,-113.0,11.0,"ev_band=[-10.0,99.99];kelly_band=[-10.0,99.99];odds_band=[-1000,1000];line_band=[0.0,20.0];prob_band=[0.7,0.8]"
2026_07_04,63303497,run_line,away,0.6656169222559102,0.6656169222559102,0.6656169222559102,0.0065173927946397,0.0102260898774939,-196.0,1.5,"ev_band=[-10.0,0.0099];kelly_band=[-10.0,99.99];odds_band=[-199,-150];line_band=[-2.5,2.5];prob_band=[0.5,0.7]"
2026_07_04,63303607,total,under,0.7801586049369844,0.7801586049369844,0.7801586049369844,0.5271138080257883,0.5603172098739688,100.0,11.5,"ev_band=[-10.0,99.99];kelly_band=[-10.0,99.99];odds_band=[-1000,1000];line_band=[0.0,20.0];prob_band=[0.7,0.8]"
2026_07_05,63301519,run_line,home,0.7366162505376341,0.7366162505376341,0.7366162505376341,0.1130365547020726,0.2598916640107518,-181.0,1.5,"ev_band=[0.075,99.99];kelly_band=[-10.0,99.99];odds_band=[-1000,-150];line_band=[-2.5,2.5];prob_band=[0.65,1.0]"
2026_07_05,63301635,run_line,away,0.6399318920168677,0.6399318920168677,0.6399318920168677,0.0494281447879522,0.0530208760043621,-163.0,1.5,"ev_band=[0.03,0.075];kelly_band=[-10.0,99.99];odds_band=[-199,-150];line_band=[-2.5,2.5];prob_band=[0.5,0.7]"
2026_07_05,63301847,run_line,home,0.7811621741322932,0.7811621741322932,0.7811621741322932,0.1641143037916262,0.3522400354315877,-196.0,1.5,"ev_band=[0.075,99.99];kelly_band=[-10.0,99.99];odds_band=[-1000,-150];line_band=[-2.5,2.5];prob_band=[0.65,1.0]"
2026_07_05,63301847,total,under,0.7254361634479445,0.7254361634479445,0.7254361634479445,0.3862285434637016,0.426161581606204,-109.0,9.0,"ev_band=[-10.0,99.99];kelly_band=[-10.0,99.99];odds_band=[-1000,1000];line_band=[0.0,20.0];prob_band=[0.7,0.8]"
2026_07_05,63302315,moneyline,away,0.5286350252735879,0.5286350252735879,0.5286350252735879,0.0969608525690627,0.092185974600984,108.0,,"ev_band=[0.075,0.099];kelly_band=[-10.0,99.99];odds_band=[-1000,125];prob_band=[0.4,1.0]"
2026_07_05,63303083,moneyline,away,0.5391970950171475,0.5391970950171475,0.5391970950171475,0.092694190034295,0.078394190034295,100.0,,"ev_band=[0.075,0.099];kelly_band=[-10.0,99.99];odds_band=[-1000,125];prob_band=[0.4,1.0]"
2026_07_05,63303623,run_line,home,0.7183766655340298,0.7183766655340298,0.7183766655340298,0.091827617267761,0.2255358302185819,-175.0,1.5,"ev_band=[0.075,99.99];kelly_band=[-10.0,99.99];odds_band=[-1000,-150];line_band=[-2.5,2.5];prob_band=[0.65,1.0]"
2026_07_05,63303883,total,under,0.785522927771894,0.785522927771894,0.785522927771894,0.5347896615038897,0.5624667726546638,-104.0,9.5,"ev_band=[-10.0,99.99];kelly_band=[-10.0,99.99];odds_band=[-1000,1000];line_band=[0.0,20.0];prob_band=[0.7,0.8]"
2026_07_06,63299217,run_line,home,0.7276252639772832,0.7276252639772832,0.7276252639772832,0.0990599788588167,0.2155607602545756,-188.0,1.5,"ev_band=[0.075,99.99];kelly_band=[-10.0,99.99];odds_band=[-1000,-150];line_band=[-2.5,2.5];prob_band=[0.65,1.0]"
2026_07_06,63302119,run_line,away,0.6540804193489441,0.6540804193489441,0.6540804193489441,0.0454097329239117,0.0590987406291281,-172.0,1.5,"ev_band=[0.03,0.075];kelly_band=[-10.0,99.99];odds_band=[-199,-150];line_band=[-2.5,2.5];prob_band=[0.5,0.7]"
2026_07_06,63302377,total,under,0.7254361634479445,0.7254361634479445,0.7254361634479445,0.31050707141688,0.3877226444889162,-123.0,9.0,"ev_band=[-10.0,99.99];kelly_band=[-10.0,99.99];odds_band=[-1000,1000];line_band=[0.0,20.0];prob_band=[0.7,0.8]"
2026_07_07,63299245,run_line,home,0.6803534031636584,0.6803534031636584,0.6803534031636584,0.1139981290309336,0.1593294503204216,-163.0,1.5,"ev_band=[0.075,99.99];kelly_band=[-10.0,99.99];odds_band=[-1000,-150];line_band=[-2.5,2.5];prob_band=[0.65,1.0]"
2026_07_07,63301573,run_line,home,0.6895694177451434,0.6895694177451434,0.6895694177451434,0.0483936421300176,0.0562910299452358,-204.0,1.5,"ev_band=[0.04,0.0499];kelly_band=[-10.0,99.99];odds_band=[-1000,-150];line_band=[-2.5,2.5];prob_band=[0.65,1.0]"
2026_07_07,63302303,run_line,home,0.7312134200663456,0.7312134200663456,0.7312134200663456,0.0968201300995184,0.1936402601990368,-200.0,1.5,"ev_band=[0.075,99.99];kelly_band=[-10.0,99.99];odds_band=[-1000,-150];line_band=[-2.5,2.5];prob_band=[0.65,1.0]"
2026_07_07,63302819,run_line,home,0.7041095884110581,0.7041095884110581,0.7041095884110581,0.0453613474360865,0.1004931487696165,-204.0,1.5,"ev_band=[0.04,0.0499];kelly_band=[-10.0,99.99];odds_band=[-1000,-150];line_band=[-2.5,2.5];prob_band=[0.65,1.0]"
2026_07_07,63303455,run_line,home,0.6952221940246348,0.6952221940246348,0.6952221940246348,0.0793228537067534,0.1435743652092238,-181.0,1.5,"ev_band=[0.075,99.99];kelly_band=[-10.0,99.99];odds_band=[-1000,-150];line_band=[-2.5,2.5];prob_band=[0.65,1.0]"
2026_07_07,63303535,run_line,home,0.7173094281108718,0.7173094281108718,0.7173094281108718,0.0910836261266227,0.1632359072081805,-196.0,1.5,"ev_band=[0.075,99.99];kelly_band=[-10.0,99.99];odds_band=[-1000,-150];line_band=[-2.5,2.5];prob_band=[0.65,1.0]"
2026_07_08,63299475,moneyline,away,0.5081152699569393,0.5081152699569393,0.5081152699569393,0.0977035939052667,0.0982113282543888,120.0,,"ev_band=[0.075,0.099];kelly_band=[-10.0,99.99];odds_band=[-1000,125];prob_band=[0.4,1.0]"
2026_07_08,63301053,total,over,0.6748064017060548,0.6748064017060548,0.6748064017060548,0.3507703484719118,0.3496128034121095,100.0,9.0,"ev_band=[0.1,0.99];kelly_band=[0.15,0.99];odds_band=[-100,125];line_band=[0.0,20.0];prob_band=[0.0,1.0]"
2026_07_08,63302673,run_line,home,0.6957452267121775,0.6957452267121775,0.6957452267121775,0.0451737276376789,0.132873896129706,-185.0,1.5,"ev_band=[0.04,0.0499];kelly_band=[-10.0,99.99];odds_band=[-1000,-150];line_band=[-2.5,2.5];prob_band=[0.65,1.0]"
2026_07_08,63302673,total,over,0.6520163318722281,0.6520163318722281,0.6520163318722281,0.3108678344973178,0.3108558729234321,102.0,7.0,"ev_band=[0.1,0.99];kelly_band=[0.15,0.99];odds_band=[-100,125];line_band=[0.0,20.0];prob_band=[0.0,1.0]"
2026_07_08,63303037,run_line,away,0.6977475284376069,0.6977475284376069,0.6977475284376069,0.0558898307980361,0.1295128819003079,-188.0,1.5,"ev_band=[0.03,0.075];kelly_band=[-10.0,99.99];odds_band=[-199,-150];line_band=[-2.5,2.5];prob_band=[0.5,0.7]"
2026_07_08,63303037,moneyline,away,0.5223246784760981,0.5223246784760981,0.5223246784760981,0.094328318369328,0.0958288556868999,112.0,,"ev_band=[0.075,0.099];kelly_band=[-10.0,99.99];odds_band=[-1000,125];prob_band=[0.4,1.0]"
2026_07_08,63303155,moneyline,away,0.541573845505449,0.541573845505449,0.541573845505449,0.0978735986513339,0.1171051839364202,108.0,,"ev_band=[0.075,0.099];kelly_band=[-10.0,99.99];odds_band=[-1000,125];prob_band=[0.4,1.0]"
2026_07_08,63303567,moneyline,away,0.515951008349917,0.515951008349917,0.515951008349917,0.0779710368668323,0.0413931733988553,102.0,,"ev_band=[0.075,0.099];kelly_band=[-10.0,99.99];odds_band=[-1000,125];prob_band=[0.4,1.0]"
2026_07_08,63303643,total,under,0.7106644555111001,0.7106644555111001,0.7106644555111001,0.3456107560269907,0.3895020011284213,-111.0,8.5,"ev_band=[-10.0,99.99];kelly_band=[-10.0,99.99];odds_band=[-1000,1000];line_band=[0.0,20.0];prob_band=[0.7,0.8]"
2026_07_09,63301801,run_line,home,0.7242015210098374,0.7242015210098374,0.7242015210098374,0.1533069140540381,0.2884399242053803,-158.0,1.5,"ev_band=[0.075,99.99];kelly_band=[-10.0,99.99];odds_band=[-1000,-150];line_band=[-2.5,2.5];prob_band=[0.65,1.0]"
2026_07_09,63301801,total,under,0.7004118470293378,0.7004118470293378,0.7004118470293378,0.2934684904456824,0.3498937080536631,-117.0,9.5,"ev_band=[-10.0,99.99];kelly_band=[-10.0,99.99];odds_band=[-1000,1000];line_band=[0.0,20.0];prob_band=[0.7,0.8]"
2026_07_09,63301801,moneyline,home,0.5411859620814845,0.5411859620814845,0.5411859620814845,0.053121924162969,0.082371924162969,100.0,,"ev_band=[0.05,0.0749];kelly_band=[-10.0,99.99];odds_band=[-100,125];prob_band=[0.4,1.0]"
2026_07_09,63301879,run_line,away,0.6687791109377648,0.6687791109377648,0.6687791109377648,-0.0322570569511307,0.0195861683757835,-196.0,1.5,"ev_band=[-10.0,0.0099];kelly_band=[-10.0,99.99];odds_band=[-199,-150];line_band=[-2.5,2.5];prob_band=[0.5,0.7]"
2026_07_09,63302027,total,over,0.7653401583164531,0.7653401583164531,0.7653401583164531,0.5244486728333112,0.5306803166329062,100.0,8.5,"ev_band=[0.1,0.99];kelly_band=[0.15,0.99];odds_band=[-100,125];line_band=[0.0,20.0];prob_band=[0.0,1.0]"
2026_07_10,63301909,run_line,home,0.7732532710814383,0.7732532710814383,0.7732532710814383,0.1230453800821167,0.2925502057740874,-212.0,1.5,"ev_band=[0.075,99.99];kelly_band=[-10.0,99.99];odds_band=[-1000,-150];line_band=[-2.5,2.5];prob_band=[0.65,1.0]"
2026_07_10,63302477,run_line,away,0.6988745668182704,0.6988745668182704,0.6988745668182704,0.0368163576790525,0.1327587524366188,-188.0,1.5,"ev_band=[0.03,0.075];kelly_band=[-10.0,99.99];odds_band=[-199,-150];line_band=[-2.5,2.5];prob_band=[0.5,0.7]"
2026_07_10,63303457,run_line,away,0.6101893865592222,0.6101893865592222,0.6101893865592222,-0.0090635707746098,0.0020848295916086,-156.0,1.5,"ev_band=[-10.0,0.0099];kelly_band=[-10.0,99.99];odds_band=[-199,-150];line_band=[-2.5,2.5];prob_band=[0.5,0.7]"
2026_07_10,63303861,run_line,home,0.6607906984439768,0.6607906984439768,0.6607906984439768,0.0234353832691063,0.067174420720936,-175.0,1.5,"ev_band=[0.02,0.0299];kelly_band=[-10.0,99.99];odds_band=[-1000,-150];line_band=[-2.5,2.5];prob_band=[0.65,1.0]"
2026_07_11,63299227,run_line,home,0.675217493114104,0.675217493114104,0.675217493114104,0.0908703368572075,0.1620611322343881,-158.0,1.5,"ev_band=[0.075,99.99];kelly_band=[-10.0,99.99];odds_band=[-1000,-150];line_band=[-2.5,2.5];prob_band=[0.65,1.0]"
2026_07_11,63301211,run_line,home,0.737963605586531,0.737963605586531,0.737963605586531,0.2098199944940796,0.3029831908601723,-166.0,1.5,"ev_band=[0.075,99.99];kelly_band=[-10.0,99.99];odds_band=[-1000,-150];line_band=[-2.5,2.5];prob_band=[0.65,1.0]"
2026_07_11,63301975,run_line,away,0.6145157741157541,0.6145157741157541,0.6145157741157541,0.0064861421386733,0.0131603817363303,-156.0,1.5,"ev_band=[-10.0,0.0099];kelly_band=[-10.0,99.99];odds_band=[-199,-150];line_band=[-2.5,2.5];prob_band=[0.5,0.7]"
2026_07_11,63302127,run_line,home,0.6821048536072631,0.6821048536072631,0.6821048536072631,0.1344799222213448,0.2020831825542305,-151.0,1.5,"ev_band=[0.075,99.99];kelly_band=[-10.0,99.99];odds_band=[-1000,-150];line_band=[-2.5,2.5];prob_band=[0.65,1.0]"
2026_07_11,63302567,run_line,home,0.7437566291526778,0.7437566291526778,0.7437566291526778,0.0987349437290167,0.2312698874580334,-200.0,1.5,"ev_band=[0.075,99.99];kelly_band=[-10.0,99.99];odds_band=[-1000,-150];line_band=[-2.5,2.5];prob_band=[0.65,1.0]"
2026_07_11,63302643,run_line,away,0.6325098011168127,0.6325098011168127,0.6325098011168127,-0.0153519424199241,0.0004266590377305,-172.0,1.5,"ev_band=[-10.0,0.0099];kelly_band=[-10.0,99.99];odds_band=[-199,-150];line_band=[-2.5,2.5];prob_band=[0.5,0.7]"
2026_07_11,63303763,run_line,away,0.6714155573667575,0.6714155573667575,0.6714155573667575,0.0617734395567328,0.1062503160375806,-172.0,1.5,"ev_band=[0.03,0.075];kelly_band=[-10.0,99.99];odds_band=[-199,-150];line_band=[-2.5,2.5];prob_band=[0.5,0.7]"
2026_07_12,63301035,run_line,home,0.7640214557063282,0.7640214557063282,0.7640214557063282,0.1021417771309989,0.2826252253472376,-204.0,1.5,"ev_band=[0.075,99.99];kelly_band=[-10.0,99.99];odds_band=[-1000,-150];line_band=[-2.5,2.5];prob_band=[0.65,1.0]"
2026_07_12,63301077,run_line,away,0.613063032716286,0.613063032716286,0.613063032716286,-0.0197223896151786,0.0017026244080178,-158.0,1.5,"ev_band=[-10.0,0.0099];kelly_band=[-10.0,99.99];odds_band=[-199,-150];line_band=[-2.5,2.5];prob_band=[0.5,0.7]"
2026_07_12,63301945,run_line,away,0.6624828275954441,0.6624828275954441,0.6624828275954441,-0.0267326896410217,0.0279505434748789,-188.0,1.5,"ev_band=[-10.0,0.0099];kelly_band=[-10.0,99.99];odds_band=[-199,-150];line_band=[-2.5,2.5];prob_band=[0.5,0.7]"
2026_07_12,63302047,run_line,home,0.7150640830763733,0.7150640830763733,0.7150640830763733,0.1017537045956207,0.2506185384908617,-163.0,1.5,"ev_band=[0.075,99.99];kelly_band=[-10.0,99.99];odds_band=[-1000,-150];line_band=[-2.5,2.5];prob_band=[0.65,1.0]"
2026_07_12,63303419,run_line,away,0.6550106514806594,0.6550106514806594,0.6550106514806594,-0.0043794275189898,0.006430676264299,-188.0,1.5,"ev_band=[-10.0,0.0099];kelly_band=[-10.0,99.99];odds_band=[-199,-150];line_band=[-2.5,2.5];prob_band=[0.5,0.7]"
2026_07_12,63303443,moneyline,away,0.5501259445843828,0.5501259445843828,0.5501259445843828,0.0949569269521409,0.1175547374539816,104.0,,"ev_band=[0.075,0.099];kelly_band=[-10.0,99.99];odds_band=[-1000,125];prob_band=[0.4,1.0]"
2026_07_12,63303737,run_line,home,0.7694222585941974,0.7694222585941974,0.7694222585941974,0.1578894174208981,0.3359361047512886,-188.0,1.5,"ev_band=[0.075,99.99];kelly_band=[-10.0,99.99];odds_band=[-1000,-150];line_band=[-2.5,2.5];prob_band=[0.65,1.0]"
2026_07_16,63301305,run_line,away,0.659037284826116,0.659037284826116,0.659037284826116,0.0322462819676164,0.0418947703613859,-181.0,1.5,"ev_band=[0.03,0.075];kelly_band=[-10.0,99.99];odds_band=[-199,-150];line_band=[-2.5,2.5];prob_band=[0.5,0.7]"
2026_07_17,63300983,total,under,0.7827540681320032,0.7827540681320032,0.7827540681320032,0.4620067958656816,0.5416110837585267,-111.0,12.0,"ev_band=[-10.0,99.99];kelly_band=[-10.0,99.99];odds_band=[-1000,1000];line_band=[0.0,20.0];prob_band=[0.7,0.8]"
2026_07_17,63303013,run_line,home,0.7283095773719618,0.7283095773719618,0.7283095773719618,0.1444864787273685,0.2528513377728948,-175.0,1.5,"ev_band=[0.075,99.99];kelly_band=[-10.0,99.99];odds_band=[-1000,-150];line_band=[-2.5,2.5];prob_band=[0.65,1.0]"
2026_07_17,63303587,run_line,home,0.7043859848560546,0.7043859848560546,0.7043859848560546,0.0914036853019168,0.1368070757796799,-192.0,1.5,"ev_band=[0.075,99.99];kelly_band=[-10.0,99.99];odds_band=[-1000,-150];line_band=[-2.5,2.5];prob_band=[0.65,1.0]"
2026_07_17,63303845,run_line,home,0.6774178306545231,0.6774178306545231,0.6774178306545231,0.0866137338856791,0.1128990342999385,-175.0,1.5,"ev_band=[0.075,99.99];kelly_band=[-10.0,99.99];odds_band=[-1000,-150];line_band=[-2.5,2.5];prob_band=[0.65,1.0]"
2026_07_18,63301029,run_line,home,0.6892864036092915,0.6892864036092915,0.6892864036092915,0.0235897388224643,0.0927162985391315,-192.0,1.5,"ev_band=[0.02,0.0299];kelly_band=[-10.0,99.99];odds_band=[-1000,-150];line_band=[-2.5,2.5];prob_band=[0.65,1.0]"
2026_07_18,63301591,run_line,home,0.7920823348709131,0.7920823348709131,0.7920823348709131,0.1809027257596966,0.4011971244282296,-188.0,1.5,"ev_band=[0.075,99.99];kelly_band=[-10.0,99.99];odds_band=[-1000,-150];line_band=[-2.5,2.5];prob_band=[0.65,1.0]"
2026_07_18,63301893,run_line,away,0.6775411208421916,0.6775411208421916,0.6775411208421916,0.0076732318047283,0.0938905495665584,-181.0,1.5,"ev_band=[-10.0,0.0099];kelly_band=[-10.0,99.99];odds_band=[-199,-150];line_band=[-2.5,2.5];prob_band=[0.5,0.7]"
2026_07_18,63302305,run_line,home,0.7538714017520499,0.7538714017520499,0.7538714017520499,0.155118728352079,0.3305302127655758,-172.0,1.5,"ev_band=[0.075,99.99];kelly_band=[-10.0,99.99];odds_band=[-1000,-150];line_band=[-2.5,2.5];prob_band=[0.65,1.0]"
2026_07_19,63302615,run_line,away,0.6831091112991644,0.6831091112991644,0.6831091112991644,0.0429071748986869,0.1285500560727021,-175.0,1.5,"ev_band=[0.03,0.075];kelly_band=[-10.0,99.99];odds_band=[-199,-150];line_band=[-2.5,2.5];prob_band=[0.5,0.7]"
2026_07_19,63302663,run_line,home,0.7590223911833932,0.7590223911833932,0.7590223911833932,0.2061644790807149,0.3445409040188296,-172.0,1.5,"ev_band=[0.075,99.99];kelly_band=[-10.0,99.99];odds_band=[-1000,-150];line_band=[-2.5,2.5];prob_band=[0.65,1.0]"
2026_07_19,63302739,run_line,home,0.7980322290098208,0.7980322290098208,0.7980322290098208,0.2972413501699623,0.4829625062651414,-156.0,1.5,"ev_band=[0.075,99.99];kelly_band=[-10.0,99.99];odds_band=[-1000,-150];line_band=[-2.5,2.5];prob_band=[0.65,1.0]"
2026_07_19,63303267,run_line,home,0.7979339907229144,0.7979339907229144,0.7979339907229144,0.2744640463811439,0.4685663956012648,-163.0,1.5,"ev_band=[0.075,99.99];kelly_band=[-10.0,99.99];odds_band=[-1000,-150];line_band=[-2.5,2.5];prob_band=[0.65,1.0]"
2026_07_19,63303685,run_line,home,0.6763484501032824,0.6763484501032824,0.6763484501032824,0.0765546335963487,0.1293773307778294,-169.0,1.5,"ev_band=[0.075,99.99];kelly_band=[-10.0,99.99];odds_band=[-1000,-150];line_band=[-2.5,2.5];prob_band=[0.65,1.0]"
2026_07_20,63301085,run_line,home,0.7850992238786373,0.7850992238786373,0.7850992238786373,0.2155522610173799,0.4154698889498935,-172.0,1.5,"ev_band=[0.075,99.99];kelly_band=[-10.0,99.99];odds_band=[-1000,-150];line_band=[-2.5,2.5];prob_band=[0.65,1.0]"
2026_07_20,63301121,run_line,home,0.7812356550480651,0.7812356550480651,0.7812356550480651,0.2159424312388008,0.4049609817307373,-172.0,1.5,"ev_band=[0.075,99.99];kelly_band=[-10.0,99.99];odds_band=[-1000,-150];line_band=[-2.5,2.5];prob_band=[0.65,1.0]"
2026_07_20,63301693,total,under,0.7675911574018424,0.7675911574018424,0.7675911574018424,0.4056337370345525,0.4979968999879794,-116.0,12.0,"ev_band=[-10.0,99.99];kelly_band=[-10.0,99.99];odds_band=[-1000,1000];line_band=[0.0,20.0];prob_band=[0.7,0.8]"
2026_07_20,63302183,run_line,away,0.6662810624865567,0.6662810624865567,0.6662810624865567,0.0015130981931604,0.0822729218380309,-175.0,1.5,"ev_band=[-10.0,0.0099];kelly_band=[-10.0,99.99];odds_band=[-199,-150];line_band=[-2.5,2.5];prob_band=[0.5,0.7]"
2026_07_20,63302731,run_line,away,0.6465642088663639,0.6465642088663639,0.6465642088663639,0.0096465809766382,0.0492577218505188,-169.0,1.5,"ev_band=[-10.0,0.0099];kelly_band=[-10.0,99.99];odds_band=[-199,-150];line_band=[-2.5,2.5];prob_band=[0.5,0.7]"
2026_07_20,63303101,run_line,home,0.7022983776445171,0.7022983776445171,0.7022983776445171,0.079969122317229,0.1515503762868737,-185.0,1.5,"ev_band=[0.075,99.99];kelly_band=[-10.0,99.99];odds_band=[-1000,-150];line_band=[-2.5,2.5];prob_band=[0.65,1.0]"
2026_07_20,63303645,run_line,home,0.685667388933353,0.685667388933353,0.685667388933353,0.0465476894095533,0.0695754712427247,-196.0,1.5,"ev_band=[0.04,0.0499];kelly_band=[-10.0,99.99];odds_band=[-1000,-150];line_band=[-2.5,2.5];prob_band=[0.65,1.0]"
2026_07_21,63301503,total,under,0.7365616155394318,0.7365616155394318,0.7365616155394318,0.3778085316301323,0.4230699380313557,-119.0,9.0,"ev_band=[-10.0,99.99];kelly_band=[-10.0,99.99];odds_band=[-1000,1000];line_band=[0.0,20.0];prob_band=[0.7,0.8]"
2026_07_21,63301797,run_line,home,0.6726280166308087,0.6726280166308087,0.6726280166308087,0.0994408169975581,0.1095482052357998,-172.0,1.5,"ev_band=[0.075,99.99];kelly_band=[-10.0,99.99];odds_band=[-1000,-150];line_band=[-2.5,2.5];prob_band=[0.65,1.0]"
2026_07_21,63302261,run_line,home,0.7148637019932991,0.7148637019932991,0.7148637019932991,0.0883660235365581,0.1987670026011703,-181.0,1.5,"ev_band=[0.075,99.99];kelly_band=[-10.0,99.99];odds_band=[-1000,-150];line_band=[-2.5,2.5];prob_band=[0.65,1.0]"
2026_07_21,63302945,moneyline,away,0.4839621073624729,0.4839621073624729,0.4839621073624729,0.0902854994183146,0.064419105218142,123.0,,"ev_band=[0.075,0.099];kelly_band=[-10.0,99.99];odds_band=[-1000,125];prob_band=[0.4,1.0]"
2026_07_21,63303679,run_line,home,0.7140993420845809,0.7140993420845809,0.7140993420845809,0.0884793653357306,0.1966191512576723,-181.0,1.5,"ev_band=[0.075,99.99];kelly_band=[-10.0,99.99];odds_band=[-1000,-150];line_band=[-2.5,2.5];prob_band=[0.65,1.0]"
2026_07_22,63303751,run_line,home,0.781744052035487,0.781744052035487,0.781744052035487,0.1201019206803336,0.3365019181878806,-204.0,1.5,"ev_band=[0.075,99.99];kelly_band=[-10.0,99.99];odds_band=[-1000,-150];line_band=[-2.5,2.5];prob_band=[0.65,1.0]"
2026_07_24,63301349,run_line,away,0.640382534654299,0.640382534654299,0.640382534654299,0.0063154115996126,0.0110519702993221,-175.0,1.5,"ev_band=[-10.0,0.0099];kelly_band=[-10.0,99.99];odds_band=[-199,-150];line_band=[-2.5,2.5];prob_band=[0.5,0.7]"
2026_07_24,63302321,run_line,home,0.7403136298021394,0.7403136298021394,0.7403136298021394,0.1918937707850471,0.3170248463796267,-163.0,1.5,"ev_band=[0.075,99.99];kelly_band=[-10.0,99.99];odds_band=[-1000,-150];line_band=[-2.5,2.5];prob_band=[0.65,1.0]"
2026_07_24,63302569,run_line,away,0.6404522826155621,0.6404522826155621,0.6404522826155621,-0.0036013823744623,0.0795578434958389,-156.0,1.5,"ev_band=[-10.0,0.0099];kelly_band=[-10.0,99.99];odds_band=[-199,-150];line_band=[-2.5,2.5];prob_band=[0.5,0.7]"
2026_07_24,63302867,run_line,away,0.652335882973015,0.652335882973015,0.652335882973015,0.0049424481514764,0.0230638311541721,-181.0,1.5,"ev_band=[-10.0,0.0099];kelly_band=[-10.0,99.99];odds_band=[-199,-150];line_band=[-2.5,2.5];prob_band=[0.5,0.7]"
2026_07_25,63300965,run_line,away,0.6739599145818213,0.6739599145818213,0.6739599145818213,0.0616798657714333,0.1033897651000084,-175.0,1.5,"ev_band=[0.03,0.075];kelly_band=[-10.0,99.99];odds_band=[-199,-150];line_band=[-2.5,2.5];prob_band=[0.5,0.7]"
2026_07_25,63301055,run_line,home,0.7434560902336582,0.7434560902336582,0.7434560902336582,0.1833709365257636,0.3098968827285405,-169.0,1.5,"ev_band=[0.075,99.99];kelly_band=[-10.0,99.99];odds_band=[-1000,-150];line_band=[-2.5,2.5];prob_band=[0.65,1.0]"
2026_07_25,63301235,run_line,home,0.6789684660658536,0.6789684660658536,0.6789684660658536,0.0251719054625843,0.0754291822696583,-188.0,1.5,"ev_band=[0.02,0.0299];kelly_band=[-10.0,99.99];odds_band=[-1000,-150];line_band=[-2.5,2.5];prob_band=[0.65,1.0]"
2026_07_25,63301865,run_line,away,0.6750361245569427,0.6750361245569427,0.6750361245569427,0.0084174394303506,0.0511054837062732,-192.0,1.5,"ev_band=[-10.0,0.0099];kelly_band=[-10.0,99.99];odds_band=[-199,-150];line_band=[-2.5,2.5];prob_band=[0.5,0.7]"
2026_07_25,63302003,total,under,0.754469593443575,0.754469593443575,0.754469593443575,0.4062641905887351,0.4745649299692505,-114.0,10.5,"ev_band=[-10.0,99.99];kelly_band=[-10.0,99.99];odds_band=[-1000,1000];line_band=[0.0,20.0];prob_band=[0.7,0.8]"
2026_07_25,63303759,run_line,home,0.7575948036927777,0.7575948036927777,0.7575948036927777,0.0958230746989208,0.2533919953737552,-208.0,1.5,"ev_band=[0.075,99.99];kelly_band=[-10.0,99.99];odds_band=[-1000,-150];line_band=[-2.5,2.5];prob_band=[0.65,1.0]"
2026_07_25,63303847,run_line,home,0.7325615640559008,0.7325615640559008,0.7325615640559008,0.1046603699656562,0.1869871547299383,-204.0,1.5,"ev_band=[0.075,99.99];kelly_band=[-10.0,99.99];odds_band=[-1000,-150];line_band=[-2.5,2.5];prob_band=[0.65,1.0]"
2026_07_26,63299147,run_line,home,0.6599810823170473,0.6599810823170473,0.6599810823170473,0.0258276132992351,0.0309460846035849,-185.0,1.5,"ev_band=[0.02,0.0299];kelly_band=[-10.0,99.99];odds_band=[-1000,-150];line_band=[-2.5,2.5];prob_band=[0.65,1.0]"
2026_07_26,63300845,run_line,home,0.7432820080120768,0.7432820080120768,0.7432820080120768,0.1675850511126715,0.2786224425139357,-181.0,1.5,"ev_band=[0.075,99.99];kelly_band=[-10.0,99.99];odds_band=[-1000,-150];line_band=[-2.5,2.5];prob_band=[0.65,1.0]"
2026_07_26,63301185,total,under,0.7379047518442814,0.7379047518442814,0.7379047518442814,0.413629364500779,0.4548418838361053,-108.0,10.0,"ev_band=[-10.0,99.99];kelly_band=[-10.0,99.99];odds_band=[-1000,1000];line_band=[0.0,20.0];prob_band=[0.7,0.8]"
2026_07_26,63301463,run_line,away,0.6482763697546093,0.6482763697546093,0.6482763697546093,-0.0007098900494739,0.0116565990104521,-181.0,1.5,"ev_band=[-10.0,0.0099];kelly_band=[-10.0,99.99];odds_band=[-199,-150];line_band=[-2.5,2.5];prob_band=[0.5,0.7]"
2026_07_26,63302021,run_line,away,0.6756021261168835,0.6756021261168835,0.6756021261168835,-0.031052911578584,0.0397822933059751,-196.0,1.5,"ev_band=[-10.0,0.0099];kelly_band=[-10.0,99.99];odds_band=[-199,-150];line_band=[-2.5,2.5];prob_band=[0.5,0.7]"
2026_07_26,63303577,run_line,home,0.7123486881732081,0.7123486881732081,0.7123486881732081,0.2183824626432132,0.2636126417234126,-156.0,1.5,"ev_band=[0.075,99.99];kelly_band=[-10.0,99.99];odds_band=[-1000,-150];line_band=[-2.5,2.5];prob_band=[0.65,1.0]"
2026_07_26,63303577,total,under,0.7012347175404527,0.7012347175404527,0.7012347175404527,0.2940330049284446,0.3516793370627825,-117.0,10.5,"ev_band=[-10.0,99.99];kelly_band=[-10.0,99.99];odds_band=[-1000,1000];line_band=[0.0,20.0];prob_band=[0.7,0.8]"
2026_07_27,63303057,run_line,home,0.7414499637771692,0.7414499637771692,0.7414499637771692,0.1264749456657537,0.2243498913315076,-200.0,1.5,"ev_band=[0.075,99.99];kelly_band=[-10.0,99.99];odds_band=[-1000,-150];line_band=[-2.5,2.5];prob_band=[0.65,1.0]"
2026_07_27,63303221,run_line,away,0.6749636007348105,0.6749636007348105,0.6749636007348105,0.0567570868689879,0.1061499020207289,-175.0,1.5,"ev_band=[0.03,0.075];kelly_band=[-10.0,99.99];odds_band=[-199,-150];line_band=[-2.5,2.5];prob_band=[0.5,0.7]"
2026_07_27,63303221,total,under,0.7102640548679721,0.7102640548679721,0.7102640548679721,0.3263878178930882,0.3799650774174603,-114.0,10.0,"ev_band=[-10.0,99.99];kelly_band=[-10.0,99.99];odds_band=[-1000,1000];line_band=[0.0,20.0];prob_band=[0.7,0.8]"
2026_07_28,63299213,run_line,away,0.6700176649005949,0.6700176649005949,0.6700176649005949,-0.0010650980133509,0.0925485784766358,-175.0,1.5,"ev_band=[-10.0,0.0099];kelly_band=[-10.0,99.99];odds_band=[-199,-150];line_band=[-2.5,2.5];prob_band=[0.5,0.7]"
2026_07_28,63299315,run_line,away,0.6420319863798081,0.6420319863798081,0.6420319863798081,0.0008482432351141,0.0478050837702894,-166.0,1.5,"ev_band=[-10.0,0.0099];kelly_band=[-10.0,99.99];odds_band=[-199,-150];line_band=[-2.5,2.5];prob_band=[0.5,0.7]"
2026_07_28,63301067,total,over,0.7023006869012236,0.7023006869012236,0.7023006869012236,0.403143752922622,0.4046013738024472,100.0,7.5,"ev_band=[0.1,0.99];kelly_band=[0.15,0.99];odds_band=[-100,125];line_band=[0.0,20.0];prob_band=[0.0,1.0]"
2026_07_28,63302757,run_line,away,0.6038083236286158,0.6038083236286158,0.6038083236286158,-0.0210186143656783,0.0055588923078257,-151.0,1.5,"ev_band=[-10.0,0.0099];kelly_band=[-10.0,99.99];odds_band=[-199,-150];line_band=[-2.5,2.5];prob_band=[0.5,0.7]"
2026_07_28,63303463,run_line,home,0.7435274414857124,0.7435274414857124,0.7435274414857124,0.1118281769376063,0.2408412267977085,-196.0,1.5,"ev_band=[0.075,99.99];kelly_band=[-10.0,99.99];odds_band=[-1000,-150];line_band=[-2.5,2.5];prob_band=[0.65,1.0]"
2026_07_29,63301049,total,under,0.7012347175404527,0.7012347175404527,0.7012347175404527,0.3588210638993704,0.3845435181333326,-106.0,10.5,"ev_band=[-10.0,99.99];kelly_band=[-10.0,99.99];odds_band=[-1000,1000];line_band=[0.0,20.0];prob_band=[0.7,0.8]"
2026_07_29,63301649,run_line,home,0.6593418621369457,0.6593418621369457,0.6593418621369457,0.0967968381729872,0.1211020043133196,-158.0,1.5,"ev_band=[0.075,99.99];kelly_band=[-10.0,99.99];odds_band=[-1000,-150];line_band=[-2.5,2.5];prob_band=[0.65,1.0]"
2026_07_29,63302509,run_line,home,0.7227858316456461,0.7227858316456461,0.7227858316456461,0.1070627222257971,0.2709267372280493,-163.0,1.5,"ev_band=[0.075,99.99];kelly_band=[-10.0,99.99];odds_band=[-1000,-150];line_band=[-2.5,2.5];prob_band=[0.65,1.0]"
2026_07_30,63303665,moneyline,away,0.546851171407224,0.546851171407224,0.546851171407224,0.0774523428144478,0.0937023428144478,100.0,,"ev_band=[0.075,0.099];kelly_band=[-10.0,99.99];odds_band=[-1000,125];prob_band=[0.4,1.0]"
2026_07_31,63299237,run_line,home,0.6909452063764651,0.6909452063764651,0.6909452063764651,0.1007088002075322,0.2088197283237505,-156.0,1.5,"ev_band=[0.075,99.99];kelly_band=[-10.0,99.99];odds_band=[-1000,-150];line_band=[-2.5,2.5];prob_band=[0.65,1.0]"
2026_07_31,63300867,run_line,home,0.8103108611930988,0.8103108611930988,0.8103108611930988,0.2563977680645047,0.4461077146838488,-192.0,1.5,"ev_band=[0.075,99.99];kelly_band=[-10.0,99.99];odds_band=[-1000,-150];line_band=[-2.5,2.5];prob_band=[0.65,1.0]"
2026_07_31,63300989,run_line,home,0.7036614716650805,0.7036614716650805,0.7036614716650805,0.0827056260608355,0.2206296704791618,-163.0,1.5,"ev_band=[0.075,99.99];kelly_band=[-10.0,99.99];odds_band=[-1000,-150];line_band=[-2.5,2.5];prob_band=[0.65,1.0]"
2026_07_31,63301603,moneyline,away,0.5282439664748056,0.5282439664748056,0.5282439664748056,0.0776176916086035,0.0746323957775034,104.0,,"ev_band=[0.075,0.099];kelly_band=[-10.0,99.99];odds_band=[-1000,125];prob_band=[0.4,1.0]"
2026_07_31,63303511,run_line,away,0.6602048851860748,0.6602048851860748,0.6602048851860748,0.0433148195781175,0.0655634342617055,-175.0,1.5,"ev_band=[0.03,0.075];kelly_band=[-10.0,99.99];odds_band=[-199,-150];line_band=[-2.5,2.5];prob_band=[0.5,0.7]"
2026_08_01,63299357,run_line,away,0.6485587254538687,0.6485587254538687,0.6485587254538687,0.039963711427508,0.0335364949981389,-175.0,1.5,"ev_band=[0.03,0.075];kelly_band=[-10.0,99.99];odds_band=[-199,-150];line_band=[-2.5,2.5];prob_band=[0.5,0.7]"
2026_08_01,63299357,moneyline,away,0.4878645727105854,0.4878645727105854,0.4878645727105854,0.0892234142361821,0.0574986674253631,119.0,,"ev_band=[0.075,0.099];kelly_band=[-10.0,99.99];odds_band=[-1000,125];prob_band=[0.4,1.0]"
2026_08_01,63301147,run_line,home,0.7222005120620966,0.7222005120620966,0.7222005120620966,0.148099558255748,0.2888333108789672,-156.0,1.5,"ev_band=[0.075,99.99];kelly_band=[-10.0,99.99];odds_band=[-1000,-150];line_band=[-2.5,2.5];prob_band=[0.65,1.0]"
2026_08_01,63301233,run_line,home,0.7774842180131452,0.7774842180131452,0.7774842180131452,0.1619609140206566,0.3880815995361492,-175.0,1.5,"ev_band=[0.075,99.99];kelly_band=[-10.0,99.99];odds_band=[-1000,-150];line_band=[-2.5,2.5];prob_band=[0.65,1.0]"
2026_08_01,63301661,run_line,home,0.7057938757428293,0.7057938757428293,0.7057938757428293,0.0932072890814973,0.1821069745650653,-178.0,1.5,"ev_band=[0.075,99.99];kelly_band=[-10.0,99.99];odds_band=[-1000,-150];line_band=[-2.5,2.5];prob_band=[0.65,1.0]"
2026_08_01,63301661,total,under,0.7159585318016074,0.7159585318016074,0.7159585318016074,0.3791677592970482,0.4205554048752791,-104.0,11.5,"ev_band=[-10.0,99.99];kelly_band=[-10.0,99.99];odds_band=[-1000,1000];line_band=[0.0,20.0];prob_band=[0.7,0.8]"
2026_08_01,63301679,run_line,away,0.6774125339800343,0.6774125339800343,0.6774125339800343,0.038388349926861,0.0709480978624988,-188.0,1.5,"ev_band=[0.03,0.075];kelly_band=[-10.0,99.99];odds_band=[-199,-150];line_band=[-2.5,2.5];prob_band=[0.5,0.7]"
2026_08_01,63301679,moneyline,away,0.5186567539561977,0.5186567539561977,0.5186567539561977,0.0794560482288912,0.0729685631748993,108.0,,"ev_band=[0.075,0.099];kelly_band=[-10.0,99.99];odds_band=[-1000,125];prob_band=[0.4,1.0]"
2026_08_01,63302015,moneyline,home,0.4902557856272839,0.4902557856272839,0.4902557856272839,0.0530473812423874,0.0431117379319189,114.0,,"ev_band=[0.05,0.0749];kelly_band=[-10.0,99.99];odds_band=[-100,125];prob_band=[0.4,1.0]"
2026_08_01,63302105,run_line,away,0.6506172034416318,0.6506172034416318,0.6506172034416318,-0.0402997564054367,0.0985923848794098,-158.0,1.5,"ev_band=[-10.0,0.0099];kelly_band=[-10.0,99.99];odds_band=[-199,-150];line_band=[-2.5,2.5];prob_band=[0.5,0.7]"
2026_08_02,63301071,run_line,home,0.6563489446842292,0.6563489446842292,0.6563489446842292,0.0408170089076826,0.0961977245195228,-163.0,1.5,"ev_band=[0.04,0.0499];kelly_band=[-10.0,99.99];odds_band=[-1000,-150];line_band=[-2.5,2.5];prob_band=[0.65,1.0]"
2026_08_02,63301071,total,under,0.7492965879412412,0.7492965879412412,0.7492965879412412,0.4143488100316352,0.4685087664354313,-112.0,11.0,"ev_band=[-10.0,99.99];kelly_band=[-10.0,99.99];odds_band=[-1000,1000];line_band=[0.0,20.0];prob_band=[0.7,0.8]"
2026_08_02,63301149,run_line,away,0.6592032045336892,0.6592032045336892,0.6592032045336892,-0.0173391184118402,0.0730327163316347,-172.0,1.5,"ev_band=[-10.0,0.0099];kelly_band=[-10.0,99.99];odds_band=[-199,-150];line_band=[-2.5,2.5];prob_band=[0.5,0.7]"
2026_08_02,63301795,run_line,home,0.7101985723824058,0.7101985723824058,0.7101985723824058,0.1019234742511381,0.1856579883945602,-181.0,1.5,"ev_band=[0.075,99.99];kelly_band=[-10.0,99.99];odds_band=[-1000,-150];line_band=[-2.5,2.5];prob_band=[0.65,1.0]"
2026_08_02,63301795,total,under,0.7880529223486049,0.7880529223486049,0.7880529223486049,0.5147055705578314,0.567627961591154,-104.0,12.0,"ev_band=[-10.0,99.99];kelly_band=[-10.0,99.99];odds_band=[-1000,1000];line_band=[0.0,20.0];prob_band=[0.7,0.8]"
2026_08_02,63301987,run_line,home,0.7770571514561156,0.7770571514561156,0.7770571514561156,0.1807345650933922,0.3935954519606346,-172.0,1.5,"ev_band=[0.075,99.99];kelly_band=[-10.0,99.99];odds_band=[-1000,-150];line_band=[-2.5,2.5];prob_band=[0.65,1.0]"
2026_08_02,63302733,moneyline,away,0.4778974508254667,0.4778974508254667,0.4778974508254667,0.0847902898490456,0.0568470079427786,124.0,,"ev_band=[0.075,0.099];kelly_band=[-10.0,99.99];odds_band=[-1000,125];prob_band=[0.4,1.0]"
2026_08_02,63303213,run_line,home,0.7470729726988373,0.7470729726988373,0.7470729726988373,0.1394234793128153,0.2614530802806053,-192.0,1.5,"ev_band=[0.075,99.99];kelly_band=[-10.0,99.99];odds_band=[-1000,-150];line_band=[-2.5,2.5];prob_band=[0.65,1.0]"
2026_08_02,63303603,run_line,home,0.7005996908744835,0.7005996908744835,0.7005996908744835,0.0907976974253771,0.203595177726126,-166.0,1.5,"ev_band=[0.075,99.99];kelly_band=[-10.0,99.99];odds_band=[-1000,-150];line_band=[-2.5,2.5];prob_band=[0.65,1.0]"
2026_08_02,63303603,moneyline,home,0.5362122893754414,0.5362122893754414,0.5362122893754414,0.0620230703259005,0.0902625676210582,104.0,,"ev_band=[0.05,0.0749];kelly_band=[-10.0,99.99];odds_band=[-100,125];prob_band=[0.4,1.0]"
2026_08_02,63303653,run_line,away,0.6991545233990077,0.6991545233990077,0.6991545233990077,0.0741336788585218,0.2087763965393903,-163.0,1.5,"ev_band=[0.03,0.075];kelly_band=[-10.0,99.99];odds_band=[-199,-150];line_band=[-2.5,2.5];prob_band=[0.5,0.7]"
2026_08_03,63303271,run_line,away,0.6935806606113561,0.6935806606113561,0.6935806606113561,0.046580017977974,0.1389616563179106,-181.0,1.5,"ev_band=[0.03,0.075];kelly_band=[-10.0,99.99];odds_band=[-199,-150];line_band=[-2.5,2.5];prob_band=[0.5,0.7]"
2026_08_03,63303271,moneyline,away,0.5332909245122986,0.5332909245122986,0.5332909245122986,0.0897165636980494,0.1090099467962066,110.0,,"ev_band=[0.075,0.099];kelly_band=[-10.0,99.99];odds_band=[-1000,125];prob_band=[0.4,1.0]"
2026_08_04,63301237,moneyline,home,0.4667513588937251,0.4667513588937251,0.4667513588937251,0.0571055303330069,0.0332158783195178,123.0,,"ev_band=[0.05,0.0749];kelly_band=[-10.0,99.99];odds_band=[-100,125];prob_band=[0.4,1.0]"
2026_08_04,63301705,run_line,away,0.6642532634838313,0.6642532634838313,0.6642532634838313,0.0362185048816603,0.0196195293727877,-192.0,1.5,"ev_band=[0.03,0.075];kelly_band=[-10.0,99.99];odds_band=[-199,-150];line_band=[-2.5,2.5];prob_band=[0.5,0.7]"
2026_08_05,63300955,run_line,home,0.6702718868599796,0.6702718868599796,0.6702718868599796,0.0817333527958638,0.1558960303615477,-156.0,1.5,"ev_band=[0.075,99.99];kelly_band=[-10.0,99.99];odds_band=[-1000,-150];line_band=[-2.5,2.5];prob_band=[0.65,1.0]"
2026_08_05,63301505,run_line,home,0.7154742699952219,0.7154742699952219,0.7154742699952219,0.083717118951067,0.1691848683860483,-192.0,1.5,"ev_band=[0.075,99.99];kelly_band=[-10.0,99.99];odds_band=[-1000,-150];line_band=[-2.5,2.5];prob_band=[0.65,1.0]"
2026_08_05,63302129,run_line,away,0.6232628846425146,0.6232628846425146,0.6232628846425146,0.0571398859090836,0.0355529846848372,-156.0,1.5,"ev_band=[0.03,0.075];kelly_band=[-10.0,99.99];odds_band=[-199,-150];line_band=[-2.5,2.5];prob_band=[0.5,0.7]"
2026_08_05,63303659,run_line,home,0.6995890727573076,0.6995890727573076,0.6995890727573076,0.0410916313581836,0.0987672182719229,-200.0,1.5,"ev_band=[0.04,0.0499];kelly_band=[-10.0,99.99];odds_band=[-1000,-150];line_band=[-2.5,2.5];prob_band=[0.65,1.0]"
2026_08_05,63303799,moneyline,away,0.4900161899622233,0.4900161899622233,0.4900161899622233,0.0841244401391135,0.0650296815974093,120.0,,"ev_band=[0.075,0.099];kelly_band=[-10.0,99.99];odds_band=[-1000,125];prob_band=[0.4,1.0]"
2026_08_06,63303629,run_line,home,0.7354255014898367,0.7354255014898367,0.7354255014898367,0.0784713332521772,0.2565456591864409,-181.0,1.5,"ev_band=[0.075,99.99];kelly_band=[-10.0,99.99];odds_band=[-1000,-150];line_band=[-2.5,2.5];prob_band=[0.65,1.0]"
2026_08_10,63303747,run_line,home,0.6761422108791758,0.6761422108791758,0.6761422108791758,0.0953151815506145,0.1288225472649828,-169.0,1.5,"ev_band=[0.075,99.99];kelly_band=[-10.0,99.99];odds_band=[-1000,-150];line_band=[-2.5,2.5];prob_band=[0.65,1.0]"
2026_08_11,63301205,run_line,home,0.7064074822486829,0.7064074822486829,0.7064074822486829,0.084801365241481,0.1544535488762067,-188.0,1.5,"ev_band=[0.075,99.99];kelly_band=[-10.0,99.99];odds_band=[-1000,-150];line_band=[-2.5,2.5];prob_band=[0.65,1.0]"
2026_08_14,63302243,run_line,home,0.6733626105699156,0.6733626105699156,0.6733626105699156,0.025528130099028,0.0821489357014628,-181.0,1.5,"ev_band=[0.02,0.0299];kelly_band=[-10.0,99.99];odds_band=[-1000,-150];line_band=[-2.5,2.5];prob_band=[0.65,1.0]"
2026_08_14,63302243,total,over,0.5143215170914817,0.5143215170914817,0.5143215170914817,0.0323920554164993,0.0286430341829633,100.0,9.0,"ev_band=[0.02,0.0499];kelly_band=[0.02,0.0499];odds_band=[-100,125];line_band=[0.0,20.0];prob_band=[0.0,1.0]"
2026_08_17,63301899,run_line,home,0.7545133523076415,0.7545133523076415,0.7545133523076415,0.1855900905567388,0.3396409177075555,-169.0,1.5,"ev_band=[0.075,99.99];kelly_band=[-10.0,99.99];odds_band=[-1000,-150];line_band=[-2.5,2.5];prob_band=[0.65,1.0]"
2026_08_17,63302053,run_line,home,0.800047729137731,0.800047729137731,0.800047729137731,0.2036631885189717,0.3921450965787024,-204.0,1.5,"ev_band=[0.075,99.99];kelly_band=[-10.0,99.99];odds_band=[-1000,-150];line_band=[-2.5,2.5];prob_band=[0.65,1.0]"
2026_08_18,63301115,run_line,home,0.6940948601333385,0.6940948601333385,0.6940948601333385,0.1200968832553595,0.1954694821506803,-163.0,1.5,"ev_band=[0.075,99.99];kelly_band=[-10.0,99.99];odds_band=[-1000,-150];line_band=[-2.5,2.5];prob_band=[0.65,1.0]"
2026_08_18,63301115,moneyline,home,0.515951008349917,0.515951008349917,0.515951008349917,0.0733550529233831,0.0677574975628031,108.0,,"ev_band=[0.05,0.0749];kelly_band=[-10.0,99.99];odds_band=[-100,125];prob_band=[0.4,1.0]"
2026_08_18,63301807,run_line,home,0.6944640084099862,0.6944640084099862,0.6944640084099862,0.094183263945508,0.1689421028751627,-172.0,1.5,"ev_band=[0.075,99.99];kelly_band=[-10.0,99.99];odds_band=[-1000,-150];line_band=[-2.5,2.5];prob_band=[0.65,1.0]"
2026_08_18,63302055,moneyline,away,0.4792734047508151,0.4792734047508151,0.4792734047508151,0.0757053384671116,0.0626921285514671,125.0,,"ev_band=[0.075,0.099];kelly_band=[-10.0,99.99];odds_band=[-1000,125];prob_band=[0.4,1.0]"
2026_08_18,63302601,run_line,away,0.6631723906346357,0.6631723906346357,0.6631723906346357,0.0317558202036338,0.0737240742452481,-175.0,1.5,"ev_band=[0.03,0.075];kelly_band=[-10.0,99.99];odds_band=[-199,-150];line_band=[-2.5,2.5];prob_band=[0.5,0.7]"
2026_08_19,63299381,run_line,home,0.6673941951346498,0.6673941951346498,0.6673941951346498,0.0929623066401639,0.0853340366202869,-175.0,1.5,"ev_band=[0.075,99.99];kelly_band=[-10.0,99.99];odds_band=[-1000,-150];line_band=[-2.5,2.5];prob_band=[0.65,1.0]"
2026_08_19,63302593,run_line,away,0.682947373585953,0.682947373585953,0.682947373585953,0.0555577864862825,0.0868884359275447,-188.0,1.5,"ev_band=[0.03,0.075];kelly_band=[-10.0,99.99];odds_band=[-199,-150];line_band=[-2.5,2.5];prob_band=[0.5,0.7]"
2026_08_19,63303379,run_line,away,0.6559028056225515,0.6559028056225515,0.6559028056225515,0.0626312302781748,0.1122292385061827,-158.0,1.5,"ev_band=[0.03,0.075];kelly_band=[-10.0,99.99];odds_band=[-199,-150];line_band=[-2.5,2.5];prob_band=[0.5,0.7]"
2026_08_19,63303707,run_line,away,0.6726746929970816,0.6726746929970816,0.6726746929970816,0.0375371114196287,0.0311170912713614,-196.0,1.5,"ev_band=[0.03,0.075];kelly_band=[-10.0,99.99];odds_band=[-199,-150];line_band=[-2.5,2.5];prob_band=[0.5,0.7]"
2026_08_19,63303707,moneyline,away,0.513659332031486,0.513659332031486,0.513659332031486,0.0900724550699351,0.0633438987273063,108.0,,"ev_band=[0.075,0.099];kelly_band=[-10.0,99.99];odds_band=[-1000,125];prob_band=[0.4,1.0]"
2026_08_20,63303811,run_line,home,0.6566040362993122,0.6566040362993122,0.6566040362993122,0.027577134701272,0.0762648576451496,-169.0,1.5,"ev_band=[0.02,0.0299];kelly_band=[-10.0,99.99];odds_band=[-1000,-150];line_band=[-2.5,2.5];prob_band=[0.65,1.0]"
