"last_name, first_name","player_id","year","player_age","ab","pa","hit","single","double","triple","home_run","strikeout","walk","k_percent","bb_percent","batting_avg","slg_percent","on_base_percent","on_base_plus_slg","xba","xslg","woba","xwoba","xobp","xiso","avg_swing_speed","fast_swing_rate","blasts_contact","blasts_swing","squared_up_contact","squared_up_swing","avg_swing_length","swords","attack_angle","attack_direction","ideal_angle_rate","vertical_swing_path","exit_velocity_avg","launch_angle_avg","sweet_spot_percent","barrel_batted_rate","hard_hit_percent","avg_best_speed","avg_hyper_speed","whiff_percent","swing_percent"
"Misner, Kameron",670224,2026,28,41,44,9,8,1,0,0,17,2,38.6,4.5,".220",".244",".256","0.500",".185",".242",".227",".209",".223",".056","74.3",41.2,3.9,2.4,19.6,11.8,"7.7",0,14.4,-10.6,47.1,37.1,"81.8","23",28,0,20,"94.464596667","91.348702917",36.7,53.3
"Durbin, Caleb",702332,2026,26,397,448,102,67,22,1,12,61,34,13.6,7.6,".257",".408",".327","0.735",".239",".327",".325",".291",".314",".087","69.3",7.1,8,6.9,31.6,27.4,"7",19,9.9,-2.2,61.7,29.1,"83.9","12.5",29.7,2.9,26.5,"95.743581386","91.885946566",15.8,47.3
"Heim, Jonah",641680,2026,31,260,286,56,30,15,0,11,54,21,18.9,7.3,".215",".400",".276","0.676",".234",".384",".294",".299",".296",".149","70.1",11.1,9.7,7.5,32.6,25.2,"7.6",8,9.5,0.9,56.7,27.3,"87.7","15",33.5,7.2,32.1,"97.869117115","92.984553413",23.5,49.8
"Crow-Armstrong, Pete",691718,2026,24,480,561,135,73,25,7,30,152,66,27.1,11.8,".281",".550",".379","0.929",".253",".474",".396",".362",".357",".221","74.8",50,15.7,12.2,26.8,20.8,"7.4",42,15.6,-5.8,49.6,35,"90.3","21.6",38.6,12.7,48.8,"101.961246564","95.633189077",27.5,49.3
"Song, Sung-Mun",823550,2026,29,111,131,23,18,4,0,1,24,17,18.3,13,".207",".270",".313","0.583",".186",".274",".273",".264",".294",".089","72",14.1,9.8,7.9,31.4,25.1,"7.6",4,7.7,-1.5,60.5,23,"86.9","16.7",26.7,4.4,24.4,"96.511610698","92.310387176",21.6,43
"Altuve, Jose",514888,2026,36,383,422,94,64,15,2,13,85,34,20.1,8.1,".245",".397",".309","0.706",".223",".331",".310",".276",".289",".108","68.8",9.9,8.6,6.8,35.2,27.8,"7.6",13,14.1,-2,53.4,28.1,"85.1","9.5",31.9,5,31.2,"96.771045306","92.40822314",22.5,48
"Suzuki, Seiya",673548,2026,31,411,474,112,66,24,0,22,120,56,25.3,11.8,".273",".491",".363","0.854",".250",".433",".368",".338",".344",".183","73.3",36.8,14.6,11.2,27.9,21.2,"7.3",15,9,-4.7,49,32.3,"88.7","18.7",38.8,10.9,39.1,"100.453295918","94.289793435",25,40.6
"Emerson, Colt",806068,2026,20,221,241,42,27,6,1,8,83,15,34.4,6.2,".190",".335",".246","0.581",".196",".300",".256",".248",".253",".104","72.5",26.4,7.3,5,22.9,15.7,"7.2",11,10.1,1.9,55.3,30.3,"86.7","14",36.2,5,31.2,"97.184861884","92.601587174",34.1,53.6
"Dunn, Blake",694362,2026,27,142,155,40,30,7,1,2,33,10,21.3,6.5,".282",".387",".335","0.722",".241",".317",".320",".278",".302",".076","71.8",21.2,11.8,9.7,36,29.5,"6.2",16,3.9,-0.7,38.4,33.3,"89.2","14.6",34.5,2.9,30.3,"99.240218776","93.85786433",23.3,46.8
"Loperfido, Joey",694388,2026,27,102,120,22,13,7,1,1,31,14,25.8,11.7,".216",".333",".314","0.647",".231",".337",".289",".297",".327",".106","71.8",18.9,9.2,6.5,30.5,21.4,"7.8",5,15.6,7.9,40.8,39.2,"89","11.9",32.9,6.8,35.6,"98.647922778","93.55777",31,48.8
"Ortiz, Joey",687401,2026,27,267,303,65,46,11,2,6,57,28,18.8,9.2,".243",".367",".311","0.678",".236",".336",".300",".295",".310",".100","73",31.2,13,10.8,31.4,26,"7.5",5,1.7,0.6,32.4,28.3,"88.2","5.7",27.1,4.1,35.8,"99.137923238","93.698167048",18.9,44.9
"Dingler, Dillon",693307,2026,27,446,495,115,63,24,2,26,109,31,22,6.3,".258",".496",".323","0.819",".274",".489",".353",".359",".339",".215","71.8",16.3,15.8,12.6,32.5,25.9,"7.6",10,13.1,-3.2,56.2,40,"88.9","17.8",39.4,10.6,42.9,"100.488055412","94.53815056",21.7,47.2
"Rodríguez, Endy",682848,2026,26,135,159,36,23,6,0,7,41,23,25.8,14.5,".267",".467",".373","0.840",".245",".403",".370",".338",".355",".158","72.7",26.2,14.7,11.1,35.9,27,"7.3",3,10.1,-6,47.2,35.8,"92.4","19.1",37.2,10.6,46.8,"100.7717","95.060794946",25.9,44.8
"Merrill, Jackson",701538,2026,23,475,515,116,75,20,2,19,123,33,23.9,6.4,".244",".415",".295","0.710",".261",".468",".308",".334",".311",".207","73.3",30.1,15,11.2,29.3,21.8,"7.5",15,9.4,0.3,47.5,38.3,"90.6","14.6",38.4,11.2,47.3,"100.743355","94.854358348",26.7,55.4
"Schmitt, Casey",669477,2026,27,387,409,105,66,17,1,21,81,11,19.8,2.7,".271",".483",".301","0.784",".288",".512",".335",".355",".318",".224","72.5",27.5,17.4,14,34,27.4,"7.6",14,9.7,-7.1,48.6,33.4,"89.9","21.6",39.4,12.3,44.8,"100.777605742","94.749369773",21.4,53.8
"Roden, Alan",702176,2026,26,58,69,14,11,3,0,0,9,8,13,11.6,".241",".293",".324","0.617",".282",".399",".282",".345",".369",".117","70.4",12,15.3,13,36.5,31,"6.9",2,7.8,-1.7,50.5,30.4,"88.1","12",28.8,5.8,42.3,"99.082126538","93.6737",15.8,46.3
"Benintendi, Andrew",643217,2026,31,333,370,83,50,18,2,13,88,31,23.8,8.4,".249",".432",".312","0.744",".246",".411",".322",".314",".310",".165","69.9",4.4,13.5,9.8,36.9,26.6,"7.1",12,16.9,-6.3,50.9,31.2,"88.9","17.7",35.2,8.9,44.2,"98.873914959","93.757812408",29.2,51.9
"McGonigle, Kevin",805808,2026,21,465,547,131,94,21,3,13,77,77,14.1,14.1,".282",".424",".386","0.810",".260",".423",".360",".350",".368",".163","71.2",16.1,11.4,9.7,35.4,30,"6.9",13,15.5,0.7,49.6,36.5,"88.1","20.4",35.9,6.7,36.8,"98.236316154","93.340152005",16.4,42.8
"Clemens, Kody",665019,2026,30,404,441,94,48,20,5,21,101,27,22.9,6.1,".233",".463",".289","0.752",".244",".435",".323",".321",".303",".190","72",12.9,16.7,12.8,37.9,29,"7.2",11,11.7,-2.6,63.2,28.5,"92.3","16.2",33.6,11.5,45.6,"101.096409073","95.175232715",25.3,50
"Meckler, Wade",685133,2026,26,196,218,57,44,10,0,3,48,20,22,9.2,".291",".388",".359","0.747",".255",".355",".334",".306",".327",".100","68.9",2.2,8.2,6.4,37.7,29.3,"6.8",7,11.5,3.2,44.3,40.6,"86.5","6.2",35.6,3.4,32.2,"96.511586301","92.313697808",23.5,45.4
"Devers, Rafael",646240,2026,29,468,525,115,59,30,1,25,137,52,26.1,9.9,".246",".474",".320","0.794",".231",".442",".340",".324",".308",".211","71.8",20.9,18.1,12.9,34.2,24.5,"7.5",11,9.5,5.2,57.8,30.7,"92.6","14.6",30.7,10.8,51,"102.739823293","96.218272763",28.9,48.4
"Crews, Dylan",686611,2026,24,275,302,58,37,11,0,10,73,20,24.2,6.6,".211",".360",".281","0.641",".237",".425",".286",".319",".306",".188","74",38.4,16.9,11.9,31.3,22.1,"7.6",15,8.8,-4.5,45.3,27.6,"90.6","13.8",34.7,10.4,43.6,"101.2044083","94.82330365",30.8,52
"Navarreto, Brian",640459,2026,31,27,32,4,2,1,0,1,10,1,31.3,3.1,".148",".296",".233","0.529",".149",".234",".241",".220",".234",".085","73.1",21.7,14.3,8.7,21.4,13,"8.1",0,15.3,-16.9,61.7,27.5,"84.2","4.7",31.6,10.5,15.8,"95.29273","91.910985625",33.9,49.6
"Pasquantino, Vinnie",686469,2026,28,297,340,69,49,12,2,6,60,37,17.6,10.9,".232",".347",".318","0.665",".244",".385",".295",".313",".329",".141","70.3",9.8,12.2,10.5,31.8,27.4,"7.3",10,10.8,-10.1,58.1,28.6,"89","19.5",35.7,6.7,39.4,"99.196837","93.908597364",16,45.9
"Seigler, Anthony",678011,2026,27,139,158,35,20,12,0,3,26,14,16.5,8.9,".252",".403",".321","0.724",".244",".380",".318",".310",".318",".136","67.2",0.4,9.5,7.6,43.7,35,"6.8",5,10.9,4.9,58.8,35.2,"87.6","15.6",39.3,6,35.9,"96.869369655","92.664541826",21.6,46.5
"Tromp, Chadwick",644433,2026,31,49,51,8,7,1,0,0,13,0,25.5,0,".163",".184",".160","0.344",".174",".217",".150",".170",".173",".043","70.4",9.4,3.1,2.4,26.6,20,"8.2",2,12.1,-10,56,27.9,"85.5","12.9",26.3,0,26.3,"95.351341111","91.695006667",24.3,56.6
"Clase, Jonatan",682729,2026,24,22,25,6,4,0,0,2,8,3,32,12,".273",".545",".360","0.905",".171",".267",".390",".247",".271",".096","67.9",14.3,13.8,9.5,34.5,23.8,"6.6",4,4.4,2,53.5,38.1,"86.8","11.3",21.4,0,35.7,"96.624655714","92.412265",30.6,43
"Tovar, Ezequiel",678662,2026,24,381,417,79,50,20,0,9,104,25,24.9,6,".207",".331",".255","0.586",".220",".359",".257",".274",".269",".139","72.1",21.4,9.1,6.4,25.6,18.1,"7.6",13,10.6,-2,48,35.2,"87.3","17.5",34.6,6.3,33.2,"98.232966187","93.164858633",29.1,62
"Sánchez, Ali",645305,2026,29,60,64,16,13,2,0,1,16,1,25,1.6,".267",".350",".297","0.647",".260",".320",".286",".271",".291",".061","70.3",7.4,6.3,5.3,27.5,23.2,"7.2",0,10.7,4.1,59.2,32.4,"82.4","16.6",37.8,2.2,24.4,"94.466022727","91.373257273",20.9,48.2
"Church, Nathan",701675,2026,25,321,349,75,55,10,1,9,66,19,18.9,5.4,".234",".355",".279","0.634",".242",".362",".279",".287",".288",".121","69.9",9.6,10.3,8,27.1,21.1,"7.2",5,6.3,0.2,40.5,31.9,"86","13.9",34.5,6.5,30.7,"97.454266508","92.73060496",21.4,57.1
"Burleson, Alec",676475,2026,27,477,530,138,84,32,1,21,87,45,16.4,8.5,".289",".493",".355","0.848",".302",".546",".365",".389",".367",".244","73.6",35.5,19.5,15.8,34.7,28.2,"7.6",13,13.5,1.3,54.2,36.1,"92.1","12.6",35.4,11.5,49.6,"102.316184796","95.868879949",21.5,52.5
"Doyle, Brenton",686668,2026,28,149,161,32,24,6,0,2,49,12,30.4,7.5,".215",".295",".273","0.568",".192",".272",".257",".238",".254",".080","72.1",15.8,11.9,8.5,29.2,20.8,"7.3",7,12,0.9,58.4,30.1,"87.9","8.9",23,5.2,33,"98.509552083","93.304095",30.4,52.5
"Winn, Masyn",691026,2026,24,423,480,100,77,17,2,4,102,43,21.3,9,".236",".314",".313","0.627",".248",".329",".284",".299",".329",".081","71.3",15.6,14,10.9,35.4,27.7,"7.3",10,5.3,-0.4,41.4,28.2,"88.2","12.1",33.8,3.4,35.1,"98.558606135","93.333341292",23.6,41.8
"Yoshida, Masataka",807799,2026,32,263,297,72,50,16,1,5,33,28,11.1,9.4,".274",".399",".347","0.746",".262",".372",".329",".318",".340",".110","71.5",17.8,16.6,14.1,43.1,36.8,"7.1",0,8.1,-1,48.4,33.1,"88.8","8.9",30,3.4,39.9,"99.027488034","93.672635923",15.6,42.6
"McCann, James",543510,2026,36,111,118,33,24,5,0,4,29,4,24.6,3.4,".297",".450",".328","0.778",".221",".369",".339",".271",".254",".148","72.2",24.2,15.6,10.8,38.5,26.8,"7.1",0,10.3,-3.6,43.1,36.9,"89.6","8.3",31,8.3,41.7,"100.435430488","94.678336173",29.1,50.8
"Salazar, César",663967,2026,30,18,22,1,1,0,0,0,3,3,13.6,13.6,".056",".056",".227","0.283",".237",".328",".169",".328",".375",".091","66.8",0,6.3,5.4,28.1,24.3,"6.9",0,14.2,-4.7,54.1,32.6,"88.6","11.2",20,0,33.3,"96.63377","92.976092857",14.3,44.2
"O'Neill, Tyler",641933,2026,31,220,248,49,31,8,0,10,69,26,27.8,10.5,".223",".395",".310","0.705",".216",".403",".313",".312",".305",".187","72.3",18.5,13.4,9.5,30.9,21.9,"7.3",7,15.1,-7.2,54,35.1,"89.5","22",34.4,9.3,43,"100.3517125","94.442295894",31.2,47.3
"Espinal, Santiago",669289,2026,31,56,60,15,11,3,0,1,8,1,13.3,1.7,".268",".375",".276","0.651",".285",".374",".281",".290",".294",".089","68.3",3.2,9.8,8.5,37.8,33,"7.8",4,9.8,-1.3,63.5,34.6,"86.2","14.2",45.1,2,31.4,"96.563089583","92.284365833",18.8,50
"Thomas, Alek",677950,2026,26,94,100,17,6,9,0,2,23,3,23,3,".181",".340",".222","0.562",".235",".397",".246",".292",".275",".162","69.6",4.5,15.6,12.1,36.1,28,"6.9",5,7.7,3.4,57.2,28.2,"89.9","11.7",36.1,8.6,43.1,"100.467646471","94.664877647",26.7,57.4
"Mullins, Cedric",656775,2026,31,359,409,75,50,9,3,13,84,32,20.5,7.8,".209",".359",".284","0.643",".183",".297",".286",".252",".262",".114","70.8",7.8,9.5,7.3,31.9,24.7,"7.4",8,12,-4.9,62.5,30.2,"87.7","26.4",26.1,3.5,31.3,"97.424784697","92.831274735",23.2,50.3
"Torrens, Luis",620443,2026,30,203,225,48,30,12,0,6,43,16,19.1,7.1,".236",".384",".305","0.689",".236",".359",".306",".296",".305",".124","70.3",7.6,11.9,9.5,34,27.1,"7",5,7.1,8.1,51.4,30.6,"88.2","7.5",32.1,5,39.5,"98.62473557","93.533558544",21.3,47.5
"Acuña Jr., Ronald",660670,2026,28,274,321,67,41,12,1,13,75,40,23.4,12.5,".245",".438",".349","0.787",".257",".491",".345",".370",".362",".234","75.9",60.8,16.8,12.5,28,20.7,"7.6",27,11.4,4.2,53.6,37.4,"90.3","17.2",33.8,13.4,45.3,"101.697188416","95.175661294",30,47.4
"Williamson, Ben",810938,2026,25,247,270,61,47,10,1,3,51,20,18.9,7.4,".247",".332",".309","0.641",".252",".330",".288",".289",".313",".078","69.4",11.3,13.2,11.1,35.2,29.6,"6.9",9,2.7,5.1,34.7,28.9,"87.3","2.8",31,1.5,33,"98.097678229","93.075550729",17.1,42.9
"Correa, Carlos",621043,2026,31,122,141,34,23,8,0,3,26,18,18.4,12.8,".279",".418",".369","0.787",".289",".459",".347",".364",".378",".170","73.4",38.8,16.7,12.9,28.3,22,"7.2",1,7.2,-1.1,39.7,35.5,"89.2","7.2",36.1,10.3,41.2,"101.668709184","94.924922887",22.9,45
"Bateman, Brett",703520,2026,24,40,43,11,9,2,0,0,9,3,20.9,7,".275",".325",".326","0.651",".224",".279",".293",".254",".279",".056","68.5",1.8,6.5,5.5,28.3,23.6,"7",0,5.9,7.9,32.7,36.2,"82.9","2.7",35.5,0,16.1,"93.655601538","90.979932308",17.9,46.9
"Brito, Juan",682877,2026,24,51,56,9,5,4,0,0,17,4,30.4,7.1,".176",".255",".250","0.505",".205",".287",".232",".256",".276",".081","68.6",0,9.7,6.9,29.2,20.6,"7.5",2,13.7,-10.2,57.7,31.9,"84.3","14.2",29.4,2.9,32.4,"97.150075882","92.606637941",32.5,48.5
"Simpson, Chandler",802415,2026,25,434,468,134,115,13,6,0,40,21,8.5,4.5,".309",".366",".336","0.702",".261",".299",".310",".266",".296",".038","64.9",0.7,2.9,2.6,46.1,41.9,"6.5",8,3.2,5.3,37.5,29.1,"83.8","1.5",27.3,0,13.6,"92.625940368","90.386886306",10.5,47.5
"Schneemann, Daniel",682177,2026,29,252,276,52,35,11,0,6,81,24,29.3,8.7,".206",".321",".275","0.596",".218",".357",".268",".285",".286",".139","71.2",11.5,12.2,8.6,30.3,21.4,"7",12,14.4,-0.7,56.1,33.1,"87.9","12",32.7,7.6,37.6,"98.568045465","93.411409357",31.5,49.5
"Mauricio, Ronny",677595,2026,25,50,50,9,7,1,0,1,18,0,36,0,".180",".260",".180","0.440",".181",".299",".191",".205",".181",".118","74.8",48.5,11.9,8.2,23.9,16.5,"7.8",1,9.7,-7.5,57.1,27.9,"89.9","6.6",28.1,9.4,34.4,"101.2104525","94.695352813",32.1,63.4
"Bliss, Ryan",669208,2026,26,8,10,1,1,0,0,0,3,1,30,10,".125",".125",".200","0.325",".203",".295",".159",".270",".291",".092","69.8",5.3,7.7,5.3,30.8,21.1,"6.7",0,8.6,7.3,55,29.9,"92.2","16.2",50,0,66.7,"98.87164","95.38135",37.5,53.3
"Wagner, Will",695238,2026,27,35,45,9,8,1,0,0,7,10,15.6,22.2,".257",".286",".422","0.708",".249",".282",".333",".329",".420",".033","69.9",4.8,5.7,4.8,28.3,24.2,"6.6",1,2.5,0.9,35.5,33.4,"81.9","4.9",28.6,0,17.9,"92.435565714","90.547779259",16.9,40.3
"Vargas, Ildemaro",545121,2026,34,355,382,94,64,17,4,9,36,22,9.4,5.8,".265",".411",".311","0.722",".279",".384",".314",".311",".325",".104","70.8",15.9,13.6,11.9,36.9,32.1,"7.4",10,5.7,-5.2,52.2,22.9,"87.5","9.8",31.2,3.7,35.3,"98.181061887","93.125373249",14.8,50
"Vilade, Ryan",668723,2026,27,183,206,47,27,8,1,11,45,18,21.8,8.7,".257",".492",".322","0.814",".250",".441",".347",".327",".318",".191","76.4",63.9,14.9,11.7,22.9,17.9,"7.4",4,3.7,-1,37.8,30.9,"89.3","18.3",31.7,7.1,39,"101.174122429","94.811564604",21.6,50.1
"Fedko, Kyler",693459,2026,26,16,19,0,0,0,0,0,8,2,42.1,10.5,".000",".000",".105","0.105",".097",".136",".073",".166",".193",".040","71.4",10.5,8.7,5.3,26.1,15.8,"6.8",0,10.8,-2.6,50,31.1,"87.9","13.4",22.2,0,44.4,"96.86751","93.081273333",39.5,55.1
"Wisdom, Patrick",621550,2026,34,41,44,5,3,1,0,1,18,3,40.9,6.8,".122",".220",".182","0.402",".178",".403",".171",".265",".234",".226","76.3",66.7,17.3,10.7,30.8,19,"8.1",2,16.1,-8,69,33.4,"92.9","27.8",21.7,21.7,47.8,"102.305891667","96.073292609",39.8,57.4
"Rocchio, Brayan",677587,2026,25,423,471,107,77,18,2,10,68,32,14.4,6.8,".253",".376",".317","0.693",".244",".351",".308",".295",".310",".107","70",7.3,9.1,7.2,32.6,25.7,"7.3",11,8.8,-5.9,50.5,28.5,"86.7","13.5",34.5,3.3,30.8,"96.855873051","92.450649096",22.3,49.8
"Pauley, Graham",688363,2026,25,108,115,21,11,9,0,1,27,5,23.5,4.3,".194",".306",".228","0.534",".182",".280",".234",".219",".217",".098","71.7",17.2,8.4,6.8,27.3,21.9,"7.4",7,14.8,-8.1,53.1,29.7,"84.3","21.1",33.7,4.8,24.1,"95.343655854","91.686780854",22.9,46
"Urías, Luis",649966,2026,29,52,59,13,7,3,0,3,10,6,16.9,10.2,".250",".481",".322","0.803",".237",".351",".345",".299",".314",".114","71.4",24,9.8,8.7,27.2,24,"7.7",2,9.4,-9,63.5,24.4,"86.2","17.6",41.9,7,30.2,"97.293847273","92.754991628",13,50
"Workman, Gage",669398,2026,26,41,41,7,1,4,0,2,17,0,41.5,0,".171",".415",".171","0.586",".222",".489",".245",".299",".222",".267","70.7",11,14.5,9.8,36.4,24.4,"6.9",0,13.2,0.8,40.2,42.1,"94.1","11.6",50,20.8,45.8,"101.80005","95.924588333",33.3,60
"McCray, Grant",687529,2026,25,37,47,3,2,0,0,1,13,7,27.7,14.9,".081",".162",".227","0.389",".200",".316",".198",".296",".327",".117","71.6",19,14,9.5,30.2,20.6,"7",5,6.1,-0.5,43.7,32.1,"87.4","12.3",22.2,11.1,25.9,"98.609629167","93.535458696",34.2,39.9
"Montgomery, Colson",695657,2026,24,443,495,94,49,19,0,26,164,40,33.1,8.1,".212",".431",".291","0.722",".209",".410",".313",".303",".289",".201","76.5",68.7,15.7,10.3,23.3,15.3,"7.9",27,13.2,-9.3,52.9,33.3,"88.8","23.7",32,12.2,41.4,"101.218431429","94.801236595",36.6,52.1
"Sanoja, Javier",691594,2026,23,320,341,87,54,26,2,5,28,19,8.2,5.6,".272",".412",".312","0.724",".256",".331",".316",".278",".297",".075","69.4",8.4,10.3,9.4,37.1,33.6,"7.4",10,4.9,-6.8,51.3,22,"86.6","12.6",31.3,2.4,31,"96.980221049","92.508027343",11.5,51.4
"Freeman, Freddie",518692,2026,36,461,522,139,94,29,1,15,84,54,16.1,10.3,".302",".466",".375","0.841",".298",".484",".367",".374",".376",".186","70.3",8.2,13.5,10.9,32.9,26.6,"6.7",16,7.5,2.5,42,42.5,"89.7","12",38.1,8.7,42.3,"100.140589421","94.360974142",21.6,50.8
"Lee, Brooks",686797,2026,25,444,482,108,68,19,3,18,80,33,16.6,6.8,".243",".421",".299","0.720",".221",".326",".314",".269",".279",".105","70.1",7.8,9.2,7.4,33.4,27.1,"7",24,11.6,-6.6,56.9,31,"87.8","14.6",30.6,3.6,32,"97.09970044","92.627073278",20.9,52.6
"Young, Cole",702284,2026,22,457,501,119,86,15,3,15,82,31,16.4,6.2,".260",".405",".318","0.723",".273",".409",".318",".325",".330",".136","71.5",21.4,13,10.7,34.3,28.3,"6.9",14,5.8,-1.8,47.4,28.1,"88.9","13.8",33,4.7,39.1,"99.484929841","93.885538382",18.7,48.9
"Burger, Jake",669394,2026,30,435,476,104,65,18,0,21,126,36,26.5,7.6,".239",".425",".300","0.725",".232",".401",".317",".304",".294",".169","75.7",61.6,19.7,13.4,33.3,22.6,"7.5",24,9.4,-8.3,60.7,25.8,"89.9","13.5",29.9,11,46.6,"102.452793613","95.598887702",34,50.5
"Cavanaugh, Drew",701852,2026,24,76,91,19,18,1,0,0,19,13,20.9,14.3,".250",".263",".360","0.623",".260",".367",".296",".335",".370",".107","69.2",4.3,9.3,7.2,29.6,23,"6.7",1,7.9,2.1,38.3,41.5,"84.8","13.4",40.7,3.5,27.1,"98.003218148","93.138474444",23.6,46.4
"Martínez, Angel",682657,2026,24,286,306,68,39,16,1,12,70,8,22.9,2.6,".238",".427",".270","0.697",".255",".410",".301",".302",".287",".156","71.2",16.8,11.3,9,28.3,22.5,"7.4",10,10.9,-7,49.7,34.2,"87.3","13.7",37.2,8.1,35.1,"99.372643519","93.784635278",20.9,54.7
"Conine, Griffin",665052,2026,28,165,190,45,26,6,0,13,57,22,30,11.6,".273",".545",".368","0.913",".272",".538",".394",".389",".368",".266","74.3",44.8,24.5,15.6,37.2,23.7,"7.5",9,14.2,-1.4,47.2,28,"92.7","11.2",41.7,16.7,54.6,"104.530920926","97.267880648",37.9,47.9
"Marsee, Jakob",805300,2026,25,403,478,84,59,14,4,7,103,60,21.5,12.6,".208",".315",".323","0.638",".221",".315",".294",".300",".335",".094","70.5",6.9,10.1,8.5,32.7,27.5,"6.8",23,7,-6,48.2,31.2,"87.1","17.8",29.1,3.6,34.3,"97.837981769","92.988448771",18.6,40.4
"Smith, Josh",669701,2026,28,157,178,33,27,3,1,2,39,18,21.9,10.1,".210",".280",".294","0.574",".201",".310",".262",".269",".287",".109","68.9",3.1,8.8,6.9,30.8,24.1,"7",10,13,-6.5,44,34.9,"85.8","14.1",31.7,6.7,30,"97.15360678","92.644331368",24.8,47.7
"Johnson, Bryce",669369,2026,30,45,49,8,6,2,0,0,18,3,36.7,6.1,".178",".222",".229","0.451",".147",".166",".207",".172",".200",".019","67.6",2.8,0,0,16.3,11.1,"7.5",2,10.8,-0.1,35.9,38.9,"79.1","18.7",21.4,0,7.1,"88.992205385","89.585648",32.3,49.5
"Schuemann, Max",680474,2026,29,72,87,14,6,6,0,2,21,12,24.1,13.8,".194",".361",".333","0.694",".203",".336",".317",".311",".340",".133","70.4",7.1,11,7.9,31.9,23,"7.3",2,12.4,-4.7,52.3,31.3,"89.4","24.6",37.3,9.8,41.2,"98.57101625","93.804290833",27.6,42.5
"Culpepper, Kaelen",701785,2026,23,28,33,7,5,1,0,1,11,2,33.3,6.1,".250",".393",".333","0.726",".202",".320",".321",".281",".300",".119","74",34.7,17.1,12.2,28.6,20.4,"7.3",0,12.2,-4.9,63.3,31.3,"90.5","18.9",38.9,5.9,50,"100.096318889","94.893705882",28.1,47.4
"Freeman, Tyler",671289,2026,27,255,288,63,53,6,1,3,34,11,11.8,3.8,".247",".314",".317","0.631",".265",".353",".288",".309",".333",".088","70.5",12.7,12.9,11.6,33.4,30,"7",5,2.6,0.3,30.7,33.9,"87.7","9.9",30.7,1.3,36,"98.258503889","93.223297037",12.4,50.6
"Encarnacion-Strand, Christian",687952,2026,26,81,88,22,12,4,0,6,21,4,23.9,4.5,".272",".543",".310","0.853",".262",".573",".358",".362",".302",".311","73.6",35.3,16.4,12.4,26.6,20,"7.4",3,14,-0.5,53.4,33.9,"92.6","20.7",37.1,19.4,41.9,"102.49248871","95.740854754",24.7,61.7
"Pratt, Cooper",806198,2026,21,136,159,37,29,5,1,2,32,18,20.1,11.3,".272",".368",".352","0.720",".258",".353",".321",".318",".349",".095","70.2",8,10.7,8,34.2,25.6,"7.1",2,8.4,-0.2,41.7,36.8,"87.7","11.4",40.7,3.8,29.6,"96.763783654","92.436036311",25.9,45.2
"Goodman, Hunter",696100,2026,26,414,460,104,53,16,1,34,152,39,33,8.5,".251",".541",".320","0.861",".231",".467",".364",".329",".302",".236","75.3",52.4,16.9,11,26.6,17.4,"7.4",14,14.3,-6.5,64.1,24.5,"90.6","18.8",34.3,16.7,46,"102.821150985","95.762905551",35.8,54
"Romo, Drew",691011,2026,24,155,173,21,9,5,0,7,42,14,24.3,8.1,".135",".303",".215","0.518",".177",".289",".232",".245",".252",".112","69.9",5.3,8.9,6.4,28.1,20.2,"7.5",8,13.6,-11.6,50.5,33.8,"83.7","19.5",25.2,7,25.2,"95.043564464","91.661058571",29.4,52.4
"Carrigg, Cole",694249,2026,24,189,222,54,31,15,3,5,45,24,20.3,10.8,".286",".476",".371","0.847",".264",".395",".364",".332",".357",".132","73.7",39.2,11.6,9,24.7,19.2,"7.5",12,11.5,-2,50.6,37.3,"86.6","15.6",38.3,4.7,31.5,"97.927749315","93.048292",24.4,50.7
"Mead, Curtis",678554,2026,25,285,329,72,37,17,1,17,63,39,19.1,11.9,".253",".498",".353","0.851",".259",".457",".370",".358",".359",".198","72.6",27.3,15.2,12.8,30.2,25.3,"7.1",9,5.5,-5,45.9,31.1,"88","15.8",35.6,10.9,42.3,"100.226240455","94.227892192",18.1,40.6
"Judge, Aaron",592450,2026,34,214,261,53,26,10,0,17,72,42,27.6,16.1,".248",".533",".375","0.908",".270",".600",".385",".415",".393",".330","76.1",64.4,20.8,14.5,31.7,22.1,"8.1",12,12.1,-5.1,50.7,38.5,"94.1","14.6",33.6,21.7,57.3,"105.303098194","97.814683287",32.2,42.9
"Trammell, Taylor",666211,2026,28,175,199,39,24,6,2,7,62,19,31.2,9.5,".223",".400",".313","0.713",".205",".404",".314",".307",".297",".200","76.1",61.8,15.3,9.7,25.7,16.3,"7.9",11,10.8,-7.7,52.6,29.3,"88.7","13.3",27.2,12.3,36.8,"100.994485714","94.597486757",39.2,48.2
"Lopez, Otto",672640,2026,27,491,530,152,107,29,7,9,69,26,13,4.9,".310",".452",".343","0.795",".282",".420",".344",".323",".321",".138","71.8",23.9,18.7,15.5,38.6,32,"6.8",18,5.1,-2.9,46.4,29.5,"89.1","7.9",30.9,6,41.3,"100.359437311","94.426874788",18.9,46.8
"Alfonzo, Eliezer",672613,2026,26,27,27,5,3,2,0,0,2,0,7.4,0,".185",".259",".185","0.444",".218",".301",".192",".223",".218",".083","68.6",4.8,10.8,9.5,51.4,45.2,"7",1,7.7,2.9,46.5,32.4,"91.3","10.9",40,0,32,"98.6623025","93.612612917",12.5,53.3
"Delgado, Raynel",669384,2026,26,33,36,9,7,1,0,1,5,2,13.9,5.6,".273",".394",".314","0.708",".248",".333",".312",".277",".291",".084","70.6",3.7,7.5,5.6,45,33.3,"7.3",0,9.7,0.5,50,33.2,"85.9","4",34.5,3.4,31,"95.569543571","91.798723929",26.7,55.6
"Cauley, Cam",695508,2026,23,58,65,12,7,3,1,1,15,5,23.1,7.7,".207",".345",".281","0.626",".192",".238",".279",".235",".268",".046","69.8",15.7,6.6,4.5,32.8,22.5,"6.9",2,10.5,6.8,57.7,31.3,"85.5","16.8",27.3,0,20.5,"94.600854545","91.424347442",31.9,47.7
"Freeland, Alex",690976,2026,24,195,223,45,35,7,0,3,68,22,30.5,9.9,".231",".313",".309","0.622",".210",".317",".283",".276",".292",".107","70.7",8,13.2,9.5,35,25.2,"6.9",12,8.9,3.9,51.1,29.8,"88.7","10.3",34.8,5.3,37.1,"98.755015625","93.510529134",29.8,40.9
"Velazquez, Andrew",623205,2026,31,15,15,1,1,0,0,0,2,0,13.3,0,".067",".067",".067","0.134",".167",".200",".059",".160",".167",".033","70.1",10.5,0,0,31.3,26.3,"7.7",0,13.8,0.7,47.4,33.4,"84.4","19.2",30.8,0,23.1,"95.175448","91.762572",14.3,62.2
"Myers, Dane",667472,2026,30,197,229,51,38,8,0,5,59,27,25.8,11.8,".259",".376",".354","0.730",".235",".369",".328",".319",".338",".134","71.4",19.7,11.6,9.2,30.5,24.3,"7.2",7,8.1,7.2,50.3,29.3,"89.6","15.6",36.4,5.2,35.7,"99.075780308","93.941506822",21.2,42
"Stewart, Sal",701398,2026,22,476,540,123,73,24,0,26,119,53,22,9.8,".258",".473",".333","0.806",".251",".467",".346",".345",".332",".217","72.3",27.4,15.2,11.5,31.9,24,"7.6",28,11.8,5.8,56,33.1,"90.1","13.4",33.8,13.3,38.5,"100.41744096","94.506364986",26.9,48
"Siri, Jose",642350,2026,30,138,152,36,21,8,0,7,47,9,30.9,5.9,".261",".471",".313","0.784",".230",".448",".339",".316",".287",".218","73.8",41.3,18.3,12.2,24.4,16.2,"7.8",7,13.5,-4.3,54,33.6,"88.6","16.9",31.9,14,41.9,"101.479183043","94.941253407",35.2,55.7
"Thomas, Colby",687515,2026,25,114,121,23,16,3,0,4,37,4,30.6,3.3,".202",".333",".235","0.568",".182",".357",".250",".248",".217",".174","75.5",57.3,15.2,10,27.5,18,"7.6",2,9.5,-2.1,44.6,29.8,"89.1","20.9",30.4,8.9,34.2,"99.091770769","93.666947013",34.3,60.6
"Vientos, Mark",668901,2026,26,237,254,50,30,9,0,11,61,12,24,4.7,".211",".388",".256","0.644",".234",".447",".280",".310",".277",".214","73.4",28.7,18.8,13.1,33.1,23.1,"7.5",12,13.1,0,60.7,31.8,"89.5","15.7",32,10.1,43.8,"100.872376742","94.679619382",31.5,54.5
"Heineman, Tyler",623168,2026,35,130,147,24,20,2,1,1,23,5,15.6,3.4,".185",".238",".237","0.475",".231",".279",".218",".254",".281",".048","65.6",0,3.2,2.6,30.3,24.7,"7.1",6,7.1,-10.5,47.2,30.3,"81.5","10.8",25.2,0.9,13,"91.814494314","90.230540784",18.1,55.1
"Frazier, Adam",624428,2026,34,98,110,23,15,6,1,1,31,9,28.2,8.2,".235",".347",".306","0.653",".194",".257",".292",".242",".268",".063","65.4",2,2.7,2,29.1,21.9,"6.9",5,13.2,2.5,46,39.9,"84.9","14.1",30.4,1.4,15.9,"93.786189091","90.90382803",26,53
"Saggese, Thomas",695336,2026,24,76,82,14,10,2,1,1,26,6,31.7,7.3,".184",".276",".244","0.520",".203",".365",".235",".274",".261",".162","72.1",23.3,12.8,8.8,26.6,18.2,"7",5,9.5,3,43.5,36.3,"88.8","13.2",34,10,38,"100.2456392","94.3591682",33,54
"Beavers, Dylan",687637,2026,24,206,232,49,34,12,0,3,61,22,26.3,9.5,".238",".340",".316","0.656",".231",".358",".296",".298",".311",".126","72.4",20.1,14.4,11,32.1,24.5,"7.4",4,8.8,-3.3,47.5,38.6,"88.9","18.3",35.4,5.5,40.1,"99.698281233","94.166909034",24.6,41.9
"Taveras, Leody",665750,2026,27,333,380,75,50,12,6,7,94,36,24.7,9.5,".225",".360",".302","0.662",".216",".327",".295",".281",".296",".111","72.8",26.9,11.1,8.3,26.8,20,"7.5",7,6.9,-4,40,32.7,"87.8","15.8",28.5,4.5,31.7,"98.903571228","93.475303421",25.4,47.9
"Rincones Jr., Gabriel",687282,2026,25,84,89,14,8,4,0,2,29,2,32.6,2.2,".167",".286",".202","0.488",".150",".276",".215",".205",".189",".126","76.1",61.2,12.5,9,19.5,14,"7.1",4,5.3,-4.2,39.1,27.7,"90.1","13.3",23.2,9.4,35.7,"100.53357963","94.544417736",30.3,57.6
"Pages, Andy",681624,2026,25,482,538,132,84,25,2,21,105,45,19.5,8.4,".274",".465",".340","0.805",".271",".439",".349",".340",".339",".169","72.9",28.3,14,11.3,30.6,24.7,"7.6",14,6.4,-2.5,44.6,40,"88.9","15.6",35.9,7.9,42.9,"100.068169319","94.276342618",22.2,47.9
"Nishida, Rikuu",807747,2026,25,29,30,7,7,0,0,0,5,0,16.7,0,".241",".241",".241","0.482",".258",".306",".215",".247",".258",".048","61.7",0,3.3,2.9,60,51.4,"6.1",1,4.7,12,32.4,32.2,"87.9","3.1",36,0,12,"94.065359167","91.185872174",15.2,47.4
"Carpenter, Kerry",681481,2026,28,231,259,48,28,5,2,13,75,18,29,6.9,".208",".416",".276","0.692",".212",".388",".300",".295",".283",".177","71.8",16.5,10.9,8.1,29,21.5,"7.4",8,17.8,-1.1,48.7,35.3,"89.8","21.4",35.2,9.6,44,"99.080080759","93.824390955",28.6,50.2
"Marsh, Brandon",669016,2026,28,437,473,119,83,17,2,17,119,29,25.2,6.1,".272",".437",".318","0.755",".261",".418",".324",".312",".309",".157","71.6",16.7,15.4,11.9,32.5,25.1,"7.3",4,9.9,-1.4,43.1,37.4,"89.6","13",42.1,8.4,45.2,"100.17294575","94.370938495",25.3,52.6
"Morel, Christopher",666624,2026,27,68,73,11,8,3,0,0,28,4,38.4,5.5,".162",".206",".219","0.425",".187",".239",".197",".220",".243",".053","75.9",59.2,15.6,10,31.2,20,"8",2,12.2,-5.7,74.4,24.6,"88.4","19.9",32.5,2.5,42.5,"100.5837435","94.56864225",35.6,52.5
"Herrera, Iván",671056,2026,26,468,559,116,78,23,1,14,97,60,17.4,10.7,".248",".391",".363","0.754",".254",".386",".338",".339",".370",".132","73.8",41.7,15.7,12.8,30.3,24.7,"7.8",17,7.2,-4.1,45.4,30.5,"89.5","9.7",30.7,5.9,41.4,"100.894230699","94.65125629",20.4,44.6
"Laureano, Ramón",657656,2026,31,182,206,37,22,6,2,7,65,20,31.6,9.7,".203",".374",".286","0.660",".222",".409",".292",".312",".303",".187","72.5",26,12,8.4,26.5,18.4,"7.1",10,14.8,-1.9,46.6,33.1,"88","12.1",37,14.3,41.2,"99.9726525","94.305977731",31.1,50.5
"Edman, Tommy",669242,2026,31,166,186,44,32,6,2,4,38,12,20.4,6.5,".265",".398",".337","0.735",".257",".370",".327",".313",".330",".113","70.6",12.1,13.6,11.1,31.9,26,"7",1,9.5,-2.3,56.1,26.8,"88","13.2",27.7,6.2,35.4,"99.410226094","93.724468047",20.6,48.2
"Slater, Austin",596103,2026,33,65,74,15,12,3,0,0,21,8,28.4,10.8,".231",".277",".311","0.588",".182",".236",".271",".235",".269",".053","71.1",10.2,6,4.2,29.8,21.2,"6.9",2,12.4,2.4,58,34.9,"85","4.8",26.7,2.3,18.2,"94.665360455","91.332680227",27.9,46.6
"Muncy, Max",691777,2026,23,186,208,40,24,9,2,5,70,15,33.7,7.2,".215",".366",".284","0.650",".210",".352",".286",".280",".281",".141","74.3",49.4,14.2,9.8,25.1,17.2,"7.5",12,10.1,-5.2,54.4,31.2,"90.4","16.5",34.5,10.9,43.7,"101.495738833","95.043451681",32.7,51.2
"Sosa, Edmundo",624641,2026,30,187,205,41,28,6,2,5,43,7,21,3.4,".219",".353",".262","0.615",".279",".436",".269",".328",".319",".158","72.3",25.8,13.8,10.1,28.2,20.8,"8.2",0,11.4,-3.4,59.7,34,"87.6","9.5",31.8,6.8,40.5,"100.042502568","94.178579184",27.3,61.2
"Matos, Luis",682641,2026,24,20,21,4,4,0,0,0,7,1,33.3,4.8,".200",".200",".238","0.438",".099",".136",".203",".130",".142",".037","71.1",12.8,10.3,7.7,24.1,17.9,"7.2",2,7.4,-7.3,59,25,"84.1","19.8",7.7,0,23.1,"94.59495","92.061707692",31.8,61.1
"Jarvis, Jim",805347,2026,25,106,117,23,16,5,1,1,21,6,17.9,5.1,".217",".311",".265","0.576",".241",".313",".257",".269",".288",".072","71.1",12.7,13.1,10.9,37.2,30.9,"7.1",3,4.4,-1.5,46.2,28.2,"88.7","3",27,3.4,37.1,"98.604481628","93.479574706",17.6,45.6
"Raleigh, Cal",663728,2026,29,330,384,52,31,8,0,13,123,48,32,12.5,".158",".300",".268","0.568",".175",".357",".260",".290",".285",".183","75",51.7,10.5,7.4,21.4,15.1,"7.9",18,17.6,-6,45.9,34.1,"89","25.6",33.3,12.4,35.2,"99.727954762","94.017141571",31.5,50.6
"Moniak, Mickey",666160,2026,28,295,323,78,41,14,4,19,83,18,25.7,5.6,".264",".532",".307","0.839",".221",".419",".353",".295",".269",".198","74.4",47.5,13.4,10,29,21.7,"7.8",9,13.9,-6.9,54.2,33.5,"89.3","21.4",31.5,11,41.6,"99.824688","94.117336301",28.8,57
"Manzardo, Kyle",700932,2026,25,312,356,67,43,10,1,13,114,36,32,10.1,".215",".378",".306","0.684",".219",".379",".305",".306",".310",".160","69.8",6.3,11.4,8.3,33,24,"7.4",12,17.9,-0.2,49.7,37.6,"89.5","19.3",34.5,12,41,"98.784676465","93.74206596",30.6,46.5
"Rutschman, Adley",668939,2026,28,269,311,65,36,20,1,8,49,35,15.8,11.3,".242",".413",".328","0.741",".263",".417",".325",".341",".351",".155","70.7",13.1,14.7,12.6,37.1,31.9,"6.9",13,7.1,-3.1,42.7,33.4,"88.9","14.7",40,7.1,40.9,"99.466218393","93.993119286",16.8,39.8
"White, Eli",642201,2026,32,153,165,36,24,6,1,5,37,10,22.4,6.1,".235",".386",".285","0.671",".218",".312",".294",".260",".270",".094","73",29.6,11.4,8.5,26.5,19.7,"7.2",6,9,0.3,52.3,34.4,"86.2","6.6",29.9,5.2,29.9,"97.91441193","93.001075044",27.5,51.7
"Walls, Taylor",670764,2026,29,302,353,67,49,14,2,2,86,37,24.4,10.5,".222",".301",".308","0.609",".190",".256",".278",".249",".281",".066","68.3",2.2,3.8,3,34.3,27,"7.1",14,13.3,0,60.8,33.2,"85.4","20.2",32,2.2,21.1,"94.947893398","91.505894244",22.5,43.6
"Benge, Carson",701807,2026,23,451,495,123,90,16,3,14,106,37,21.4,7.5,".273",".415",".335","0.750",".281",".440",".331",".343",".344",".159","70.9",17.3,14.3,11.4,34.1,27.1,"6.6",24,6,3.4,41.8,33.9,"89.5","10.9",37.6,7.6,41.3,"100.113488187","94.343470088",21.1,45.8
"Diaz, Yainer",673237,2026,27,231,243,58,41,9,0,8,38,9,15.6,3.7,".251",".394",".280","0.674",".268",".401",".293",".305",".297",".133","72.6",21.5,14.3,11.4,37.1,29.6,"7.3",11,8,2.3,58.2,27.7,"87.7","5.9",29.2,5.1,34.9,"98.725645612","93.473890359",21.9,56.8
"Smith, Pavin",656976,2026,30,78,89,11,9,1,0,1,18,10,20.2,11.2,".141",".192",".236","0.428",".188",".253",".205",".255",".282",".066","70.9",10.1,6.8,5.8,28.2,23.9,"7.4",1,10.1,-1.9,57.9,29.3,"86.1","14.6",23,3.3,31.1,"96.875927097","92.513835574",17.2,43.7
"Cabrera, Oswaldo",665828,2026,27,9,11,0,0,0,0,0,4,0,36.4,0,".000",".000",".000","0.000",".158",".187",".000",".148",".158",".028","69.1",0,0,0,30.8,26.7,"7.2",0,7.2,0,46.7,32.8,"89.6","-5.2",14.3,0,42.9,"97.676703333","93.806022",15.8,52.8
"Sheets, Gavin",657757,2026,30,344,398,73,42,15,0,16,83,47,20.9,11.8,".212",".395",".314","0.709",".229",".381",".315",".317",".329",".152","74.4",46,11.8,9.6,25.2,20.6,"7.7",20,7.8,-6.1,49.6,28.4,"87.5","12.5",31.6,7.2,39.5,"99.067735682","93.611131787",21.2,43.2
"Pinckney, Andrew",687605,2026,25,10,13,3,1,0,1,1,3,1,23.1,7.7,".300",".800",".385","1.185",".233",".428",".458",".374",".379",".196","74.3",58.8,23.1,17.6,53.8,41.2,"7.6",1,9.8,5.9,58.8,30.4,"96.3","10.4",37.5,12.5,62.5,"105.7581725","98.053795",26.3,40.4
"Kwan, Steven",680757,2026,28,399,472,106,87,15,2,2,47,61,10,12.9,".266",".328",".366","0.694",".273",".335",".318",".323",".373",".063","62.5",0.2,1.4,1.3,45.2,42.2,"6.2",5,1.8,-0.4,32.2,36.3,"83.7","13.5",40.1,0.3,8.9,"91.729030809","89.925213768",8.6,36.4
"Arraez, Luis",650333,2026,29,478,525,150,111,27,7,5,23,27,4.4,5.1,".314",".431",".349","0.780",".285",".373",".336",".303",".324",".088","63.2",0,1.8,1.7,46.4,42.8,"5.9",2,9,2.5,53.6,36.9,"86.7","16.2",40.1,0.8,19.7,"94.113542759","91.10087",7.8,49.3
"Rave, John",670231,2026,28,55,62,11,4,4,1,2,14,5,22.6,8.1,".200",".418",".267","0.685",".230",".421",".296",".312",".295",".191","74.8",49.4,18.8,14.5,31.3,24.1,"7.3",0,10.3,-4.3,62.4,26.4,"85.5","16.5",30.2,14,27.9,"98.507403","93.401757692",24.8,43.7
"Kennedy, Buddy",671083,2026,27,33,38,3,2,1,0,0,13,4,34.2,10.5,".091",".121",".211","0.332",".165",".231",".173",".241",".275",".067","72.2",20,7.3,5.3,20,14.7,"6.7",3,9,-10.6,54.7,34.3,"84.9","26.9",30,5,35,"97.565198","92.782599",28.6,49.1
"Harris, Dustin",687957,2026,26,43,52,10,8,1,1,0,7,6,13.5,11.5,".233",".302",".333","0.635",".286",".356",".292",".334",".381",".070","66.5",2.9,8.1,7.1,41.9,37.1,"6.5",2,13.1,-9,44.3,39.3,"83.7","15.8",44.7,0,15.8,"93.693081111","90.948051389",13.8,42.3
"Simon, Ronny",682927,2026,26,31,34,9,8,1,0,0,4,2,11.8,5.9,".290",".323",".333","0.656",".276",".373",".296",".308",".320",".097","72.3",26.2,3.8,3.3,26.9,23,"7.2",0,2.1,0.4,35.5,26,"84.6","11.9",35.7,3.6,28.6,"97.904107692","93.027103462",16.4,56.6
"Johnson, Daniel",669288,2026,30,14,17,2,2,0,0,0,3,2,17.6,11.8,".143",".143",".294","0.437",".280",".320",".230",".341",".407",".040","73.5",30,12.5,10,43.8,35,"7.4",0,10.5,-2.8,55,29.4,"92.7","21.8",18.2,0,45.5,"100.655092","95.154549",21.7,43.4
"Bazzana, Travis",683953,2026,23,336,389,79,53,15,2,9,87,46,22.4,11.8,".235",".372",".332","0.704",".222",".344",".314",".299",".321",".122","69.7",12.1,9.9,7.6,33.5,25.6,"7",23,10.7,-2.1,51,33.6,"88.1","15",29.4,4.4,36.4,"98.42390456","93.39087588",25.4,44.1
"Ramírez, Pedro",699393,2026,22,131,145,38,25,10,1,2,28,12,19.3,8.3,".290",".427",".347","0.774",".261",".349",".335",".293",".322",".088","72.3",22.8,17.4,13.9,32.1,25.7,"7.5",5,4.9,-4.4,43.7,24.9,"89.1","8.6",35.2,2.9,41.9,"99.470460385","93.981810769",22.6,51.2
"Suárez, Eugenio",553993,2026,34,334,375,70,36,16,0,18,133,34,35.5,9.1,".210",".419",".288","0.707",".193",".346",".307",".278",".276",".154","71.8",18.8,11.4,7.7,26.7,18,"7.8",33,18.2,-4.7,48.2,39,"88.7","20.4",37.3,11.6,36.3,"99.6870423","93.965363719",34.7,47.1
"Azócar, José",640492,2026,30,17,18,6,4,2,0,0,4,1,22.2,5.6,".353",".471",".389","0.860",".282",".345",".376",".298",".322",".063","69.2",9.4,8.7,6.3,26.1,18.8,"6.9",2,5.8,-3.6,34.3,36.2,"87.3","5.8",30.8,0,23.1,"96.457345","92.260225",27.5,58
"Kim, Hyeseong",808975,2026,27,116,131,30,25,3,1,1,31,12,23.7,9.2,".259",".328",".323","0.651",".261",".341",".293",".304",".333",".080","66.7",0,7.2,5.6,34.9,27,"7.2",5,8.1,1.6,39.2,39.9,"85.8","9.1",42.5,3.4,25.3,"95.588878636","91.838053563",27,47.4
"McLain, Matt",680574,2026,26,325,374,63,36,16,0,11,104,42,27.8,11.2,".194",".345",".293","0.638",".228",".386",".287",".316",".324",".158","71.6",11.9,13.7,10,32.1,23.5,"6.9",19,10.8,0.6,57.4,30.9,"87.8","20.6",38.4,10,36.2,"98.714639259","93.492696558",28.8,42.6
"Acuña, Luisangel",682668,2026,24,186,199,44,40,3,0,1,39,8,19.6,4,".237",".269",".269","0.538",".246",".316",".242",".265",".281",".071","72.1",27.7,16.6,12.7,37.4,28.7,"7.5",12,8.8,1.4,66.3,25.5,"88.7","2",23.8,3.3,37.7,"99.643046164","93.954847808",25.6,51.5
"Fortes, Nick",663743,2026,29,253,274,68,50,14,0,4,33,9,12,3.3,".269",".372",".314","0.686",".255",".344",".304",".287",".301",".089","72.3",21.6,16.2,13.6,30.4,25.6,"7.5",5,3.3,-6.6,36.2,19.8,"85.2","7.6",24.6,2.3,35,"98.903239725","93.481118986",17,52.4
"Alvarez, Yordan",670541,2026,29,445,542,143,82,25,0,36,91,86,16.8,15.9,".321",".620",".435","1.055",".330",".681",".437",".461",".444",".352","76.1",61.3,22.6,18.3,33.2,26.9,"7.7",5,8.2,-4.9,44.8,36.5,"94.5","19.5",41.9,17.7,53.4,"105.167164944","97.344079382",19.9,42.7
"Báez, Javier",595879,2026,33,134,141,35,26,7,0,2,26,4,18.4,2.8,".261",".358",".291","0.649",".250",".318",".286",".269",".285",".068","73.2",31.1,12.8,9.5,31.8,23.7,"8.6",2,8.4,-6.6,55.8,28.8,"85.6","8.5",33,1.9,33,"96.948547963","92.475197593",27.8,56.4
"Ramos, Heliot",671218,2026,26,324,348,79,51,16,3,9,93,20,26.7,5.7,".244",".395",".293","0.688",".258",".440",".299",".322",".307",".182","72.4",24.9,17.6,12.9,33.3,24.4,"6.9",8,8,5,50.3,33.4,"92.2","6.1",32.8,13.5,49.1,"103.123778435","96.116494017",28.7,52.8
"Neto, Zach",687263,2026,25,479,540,106,60,23,3,20,171,52,31.7,9.6,".221",".407",".307","0.714",".198",".385",".314",".296",".287",".187","71.2",13.8,10.9,7.4,30.6,20.7,"7.1",34,20.8,-8.1,38.7,39.9,"89.3","22.9",34.3,11.7,39.9,"99.451823203","93.991692647",33.8,51.5
"Langeliers, Shea",669127,2026,28,376,416,99,57,19,0,23,96,34,23.1,8.2,".263",".497",".332","0.829",".268",".513",".357",".363",".336",".245","75.2",53.7,18.6,13.3,33,23.6,"7.2",2,11.9,-2.4,61.9,31.2,"91.8","19.7",37.4,14.9,45.6,"102.588239716","95.705949039",28.4,50.2
"Millas, Drew",686452,2026,28,130,152,24,18,4,0,2,37,14,24.3,9.2,".185",".262",".277","0.539",".204",".282",".251",".266",".295",".079","68.1",3.6,4.8,3.6,31,23.4,"7.1",1,7.9,-4.2,41.6,32.1,"83.6","12.8",34.4,3.2,21.9,"94.435516667","91.391984222",23.3,44.8
"Urías, Ramón",602104,2026,32,57,68,9,4,3,0,2,12,6,17.6,8.8,".158",".316",".279","0.595",".185",".374",".273",".305",".305",".189","70.2",2.9,11.3,8.8,36.3,28.4,"7.3",3,11.9,6.7,76,27.8,"89.5","17.7",30.4,10.9,37,"98.964138261","93.652984565",23.5,48.5
"Wallner, Matt",670242,2026,28,120,135,20,13,3,0,4,53,10,39.3,7.4,".167",".292",".259","0.551",".200",".333",".253",".281",".289",".134","75.2",56.8,12.7,7.6,22.3,13.3,"7.5",15,10.9,-4.8,57.1,27.8,"88.4","8.1",26.9,10.4,40.3,"101.422806765","95.021781343",44,52.1
"Beck, Jordan",687597,2026,25,108,117,20,10,7,2,1,31,8,26.5,6.8,".185",".315",".239","0.554",".207",".299",".244",".250",".261",".091","73.8",38.1,13.1,9.1,25.5,17.8,"7.9",3,13.2,-7.1,52.4,32.5,"86.9","16.3",28.2,5.2,30.8,"97.888135526","92.995096053",29.4,51.9
"Cook, Billy",695257,2026,27,48,49,9,7,1,1,0,19,1,38.8,2,".188",".250",".204","0.454",".144",".189",".200",".155",".161",".045","73.4",29.1,5.1,3.5,27.1,18.6,"7.7",1,11.8,-5.2,59.8,28.7,"84.2","22",20.7,0,20.7,"95.43174","91.905527037",33.7,59.8
"Grissom, Vaughn",687093,2026,25,284,315,70,47,16,0,7,56,21,17.8,6.7,".246",".377",".306","0.683",".252",".386",".301",".312",".316",".134","71.5",18.8,13.8,10.8,33.8,26.5,"7.2",15,8.8,-1.1,47.4,34.3,"88","12.7",33.2,6.5,37.9,"99.212342155","93.806644372",22.6,49.3
"Lowe, Nathaniel",663993,2026,30,283,313,76,42,20,0,14,77,29,24.6,9.3,".269",".488",".335","0.823",".270",".454",".355",".343",".338",".185","74.6",46.7,15,12.1,24,19.3,"7.6",13,8.2,3.4,56.1,29.5,"89.5","14.7",39.6,9.4,42.5,"101.462705644","94.894223861",21.8,46.1
"Moore, Dylan",664238,2026,33,12,15,0,0,0,0,0,6,3,40,20,".000",".000",".200","0.200",".096",".178",".140",".233",".277",".082","73.2",26.7,4.5,3.3,13.6,10,"7.2",1,9.7,-9.1,46.7,31.4,"91.3","41.6",50,0,33.3,"96.896296667","92.479925",29.4,42
"Ruiz, Keibert",660688,2026,27,262,280,72,44,21,0,7,33,13,11.8,4.6,".275",".435",".311","0.746",".244",".362",".322",".281",".284",".119","67.7",0.5,14.8,13.1,44.9,39.7,"7",2,10,-9.7,57.2,32.7,"88.4","16.8",35.3,4.7,37.5,"98.289986609","93.223288609",13.6,52.1
"Feduccia, Hunter",676439,2026,29,167,188,39,27,8,1,3,47,16,25,8.5,".234",".347",".303","0.650",".250",".398",".290",".318",".319",".148","71.1",13.7,13.4,10.6,34.9,27.7,"7",6,11.6,-3.6,53.4,33.6,"90.2","16.2",36.3,8.9,39.8,"99.900287458","94.228890678",22.5,44.1
"Hamilton, David",666152,2026,28,259,303,60,46,9,2,3,69,30,22.8,9.9,".232",".317",".314","0.631",".204",".289",".287",".265",".290",".085","69.5",5.6,8.4,6.6,29.6,23.2,"7.2",20,6,-1.9,37.9,33,"86.4","12",26.2,3.5,26.9,"96.506067326","92.254991977",23.7,45.1
"Chourio, Jackson",694192,2026,22,374,411,103,64,22,0,17,101,34,24.6,8.3,".275",".471",".338","0.809",".255",".471",".348",".337",".320",".216","74.4",45.8,18.5,14.5,32.5,25.4,"7.3",12,9.3,3.1,65.9,27.9,"92","12",32.8,13.2,47.6,"102.453055547","95.777346044",24.6,47.3
"Ortiz, Abimelec",694673,2026,24,40,41,12,6,1,0,5,10,1,24.4,2.4,".300",".700",".317","1.017",".292",".672",".428",".410",".309",".380","76.3",68.8,16.9,14.3,26.2,22.1,"7.3",2,9.4,-12.4,50.6,29.4,"92.5","13",50,20,50,"102.389374667","95.959521333",20.9,49.1
"Martin, Austin",668885,2026,27,282,335,68,48,17,0,3,60,43,17.9,12.8,".241",".333",".352","0.685",".240",".326",".314",".311",".352",".086","69.1",3.8,9.5,7.8,41.3,33.9,"6.6",13,10.7,-2.3,52.3,38.5,"87","11.9",34.2,3.1,29.3,"96.516084595","92.34726552",19.7,40.1
"Hedges, Austin",595978,2026,33,163,188,43,32,7,0,4,31,18,16.5,9.6,".264",".380",".337","0.717",".237",".327",".319",".288",".314",".089","69.4",8.1,11.1,8.8,35.2,27.8,"7.2",10,9.3,-6.9,63.6,26.1,"86.7","12",27.5,4.3,32.6,"97.715728806","92.894389699",22.6,44.9
"Torres, Gleyber",650402,2026,29,255,304,69,51,10,0,8,57,44,18.8,14.5,".271",".404",".382","0.786",".250",".379",".352",".334",".365",".129","68",3.2,8.4,6.6,36.9,29.1,"7",6,8.2,7.4,53,34.6,"86.1","8.9",37,7,32.5,"96.7276213","92.425113",22.7,41
"Goldschmidt, Paul",502671,2026,38,300,329,74,46,11,1,16,79,25,24,7.6,".247",".450",".310","0.760",".231",".405",".328",".305",".296",".175","71.2",13.9,13.4,9.9,31.9,23.6,"7.5",4,11.5,3.3,50.4,32.6,"86.6","14.1",34.2,10.4,36.5,"98.77332964","93.512520045",27.1,47.7
"Muncy, Max",571970,2026,35,381,435,96,52,18,1,25,111,50,25.5,11.5,".252",".501",".345","0.846",".239",".480",".364",".350",".334",".241","71.5",15.2,16.6,11.7,35,24.7,"7",12,16.8,-6.3,50.4,34,"90.5","16.9",34.8,14.1,45.9,"101.32107637","95.014353074",29.5,45.4
"Sánchez, Jesús",660821,2026,28,241,267,63,40,15,0,8,60,16,22.5,6,".261",".423",".318","0.741",".267",".446",".322",".334",".325",".179","73.6",43.8,17.6,12.9,31.5,23.2,"6.9",3,7.4,3.1,51,28.9,"90.9","11.1",32.4,11.4,45.9,"101.821389891","95.203931522",27.1,53.1
"Rengifo, Luis",650859,2026,29,282,321,69,54,11,0,4,43,31,13.4,9.7,".245",".326",".324","0.650",".257",".352",".294",".309",".337",".096","71.3",17.6,11.7,9.5,35.4,28.6,"7.2",3,7.5,1.1,45.8,33.9,"87.8","5.6",27.9,4.5,34.4,"97.876747815","93.065217046",20.3,49.3
"Jordan, Blaze",691458,2026,23,158,169,40,27,7,4,2,25,6,14.8,3.6,".253",".386",".278","0.664",".270",".423",".285",".317",".301",".152","72.8",28.3,15.5,12.3,33.2,26.3,"7.3",3,5.8,-1.4,40.2,30.5,"88.8","9.2",32.1,8.8,44.5,"100.082209118","94.239658529",20.9,53.7
"Vázquez, Christian",543877,2026,35,208,230,45,32,7,0,6,43,16,18.7,7,".216",".337",".271","0.608",".199",".274",".268",".238",".257",".075","65.6",0.6,7.6,6.1,37.8,30.4,"6.7",7,9.7,1.5,59,27.9,"85.9","14.9",31.6,1.8,23.4,"95.519447037","91.773398395",19.8,47.2
"Cheng, Tsung-Che",691907,2026,24,39,44,10,9,1,0,0,14,4,31.8,9.1,".256",".282",".318","0.600",".237",".392",".274",".303",".302",".155","66.5",0,11.4,7.5,31.8,20.9,"6.8",4,13.9,0.8,70.1,32.6,"86.6","12.5",42.3,7.7,23.1,"95.6115125","92.034037391",36.3,48.5
"McCarthy, Jake",664983,2026,28,395,429,116,71,25,7,13,72,21,16.8,4.9,".294",".491",".333","0.824",".272",".404",".354",".316",".315",".132","71.2",13.1,10.6,8.2,31.2,24.2,"7.1",6,8.8,-2.4,51.1,32.6,"84.7","12.4",38.7,4.8,26.3,"96.693965548","92.390140583",22.6,57.6
"Reynolds, Bryan",668804,2026,31,467,552,122,75,30,2,15,135,75,24.5,13.6,".261",".430",".371","0.801",".245",".426",".354",".347",".359",".181","72.8",30.8,16.5,12.4,31,23.3,"7",44,10.7,1.8,45.2,37.7,"90.6","7.4",36.5,11.1,46.7,"101.891471737","95.299249222",29,46.1
"Refsnyder, Rob",608701,2026,35,114,129,16,11,1,0,4,37,8,28.7,6.2,".140",".254",".211","0.465",".170",".316",".207",".255",".247",".146","71.9",19.1,13.2,9.8,27.8,20.6,"7.6",7,12.3,2.4,59.2,34.3,"86.6","19.5",24.7,8.6,34.6,"98.02099925","93.073923671",29,44.5
"Hernández, Teoscar",606192,2026,33,316,349,78,54,13,0,11,95,28,27.2,8,".247",".392",".309","0.701",".243",".402",".308",".311",".307",".159","72.2",22.4,16.5,11.6,34.5,24.3,"7.7",14,11,0.8,53.4,33.4,"89.8","14.4",29.9,8.5,43.3,"100.773867411","94.69098287",31.7,47.2
"Fairchild, Stuart",656413,2026,30,19,27,3,3,0,0,0,14,7,51.9,25.9,".158",".158",".407","0.565",".089",".151",".307",".280",".359",".062","71",2.8,20,5.6,30,8.3,"7.6",1,19.7,-11.9,52.8,36,"94.2","16.3",20,0,40,"101.9605","95.2142375",69,38.2
"Collins, Isaac",686555,2026,28,357,414,81,52,20,3,6,93,47,22.5,11.4,".227",".350",".325","0.675",".229",".324",".305",".299",".328",".095","73.6",33.5,15.7,12.6,32.9,26.5,"6.8",23,4.1,-5.8,35.1,28.5,"88.6","17.4",31.3,5.6,40.3,"99.988783182","94.167373688",21.9,40
"Haase, Eric",606992,2026,33,74,84,12,5,3,0,4,28,6,33.3,7.1,".162",".365",".235","0.600",".184",".361",".263",".271",".255",".177","71.6",14.1,12,7.4,27.7,17,"7.2",4,12.8,-4.3,61.8,30.8,"86","12",30.6,16.3,28.6,"97.396006957","92.958050667",38.1,48.7
"Pham, Tommy",502054,2026,38,13,14,0,0,0,0,0,7,1,50,7.1,".000",".000",".071","0.071",".099",".117",".050",".137",".163",".018","69.3",0,12.5,8.3,25,16.7,"6.7",1,8,10.7,70.8,30.6,"91.7","10.5",16.7,0,33.3,"100.563033333","94.281516667",37,45
"McGuire, Reese",624512,2026,31,29,34,5,5,0,0,0,9,2,26.5,5.9,".172",".172",".273","0.445",".186",".215",".221",".242",".285",".029","69.3",2.1,0,0,18.4,14.6,"7.8",0,10.5,-4.2,41.7,31,"74.3","18.8",33.3,0,9.5,"87.906893","89.0789435",21.8,50
"Kelly, Carson",608348,2026,31,292,329,76,58,11,0,7,56,34,17,10.3,".260",".370",".343","0.713",".240",".375",".321",".312",".325",".135","70.9",9.6,13.7,11,35.5,28.5,"6.9",4,10.3,-4.5,48.8,33.2,"87","11.5",31.4,5.5,36,"98.340497458","93.255617331",19.8,44.1
"Rodríguez, Héctor",699302,2026,22,28,31,3,2,1,0,0,8,3,25.8,9.7,".107",".143",".194","0.337",".153",".175",".166",".198",".235",".022","75.4",51,7.7,5.9,20.5,15.7,"8",2,13.2,-9,56.9,34.3,"87.6","5.7",25,0,30,"97.072056","92.536028",26.3,50.9
"Sogard, Nick",686765,2026,28,105,126,26,18,7,1,0,22,18,17.5,14.3,".248",".333",".355","0.688",".251",".327",".314",".313",".358",".075","69.3",5.1,8.5,6.9,29.1,23.4,"7.1",2,12.2,-3.2,49.4,32.8,"85.2","14",34.9,3.5,24.4,"94.8817335","91.560048481",19.5,40.4
"Crawford, J.P.",641487,2026,31,307,364,65,44,11,0,10,74,50,20.3,13.7,".212",".345",".330","0.675",".240",".365",".308",".325",".354",".125","71.4",18.7,11.2,9.3,33,27.2,"7.4",5,6.8,-0.7,45.6,33.7,"87.6","12.9",35.3,6.4,35.3,"98.28603181","93.233407186",17.8,38.5
"Huff, Sam",669087,2026,28,33,34,4,2,2,0,0,19,1,55.9,2.9,".121",".182",".147","0.329",".099",".184",".147",".137",".126",".084","73.6",34.8,16.2,9.1,24.3,13.6,"7.8",1,12.9,-8.3,46.3,32,"91.2","8.4",28.6,14.3,57.1,"102.291484286","96.319245714",46.7,60.5
"Arcia, Orlando",606115,2026,31,48,50,13,11,1,0,1,8,2,16,4,".271",".354",".300","0.654",".223",".298",".290",".245",".255",".075","70.6",13.3,4.9,4,41,33.3,"7.8",3,6.3,-0.8,55.3,24.6,"86","4.2",30,2.5,25,"95.6116485","91.83993875",22.1,51.2
"Lara, Luis",800325,2026,21,85,98,19,12,6,1,0,19,12,19.4,12.2,".224",".318",".316","0.634",".266",".345",".288",".316",".354",".080","71.2",16,12.4,10.3,32.6,26.9,"6.9",4,1.2,2.7,28,28,"89.4","5.9",37.3,4.5,41.8,"99.258576765","93.791000299",19.5,38
"Caissie, Owen",683357,2026,23,250,283,57,31,13,0,13,108,22,38.2,7.8,".228",".436",".293","0.729",".211",".413",".314",".304",".284",".202","75",54.8,16.5,11,28.3,19,"7.1",15,11.7,-2.5,38.3,36.1,"91.3","17",46.3,15.4,45.6,"102.098631622","95.484696395",35.9,46.2
"Polanco, Jorge",593871,2026,32,135,145,20,13,5,0,2,36,9,24.8,6.2,".148",".230",".201","0.431",".189",".284",".196",".234",".239",".096","69.5",3.1,10.6,8.4,33.3,26.7,"7.2",5,7.1,-8.6,52,30.6,"86","14.3",31,4,31,"97.0668138","92.589206263",24,45
"Fraley, Jake",641584,2026,31,82,90,19,10,7,0,2,25,8,27.8,8.9,".232",".390",".300","0.690",".204",".345",".304",".276",".274",".142","71.6",22.7,5.5,4.3,23.9,18.4,"7.1",0,8.9,-6.6,44.7,36.9,"83.9","22.8",45.6,8.8,21.4,"94.948210345","91.579935614",21.8,44.9
"Kayfus, CJ",692216,2026,24,22,25,4,2,1,0,1,8,2,32,8,".182",".364",".280","0.644",".169",".427",".288",".304",".269",".258","70.2",17.6,12.1,7.8,24.2,15.7,"6.6",0,12.9,-5.6,38.5,36.4,"92.8","24.1",14.3,21.4,50,"101.151187143","94.712108571",37.9,53.7
"Mack, Joe",691788,2026,23,221,243,53,34,7,0,12,61,16,25.1,6.6,".240",".434",".297","0.731",".235",".424",".319",".311",".292",".189","74.3",42.3,16.6,12.5,30.7,23.2,"7.3",1,13.2,-3.2,57.2,30.6,"88.9","10.1",27.4,9.8,39.6,"100.03024925","94.265202125",25.2,47.1
"Springer, George",543807,2026,36,351,398,80,52,14,2,12,73,39,18.3,9.8,".228",".382",".309","0.691",".228",".370",".306",".302",".310",".142","73",33,13.3,10.6,30.1,24,"7.4",22,9.3,0.7,56.4,33.8,"88.4","12",29.6,6.8,38.6,"99.225598857","93.760960071",23,47.9
"Farmer, Kyle",571657,2026,35,15,16,4,3,1,0,0,4,0,25,0,".267",".333",".250","0.583",".264",".304",".246",".238",".251",".040","66.3",0,5.3,3.7,31.6,22.2,"6.9",0,12.1,-2.5,25.9,32.6,"80.4","6.5",33.3,0,25,"93.193218333","90.774145833",30,57.7
"Schneider, Davis",676914,2026,27,113,140,16,7,6,0,3,47,25,33.6,17.9,".142",".274",".295","0.569",".150",".277",".269",".275",".304",".127","70.8",11.3,13.8,9.3,31.9,21.6,"7",4,17,-3.7,49.1,32.6,"87.7","27.7",26.5,10.4,42.6,"100.282621212","94.852392121",32.6,37.8
"Alonso, Pete",624413,2026,31,468,543,125,74,23,0,28,130,63,23.9,11.6,".267",".496",".361","0.857",".282",".541",".370",".392",".375",".260","74.5",46.7,22.4,16.7,33.6,25,"7.2",17,10.3,2.3,54.5,34,"94.2","15.3",36,14,56.4,"103.770945848","97.15993478",26.8,44.6
"Gelof, Zack",680869,2026,26,254,277,70,43,12,1,14,69,17,24.9,6.1,".276",".496",".331","0.827",".232",".409",".358",".305",".291",".177","73.8",33.9,14.5,10.7,31.4,23.2,"7.3",2,14.5,1.6,62.2,31.8,"89","16.2",29.4,8.6,41.2,"99.638097473","94.017864365",27.4,46.5
"Yorke, Nick",694377,2026,24,84,94,19,14,4,0,1,19,7,20.2,7.4,".226",".310",".298","0.608",".258",".376",".275",".313",".329",".118","72.6",21.6,17.9,14.4,34.1,27.5,"7.3",3,2.4,6.2,33.1,35.6,"89.7","6.9",28.8,6.1,50,"102.174428788","95.535338485",21.2,48.4
"DeLuca, Jonny",676356,2026,27,238,251,63,38,17,0,8,51,11,20.3,4.4,".265",".437",".297","0.734",".246",".359",".318",".280",".279",".113","73.8",37.8,13.6,10.4,23.2,17.7,"7.9",7,6.9,-5.9,59,23.7,"85.2","13.5",31.7,4.2,30.2,"97.386753804","92.759728361",26.1,53.5
"Smith, Dominic",642086,2026,31,251,280,66,51,6,1,8,43,21,15.4,7.5,".263",".390",".319","0.709",".245",".382",".310",".304",".308",".137","68.8",6,10.8,8.8,36.5,29.8,"6.9",13,8.6,-4.7,48.9,31.1,"87.8","13.4",34.1,5.7,33.2,"97.803165283","93.022503697",21.1,49.1
"Garcia, Jhostynxon",691373,2026,23,49,51,8,7,1,0,0,17,1,33.3,2,".163",".184",".196","0.380",".211",".301",".175",".240",".242",".091","74.5",44.9,10.6,7.1,24.2,16.3,"7.8",1,14,-0.3,48,38.1,"83.7","11.7",34.4,3.1,31.3,"98.229828125","93.123011875",33.9,60.9
"Basallo, Samuel",694212,2026,21,282,311,68,42,9,1,16,82,26,26.4,8.4,".241",".450",".305","0.755",".250",".469",".325",".335",".314",".219","74.6",47.4,19,13.5,32.1,22.8,"7.6",16,11.7,-3.8,51.4,33.4,"91.3","10.9",33.2,12.9,45.5,"102.768862574","95.787067612",31.6,53.4
"Cortes, Carlos",666126,2026,29,250,283,65,42,15,1,7,42,26,14.8,9.2,".260",".412",".336","0.748",".253",".392",".329",".320",".331",".139","70.7",13.5,16.4,13,35.5,28.1,"7",10,7.1,-0.1,43.3,26.4,"89.5","8.4",36,6.7,38.6,"99.564144667","94.07404177",21.2,45
"Jung, Josh",673962,2026,28,354,396,104,71,23,1,9,71,33,17.9,8.3,".294",".441",".361","0.802",".286",".432",".352",".347",".356",".146","70.5",8.9,15.9,13.3,38.8,32.4,"7",13,12.4,0,56.5,36.7,"90.6","11.8",39.9,6.3,48.3,"100.249361748","94.616311678",18.4,46.4
"Escarra, J.C.",641555,2026,31,85,92,16,10,5,1,0,18,6,19.6,6.5,".188",".271",".239","0.510",".206",".308",".228",".257",".264",".103","69.6",3.6,12.4,8.6,45.4,31.4,"7.4",1,10,-7.1,59.2,28.3,"89.1","10.6",29.4,4.5,33.8,"98.718896364","93.559476212",28.1,45.5
"Gasper, Mickey",681508,2026,30,112,124,27,20,5,1,1,21,9,16.9,7.3,".241",".330",".301","0.631",".232",".352",".282",".289",".296",".120","72",15.7,14,11.6,40.6,33.7,"6.6",3,11.9,-7.5,59.5,28.4,"88.4","16.8",28,5.4,35.5,"98.492651304","93.504751304",17.9,41.7
"Higgins, P.J.",664731,2026,33,26,32,6,5,1,0,0,8,2,25,6.3,".231",".269",".276","0.545",".276",".326",".245",".287",".318",".051","66.8",0,2.9,2.4,41.2,33.3,"6.6",2,11.4,-9.1,50,30.4,"83.6","24.5",45.5,0,13.6,"92.126883","90.475419474",25.5,39.8
"Jiménez, Eloy",650391,2026,29,31,35,9,9,0,0,0,7,3,20,8.6,".290",".290",".343","0.633",".214",".289",".288",".256",".279",".076","72.6",21.7,18.6,13.3,32.6,23.3,"7.3",1,6.2,-6.6,42.6,26.7,"89.2","5.6",32,4,44,"98.972092308","93.9795348",29.9,51.5
"Busch, Michael",683737,2026,28,473,557,115,79,20,2,14,123,69,22.1,12.4,".243",".383",".350","0.733",".233",".397",".329",".329",".342",".165","68.6",4.9,13.4,10.2,38.1,29,"7",21,15.5,-2.7,50.4,34.1,"88","15.1",33.6,8.8,38.7,"98.559099266","93.431931133",24.9,44
"Walker, Jordan",691023,2026,24,474,521,137,85,28,0,24,125,40,24,7.7,".289",".500",".347","0.847",".277",".487",".366",".356",".338",".210","79.2",84.9,21.7,15.8,28,20.4,"8.3",20,6.8,-5.1,50.5,29.5,"92.6","12.3",34.4,13.1,47.4,"104.732650511","96.715832756",30.5,52.2
"Sullivan, Brett",664954,2026,32,164,179,40,21,11,1,7,31,10,17.3,5.6,".244",".451",".287","0.738",".226",".362",".316",".282",".278",".136","68.3",4,9.3,7.7,37,30.9,"7.3",5,8.4,-7.1,57.2,29.6,"87","20.1",32.1,4.4,32.1,"96.994348507","92.552656045",18.5,52.1
"Wells, Austin",669224,2026,26,246,281,44,30,6,0,8,73,31,26,11,".179",".301",".275","0.576",".212",".364",".260",".296",".305",".152","72.7",25.6,13.5,10,29.5,22,"7.6",12,13.6,-7.3,51.9,32.5,"89","19",32.6,6.9,42.9,"100.168676628","94.397329128",28.6,47.3
"Locklear, Tyler",682988,2026,25,36,42,10,6,3,0,1,9,4,21.4,9.5,".278",".444",".357","0.801",".252",".427",".350",".334",".336",".176","72",26,11.9,9.1,23.7,18.2,"6.8",1,6.3,5.7,47.4,32.6,"83.8","4",28.6,14.3,32.1,"97.675850714","92.84187",23.5,49.7
"Tena, José",677588,2026,25,216,240,51,32,11,2,6,72,21,30,8.8,".236",".389",".313","0.702",".236",".372",".311",".304",".312",".137","73.9",40.9,19.9,13.3,31.9,21.4,"7.1",10,7.3,-1.1,39.8,34.7,"91.4","8.5",31.3,8.3,49.3,"103.126345139","96.036445347",34.7,48.8
"Mesa Jr., Victor",683748,2026,24,159,178,34,19,3,2,10,40,16,22.5,9,".214",".447",".284","0.731",".230",".426",".315",".315",".299",".195","74.1",38.5,12.2,9.2,30,22.7,"7.9",2,10.1,-2.3,66.8,30.3,"89.6","22.4",32,12.3,40.2,"100.236858947","94.605553596",25.7,54
"Abreu, Wilyer",677800,2026,27,463,530,120,68,27,3,22,105,56,19.8,10.6,".259",".473",".337","0.810",".263",".494",".348",".359",".343",".231","73.8",37.8,16.4,12.7,31.9,24.7,"7.2",11,8.1,0.3,48.8,33.1,"90","19.1",36.6,13.2,44.3,"101.073284121","94.871728104",24.6,48.5
"Witt Jr., Bobby",677951,2026,26,419,471,120,78,26,1,15,83,48,17.6,10.2,".286",".461",".359","0.820",".299",".503",".355",".379",".375",".203","73.8",40.7,21.5,16.5,37.5,28.7,"7",17,4.9,-0.9,43.7,27.9,"92.6","16.4",36.6,11.7,51.6,"103.366085569","96.372643623",24.9,47.7
"Okamoto, Kazuma",672960,2026,30,444,493,101,60,17,0,24,152,41,30.8,8.3,".227",".428",".300","0.728",".212",".412",".318",".307",".288",".200","73.2",35.7,14.7,10.2,31.5,21.8,"7.9",24,15.3,-4.5,58,31.5,"90.4","19.8",32.3,12.2,43.9,"101.464697891","95.116444796",33.8,47.5
"Kim, Ha-Seong",673490,2026,30,76,85,5,5,0,0,0,23,9,27.1,10.6,".066",".066",".165","0.231",".144",".199",".126",".207",".236",".056","71.8",20,5.6,4.4,21.5,17,"7.1",0,5.4,-1.4,56.6,25,"85.2","19",18.9,3.9,22.6,"94.1537708","91.1919572",20.9,41.8
"Anthony, Roman",701350,2026,22,109,130,25,18,5,1,1,33,20,25.4,15.4,".229",".321",".354","0.675",".262",".410",".310",".352",".382",".148","75.5",53.4,20,14.6,36.9,27,"7.5",4,11,-0.4,46.2,33.9,"92.3","8.3",40.8,9.3,47.4,"102.118792368","95.842276267",28.1,37.2
"Wynns, Austin",642851,2026,35,82,89,12,11,0,0,1,24,5,27,5.6,".146",".183",".195","0.378",".200",".290",".176",".240",".246",".090","70.5",13.5,5.9,4.5,22.9,17.3,"7.4",4,12.3,-4.2,47.5,34.8,"84.9","16",31.7,3.3,26.7,"96.338909655","92.190218966",23.9,54.4
"Gurriel Jr., Lourdes",666971,2026,32,174,189,36,26,8,0,2,34,10,18,5.3,".207",".287",".254","0.541",".234",".315",".242",".277",".287",".082","70.7",10.5,9.5,7.5,34.4,27.1,"7.5",6,10.5,-6,49.4,37.9,"87.3","15.1",31.5,4.9,34.3,"97.496749028","92.823294406",24,52.6
"García, Adolis",666969,2026,33,231,259,45,29,8,1,7,84,21,32.4,8.1,".195",".329",".270","0.599",".220",".362",".268",".294",".296",".142","71.7",25.6,15.1,10.4,35.9,24.7,"7.7",9,9.7,-1.9,58.6,29.1,"92.1","14.6",38,9.3,48,"101.568957067","95.459607133",34.6,45.4
"Ford, Harry",695670,2026,23,48,56,10,3,5,0,2,15,7,26.8,12.5,".208",".438",".321","0.759",".150",".270",".334",".252",".272",".120","68.5",3.4,9.2,6.9,30.8,23,"6.3",2,13,2.3,44.3,35.8,"82.7","16.8",33.3,9.1,27.3,"95.971115294","92.122366667",25.5,40.7
"Baty, Brett",683146,2026,26,347,389,74,51,14,1,8,109,34,28,8.7,".213",".329",".286","0.615",".228",".370",".275",".299",".301",".142","75.1",55.2,15.2,11.1,27.9,20.5,"7.4",20,10.7,1.8,47.1,37.3,"89.8","12.5",36,8.7,40.9,"100.851999835","94.647135394",29.1,49.2
"Pereira, Everson",677592,2026,25,94,105,22,12,5,0,5,35,6,33.3,5.7,".234",".447",".305","0.752",".208",".407",".327",".300",".282",".199","74.4",48.9,15.7,10.4,28.1,18.7,"8.1",7,13.4,0.9,66.8,29.7,"88.5","10",40,13.3,41.7,"100.111548333","94.214154833",37.6,54.4
"Mateo, Jorge",622761,2026,31,135,143,33,22,6,0,5,42,8,29.4,5.6,".244",".400",".287","0.687",".261",".447",".300",".324",".303",".186","73.8",35.8,15.4,11.4,26.9,19.9,"7.7",9,6.4,-6.9,42.3,29.5,"89.8","13.7",46.2,10.8,45.2,"101.489198913","94.99934044",30.3,55.7
"Benson, Will",666181,2026,28,96,114,18,11,3,1,3,38,16,33.3,14,".188",".333",".310","0.643",".189",".355",".290",".300",".314",".166","73.5",37.6,13.4,8.8,30.3,19.9,"7.7",6,14.4,-8.4,48.6,36.9,"91.1","24.9",32.8,12.7,37.9,"100.247945926","94.298298333",36.1,43.4
"Pederson, Joc",592626,2026,34,324,375,79,44,11,2,22,88,44,23.5,11.7,".244",".494",".337","0.831",".252",".455",".358",".352",".346",".203","72.1",21.5,18.7,13.3,36.8,26.2,"7.5",9,9.4,-2.4,55.3,28.3,"92.2","14.7",31.8,11.3,51,"102.156243782","95.76311",30.2,46.2
"Baldwin, Drake",686948,2026,25,399,453,110,80,10,0,20,92,46,20.3,10.2,".276",".451",".360","0.811",".282",".504",".356",".376",".367",".222","75.1",54.2,19.2,15.1,32.2,25.4,"7.3",15,12.2,4.4,46.1,34.1,"91.7","10.6",35.1,13.3,51.6,"102.493081883","95.931451071",23,50.2
"Bauers, Jake",641343,2026,30,378,448,104,63,18,2,21,111,65,24.8,14.5,".275",".500",".384","0.884",".257",".477",".382",".369",".371",".219","76.7",71,21.4,15.9,34.6,25.8,"7.7",20,10.7,-1.3,50.2,34.6,"92.5","11.3",36.4,13.9,52.8,"103.374189699","96.711314586",27.7,41.2
"Amaya, Miguel",665804,2026,27,175,205,42,28,9,0,5,52,20,25.4,9.8,".240",".377",".345","0.722",".205",".328",".326",".294",".315",".122","70.5",10.4,9.7,7.1,32.7,24.1,"7.5",4,12.4,-7.4,57.8,34.7,"87.8","21.6",37.1,7.3,36.3,"97.788223548","93.105052927",27.2,45.3
"Valenzuela, Brandon",678218,2026,25,200,225,45,30,7,0,8,61,22,27.1,9.8,".225",".380",".304","0.684",".241",".383",".303",".312",".318",".143","72.6",22.2,10.6,8.1,25.4,19.5,"7.9",8,9.2,-8.8,52.5,32.8,"88.1","16.1",38.3,7.8,36.9,"99.137657391","93.664301667",25.3,49.9
"Serven, Brian",661531,2026,31,35,36,7,4,0,0,3,7,1,19.4,2.8,".200",".457",".222","0.679",".249",".424",".289",".298",".270",".175","70.4",8.5,17.4,13.6,41.3,32.2,"7.5",1,11.2,2.1,57.6,32.3,"87.5","11",28.6,10.7,32.1,"98.682345714","93.422058571",24.6,46.1
"Hoskins, Rhys",656555,2026,33,259,313,46,20,13,0,13,99,47,31.6,15,".178",".378",".307","0.685",".173",".349",".306",".297",".305",".176","72",17.2,12.1,8.6,30.3,21.6,"8.2",15,16.9,-6.5,55,33.5,"89.3","27.1",34.1,12.8,40.9,"99.853990366","94.324910732",32.5,42.2
"India, Jonathan",663697,2026,29,48,58,8,5,1,0,2,13,8,22.4,13.8,".167",".313",".310","0.623",".173",".289",".290",".284",".315",".116","71",14.6,9,7.3,29.9,24.4,"7.4",3,9.8,-6.7,56.6,32.5,"85.7","28.3",28.6,5.7,31.4,"96.473557778","92.357829714",22.6,39.2
"Antonacci, Sam",803011,2026,23,359,415,98,70,18,2,8,65,29,15.7,7,".273",".401",".364","0.765",".278",".403",".343",".345",".369",".125","70",8.4,9.8,8.4,33.2,28.7,"6.7",6,8.6,7.2,49.3,38.7,"87.5","10.3",37.9,5.7,34.7,"97.905947551","93.022924949",14.8,42.8
"Paredes, Isaac",670623,2026,27,434,501,113,75,21,1,16,69,46,13.8,9.2,".260",".424",".351","0.775",".250",".377",".343",".322",".343",".127","67.3",6.8,7.1,6,32.7,27.6,"7.8",7,14.9,-12.5,53,34.4,"86.1","23.4",39.8,5.4,28.7,"96.518420486","92.28769187",15.5,44
"Teodosio, Bryce",669326,2026,27,47,51,10,8,2,0,0,18,3,35.3,5.9,".213",".255",".260","0.515",".160",".236",".235",".203",".210",".076","70.1",3.8,10.4,6.3,31.3,19,"6.5",6,8.1,1.1,44.3,32.4,"83.5","6.4",13.3,6.7,23.3,"96.110663571","92.221051111",39.2,54.8
"Lowe, Josh",666139,2026,28,224,245,45,30,6,0,9,70,17,28.6,6.9,".201",".348",".259","0.607",".220",".400",".267",".293",".277",".180","74.1",40.5,10.3,7,25.5,17.4,"7.5",5,12.2,-2.8,46.7,37.9,"89.5","19.2",29.3,8.9,39.5,"99.522917273","94.110055621",31.5,56.9
"Chisholm Jr., Jazz",665862,2026,28,402,451,87,54,14,2,17,140,45,31,10,".216",".388",".295","0.683",".208",".363",".298",".287",".289",".155","73.2",31.5,14.2,10.1,31.8,22.6,"7.9",14,15.7,-8.6,59.2,31.6,"90.7","16.2",28.3,9.1,41.9,"100.288468672","94.475817734",31.5,45.4
"Moncada, Yoán",660162,2026,31,111,130,21,16,1,1,3,45,17,34.6,13.1,".189",".297",".308","0.605",".169",".286",".281",".269",".293",".117","72.3",30.4,13.7,9.9,29.5,21.5,"7.4",4,11.4,-3.4,36.4,38.1,"90.3","15.8",33.3,7.7,40.9,"100.980665625","94.815858438",28.8,38.9
"Swanson, Dansby",621020,2026,32,403,458,87,50,16,3,18,106,48,23.1,10.5,".216",".404",".300","0.704",".223",".389",".309",".306",".307",".166","71.5",9.5,14.3,10.2,37.3,26.6,"7.6",19,15.5,-4,55.1,34.7,"89.5","16.2",29.8,7.6,41.1,"99.4357318","93.995690502",30.6,47.2
"Morabito, Nick",703492,2026,23,11,12,0,0,0,0,0,9,0,75,0,".000",".000",".083","0.083",".126",".156",".061",".173",".199",".029","68.2",5.3,0,0,14.3,5.3,"7.1",2,15.1,4.1,15.8,34.5,"86.8","17.2",100,0,50,"96.50157","92.250785",63.6,41.5
"Bruján, Vidal",660644,2026,28,11,13,1,1,0,0,0,1,1,7.7,7.7,".091",".091",".167","0.258",".164",".231",".132",".213",".233",".068","68.9",0,7.7,5.6,38.5,27.8,"7",0,10.8,0.8,66.7,27.7,"82","20.2",9.1,0,9.1,"92.2605","90.501525556",22.7,56.4
"Allen, Nick",669397,2026,27,112,125,29,23,4,0,2,24,7,19.2,5.6,".259",".348",".301","0.649",".210",".266",".286",".237",".258",".057","68.8",1.2,10.9,8.2,36.7,27.5,"6.7",3,7.3,-5,57.8,26.6,"85.2","15.2",23.7,2.2,25.8,"95.969972045","92.028324886",24.9,46.7
"Giménez, Andrés",665926,2026,27,377,410,91,63,19,1,8,81,14,19.8,3.4,".241",".361",".287","0.648",".231",".322",".283",".268",".281",".091","68.1",4.4,6.2,4.5,33.3,24.4,"7",14,9.6,1.7,48.4,32.5,"85.7","12.9",30.4,3.3,23.8,"95.55475068","91.778573367",25.5,57.4
"Fermin, Freddy",666023,2026,31,187,213,36,22,10,0,4,44,17,20.7,8,".193",".310",".268","0.578",".210",".313",".260",".271",".286",".103","69.9",6.2,8.9,6.8,32.5,24.9,"7.6",11,13.6,-4.8,52.4,33.8,"87.6","15.2",32.9,4,28.2,"96.611060139","92.457700979",25.7,52
"Betts, Mookie",605141,2026,33,344,372,81,52,14,0,15,44,26,11.8,7,".235",".407",".290","0.697",".277",".434",".303",".330",".329",".157","69.7",8.6,13.9,12.5,47.2,42.4,"7",17,8.4,-5.9,57.9,32.9,"90.5","18.9",40.2,7.6,39.2,"98.766403113","93.808759302",12.6,42.2
"Vierling, Matt",663837,2026,29,266,291,55,34,13,3,5,49,19,16.8,6.5,".207",".335",".255","0.590",".256",".381",".258",".304",".307",".125","70.9",7.6,13.4,11,35.7,29.3,"7.4",2,8.8,-1.4,58.1,31.4,"87.9","17.4",36.3,5,37.2,"98.761562252","93.539494751",18.2,48
"Jeffers, Ryan",680777,2026,29,215,255,60,37,12,1,10,42,36,16.5,14.1,".279",".484",".386","0.870",".253",".433",".379",".356",".366",".180","73.3",39.4,14.6,12.4,32.3,27.5,"7.2",11,8.7,-2.1,50.4,29.6,"89.3","16.4",34.3,10.3,40.6,"100.941546591","94.738408857",16.6,39.5
"Tucker, Kyle",663656,2026,29,418,484,96,64,18,3,11,89,59,18.4,12.2,".230",".366",".326","0.692",".256",".385",".310",".329",".351",".129","71.4",19.6,10.1,8.1,32.3,25.9,"7.3",12,10.1,-6.5,45.3,36.2,"88.8","17",33,6,37.5,"98.450151091","93.457549939",22.2,48.7
"Schanuel, Nolan",694384,2026,24,380,434,106,77,22,0,7,57,42,13.1,9.7,".279",".392",".356","0.748",".285",".389",".333",".335",".363",".105","68.2",5.8,9.4,8,39.1,33.4,"6.8",17,8,-4.4,50.6,35.5,"87.6","11.9",36.5,2.4,33.4,"97.350223232","92.74848156",16.3,44.5
"Duran, Jarren",680776,2026,29,448,495,91,59,13,3,16,142,34,28.7,6.9,".203",".353",".262","0.615",".229",".374",".268",".292",".289",".146","75",50.9,17.1,11.7,27.9,19.1,"7.6",22,5.7,-1.7,43,28,"89.7","12.8",31.4,9.6,39.7,"101.656550196","94.940178235",34.2,50.4
"Torkelson, Spencer",679529,2026,26,426,489,97,56,21,0,20,149,53,30.5,10.8,".228",".418",".318","0.736",".221",".411",".323",".318",".313",".190","73.2",25.7,14.2,10.3,29.7,21.7,"7.8",14,14.9,-7.8,51.4,37.8,"89.3","19.7",41.6,12.9,40.9,"99.977272643","94.3961615",30.9,43.5
"Arozarena, Randy",668227,2026,31,434,502,120,76,26,1,17,106,47,21.1,9.4,".276",".459",".369","0.828",".263",".417",".364",".346",".359",".155","70.9",22.4,14.7,11,36,27,"7.2",11,7.6,4.5,58.8,26.6,"90.9","8.6",37.8,7.6,42.9,"100.462144121","94.690504788",26.6,46.6
"Franklin, Christian",681047,2026,26,20,25,4,3,1,0,0,7,4,28,16,".200",".250",".360","0.610",".145",".237",".298",".271",".316",".092","75",62.9,8.3,5.7,29.2,20,"7.1",2,9.6,3.6,25.7,36.2,"86.1","12.7",15.4,7.7,38.5,"97.416485714","93.070415385",33.3,34.2
"Osuna, Alejandro",696030,2026,23,192,220,49,43,5,0,1,32,19,14.5,8.6,".255",".297",".347","0.644",".250",".306",".300",".299",".343",".056","71.8",23.7,10.7,9,32.4,27.4,"7",3,2,6.9,32,28.7,"86.8","5.1",32.9,0.6,29.2,"97.922679872","93.013949615",16.8,47.5
"Rushing, Dalton",687221,2026,25,217,245,55,31,12,0,12,70,23,28.6,9.4,".253",".475",".335","0.810",".254",".434",".352",".340",".337",".180","72.4",15.1,18.2,12.9,31.1,22.1,"7.5",11,12.5,-2.4,53.7,35.1,"89.6","18.4",36.5,12.2,44.6,"102.086518356","95.196751849",31.5,49.5
"Meidroth, Chase",805367,2026,24,440,502,121,85,24,0,12,115,49,22.9,9.8,".275",".411",".351","0.762",".235",".335",".338",".295",".317",".100","67.1",1.2,8,6.5,36.8,30.1,"6.6",14,11.4,3.3,58.7,30.8,"87.8","7.9",33.9,4.5,34.9,"97.316932075","92.821394717",19.2,41
"Eldridge, Bryce",805811,2026,21,288,331,71,43,15,0,13,87,42,26.3,12.7,".247",".434",".341","0.775",".248",".465",".341",".351",".343",".216","73.7",35.7,18.5,13.8,32,23.8,"7.4",5,12.6,-4.9,45.1,37.9,"92.1","14",35.1,11.9,51,"102.280280495","95.850261841",26.4,42.9
"Vivas, Jorbit",678391,2026,25,225,265,55,43,8,1,3,38,29,14.3,10.9,".244",".329",".336","0.665",".241",".317",".302",".296",".333",".076","69.2",2.9,7.7,6.5,26.6,22.4,"7.6",7,7.3,-4,44.8,32.8,"82.5","11.8",33.7,3.1,22.8,"94.317075208","91.388548901",17.8,50.2
"Pagés, Pedro",686780,2026,27,164,180,34,24,6,0,4,48,8,26.7,4.4,".207",".317",".250","0.567",".215",".333",".251",".263",".262",".118","72.6",23.4,11,8.1,22.4,16.5,"7.2",8,11.3,-6.4,45.3,32.3,"86.5","15.1",31.1,5,37.2,"99.168735254","93.632097265",28.1,51.1
"Moreno, Gabriel",672515,2026,26,348,404,107,72,25,1,9,61,44,15.1,10.9,".307",".463",".384","0.847",".296",".453",".369",".368",".379",".157","71.6",21.4,14,12,32.5,27.9,"7",11,8.4,2.5,41.6,34.3,"89.3","11.7",38.3,7.1,42.4,"99.645458299","93.97037381",15.4,42
"Marte, Noelvi",682622,2026,24,190,201,36,23,7,0,6,52,10,25.9,5,".189",".321",".229","0.550",".193",".304",".241",".237",".233",".111","72.2",27.2,10.9,8.2,28.3,21.2,"7.4",8,9.1,-4.2,54.6,32,"87.9","10.5",19.4,5.1,30.2,"98.929259559","93.570955294",27.5,52
"Caballero, José",676609,2026,29,326,360,79,55,12,0,12,86,23,23.9,6.4,".242",".390",".300","0.690",".232",".342",".303",".282",".291",".111","68.7",7,7,5.1,28.9,21.1,"6.8",12,9.8,0.4,50.4,30.7,"83.8","12.5",32.1,4.1,24.9,"95.804944298","91.946426535",27.6,50.6
"Guzman, Denzer",694203,2026,22,172,185,40,30,5,0,5,45,10,24.3,5.4,".233",".349",".279","0.628",".231",".339",".278",".273",".277",".108","74",40.1,11.2,8.8,26,20.5,"8",0,5.5,-6.3,41.8,31.8,"86.5","9.6",34.4,5.5,32.8,"97.290779219","92.68196748",24.1,51.9
"Perez, Junior",678577,2026,24,35,36,6,3,0,0,3,14,1,38.9,2.8,".171",".429",".194","0.623",".206",".516",".264",".312",".228",".310","75.1",56.3,20,12.5,35,21.9,"7.5",0,10.9,-6.8,53.1,27.5,"91","21.3",33.3,14.3,52.4,"101.582378182","95.601692381",39.4,51.1
"Del Castillo, Adrian",680728,2026,26,176,192,35,24,6,0,5,54,13,28.1,6.8,".199",".318",".253","0.571",".201",".335",".254",".260",".255",".134","72.1",23.9,11.2,8.2,32.6,23.9,"6.9",8,13.3,0.1,47.8,34.2,"88.4","16.2",35.2,6.5,36.8,"98.388277213","93.457727603",28.9,48.2
"Triolo, Jared",669707,2026,28,254,285,61,47,12,0,2,59,24,20.7,8.4,".240",".311",".316","0.627",".246",".322",".286",".292",".321",".076","70.6",5.1,14.1,11.2,36.5,28.9,"7.6",8,7.5,0.1,47.6,37.5,"87.6","4.8",33.7,2.6,37.2,"98.356740737","93.247481316",22.5,44.5
"Kiner-Falefa, Isiah",643396,2026,31,119,132,33,27,4,0,2,18,12,13.6,9.1,".277",".361",".344","0.705",".277",".351",".317",".312",".344",".074","68.8",4,9.4,7.9,31,26.2,"7.1",5,6.2,-3,42.9,29.7,"82.3","10.2",37.3,3,26.5,"94.875340204","91.75996551",17.6,49.5
"Lee, Jung Hoo",808982,2026,27,435,464,127,88,26,4,9,46,19,9.9,4.1,".292",".432",".328","0.760",".290",".383",".331",".314",".328",".093","68.3",3.7,9.4,8.4,39.4,35.2,"7.7",4,4.1,-4.1,38.5,38.9,"86.9","10.7",34.9,2.6,29.3,"96.383103026","92.252074473",12.6,47.3
"Palacios, Richie",680700,2026,29,260,303,63,45,11,2,5,57,38,18.8,12.5,".242",".358",".344","0.702",".248",".340",".318",".315",".351",".092","69.1",3.5,10.1,8.1,31.9,25.7,"7.3",14,7.3,-4.4,51.1,26.1,"86.4","13.4",37.1,4,28.3,"96.460996224","92.234216224",21.8,45.5
"Abrams, CJ",682928,2026,25,461,525,128,73,23,3,29,121,46,23,8.8,".278",".529",".354","0.883",".256",".447",".378",".342",".339",".191","73",28.5,14.8,10.7,32.4,23.4,"7.7",25,13.9,-6.7,58.3,28.8,"89.4","18",33.8,10.1,41.6,"100.088195549","94.285777246",29.2,51
"Alcántara, Kevin",682634,2026,23,23,25,5,4,0,0,1,10,2,40,8,".217",".348",".280","0.628",".254",".385",".280",".307",".313",".131","76.7",69.2,15.4,10.3,30.8,20.5,"8",2,10.6,-8,50,32.8,"92","7.8",61.5,7.7,30.8,"98.767344286","93.866944615",36.4,40.4
"Lockridge, Brandon",663604,2026,29,97,109,26,22,4,0,0,32,11,29.4,10.1,".268",".309",".343","0.652",".217",".262",".299",".259",".297",".046","73.2",39.7,15,10.6,22,15.6,"7",3,5.5,6.3,45.6,29.9,"85.9","0.5",18.2,1.6,33.3,"99.268810667","93.673027",29.6,45.1
"Kreidler, Ryan",668952,2026,28,202,217,46,30,8,3,5,47,14,21.7,6.5,".228",".371",".281","0.652",".223",".379",".287",".287",".277",".156","74",40.9,15.2,11,29.4,21.1,"7.9",14,12.2,-1.8,67.4,31.9,"87.6","12.1",26.5,7.7,36.1,"99.151565455","93.649272222",30.4,53.1
"Moore, Christian",695681,2026,23,20,22,4,4,0,0,0,11,1,50,4.5,".200",".200",".227","0.427",".188",".241",".193",".202",".217",".053","74.6",40,12.9,8,29,18,"7.2",0,6.5,3.1,48,33.3,"93.9","15.8",40,10,50,"102.147156","95.983258",39.3,60.2
"Durán, Rodolfo",660710,2026,28,82,91,12,5,4,0,3,24,7,26.4,7.7,".146",".305",".222","0.527",".180",".323",".236",".257",".253",".143","72.6",32.1,9.7,7.1,25.2,18.6,"7.2",3,13.6,-6.6,56.2,28.9,"87.6","15.8",22,8.5,30.5,"97.476345862","92.826690526",25.5,45.6
"Isbel, Kyle",664728,2026,29,198,221,46,34,7,1,4,49,12,22.2,5.4,".232",".338",".284","0.622",".233",".312",".276",".268",".285",".079","71.6",16.6,11.7,9.6,33.1,27.2,"7.2",3,2.6,-4.1,41,25.6,"88.6","12.2",26.8,2.5,34.4,"98.73490625","93.542397063",17.9,47.3
"Gonzalez, Jacob",694378,2026,24,156,170,36,23,7,0,6,31,9,18.2,5.3,".231",".391",".284","0.675",".263",".412",".296",".317",".314",".149","71.2",14,10.9,8.8,27.8,22.5,"7.2",6,8,-1.6,54.2,28.3,"89","17",35.4,4,38.1,"99.150464603","93.66178696",21,57.5
"Lee, Hao-Yu",701678,2026,23,207,222,57,39,11,1,6,52,12,23.4,5.4,".275",".425",".312","0.737",".239",".388",".320",".293",".280",".150","71.1",19.7,15,11.3,37.8,28.7,"7",9,8.1,4.1,56.4,24.4,"88.8","12.8",36.1,8.2,38.6,"99.627001392","94.010070892",28.2,49.2
"Yelich, Christian",592885,2026,34,332,375,75,47,18,2,8,103,36,27.5,9.6,".226",".364",".307","0.671",".227",".383",".296",".305",".310",".156","73",29.5,13.6,9.6,29.7,20.8,"7.6",10,11.3,7.9,44.5,36.6,"88.8","3",29.3,10,43.1,"100.384550351","94.534835833",29.9,44.9
"McKinstry, Zach",656716,2026,31,300,342,67,46,14,3,4,51,35,14.9,10.2,".223",".330",".307","0.637",".242",".328",".286",".294",".324",".086","68.3",5,6.7,5.8,32,27.4,"6.7",6,8.1,0.8,41,38.1,"85.7","14.7",38.6,2.4,22.8,"95.26253696","91.6337504",15.6,48.4
"Riley, Austin",663586,2026,29,446,496,100,65,19,1,15,155,37,31.3,7.5,".224",".372",".296","0.668",".214",".401",".297",".303",".289",".187","75.8",58.8,17.1,11.8,28.7,19.7,"7.6",22,11.1,-4.8,45.5,31.6,"91.3","18.7",33,12.6,45.9,"102.551881429","95.651386735",32.8,48.3
"Robles, Victor",645302,2026,29,125,136,33,28,3,2,0,22,6,16.2,4.4,".264",".320",".311","0.631",".241",".326",".283",".276",".291",".086","68.1",2.7,5.7,4.4,34.7,27,"6.7",7,11.8,-3,55.3,33.9,"84.1","13.1",34.3,1.9,20,"94.6654334","91.380915",21.5,55.6
"Joe, Connor",656582,2026,33,39,45,7,4,2,0,1,15,6,33.3,13.3,".179",".308",".289","0.597",".257",".397",".274",".337",".356",".140","72.9",38.7,13.6,10.7,27.1,21.3,"7.3",2,5.4,-2.1,46.1,30,"92.5","15.2",41.7,8.3,45.8,"101.1365025","95.201435417",24.7,40.5
"Scott II, Victor",687363,2026,25,155,184,30,24,4,0,2,44,16,23.9,8.7,".194",".258",".276","0.534",".221",".293",".248",".273",".302",".072","68.4",2.8,6.6,4.8,32,23.4,"6.4",9,7.5,0.8,42.1,31.2,"86.7","7.2",31.1,0.8,23.8,"96.148647451","92.074625098",24.9,46.4
"Young, Jared",676724,2026,30,221,247,59,37,12,2,8,47,18,19,7.3,".267",".448",".336","0.784",".244",".406",".342",".322",".318",".162","73.1",32.8,19.1,14.5,34.6,26.2,"7.2",5,7.6,0.2,57,27.8,"90.2","10.9",29,8.5,47.7,"102.230271609","95.483977919",25.6,46.5
"Dubón, Mauricio",643289,2026,31,442,479,115,80,23,2,10,61,29,12.7,6.1,".260",".389",".307","0.696",".267",".379",".306",".306",".315",".112","69.1",4,8.2,7,33.7,29,"7.6",12,4,1.1,38.6,30.6,"86.9","15.5",37.2,3.9,29.9,"96.641362565","92.344329318",15.9,53.3
"Turner, Trea",607208,2026,33,497,538,123,84,21,1,17,115,35,21.4,6.5,".247",".396",".299","0.695",".250",".375",".304",".299",".304",".125","71.6",19.4,11.8,8.8,33.2,24.8,"7.6",13,8.6,-4.2,63.5,25.6,"88.4","10.4",33.5,6.2,39.7,"99.035670521","93.620638333",27,51
"Shaw, Matt",807713,2026,24,130,147,32,20,6,2,4,27,12,18.4,8.2,".246",".415",".322","0.737",".241",".359",".324",".301",".318",".118","69",7.3,9.9,8.1,32,26.3,"7",3,10,1.5,64.9,28.7,"86.8","14.8",33.3,4.8,36.2,"97.600154118","92.800077059",19.7,47.4
"Carter, Evan",694497,2026,23,301,355,59,38,11,2,8,85,42,23.9,11.8,".196",".326",".302","0.628",".201",".324",".286",".287",".306",".123","71.5",21.4,12.6,8.9,31.2,22,"7.1",12,8,-5.6,43.2,31.8,"87.8","17.6",28.6,5.8,36.2,"98.959057264","93.524950189",28.9,40.1
"Wade Jr., LaMonte",664774,2026,32,81,97,18,12,4,0,2,20,16,20.6,16.5,".222",".346",".351","0.697",".201",".289",".319",".290",".333",".088","71.3",8.7,12,9.4,31.6,24.8,"6.9",1,8.9,-3.3,53.7,29.9,"86.2","11.9",27.9,3.3,34.4,"98.021116667","93.234113559",21.2,38.3
"Yastrzemski, Mike",573262,2026,35,279,316,63,37,16,1,9,75,31,23.7,9.8,".226",".387",".310","0.697",".234",".371",".309",".310",".319",".137","71.4",7.7,13.3,10.5,36.2,28.5,"7.5",12,10.9,-3,63.5,31.1,"90.6","16.7",34,7.3,43.2,"99.707774314","94.392115833",23.5,42.2
"Seager, Corey",608369,2026,32,236,274,48,28,8,0,12,69,34,25.2,12.4,".203",".390",".307","0.697",".232",".456",".305",".339",".331",".224","71.7",13.4,18.3,12.4,35.3,23.9,"6.7",17,15.3,1.9,57.3,33.5,"91.5","12.9",32.5,15.4,46.7,"101.969670588","95.529079112",34.5,51.6
"Henderson, Gunnar",683002,2026,25,501,563,111,65,22,4,20,125,51,22.2,9.1,".222",".401",".304","0.705",".242",".401",".309",".318",".323",".159","74.4",44.7,15.4,11.9,30.4,23.7,"7.3",19,10.3,-0.3,50.1,31.7,"89.9","12.3",31.5,7.4,45.2,"100.849074233","94.805598545",24,47.9
"Foscue, Justin",679822,2026,27,151,166,38,23,7,1,7,43,12,25.9,7.2,".252",".450",".313","0.763",".231",".407",".332",".309",".296",".176","71",11.1,15.1,11.9,35.9,28.4,"7.2",2,11.3,-2.8,57.8,29.8,"88.8","18.6",34.9,9.2,40.4,"99.197233818","93.798269266",20.8,43.1
"Conforto, Michael",624424,2026,33,190,220,43,21,12,0,10,65,26,29.5,11.8,".226",".447",".318","0.765",".222",".411",".329",".315",".315",".189","72.5",30.6,12.2,8.9,29.4,21.4,"7.3",8,11.8,-5.6,52.7,31.1,"91.1","18.2",35.9,11.7,43,"100.652803594","94.802990313",28.9,43.6
"Arias, Gabriel",672356,2026,26,132,139,31,23,3,0,5,58,7,41.7,5,".235",".371",".273","0.644",".220",".379",".280",".274",".260",".159","74.4",44.3,19.9,11.1,30.9,17.2,"7.4",7,9.3,4.7,46.6,32.1,"90.5","5.9",36.5,10.8,44.6,"102.569431622","95.713031918",46.5,52.7
"Rivas, Leo",660844,2026,28,108,130,14,11,2,1,0,38,16,29.2,12.3,".130",".167",".258","0.425",".153",".215",".213",".237",".277",".062","65.6",0.6,2.2,1.7,35.8,28.2,"7.1",8,16.3,-4.8,55.1,36.2,"86.4","19.5",30.1,1.4,15.1,"93.399504167","90.76131169",23.6,36.5
"Wilson, Jacob",805779,2026,24,320,337,85,61,16,1,7,39,12,11.6,3.6,".266",".388",".298","0.686",".262",".345",".300",".282",".295",".083","64.7",0.6,7.2,6.1,38.4,33,"6.2",8,4.6,-1.4,38.2,34.8,"84.1","7.9",31.4,2.5,27.6,"95.600927914","91.814204116",14.8,55.9
"White, Tommy",695720,2026,23,101,105,27,23,2,0,2,17,4,16.2,3.8,".267",".347",".295","0.642",".270",".387",".284",".299",".298",".117","69.7",12.9,10.4,8.4,33.3,27,"7.4",2,8.3,5.1,55.9,32.7,"85.5","7.2",29.8,6,32.1,"97.030064048","92.521345833",20.6,55.3
"Robinson, Chuckie",642020,2026,31,23,26,2,2,0,0,0,5,0,19.2,0,".087",".087",".087","0.174",".159",".181",".077",".149",".159",".022","69.7",4.9,7.7,4.9,38.5,24.4,"7",0,8.6,8.4,53.7,30.4,"85.8","17.8",19,0,14.3,"95.37571875","91.782224375",29.6,60
"Keaschall, Luke",807712,2026,23,392,462,105,78,19,1,7,72,47,15.6,10.2,".268",".375",".362","0.737",".241",".350",".331",".312",".341",".108","69.3",10,7.6,6.5,32.4,27.7,"6.7",27,10.5,-4.1,50.4,37,"84.8","17.2",36,3.1,29.3,"96.522091104","92.277599969",17.3,41.4
"Turang, Brice",668930,2026,26,451,523,120,73,28,3,16,132,66,25.2,12.6,".266",".448",".358","0.806",".257",".435",".352",".343",".351",".179","70",10.9,14.3,11.3,33.3,26.3,"6.8",15,8.2,9.6,49.5,35.9,"90.5","8.7",38.5,8,42.8,"100.486070696","94.776636709",22.9,43.1
"Valencia, Eduardo",680664,2026,26,54,56,21,9,6,0,6,15,1,26.8,1.8,".389",".833",".411","1.244",".272",".592",".523",".376",".298",".320","73.4",30.9,21.4,16.4,33.3,25.5,"8.1",2,16.6,-1.5,56.4,33.9,"91","12.5",48.7,25.6,56.4,"102.769687","96.494159231",24.8,52.6
"Eaton, Nate",681987,2026,29,32,39,4,1,2,0,1,12,5,30.8,12.8,".125",".281",".282","0.563",".160",".316",".267",".291",".311",".156","73.4",31.9,11.1,7.2,24.4,15.9,"7.6",1,11.4,-13.8,42.9,32,"88.4","14.9",45,10,35,"99.038324","93.8449225",35.1,47
"Genao, Angel",694197,2026,22,34,38,10,8,1,0,1,3,3,7.9,7.9,".294",".412",".368","0.780",".261",".407",".349",".330",".339",".146","71.3",18.9,9.3,7.5,48.8,39.6,"7.2",0,4.5,5.4,38.2,30.5,"92.7","3",32.3,9.7,51.6,"100.474368125","95.286436129",16.1,47
"Lopez, Nicky",670032,2026,31,195,216,52,47,3,1,1,36,9,16.7,4.2,".267",".308",".308","0.616",".235",".281",".277",".252",".279",".047","66.1",0.3,4.5,3.6,34.5,27.7,"6.8",4,7.5,10,57.7,25.9,"84.4","1.9",25.6,0,21.4,"94.138795316","91.097102102",18.6,52
"McCutchen, Andrew",457705,2026,39,73,83,14,11,2,0,1,22,9,26.5,10.8,".192",".260",".277","0.537",".164",".265",".249",".237",".253",".101","70.5",4.3,8.1,5.7,28.3,19.9,"7.4",4,14.2,1.6,54.2,35.9,"87.1","22.7",28.8,5.8,28.8,"97.078163462","92.559219808",32.5,44.9
"Ballesteros, Moisés",694208,2026,22,199,222,42,30,6,0,6,46,21,20.7,9.5,".211",".332",".284","0.616",".239",".383",".276",".308",".311",".144","73",37.2,17.8,13.5,35.5,27,"7.1",11,7.7,2.5,55.3,28.2,"90.5","9.5",32.9,8.4,47.1,"101.389383506","95.239381688",25.8,48.8
"Robert Jr., Luis",673357,2026,28,159,178,34,25,3,0,6,44,17,24.7,9.6,".214",".346",".287","0.633",".226",".367",".282",".294",".298",".142","76.8",69.5,13.7,10.3,23.2,17.4,"7.7",6,10.3,-4.8,55.4,35.3,"88.6","15.1",25.6,5.1,35.9,"100.922554068","94.550572735",28.6,49.7
"Bogaerts, Xander",593428,2026,33,407,474,90,68,11,0,11,84,59,17.7,12.4,".221",".329",".321","0.650",".247",".377",".295",".324",".345",".131","72.5",29.2,14.4,11.3,35.9,28.2,"7.4",18,9.8,-4,50.1,32.2,"88.6","6.3",28.7,6.1,39.9,"99.780233354","94.133382416",22.5,41.3
"Walton, Donovan",622268,2026,32,137,158,38,23,11,1,3,27,16,17.1,10.1,".277",".438",".365","0.803",".247",".366",".355",".316",".339",".119","67.4",0.4,9.4,7.1,41.4,31.5,"6.9",4,13.1,-4.3,53.3,33,"87.6","11",40.2,4.5,33,"97.428863148","93.026819722",23.9,50.2
"Outman, James",681546,2026,29,157,170,27,16,4,2,5,71,10,41.8,5.9,".172",".318",".235","0.553",".162",".273",".246",".225",".226",".111","72.3",19.3,10.7,6.4,26.7,16.1,"7.8",14,15.2,-6,48.2,34.6,"86.5","16.2",33.7,7,37.2,"97.862507442","92.931253721",41.8,51.2
"Haggerty, Sam",664059,2026,32,44,47,7,6,1,0,0,16,2,34,4.3,".159",".182",".213","0.395",".156",".181",".186",".182",".209",".026","70.2",9.3,3.8,2.7,24.5,17.3,"7",3,6.5,-5.4,50,31.2,"83.4","16.8",25,0,7.1,"93.570359231","90.785179615",31.8,52.7
"Dezenzo, Zach",701305,2026,26,76,83,16,11,4,0,1,32,7,38.6,8.4,".211",".303",".277","0.580",".191",".294",".262",".248",".259",".103","75.1",51.4,10.3,6.5,23,14.5,"7.7",2,11.4,0.7,39.1,39.3,"84.9","9.9",43.2,9.1,31.8,"97.416716364","92.779819318",38.3,46.2
"Machado, Manny",592518,2026,33,457,523,97,54,20,0,23,113,57,21.6,10.9,".212",".407",".297","0.704",".243",".427",".306",".329",".328",".184","74.7",45.2,16.1,12.3,29.9,22.8,"7.9",21,7.6,-2.4,57,26,"90.8","13.1",33,10,44.9,"101.412210747","95.123545833",25.9,48
"Mayo, Coby",691723,2026,24,296,323,63,32,12,3,16,105,23,32.5,7.1,".213",".436",".276","0.712",".221",".428",".308",".309",".284",".207","75.6",57.2,17.5,11.9,29,19.8,"7.4",6,13.9,-15.5,47.7,39.1,"92.2","20.3",32.8,12,48.4,"103.989057396","96.572928698",31.4,46.6
"Contreras, Willson",575929,2026,34,392,469,110,63,20,2,25,118,52,25.2,11.1,".281",".533",".391","0.924",".259",".500",".399",".382",".376",".241","77.1",71.8,16.9,12,25.7,18.3,"7.9",22,11.3,-7.9,50.3,34,"90.2","18.6",32.4,14.1,45,"102.777609493","95.695624436",31.2,48.7
"Díaz, Elias",553869,2026,35,155,163,35,21,9,0,5,38,4,23.3,2.5,".226",".381",".248","0.629",".227",".361",".269",".263",".250",".134","74.9",49.8,14.3,10.7,24.2,18.1,"7",11,8,-6.1,56.4,29,"86.7","14.8",32.5,6.7,37.5,"99.531357627","93.823699744",27.9,55.4
"Halpin, Petey",690984,2026,24,121,130,27,20,4,1,2,26,3,20,2.3,".223",".322",".252","0.574",".242",".372",".252",".280",".270",".129","69.8",4.9,11,8.4,30.1,23.1,"7",3,8.2,0.2,48.5,34.3,"85.8","19.9",40.4,7.1,27.3,"97.021505","92.545105217",25.7,59.7
"Ibáñez, Andy",628451,2026,33,23,26,2,2,0,0,0,3,1,11.5,3.8,".087",".087",".115","0.202",".152",".205",".095",".164",".174",".053","70.5",6.4,5.3,4.3,36.8,29.8,"7.5",0,10,-10.2,53.2,29.9,"86.3","13.6",22.7,0,18.2,"94.855231818","91.427615909",19.2,65.8
"Garcia, Maikel",672580,2026,26,273,299,72,50,17,2,3,46,24,15.4,8,".264",".374",".321","0.695",".272",".372",".308",".315",".331",".101","71.9",19.5,16.4,14.6,38.1,33.8,"7.1",8,3.8,0.1,41.5,28.4,"90.1","9",33.2,4.8,40.6,"100.264751404","94.329187093",14.2,39.5
"Marte, Ketel",606466,2026,32,469,519,117,70,23,3,21,78,41,15,7.9,".249",".446",".314","0.760",".278",".469",".328",".351",".342",".191","74.8",46.6,18.9,15.2,33,26.5,"7.7",10,9.4,-8.7,60,31.7,"90.2","13.6",32.7,10.2,42.8,"102.027537641","95.190832513",21.1,48.3
"Pozo, Yohel",650968,2026,29,47,49,12,10,1,0,1,6,1,12.2,2,".255",".340",".265","0.605",".247",".307",".263",".249",".260",".061","69.5",8.2,11,9.2,29.3,24.5,"7.5",0,6.8,-2.5,45.5,28.6,"86.7","15.4",33.3,2.4,26.2,"95.802899048","91.931934524",16.2,63.1
"Julien, Edouard",666397,2026,27,236,276,49,36,9,1,3,71,39,25.7,14.1,".208",".292",".322","0.614",".247",".401",".286",".338",".356",".155","71.5",15.2,14.7,11.5,35.7,27.9,"7",7,11.6,7.4,38.7,42.8,"90.8","7.7",42.4,7.3,49.7,"100.290529512","94.870091768",23.7,40.9
"Kelenic, Jarred",672284,2026,26,69,77,16,13,2,0,1,28,8,36.4,10.4,".232",".304",".312","0.616",".236",".447",".282",".332",".315",".211","73.2",30.4,21.8,13.6,34.6,21.6,"7.4",3,13.1,0.7,54.4,31.3,"92.5","11.7",36.6,19.5,48.8,"102.179324762","96.054645122",39.4,45.8
"Garcia, Aramis",605244,2026,33,19,19,3,2,0,0,1,6,0,31.6,0,".158",".316",".158","0.474",".198",".415",".201",".259",".198",".217","72.2",16.1,15,9.7,40,25.8,"7.6",0,15.1,-6.9,77.4,32.6,"86.1","16.6",30.8,7.7,30.8,"96.168334286","92.452836923",35.3,53.1
"Young, Jacob",696285,2026,26,338,375,85,56,16,3,10,63,25,16.8,6.7,".251",".405",".315","0.720",".267",".398",".317",".322",".331",".131","69.4",2.1,14,11.2,43.1,34.7,"7.2",11,12,0.8,61.9,30.6,"88.3","11.3",37.5,6.1,33.2,"98.038562847","93.122660952",21.1,43.5
"Narváez, Carlos",665966,2026,27,202,232,35,26,6,0,3,76,16,32.8,6.9,".173",".248",".251","0.499",".199",".323",".231",".271",".276",".124","71.9",18.9,9.8,6.7,30.1,20.5,"7.5",13,11,1.3,50.7,31.2,"91","17.6",39.6,7.5,37.3,"99.545663125","94.227794252",33.5,52.1
"Ozuna, Marcell",542303,2026,35,251,280,51,36,7,0,8,80,27,28.6,9.6,".203",".327",".286","0.613",".221",".389",".275",".304",".303",".168","73.5",36.9,12.8,8.9,29.3,20.3,"7.5",4,15.8,-6.5,48.5,36.5,"89.1","20.3",38.6,7.7,36.8,"99.258350119","93.737043155",30.1,42.6
"Larnach, Trevor",663616,2026,29,326,371,89,59,19,1,10,65,41,17.5,11.1,".273",".429",".359","0.788",".262",".405",".348",".334",".350",".143","72",21.1,15,11.2,32.3,24.1,"7.2",9,8.5,-14.7,45.6,33.1,"87.4","14.1",37,7.6,36.6,"98.89487","93.468306398",25.7,43.8
"Cowser, Colton",681297,2026,26,255,296,55,40,4,0,11,89,37,30.1,12.5,".216",".361",".315","0.676",".216",".423",".304",".324",".315",".207","74.8",49.7,13.6,9.3,25.6,17.5,"7.5",17,15.1,-4.4,40.3,38.6,"87.2","13.6",30.2,11.2,39.1,"100.430073253","94.247427229",33.2,43.3
"Albies, Ozzie",645277,2026,29,479,534,120,78,22,0,20,75,38,14,7.1,".251",".422",".307","0.729",".231",".360",".316",".286",".291",".129","68.8",5.6,8.1,6.5,33.6,26.9,"7.2",13,12.3,-5.5,57.7,34.9,"86.9","18.6",33.3,4.4,28.2,"96.639844126","92.366729927",20.7,56.1
"Guerrero Jr., Vladimir",665489,2026,27,430,486,113,87,19,0,7,65,47,13.4,9.7,".263",".356",".337","0.693",".282",".399",".307",".333",".357",".118","76.2",61.8,19.8,16.1,31.9,26,"7.6",11,1.2,-3.3,30.8,28.4,"90.2","8.7",29.5,6.8,43,"102.187009676","95.264400892",20,47.5
"Mayer, Marcelo",691785,2026,23,205,228,45,32,10,0,3,44,16,19.3,7,".220",".312",".282","0.594",".201",".297",".267",".259",".269",".096","74.6",47.2,12.2,9.1,27.6,20.6,"7.9",8,8.4,-6.9,41.8,30.8,"86.1","8.8",25.6,6.1,36,"98.190519259","93.099594383",26.5,50.1
"Rivero, Sebastián",665861,2026,27,52,56,13,11,2,0,0,11,3,19.6,5.4,".250",".288",".291","0.579",".261",".304",".262",".272",".301",".044","70",10.1,5.5,4.2,20.9,16,"7.4",4,7.7,-2.5,44.6,33.7,"82","19.2",26.2,0,14.3,"93.130049048","91.015841951",25.7,58.6
"Lindor, Francisco",596019,2026,32,263,300,64,41,7,4,12,56,34,18.7,11.3,".243",".437",".337","0.774",".256",".463",".340",".354",".348",".207","72.5",25.6,13.7,10.6,32.9,25.6,"7.6",11,14.3,-4.7,54.7,34.3,"91.4","18.5",31.9,9.7,49.3,"100.246496923","94.823502512",24.2,45.9
"Chapman, Matt",656305,2026,33,307,352,72,46,18,1,7,81,37,23,10.5,".235",".368",".324","0.692",".210",".319",".308",".286",".307",".110","76.1",61.1,13.3,10.3,22,17,"7.4",11,3.6,-1.7,43,25.7,"88.2","11.3",25.3,6.6,35.8,"99.903629381","94.013173319",23.1,44.5
"Tolbert, Tyler",686475,2026,28,92,106,28,20,5,0,3,19,9,17.9,8.5,".304",".457",".363","0.820",".257",".335",".358",".306",".327",".078","69.2",2.7,10.4,7.4,37.7,26.8,"6.7",3,6.4,-4.1,43.8,27.9,"85.2","8.6",33.3,3.8,28.2,"96.685278857","92.355437",27.7,51.5
"Edwards, Xavier",669364,2026,26,459,529,131,103,16,6,6,70,61,13.2,11.5,".285",".386",".365","0.751",".263",".366",".332",".316",".347",".103","68.5",2.7,7.9,6.6,39,32.9,"6.5",13,5.6,-0.3,44.9,29.6,"87","10.1",36.9,3.5,28.9,"96.567058196","92.33362951",16.5,43.4
"Tawa, Tim",694374,2026,27,192,216,46,30,9,0,7,51,15,23.6,6.9,".240",".396",".290","0.686",".239",".390",".299",".299",".292",".151","74.1",39.2,17.9,13.1,33.1,24.1,"7.2",10,10,-6.7,57.9,30.5,"90.7","10.2",30,8.1,44.7,"100.927634507","94.90541",27.9,49.2
"Lukes, Nathan",664770,2026,31,292,322,77,60,11,0,6,45,18,14,5.6,".264",".363",".316","0.679",".258",".331",".303",".287",".311",".073","67",3.4,6.1,5.1,34.6,28.7,"6.4",5,6.6,7.9,47.7,30.4,"86.6","9.6",28.3,1.2,26.8,"96.044068852","92.036946025",16.5,50.1
"Stanton, Giancarlo",519317,2026,36,90,96,23,14,6,0,3,29,6,30.2,6.3,".256",".422",".302","0.724",".245",".466",".316",".326",".292",".221","79.3",92.9,22.2,14.2,30.3,19.4,"8.4",3,11.7,-0.9,72.4,27.2,"94.1","21.5",37.7,18,44.3,"104.792676774","97.001259672",38.7,45.1
"Crawford, Justin",702222,2026,22,337,367,90,67,17,4,2,67,21,18.3,5.7,".267",".359",".314","0.673",".258",".321",".298",".282",".307",".063","69",5.5,11.2,9.3,32.2,26.6,"7",6,3.4,10.7,39.8,28.9,"87.1","2.1",29,1.5,34.8,"98.164782879","93.126328977",18.4,53.8
"Caminero, Junior",691406,2026,22,472,542,129,75,18,1,35,102,66,18.8,12.2,".273",".538",".363","0.901",".271",".504",".382",".368",".363",".233","79.8",87.3,24.8,19.2,30.1,23.3,"8.7",11,8.1,-6.1,62.5,24.4,"92.7","8.9",27.4,13.4,50.1,"105.537934194","97.26663078",24.5,43.4
"Melendez, MJ",669004,2026,27,120,144,23,13,5,1,4,50,17,34.7,11.8,".192",".350",".315","0.665",".166",".317",".302",".280",".294",".150","74.1",40.6,18.3,12.5,30.9,21.1,"7.9",5,13.3,-5.5,58.8,30,"94.2","23.6",29.2,11.1,55.6,"102.543121111","96.42811507",34.5,46.7
"Nootbaar, Lars",663457,2026,28,193,226,42,29,9,1,3,47,32,20.8,14.2,".218",".321",".327","0.648",".235",".400",".294",".326",".342",".165","73.2",36.2,16.9,14,38.2,31.6,"6.8",8,8.2,1,53.4,29.9,"91.5","7.1",32,8.8,49,"101.088751233","95.262542345",19.1,36.7
"Wong, Connor",657136,2026,30,165,191,41,27,10,0,4,46,16,24.1,8.4,".248",".382",".332","0.714",".226",".353",".319",".300",".313",".127","72.7",28,12.1,9,26.5,19.7,"7.4",8,13.4,-7.6,49.2,31.1,"86.7","12.3",28.2,5.6,36.3,"99.601555424","93.853413932",25.2,46.7
"Ingle, Cooper",694876,2026,24,21,24,2,2,0,0,0,12,3,50,12.5,".095",".095",".208","0.303",".106",".127",".161",".175",".218",".021","68.3",0,3,2.5,21.2,17.5,"6.9",3,13.8,4,39,34.8,"90.9","1.1",22.2,0,44.4,"97.400354","93.632393333",21.7,43.8
"Valera, George",671655,2026,25,37,38,8,5,3,0,0,8,1,21.1,2.6,".216",".297",".237","0.534",".193",".232",".235",".198",".215",".039","72.2",21.3,12.8,9.8,36.2,27.9,"6.8",0,5.5,-7.4,48.4,24.9,"90.2","9.6",20.7,0,34.5,"98.353314","93.687662414",22.1,57.1
"Volpe, Anthony",683011,2026,25,171,194,41,30,9,1,1,45,22,23.2,11.3,".240",".322",".325","0.647",".231",".315",".294",".290",".320",".084","71.7",17.8,12.2,9.2,31,23.4,"7.1",6,8.8,4.6,58,31.9,"87.8","12.3",32.3,4,35.4,"98.237672857","93.25549968",25.7,44.6
"Ruiz, Esteury",665923,2026,27,143,174,37,20,10,1,6,52,19,29.9,10.9,".259",".469",".378","0.847",".204",".341",".373",".310",".333",".137","71.7",20.2,8.2,5.5,25.5,17.3,"7.7",6,17.9,-9.7,36.8,37.1,"85.4","24.4",41.9,8.6,29,"96.955320227","92.478595227",32.1,47.8
"Mangum, Jake",663968,2026,30,342,377,102,81,15,2,4,69,21,18.3,5.6,".298",".389",".353","0.742",".256",".339",".329",".292",".315",".083","67.8",3.2,7,5.6,32.4,25.7,"6.7",13,4.2,9.6,35.7,31.6,"85.5","4.6",27.7,2.2,28.1,"96.248423534","92.202831321",21,58.2
"Alexander, Blaze",677942,2026,27,221,246,69,51,12,2,4,54,16,22,6.5,".312",".439",".368","0.807",".308",".467",".354",".361",".365",".158","72.4",25.2,14.9,11.2,34.2,25.6,"7.5",7,8.3,5.6,49.5,36.8,"92.6","9.9",42.4,7.2,48.8,"100.733289383","95.319990309",25.9,56.1
"Basabe, Osleivis",678545,2026,25,53,56,15,10,2,0,3,9,0,16.1,0,".283",".491",".304","0.795",".238",".381",".340",".278",".262",".143","73.4",30.3,13.9,11.2,34.7,28.1,"7.3",4,8.2,-2.3,68.9,24,"87.8","10.2",28.9,9.1,35.6,"98.772184545","93.535625349",20.6,51.8
"Meyers, Jake",676694,2026,30,141,153,30,20,7,0,3,31,10,20.3,6.5,".213",".326",".268","0.594",".205",".316",".264",".256",".261",".110","67.5",4.6,6.7,5.4,32.5,26.1,"7",8,8.5,-4.9,50.8,32.4,"85.4","15.4",25.2,6.3,27.9,"95.71614","91.922291171",21.8,52.2
"Ward, Ryan",669899,2026,28,55,60,12,5,4,0,3,17,5,28.3,8.3,".218",".455",".283","0.738",".239",".424",".319",".316",".303",".185","71.6",10.9,11.9,8.4,26.2,18.5,"7.6",0,8.9,2.1,61.2,27.9,"88.5","19.3",36.8,10.8,28.9,"99.059412105","93.695693243",27.6,53.2
"Buxton, Byron",621439,2026,32,346,381,89,46,17,1,25,93,27,24.4,7.1,".257",".529",".320","0.849",".247",".496",".361",".344",".312",".249","74.2",41.3,16.8,11.9,30.4,21.5,"8",14,14.2,-8.5,57.7,34.4,"90.3","20.9",32.5,16.9,47.1,"101.660030313","95.319384902",31.7,52.7
"Hays, Austin",669720,2026,30,54,55,13,10,1,0,2,15,1,27.3,1.8,".241",".370",".255","0.625",".286",".373",".264",".286",".299",".087","72.8",24.5,14.8,9.6,34.4,22.3,"7.2",6,15.1,-3.8,58.8,31.6,"85.4","-2.2",33.3,5.1,41,"98.3683295","93.411256154",38,53.2
"Solak, Nick",669256,2026,31,7,10,1,1,0,0,0,0,1,0,10,".143",".143",".300","0.443",".260",".502",".232",".373",".385",".242","70.8",20,10,10,50,50,"7.3",0,9.7,5.4,50,25.6,"90.2","-2.6",37.5,12.5,50,"98.3236","93.55428",0,47.8
"Kuroda-Grauer, Joshua",811965,2026,23,60,62,25,17,7,0,1,7,1,11.3,1.6,".417",".583",".435","1.018",".317",".416",".442",".329",".339",".099","68.3",8.3,13.8,12,33,28.7,"6.9",1,5.4,1.3,43.2,30.4,"89.3","7.8",35.8,1.9,40.4,"99.397748889","94.069604906",14.6,54.4
"Aranda, Jonathan",666018,2026,28,458,531,131,96,20,0,15,122,58,23,10.9,".286",".428",".371","0.799",".265",".449",".351",".353",".356",".184","70.1",12.2,15.1,12,35.5,28.1,"7.1",16,7.6,5.4,50.7,35,"91","13.9",38.8,10.2,45.6,"100.77132848","94.772040585",21.6,46.4
"Adames, Willy",642715,2026,30,446,485,100,55,25,1,19,133,36,27.4,7.4,".224",".413",".285","0.698",".217",".377",".304",".289",".279",".160","72.3",25.9,11.8,8.7,28.1,20.8,"8.2",10,15.3,-3.6,58.2,33.7,"87.2","22.5",35.4,8.3,38.2,"98.595817389","93.355806933",28.7,48.2
"Taylor, Samad",669392,2026,27,88,102,29,26,1,1,1,30,12,29.4,11.8,".330",".398",".410","0.808",".283",".351",".364",".326",".369",".068","68.2",4,2.2,1.6,31.5,23,"6.9",1,14.4,3.5,51.5,37,"85.2","6.7",36.7,3.3,25,"94.857600769","91.468560769",24.3,41.1
"Massey, Michael",686681,2026,28,324,348,88,56,20,1,11,62,17,17.8,4.9,".272",".441",".303","0.744",".240",".398",".321",".295",".278",".157","72.1",14.5,13.2,10.8,35.7,29.4,"7.2",11,15.8,-1.4,58.1,33.7,"89.8","16.7",32.7,6.3,40.5,"99.063701832","93.827104962",20.2,52.5
"Caglianone, Jac",695506,2026,23,421,455,116,71,21,2,22,117,29,25.7,6.4,".276",".492",".327","0.819",".282",".515",".352",".362",".334",".233","77.3",76,24.1,17.9,31.5,23.4,"7.9",14,9.8,-1.6,44.4,30.6,"93.2","7.6",33.4,14.4,55.1,"105.661941569","97.674404328",28.5,53.5
"Hoerner, Nico",663538,2026,29,490,542,130,96,26,1,7,46,40,8.5,7.4,".265",".365",".325","0.690",".301",".377",".307",".327",".359",".076","68.3",1.4,7.7,6.9,39.7,35.9,"7.3",13,5.4,-1.3,47,32.3,"85.8","12.3",37.3,1.1,28.4,"96.025801614","92.0300813",12.1,46.1
"Bohm, Alec",664761,2026,29,447,492,108,73,21,0,14,69,32,14,6.5,".242",".383",".301","0.684",".258",".404",".300",".318",".319",".145","70.9",12.2,15.2,13,39.9,34.2,"7.2",6,4.9,4.4,46.1,29.8,"90.5","8.7",33.7,5.8,42.3,"100.072088796","94.363434084",16,46.5
"Jackson, Jeremiah",669236,2026,26,233,247,53,36,10,0,7,50,8,20.2,3.2,".227",".361",".256","0.617",".245",".388",".267",".287",".275",".143","72.9",28.3,16.4,12.2,35.2,26.3,"7.5",14,9.8,0.2,61.7,26,"89.4","7.8",28.9,7.5,38.5,"100.264053333","94.402163297",26.9,58.4
"McAdoo, Charles",807727,2026,24,44,48,11,8,1,0,2,12,3,25,6.3,".250",".409",".292","0.701",".251",".402",".303",".302",".292",".151","73.3",35.1,10.2,8.1,27.1,21.6,"7.1",0,4.3,4,40.5,30.8,"87.3","19.9",33.3,9.1,30.3,"96.69151","92.48317",19.5,49.2
"Adell, Jo",666176,2026,27,465,506,108,69,20,1,18,123,21,24.3,4.2,".232",".396",".287","0.683",".256",".447",".299",".328",".310",".191","77.2",70.3,15.4,11.6,23.9,17.9,"7.7",25,9.8,-4.8,47.6,35.5,"90","16.6",34.1,9.9,44.3,"102.135854128","95.323059796",28.2,53.9
"Pereda, Jhonny",640902,2026,30,70,75,18,16,0,0,2,13,4,17.3,5.3,".257",".343",".307","0.650",".298",".398",".291",".328",".344",".101","70.7",5.1,13.3,10.9,35.4,29.2,"7.4",1,6.5,1.3,47.4,29.7,"89.3","7.2",43.9,3.5,45.6,"99.619876552","94.185426316",18.3,49.2
"Grisham, Trent",663757,2026,29,362,415,80,43,19,2,16,72,49,17.3,11.8,".221",".417",".312","0.729",".249",".439",".320",".339",".337",".190","70.6",7.9,19.4,16.4,42,35.5,"7.4",6,13.7,-1.3,64,28.5,"90.7","17.8",35.2,9.9,46.1,"100.831053288","94.903854178",18.3,39.6
"Montgomery, Braden",695731,2026,23,206,236,49,32,10,3,4,53,26,22.5,11,".238",".374",".331","0.705",".241",".368",".315",".315",".334",".127","69.6",8.5,14.7,10.5,33.3,23.8,"6.6",17,8,4.5,49.4,31.6,"89.2","5.4",29.2,3.9,41.6,"100.066306711","94.308900526",30.5,50.1
"Troy, Tommy",694371,2026,24,121,134,27,19,3,1,4,31,13,23.1,9.7,".223",".364",".299","0.663",".238",".412",".295",".317",".312",".174","72.1",24.1,13,9.9,27.3,20.7,"7",6,13,-2.6,52.9,32.7,"84.8","10.7",32.2,10,31.1,"98.394866364","93.215152386",24.9,44.8
"House, Brady",691781,2026,23,226,245,54,35,10,0,9,71,15,29,6.1,".239",".403",".294","0.697",".264",".450",".305",".334",".318",".186","73.7",35,16.8,11.7,30.6,21.2,"7.6",10,10.7,1.5,45.6,36.9,"89.3","8.6",31.4,11.6,46.8,"101.928868718","95.283263355",33.5,51.8
"Williams, Alika",675961,2026,27,139,150,37,23,12,0,2,37,6,24.7,4,".266",".396",".304","0.700",".219",".288",".306",".245",".260",".070","69.5",3.9,7.3,5.7,22.5,17.5,"7",3,6.9,-6.7,45,36.3,"85.2","17.1",29.5,1,33.7,"97.009011538","92.548584175",21.9,53.4
"Ewing, A.J.",805999,2026,21,309,350,77,53,16,1,7,91,33,26,9.4,".249",".375",".323","0.698",".258",".407",".310",".325",".332",".149","70.3",11.6,14.8,11.4,32.9,25.3,"6.5",17,9.2,-2.1,40.7,37,"89.9","12",35.7,8,43.8,"100.480921171","94.653161131",24.5,45.7
"Kurtz, Nick",701762,2026,23,352,434,90,53,15,1,21,141,79,32.5,18.2,".256",".483",".396","0.879",".243",".482",".380",".373",".386",".239","78.2",80.4,21.5,13.9,26.1,16.9,"7.8",17,12.8,4.2,49.6,37.7,"93.4","11.9",38.9,18,57.3,"106.18726581","98.206808714",36.9,43.1
"Straw, Myles",664702,2026,31,217,240,48,31,13,1,3,33,16,13.8,6.7,".221",".332",".274","0.606",".254",".351",".268",".290",".305",".097","68.7",6.8,7.6,6.8,37.1,32.9,"7",11,7.8,-2.7,53.7,33.5,"85.7","15.3",36.3,3.2,25.3,"95.623832391","91.841851639",13.1,41.5
"Freeman, Cody",683227,2026,25,22,25,5,5,0,0,0,6,2,24,8,".227",".227",".292","0.519",".119",".137",".243",".161",".193",".018","65.8",0,3.3,2.5,33.3,25,"6.6",2,8.4,0.7,67.5,24.1,"80.2","13.9",17.6,0,11.8,"91.70032125","89.941293125",26.1,44.2
"Murakami, Munetaka",808959,2026,26,317,388,74,33,13,0,28,129,68,33.2,17.5,".233",".539",".371","0.910",".219",".512",".386",".370",".360",".294","74.8",50.2,25.3,15.1,35.6,21.3,"7.9",22,18.9,-1.1,45.7,35.5,"94.3","16.6",30.7,21.2,60.3,"104.755695106","97.788106364",42.4,40.6
"Wilson, Weston",642215,2026,31,100,115,20,13,3,0,4,33,14,28.7,12.2,".200",".350",".304","0.654",".181",".294",".296",".268",".289",".113","72.1",20,11.8,8,25,17,"7.6",5,14.6,-5.5,49.5,34,"85.1","13.3",32.8,6.1,32.8,"97.794989394","92.897494697",33.9,45.4
"Bellinger, Cody",641355,2026,30,374,434,97,62,21,3,11,70,55,16.1,12.7,".259",".420",".350","0.770",".277",".419",".339",".350",".369",".141","69.5",3,12.7,10.4,38.8,31.7,"7.9",9,13.5,-0.7,61.8,34.1,"89.1","17.7",40.5,6.2,37.3,"98.527418235","93.513308072",20.3,45.7
"Nuñez, Nasim",683083,2026,25,355,408,81,73,4,3,1,85,44,20.8,10.8,".228",".265",".313","0.578",".223",".271",".269",".270",".310",".048","68.5",3.6,6.4,5.2,28.2,22.8,"6.8",19,4.9,6.3,41.5,31.9,"84.9","7.8",29.5,0.4,22.7,"95.049477154","91.554414247",21.2,46.8
"Rortvedt, Ben",666163,2026,28,12,12,2,2,0,0,0,4,0,33.3,0,".167",".167",".167","0.334",".208",".237",".148",".194",".208",".028","67.7",0,0,0,31.3,25,"6.7",1,7.4,4.7,47.6,26.3,"84.6","10.1",37.5,0,12.5,"92.907","90.4535",21.7,46.9
"Griffin, Konnor",804606,2026,20,225,247,62,45,10,2,5,65,16,26.3,6.5,".276",".404",".332","0.736",".240",".392",".324",".305",".302",".152","75.6",57.3,14.9,10.6,25.6,18.1,"7.7",10,9.5,-1.3,44.8,32.7,"87.8","5.9",31.5,8.1,37,"100.4346265","94.324818868",31.7,51.8
"Waldschmidt, Ryan",814439,2026,23,191,214,52,36,13,1,2,63,14,29.4,6.5,".272",".382",".332","0.714",".248",".376",".316",".302",".310",".128","72.3",20.2,13.1,8.7,35.5,23.7,"7",3,9.8,-10.6,42.5,35.3,"88","17.1",49.2,6.8,32.6,"98.336473538","93.240676589",32.7,43.6
"Jensen, Carter",695600,2026,22,411,464,90,48,25,1,16,136,46,29.3,9.9,".219",".401",".297","0.698",".197",".351",".305",".280",".280",".154","73.8",36.5,14.7,10.9,30.9,22.9,"7.1",37,6.5,-5.6,48.3,26.7,"90.6","21",30.7,10,42.9,"101.304349143","95.080725197",29.8,44.9
"Nimmo, Brandon",607043,2026,33,454,502,123,78,28,4,13,108,40,21.5,8,".271",".436",".337","0.773",".290",".493",".338",".367",".356",".203","72.2",27.5,16.8,13.2,33,25.9,"7",19,7.1,2.6,50.6,29.5,"92.3","11.1",36.2,10.6,51.4,"101.987596839","95.883192701",22.1,50.8
"Mitchell, Garrett",669003,2026,27,358,415,89,54,24,3,8,134,51,32.3,12.3,".249",".399",".348","0.747",".252",".433",".331",".344",".351",".181","77.5",79.1,21,13.8,30.3,19.9,"7.2",18,9.3,6.1,59,30.6,"92.6","1.9",31.9,12.8,50.9,"104.229091062","96.733886756",36.5,43.5
"France, Ty",664034,2026,31,319,356,93,58,16,2,17,79,19,22.2,5.3,".292",".514",".349","0.863",".250",".432",".370",".327",".316",".182","72.1",21.1,17.3,12.9,31.5,23.4,"7.6",20,10.9,4.8,48.5,34.4,"92.3","13.2",36.7,10.2,49.4,"101.540397131","95.535071926",27.2,52.5
"Hernaiz, Darell",687231,2026,24,120,136,29,25,3,0,1,24,13,17.6,9.6,".242",".292",".321","0.613",".219",".276",".283",".265",".301",".057","69.1",8.2,7,5.6,28.3,22.7,"7.1",9,6.5,-1.7,39.5,33.3,"84.5","14",31.6,1,25.5,"95.660494792","91.854290521",23,50.9
"Dean, Justin",681909,2026,29,8,10,3,2,0,1,0,4,2,40,20,".375",".625",".500","1.125",".266",".324",".477",".345",".412",".058","66.6",0,14.3,10.5,21.4,15.8,"6.5",0,17,1.2,47.4,32.1,"85.7","-0.9",50,0,50,"100.2925","94.5908725",33.3,56.8
"Friedl, TJ",670770,2026,30,215,245,34,24,6,1,3,57,20,23.3,8.2,".158",".237",".242","0.479",".174",".240",".223",".232",".258",".066","71",11,9.3,7,36,27.2,"6.8",11,9.5,-5.9,62.7,28.6,"87.4","21.5",25,2.6,27.4,"96.754076111","92.42933028",25.3,43.9
"d'Arnaud, Travis",518595,2026,37,48,54,9,7,1,0,1,14,4,25.9,7.4,".188",".271",".278","0.549",".185",".361",".255",".285",".275",".176","71.4",16.7,9.5,6.7,31.7,22.2,"7.8",1,12.3,-2.3,58.9,30.5,"86.9","12.7",35.3,14.7,29.4,"97.035481176","92.517740588",31,51.3
"Mastrobuoni, Miles",670156,2026,30,26,30,5,5,0,0,0,10,2,33.3,6.7,".192",".192",".241","0.433",".145",".201",".201",".184",".202",".056","68",2.6,9.7,7.9,41.9,34.2,"6.3",1,6,2.6,44.7,32.6,"90.1","11.1",27.8,0,22.2,"95.03356","91.757005882",20.9,40.2
"Whitcomb, Shay",694376,2026,27,23,24,3,1,0,0,2,11,1,45.8,4.2,".130",".391",".167","0.558",".162",".415",".237",".258",".197",".254","71.7",16.2,15,8.1,30,16.2,"7.8",0,11.4,-4.9,62.5,28.8,"90.5","31.1",50,16.7,41.7,"99.835308333","94.102165",42.2,48.9
"Carroll, Corbin",682998,2026,25,457,529,113,54,26,15,18,115,62,21.7,11.7,".247",".488",".344","0.832",".249",".445",".357",".345",".347",".195","75.4",58.3,17.8,13.3,33.7,25.2,"7.5",6,10.5,1.3,65.9,26,"91.6","15",30.4,12,48.4,"101.816370234","95.424397625",27.2,45.4
"McNeil, Jeff",643446,2026,34,340,375,88,67,15,0,6,44,25,11.7,6.7,".259",".356",".314","0.670",".274",".367",".297",".307",".328",".094","68.5",3.1,6.7,5.8,34,29.5,"7.2",12,7.1,-2.7,39.5,35,"86.6","13.9",37.2,2,31.6,"96.4385648","92.276309465",16.1,57.2
"Soler, Jorge",624585,2026,34,316,361,64,35,16,1,12,118,35,32.7,9.7,".203",".373",".291","0.664",".206",".362",".294",".294",".296",".156","74.9",51.2,15.1,9.9,25.7,16.8,"7.9",7,11.8,-7.7,53,34.2,"88.5","14.5",35.1,10.9,42.6,"101.551384059","94.859988762",36.9,47.3
"Thomas, Lane",657041,2026,30,299,344,69,40,18,0,11,84,41,24.4,11.9,".231",".401",".326","0.727",".243",".379",".322",".319",".337",".135","72.5",24.5,13.6,10.9,31.7,25.5,"6.9",19,8.5,-2.9,59.9,27.2,"89.6","18.7",37.3,6.9,41.9,"100.01487789","94.340635668",21.8,41.2
"Varsho, Daulton",662139,2026,29,377,415,87,58,19,2,8,82,35,19.8,8.4,".231",".355",".299","0.654",".233",".355",".290",".290",".301",".122","72.9",28.5,10,8,25.4,20.3,"7.7",4,9.7,-0.9,53.7,27.7,"86.8","15.1",33.4,6.1,37.8,"98.486877551","93.277227211",20.9,52.9
"Alvarez, Francisco",682626,2026,24,281,322,69,45,11,0,13,93,34,28.9,10.6,".246",".423",".334","0.757",".236",".444",".334",".335",".326",".208","74.2",43.1,18.9,13.1,29.8,20.7,"7.3",12,10.5,-0.8,57.9,29.1,"90.2","11.3",32.3,16.4,45,"102.508998947","95.496391429",33.7,45.5
"Barrosa, Jorge",678489,2026,25,132,157,26,12,11,1,2,42,14,26.8,8.9,".197",".341",".282","0.623",".163",".254",".278",".235",".253",".090","69.1",3,5.2,3.8,32.6,23.7,"7.7",3,14.3,-4.5,54,26.1,"87.5","19.8",33.3,5.1,25.3,"96.017479048","92.098872289",26.9,44.3
"Story, Trevor",596115,2026,33,165,176,34,24,7,0,3,57,8,32.4,4.5,".206",".303",".244","0.547",".212",".309",".242",".248",".253",".096","71.1",15.1,13.2,9.2,29.5,20.6,"7.4",4,10.7,-3.8,51.4,29.3,"88.9","12.9",30,3.6,41.8,"99.268155636","93.840743853",31.7,55.4
"Kepler, Max",596146,2026,33,111,124,24,15,7,0,2,28,11,22.6,8.9,".216",".333",".282","0.615",".203",".342",".270",".275",".277",".139","71.5",15.9,12.7,9.8,29.7,22.9,"7.4",7,7.5,-9.6,46.6,32.1,"88.9","20.4",35.3,8.2,41.2,"99.330382381","93.795364286",24.6,52.8
"Castro, Willi",650489,2026,29,382,424,100,68,18,1,13,115,35,27.1,8.3,".262",".416",".330","0.746",".232",".392",".329",".306",".304",".160","72.9",28.2,12.5,8.8,25.2,17.7,"7.3",10,9.4,-3.9,47,37.3,"87.8","19",31.6,8.2,40.5,"100.519621439","94.363259811",31.1,54.2
"Chaparro, Andrés",665953,2026,27,111,131,25,10,8,0,7,31,16,23.7,12.2,".225",".486",".344","0.830",".238",".469",".362",".361",".354",".232","74.5",48.6,15.7,11.4,29.4,21.4,"7.3",8,11.4,-12.8,54,30,"88.6","14.6",28.7,12.5,47.5,"101.15524875","94.9712085",31.6,46.2
"Vaughn, Andrew",683734,2026,28,223,259,67,44,16,2,5,39,29,15.1,11.2,".300",".457",".390","0.847",".269",".393",".372",".340",".365",".124","70.5",14,14.3,11.7,42,34.2,"7.2",7,7.9,-2.1,51.5,29.3,"89.8","9.7",32.3,5.9,42.5,"99.60419914","94.320198763",20.2,38.8
"Raley, Luke",670042,2026,31,262,287,59,34,9,1,15,93,15,32.4,5.2,".225",".439",".284","0.723",".252",".486",".313",".342",".310",".234","75.3",57.2,18.4,11.3,30.5,18.7,"7.3",11,14.7,-3.2,59.2,31.3,"90.8","15.1",40.1,15.7,47.1,"102.124981786","95.507658563",40.9,54.1
"Rooker, Brent",667670,2026,31,179,202,36,22,4,0,10,64,19,31.7,9.4,".201",".391",".282","0.673",".208",".438",".294",".316",".291",".230","74",41.1,19.1,12.1,29.1,18.5,"7.1",7,13.3,-6.5,45.7,37.7,"89.9","19.7",34.2,15.5,41.9,"101.773379828","95.03524069",38.4,49.7
"Toglia, Michael",669911,2026,27,19,21,3,1,2,0,0,8,2,38.1,9.5,".158",".263",".238","0.501",".231",".278",".229",".264",".304",".047","73.7",50,9.1,7.1,40.9,32.1,"7.5",2,9.7,0.4,35.7,34.1,"92.2","16.1",36.4,0,54.5,"98.446165","94.591786364",28.1,42.7
"Horwitz, Spencer",687462,2026,28,285,339,74,51,12,1,10,48,44,14.2,13,".260",".414",".366","0.780",".229",".370",".347",".326",".344",".141","68.9",4.6,10.2,8.8,34.5,29.6,"7",6,9.2,-2.5,49.6,34.8,"86.9","17",27,7.5,32,"97.365646777","92.769787469",15.4,40.7
"Rosario, Amed",642708,2026,30,185,200,42,26,5,1,10,52,12,26,6,".227",".427",".270","0.697",".243",".421",".299",".307",".288",".178","73.8",40,14.5,10.6,29.4,21.4,"7.4",4,6.7,-4,50.7,30.7,"90.3","13",38.2,11,39,"101.282893529","94.869859118",26.8,54.2
"Caratini, Victor",605170,2026,32,282,331,64,48,9,0,7,67,31,20.2,9.4,".227",".333",".317","0.650",".238",".384",".293",".321",".334",".147","71",13.2,13.3,10.7,41.1,32.9,"7",10,11.5,-0.9,53.5,34.9,"89.6","12.4",39,6.7,39.5,"98.571156875","93.734973812",21.8,41.7
"Hernández, Heriberto",681715,2026,26,307,343,70,38,13,1,18,96,33,28,9.6,".228",".453",".306","0.759",".245",".472",".329",".344",".324",".227","74.7",49.8,19.1,13.4,35.9,25.1,"7.8",20,14,-3.6,62.7,27,"91.6","12.3",33,12.7,49.1,"101.862358396","95.522908774",34.1,46
"Naylor, Bo",666310,2026,26,84,90,12,8,2,0,2,21,6,23.3,6.7,".143",".238",".200","0.438",".215",".399",".199",".290",".267",".184","71.8",14.2,14,12.3,27.9,24.5,"7.6",2,10.4,-5.3,51.9,30.7,"89.6","18.9",30.2,11.1,42.6,"99.851973125","94.187324921",14.8,45.2
"O'Hearn, Ryan",656811,2026,32,359,398,97,65,15,0,17,86,31,21.6,7.8,".270",".454",".334","0.788",".254",".410",".343",".321",".321",".156","70.8",9.1,12.1,9.7,33.5,26.9,"7.1",12,11.8,-0.5,45.6,31.8,"89.3","13.9",34.8,7.2,43.5,"99.284518188","94.02285558",22,47
"Soderstrom, Tyler",691016,2026,24,396,453,97,48,27,3,19,91,53,20.1,11.7,".245",".472",".338","0.810",".246",".411",".349",".328",".339",".165","74.4",45.1,17.7,13.9,30.7,24,"7.5",16,10.2,-1.7,53.5,28.7,"90.7","11.1",31,9.5,45.4,"101.631681895","95.094575115",22.9,45.9
"Bell, Josh",605137,2026,33,446,491,114,72,25,1,16,102,40,20.8,8.1,".256",".424",".318","0.742",".249",".437",".325",".326",".312",".189","72",25.8,14.1,11.1,31.9,25.2,"7.9",17,9.3,-1.7,55.3,33.6,"89.9","14.3",32.9,9.8,41.9,"100.173850173","94.381993295",23.8,50.1
"Smith, Cam",701358,2026,23,400,446,89,55,15,3,16,109,35,24.4,7.8,".223",".395",".292","0.687",".246",".435",".301",".327",".315",".189","77.7",77.2,17.1,12.4,25.7,18.6,"7.7",10,10.7,-6.8,48.8,32.5,"89.3","11.6",29.5,11.6,45.1,"102.196160342","95.362323699",28.7,48.5
"Ramírez, Agustín",682663,2026,24,140,160,35,24,8,1,2,36,17,22.5,10.6,".250",".364",".338","0.702",".226",".305",".313",".282",".317",".080","75.8",57.9,14.7,10.5,27.2,19.5,"7.7",8,8.4,-5.6,51.5,24.7,"89.7","6",26.7,3.8,41,"101.657736604","94.995617429",30.7,48.1
"Vargas, Miguel",678246,2026,26,456,538,109,52,28,1,28,97,69,18,12.8,".239",".489",".345","0.834",".262",".518",".359",".383",".368",".256","74.1",44.2,17.8,14.3,33.5,27,"7.8",5,12.6,-3.5,65.5,34.2,"90.7","20.5",40.1,14.6,46.3,"100.878939176","94.956372204",21.1,45.2
"Díaz, Yandy",650490,2026,34,470,530,143,103,21,1,18,76,45,14.3,8.5,".304",".468",".374","0.842",".291",".452",".366",".360",".367",".161","73.7",39,19.9,17.4,34.1,29.8,"7.6",10,1.6,7.8,28.4,23.9,"91","6.4",30.1,7,47.9,"102.501353065","95.760340806",14.4,46.8
"Gonzalez, Romy",663853,2026,29,65,73,12,7,3,1,1,21,5,28.8,6.8,".185",".308",".264","0.572",".231",".335",".258",".289",".306",".103","71.8",18.5,15.9,10.4,29.5,19.3,"6.8",2,7,2.4,42.6,28.7,"87.6","3.9",31.1,4.4,37.8,"100.275229545","94.17205",33.8,52.4
"Peraza, Oswald",672724,2026,26,294,316,67,47,11,2,7,93,12,29.4,3.8,".228",".350",".276","0.626",".224",".341",".277",".271",".273",".117","72.5",27.5,12,8.6,26.7,19.1,"7.6",12,5.9,-1.9,47.6,28.1,"87.6","10.2",32.5,6.9,37.9,"99.672525253","93.904648071",29.7,56.2
"Stephenson, Tyler",663886,2026,29,303,344,75,47,16,0,12,88,37,25.6,10.8,".248",".419",".331","0.750",".254",".470",".330",".350",".339",".217","70.7",8.4,14.7,11.3,34.5,26.5,"7.4",18,12.6,0.7,53.5,37.6,"91.2","18.1",41,12.7,46.5,"100.427515283","94.892288491",25.4,44.8
"Prieto, César",693409,2026,27,31,31,2,2,0,0,0,4,0,12.9,0,".065",".065",".065","0.130",".232",".351",".057",".249",".232",".120","69.3",0,18.2,15,51.5,42.5,"7",0,9.9,1.1,65.9,29.5,"87.7","4.3",25.9,3.8,29.6,"98.085631538","93.5204288",21.3,52.8
"Cronenworth, Jake",630105,2026,32,251,284,57,46,7,0,4,61,26,21.5,9.2,".227",".303",".312","0.615",".225",".318",".283",".286",".310",".093","71.5",17.9,11.2,8.7,30.4,23.6,"7.2",9,7.8,-1.7,39.4,30.4,"87.3","9.8",32.3,3.7,31.3,"97.59089914","92.830763189",22.5,46.3
"Wetherholt, JJ",802139,2026,23,464,542,113,84,13,0,16,85,62,15.7,11.4,".244",".375",".349","0.724",".253",".429",".326",".348",".359",".176","71.9",19.9,14.1,11.6,37.2,30.5,"7.5",16,11.4,6.1,63.7,32.5,"89.6","11.6",34.6,7.1,43.7,"99.256498413","93.951843554",20.2,41.7
"Realmuto, J.T.",592663,2026,35,313,353,68,46,14,0,8,75,26,21.2,7.4,".217",".339",".292","0.631",".256",".384",".282",".319",".330",".128","73.3",34.8,14,10.8,34.6,26.8,"7.4",9,12,-0.5,55.4,32.9,"89.7","10.7",34.6,4.6,40.3,"99.7122915","94.276088958",24,47.3
"Call, Alex",669743,2026,31,130,154,33,25,7,0,1,26,18,16.9,11.7,".254",".331",".357","0.688",".211",".268",".315",".276",".322",".058","66.6",3.9,3.7,3.1,29.8,25.2,"6.7",4,7.3,1.2,40.4,31.8,"83.8","13.9",24.5,1.9,17.9,"93.269416226","90.804724381",16.2,42.9
"Valdez, Esmerlyn",699013,2026,22,189,227,48,21,12,1,14,82,34,36.1,15,".254",".550",".366","0.916",".206",".453",".390",".340",".327",".248","74.8",51.2,20.1,12.4,30.8,19,"8",4,15.4,1.9,50.3,33.9,"91.7","19.3",35.5,20.9,49.1,"102.773729273","95.973552545",39.5,41.7
"Spence, Lucas",828599,2026,23,37,41,6,5,1,0,0,15,3,36.6,7.3,".162",".189",".244","0.433",".177",".253",".208",".236",".257",".076","73.1",30.9,19.5,11.8,34.1,20.6,"7.1",1,11.1,-4.6,49.3,31.5,"92.7","4",27.3,4.5,40.9,"101.240806364","95.038287273",38,50.3
"Ramírez, José",608070,2026,33,335,397,79,50,19,0,10,48,54,12.1,13.6,".236",".382",".341","0.723",".285",".430",".317",".355",".384",".145","70.1",12.3,12.8,10.9,32.3,27.4,"7.3",4,9.9,-9.3,61,31,"89.3","19.4",38,5.1,41.6,"99.924268425","94.148530479",15.6,45.9
"Mountcastle, Ryan",663624,2026,29,14,15,4,3,1,0,0,2,1,13.3,6.7,".286",".357",".333","0.690",".279",".348",".308",".301",".327",".069","74.4",43.8,13.3,12.5,20,18.8,"7.5",0,6.9,2.6,56.3,35,"90","8.8",33.3,0,41.7,"103.053788333","95.526894167",8.8,63
"Marchán, Rafael",665561,2026,27,88,92,9,7,0,0,2,14,2,15.2,2.2,".102",".170",".141","0.311",".181",".248",".143",".207",".216",".068","66.1",0,3,2.5,34.3,28.9,"7.5",3,12.5,-5.3,51.6,35,"83.2","25.4",32.4,2.7,18.9,"93.161534054","90.718603562",16.7,49.7
"Monasterio, Andruw",655316,2026,29,249,278,65,36,22,1,6,55,22,19.8,7.9,".261",".430",".321","0.751",".246",".388",".326",".308",".312",".142","69.7",4.3,11.5,9.5,33.8,27.8,"6.9",3,10.7,-4.3,56.9,33.9,"88.4","21.4",40.7,8,33.2,"97.934787857","93.105518163",18.3,45.8
"Bolte, Henry",703607,2026,22,269,304,72,56,10,0,6,83,20,27.3,6.6,".268",".372",".341","0.713",".244",".368",".320",".309",".322",".125","77",73.6,22.4,15.6,30.1,20.9,"7.7",17,7.6,4,44.3,33,"90.9","1.6",27,7.4,47.3,"104.328249462","96.565852054",33.2,50.6
"McMahon, Ryan",641857,2026,31,274,301,59,37,12,0,10,91,23,30.2,7.6,".215",".369",".280","0.649",".235",".397",".287",".304",".298",".162","74.6",49,19,13.7,32.4,23.5,"7.4",18,10.7,0.7,51.1,36.2,"91.3","13.6",33,9.8,48.9,"101.963831429","95.547845769",31.5,46.4
"Trevino, Jose",624431,2026,33,99,102,24,17,3,0,4,20,1,19.6,1,".242",".394",".250","0.644",".203",".281",".278",".214",".211",".078","68.8",3.3,11.6,9.2,37.2,29.4,"7.2",4,8.2,-2.4,66.9,23.1,"86.2","10.3",22.2,2.5,32.1,"97.325232368","92.841781711",23.2,51.2
"Grichuk, Randal",545341,2026,34,188,197,52,22,19,1,10,46,7,23.4,3.6,".277",".548",".305","0.853",".282",".484",".360",".340",".310",".202","74.3",43.7,20.8,15.9,33.8,26,"7.7",7,8.9,-5.7,62,27.1,"91.3","14.9",38.5,11.9,48.3,"102.780019722","95.920969161",25.1,52.3
"Bichette, Bo",666182,2026,28,495,539,132,99,19,2,12,97,35,18,6.5,".267",".386",".314","0.700",".280",".413",".307",".324",".327",".133","70",14.7,13.8,11.3,33.5,27.3,"7.2",7,2.8,2.2,28.5,37.7,"89.4","8.1",36.3,6.2,40.2,"100.549363267","94.587048762",19.4,53.1
"García Jr., Luis",671277,2026,26,399,420,111,59,23,5,24,68,19,16.2,4.5,".278",".541",".310","0.851",".284",".495",".362",".347",".316",".211","74.2",42.9,19.3,16,32.9,27.3,"7.4",11,10.5,-2.4,63.3,27.8,"91.6","11.7",33.9,12.1,46.2,"102.259848303","95.548984195",19.3,53
"Perez, Salvador",521692,2026,36,446,484,96,62,17,1,16,97,18,20,3.7,".215",".365",".261","0.626",".233",".413",".272",".300",".281",".179","71.6",18.1,13.6,10.5,30.9,23.9,"7.7",15,11,-3.4,57.1,34.5,"88.9","15.8",34.6,9.6,41.9,"99.98973736","94.137316461",25.3,56.8
"Walker, Christian",572233,2026,35,445,497,104,56,24,1,23,117,42,23.5,8.5,".234",".447",".312","0.759",".227",".390",".330",".306",".306",".163","74.4",44.2,15.9,11.7,27.8,20.5,"7.4",32,7.9,-5.7,47.8,28.5,"89.4","14.5",31.6,9.4,41.6,"101.118328909","94.803586231",29.8,50.6
"Stott, Bryson",681082,2026,28,418,473,111,71,25,6,9,79,48,16.7,10.1,".266",".419",".343","0.762",".273",".408",".335",".335",".350",".135","69.9",7.2,13.7,11.4,37.7,31.4,"7.2",14,9.9,-1.2,54.8,31,"89.4","14.5",35.8,6.1,39.2,"98.989646765","93.728813853",18.7,41.9
"Naylor, Josh",647304,2026,29,450,497,120,92,18,0,10,63,39,12.7,7.8,".267",".373",".331","0.704",".276",".397",".313",".324",".340",".121","70.1",8.8,13.3,11.2,38.5,32.3,"7.5",12,8,-6.9,45.7,29.4,"87.7","12.5",36,4.9,36.8,"98.792921554","93.558131325",17.9,51.7
"Schwarber, Kyle",656941,2026,33,445,536,110,57,15,1,37,182,80,34,14.9,".247",".535",".366","0.901",".237",".496",".384",".367",".359",".259","77.1",74.3,16.9,11.9,24.4,17.1,"7.5",41,14.8,-9.5,66.9,29.5,"93.2","21",39.7,17.7,52.4,"103.89143985","96.723081203",34.4,43.8
"Bericoto, Victor",682674,2026,24,70,71,19,12,3,0,4,20,1,28.2,1.4,".271",".486",".282","0.768",".222",".456",".329",".290",".233",".234","74.5",51.8,13.5,10.1,29.8,22.3,"7.6",4,13.6,1.8,50.4,35.1,"89.9","9.4",30,14,50,"101.159068","94.9753508",27.9,57
"Fernandez, Jose",699912,2026,22,168,180,43,33,7,0,3,41,7,22.8,3.9,".256",".351",".290","0.641",".243",".349",".284",".276",".278",".106","74.4",46.4,14.6,11.3,29.6,23,"7.8",4,7.8,-5.8,49.8,32.5,"88.1","11.4",27.5,3.8,39.7,"100.523258226","94.41312121",24.5,47.3
"Quero, Edgar",700337,2026,23,183,210,38,34,1,0,3,42,16,20,7.6,".208",".262",".279","0.541",".224",".318",".249",".278",".298",".095","68.9",3.6,12.2,9.8,36.9,29.7,"6.9",0,4.8,5.7,50.3,28.7,"90.7","9.7",27,2.7,38.5,"99.07030875","93.996412448",21.2,49.9
"Hinds, Rece",677956,2026,25,35,38,4,1,3,0,0,19,1,50,2.6,".114",".200",".158","0.358",".131",".157",".160",".155",".176",".025","73",40.3,7,3.9,18.6,10.4,"7.7",4,10.9,-9.8,37.2,39.5,"85.2","23.5",23.5,0,23.5,"96.95602125","92.819059333",46,56.1
"Brennan, Will",686823,2026,28,23,23,2,2,0,0,0,3,0,13,0,".087",".087",".087","0.174",".174",".238",".077",".178",".174",".064","68.4",2.4,5.1,4.8,23.1,21.4,"6.5",0,-2.3,3.8,23.3,29.5,"82.9","20.2",20,0,25,"94.760291","91.850796842",8,64.9
"Gorman, Nolan",669357,2026,26,201,229,39,28,4,0,7,74,25,32.3,10.9,".194",".318",".279","0.597",".197",".351",".266",".278",".283",".154","73.1",30.5,15.5,9.5,29.1,17.9,"7.6",8,17.2,-6.2,48.1,32.3,"89.3","22.3",34.6,9.2,43.8,"100.915263692","94.585516692",38.9,49.9
"Norby, Connor",681393,2026,26,216,253,44,27,13,0,4,74,28,29.2,11.1,".204",".319",".316","0.635",".193",".333",".292",".291",".308",".140","70.4",7.1,8.5,6.2,28.9,20.9,"7.1",17,18,3.8,39.1,39.8,"87.1","18.7",30.8,7,36.4,"97.460973472","92.855096434",32.1,49.4
"Rojas, Miguel",500743,2026,37,169,192,48,33,12,0,3,19,13,9.9,6.8,".284",".408",".332","0.740",".289",".404",".322",".323",".338",".115","69.2",6,14.3,12.4,38.4,33.2,"7.1",6,7.4,-7.4,46.5,30.2,"87.3","14.5",36.1,5.7,37.3,"98.437837143","93.296583203",15.8,48.2
"Lewis, Royce",668904,2026,27,333,373,81,47,20,1,13,96,34,25.7,9.1,".243",".426",".316","0.742",".246",".422",".324",".325",".320",".176","75.2",55.1,17,11.7,30.2,20.8,"8.1",13,11.3,-9.2,71.9,26.1,"90.2","20.3",35,12.1,42.9,"101.260484333","94.883616318",34,48.2
"Loftin, Nick",679845,2026,27,264,309,62,36,20,1,5,47,31,15.2,10,".235",".375",".325","0.700",".234",".339",".312",".301",".326",".105","69",5.2,9.4,8,39.7,33.6,"7.2",5,8.8,-7,52.9,30.2,"86.9","14.2",35.6,4,28,"96.519426972","92.358897373",16.1,40.6
"Gray, Tristan",656484,2026,30,173,188,39,30,5,0,4,60,10,31.9,5.3,".225",".324",".267","0.591",".218",".322",".261",".263",".266",".104","72.7",31.1,10,6.5,24.2,15.8,"7.1",8,7,-10.9,40.4,29.3,"88.5","14.3",38.5,6,37.6,"99.69709193","93.943316637",33.9,56.2
"Wiemer, Joey",686894,2026,27,70,83,20,11,5,1,3,29,12,34.9,14.5,".286",".514",".398","0.912",".217",".349",".397",".315",".341",".131","71.3",34.5,16.9,12.1,27.7,19.8,"7.2",11,5.3,3.1,42,23.8,"88.8","2.2",29.3,10,39,"100.456284","94.588400513",31.9,40.3
"Trout, Mike",545361,2026,34,385,474,93,56,17,0,20,122,82,25.7,17.3,".242",".442",".382","0.824",".256",".501",".359",".384",".395",".245","75",52.3,16.3,12.9,26.6,21.1,"7.5",15,6.9,-2.1,44,35.8,"90.2","18",36,16,47,"102.870264318","95.868922319",23.7,40
"Murphy, Sean",669221,2026,31,31,31,4,3,1,0,0,13,0,41.9,0,".129",".161",".129","0.290",".162",".196",".127",".156",".162",".033","70.4",15.7,14.7,9.8,29.4,19.6,"7.7",4,10.2,-1.8,40.4,29.4,"84.5","6.6",22.2,0,33.3,"98.840172222","93.420086111",37.9,55.2
"Clark, Max",703601,2026,21,63,68,17,12,2,2,1,16,4,23.5,5.9,".270",".413",".324","0.737",".261",".344",".323",".294",".316",".083","72.8",25,6.8,5.8,20.4,17.5,"7.4",2,5.6,5,40.2,32.9,"85.8","17.6",40.4,2.1,34,"97.249519583","92.723158936",15.7,51.7
"Jones, Greg",675659,2026,28,23,24,2,2,0,0,0,10,0,41.7,0,".087",".087",".087","0.174",".174",".205",".077",".164",".174",".032","71",12.9,10,6.5,25,16.1,"6.7",2,6.8,11,47.2,32.6,"86.3","1.3",21.4,0,28.6,"98.611036667","93.604294167",38.6,54.3
"Johnson, Ivan",671155,2026,27,12,14,1,1,0,0,0,6,2,42.9,14.3,".083",".083",".214","0.297",".080",".135",".163",".178",".211",".056","73.5",37.5,8.3,4.2,16.7,8.3,"7.2",0,12.9,-10.7,33.3,37.1,"84.8","28.1",16.7,0,16.7,"92.885786667","90.442893333",53.8,44.8
"Harper, Bryce",547180,2026,33,442,538,115,64,23,3,25,112,88,20.8,16.4,".260",".495",".379","0.874",".273",".501",".377",".390",".394",".228","74.3",46.2,17,12.1,29.4,21,"7.4",9,12.7,-1.6,46.2,37.2,"90.2","12.3",36.5,11,44.8,"101.600720059","95.097906083",30,49.5
"Cruz, Oneil",665833,2026,27,250,283,66,42,10,0,14,98,30,34.6,10.6,".264",".472",".350","0.822",".255",".490",".357",".358",".342",".235","78.4",77.2,24.9,15.7,34.7,21.9,"7.6",7,7.7,-6.2,42.9,33.1,"96","7.6",34.9,16.7,59.2,"107.079730933","98.929093333",37.8,43.6
"Rodríguez, Johnathan",671286,2026,26,11,15,2,1,1,0,0,6,3,40,20,".182",".273",".333","0.606",".138",".235",".283",".297",".341",".097","76",63.6,12.5,9.1,12.5,9.1,"8.2",1,8.6,-4.9,39.4,30.4,"90.6","14",66.7,0,50,"100.21742","94.217588333",27.8,47.4
"Shewmake, Braden",669699,2026,28,85,91,22,14,5,0,3,16,2,17.6,2.2,".259",".424",".270","0.694",".246",".411",".295",".294",".265",".165","69.6",2.5,10.8,8.2,40,30.2,"7.1",1,11.1,-0.2,70,27,"89.9","13.8",30.1,6.9,37,"98.701058286","93.606660145",23.5,61.6
"Lombard Jr., George",806146,2026,21,37,42,10,7,1,0,2,9,5,21.4,11.9,".270",".459",".357","0.816",".285",".428",".359",".354",".373",".142","71.8",20.3,9.1,6.8,25.5,18.9,"7.4",1,9.5,4.3,48.6,34.7,"84.7","9.8",50,11.1,32.1,"96.569917857","92.60298037",27.7,44.4
"De La Cruz, Bryan",650559,2026,29,30,36,10,7,1,0,2,8,2,22.2,5.6,".333",".567",".389","0.956",".252",".418",".401",".330",".332",".166","71.3",18.5,12.2,9.2,28.6,21.5,"7.5",3,14.2,-3.5,50,37.5,"87","7.1",37.5,8.3,37.5,"98.7956125","93.453719583",30.1,55.7
"Hernández, Enrique",571771,2026,34,28,29,6,3,2,0,1,8,1,27.6,3.4,".214",".393",".241","0.634",".193",".326",".274",".239",".221",".132","69.9",8.6,13.3,10.3,31.1,24.1,"7.4",2,8.3,3.3,55.2,29.9,"87.5","10.9",15,10,35,"98.395426","93.211412",24.6,60.7
"Fry, David",681807,2026,30,143,168,26,16,4,0,6,51,25,30.4,14.9,".182",".336",".304","0.640",".168",".261",".289",".258",".292",".093","70.9",12.5,7.3,5.4,22.8,16.8,"8.1",16,15.4,-6,57.5,31.5,"85.5","18.3",26.1,6.5,32.6,"96.855913478","92.508059341",31.2,42.7
"Thompson, Sterlin",694514,2026,25,69,77,16,10,4,0,2,21,5,27.3,6.5,".232",".377",".312","0.689",".219",".357",".308",".295",".300",".138","75.4",55.5,12.2,9.2,24.4,18.5,"7",0,8.4,1.3,40,35.1,"86.6","8",31.3,6.3,43.8,"100.340930417","94.17716",30.1,50
"Rojas, Josh",668942,2026,32,76,80,17,13,3,0,1,13,3,16.3,3.8,".224",".303",".253","0.556",".179",".256",".247",".207",".210",".077","69",3.8,7.6,6.2,39,31.5,"7.2",3,8.9,-3.5,51.5,31,"85.8","17.6",29.7,1.6,29.7,"96.392903871","92.226165968",21.6,50.5
"Wagaman, Eric",676572,2026,28,42,47,8,6,0,0,2,11,4,23.4,8.5,".190",".333",".277","0.610",".230",".368",".276",".304",".312",".138","72.4",31.1,13.2,9.5,26.4,18.9,"7.1",2,4.2,0.8,39.2,27.7,"82.8","1.4",38.7,6.5,22.6,"95.41089","92.434680645",30.5,41.2
"Semien, Marcus",543760,2026,35,376,413,79,54,10,1,14,92,31,22.3,7.5,".210",".354",".269","0.623",".243",".390",".275",".302",".300",".147","68.5",2.5,9.4,7.4,34.6,27,"7.8",23,15.2,-3.4,58,33.9,"86.4","18.9",36,7,34.6,"97.25753014","92.664899965",24.5,49.9
"Davis, Henry",680779,2026,26,223,254,38,25,5,0,8,55,22,21.7,8.7,".170",".300",".261","0.561",".199",".333",".255",".282",".289",".134","74.3",44.2,14.5,11.2,28,21.6,"7.3",10,11.6,-7.1,62.1,27.9,"89.9","21.1",26.9,8.8,39.2,"100.397555422","94.40192747",25.2,53.7
"Rodden, Brock",801126,2026,26,10,14,3,1,2,0,0,6,3,42.9,21.4,".300",".500",".429","0.929",".066",".177",".393",".253",".292",".111","68.1",0,11.1,4.3,33.3,13,"7.1",0,12.7,-0.9,29.2,30,"92.8","21.9",40,20,60,"98.279136667","94.167482",56,41
"Jackson, Alex",656577,2026,30,66,69,20,15,4,0,1,23,1,33.3,1.4,".303",".409",".333","0.742",".191",".264",".327",".220",".226",".073","72.9",29.3,8.3,5.7,22.6,15.4,"7.3",2,9.2,-2.5,54,29.9,"87.4","8",23.3,2.3,34.9,"99.013712632","93.522780789",30.6,58.1
"Greene, Riley",682985,2026,25,422,492,115,73,25,1,16,133,61,27,12.4,".273",".450",".366","0.816",".258",".478",".355",".362",".356",".221","75.6",58.2,16.4,11.6,28,19.8,"7.3",12,15.6,-0.8,43.2,44.2,"90.5","16.7",39.1,14.6,48.3,"102.50780966","95.726997415",29.8,46.3
"Meadows, Parker",678009,2026,26,36,39,9,7,1,1,0,10,2,25.6,5.1,".250",".333",".308","0.641",".212",".277",".287",".250",".273",".065","70.1",1.5,3.8,3,30.2,24.2,"7.2",0,6.5,-2.6,44.8,30,"85.3","13.3",30.8,3.8,19.2,"94.482146154","91.241073077",20.3,45.4
"Karros, Kyle",691720,2026,23,340,396,90,58,20,2,10,81,47,20.5,11.9,".265",".424",".361","0.785",".256",".405",".346",".339",".357",".149","70.2",6.5,12.4,9.8,32.4,25.6,"7",27,7.2,-6.7,42.9,37.8,"89.7","13.4",40.8,8,41.6,"100.386770615","94.478939385",23.8,44.7
"Sánchez, Gary",596142,2026,33,177,220,39,20,8,1,10,44,39,20,17.7,".220",".446",".368","0.814",".230",".432",".361",".360",".376",".202","71.5",22.9,19.2,14.1,37.5,27.5,"7.3",10,11.4,-4.8,59.7,29.7,"88.5","15.8",29.1,9,37.3,"100.508316418","94.377995896",27.3,35.4
"Peña, Jeremy",665161,2026,28,306,335,88,59,14,1,14,67,21,20,6.3,".288",".477",".343","0.820",".282",".423",".356",".335",".340",".141","72.2",13.6,14,9.9,33.7,23.8,"7.5",10,12.3,-7.9,60.9,31,"88.3","12.3",32.8,5.4,39.8,"99.654303802","93.923679917",29.9,54.4
"Castellanos, Nick",592206,2026,34,115,122,22,13,5,0,4,34,5,27.9,4.1,".191",".339",".221","0.560",".244",".400",".238",".285",".271",".156","69.7",10.1,12.4,8.4,32.9,22.3,"7.7",3,15.5,-7.4,45.7,40.8,"87.7","13",42.2,8.4,37.3,"98.254014286","93.44007",33.5,57
"Contreras, William",661388,2026,28,443,498,114,84,17,1,12,69,46,13.9,9.2,".257",".381",".329","0.710",".262",".437",".313",".334",".334",".175","73.3",35.2,19.1,15.6,38.5,31.5,"7.2",13,8.2,0.9,58,27.1,"90","12.1",31.7,7.9,43.5,"101.092687158","94.866643958",20.4,47
"León, Sandy",506702,2026,37,44,44,4,4,0,0,0,18,0,40.9,0,".091",".091",".091","0.182",".135",".170",".081",".132",".135",".035","67",2.3,1.6,1.1,27.4,19.3,"7",3,14.9,-5,51.7,36.1,"81.9","17.1",23.1,0,19.2,"93.574700769","90.968209615",29.7,56.7
"Ohtani, Shohei",660271,2026,31,448,530,132,76,24,3,29,122,70,23,13.2,".295",".556",".392","0.948",".297",".581",".397",".410",".397",".284","74.6",49.2,21.5,15.1,38.6,27.1,"7.9",10,13.3,0.6,51.1,37.7,"93.5","12.9",39.6,16.7,52.6,"103.798470976","96.807851037",30.7,46.5
"Higashioka, Kyle",543309,2026,36,165,186,36,25,4,0,7,47,19,25.3,10.2,".218",".370",".306","0.676",".219",".351",".303",".295",".307",".133","71",11.3,11.6,8.9,32.6,24.9,"7.3",9,12.7,-9.3,48.8,33,"88.2","17.3",35.6,8.5,38.1,"99.114666552","93.791557241",26.3,44.2
"Fermín, José",665877,2026,27,231,263,55,39,11,0,5,33,25,12.5,9.5,".238",".351",".313","0.664",".254",".347",".297",".303",".328",".093","68.1",2.1,9.1,8,39.6,35.1,"7.4",7,7.7,-6.2,63.5,30.7,"86.7","16.3",33.2,2,32.2,"96.7785203","92.5165389",13.6,38.9
"Perkins, Blake",663368,2026,29,89,101,14,7,6,0,1,22,10,21.8,9.9,".157",".258",".250","0.508",".196",".295",".235",".264",".285",".099","70.4",8.7,10.2,8,31.4,24.7,"7.4",1,9.4,0.6,64.7,29.8,"86.4","13.4",23.5,4.4,33.8,"97.263370606","92.781445846",20.9,43.4
"Johnston, Troy",687859,2026,29,330,373,93,64,25,1,3,63,32,16.9,8.6,".282",".391",".349","0.740",".281",".384",".328",".326",".350",".103","70.1",5.5,13.2,10.2,38.2,29.6,"6.8",5,10.2,-1.3,44.4,34.4,"89.6","13.2",41,2.2,37,"98.410696194","93.371830449",23.2,51.7
"Mancini, Trey",641820,2026,34,13,14,4,3,0,1,0,3,0,21.4,0,".308",".462",".286","0.748",".241",".322",".304",".282",".253",".081","74.5",37.9,16,13.8,24,20.7,"7.6",0,11.7,-0.6,58.6,32.8,"90.5","4.8",9.1,18.2,45.5,"99.866335","94.472546364",18.8,65.3
"Velázquez, Nelson",676369,2026,27,78,88,16,8,4,0,4,26,7,29.5,8,".205",".410",".273","0.683",".256",".495",".295",".355",".326",".238","74.9",55.8,24.5,15.6,39.8,25.3,"7.4",1,15.2,-2.1,57.7,34.6,"94.6","17.6",40.7,13,63,"102.921911481","97.131947407",37.6,49.6
"Torres, Bryan",663494,2026,28,109,121,25,18,1,2,4,25,10,20.7,8.3,".229",".385",".292","0.677",".234",".363",".297",".291",".298",".129","66",1,3.2,2.6,37.4,30.1,"6.5",4,8.9,1.3,50.3,32.4,"87","9.7",37.2,4.8,29.1,"96.130136585","92.225480976",21.1,45.7
"Bregman, Alex",608324,2026,32,486,562,124,83,24,1,16,88,63,15.7,11.2,".255",".407",".347","0.754",".244",".366",".334",".315",".339",".121","69.8",3.3,10.4,9,37.7,32.8,"7",15,14.2,-5.5,66.2,28.2,"88.3","17.1",31.8,4.5,37.7,"97.890139652","93.080690398",15.5,41
"Stubbs, Garrett",596117,2026,33,41,46,5,5,0,0,0,10,2,21.7,4.3,".122",".122",".196","0.318",".197",".242",".159",".232",".263",".045","67.2",0,3.2,2.6,31.7,26.3,"7.1",3,10.3,-5,45.5,27.3,"86.2","12.2",25,0,31.3,"96.500295333","92.250147667",20.9,53.8
"Steer, Spencer",668715,2026,28,340,384,81,51,14,0,16,86,35,22.4,9.1,".238",".421",".319","0.740",".246",".452",".325",".341",".330",".206","71.2",8.3,15.3,11.6,34.4,26.2,"7.4",9,13.4,-0.4,59,28.9,"89.7","16.9",35.5,12.4,39.1,"99.548552583","94.118224167",25.3,45.3
"Jones, Jahmai",663330,2026,28,118,130,24,14,6,0,4,42,12,32.3,9.2,".203",".356",".277","0.633",".237",".402",".281",".311",".308",".165","73.2",33.2,18.3,12.1,31.7,21,"7.7",3,14.1,-9.7,54.3,30.5,"90.9","14.9",34.2,9.2,44.7,"101.989355263","95.373791867",35,49.8
"Bleday, JJ",668709,2026,28,341,403,76,42,13,1,20,85,57,21.1,14.1,".223",".443",".336","0.779",".243",".439",".341",".351",".356",".196","73.9",35.9,14.4,10.8,29.4,22.1,"7.3",19,13.7,-9.2,54.3,32.6,"88.7","22.7",39.1,9.8,40.9,"100.081582344","94.206254039",26.1,46.3
"Fulford, Braxton",690924,2026,27,62,71,11,6,4,0,1,29,6,40.8,8.5,".177",".290",".254","0.544",".138",".232",".244",".207",".219",".094","71.6",21.4,7.5,4.9,20.9,13.6,"6.6",2,10.8,-5.7,53.8,30.2,"87.1","26.8",22.9,8.6,31.4,"97.62265","92.811325",34.9,44.9
"Bailey, Patrick",672275,2026,27,236,260,44,31,6,1,6,65,19,25,7.3,".186",".297",".244","0.541",".230",".379",".241",".290",".285",".149","72.9",33,12.7,9.5,31.1,23.1,"7.3",10,7.3,-2.3,39.5,33.2,"90.3","13.4",31.8,6.9,39.8,"99.560783721","94.137972398",26.6,50.3
"O'Hoppe, Logan",681351,2026,26,235,257,49,37,8,0,4,64,17,24.9,6.6,".209",".294",".270","0.564",".197",".328",".255",".264",".262",".131","72.1",25.5,14.6,10.7,30.5,22.4,"7.4",14,13,-8.1,60.7,30.9,"86.9","17.6",29.5,9.8,35.3,"98.729469302","93.384755",28.8,51.6
"Rice, Ben",700250,2026,27,443,509,111,55,20,3,33,128,61,25.1,12,".251",".533",".344","0.877",".263",".508",".373",".371",".356",".245","72.7",25.2,19.3,14.9,35.2,27.3,"7.7",10,13.2,-5,55,34.1,"92.2","14.3",38.8,15.1,48.9,"102.004076792","95.566513344",25.6,43.8
"Hicks, Liam",689414,2026,27,387,452,109,80,12,1,16,43,48,9.5,10.6,".282",".442",".370","0.812",".252",".351",".356",".316",".348",".099","68.3",4.4,11.2,10.2,38.2,34.8,"6.9",8,7.4,-6.3,50.8,32,"84.8","14.5",27.4,4,28.2,"96.333571676","92.170123295",10.4,41
"Jones, Spencer",682987,2026,25,138,155,29,16,7,1,5,56,16,36.1,10.3,".210",".384",".297","0.681",".220",".426",".299",".317",".305",".207","77.6",78.2,14.6,9,24.5,15.1,"7.9",3,13,0.9,43.3,43.4,"94.3","19.7",39,14.6,58,"103.622960244","96.872259878",38.7,53.3
"Madrigal, Nick",663611,2026,29,44,52,12,11,1,0,0,3,7,5.8,13.5,".273",".295",".385","0.680",".232",".286",".320",".298",".350",".054","65.6",1.2,3.8,3.6,38.5,35.7,"6.4",1,3.8,3.9,43,30,"88.7","9.8",29.3,0,24.4,"95.824097143","92.126663171",8.7,50
"Senger, Hayden",663584,2026,29,15,17,2,1,0,0,1,4,0,23.5,0,".133",".333",".133","0.466",".150",".281",".196",".181",".150",".132","71.6",18.5,17.6,11.1,23.5,14.8,"7.6",0,10.8,5.3,66.7,27.7,"82.3","-3.1",15.4,0,23.1,"94.701694","92.827231111",32.4,63
"Susac, Daniel",691740,2026,25,144,161,35,23,8,1,3,36,8,22.4,5,".243",".375",".289","0.664",".249",".369",".290",".296",".300",".120","68.7",3.9,9.3,7.1,28,21.4,"7.5",2,13.1,-3.3,49.1,38.7,"86.3","16.9",42.1,5.3,32.5,"97.0900975","92.54504875",23.8,55.6
"Campusano, Luis",669134,2026,27,131,153,40,24,11,0,5,32,20,20.9,13.1,".305",".504",".405","0.909",".258",".421",".398",".350",".365",".163","72.5",25.3,13,10.3,30.4,24,"7.8",11,10.4,-7.5,66.1,25.3,"88.8","13.6",41.4,10.1,44.4,"100.081595714","94.287605408",24.4,44.6
"Williams, Carson",700246,2026,23,37,40,4,2,1,0,1,13,2,32.5,5,".108",".216",".154","0.370",".166",".280",".166",".217",".209",".113","74.2",35.2,5.9,4.2,17.6,12.7,"7.6",2,13.9,-1.4,54.9,33.5,"84.5","28.1",24,4,24,"96.623833333","92.3721375",32.9,57.7
"Matthews, Brice",694728,2026,24,208,226,41,28,5,1,7,71,15,31.4,6.6,".197",".332",".250","0.582",".192",".341",".257",".260",".249",".149","72.9",28.8,14.3,9,29.4,18.5,"7.3",8,13.7,1.3,52.3,31.9,"86.8","12",30,8.6,37.1,"99.625970455","93.967930382",35.3,46.3
"Santana, Carlos",467793,2026,40,24,26,2,1,1,0,0,8,2,30.8,7.7,".083",".125",".154","0.279",".142",".192",".136",".187",".208",".051","71.6",16.7,8.6,6.3,28.6,20.8,"7.8",1,15.4,-7.3,58.3,29,"87.8","29.5",25,0,43.8,"98.43934875","93.358594375",29.6,50.9
"Happ, Ian",664023,2026,31,442,516,95,51,22,2,20,158,66,30.6,12.8,".215",".410",".324","0.734",".201",".390",".323",".311",".313",".189","72",19.4,14.2,9.9,29.2,20.3,"6.9",7,11.3,-5.3,46.3,33.8,"89.3","14.6",31.5,11.2,42.1,"100.580096713","94.593268211",31.3,43.6
"Barger, Addison",680718,2026,26,22,28,1,0,1,0,0,7,5,25,17.9,".045",".091",".214","0.305",".131",".185",".170",".255",".294",".054","74.3",50,13.5,10.9,24.3,19.6,"7.2",1,5.3,0.9,53.2,27.2,"89","16.7",25,0,50,"101.06417375","94.880101875",23.1,43.7
"Cox, Jonah",813841,2026,24,31,34,8,4,1,2,1,16,0,47.1,0,".258",".516",".258","0.774",".246",".438",".324",".290",".246",".192","69.7",8.5,15.6,8.5,34.4,18.6,"6.4",1,7.4,13.2,46.7,37.3,"92.6","19.7",38.9,11.1,44.4,"101.638002857","95.918371429",46.6,60.3
"Stevens, Chad",677060,2026,27,28,34,1,1,0,0,0,13,5,38.2,14.7,".036",".036",".176","0.212",".117",".186",".129",".209",".244",".069","72.1",36.2,7.5,5.2,17.5,12.1,"7.1",1,6,1,37.1,34.5,"81.4","13.2",43.8,6.3,25,"94.8961975","91.469755",31.1,49
"Tatis Jr., Fernando",665487,2026,27,481,546,134,94,25,2,13,102,53,18.7,9.7,".279",".420",".352","0.772",".288",".462",".337",".365",".367",".174","76.3",64.6,23.7,17.8,36.7,27.7,"7.3",26,7.2,2.3,56.2,29.2,"92.5","5.2",30.3,11.7,52.6,"104.461075938","96.950201906",27.2,46.1
"Marte, Starling",516782,2026,37,153,168,37,30,5,0,2,41,9,24.4,5.4,".242",".314",".298","0.612",".230",".364",".275",".287",".288",".135","72.6",30.2,16.1,11.8,29.9,22,"7.2",9,8.1,0.6,40.3,35.7,"87.4","6.4",27.2,9.6,35.1,"100.244828571","94.290100631",27.9,53.2
"Perdomo, Geraldo",672695,2026,26,436,524,107,76,16,6,9,66,73,12.6,13.9,".245",".372",".355","0.727",".250",".342",".327",".324",".363",".092","67",1.1,7.1,6.3,39.1,34.7,"7",17,8.8,-1.2,53.3,37.8,"87.3","14.5",33.6,3.2,29.7,"96.32700962","92.224909591",12.4,38.9
"Arenado, Nolan",571448,2026,35,406,458,98,57,20,1,20,93,42,20.3,9.2,".241",".443",".321","0.764",".232",".361",".332",".299",".313",".129","71.3",15,8.7,6.9,28.7,22.7,"8.4",26,12.8,-11.5,57.9,32.9,"85.2","19",33.5,7,32.7,"97.037721962","92.520512785",23.5,45.3
"Olson, Matt",621566,2026,32,484,545,128,61,31,0,36,137,55,25.1,10.1,".264",".552",".341","0.893",".250",".525",".379",".364",".330",".276","74.8",50.7,18.8,14.6,29.8,23.2,"7.6",20,10.2,-2.4,49.9,33.8,"92.5","18.5",32.9,15.8,50,"103.855185086","96.550127937",24.6,45.6
"Groover, LuJames",694410,2026,24,48,54,8,5,2,0,1,11,5,20.4,9.3,".167",".271",".259","0.530",".215",".328",".245",".286",".304",".113","71.1",10.4,15.2,13,42.4,36.4,"6.9",2,8.8,-5.6,51.3,33.3,"90","16.7",24.3,11.1,45.9,"99.52748","94.341552778",16.1,41.8
"Báez, Joshua",695491,2026,23,18,19,3,0,0,0,3,6,0,31.6,0,".167",".667",".211","0.878",".275",".741",".362",".437",".313",".465","79",87.1,30.4,22.6,39.1,29,"7.6",2,8,-3.1,54.8,27,"99.2","18.2",41.7,33.3,75,"106.338501667","99.3698525",32.4,54.8
"Clement, Ernie",676391,2026,30,469,493,132,94,28,1,9,47,17,9.5,3.4,".281",".403",".306","0.709",".249",".331",".309",".267",".277",".082","67.4",3,5.7,4.9,39.2,33.9,"7.1",27,12,-5.5,62.5,29.9,"84.5","16.9",33,2.3,20.6,"94.165674717","91.109816619",16.2,57.8
"Frelick, Sal",686217,2026,26,276,313,65,47,14,0,4,31,25,9.9,8,".236",".330",".301","0.631",".243",".322",".281",".281",".308",".079","68.3",3.1,10.3,9.5,38.8,36,"7.1",7,5.1,1.4,47.3,27.1,"85.9","9.3",28.1,2,27.8,"96.579227623","92.311859672",10.7,42.8
"Keith, Colt",690993,2026,24,327,356,88,60,15,4,9,66,24,18.5,6.7,".269",".422",".323","0.745",".275",".430",".326",".332",".330",".155","71.8",18.1,17.5,14.3,39.3,31.9,"6.9",11,10.5,-2.3,48.8,31.8,"88.8","13.3",38.8,6.9,41.8,"99.800810229","94.161416908",20.6,44.3
"Rogers, Jake",668670,2026,31,110,133,19,11,4,1,3,38,18,28.6,13.5,".173",".309",".288","0.597",".178",".300",".272",".271",".293",".122","70.6",4.7,10,7.3,34.3,25.1,"7.6",8,16.5,-4.3,62.2,30.3,"87.8","22.1",32.9,7.9,36.8,"97.947792162","93.135062973",28.8,41.4
"Clarke, Denzel",672016,2026,26,53,60,9,8,1,0,0,24,4,40,6.7,".170",".189",".228","0.417",".163",".190",".196",".193",".223",".027","77.1",73,16.7,10.1,33.3,20.2,"7.6",1,4.7,-1.5,46.2,30.4,"91.9","2.6",15.6,3.2,46.9,"103.213863571","96.632126429",35.8,45
"Gilbert, Drew",687551,2026,25,260,298,63,44,10,3,6,48,28,16.1,9.4,".242",".373",".328","0.701",".261",".377",".311",".321",".346",".116","70",7.2,11.8,9.6,36.2,29.6,"7.5",12,3.9,-3.1,41.8,27.8,"86.2","15.5",36.1,4.2,33.8,"97.501999429","92.76327519",22,41.7
"Teel, Kyle",691019,2026,24,63,70,12,8,2,0,2,27,6,38.6,8.6,".190",".317",".271","0.588",".233",".371",".266",".302",".310",".138","72.4",30.8,11.8,7.7,24.7,16.2,"6.9",4,11.7,2.2,40.8,39.1,"84.4","12.3",47.2,11.1,50,"100.578508333","94.491471389",36.4,48.5
"Andujar, Miguel",609280,2026,31,239,254,62,35,20,2,5,38,11,15,4.3,".259",".423",".303","0.726",".264",".376",".313",".298",".307",".112","71.2",19.2,11.8,9.7,31.7,26.1,"7.6",9,7.3,-4.1,58.2,26,"88.3","6.5",26.4,4.5,36.3,"99.775366436","94.026464328",18.5,54.2
"Dunn, Oliver",686554,2026,28,11,12,1,1,0,0,0,3,1,25,8.3,".091",".091",".167","0.258",".174",".192",".132",".207",".243",".018","74.1",37.5,10,6.3,20,12.5,"7.3",0,11.8,3.1,82.4,27.2,"82.6","-6.1",0,0,25,"94.2383425","92.617014286",30,47.6
"Malgeri, Ben",701162,2026,26,57,69,15,10,2,0,3,15,10,21.7,14.5,".263",".456",".377","0.833",".238",".360",".366",".328",".360",".122","69.1",4.6,18.8,13.9,36.3,26.9,"6.5",6,8.9,2.1,33.9,35.2,"89.6","15",41.9,7,41.9,"99.940695","94.196701628",28.9,46.4
"Kirk, Alejandro",672386,2026,27,166,191,45,35,5,0,5,23,22,12,11.5,".271",".392",".351","0.743",".256",".354",".322",".303",".339",".098","71.7",17.5,15.2,12.8,38.5,32.5,"7.2",7,6.3,4.5,54.7,22.3,"87.4","9.1",28.1,2.7,36.3,"98.943060274","93.539351918",17.9,43.4
"Kemp, Otto",805249,2026,26,25,27,2,2,0,0,0,10,1,37,3.7,".080",".080",".148","0.228",".162",".221",".119",".205",".224",".059","71.4",15.7,3.1,2,25,15.7,"7.4",1,10,-6.3,40.4,35,"81.5","27",33.3,0,13.3,"89.912855","89.894159333",37.9,48.3
"Lile, Daylen",695734,2026,23,473,512,116,73,23,5,15,96,29,18.8,5.7,".245",".410",".295","0.705",".253",".418",".306",".314",".304",".165","71.1",10.5,12.5,9.7,33.2,25.8,"7.5",12,12.2,-1.4,54.3,39,"88.5","18.7",37,8.4,37.4,"98.654125737","93.465283773",23.6,55.9
"Arroyo, Edwin",695490,2026,22,131,142,32,28,3,1,0,31,5,21.8,3.5,".244",".282",".286","0.568",".289",".367",".257",".307",".329",".077","69.1",5.1,6.3,4.7,33.9,25.3,"7.3",3,14,-4.5,45.5,35.8,"87.6","17.7",42.7,2,26.2,"95.895507708","91.965213542",25.4,58.8
"Stowers, Kyle",669065,2026,28,351,399,85,44,21,4,16,125,38,31.3,9.5,".242",".462",".327","0.789",".235",".436",".341",".331",".322",".201","75.4",56.2,20.8,14.2,30.7,20.9,"6.8",22,15,-2.3,55.4,33.2,"92.1","18.7",35.4,11.4,55,"103.340447018","96.569519298",35.4,52.6
"Peters, Tristan",671976,2026,26,328,366,89,55,24,3,7,67,27,18.3,7.4,".271",".427",".334","0.761",".248",".369",".334",".303",".314",".122","69.7",7.7,10.8,8.4,33.8,26.2,"6.9",11,13.5,-4.1,56.4,29.6,"87.3","16.9",34.1,4.9,30.8,"97.695395285","92.950291224",23.2,54.6
"Flores Jr., Rafael",804668,2026,25,43,51,12,7,1,0,4,14,8,27.5,15.7,".279",".581",".392","0.973",".243",".485",".417",".368",".362",".242","74.1",41.1,20,13.7,40,27.4,"7.6",2,15.1,-3.9,61.6,35.9,"90.7","12.8",31,17.2,48.3,"100.655992667","95.377026552",33.3,37.3
"Rodríguez, Julio",677594,2026,25,446,494,115,78,18,0,19,103,40,20.9,8.1,".258",".426",".324","0.750",".276",".471",".327",".352",".342",".195","76.7",68.8,17.3,13,27,20.2,"7.8",10,8.3,-5.7,51,31.1,"90","13.9",33.5,9,43.4,"102.260076185","95.461759333",26.8,52.6
"Duran, Ezequiel",677649,2026,27,403,443,106,67,23,3,13,106,31,23.9,7,".263",".432",".317","0.749",".245",".375",".325",".299",".302",".130","72.6",27.6,11.8,8.9,27.4,20.6,"7.2",19,6.8,2.3,44.4,28.6,"88.5","11.7",35.6,6.3,36,"99.057206486","93.661562068",26.7,51.6
"Domínguez, Jasson",691176,2026,23,200,212,46,28,12,0,6,46,9,21.7,4.2,".230",".380",".270","0.650",".251",".364",".285",".288",".290",".113","74.4",40.4,14.8,11.2,29.2,22.2,"7.8",4,7.4,-7.1,52.8,29.3,"88","15.2",29.9,5.2,39,"100.406476753","94.351683117",24.3,50.8
"Veen, Zac",691728,2026,24,14,15,4,1,1,0,2,5,1,33.3,6.7,".286",".786",".333","1.119",".261",".673",".463",".410",".310",".412","72.7",26.1,21.4,13,21.4,13,"7.2",0,13.7,-1.3,28,33.1,"89.7","21.7",44.4,22.2,44.4,"106.974335","97.4871675",36.7,61.2
"Wood, James",695578,2026,23,437,535,116,59,26,1,30,153,90,28.6,16.8,".265",".535",".393","0.928",".275",".585",".395",".419",".404",".309","77",69.5,24.5,17.7,34.3,24.8,"7.4",39,11.7,0.6,43.5,39.1,"95.1","10",39.2,20.8,57.6,"106.060987778","98.308137003",30.7,37.8
"De La Cruz, Elly",682829,2026,24,417,474,109,65,19,5,20,129,52,27.2,11,".261",".475",".344","0.819",".268",".469",".355",".358",".352",".201","75.8",57.6,21.9,15.9,33.8,24.6,"7.2",11,8.4,1.3,49.9,34.3,"93.8","9.7",35.1,13.7,51.5,"104.811515352","97.29503338",28.3,41.6
"Donovan, Brendan",680977,2026,29,122,141,31,22,5,1,3,20,12,14.2,8.5,".254",".385",".348","0.733",".241",".336",".329",".306",".338",".095","68.3",0.5,7.5,6.3,32.9,27.4,"6.8",2,8.2,0.3,58.4,29.3,"85.3","11.8",34,3,27.2,"95.565855294","91.829785842",17.3,44.6
"Candelario, Jeimer",600869,2026,32,18,20,2,0,2,0,0,8,1,40,5,".111",".222",".200","0.422",".167",".213",".197",".218",".250",".046","71",15,9.5,5,33.3,17.5,"8",0,14.4,-5.7,51.2,33.9,"91.8","18.2",30,0,40,"98.451112","93.916024",50,55.4
"Maile, Luke",571912,2026,35,21,22,5,3,1,0,1,8,1,36.4,4.5,".238",".429",".273","0.702",".174",".248",".303",".205",".212",".074","69.9",2.8,7.7,5.6,23.1,16.7,"6.7",0,13,-3.5,47.2,32.3,"82.3","16.5",38.5,7.7,23.1,"94.164037143","91.759877692",30,48.8
"Hill, Derek",656537,2026,30,165,181,39,27,3,0,9,63,12,34.8,6.6,".236",".418",".292","0.710",".225",".378",".311",".290",".282",".153","71.7",18.1,13,8.4,30.7,19.8,"7.1",6,15.4,5.3,47,37.2,"89.2","15",38.1,10.6,35.2,"99.225990833","93.851303053",34.8,50.7
"Smith, Will",669257,2026,31,173,201,43,32,5,0,6,34,23,16.9,11.4,".249",".382",".338","0.720",".275",".494",".321",".385",".372",".219","70",7.5,14.3,12.3,34.9,29.9,"7.3",9,12.2,2.6,64.8,33.8,"90","19.9",43,13.4,39.4,"99.93862","94.176617183",16.4,41.3
"Langford, Wyatt",694671,2026,24,284,311,72,42,14,2,14,70,24,22.5,7.7,".254",".465",".318","0.783",".235",".397",".340",".307",".301",".163","72.5",24.6,15,11.5,34.3,26.1,"6.9",9,12.8,-5.6,53.9,31.1,"89.4","18.2",31.8,7.9,38.3,"100.231603551","94.351460654",24.4,48.6
"Bowen, Jase",687749,2026,25,76,80,12,8,2,0,2,30,2,37.5,2.5,".158",".263",".200","0.463",".210",".354",".207",".264",".250",".144","73.5",29.5,7.6,4.5,27.3,16.1,"7.9",2,20.8,-4.1,40.2,37,"87.7","15.8",30.4,11.1,37,"99.834363333","94.066218537",37,51.5
"Hayes, Ke'Bryan",663647,2026,29,178,190,26,18,2,1,5,38,10,20,5.3,".146",".253",".200","0.453",".244",".398",".204",".301",".293",".154","70.7",6.5,18.9,14.6,44.8,34.6,"6.8",3,5.8,-1.7,55.3,26.6,"90.3","15",37.9,8.8,38.6,"99.608013824","93.969163407",23.8,44
"DeLauter, Chase",800050,2026,24,403,453,115,79,22,1,13,64,47,14.1,10.4,".285",".442",".358","0.800",".277",".430",".351",".346",".353",".153","71.3",17.3,18.2,15.9,40.3,35.2,"7.1",20,4.4,1.1,45.4,29,"91.2","12.2",35.1,6.5,45.5,"101.380771813","95.063369296",15.3,42.1
"Ward, Taylor",621493,2026,32,442,538,106,78,20,1,7,109,87,20.3,16.2,".240",".337",".370","0.707",".248",".375",".325",".340",".377",".127","68.5",3,13,10.7,42,34.6,"6.9",16,6.3,-0.1,46.9,31.1,"88.9","14.4",35.4,5.7,38.4,"98.801236467","93.584848473",19.6,34.7
"Rafaela, Ceddanne",678882,2026,25,472,503,136,85,32,3,16,102,19,20.3,3.8,".288",".470",".325","0.795",".249",".368",".344",".287",".288",".119","69.6",7.3,9.2,7,33.1,25.3,"7.3",22,8.7,-0.5,51.1,32.4,"86.4","12.4",36.6,5.9,32.6,"97.091955081","92.560825068",24.8,57.1
"Cole, Zach",805904,2026,25,51,53,8,4,1,0,3,21,1,39.6,1.9,".157",".353",".189","0.542",".209",".438",".234",".289",".239",".229","76.4",66.7,22.4,13.1,34.7,20.2,"7.4",1,11.9,-3.4,50.6,33,"92.5","15.3",23.3,16.7,50,"102.600134","95.962160333",43.3,44.3
"Short, Zack",670097,2026,31,50,62,7,5,2,0,0,19,8,30.6,12.9,".140",".180",".262","0.442",".159",".269",".218",".256",".280",".109","70.3",3.7,5.5,3.7,31.5,21.5,"7.1",0,14,-3.7,62,34.2,"88.7","27.9",29.4,5.9,20.6,"95.80155125","92.043422903",31.1,44.9
"Butler, Lawrence",671732,2026,25,335,381,70,45,13,1,11,96,43,25.2,11.3,".209",".352",".300","0.652",".237",".382",".292",".314",".326",".145","73.8",38.8,14.8,11,26.9,19.9,"7",13,5.7,3.8,40.7,31.2,"89.5","7.4",31.5,7.9,45.4,"101.586707227","95.061232194",27.3,46.7
"Callihan, Tyler",682997,2026,26,95,107,20,11,4,2,3,38,9,35.5,8.4,".211",".389",".283","0.672",".185",".296",".294",".252",".261",".111","70.2",10.8,7.6,4.9,20.6,13.3,"7.5",1,12.5,-6.7,39.6,34.2,"84.5","26.1",40.7,6.8,27.1,"96.384928276","92.268426667",34.3,55
"Price, Collin",805672,2026,26,12,13,2,1,1,0,0,6,1,46.2,7.7,".167",".250",".231","0.481",".259",".361",".219",".302",".316",".103","73.7",36,11.1,4,55.6,20,"7.9",0,15.9,-15.9,24,33.1,"93","17.6",33.3,0,50,"99.28063","95.252535",61.5,49.1
"Bart, Joey",663698,2026,29,112,128,24,16,4,0,4,35,7,27.3,5.5,".214",".357",".305","0.662",".203",".362",".298",".294",".295",".159","75.3",52.2,14.3,10.2,21.8,15.6,"7.4",4,10.2,-6.3,43.1,34.9,"85.8","15.5",32.1,7.7,34.6,"98.428942564","93.238111923",29.2,47.6
"Soto, Juan",665742,2026,27,293,359,83,52,8,2,21,48,63,13.4,17.5,".283",".539",".408","0.947",".297",".589",".402",".422",".420",".291","72.2",26.9,22.1,18.2,42.4,35,"7.1",26,12.5,0.9,64.4,28.3,"92.5","16.3",31.6,14.3,48.6,"102.442118033","96.095154074",20.6,39.1
"Keys, Sean",815873,2026,23,36,37,6,4,1,0,1,13,1,35.1,2.7,".167",".278",".189","0.467",".176",".286",".204",".211",".198",".111","74.9",50,11.5,7.9,28.8,19.7,"7.5",1,15.2,-12.3,55.3,29.6,"91.7","23.5",34.8,4.3,60.9,"100.9238425","95.831258261",33.7,49.1
"Hicklen, Brewer",676551,2026,30,19,23,7,3,4,0,0,8,4,34.8,17.4,".368",".579",".478","1.057",".256",".405",".457",".354",".386",".149","73",32.5,22.7,12.5,36.4,20,"7.8",0,14.4,-10.2,58.5,29.5,"94.9","6.4",45.5,9.1,54.5,"102.514096667","96.508729091",44.4,48.9
"Encarnacion, Jerar",666464,2026,28,34,35,6,5,1,0,0,8,1,22.9,2.9,".176",".206",".200","0.406",".190",".266",".183",".210",".213",".076","74.7",54.7,11.5,9.3,21.3,17.3,"7.6",1,4.6,5.4,52,37.8,"87.5","5.4",38.5,7.7,34.6,"99.26983","93.634915",19.3,52.2
"Black, Tyler",672012,2026,25,27,28,9,5,4,0,0,7,1,25,3.6,".333",".481",".357","0.838",".170",".229",".364",".191",".199",".060","71.6",13,2.8,2.2,27.8,21.7,"7.1",1,5.1,12,44.7,34.7,"83.6","12.6",25,0,15,"94.187515","91.1716985",23.1,53.6
"Holliday, Jackson",702616,2026,22,213,250,52,36,9,1,6,60,33,24,13.2,".244",".380",".341","0.721",".243",".372",".319",".319",".342",".129","70.6",5.7,12.4,8.9,34.5,24.8,"7",8,9.1,1,55.2,32.7,"87.4","11.3",37.6,7.6,35,"97.591786795","92.826834645",29.4,43.6
"Harris II, Michael",671739,2026,25,452,475,130,84,25,1,20,94,18,19.8,3.8,".288",".480",".316","0.796",".289",".479",".343",".344",".318",".190","75",50.7,21.2,16.2,31.2,23.9,"8.2",15,7.1,-1.5,46,31.3,"90.7","10.2",29.4,10.8,49,"103.470842849","96.133737983",25.4,56
"Lowe, Brandon",664040,2026,31,467,521,119,67,25,1,26,151,45,29,8.6,".255",".480",".319","0.799",".241",".438",".343",".326",".310",".197","73.6",39.7,16,11,32.7,22.5,"7.1",39,16,-3.5,48,33.5,"91.2","16.2",35.9,12.4,46.1,"101.302828086","95.202628514",35,50.2
"Gonzales, Nick",693304,2026,27,448,490,138,109,22,1,6,82,32,16.7,6.5,".308",".402",".365","0.767",".282",".386",".342",".323",".341",".104","70.8",12.5,10.5,8.2,30.8,24.2,"7.4",12,9.2,1.9,47.7,36.1,"86.3","6.8",34.1,2.7,34.9,"97.735482033","92.911506923",23.1,53.3
"Lawlar, Jordan",691783,2026,23,42,48,12,9,2,0,1,13,3,27.1,6.3,".286",".405",".375","0.780",".257",".362",".351",".324",".350",".105","69.5",2.6,10.3,7.8,34.5,26,"7.3",2,15.4,-4.8,58.4,35.3,"86.8","16.5",31,3.4,27.6,"97.669066429","93.035973929",25,45.6
"Bader, Harrison",664056,2026,32,106,111,18,8,5,0,5,34,4,30.6,3.6,".170",".358",".198","0.556",".215",".367",".238",".272",".248",".152","72.9",37.9,12,8.4,32.4,22.7,"7.2",6,12.4,-6.4,50,24.7,"89.2","12.3",32.9,8.2,41.1,"99.221853514","93.717596301",32,53.4
"Jiménez, Leo",677870,2026,25,149,171,31,25,4,0,2,34,14,19.9,8.2,".208",".275",".304","0.579",".241",".344",".270",".312",".336",".103","72",17,16.1,12.5,36.1,27.9,"7.3",7,6.3,-0.6,45.4,29.8,"90.8","5.7",30.2,4.3,44,"100.19936569","94.527908696",24.6,43.6
"Piñango, Yohendrick",682818,2026,24,169,180,44,31,8,0,5,44,11,24.4,6.1,".260",".396",".306","0.702",".262",".398",".309",".309",".308",".136","75.6",57.4,17.4,13.2,27.4,20.8,"7.1",5,0.9,-1.8,29.7,29.7,"90.9","9.6",35.2,8,45.6,"101.811230635","95.30729608",25.6,50.9
"Canzone, Dominic",686527,2026,28,331,372,86,47,19,1,19,78,35,21,9.4,".260",".495",".336","0.831",".273",".493",".357",".361",".348",".221","74.7",46.6,21.5,15.7,36.9,26.9,"7.4",10,13.4,-2.4,55.4,32,"91.6","10.8",34.1,12.9,46.3,"102.552568984","95.851550431",27.9,47.5
"Meneses, Joey",608841,2026,34,20,25,3,3,0,0,0,4,3,16,12,".150",".150",".280","0.430",".269",".314",".220",".326",".380",".045","70.2",27.6,17.4,13.8,47.8,37.9,"7.1",2,9.9,-4.5,41.9,31.4,"92.7","12.7",23.5,0,58.8,"101.344301111","96.104733529",23.5,44.7
"Murray, Tanner",695020,2026,26,28,33,6,5,0,0,1,7,2,21.2,6.1,".214",".321",".281","0.602",".191",".390",".255",".275",".265",".200","73.8",38.1,20,14.3,43.3,31,"7.6",1,11.9,-6.6,64.3,25.7,"90.7","25.6",26.1,8.7,43.5,"100.076803636","94.571662381",32,48.5
"Reyes, Felix",694025,2026,25,38,38,6,4,1,0,1,9,0,23.7,0,".158",".263",".158","0.421",".229",".314",".181",".233",".229",".085","75.5",54.8,12.5,9.7,29.2,22.6,"7.5",2,7.1,-5,45.2,28.2,"89.2","6.4",37.9,6.9,27.6,"98.874941333","93.637018966",27.5,58.5
"Koss, Christian",683766,2026,28,81,84,16,13,3,0,0,20,2,23.8,2.4,".198",".235",".226","0.461",".221",".291",".208",".239",".249",".071","69.5",4.5,10.9,8.2,28.7,21.6,"7",5,9.2,5.2,61.3,26.8,"85","13",26.2,5,29.5,"97.024882333","92.512441167",26.9,58
"Tellez, Rowdy",642133,2026,31,10,11,2,1,0,0,1,3,1,27.3,9.1,".200",".500",".273","0.773",".339",".828",".330",".506",".399",".489","76.4",52.4,21.4,14.3,21.4,14.3,"8.1",0,11.9,-12.6,66.7,31.4,"91.8","26.9",57.1,28.6,42.9,"100.8358675","95.334781429",30.4,44.2
"Sosa, Lenyn",672820,2026,26,113,117,22,14,7,0,1,25,1,21.4,0.9,".195",".283",".207","0.490",".222",".345",".213",".249",".234",".123","72.4",22.6,13.5,10.6,30,23.5,"7.6",1,12.3,-3.4,48.9,34.8,"88.7","20",34.4,5.6,36.7,"98.841732","93.512313708",21.5,56
"Pérez, Wenceel",672761,2026,26,161,175,29,17,4,1,7,29,14,16.6,8,".180",".348",".246","0.594",".203",".348",".262",".272",".267",".145","71.4",18.1,13.7,11.2,36.6,30,"7",0,7.7,-6.3,50.2,28.1,"87.2","17",23.5,7.6,33.3,"97.732311667","92.919937803",18.2,47.9
"Rumfield, TJ",681198,2026,26,429,487,125,86,24,2,13,70,47,14.4,9.7,".291",".448",".372","0.820",".254",".374",".361",".319",".340",".120","68.7",8.3,7.7,6.2,30,24.3,"6.5",12,9.5,-2.8,43.5,36.5,"83.8","15.8",37.1,4.5,26.9,"95.974973855","91.995204134",20.1,50.3
"Crooks, Jimmy",699625,2026,24,115,128,21,12,5,0,4,41,8,32,6.3,".183",".330",".258","0.588",".200",".378",".263",".288",".276",".178","71.7",19.1,14,9.1,32.2,20.9,"7.1",2,17.2,-0.2,41.6,37,"91.1","18",38.7,9.5,46.7,"100.898137568","94.948790811",34.1,50.7
"Garver, Mitch",641598,2026,35,126,149,22,15,3,0,4,49,22,32.9,14.8,".175",".294",".302","0.596",".194",".341",".278",".301",".318",".147","72.5",18.8,13.7,9.4,33.5,23.1,"7.4",8,15.3,-7.9,65.4,28.7,"90.6","18.3",28.6,9.1,48.1,"100.526305641","94.874987922",33.7,41.3
"Helman, Michael",680737,2026,30,30,35,5,3,1,0,1,6,1,17.1,2.9,".167",".300",".235","0.535",".147",".208",".239",".200",".218",".061","70.1",1.9,0,0,31,24.5,"7.7",0,12.2,-3,59.3,29.2,"82.9","23.9",26.9,0,7.7,"91.309245455","89.731559091",20.9,59.3
"Rodriguez, Jesus",683679,2026,24,51,58,12,7,3,0,2,8,5,13.8,8.6,".235",".412",".316","0.728",".267",".355",".321",".315",".344",".088","69.4",3.1,8.1,6.3,31.1,24,"7.2",2,7.1,2.1,44.3,34.9,"86.5","9.3",34.1,2.3,29.5,"96.343527619","92.17301619",24.5,52.6
"Taylor, Tyrone",621438,2026,32,165,183,39,21,8,0,10,35,11,19.1,6,".236",".467",".291","0.758",".237",".425",".326",".310",".291",".188","71.6",13.8,12.8,9.9,33.2,25.7,"7.5",6,11.9,-6.2,57.3,34.6,"86.7","18.8",31.9,10.4,34.1,"98.414538","93.222148615",22.5,49.4
"Jansen, Danny",643376,2026,31,123,142,21,11,6,1,3,40,13,28.2,9.2,".171",".309",".277","0.586",".167",".273",".268",".254",".274",".106","70.5",7.7,9.2,7.2,31.2,24.4,"7.1",10,16,-7.9,58.8,30.3,"87.7","22.3",21.4,6,33.3,"97.328380476","92.77681253",25.5,44.7
"Watson, Kahlil",696135,2026,23,88,91,21,14,6,0,1,32,3,35.2,3.3,".239",".341",".264","0.605",".209",".330",".265",".246",".235",".121","73",27.2,12.7,8.6,30,20.4,"7.6",5,15.4,2.1,50.6,34.9,"89.3","10.6",28.6,7.1,32.1,"98.054020357","93.253982727",35.5,54
"Ornelas, Jonathan",680716,2026,26,19,20,3,3,0,0,0,10,1,50,5,".158",".158",".200","0.358",".158",".188",".168",".178",".200",".030","72.3",23.3,10.7,7,17.9,11.6,"7",1,5.8,-1.9,55.8,26.6,"91.2","17.9",22.2,0,44.4,"101.06741","94.66017375",36.7,58.3