player_name,player_id,pa,home_run,strikeout,walk,k_pct,bb_pct,batting_avg,slg_pct,obp,ops,xba,xslg,woba,xwoba,xobp,xiso,swing_speed,fast_swing_rate,blasts_contact,blasts_swing,squared_up_contact,squared_up_swing,avg_swing_length,attack_angle,ideal_angle_rate,exit_velo,launch_angle_avg,sweet_spot_pct,barrel_pct,hard_hit_pct,avg_best_speed,avg_hyper_speed,whiff_pct,swing_percent,sample_flag
"Misner, Kameron",670224,44,0,17,2,38.6,4.5,0.22,0.244,0.256,0.5,0.185,0.242,0.227,0.209,0.223,0.056,74.3,41.2,3.9,2.4,19.6,11.8,7.7,14.4,47.1,81.8,23.0,28.0,0.0,20.0,94.464596667,91.348702917,36.7,53.3,low
"Durbin, Caleb",702332,448,12,61,34,13.6,7.6,0.257,0.408,0.327,0.735,0.239,0.327,0.325,0.291,0.314,0.087,69.3,7.1,8.0,6.9,31.6,27.4,7.0,9.9,61.7,83.9,12.5,29.7,2.9,26.5,95.743581386,91.885946566,15.8,47.3,ok
"Heim, Jonah",641680,286,11,54,21,18.9,7.3,0.215,0.4,0.276,0.676,0.234,0.384,0.294,0.299,0.296,0.149,70.1,11.1,9.7,7.5,32.6,25.2,7.6,9.5,56.7,87.7,15.0,33.5,7.2,32.1,97.869117115,92.984553413,23.5,49.8,ok
"Crow-Armstrong, Pete",691718,561,30,152,66,27.1,11.8,0.281,0.55,0.379,0.929,0.253,0.474,0.396,0.362,0.357,0.221,74.8,50.0,15.7,12.2,26.8,20.8,7.4,15.6,49.6,90.3,21.6,38.6,12.7,48.8,101.961246564,95.633189077,27.5,49.3,ok
"Song, Sung-Mun",823550,131,1,24,17,18.3,13.0,0.207,0.27,0.313,0.583,0.186,0.274,0.273,0.264,0.294,0.089,72.0,14.1,9.8,7.9,31.4,25.1,7.6,7.7,60.5,86.9,16.7,26.7,4.4,24.4,96.511610698,92.310387176,21.6,43.0,ok
"Altuve, Jose",514888,422,13,85,34,20.1,8.1,0.245,0.397,0.309,0.706,0.223,0.331,0.31,0.276,0.289,0.108,68.8,9.9,8.6,6.8,35.2,27.8,7.6,14.1,53.4,85.1,9.5,31.9,5.0,31.2,96.771045306,92.40822314,22.5,48.0,ok
"Suzuki, Seiya",673548,474,22,120,56,25.3,11.8,0.273,0.491,0.363,0.854,0.25,0.433,0.368,0.338,0.344,0.183,73.3,36.8,14.6,11.2,27.9,21.2,7.3,9.0,49.0,88.7,18.7,38.8,10.9,39.1,100.453295918,94.289793435,25.0,40.6,ok
"Emerson, Colt",806068,241,8,83,15,34.4,6.2,0.19,0.335,0.246,0.581,0.196,0.3,0.256,0.248,0.253,0.104,72.5,26.4,7.3,5.0,22.9,15.7,7.2,10.1,55.3,86.7,14.0,36.2,5.0,31.2,97.184861884,92.601587174,34.1,53.6,ok
"Dunn, Blake",694362,155,2,33,10,21.3,6.5,0.282,0.387,0.335,0.722,0.241,0.317,0.32,0.278,0.302,0.076,71.8,21.2,11.8,9.7,36.0,29.5,6.2,3.9,38.4,89.2,14.6,34.5,2.9,30.3,99.240218776,93.85786433,23.3,46.8,ok
"Loperfido, Joey",694388,120,1,31,14,25.8,11.7,0.216,0.333,0.314,0.647,0.231,0.337,0.289,0.297,0.327,0.106,71.8,18.9,9.2,6.5,30.5,21.4,7.8,15.6,40.8,89.0,11.9,32.9,6.8,35.6,98.647922778,93.55777,31.0,48.8,ok
"Ortiz, Joey",687401,303,6,57,28,18.8,9.2,0.243,0.367,0.311,0.678,0.236,0.336,0.3,0.295,0.31,0.1,73.0,31.2,13.0,10.8,31.4,26.0,7.5,1.7,32.4,88.2,5.7,27.1,4.1,35.8,99.137923238,93.698167048,18.9,44.9,ok
"Dingler, Dillon",693307,495,26,109,31,22.0,6.3,0.258,0.496,0.323,0.819,0.274,0.489,0.353,0.359,0.339,0.215,71.8,16.3,15.8,12.6,32.5,25.9,7.6,13.1,56.2,88.9,17.8,39.4,10.6,42.9,100.488055412,94.53815056,21.7,47.2,ok
"Rodríguez, Endy",682848,159,7,41,23,25.8,14.5,0.267,0.467,0.373,0.84,0.245,0.403,0.37,0.338,0.355,0.158,72.7,26.2,14.7,11.1,35.9,27.0,7.3,10.1,47.2,92.4,19.1,37.2,10.6,46.8,100.7717,95.060794946,25.9,44.8,ok
"Merrill, Jackson",701538,515,19,123,33,23.9,6.4,0.244,0.415,0.295,0.71,0.261,0.468,0.308,0.334,0.311,0.207,73.3,30.1,15.0,11.2,29.3,21.8,7.5,9.4,47.5,90.6,14.6,38.4,11.2,47.3,100.743355,94.854358348,26.7,55.4,ok
"Schmitt, Casey",669477,409,21,81,11,19.8,2.7,0.271,0.483,0.301,0.784,0.288,0.512,0.335,0.355,0.318,0.224,72.5,27.5,17.4,14.0,34.0,27.4,7.6,9.7,48.6,89.9,21.6,39.4,12.3,44.8,100.777605742,94.749369773,21.4,53.8,ok
"Roden, Alan",702176,69,0,9,8,13.0,11.6,0.241,0.293,0.324,0.617,0.282,0.399,0.282,0.345,0.369,0.117,70.4,12.0,15.3,13.0,36.5,31.0,6.9,7.8,50.5,88.1,12.0,28.8,5.8,42.3,99.082126538,93.6737,15.8,46.3,low
"Benintendi, Andrew",643217,370,13,88,31,23.8,8.4,0.249,0.432,0.312,0.744,0.246,0.411,0.322,0.314,0.31,0.165,69.9,4.4,13.5,9.8,36.9,26.6,7.1,16.9,50.9,88.9,17.7,35.2,8.9,44.2,98.873914959,93.757812408,29.2,51.9,ok
"McGonigle, Kevin",805808,547,13,77,77,14.1,14.1,0.282,0.424,0.386,0.81,0.26,0.423,0.36,0.35,0.368,0.163,71.2,16.1,11.4,9.7,35.4,30.0,6.9,15.5,49.6,88.1,20.4,35.9,6.7,36.8,98.236316154,93.340152005,16.4,42.8,ok
"Clemens, Kody",665019,441,21,101,27,22.9,6.1,0.233,0.463,0.289,0.752,0.244,0.435,0.323,0.321,0.303,0.19,72.0,12.9,16.7,12.8,37.9,29.0,7.2,11.7,63.2,92.3,16.2,33.6,11.5,45.6,101.096409073,95.175232715,25.3,50.0,ok
"Meckler, Wade",685133,218,3,48,20,22.0,9.2,0.291,0.388,0.359,0.747,0.255,0.355,0.334,0.306,0.327,0.1,68.9,2.2,8.2,6.4,37.7,29.3,6.8,11.5,44.3,86.5,6.2,35.6,3.4,32.2,96.511586301,92.313697808,23.5,45.4,ok
"Devers, Rafael",646240,525,25,137,52,26.1,9.9,0.246,0.474,0.32,0.794,0.231,0.442,0.34,0.324,0.308,0.211,71.8,20.9,18.1,12.9,34.2,24.5,7.5,9.5,57.8,92.6,14.6,30.7,10.8,51.0,102.739823293,96.218272763,28.9,48.4,ok
"Crews, Dylan",686611,302,10,73,20,24.2,6.6,0.211,0.36,0.281,0.641,0.237,0.425,0.286,0.319,0.306,0.188,74.0,38.4,16.9,11.9,31.3,22.1,7.6,8.8,45.3,90.6,13.8,34.7,10.4,43.6,101.2044083,94.82330365,30.8,52.0,ok
"Navarreto, Brian",640459,32,1,10,1,31.3,3.1,0.148,0.296,0.233,0.529,0.149,0.234,0.241,0.22,0.234,0.085,73.1,21.7,14.3,8.7,21.4,13.0,8.1,15.3,61.7,84.2,4.7,31.6,10.5,15.8,95.29273,91.910985625,33.9,49.6,low
"Pasquantino, Vinnie",686469,340,6,60,37,17.6,10.9,0.232,0.347,0.318,0.665,0.244,0.385,0.295,0.313,0.329,0.141,70.3,9.8,12.2,10.5,31.8,27.4,7.3,10.8,58.1,89.0,19.5,35.7,6.7,39.4,99.196837,93.908597364,16.0,45.9,ok
"Seigler, Anthony",678011,158,3,26,14,16.5,8.9,0.252,0.403,0.321,0.724,0.244,0.38,0.318,0.31,0.318,0.136,67.2,0.4,9.5,7.6,43.7,35.0,6.8,10.9,58.8,87.6,15.6,39.3,6.0,35.9,96.869369655,92.664541826,21.6,46.5,ok
"Tromp, Chadwick",644433,51,0,13,0,25.5,0.0,0.163,0.184,0.16,0.344,0.174,0.217,0.15,0.17,0.173,0.043,70.4,9.4,3.1,2.4,26.6,20.0,8.2,12.1,56.0,85.5,12.9,26.3,0.0,26.3,95.351341111,91.695006667,24.3,56.6,low
"Clase, Jonatan",682729,25,2,8,3,32.0,12.0,0.273,0.545,0.36,0.905,0.171,0.267,0.39,0.247,0.271,0.096,67.9,14.3,13.8,9.5,34.5,23.8,6.6,4.4,53.5,86.8,11.3,21.4,0.0,35.7,96.624655714,92.412265,30.6,43.0,low
"Tovar, Ezequiel",678662,417,9,104,25,24.9,6.0,0.207,0.331,0.255,0.586,0.22,0.359,0.257,0.274,0.269,0.139,72.1,21.4,9.1,6.4,25.6,18.1,7.6,10.6,48.0,87.3,17.5,34.6,6.3,33.2,98.232966187,93.164858633,29.1,62.0,ok
"Sánchez, Ali",645305,64,1,16,1,25.0,1.6,0.267,0.35,0.297,0.647,0.26,0.32,0.286,0.271,0.291,0.061,70.3,7.4,6.3,5.3,27.5,23.2,7.2,10.7,59.2,82.4,16.6,37.8,2.2,24.4,94.466022727,91.373257273,20.9,48.2,low
"Church, Nathan",701675,349,9,66,19,18.9,5.4,0.234,0.355,0.279,0.634,0.242,0.362,0.279,0.287,0.288,0.121,69.9,9.6,10.3,8.0,27.1,21.1,7.2,6.3,40.5,86.0,13.9,34.5,6.5,30.7,97.454266508,92.73060496,21.4,57.1,ok
"Burleson, Alec",676475,530,21,87,45,16.4,8.5,0.289,0.493,0.355,0.848,0.302,0.546,0.365,0.389,0.367,0.244,73.6,35.5,19.5,15.8,34.7,28.2,7.6,13.5,54.2,92.1,12.6,35.4,11.5,49.6,102.316184796,95.868879949,21.5,52.5,ok
"Doyle, Brenton",686668,161,2,49,12,30.4,7.5,0.215,0.295,0.273,0.568,0.192,0.272,0.257,0.238,0.254,0.08,72.1,15.8,11.9,8.5,29.2,20.8,7.3,12.0,58.4,87.9,8.9,23.0,5.2,33.0,98.509552083,93.304095,30.4,52.5,ok
"Winn, Masyn",691026,480,4,102,43,21.3,9.0,0.236,0.314,0.313,0.627,0.248,0.329,0.284,0.299,0.329,0.081,71.3,15.6,14.0,10.9,35.4,27.7,7.3,5.3,41.4,88.2,12.1,33.8,3.4,35.1,98.558606135,93.333341292,23.6,41.8,ok
"Yoshida, Masataka",807799,297,5,33,28,11.1,9.4,0.274,0.399,0.347,0.746,0.262,0.372,0.329,0.318,0.34,0.11,71.5,17.8,16.6,14.1,43.1,36.8,7.1,8.1,48.4,88.8,8.9,30.0,3.4,39.9,99.027488034,93.672635923,15.6,42.6,ok
"McCann, James",543510,118,4,29,4,24.6,3.4,0.297,0.45,0.328,0.778,0.221,0.369,0.339,0.271,0.254,0.148,72.2,24.2,15.6,10.8,38.5,26.8,7.1,10.3,43.1,89.6,8.3,31.0,8.3,41.7,100.435430488,94.678336173,29.1,50.8,ok
"O'Neill, Tyler",641933,248,10,69,26,27.8,10.5,0.223,0.395,0.31,0.705,0.216,0.403,0.313,0.312,0.305,0.187,72.3,18.5,13.4,9.5,30.9,21.9,7.3,15.1,54.0,89.5,22.0,34.4,9.3,43.0,100.3517125,94.442295894,31.2,47.3,ok
"Espinal, Santiago",669289,60,1,8,1,13.3,1.7,0.268,0.375,0.276,0.651,0.285,0.374,0.281,0.29,0.294,0.089,68.3,3.2,9.8,8.5,37.8,33.0,7.8,9.8,63.5,86.2,14.2,45.1,2.0,31.4,96.563089583,92.284365833,18.8,50.0,low
"Thomas, Alek",677950,100,2,23,3,23.0,3.0,0.181,0.34,0.222,0.562,0.235,0.397,0.246,0.292,0.275,0.162,69.6,4.5,15.6,12.1,36.1,28.0,6.9,7.7,57.2,89.9,11.7,36.1,8.6,43.1,100.467646471,94.664877647,26.7,57.4,ok
"Mullins, Cedric",656775,409,13,84,32,20.5,7.8,0.209,0.359,0.284,0.643,0.183,0.297,0.286,0.252,0.262,0.114,70.8,7.8,9.5,7.3,31.9,24.7,7.4,12.0,62.5,87.7,26.4,26.1,3.5,31.3,97.424784697,92.831274735,23.2,50.3,ok
"Torrens, Luis",620443,225,6,43,16,19.1,7.1,0.236,0.384,0.305,0.689,0.236,0.359,0.306,0.296,0.305,0.124,70.3,7.6,11.9,9.5,34.0,27.1,7.0,7.1,51.4,88.2,7.5,32.1,5.0,39.5,98.62473557,93.533558544,21.3,47.5,ok
"Acuña Jr., Ronald",660670,321,13,75,40,23.4,12.5,0.245,0.438,0.349,0.787,0.257,0.491,0.345,0.37,0.362,0.234,75.9,60.8,16.8,12.5,28.0,20.7,7.6,11.4,53.6,90.3,17.2,33.8,13.4,45.3,101.697188416,95.175661294,30.0,47.4,ok
"Williamson, Ben",810938,270,3,51,20,18.9,7.4,0.247,0.332,0.309,0.641,0.252,0.33,0.288,0.289,0.313,0.078,69.4,11.3,13.2,11.1,35.2,29.6,6.9,2.7,34.7,87.3,2.8,31.0,1.5,33.0,98.097678229,93.075550729,17.1,42.9,ok
"Correa, Carlos",621043,141,3,26,18,18.4,12.8,0.279,0.418,0.369,0.787,0.289,0.459,0.347,0.364,0.378,0.17,73.4,38.8,16.7,12.9,28.3,22.0,7.2,7.2,39.7,89.2,7.2,36.1,10.3,41.2,101.668709184,94.924922887,22.9,45.0,ok
"Bateman, Brett",703520,43,0,9,3,20.9,7.0,0.275,0.325,0.326,0.651,0.224,0.279,0.293,0.254,0.279,0.056,68.5,1.8,6.5,5.5,28.3,23.6,7.0,5.9,32.7,82.9,2.7,35.5,0.0,16.1,93.655601538,90.979932308,17.9,46.9,low
"Brito, Juan",682877,56,0,17,4,30.4,7.1,0.176,0.255,0.25,0.505,0.205,0.287,0.232,0.256,0.276,0.081,68.6,0.0,9.7,6.9,29.2,20.6,7.5,13.7,57.7,84.3,14.2,29.4,2.9,32.4,97.150075882,92.606637941,32.5,48.5,low
"Simpson, Chandler",802415,468,0,40,21,8.5,4.5,0.309,0.366,0.336,0.702,0.261,0.299,0.31,0.266,0.296,0.038,64.9,0.7,2.9,2.6,46.1,41.9,6.5,3.2,37.5,83.8,1.5,27.3,0.0,13.6,92.625940368,90.386886306,10.5,47.5,ok
"Schneemann, Daniel",682177,276,6,81,24,29.3,8.7,0.206,0.321,0.275,0.596,0.218,0.357,0.268,0.285,0.286,0.139,71.2,11.5,12.2,8.6,30.3,21.4,7.0,14.4,56.1,87.9,12.0,32.7,7.6,37.6,98.568045465,93.411409357,31.5,49.5,ok
"Mauricio, Ronny",677595,50,1,18,0,36.0,0.0,0.18,0.26,0.18,0.44,0.181,0.299,0.191,0.205,0.181,0.118,74.8,48.5,11.9,8.2,23.9,16.5,7.8,9.7,57.1,89.9,6.6,28.1,9.4,34.4,101.2104525,94.695352813,32.1,63.4,low
"Wagner, Will",695238,45,0,7,10,15.6,22.2,0.257,0.286,0.422,0.708,0.249,0.282,0.333,0.329,0.42,0.033,69.9,4.8,5.7,4.8,28.3,24.2,6.6,2.5,35.5,81.9,4.9,28.6,0.0,17.9,92.435565714,90.547779259,16.9,40.3,low
"Vargas, Ildemaro",545121,382,9,36,22,9.4,5.8,0.265,0.411,0.311,0.722,0.279,0.384,0.314,0.311,0.325,0.104,70.8,15.9,13.6,11.9,36.9,32.1,7.4,5.7,52.2,87.5,9.8,31.2,3.7,35.3,98.181061887,93.125373249,14.8,50.0,ok
"Vilade, Ryan",668723,206,11,45,18,21.8,8.7,0.257,0.492,0.322,0.814,0.25,0.441,0.347,0.327,0.318,0.191,76.4,63.9,14.9,11.7,22.9,17.9,7.4,3.7,37.8,89.3,18.3,31.7,7.1,39.0,101.174122429,94.811564604,21.6,50.1,ok
"Wisdom, Patrick",621550,44,1,18,3,40.9,6.8,0.122,0.22,0.182,0.402,0.178,0.403,0.171,0.265,0.234,0.226,76.3,66.7,17.3,10.7,30.8,19.0,8.1,16.1,69.0,92.9,27.8,21.7,21.7,47.8,102.305891667,96.073292609,39.8,57.4,low
"Rocchio, Brayan",677587,471,10,68,32,14.4,6.8,0.253,0.376,0.317,0.693,0.244,0.351,0.308,0.295,0.31,0.107,70.0,7.3,9.1,7.2,32.6,25.7,7.3,8.8,50.5,86.7,13.5,34.5,3.3,30.8,96.855873051,92.450649096,22.3,49.8,ok
"Pauley, Graham",688363,115,1,27,5,23.5,4.3,0.194,0.306,0.228,0.534,0.182,0.28,0.234,0.219,0.217,0.098,71.7,17.2,8.4,6.8,27.3,21.9,7.4,14.8,53.1,84.3,21.1,33.7,4.8,24.1,95.343655854,91.686780854,22.9,46.0,ok
"Urías, Luis",649966,59,3,10,6,16.9,10.2,0.25,0.481,0.322,0.803,0.237,0.351,0.345,0.299,0.314,0.114,71.4,24.0,9.8,8.7,27.2,24.0,7.7,9.4,63.5,86.2,17.6,41.9,7.0,30.2,97.293847273,92.754991628,13.0,50.0,low
"Workman, Gage",669398,41,2,17,0,41.5,0.0,0.171,0.415,0.171,0.586,0.222,0.489,0.245,0.299,0.222,0.267,70.7,11.0,14.5,9.8,36.4,24.4,6.9,13.2,40.2,94.1,11.6,50.0,20.8,45.8,101.80005,95.924588333,33.3,60.0,low
"McCray, Grant",687529,47,1,13,7,27.7,14.9,0.081,0.162,0.227,0.389,0.2,0.316,0.198,0.296,0.327,0.117,71.6,19.0,14.0,9.5,30.2,20.6,7.0,6.1,43.7,87.4,12.3,22.2,11.1,25.9,98.609629167,93.535458696,34.2,39.9,low
"Montgomery, Colson",695657,495,26,164,40,33.1,8.1,0.212,0.431,0.291,0.722,0.209,0.41,0.313,0.303,0.289,0.201,76.5,68.7,15.7,10.3,23.3,15.3,7.9,13.2,52.9,88.8,23.7,32.0,12.2,41.4,101.218431429,94.801236595,36.6,52.1,ok
"Sanoja, Javier",691594,341,5,28,19,8.2,5.6,0.272,0.412,0.312,0.724,0.256,0.331,0.316,0.278,0.297,0.075,69.4,8.4,10.3,9.4,37.1,33.6,7.4,4.9,51.3,86.6,12.6,31.3,2.4,31.0,96.980221049,92.508027343,11.5,51.4,ok
"Freeman, Freddie",518692,522,15,84,54,16.1,10.3,0.302,0.466,0.375,0.841,0.298,0.484,0.367,0.374,0.376,0.186,70.3,8.2,13.5,10.9,32.9,26.6,6.7,7.5,42.0,89.7,12.0,38.1,8.7,42.3,100.140589421,94.360974142,21.6,50.8,ok
"Lee, Brooks",686797,482,18,80,33,16.6,6.8,0.243,0.421,0.299,0.72,0.221,0.326,0.314,0.269,0.279,0.105,70.1,7.8,9.2,7.4,33.4,27.1,7.0,11.6,56.9,87.8,14.6,30.6,3.6,32.0,97.09970044,92.627073278,20.9,52.6,ok
"Young, Cole",702284,501,15,82,31,16.4,6.2,0.26,0.405,0.318,0.723,0.273,0.409,0.318,0.325,0.33,0.136,71.5,21.4,13.0,10.7,34.3,28.3,6.9,5.8,47.4,88.9,13.8,33.0,4.7,39.1,99.484929841,93.885538382,18.7,48.9,ok
"Burger, Jake",669394,476,21,126,36,26.5,7.6,0.239,0.425,0.3,0.725,0.232,0.401,0.317,0.304,0.294,0.169,75.7,61.6,19.7,13.4,33.3,22.6,7.5,9.4,60.7,89.9,13.5,29.9,11.0,46.6,102.452793613,95.598887702,34.0,50.5,ok
"Cavanaugh, Drew",701852,91,0,19,13,20.9,14.3,0.25,0.263,0.36,0.623,0.26,0.367,0.296,0.335,0.37,0.107,69.2,4.3,9.3,7.2,29.6,23.0,6.7,7.9,38.3,84.8,13.4,40.7,3.5,27.1,98.003218148,93.138474444,23.6,46.4,ok
"Martínez, Angel",682657,306,12,70,8,22.9,2.6,0.238,0.427,0.27,0.697,0.255,0.41,0.301,0.302,0.287,0.156,71.2,16.8,11.3,9.0,28.3,22.5,7.4,10.9,49.7,87.3,13.7,37.2,8.1,35.1,99.372643519,93.784635278,20.9,54.7,ok
"Conine, Griffin",665052,190,13,57,22,30.0,11.6,0.273,0.545,0.368,0.913,0.272,0.538,0.394,0.389,0.368,0.266,74.3,44.8,24.5,15.6,37.2,23.7,7.5,14.2,47.2,92.7,11.2,41.7,16.7,54.6,104.530920926,97.267880648,37.9,47.9,ok
"Marsee, Jakob",805300,478,7,103,60,21.5,12.6,0.208,0.315,0.323,0.638,0.221,0.315,0.294,0.3,0.335,0.094,70.5,6.9,10.1,8.5,32.7,27.5,6.8,7.0,48.2,87.1,17.8,29.1,3.6,34.3,97.837981769,92.988448771,18.6,40.4,ok
"Smith, Josh",669701,178,2,39,18,21.9,10.1,0.21,0.28,0.294,0.574,0.201,0.31,0.262,0.269,0.287,0.109,68.9,3.1,8.8,6.9,30.8,24.1,7.0,13.0,44.0,85.8,14.1,31.7,6.7,30.0,97.15360678,92.644331368,24.8,47.7,ok
"Johnson, Bryce",669369,49,0,18,3,36.7,6.1,0.178,0.222,0.229,0.451,0.147,0.166,0.207,0.172,0.2,0.019,67.6,2.8,0.0,0.0,16.3,11.1,7.5,10.8,35.9,79.1,18.7,21.4,0.0,7.1,88.992205385,89.585648,32.3,49.5,low
"Schuemann, Max",680474,87,2,21,12,24.1,13.8,0.194,0.361,0.333,0.694,0.203,0.336,0.317,0.311,0.34,0.133,70.4,7.1,11.0,7.9,31.9,23.0,7.3,12.4,52.3,89.4,24.6,37.3,9.8,41.2,98.57101625,93.804290833,27.6,42.5,ok
"Culpepper, Kaelen",701785,33,1,11,2,33.3,6.1,0.25,0.393,0.333,0.726,0.202,0.32,0.321,0.281,0.3,0.119,74.0,34.7,17.1,12.2,28.6,20.4,7.3,12.2,63.3,90.5,18.9,38.9,5.9,50.0,100.096318889,94.893705882,28.1,47.4,low
"Freeman, Tyler",671289,288,3,34,11,11.8,3.8,0.247,0.314,0.317,0.631,0.265,0.353,0.288,0.309,0.333,0.088,70.5,12.7,12.9,11.6,33.4,30.0,7.0,2.6,30.7,87.7,9.9,30.7,1.3,36.0,98.258503889,93.223297037,12.4,50.6,ok
"Encarnacion-Strand, Christian",687952,88,6,21,4,23.9,4.5,0.272,0.543,0.31,0.853,0.262,0.573,0.358,0.362,0.302,0.311,73.6,35.3,16.4,12.4,26.6,20.0,7.4,14.0,53.4,92.6,20.7,37.1,19.4,41.9,102.49248871,95.740854754,24.7,61.7,ok
"Pratt, Cooper",806198,159,2,32,18,20.1,11.3,0.272,0.368,0.352,0.72,0.258,0.353,0.321,0.318,0.349,0.095,70.2,8.0,10.7,8.0,34.2,25.6,7.1,8.4,41.7,87.7,11.4,40.7,3.8,29.6,96.763783654,92.436036311,25.9,45.2,ok
"Goodman, Hunter",696100,460,34,152,39,33.0,8.5,0.251,0.541,0.32,0.861,0.231,0.467,0.364,0.329,0.302,0.236,75.3,52.4,16.9,11.0,26.6,17.4,7.4,14.3,64.1,90.6,18.8,34.3,16.7,46.0,102.821150985,95.762905551,35.8,54.0,ok
"Romo, Drew",691011,173,7,42,14,24.3,8.1,0.135,0.303,0.215,0.518,0.177,0.289,0.232,0.245,0.252,0.112,69.9,5.3,8.9,6.4,28.1,20.2,7.5,13.6,50.5,83.7,19.5,25.2,7.0,25.2,95.043564464,91.661058571,29.4,52.4,ok
"Carrigg, Cole",694249,222,5,45,24,20.3,10.8,0.286,0.476,0.371,0.847,0.264,0.395,0.364,0.332,0.357,0.132,73.7,39.2,11.6,9.0,24.7,19.2,7.5,11.5,50.6,86.6,15.6,38.3,4.7,31.5,97.927749315,93.048292,24.4,50.7,ok
"Mead, Curtis",678554,329,17,63,39,19.1,11.9,0.253,0.498,0.353,0.851,0.259,0.457,0.37,0.358,0.359,0.198,72.6,27.3,15.2,12.8,30.2,25.3,7.1,5.5,45.9,88.0,15.8,35.6,10.9,42.3,100.226240455,94.227892192,18.1,40.6,ok
"Judge, Aaron",592450,261,17,72,42,27.6,16.1,0.248,0.533,0.375,0.908,0.27,0.6,0.385,0.415,0.393,0.33,76.1,64.4,20.8,14.5,31.7,22.1,8.1,12.1,50.7,94.1,14.6,33.6,21.7,57.3,105.303098194,97.814683287,32.2,42.9,ok
"Trammell, Taylor",666211,199,7,62,19,31.2,9.5,0.223,0.4,0.313,0.713,0.205,0.404,0.314,0.307,0.297,0.2,76.1,61.8,15.3,9.7,25.7,16.3,7.9,10.8,52.6,88.7,13.3,27.2,12.3,36.8,100.994485714,94.597486757,39.2,48.2,ok
"Lopez, Otto",672640,530,9,69,26,13.0,4.9,0.31,0.452,0.343,0.795,0.282,0.42,0.344,0.323,0.321,0.138,71.8,23.9,18.7,15.5,38.6,32.0,6.8,5.1,46.4,89.1,7.9,30.9,6.0,41.3,100.359437311,94.426874788,18.9,46.8,ok
"Alfonzo, Eliezer",672613,27,0,2,0,7.4,0.0,0.185,0.259,0.185,0.444,0.218,0.301,0.192,0.223,0.218,0.083,68.6,4.8,10.8,9.5,51.4,45.2,7.0,7.7,46.5,91.3,10.9,40.0,0.0,32.0,98.6623025,93.612612917,12.5,53.3,low
"Delgado, Raynel",669384,36,1,5,2,13.9,5.6,0.273,0.394,0.314,0.708,0.248,0.333,0.312,0.277,0.291,0.084,70.6,3.7,7.5,5.6,45.0,33.3,7.3,9.7,50.0,85.9,4.0,34.5,3.4,31.0,95.569543571,91.798723929,26.7,55.6,low
"Cauley, Cam",695508,65,1,15,5,23.1,7.7,0.207,0.345,0.281,0.626,0.192,0.238,0.279,0.235,0.268,0.046,69.8,15.7,6.6,4.5,32.8,22.5,6.9,10.5,57.7,85.5,16.8,27.3,0.0,20.5,94.600854545,91.424347442,31.9,47.7,low
"Freeland, Alex",690976,223,3,68,22,30.5,9.9,0.231,0.313,0.309,0.622,0.21,0.317,0.283,0.276,0.292,0.107,70.7,8.0,13.2,9.5,35.0,25.2,6.9,8.9,51.1,88.7,10.3,34.8,5.3,37.1,98.755015625,93.510529134,29.8,40.9,ok
"Myers, Dane",667472,229,5,59,27,25.8,11.8,0.259,0.376,0.354,0.73,0.235,0.369,0.328,0.319,0.338,0.134,71.4,19.7,11.6,9.2,30.5,24.3,7.2,8.1,50.3,89.6,15.6,36.4,5.2,35.7,99.075780308,93.941506822,21.2,42.0,ok
"Stewart, Sal",701398,540,26,119,53,22.0,9.8,0.258,0.473,0.333,0.806,0.251,0.467,0.346,0.345,0.332,0.217,72.3,27.4,15.2,11.5,31.9,24.0,7.6,11.8,56.0,90.1,13.4,33.8,13.3,38.5,100.41744096,94.506364986,26.9,48.0,ok
"Siri, Jose",642350,152,7,47,9,30.9,5.9,0.261,0.471,0.313,0.784,0.23,0.448,0.339,0.316,0.287,0.218,73.8,41.3,18.3,12.2,24.4,16.2,7.8,13.5,54.0,88.6,16.9,31.9,14.0,41.9,101.479183043,94.941253407,35.2,55.7,ok
"Thomas, Colby",687515,121,4,37,4,30.6,3.3,0.202,0.333,0.235,0.568,0.182,0.357,0.25,0.248,0.217,0.174,75.5,57.3,15.2,10.0,27.5,18.0,7.6,9.5,44.6,89.1,20.9,30.4,8.9,34.2,99.091770769,93.666947013,34.3,60.6,ok
"Vientos, Mark",668901,254,11,61,12,24.0,4.7,0.211,0.388,0.256,0.644,0.234,0.447,0.28,0.31,0.277,0.214,73.4,28.7,18.8,13.1,33.1,23.1,7.5,13.1,60.7,89.5,15.7,32.0,10.1,43.8,100.872376742,94.679619382,31.5,54.5,ok
"Heineman, Tyler",623168,147,1,23,5,15.6,3.4,0.185,0.238,0.237,0.475,0.231,0.279,0.218,0.254,0.281,0.048,65.6,0.0,3.2,2.6,30.3,24.7,7.1,7.1,47.2,81.5,10.8,25.2,0.9,13.0,91.814494314,90.230540784,18.1,55.1,ok
"Frazier, Adam",624428,110,1,31,9,28.2,8.2,0.235,0.347,0.306,0.653,0.194,0.257,0.292,0.242,0.268,0.063,65.4,2.0,2.7,2.0,29.1,21.9,6.9,13.2,46.0,84.9,14.1,30.4,1.4,15.9,93.786189091,90.90382803,26.0,53.0,ok
"Saggese, Thomas",695336,82,1,26,6,31.7,7.3,0.184,0.276,0.244,0.52,0.203,0.365,0.235,0.274,0.261,0.162,72.1,23.3,12.8,8.8,26.6,18.2,7.0,9.5,43.5,88.8,13.2,34.0,10.0,38.0,100.2456392,94.3591682,33.0,54.0,ok
"Beavers, Dylan",687637,232,3,61,22,26.3,9.5,0.238,0.34,0.316,0.656,0.231,0.358,0.296,0.298,0.311,0.126,72.4,20.1,14.4,11.0,32.1,24.5,7.4,8.8,47.5,88.9,18.3,35.4,5.5,40.1,99.698281233,94.166909034,24.6,41.9,ok
"Taveras, Leody",665750,380,7,94,36,24.7,9.5,0.225,0.36,0.302,0.662,0.216,0.327,0.295,0.281,0.296,0.111,72.8,26.9,11.1,8.3,26.8,20.0,7.5,6.9,40.0,87.8,15.8,28.5,4.5,31.7,98.903571228,93.475303421,25.4,47.9,ok
"Rincones Jr., Gabriel",687282,89,2,29,2,32.6,2.2,0.167,0.286,0.202,0.488,0.15,0.276,0.215,0.205,0.189,0.126,76.1,61.2,12.5,9.0,19.5,14.0,7.1,5.3,39.1,90.1,13.3,23.2,9.4,35.7,100.53357963,94.544417736,30.3,57.6,ok
"Pages, Andy",681624,538,21,105,45,19.5,8.4,0.274,0.465,0.34,0.805,0.271,0.439,0.349,0.34,0.339,0.169,72.9,28.3,14.0,11.3,30.6,24.7,7.6,6.4,44.6,88.9,15.6,35.9,7.9,42.9,100.068169319,94.276342618,22.2,47.9,ok
"Nishida, Rikuu",807747,30,0,5,0,16.7,0.0,0.241,0.241,0.241,0.482,0.258,0.306,0.215,0.247,0.258,0.048,61.7,0.0,3.3,2.9,60.0,51.4,6.1,4.7,32.4,87.9,3.1,36.0,0.0,12.0,94.065359167,91.185872174,15.2,47.4,low
"Carpenter, Kerry",681481,259,13,75,18,29.0,6.9,0.208,0.416,0.276,0.692,0.212,0.388,0.3,0.295,0.283,0.177,71.8,16.5,10.9,8.1,29.0,21.5,7.4,17.8,48.7,89.8,21.4,35.2,9.6,44.0,99.080080759,93.824390955,28.6,50.2,ok
"Marsh, Brandon",669016,473,17,119,29,25.2,6.1,0.272,0.437,0.318,0.755,0.261,0.418,0.324,0.312,0.309,0.157,71.6,16.7,15.4,11.9,32.5,25.1,7.3,9.9,43.1,89.6,13.0,42.1,8.4,45.2,100.17294575,94.370938495,25.3,52.6,ok
"Morel, Christopher",666624,73,0,28,4,38.4,5.5,0.162,0.206,0.219,0.425,0.187,0.239,0.197,0.22,0.243,0.053,75.9,59.2,15.6,10.0,31.2,20.0,8.0,12.2,74.4,88.4,19.9,32.5,2.5,42.5,100.5837435,94.56864225,35.6,52.5,low
"Herrera, Iván",671056,559,14,97,60,17.4,10.7,0.248,0.391,0.363,0.754,0.254,0.386,0.338,0.339,0.37,0.132,73.8,41.7,15.7,12.8,30.3,24.7,7.8,7.2,45.4,89.5,9.7,30.7,5.9,41.4,100.894230699,94.65125629,20.4,44.6,ok
"Laureano, Ramón",657656,206,7,65,20,31.6,9.7,0.203,0.374,0.286,0.66,0.222,0.409,0.292,0.312,0.303,0.187,72.5,26.0,12.0,8.4,26.5,18.4,7.1,14.8,46.6,88.0,12.1,37.0,14.3,41.2,99.9726525,94.305977731,31.1,50.5,ok
"Edman, Tommy",669242,186,4,38,12,20.4,6.5,0.265,0.398,0.337,0.735,0.257,0.37,0.327,0.313,0.33,0.113,70.6,12.1,13.6,11.1,31.9,26.0,7.0,9.5,56.1,88.0,13.2,27.7,6.2,35.4,99.410226094,93.724468047,20.6,48.2,ok
"Slater, Austin",596103,74,0,21,8,28.4,10.8,0.231,0.277,0.311,0.588,0.182,0.236,0.271,0.235,0.269,0.053,71.1,10.2,6.0,4.2,29.8,21.2,6.9,12.4,58.0,85.0,4.8,26.7,2.3,18.2,94.665360455,91.332680227,27.9,46.6,low
"Muncy, Max",691777,208,5,70,15,33.7,7.2,0.215,0.366,0.284,0.65,0.21,0.352,0.286,0.28,0.281,0.141,74.3,49.4,14.2,9.8,25.1,17.2,7.5,10.1,54.4,90.4,16.5,34.5,10.9,43.7,101.495738833,95.043451681,32.7,51.2,ok
"Sosa, Edmundo",624641,205,5,43,7,21.0,3.4,0.219,0.353,0.262,0.615,0.279,0.436,0.269,0.328,0.319,0.158,72.3,25.8,13.8,10.1,28.2,20.8,8.2,11.4,59.7,87.6,9.5,31.8,6.8,40.5,100.042502568,94.178579184,27.3,61.2,ok
"Jarvis, Jim",805347,117,1,21,6,17.9,5.1,0.217,0.311,0.265,0.576,0.241,0.313,0.257,0.269,0.288,0.072,71.1,12.7,13.1,10.9,37.2,30.9,7.1,4.4,46.2,88.7,3.0,27.0,3.4,37.1,98.604481628,93.479574706,17.6,45.6,ok
"Raleigh, Cal",663728,384,13,123,48,32.0,12.5,0.158,0.3,0.268,0.568,0.175,0.357,0.26,0.29,0.285,0.183,75.0,51.7,10.5,7.4,21.4,15.1,7.9,17.6,45.9,89.0,25.6,33.3,12.4,35.2,99.727954762,94.017141571,31.5,50.6,ok
"Moniak, Mickey",666160,323,19,83,18,25.7,5.6,0.264,0.532,0.307,0.839,0.221,0.419,0.353,0.295,0.269,0.198,74.4,47.5,13.4,10.0,29.0,21.7,7.8,13.9,54.2,89.3,21.4,31.5,11.0,41.6,99.824688,94.117336301,28.8,57.0,ok
"Manzardo, Kyle",700932,356,13,114,36,32.0,10.1,0.215,0.378,0.306,0.684,0.219,0.379,0.305,0.306,0.31,0.16,69.8,6.3,11.4,8.3,33.0,24.0,7.4,17.9,49.7,89.5,19.3,34.5,12.0,41.0,98.784676465,93.74206596,30.6,46.5,ok
"Rutschman, Adley",668939,311,8,49,35,15.8,11.3,0.242,0.413,0.328,0.741,0.263,0.417,0.325,0.341,0.351,0.155,70.7,13.1,14.7,12.6,37.1,31.9,6.9,7.1,42.7,88.9,14.7,40.0,7.1,40.9,99.466218393,93.993119286,16.8,39.8,ok
"White, Eli",642201,165,5,37,10,22.4,6.1,0.235,0.386,0.285,0.671,0.218,0.312,0.294,0.26,0.27,0.094,73.0,29.6,11.4,8.5,26.5,19.7,7.2,9.0,52.3,86.2,6.6,29.9,5.2,29.9,97.91441193,93.001075044,27.5,51.7,ok
"Walls, Taylor",670764,353,2,86,37,24.4,10.5,0.222,0.301,0.308,0.609,0.19,0.256,0.278,0.249,0.281,0.066,68.3,2.2,3.8,3.0,34.3,27.0,7.1,13.3,60.8,85.4,20.2,32.0,2.2,21.1,94.947893398,91.505894244,22.5,43.6,ok
"Benge, Carson",701807,495,14,106,37,21.4,7.5,0.273,0.415,0.335,0.75,0.281,0.44,0.331,0.343,0.344,0.159,70.9,17.3,14.3,11.4,34.1,27.1,6.6,6.0,41.8,89.5,10.9,37.6,7.6,41.3,100.113488187,94.343470088,21.1,45.8,ok
"Diaz, Yainer",673237,243,8,38,9,15.6,3.7,0.251,0.394,0.28,0.674,0.268,0.401,0.293,0.305,0.297,0.133,72.6,21.5,14.3,11.4,37.1,29.6,7.3,8.0,58.2,87.7,5.9,29.2,5.1,34.9,98.725645612,93.473890359,21.9,56.8,ok
"Smith, Pavin",656976,89,1,18,10,20.2,11.2,0.141,0.192,0.236,0.428,0.188,0.253,0.205,0.255,0.282,0.066,70.9,10.1,6.8,5.8,28.2,23.9,7.4,10.1,57.9,86.1,14.6,23.0,3.3,31.1,96.875927097,92.513835574,17.2,43.7,ok
"Sheets, Gavin",657757,398,16,83,47,20.9,11.8,0.212,0.395,0.314,0.709,0.229,0.381,0.315,0.317,0.329,0.152,74.4,46.0,11.8,9.6,25.2,20.6,7.7,7.8,49.6,87.5,12.5,31.6,7.2,39.5,99.067735682,93.611131787,21.2,43.2,ok
"Kwan, Steven",680757,472,2,47,61,10.0,12.9,0.266,0.328,0.366,0.694,0.273,0.335,0.318,0.323,0.373,0.063,62.5,0.2,1.4,1.3,45.2,42.2,6.2,1.8,32.2,83.7,13.5,40.1,0.3,8.9,91.729030809,89.925213768,8.6,36.4,ok
"Arraez, Luis",650333,525,5,23,27,4.4,5.1,0.314,0.431,0.349,0.78,0.285,0.373,0.336,0.303,0.324,0.088,63.2,0.0,1.8,1.7,46.4,42.8,5.9,9.0,53.6,86.7,16.2,40.1,0.8,19.7,94.113542759,91.10087,7.8,49.3,ok
"Rave, John",670231,62,2,14,5,22.6,8.1,0.2,0.418,0.267,0.685,0.23,0.421,0.296,0.312,0.295,0.191,74.8,49.4,18.8,14.5,31.3,24.1,7.3,10.3,62.4,85.5,16.5,30.2,14.0,27.9,98.507403,93.401757692,24.8,43.7,low
"Kennedy, Buddy",671083,38,0,13,4,34.2,10.5,0.091,0.121,0.211,0.332,0.165,0.231,0.173,0.241,0.275,0.067,72.2,20.0,7.3,5.3,20.0,14.7,6.7,9.0,54.7,84.9,26.9,30.0,5.0,35.0,97.565198,92.782599,28.6,49.1,low
"Harris, Dustin",687957,52,0,7,6,13.5,11.5,0.233,0.302,0.333,0.635,0.286,0.356,0.292,0.334,0.381,0.07,66.5,2.9,8.1,7.1,41.9,37.1,6.5,13.1,44.3,83.7,15.8,44.7,0.0,15.8,93.693081111,90.948051389,13.8,42.3,low
"Simon, Ronny",682927,34,0,4,2,11.8,5.9,0.29,0.323,0.333,0.656,0.276,0.373,0.296,0.308,0.32,0.097,72.3,26.2,3.8,3.3,26.9,23.0,7.2,2.1,35.5,84.6,11.9,35.7,3.6,28.6,97.904107692,93.027103462,16.4,56.6,low
"Bazzana, Travis",683953,389,9,87,46,22.4,11.8,0.235,0.372,0.332,0.704,0.222,0.344,0.314,0.299,0.321,0.122,69.7,12.1,9.9,7.6,33.5,25.6,7.0,10.7,51.0,88.1,15.0,29.4,4.4,36.4,98.42390456,93.39087588,25.4,44.1,ok
"Ramírez, Pedro",699393,145,2,28,12,19.3,8.3,0.29,0.427,0.347,0.774,0.261,0.349,0.335,0.293,0.322,0.088,72.3,22.8,17.4,13.9,32.1,25.7,7.5,4.9,43.7,89.1,8.6,35.2,2.9,41.9,99.470460385,93.981810769,22.6,51.2,ok
"Suárez, Eugenio",553993,375,18,133,34,35.5,9.1,0.21,0.419,0.288,0.707,0.193,0.346,0.307,0.278,0.276,0.154,71.8,18.8,11.4,7.7,26.7,18.0,7.8,18.2,48.2,88.7,20.4,37.3,11.6,36.3,99.6870423,93.965363719,34.7,47.1,ok
"Kim, Hyeseong",808975,131,1,31,12,23.7,9.2,0.259,0.328,0.323,0.651,0.261,0.341,0.293,0.304,0.333,0.08,66.7,0.0,7.2,5.6,34.9,27.0,7.2,8.1,39.2,85.8,9.1,42.5,3.4,25.3,95.588878636,91.838053563,27.0,47.4,ok
"McLain, Matt",680574,374,11,104,42,27.8,11.2,0.194,0.345,0.293,0.638,0.228,0.386,0.287,0.316,0.324,0.158,71.6,11.9,13.7,10.0,32.1,23.5,6.9,10.8,57.4,87.8,20.6,38.4,10.0,36.2,98.714639259,93.492696558,28.8,42.6,ok
"Acuña, Luisangel",682668,199,1,39,8,19.6,4.0,0.237,0.269,0.269,0.538,0.246,0.316,0.242,0.265,0.281,0.071,72.1,27.7,16.6,12.7,37.4,28.7,7.5,8.8,66.3,88.7,2.0,23.8,3.3,37.7,99.643046164,93.954847808,25.6,51.5,ok
"Fortes, Nick",663743,274,4,33,9,12.0,3.3,0.269,0.372,0.314,0.686,0.255,0.344,0.304,0.287,0.301,0.089,72.3,21.6,16.2,13.6,30.4,25.6,7.5,3.3,36.2,85.2,7.6,24.6,2.3,35.0,98.903239725,93.481118986,17.0,52.4,ok
"Alvarez, Yordan",670541,542,36,91,86,16.8,15.9,0.321,0.62,0.435,1.055,0.33,0.681,0.437,0.461,0.444,0.352,76.1,61.3,22.6,18.3,33.2,26.9,7.7,8.2,44.8,94.5,19.5,41.9,17.7,53.4,105.167164944,97.344079382,19.9,42.7,ok
"Báez, Javier",595879,141,2,26,4,18.4,2.8,0.261,0.358,0.291,0.649,0.25,0.318,0.286,0.269,0.285,0.068,73.2,31.1,12.8,9.5,31.8,23.7,8.6,8.4,55.8,85.6,8.5,33.0,1.9,33.0,96.948547963,92.475197593,27.8,56.4,ok
"Ramos, Heliot",671218,348,9,93,20,26.7,5.7,0.244,0.395,0.293,0.688,0.258,0.44,0.299,0.322,0.307,0.182,72.4,24.9,17.6,12.9,33.3,24.4,6.9,8.0,50.3,92.2,6.1,32.8,13.5,49.1,103.123778435,96.116494017,28.7,52.8,ok
"Neto, Zach",687263,540,20,171,52,31.7,9.6,0.221,0.407,0.307,0.714,0.198,0.385,0.314,0.296,0.287,0.187,71.2,13.8,10.9,7.4,30.6,20.7,7.1,20.8,38.7,89.3,22.9,34.3,11.7,39.9,99.451823203,93.991692647,33.8,51.5,ok
"Langeliers, Shea",669127,416,23,96,34,23.1,8.2,0.263,0.497,0.332,0.829,0.268,0.513,0.357,0.363,0.336,0.245,75.2,53.7,18.6,13.3,33.0,23.6,7.2,11.9,61.9,91.8,19.7,37.4,14.9,45.6,102.588239716,95.705949039,28.4,50.2,ok
"Millas, Drew",686452,152,2,37,14,24.3,9.2,0.185,0.262,0.277,0.539,0.204,0.282,0.251,0.266,0.295,0.079,68.1,3.6,4.8,3.6,31.0,23.4,7.1,7.9,41.6,83.6,12.8,34.4,3.2,21.9,94.435516667,91.391984222,23.3,44.8,ok
"Urías, Ramón",602104,68,2,12,6,17.6,8.8,0.158,0.316,0.279,0.595,0.185,0.374,0.273,0.305,0.305,0.189,70.2,2.9,11.3,8.8,36.3,28.4,7.3,11.9,76.0,89.5,17.7,30.4,10.9,37.0,98.964138261,93.652984565,23.5,48.5,low
"Wallner, Matt",670242,135,4,53,10,39.3,7.4,0.167,0.292,0.259,0.551,0.2,0.333,0.253,0.281,0.289,0.134,75.2,56.8,12.7,7.6,22.3,13.3,7.5,10.9,57.1,88.4,8.1,26.9,10.4,40.3,101.422806765,95.021781343,44.0,52.1,ok
"Beck, Jordan",687597,117,1,31,8,26.5,6.8,0.185,0.315,0.239,0.554,0.207,0.299,0.244,0.25,0.261,0.091,73.8,38.1,13.1,9.1,25.5,17.8,7.9,13.2,52.4,86.9,16.3,28.2,5.2,30.8,97.888135526,92.995096053,29.4,51.9,ok
"Cook, Billy",695257,49,0,19,1,38.8,2.0,0.188,0.25,0.204,0.454,0.144,0.189,0.2,0.155,0.161,0.045,73.4,29.1,5.1,3.5,27.1,18.6,7.7,11.8,59.8,84.2,22.0,20.7,0.0,20.7,95.43174,91.905527037,33.7,59.8,low
"Grissom, Vaughn",687093,315,7,56,21,17.8,6.7,0.246,0.377,0.306,0.683,0.252,0.386,0.301,0.312,0.316,0.134,71.5,18.8,13.8,10.8,33.8,26.5,7.2,8.8,47.4,88.0,12.7,33.2,6.5,37.9,99.212342155,93.806644372,22.6,49.3,ok
"Lowe, Nathaniel",663993,313,14,77,29,24.6,9.3,0.269,0.488,0.335,0.823,0.27,0.454,0.355,0.343,0.338,0.185,74.6,46.7,15.0,12.1,24.0,19.3,7.6,8.2,56.1,89.5,14.7,39.6,9.4,42.5,101.462705644,94.894223861,21.8,46.1,ok
"Ruiz, Keibert",660688,280,7,33,13,11.8,4.6,0.275,0.435,0.311,0.746,0.244,0.362,0.322,0.281,0.284,0.119,67.7,0.5,14.8,13.1,44.9,39.7,7.0,10.0,57.2,88.4,16.8,35.3,4.7,37.5,98.289986609,93.223288609,13.6,52.1,ok
"Feduccia, Hunter",676439,188,3,47,16,25.0,8.5,0.234,0.347,0.303,0.65,0.25,0.398,0.29,0.318,0.319,0.148,71.1,13.7,13.4,10.6,34.9,27.7,7.0,11.6,53.4,90.2,16.2,36.3,8.9,39.8,99.900287458,94.228890678,22.5,44.1,ok
"Hamilton, David",666152,303,3,69,30,22.8,9.9,0.232,0.317,0.314,0.631,0.204,0.289,0.287,0.265,0.29,0.085,69.5,5.6,8.4,6.6,29.6,23.2,7.2,6.0,37.9,86.4,12.0,26.2,3.5,26.9,96.506067326,92.254991977,23.7,45.1,ok
"Chourio, Jackson",694192,411,17,101,34,24.6,8.3,0.275,0.471,0.338,0.809,0.255,0.471,0.348,0.337,0.32,0.216,74.4,45.8,18.5,14.5,32.5,25.4,7.3,9.3,65.9,92.0,12.0,32.8,13.2,47.6,102.453055547,95.777346044,24.6,47.3,ok
"Ortiz, Abimelec",694673,41,5,10,1,24.4,2.4,0.3,0.7,0.317,1.017,0.292,0.672,0.428,0.41,0.309,0.38,76.3,68.8,16.9,14.3,26.2,22.1,7.3,9.4,50.6,92.5,13.0,50.0,20.0,50.0,102.389374667,95.959521333,20.9,49.1,low
"Martin, Austin",668885,335,3,60,43,17.9,12.8,0.241,0.333,0.352,0.685,0.24,0.326,0.314,0.311,0.352,0.086,69.1,3.8,9.5,7.8,41.3,33.9,6.6,10.7,52.3,87.0,11.9,34.2,3.1,29.3,96.516084595,92.34726552,19.7,40.1,ok
"Hedges, Austin",595978,188,4,31,18,16.5,9.6,0.264,0.38,0.337,0.717,0.237,0.327,0.319,0.288,0.314,0.089,69.4,8.1,11.1,8.8,35.2,27.8,7.2,9.3,63.6,86.7,12.0,27.5,4.3,32.6,97.715728806,92.894389699,22.6,44.9,ok
"Torres, Gleyber",650402,304,8,57,44,18.8,14.5,0.271,0.404,0.382,0.786,0.25,0.379,0.352,0.334,0.365,0.129,68.0,3.2,8.4,6.6,36.9,29.1,7.0,8.2,53.0,86.1,8.9,37.0,7.0,32.5,96.7276213,92.425113,22.7,41.0,ok
"Goldschmidt, Paul",502671,329,16,79,25,24.0,7.6,0.247,0.45,0.31,0.76,0.231,0.405,0.328,0.305,0.296,0.175,71.2,13.9,13.4,9.9,31.9,23.6,7.5,11.5,50.4,86.6,14.1,34.2,10.4,36.5,98.77332964,93.512520045,27.1,47.7,ok
"Muncy, Max",571970,435,25,111,50,25.5,11.5,0.252,0.501,0.345,0.846,0.239,0.48,0.364,0.35,0.334,0.241,71.5,15.2,16.6,11.7,35.0,24.7,7.0,16.8,50.4,90.5,16.9,34.8,14.1,45.9,101.32107637,95.014353074,29.5,45.4,ok
"Sánchez, Jesús",660821,267,8,60,16,22.5,6.0,0.261,0.423,0.318,0.741,0.267,0.446,0.322,0.334,0.325,0.179,73.6,43.8,17.6,12.9,31.5,23.2,6.9,7.4,51.0,90.9,11.1,32.4,11.4,45.9,101.821389891,95.203931522,27.1,53.1,ok
"Rengifo, Luis",650859,321,4,43,31,13.4,9.7,0.245,0.326,0.324,0.65,0.257,0.352,0.294,0.309,0.337,0.096,71.3,17.6,11.7,9.5,35.4,28.6,7.2,7.5,45.8,87.8,5.6,27.9,4.5,34.4,97.876747815,93.065217046,20.3,49.3,ok
"Jordan, Blaze",691458,169,2,25,6,14.8,3.6,0.253,0.386,0.278,0.664,0.27,0.423,0.285,0.317,0.301,0.152,72.8,28.3,15.5,12.3,33.2,26.3,7.3,5.8,40.2,88.8,9.2,32.1,8.8,44.5,100.082209118,94.239658529,20.9,53.7,ok
"Vázquez, Christian",543877,230,6,43,16,18.7,7.0,0.216,0.337,0.271,0.608,0.199,0.274,0.268,0.238,0.257,0.075,65.6,0.6,7.6,6.1,37.8,30.4,6.7,9.7,59.0,85.9,14.9,31.6,1.8,23.4,95.519447037,91.773398395,19.8,47.2,ok
"Cheng, Tsung-Che",691907,44,0,14,4,31.8,9.1,0.256,0.282,0.318,0.6,0.237,0.392,0.274,0.303,0.302,0.155,66.5,0.0,11.4,7.5,31.8,20.9,6.8,13.9,70.1,86.6,12.5,42.3,7.7,23.1,95.6115125,92.034037391,36.3,48.5,low
"McCarthy, Jake",664983,429,13,72,21,16.8,4.9,0.294,0.491,0.333,0.824,0.272,0.404,0.354,0.316,0.315,0.132,71.2,13.1,10.6,8.2,31.2,24.2,7.1,8.8,51.1,84.7,12.4,38.7,4.8,26.3,96.693965548,92.390140583,22.6,57.6,ok
"Reynolds, Bryan",668804,552,15,135,75,24.5,13.6,0.261,0.43,0.371,0.801,0.245,0.426,0.354,0.347,0.359,0.181,72.8,30.8,16.5,12.4,31.0,23.3,7.0,10.7,45.2,90.6,7.4,36.5,11.1,46.7,101.891471737,95.299249222,29.0,46.1,ok
"Refsnyder, Rob",608701,129,4,37,8,28.7,6.2,0.14,0.254,0.211,0.465,0.17,0.316,0.207,0.255,0.247,0.146,71.9,19.1,13.2,9.8,27.8,20.6,7.6,12.3,59.2,86.6,19.5,24.7,8.6,34.6,98.02099925,93.073923671,29.0,44.5,ok
"Hernández, Teoscar",606192,349,11,95,28,27.2,8.0,0.247,0.392,0.309,0.701,0.243,0.402,0.308,0.311,0.307,0.159,72.2,22.4,16.5,11.6,34.5,24.3,7.7,11.0,53.4,89.8,14.4,29.9,8.5,43.3,100.773867411,94.69098287,31.7,47.2,ok
"Fairchild, Stuart",656413,27,0,14,7,51.9,25.9,0.158,0.158,0.407,0.565,0.089,0.151,0.307,0.28,0.359,0.062,71.0,2.8,20.0,5.6,30.0,8.3,7.6,19.7,52.8,94.2,16.3,20.0,0.0,40.0,101.9605,95.2142375,69.0,38.2,low
"Collins, Isaac",686555,414,6,93,47,22.5,11.4,0.227,0.35,0.325,0.675,0.229,0.324,0.305,0.299,0.328,0.095,73.6,33.5,15.7,12.6,32.9,26.5,6.8,4.1,35.1,88.6,17.4,31.3,5.6,40.3,99.988783182,94.167373688,21.9,40.0,ok
"Haase, Eric",606992,84,4,28,6,33.3,7.1,0.162,0.365,0.235,0.6,0.184,0.361,0.263,0.271,0.255,0.177,71.6,14.1,12.0,7.4,27.7,17.0,7.2,12.8,61.8,86.0,12.0,30.6,16.3,28.6,97.396006957,92.958050667,38.1,48.7,ok
"McGuire, Reese",624512,34,0,9,2,26.5,5.9,0.172,0.172,0.273,0.445,0.186,0.215,0.221,0.242,0.285,0.029,69.3,2.1,0.0,0.0,18.4,14.6,7.8,10.5,41.7,74.3,18.8,33.3,0.0,9.5,87.906893,89.0789435,21.8,50.0,low
"Kelly, Carson",608348,329,7,56,34,17.0,10.3,0.26,0.37,0.343,0.713,0.24,0.375,0.321,0.312,0.325,0.135,70.9,9.6,13.7,11.0,35.5,28.5,6.9,10.3,48.8,87.0,11.5,31.4,5.5,36.0,98.340497458,93.255617331,19.8,44.1,ok
"Rodríguez, Héctor",699302,31,0,8,3,25.8,9.7,0.107,0.143,0.194,0.337,0.153,0.175,0.166,0.198,0.235,0.022,75.4,51.0,7.7,5.9,20.5,15.7,8.0,13.2,56.9,87.6,5.7,25.0,0.0,30.0,97.072056,92.536028,26.3,50.9,low
"Sogard, Nick",686765,126,0,22,18,17.5,14.3,0.248,0.333,0.355,0.688,0.251,0.327,0.314,0.313,0.358,0.075,69.3,5.1,8.5,6.9,29.1,23.4,7.1,12.2,49.4,85.2,14.0,34.9,3.5,24.4,94.8817335,91.560048481,19.5,40.4,ok
"Crawford, J.P.",641487,364,10,74,50,20.3,13.7,0.212,0.345,0.33,0.675,0.24,0.365,0.308,0.325,0.354,0.125,71.4,18.7,11.2,9.3,33.0,27.2,7.4,6.8,45.6,87.6,12.9,35.3,6.4,35.3,98.28603181,93.233407186,17.8,38.5,ok
"Huff, Sam",669087,34,0,19,1,55.9,2.9,0.121,0.182,0.147,0.329,0.099,0.184,0.147,0.137,0.126,0.084,73.6,34.8,16.2,9.1,24.3,13.6,7.8,12.9,46.3,91.2,8.4,28.6,14.3,57.1,102.291484286,96.319245714,46.7,60.5,low
"Arcia, Orlando",606115,50,1,8,2,16.0,4.0,0.271,0.354,0.3,0.654,0.223,0.298,0.29,0.245,0.255,0.075,70.6,13.3,4.9,4.0,41.0,33.3,7.8,6.3,55.3,86.0,4.2,30.0,2.5,25.0,95.6116485,91.83993875,22.1,51.2,low
"Lara, Luis",800325,98,0,19,12,19.4,12.2,0.224,0.318,0.316,0.634,0.266,0.345,0.288,0.316,0.354,0.08,71.2,16.0,12.4,10.3,32.6,26.9,6.9,1.2,28.0,89.4,5.9,37.3,4.5,41.8,99.258576765,93.791000299,19.5,38.0,ok
"Caissie, Owen",683357,283,13,108,22,38.2,7.8,0.228,0.436,0.293,0.729,0.211,0.413,0.314,0.304,0.284,0.202,75.0,54.8,16.5,11.0,28.3,19.0,7.1,11.7,38.3,91.3,17.0,46.3,15.4,45.6,102.098631622,95.484696395,35.9,46.2,ok
"Polanco, Jorge",593871,145,2,36,9,24.8,6.2,0.148,0.23,0.201,0.431,0.189,0.284,0.196,0.234,0.239,0.096,69.5,3.1,10.6,8.4,33.3,26.7,7.2,7.1,52.0,86.0,14.3,31.0,4.0,31.0,97.0668138,92.589206263,24.0,45.0,ok
"Fraley, Jake",641584,90,2,25,8,27.8,8.9,0.232,0.39,0.3,0.69,0.204,0.345,0.304,0.276,0.274,0.142,71.6,22.7,5.5,4.3,23.9,18.4,7.1,8.9,44.7,83.9,22.8,45.6,8.8,21.4,94.948210345,91.579935614,21.8,44.9,ok
"Kayfus, CJ",692216,25,1,8,2,32.0,8.0,0.182,0.364,0.28,0.644,0.169,0.427,0.288,0.304,0.269,0.258,70.2,17.6,12.1,7.8,24.2,15.7,6.6,12.9,38.5,92.8,24.1,14.3,21.4,50.0,101.151187143,94.712108571,37.9,53.7,low
"Mack, Joe",691788,243,12,61,16,25.1,6.6,0.24,0.434,0.297,0.731,0.235,0.424,0.319,0.311,0.292,0.189,74.3,42.3,16.6,12.5,30.7,23.2,7.3,13.2,57.2,88.9,10.1,27.4,9.8,39.6,100.03024925,94.265202125,25.2,47.1,ok
"Springer, George",543807,398,12,73,39,18.3,9.8,0.228,0.382,0.309,0.691,0.228,0.37,0.306,0.302,0.31,0.142,73.0,33.0,13.3,10.6,30.1,24.0,7.4,9.3,56.4,88.4,12.0,29.6,6.8,38.6,99.225598857,93.760960071,23.0,47.9,ok
"Schneider, Davis",676914,140,3,47,25,33.6,17.9,0.142,0.274,0.295,0.569,0.15,0.277,0.269,0.275,0.304,0.127,70.8,11.3,13.8,9.3,31.9,21.6,7.0,17.0,49.1,87.7,27.7,26.5,10.4,42.6,100.282621212,94.852392121,32.6,37.8,ok
"Alonso, Pete",624413,543,28,130,63,23.9,11.6,0.267,0.496,0.361,0.857,0.282,0.541,0.37,0.392,0.375,0.26,74.5,46.7,22.4,16.7,33.6,25.0,7.2,10.3,54.5,94.2,15.3,36.0,14.0,56.4,103.770945848,97.15993478,26.8,44.6,ok
"Gelof, Zack",680869,277,14,69,17,24.9,6.1,0.276,0.496,0.331,0.827,0.232,0.409,0.358,0.305,0.291,0.177,73.8,33.9,14.5,10.7,31.4,23.2,7.3,14.5,62.2,89.0,16.2,29.4,8.6,41.2,99.638097473,94.017864365,27.4,46.5,ok
"Yorke, Nick",694377,94,1,19,7,20.2,7.4,0.226,0.31,0.298,0.608,0.258,0.376,0.275,0.313,0.329,0.118,72.6,21.6,17.9,14.4,34.1,27.5,7.3,2.4,33.1,89.7,6.9,28.8,6.1,50.0,102.174428788,95.535338485,21.2,48.4,ok
"DeLuca, Jonny",676356,251,8,51,11,20.3,4.4,0.265,0.437,0.297,0.734,0.246,0.359,0.318,0.28,0.279,0.113,73.8,37.8,13.6,10.4,23.2,17.7,7.9,6.9,59.0,85.2,13.5,31.7,4.2,30.2,97.386753804,92.759728361,26.1,53.5,ok
"Smith, Dominic",642086,280,8,43,21,15.4,7.5,0.263,0.39,0.319,0.709,0.245,0.382,0.31,0.304,0.308,0.137,68.8,6.0,10.8,8.8,36.5,29.8,6.9,8.6,48.9,87.8,13.4,34.1,5.7,33.2,97.803165283,93.022503697,21.1,49.1,ok
"Garcia, Jhostynxon",691373,51,0,17,1,33.3,2.0,0.163,0.184,0.196,0.38,0.211,0.301,0.175,0.24,0.242,0.091,74.5,44.9,10.6,7.1,24.2,16.3,7.8,14.0,48.0,83.7,11.7,34.4,3.1,31.3,98.229828125,93.123011875,33.9,60.9,low
"Basallo, Samuel",694212,311,16,82,26,26.4,8.4,0.241,0.45,0.305,0.755,0.25,0.469,0.325,0.335,0.314,0.219,74.6,47.4,19.0,13.5,32.1,22.8,7.6,11.7,51.4,91.3,10.9,33.2,12.9,45.5,102.768862574,95.787067612,31.6,53.4,ok
"Cortes, Carlos",666126,283,7,42,26,14.8,9.2,0.26,0.412,0.336,0.748,0.253,0.392,0.329,0.32,0.331,0.139,70.7,13.5,16.4,13.0,35.5,28.1,7.0,7.1,43.3,89.5,8.4,36.0,6.7,38.6,99.564144667,94.07404177,21.2,45.0,ok
"Jung, Josh",673962,396,9,71,33,17.9,8.3,0.294,0.441,0.361,0.802,0.286,0.432,0.352,0.347,0.356,0.146,70.5,8.9,15.9,13.3,38.8,32.4,7.0,12.4,56.5,90.6,11.8,39.9,6.3,48.3,100.249361748,94.616311678,18.4,46.4,ok
"Escarra, J.C.",641555,92,0,18,6,19.6,6.5,0.188,0.271,0.239,0.51,0.206,0.308,0.228,0.257,0.264,0.103,69.6,3.6,12.4,8.6,45.4,31.4,7.4,10.0,59.2,89.1,10.6,29.4,4.5,33.8,98.718896364,93.559476212,28.1,45.5,ok
"Gasper, Mickey",681508,124,1,21,9,16.9,7.3,0.241,0.33,0.301,0.631,0.232,0.352,0.282,0.289,0.296,0.12,72.0,15.7,14.0,11.6,40.6,33.7,6.6,11.9,59.5,88.4,16.8,28.0,5.4,35.5,98.492651304,93.504751304,17.9,41.7,ok
"Higgins, P.J.",664731,32,0,8,2,25.0,6.3,0.231,0.269,0.276,0.545,0.276,0.326,0.245,0.287,0.318,0.051,66.8,0.0,2.9,2.4,41.2,33.3,6.6,11.4,50.0,83.6,24.5,45.5,0.0,13.6,92.126883,90.475419474,25.5,39.8,low
"Jiménez, Eloy",650391,35,0,7,3,20.0,8.6,0.29,0.29,0.343,0.633,0.214,0.289,0.288,0.256,0.279,0.076,72.6,21.7,18.6,13.3,32.6,23.3,7.3,6.2,42.6,89.2,5.6,32.0,4.0,44.0,98.972092308,93.9795348,29.9,51.5,low
"Busch, Michael",683737,557,14,123,69,22.1,12.4,0.243,0.383,0.35,0.733,0.233,0.397,0.329,0.329,0.342,0.165,68.6,4.9,13.4,10.2,38.1,29.0,7.0,15.5,50.4,88.0,15.1,33.6,8.8,38.7,98.559099266,93.431931133,24.9,44.0,ok
"Walker, Jordan",691023,521,24,125,40,24.0,7.7,0.289,0.5,0.347,0.847,0.277,0.487,0.366,0.356,0.338,0.21,79.2,84.9,21.7,15.8,28.0,20.4,8.3,6.8,50.5,92.6,12.3,34.4,13.1,47.4,104.732650511,96.715832756,30.5,52.2,ok
"Sullivan, Brett",664954,179,7,31,10,17.3,5.6,0.244,0.451,0.287,0.738,0.226,0.362,0.316,0.282,0.278,0.136,68.3,4.0,9.3,7.7,37.0,30.9,7.3,8.4,57.2,87.0,20.1,32.1,4.4,32.1,96.994348507,92.552656045,18.5,52.1,ok
"Wells, Austin",669224,281,8,73,31,26.0,11.0,0.179,0.301,0.275,0.576,0.212,0.364,0.26,0.296,0.305,0.152,72.7,25.6,13.5,10.0,29.5,22.0,7.6,13.6,51.9,89.0,19.0,32.6,6.9,42.9,100.168676628,94.397329128,28.6,47.3,ok
"Locklear, Tyler",682988,42,1,9,4,21.4,9.5,0.278,0.444,0.357,0.801,0.252,0.427,0.35,0.334,0.336,0.176,72.0,26.0,11.9,9.1,23.7,18.2,6.8,6.3,47.4,83.8,4.0,28.6,14.3,32.1,97.675850714,92.84187,23.5,49.7,low
"Tena, José",677588,240,6,72,21,30.0,8.8,0.236,0.389,0.313,0.702,0.236,0.372,0.311,0.304,0.312,0.137,73.9,40.9,19.9,13.3,31.9,21.4,7.1,7.3,39.8,91.4,8.5,31.3,8.3,49.3,103.126345139,96.036445347,34.7,48.8,ok
"Mesa Jr., Victor",683748,178,10,40,16,22.5,9.0,0.214,0.447,0.284,0.731,0.23,0.426,0.315,0.315,0.299,0.195,74.1,38.5,12.2,9.2,30.0,22.7,7.9,10.1,66.8,89.6,22.4,32.0,12.3,40.2,100.236858947,94.605553596,25.7,54.0,ok
"Abreu, Wilyer",677800,530,22,105,56,19.8,10.6,0.259,0.473,0.337,0.81,0.263,0.494,0.348,0.359,0.343,0.231,73.8,37.8,16.4,12.7,31.9,24.7,7.2,8.1,48.8,90.0,19.1,36.6,13.2,44.3,101.073284121,94.871728104,24.6,48.5,ok
"Witt Jr., Bobby",677951,471,15,83,48,17.6,10.2,0.286,0.461,0.359,0.82,0.299,0.503,0.355,0.379,0.375,0.203,73.8,40.7,21.5,16.5,37.5,28.7,7.0,4.9,43.7,92.6,16.4,36.6,11.7,51.6,103.366085569,96.372643623,24.9,47.7,ok
"Okamoto, Kazuma",672960,493,24,152,41,30.8,8.3,0.227,0.428,0.3,0.728,0.212,0.412,0.318,0.307,0.288,0.2,73.2,35.7,14.7,10.2,31.5,21.8,7.9,15.3,58.0,90.4,19.8,32.3,12.2,43.9,101.464697891,95.116444796,33.8,47.5,ok
"Kim, Ha-Seong",673490,85,0,23,9,27.1,10.6,0.066,0.066,0.165,0.231,0.144,0.199,0.126,0.207,0.236,0.056,71.8,20.0,5.6,4.4,21.5,17.0,7.1,5.4,56.6,85.2,19.0,18.9,3.9,22.6,94.1537708,91.1919572,20.9,41.8,ok
"Anthony, Roman",701350,130,1,33,20,25.4,15.4,0.229,0.321,0.354,0.675,0.262,0.41,0.31,0.352,0.382,0.148,75.5,53.4,20.0,14.6,36.9,27.0,7.5,11.0,46.2,92.3,8.3,40.8,9.3,47.4,102.118792368,95.842276267,28.1,37.2,ok
"Wynns, Austin",642851,89,1,24,5,27.0,5.6,0.146,0.183,0.195,0.378,0.2,0.29,0.176,0.24,0.246,0.09,70.5,13.5,5.9,4.5,22.9,17.3,7.4,12.3,47.5,84.9,16.0,31.7,3.3,26.7,96.338909655,92.190218966,23.9,54.4,ok
"Gurriel Jr., Lourdes",666971,189,2,34,10,18.0,5.3,0.207,0.287,0.254,0.541,0.234,0.315,0.242,0.277,0.287,0.082,70.7,10.5,9.5,7.5,34.4,27.1,7.5,10.5,49.4,87.3,15.1,31.5,4.9,34.3,97.496749028,92.823294406,24.0,52.6,ok
"García, Adolis",666969,259,7,84,21,32.4,8.1,0.195,0.329,0.27,0.599,0.22,0.362,0.268,0.294,0.296,0.142,71.7,25.6,15.1,10.4,35.9,24.7,7.7,9.7,58.6,92.1,14.6,38.0,9.3,48.0,101.568957067,95.459607133,34.6,45.4,ok
"Ford, Harry",695670,56,2,15,7,26.8,12.5,0.208,0.438,0.321,0.759,0.15,0.27,0.334,0.252,0.272,0.12,68.5,3.4,9.2,6.9,30.8,23.0,6.3,13.0,44.3,82.7,16.8,33.3,9.1,27.3,95.971115294,92.122366667,25.5,40.7,low
"Baty, Brett",683146,389,8,109,34,28.0,8.7,0.213,0.329,0.286,0.615,0.228,0.37,0.275,0.299,0.301,0.142,75.1,55.2,15.2,11.1,27.9,20.5,7.4,10.7,47.1,89.8,12.5,36.0,8.7,40.9,100.851999835,94.647135394,29.1,49.2,ok
"Pereira, Everson",677592,105,5,35,6,33.3,5.7,0.234,0.447,0.305,0.752,0.208,0.407,0.327,0.3,0.282,0.199,74.4,48.9,15.7,10.4,28.1,18.7,8.1,13.4,66.8,88.5,10.0,40.0,13.3,41.7,100.111548333,94.214154833,37.6,54.4,ok
"Mateo, Jorge",622761,143,5,42,8,29.4,5.6,0.244,0.4,0.287,0.687,0.261,0.447,0.3,0.324,0.303,0.186,73.8,35.8,15.4,11.4,26.9,19.9,7.7,6.4,42.3,89.8,13.7,46.2,10.8,45.2,101.489198913,94.99934044,30.3,55.7,ok
"Benson, Will",666181,114,3,38,16,33.3,14.0,0.188,0.333,0.31,0.643,0.189,0.355,0.29,0.3,0.314,0.166,73.5,37.6,13.4,8.8,30.3,19.9,7.7,14.4,48.6,91.1,24.9,32.8,12.7,37.9,100.247945926,94.298298333,36.1,43.4,ok
"Pederson, Joc",592626,375,22,88,44,23.5,11.7,0.244,0.494,0.337,0.831,0.252,0.455,0.358,0.352,0.346,0.203,72.1,21.5,18.7,13.3,36.8,26.2,7.5,9.4,55.3,92.2,14.7,31.8,11.3,51.0,102.156243782,95.76311,30.2,46.2,ok
"Baldwin, Drake",686948,453,20,92,46,20.3,10.2,0.276,0.451,0.36,0.811,0.282,0.504,0.356,0.376,0.367,0.222,75.1,54.2,19.2,15.1,32.2,25.4,7.3,12.2,46.1,91.7,10.6,35.1,13.3,51.6,102.493081883,95.931451071,23.0,50.2,ok
"Bauers, Jake",641343,448,21,111,65,24.8,14.5,0.275,0.5,0.384,0.884,0.257,0.477,0.382,0.369,0.371,0.219,76.7,71.0,21.4,15.9,34.6,25.8,7.7,10.7,50.2,92.5,11.3,36.4,13.9,52.8,103.374189699,96.711314586,27.7,41.2,ok
"Amaya, Miguel",665804,205,5,52,20,25.4,9.8,0.24,0.377,0.345,0.722,0.205,0.328,0.326,0.294,0.315,0.122,70.5,10.4,9.7,7.1,32.7,24.1,7.5,12.4,57.8,87.8,21.6,37.1,7.3,36.3,97.788223548,93.105052927,27.2,45.3,ok
"Valenzuela, Brandon",678218,225,8,61,22,27.1,9.8,0.225,0.38,0.304,0.684,0.241,0.383,0.303,0.312,0.318,0.143,72.6,22.2,10.6,8.1,25.4,19.5,7.9,9.2,52.5,88.1,16.1,38.3,7.8,36.9,99.137657391,93.664301667,25.3,49.9,ok
"Serven, Brian",661531,36,3,7,1,19.4,2.8,0.2,0.457,0.222,0.679,0.249,0.424,0.289,0.298,0.27,0.175,70.4,8.5,17.4,13.6,41.3,32.2,7.5,11.2,57.6,87.5,11.0,28.6,10.7,32.1,98.682345714,93.422058571,24.6,46.1,low
"Hoskins, Rhys",656555,313,13,99,47,31.6,15.0,0.178,0.378,0.307,0.685,0.173,0.349,0.306,0.297,0.305,0.176,72.0,17.2,12.1,8.6,30.3,21.6,8.2,16.9,55.0,89.3,27.1,34.1,12.8,40.9,99.853990366,94.324910732,32.5,42.2,ok
"India, Jonathan",663697,58,2,13,8,22.4,13.8,0.167,0.313,0.31,0.623,0.173,0.289,0.29,0.284,0.315,0.116,71.0,14.6,9.0,7.3,29.9,24.4,7.4,9.8,56.6,85.7,28.3,28.6,5.7,31.4,96.473557778,92.357829714,22.6,39.2,low
"Antonacci, Sam",803011,415,8,65,29,15.7,7.0,0.273,0.401,0.364,0.765,0.278,0.403,0.343,0.345,0.369,0.125,70.0,8.4,9.8,8.4,33.2,28.7,6.7,8.6,49.3,87.5,10.3,37.9,5.7,34.7,97.905947551,93.022924949,14.8,42.8,ok
"Paredes, Isaac",670623,501,16,69,46,13.8,9.2,0.26,0.424,0.351,0.775,0.25,0.377,0.343,0.322,0.343,0.127,67.3,6.8,7.1,6.0,32.7,27.6,7.8,14.9,53.0,86.1,23.4,39.8,5.4,28.7,96.518420486,92.28769187,15.5,44.0,ok
"Teodosio, Bryce",669326,51,0,18,3,35.3,5.9,0.213,0.255,0.26,0.515,0.16,0.236,0.235,0.203,0.21,0.076,70.1,3.8,10.4,6.3,31.3,19.0,6.5,8.1,44.3,83.5,6.4,13.3,6.7,23.3,96.110663571,92.221051111,39.2,54.8,low
"Lowe, Josh",666139,245,9,70,17,28.6,6.9,0.201,0.348,0.259,0.607,0.22,0.4,0.267,0.293,0.277,0.18,74.1,40.5,10.3,7.0,25.5,17.4,7.5,12.2,46.7,89.5,19.2,29.3,8.9,39.5,99.522917273,94.110055621,31.5,56.9,ok
"Chisholm Jr., Jazz",665862,451,17,140,45,31.0,10.0,0.216,0.388,0.295,0.683,0.208,0.363,0.298,0.287,0.289,0.155,73.2,31.5,14.2,10.1,31.8,22.6,7.9,15.7,59.2,90.7,16.2,28.3,9.1,41.9,100.288468672,94.475817734,31.5,45.4,ok
"Moncada, Yoán",660162,130,3,45,17,34.6,13.1,0.189,0.297,0.308,0.605,0.169,0.286,0.281,0.269,0.293,0.117,72.3,30.4,13.7,9.9,29.5,21.5,7.4,11.4,36.4,90.3,15.8,33.3,7.7,40.9,100.980665625,94.815858438,28.8,38.9,ok
"Swanson, Dansby",621020,458,18,106,48,23.1,10.5,0.216,0.404,0.3,0.704,0.223,0.389,0.309,0.306,0.307,0.166,71.5,9.5,14.3,10.2,37.3,26.6,7.6,15.5,55.1,89.5,16.2,29.8,7.6,41.1,99.4357318,93.995690502,30.6,47.2,ok
"Allen, Nick",669397,125,2,24,7,19.2,5.6,0.259,0.348,0.301,0.649,0.21,0.266,0.286,0.237,0.258,0.057,68.8,1.2,10.9,8.2,36.7,27.5,6.7,7.3,57.8,85.2,15.2,23.7,2.2,25.8,95.969972045,92.028324886,24.9,46.7,ok
"Giménez, Andrés",665926,410,8,81,14,19.8,3.4,0.241,0.361,0.287,0.648,0.231,0.322,0.283,0.268,0.281,0.091,68.1,4.4,6.2,4.5,33.3,24.4,7.0,9.6,48.4,85.7,12.9,30.4,3.3,23.8,95.55475068,91.778573367,25.5,57.4,ok
"Fermin, Freddy",666023,213,4,44,17,20.7,8.0,0.193,0.31,0.268,0.578,0.21,0.313,0.26,0.271,0.286,0.103,69.9,6.2,8.9,6.8,32.5,24.9,7.6,13.6,52.4,87.6,15.2,32.9,4.0,28.2,96.611060139,92.457700979,25.7,52.0,ok
"Betts, Mookie",605141,372,15,44,26,11.8,7.0,0.235,0.407,0.29,0.697,0.277,0.434,0.303,0.33,0.329,0.157,69.7,8.6,13.9,12.5,47.2,42.4,7.0,8.4,57.9,90.5,18.9,40.2,7.6,39.2,98.766403113,93.808759302,12.6,42.2,ok
"Vierling, Matt",663837,291,5,49,19,16.8,6.5,0.207,0.335,0.255,0.59,0.256,0.381,0.258,0.304,0.307,0.125,70.9,7.6,13.4,11.0,35.7,29.3,7.4,8.8,58.1,87.9,17.4,36.3,5.0,37.2,98.761562252,93.539494751,18.2,48.0,ok
"Jeffers, Ryan",680777,255,10,42,36,16.5,14.1,0.279,0.484,0.386,0.87,0.253,0.433,0.379,0.356,0.366,0.18,73.3,39.4,14.6,12.4,32.3,27.5,7.2,8.7,50.4,89.3,16.4,34.3,10.3,40.6,100.941546591,94.738408857,16.6,39.5,ok
"Tucker, Kyle",663656,484,11,89,59,18.4,12.2,0.23,0.366,0.326,0.692,0.256,0.385,0.31,0.329,0.351,0.129,71.4,19.6,10.1,8.1,32.3,25.9,7.3,10.1,45.3,88.8,17.0,33.0,6.0,37.5,98.450151091,93.457549939,22.2,48.7,ok
"Schanuel, Nolan",694384,434,7,57,42,13.1,9.7,0.279,0.392,0.356,0.748,0.285,0.389,0.333,0.335,0.363,0.105,68.2,5.8,9.4,8.0,39.1,33.4,6.8,8.0,50.6,87.6,11.9,36.5,2.4,33.4,97.350223232,92.74848156,16.3,44.5,ok
"Duran, Jarren",680776,495,16,142,34,28.7,6.9,0.203,0.353,0.262,0.615,0.229,0.374,0.268,0.292,0.289,0.146,75.0,50.9,17.1,11.7,27.9,19.1,7.6,5.7,43.0,89.7,12.8,31.4,9.6,39.7,101.656550196,94.940178235,34.2,50.4,ok
"Torkelson, Spencer",679529,489,20,149,53,30.5,10.8,0.228,0.418,0.318,0.736,0.221,0.411,0.323,0.318,0.313,0.19,73.2,25.7,14.2,10.3,29.7,21.7,7.8,14.9,51.4,89.3,19.7,41.6,12.9,40.9,99.977272643,94.3961615,30.9,43.5,ok
"Arozarena, Randy",668227,502,17,106,47,21.1,9.4,0.276,0.459,0.369,0.828,0.263,0.417,0.364,0.346,0.359,0.155,70.9,22.4,14.7,11.0,36.0,27.0,7.2,7.6,58.8,90.9,8.6,37.8,7.6,42.9,100.462144121,94.690504788,26.6,46.6,ok
"Franklin, Christian",681047,25,0,7,4,28.0,16.0,0.2,0.25,0.36,0.61,0.145,0.237,0.298,0.271,0.316,0.092,75.0,62.9,8.3,5.7,29.2,20.0,7.1,9.6,25.7,86.1,12.7,15.4,7.7,38.5,97.416485714,93.070415385,33.3,34.2,low
"Osuna, Alejandro",696030,220,1,32,19,14.5,8.6,0.255,0.297,0.347,0.644,0.25,0.306,0.3,0.299,0.343,0.056,71.8,23.7,10.7,9.0,32.4,27.4,7.0,2.0,32.0,86.8,5.1,32.9,0.6,29.2,97.922679872,93.013949615,16.8,47.5,ok
"Rushing, Dalton",687221,245,12,70,23,28.6,9.4,0.253,0.475,0.335,0.81,0.254,0.434,0.352,0.34,0.337,0.18,72.4,15.1,18.2,12.9,31.1,22.1,7.5,12.5,53.7,89.6,18.4,36.5,12.2,44.6,102.086518356,95.196751849,31.5,49.5,ok
"Meidroth, Chase",805367,502,12,115,49,22.9,9.8,0.275,0.411,0.351,0.762,0.235,0.335,0.338,0.295,0.317,0.1,67.1,1.2,8.0,6.5,36.8,30.1,6.6,11.4,58.7,87.8,7.9,33.9,4.5,34.9,97.316932075,92.821394717,19.2,41.0,ok
"Eldridge, Bryce",805811,331,13,87,42,26.3,12.7,0.247,0.434,0.341,0.775,0.248,0.465,0.341,0.351,0.343,0.216,73.7,35.7,18.5,13.8,32.0,23.8,7.4,12.6,45.1,92.1,14.0,35.1,11.9,51.0,102.280280495,95.850261841,26.4,42.9,ok
"Vivas, Jorbit",678391,265,3,38,29,14.3,10.9,0.244,0.329,0.336,0.665,0.241,0.317,0.302,0.296,0.333,0.076,69.2,2.9,7.7,6.5,26.6,22.4,7.6,7.3,44.8,82.5,11.8,33.7,3.1,22.8,94.317075208,91.388548901,17.8,50.2,ok
"Pagés, Pedro",686780,180,4,48,8,26.7,4.4,0.207,0.317,0.25,0.567,0.215,0.333,0.251,0.263,0.262,0.118,72.6,23.4,11.0,8.1,22.4,16.5,7.2,11.3,45.3,86.5,15.1,31.1,5.0,37.2,99.168735254,93.632097265,28.1,51.1,ok
"Moreno, Gabriel",672515,404,9,61,44,15.1,10.9,0.307,0.463,0.384,0.847,0.296,0.453,0.369,0.368,0.379,0.157,71.6,21.4,14.0,12.0,32.5,27.9,7.0,8.4,41.6,89.3,11.7,38.3,7.1,42.4,99.645458299,93.97037381,15.4,42.0,ok
"Marte, Noelvi",682622,201,6,52,10,25.9,5.0,0.189,0.321,0.229,0.55,0.193,0.304,0.241,0.237,0.233,0.111,72.2,27.2,10.9,8.2,28.3,21.2,7.4,9.1,54.6,87.9,10.5,19.4,5.1,30.2,98.929259559,93.570955294,27.5,52.0,ok
"Caballero, José",676609,360,12,86,23,23.9,6.4,0.242,0.39,0.3,0.69,0.232,0.342,0.303,0.282,0.291,0.111,68.7,7.0,7.0,5.1,28.9,21.1,6.8,9.8,50.4,83.8,12.5,32.1,4.1,24.9,95.804944298,91.946426535,27.6,50.6,ok
"Guzman, Denzer",694203,185,5,45,10,24.3,5.4,0.233,0.349,0.279,0.628,0.231,0.339,0.278,0.273,0.277,0.108,74.0,40.1,11.2,8.8,26.0,20.5,8.0,5.5,41.8,86.5,9.6,34.4,5.5,32.8,97.290779219,92.68196748,24.1,51.9,ok
"Perez, Junior",678577,36,3,14,1,38.9,2.8,0.171,0.429,0.194,0.623,0.206,0.516,0.264,0.312,0.228,0.31,75.1,56.3,20.0,12.5,35.0,21.9,7.5,10.9,53.1,91.0,21.3,33.3,14.3,52.4,101.582378182,95.601692381,39.4,51.1,low
"Del Castillo, Adrian",680728,192,5,54,13,28.1,6.8,0.199,0.318,0.253,0.571,0.201,0.335,0.254,0.26,0.255,0.134,72.1,23.9,11.2,8.2,32.6,23.9,6.9,13.3,47.8,88.4,16.2,35.2,6.5,36.8,98.388277213,93.457727603,28.9,48.2,ok
"Triolo, Jared",669707,285,2,59,24,20.7,8.4,0.24,0.311,0.316,0.627,0.246,0.322,0.286,0.292,0.321,0.076,70.6,5.1,14.1,11.2,36.5,28.9,7.6,7.5,47.6,87.6,4.8,33.7,2.6,37.2,98.356740737,93.247481316,22.5,44.5,ok
"Kiner-Falefa, Isiah",643396,132,2,18,12,13.6,9.1,0.277,0.361,0.344,0.705,0.277,0.351,0.317,0.312,0.344,0.074,68.8,4.0,9.4,7.9,31.0,26.2,7.1,6.2,42.9,82.3,10.2,37.3,3.0,26.5,94.875340204,91.75996551,17.6,49.5,ok
"Lee, Jung Hoo",808982,464,9,46,19,9.9,4.1,0.292,0.432,0.328,0.76,0.29,0.383,0.331,0.314,0.328,0.093,68.3,3.7,9.4,8.4,39.4,35.2,7.7,4.1,38.5,86.9,10.7,34.9,2.6,29.3,96.383103026,92.252074473,12.6,47.3,ok
"Palacios, Richie",680700,303,5,57,38,18.8,12.5,0.242,0.358,0.344,0.702,0.248,0.34,0.318,0.315,0.351,0.092,69.1,3.5,10.1,8.1,31.9,25.7,7.3,7.3,51.1,86.4,13.4,37.1,4.0,28.3,96.460996224,92.234216224,21.8,45.5,ok
"Abrams, CJ",682928,525,29,121,46,23.0,8.8,0.278,0.529,0.354,0.883,0.256,0.447,0.378,0.342,0.339,0.191,73.0,28.5,14.8,10.7,32.4,23.4,7.7,13.9,58.3,89.4,18.0,33.8,10.1,41.6,100.088195549,94.285777246,29.2,51.0,ok
"Alcántara, Kevin",682634,25,1,10,2,40.0,8.0,0.217,0.348,0.28,0.628,0.254,0.385,0.28,0.307,0.313,0.131,76.7,69.2,15.4,10.3,30.8,20.5,8.0,10.6,50.0,92.0,7.8,61.5,7.7,30.8,98.767344286,93.866944615,36.4,40.4,low
"Lockridge, Brandon",663604,109,0,32,11,29.4,10.1,0.268,0.309,0.343,0.652,0.217,0.262,0.299,0.259,0.297,0.046,73.2,39.7,15.0,10.6,22.0,15.6,7.0,5.5,45.6,85.9,0.5,18.2,1.6,33.3,99.268810667,93.673027,29.6,45.1,ok
"Kreidler, Ryan",668952,217,5,47,14,21.7,6.5,0.228,0.371,0.281,0.652,0.223,0.379,0.287,0.287,0.277,0.156,74.0,40.9,15.2,11.0,29.4,21.1,7.9,12.2,67.4,87.6,12.1,26.5,7.7,36.1,99.151565455,93.649272222,30.4,53.1,ok
"Durán, Rodolfo",660710,91,3,24,7,26.4,7.7,0.146,0.305,0.222,0.527,0.18,0.323,0.236,0.257,0.253,0.143,72.6,32.1,9.7,7.1,25.2,18.6,7.2,13.6,56.2,87.6,15.8,22.0,8.5,30.5,97.476345862,92.826690526,25.5,45.6,ok
"Isbel, Kyle",664728,221,4,49,12,22.2,5.4,0.232,0.338,0.284,0.622,0.233,0.312,0.276,0.268,0.285,0.079,71.6,16.6,11.7,9.6,33.1,27.2,7.2,2.6,41.0,88.6,12.2,26.8,2.5,34.4,98.73490625,93.542397063,17.9,47.3,ok
"Gonzalez, Jacob",694378,170,6,31,9,18.2,5.3,0.231,0.391,0.284,0.675,0.263,0.412,0.296,0.317,0.314,0.149,71.2,14.0,10.9,8.8,27.8,22.5,7.2,8.0,54.2,89.0,17.0,35.4,4.0,38.1,99.150464603,93.66178696,21.0,57.5,ok
"Lee, Hao-Yu",701678,222,6,52,12,23.4,5.4,0.275,0.425,0.312,0.737,0.239,0.388,0.32,0.293,0.28,0.15,71.1,19.7,15.0,11.3,37.8,28.7,7.0,8.1,56.4,88.8,12.8,36.1,8.2,38.6,99.627001392,94.010070892,28.2,49.2,ok
"Yelich, Christian",592885,375,8,103,36,27.5,9.6,0.226,0.364,0.307,0.671,0.227,0.383,0.296,0.305,0.31,0.156,73.0,29.5,13.6,9.6,29.7,20.8,7.6,11.3,44.5,88.8,3.0,29.3,10.0,43.1,100.384550351,94.534835833,29.9,44.9,ok
"McKinstry, Zach",656716,342,4,51,35,14.9,10.2,0.223,0.33,0.307,0.637,0.242,0.328,0.286,0.294,0.324,0.086,68.3,5.0,6.7,5.8,32.0,27.4,6.7,8.1,41.0,85.7,14.7,38.6,2.4,22.8,95.26253696,91.6337504,15.6,48.4,ok
"Riley, Austin",663586,496,15,155,37,31.3,7.5,0.224,0.372,0.296,0.668,0.214,0.401,0.297,0.303,0.289,0.187,75.8,58.8,17.1,11.8,28.7,19.7,7.6,11.1,45.5,91.3,18.7,33.0,12.6,45.9,102.551881429,95.651386735,32.8,48.3,ok
"Robles, Victor",645302,136,0,22,6,16.2,4.4,0.264,0.32,0.311,0.631,0.241,0.326,0.283,0.276,0.291,0.086,68.1,2.7,5.7,4.4,34.7,27.0,6.7,11.8,55.3,84.1,13.1,34.3,1.9,20.0,94.6654334,91.380915,21.5,55.6,ok
"Joe, Connor",656582,45,1,15,6,33.3,13.3,0.179,0.308,0.289,0.597,0.257,0.397,0.274,0.337,0.356,0.14,72.9,38.7,13.6,10.7,27.1,21.3,7.3,5.4,46.1,92.5,15.2,41.7,8.3,45.8,101.1365025,95.201435417,24.7,40.5,low
"Scott II, Victor",687363,184,2,44,16,23.9,8.7,0.194,0.258,0.276,0.534,0.221,0.293,0.248,0.273,0.302,0.072,68.4,2.8,6.6,4.8,32.0,23.4,6.4,7.5,42.1,86.7,7.2,31.1,0.8,23.8,96.148647451,92.074625098,24.9,46.4,ok
"Young, Jared",676724,247,8,47,18,19.0,7.3,0.267,0.448,0.336,0.784,0.244,0.406,0.342,0.322,0.318,0.162,73.1,32.8,19.1,14.5,34.6,26.2,7.2,7.6,57.0,90.2,10.9,29.0,8.5,47.7,102.230271609,95.483977919,25.6,46.5,ok
"Dubón, Mauricio",643289,479,10,61,29,12.7,6.1,0.26,0.389,0.307,0.696,0.267,0.379,0.306,0.306,0.315,0.112,69.1,4.0,8.2,7.0,33.7,29.0,7.6,4.0,38.6,86.9,15.5,37.2,3.9,29.9,96.641362565,92.344329318,15.9,53.3,ok
"Turner, Trea",607208,538,17,115,35,21.4,6.5,0.247,0.396,0.299,0.695,0.25,0.375,0.304,0.299,0.304,0.125,71.6,19.4,11.8,8.8,33.2,24.8,7.6,8.6,63.5,88.4,10.4,33.5,6.2,39.7,99.035670521,93.620638333,27.0,51.0,ok
"Shaw, Matt",807713,147,4,27,12,18.4,8.2,0.246,0.415,0.322,0.737,0.241,0.359,0.324,0.301,0.318,0.118,69.0,7.3,9.9,8.1,32.0,26.3,7.0,10.0,64.9,86.8,14.8,33.3,4.8,36.2,97.600154118,92.800077059,19.7,47.4,ok
"Carter, Evan",694497,355,8,85,42,23.9,11.8,0.196,0.326,0.302,0.628,0.201,0.324,0.286,0.287,0.306,0.123,71.5,21.4,12.6,8.9,31.2,22.0,7.1,8.0,43.2,87.8,17.6,28.6,5.8,36.2,98.959057264,93.524950189,28.9,40.1,ok
"Wade Jr., LaMonte",664774,97,2,20,16,20.6,16.5,0.222,0.346,0.351,0.697,0.201,0.289,0.319,0.29,0.333,0.088,71.3,8.7,12.0,9.4,31.6,24.8,6.9,8.9,53.7,86.2,11.9,27.9,3.3,34.4,98.021116667,93.234113559,21.2,38.3,ok
"Yastrzemski, Mike",573262,316,9,75,31,23.7,9.8,0.226,0.387,0.31,0.697,0.234,0.371,0.309,0.31,0.319,0.137,71.4,7.7,13.3,10.5,36.2,28.5,7.5,10.9,63.5,90.6,16.7,34.0,7.3,43.2,99.707774314,94.392115833,23.5,42.2,ok
"Seager, Corey",608369,274,12,69,34,25.2,12.4,0.203,0.39,0.307,0.697,0.232,0.456,0.305,0.339,0.331,0.224,71.7,13.4,18.3,12.4,35.3,23.9,6.7,15.3,57.3,91.5,12.9,32.5,15.4,46.7,101.969670588,95.529079112,34.5,51.6,ok
"Henderson, Gunnar",683002,563,20,125,51,22.2,9.1,0.222,0.401,0.304,0.705,0.242,0.401,0.309,0.318,0.323,0.159,74.4,44.7,15.4,11.9,30.4,23.7,7.3,10.3,50.1,89.9,12.3,31.5,7.4,45.2,100.849074233,94.805598545,24.0,47.9,ok
"Foscue, Justin",679822,166,7,43,12,25.9,7.2,0.252,0.45,0.313,0.763,0.231,0.407,0.332,0.309,0.296,0.176,71.0,11.1,15.1,11.9,35.9,28.4,7.2,11.3,57.8,88.8,18.6,34.9,9.2,40.4,99.197233818,93.798269266,20.8,43.1,ok
"Conforto, Michael",624424,220,10,65,26,29.5,11.8,0.226,0.447,0.318,0.765,0.222,0.411,0.329,0.315,0.315,0.189,72.5,30.6,12.2,8.9,29.4,21.4,7.3,11.8,52.7,91.1,18.2,35.9,11.7,43.0,100.652803594,94.802990313,28.9,43.6,ok
"Arias, Gabriel",672356,139,5,58,7,41.7,5.0,0.235,0.371,0.273,0.644,0.22,0.379,0.28,0.274,0.26,0.159,74.4,44.3,19.9,11.1,30.9,17.2,7.4,9.3,46.6,90.5,5.9,36.5,10.8,44.6,102.569431622,95.713031918,46.5,52.7,ok
"Rivas, Leo",660844,130,0,38,16,29.2,12.3,0.13,0.167,0.258,0.425,0.153,0.215,0.213,0.237,0.277,0.062,65.6,0.6,2.2,1.7,35.8,28.2,7.1,16.3,55.1,86.4,19.5,30.1,1.4,15.1,93.399504167,90.76131169,23.6,36.5,ok
"Wilson, Jacob",805779,337,7,39,12,11.6,3.6,0.266,0.388,0.298,0.686,0.262,0.345,0.3,0.282,0.295,0.083,64.7,0.6,7.2,6.1,38.4,33.0,6.2,4.6,38.2,84.1,7.9,31.4,2.5,27.6,95.600927914,91.814204116,14.8,55.9,ok
"White, Tommy",695720,105,2,17,4,16.2,3.8,0.267,0.347,0.295,0.642,0.27,0.387,0.284,0.299,0.298,0.117,69.7,12.9,10.4,8.4,33.3,27.0,7.4,8.3,55.9,85.5,7.2,29.8,6.0,32.1,97.030064048,92.521345833,20.6,55.3,ok
"Robinson, Chuckie",642020,26,0,5,0,19.2,0.0,0.087,0.087,0.087,0.174,0.159,0.181,0.077,0.149,0.159,0.022,69.7,4.9,7.7,4.9,38.5,24.4,7.0,8.6,53.7,85.8,17.8,19.0,0.0,14.3,95.37571875,91.782224375,29.6,60.0,low
"Keaschall, Luke",807712,462,7,72,47,15.6,10.2,0.268,0.375,0.362,0.737,0.241,0.35,0.331,0.312,0.341,0.108,69.3,10.0,7.6,6.5,32.4,27.7,6.7,10.5,50.4,84.8,17.2,36.0,3.1,29.3,96.522091104,92.277599969,17.3,41.4,ok
"Turang, Brice",668930,523,16,132,66,25.2,12.6,0.266,0.448,0.358,0.806,0.257,0.435,0.352,0.343,0.351,0.179,70.0,10.9,14.3,11.3,33.3,26.3,6.8,8.2,49.5,90.5,8.7,38.5,8.0,42.8,100.486070696,94.776636709,22.9,43.1,ok
"Valencia, Eduardo",680664,56,6,15,1,26.8,1.8,0.389,0.833,0.411,1.244,0.272,0.592,0.523,0.376,0.298,0.32,73.4,30.9,21.4,16.4,33.3,25.5,8.1,16.6,56.4,91.0,12.5,48.7,25.6,56.4,102.769687,96.494159231,24.8,52.6,low
"Eaton, Nate",681987,39,1,12,5,30.8,12.8,0.125,0.281,0.282,0.563,0.16,0.316,0.267,0.291,0.311,0.156,73.4,31.9,11.1,7.2,24.4,15.9,7.6,11.4,42.9,88.4,14.9,45.0,10.0,35.0,99.038324,93.8449225,35.1,47.0,low
"Genao, Angel",694197,38,1,3,3,7.9,7.9,0.294,0.412,0.368,0.78,0.261,0.407,0.349,0.33,0.339,0.146,71.3,18.9,9.3,7.5,48.8,39.6,7.2,4.5,38.2,92.7,3.0,32.3,9.7,51.6,100.474368125,95.286436129,16.1,47.0,low
"Lopez, Nicky",670032,216,1,36,9,16.7,4.2,0.267,0.308,0.308,0.616,0.235,0.281,0.277,0.252,0.279,0.047,66.1,0.3,4.5,3.6,34.5,27.7,6.8,7.5,57.7,84.4,1.9,25.6,0.0,21.4,94.138795316,91.097102102,18.6,52.0,ok
"McCutchen, Andrew",457705,83,1,22,9,26.5,10.8,0.192,0.26,0.277,0.537,0.164,0.265,0.249,0.237,0.253,0.101,70.5,4.3,8.1,5.7,28.3,19.9,7.4,14.2,54.2,87.1,22.7,28.8,5.8,28.8,97.078163462,92.559219808,32.5,44.9,ok
"Ballesteros, Moisés",694208,222,6,46,21,20.7,9.5,0.211,0.332,0.284,0.616,0.239,0.383,0.276,0.308,0.311,0.144,73.0,37.2,17.8,13.5,35.5,27.0,7.1,7.7,55.3,90.5,9.5,32.9,8.4,47.1,101.389383506,95.239381688,25.8,48.8,ok
"Robert Jr., Luis",673357,178,6,44,17,24.7,9.6,0.214,0.346,0.287,0.633,0.226,0.367,0.282,0.294,0.298,0.142,76.8,69.5,13.7,10.3,23.2,17.4,7.7,10.3,55.4,88.6,15.1,25.6,5.1,35.9,100.922554068,94.550572735,28.6,49.7,ok
"Bogaerts, Xander",593428,474,11,84,59,17.7,12.4,0.221,0.329,0.321,0.65,0.247,0.377,0.295,0.324,0.345,0.131,72.5,29.2,14.4,11.3,35.9,28.2,7.4,9.8,50.1,88.6,6.3,28.7,6.1,39.9,99.780233354,94.133382416,22.5,41.3,ok
"Walton, Donovan",622268,158,3,27,16,17.1,10.1,0.277,0.438,0.365,0.803,0.247,0.366,0.355,0.316,0.339,0.119,67.4,0.4,9.4,7.1,41.4,31.5,6.9,13.1,53.3,87.6,11.0,40.2,4.5,33.0,97.428863148,93.026819722,23.9,50.2,ok
"Outman, James",681546,170,5,71,10,41.8,5.9,0.172,0.318,0.235,0.553,0.162,0.273,0.246,0.225,0.226,0.111,72.3,19.3,10.7,6.4,26.7,16.1,7.8,15.2,48.2,86.5,16.2,33.7,7.0,37.2,97.862507442,92.931253721,41.8,51.2,ok
"Haggerty, Sam",664059,47,0,16,2,34.0,4.3,0.159,0.182,0.213,0.395,0.156,0.181,0.186,0.182,0.209,0.026,70.2,9.3,3.8,2.7,24.5,17.3,7.0,6.5,50.0,83.4,16.8,25.0,0.0,7.1,93.570359231,90.785179615,31.8,52.7,low
"Dezenzo, Zach",701305,83,1,32,7,38.6,8.4,0.211,0.303,0.277,0.58,0.191,0.294,0.262,0.248,0.259,0.103,75.1,51.4,10.3,6.5,23.0,14.5,7.7,11.4,39.1,84.9,9.9,43.2,9.1,31.8,97.416716364,92.779819318,38.3,46.2,ok
"Machado, Manny",592518,523,23,113,57,21.6,10.9,0.212,0.407,0.297,0.704,0.243,0.427,0.306,0.329,0.328,0.184,74.7,45.2,16.1,12.3,29.9,22.8,7.9,7.6,57.0,90.8,13.1,33.0,10.0,44.9,101.412210747,95.123545833,25.9,48.0,ok
"Mayo, Coby",691723,323,16,105,23,32.5,7.1,0.213,0.436,0.276,0.712,0.221,0.428,0.308,0.309,0.284,0.207,75.6,57.2,17.5,11.9,29.0,19.8,7.4,13.9,47.7,92.2,20.3,32.8,12.0,48.4,103.989057396,96.572928698,31.4,46.6,ok
"Contreras, Willson",575929,469,25,118,52,25.2,11.1,0.281,0.533,0.391,0.924,0.259,0.5,0.399,0.382,0.376,0.241,77.1,71.8,16.9,12.0,25.7,18.3,7.9,11.3,50.3,90.2,18.6,32.4,14.1,45.0,102.777609493,95.695624436,31.2,48.7,ok
"Díaz, Elias",553869,163,5,38,4,23.3,2.5,0.226,0.381,0.248,0.629,0.227,0.361,0.269,0.263,0.25,0.134,74.9,49.8,14.3,10.7,24.2,18.1,7.0,8.0,56.4,86.7,14.8,32.5,6.7,37.5,99.531357627,93.823699744,27.9,55.4,ok
"Halpin, Petey",690984,130,2,26,3,20.0,2.3,0.223,0.322,0.252,0.574,0.242,0.372,0.252,0.28,0.27,0.129,69.8,4.9,11.0,8.4,30.1,23.1,7.0,8.2,48.5,85.8,19.9,40.4,7.1,27.3,97.021505,92.545105217,25.7,59.7,ok
"Ibáñez, Andy",628451,26,0,3,1,11.5,3.8,0.087,0.087,0.115,0.202,0.152,0.205,0.095,0.164,0.174,0.053,70.5,6.4,5.3,4.3,36.8,29.8,7.5,10.0,53.2,86.3,13.6,22.7,0.0,18.2,94.855231818,91.427615909,19.2,65.8,low
"Garcia, Maikel",672580,299,3,46,24,15.4,8.0,0.264,0.374,0.321,0.695,0.272,0.372,0.308,0.315,0.331,0.101,71.9,19.5,16.4,14.6,38.1,33.8,7.1,3.8,41.5,90.1,9.0,33.2,4.8,40.6,100.264751404,94.329187093,14.2,39.5,ok
"Marte, Ketel",606466,519,21,78,41,15.0,7.9,0.249,0.446,0.314,0.76,0.278,0.469,0.328,0.351,0.342,0.191,74.8,46.6,18.9,15.2,33.0,26.5,7.7,9.4,60.0,90.2,13.6,32.7,10.2,42.8,102.027537641,95.190832513,21.1,48.3,ok
"Pozo, Yohel",650968,49,1,6,1,12.2,2.0,0.255,0.34,0.265,0.605,0.247,0.307,0.263,0.249,0.26,0.061,69.5,8.2,11.0,9.2,29.3,24.5,7.5,6.8,45.5,86.7,15.4,33.3,2.4,26.2,95.802899048,91.931934524,16.2,63.1,low
"Julien, Edouard",666397,276,3,71,39,25.7,14.1,0.208,0.292,0.322,0.614,0.247,0.401,0.286,0.338,0.356,0.155,71.5,15.2,14.7,11.5,35.7,27.9,7.0,11.6,38.7,90.8,7.7,42.4,7.3,49.7,100.290529512,94.870091768,23.7,40.9,ok
"Kelenic, Jarred",672284,77,1,28,8,36.4,10.4,0.232,0.304,0.312,0.616,0.236,0.447,0.282,0.332,0.315,0.211,73.2,30.4,21.8,13.6,34.6,21.6,7.4,13.1,54.4,92.5,11.7,36.6,19.5,48.8,102.179324762,96.054645122,39.4,45.8,ok
"Young, Jacob",696285,375,10,63,25,16.8,6.7,0.251,0.405,0.315,0.72,0.267,0.398,0.317,0.322,0.331,0.131,69.4,2.1,14.0,11.2,43.1,34.7,7.2,12.0,61.9,88.3,11.3,37.5,6.1,33.2,98.038562847,93.122660952,21.1,43.5,ok
"Narváez, Carlos",665966,232,3,76,16,32.8,6.9,0.173,0.248,0.251,0.499,0.199,0.323,0.231,0.271,0.276,0.124,71.9,18.9,9.8,6.7,30.1,20.5,7.5,11.0,50.7,91.0,17.6,39.6,7.5,37.3,99.545663125,94.227794252,33.5,52.1,ok
"Ozuna, Marcell",542303,280,8,80,27,28.6,9.6,0.203,0.327,0.286,0.613,0.221,0.389,0.275,0.304,0.303,0.168,73.5,36.9,12.8,8.9,29.3,20.3,7.5,15.8,48.5,89.1,20.3,38.6,7.7,36.8,99.258350119,93.737043155,30.1,42.6,ok
"Larnach, Trevor",663616,371,10,65,41,17.5,11.1,0.273,0.429,0.359,0.788,0.262,0.405,0.348,0.334,0.35,0.143,72.0,21.1,15.0,11.2,32.3,24.1,7.2,8.5,45.6,87.4,14.1,37.0,7.6,36.6,98.89487,93.468306398,25.7,43.8,ok
"Cowser, Colton",681297,296,11,89,37,30.1,12.5,0.216,0.361,0.315,0.676,0.216,0.423,0.304,0.324,0.315,0.207,74.8,49.7,13.6,9.3,25.6,17.5,7.5,15.1,40.3,87.2,13.6,30.2,11.2,39.1,100.430073253,94.247427229,33.2,43.3,ok
"Albies, Ozzie",645277,534,20,75,38,14.0,7.1,0.251,0.422,0.307,0.729,0.231,0.36,0.316,0.286,0.291,0.129,68.8,5.6,8.1,6.5,33.6,26.9,7.2,12.3,57.7,86.9,18.6,33.3,4.4,28.2,96.639844126,92.366729927,20.7,56.1,ok
"Guerrero Jr., Vladimir",665489,486,7,65,47,13.4,9.7,0.263,0.356,0.337,0.693,0.282,0.399,0.307,0.333,0.357,0.118,76.2,61.8,19.8,16.1,31.9,26.0,7.6,1.2,30.8,90.2,8.7,29.5,6.8,43.0,102.187009676,95.264400892,20.0,47.5,ok
"Mayer, Marcelo",691785,228,3,44,16,19.3,7.0,0.22,0.312,0.282,0.594,0.201,0.297,0.267,0.259,0.269,0.096,74.6,47.2,12.2,9.1,27.6,20.6,7.9,8.4,41.8,86.1,8.8,25.6,6.1,36.0,98.190519259,93.099594383,26.5,50.1,ok
"Rivero, Sebastián",665861,56,0,11,3,19.6,5.4,0.25,0.288,0.291,0.579,0.261,0.304,0.262,0.272,0.301,0.044,70.0,10.1,5.5,4.2,20.9,16.0,7.4,7.7,44.6,82.0,19.2,26.2,0.0,14.3,93.130049048,91.015841951,25.7,58.6,low
"Lindor, Francisco",596019,300,12,56,34,18.7,11.3,0.243,0.437,0.337,0.774,0.256,0.463,0.34,0.354,0.348,0.207,72.5,25.6,13.7,10.6,32.9,25.6,7.6,14.3,54.7,91.4,18.5,31.9,9.7,49.3,100.246496923,94.823502512,24.2,45.9,ok
"Chapman, Matt",656305,352,7,81,37,23.0,10.5,0.235,0.368,0.324,0.692,0.21,0.319,0.308,0.286,0.307,0.11,76.1,61.1,13.3,10.3,22.0,17.0,7.4,3.6,43.0,88.2,11.3,25.3,6.6,35.8,99.903629381,94.013173319,23.1,44.5,ok
"Tolbert, Tyler",686475,106,3,19,9,17.9,8.5,0.304,0.457,0.363,0.82,0.257,0.335,0.358,0.306,0.327,0.078,69.2,2.7,10.4,7.4,37.7,26.8,6.7,6.4,43.8,85.2,8.6,33.3,3.8,28.2,96.685278857,92.355437,27.7,51.5,ok
"Edwards, Xavier",669364,529,6,70,61,13.2,11.5,0.285,0.386,0.365,0.751,0.263,0.366,0.332,0.316,0.347,0.103,68.5,2.7,7.9,6.6,39.0,32.9,6.5,5.6,44.9,87.0,10.1,36.9,3.5,28.9,96.567058196,92.33362951,16.5,43.4,ok
"Tawa, Tim",694374,216,7,51,15,23.6,6.9,0.24,0.396,0.29,0.686,0.239,0.39,0.299,0.299,0.292,0.151,74.1,39.2,17.9,13.1,33.1,24.1,7.2,10.0,57.9,90.7,10.2,30.0,8.1,44.7,100.927634507,94.90541,27.9,49.2,ok
"Lukes, Nathan",664770,322,6,45,18,14.0,5.6,0.264,0.363,0.316,0.679,0.258,0.331,0.303,0.287,0.311,0.073,67.0,3.4,6.1,5.1,34.6,28.7,6.4,6.6,47.7,86.6,9.6,28.3,1.2,26.8,96.044068852,92.036946025,16.5,50.1,ok
"Stanton, Giancarlo",519317,96,3,29,6,30.2,6.3,0.256,0.422,0.302,0.724,0.245,0.466,0.316,0.326,0.292,0.221,79.3,92.9,22.2,14.2,30.3,19.4,8.4,11.7,72.4,94.1,21.5,37.7,18.0,44.3,104.792676774,97.001259672,38.7,45.1,ok
"Crawford, Justin",702222,367,2,67,21,18.3,5.7,0.267,0.359,0.314,0.673,0.258,0.321,0.298,0.282,0.307,0.063,69.0,5.5,11.2,9.3,32.2,26.6,7.0,3.4,39.8,87.1,2.1,29.0,1.5,34.8,98.164782879,93.126328977,18.4,53.8,ok
"Caminero, Junior",691406,542,35,102,66,18.8,12.2,0.273,0.538,0.363,0.901,0.271,0.504,0.382,0.368,0.363,0.233,79.8,87.3,24.8,19.2,30.1,23.3,8.7,8.1,62.5,92.7,8.9,27.4,13.4,50.1,105.537934194,97.26663078,24.5,43.4,ok
"Melendez, MJ",669004,144,4,50,17,34.7,11.8,0.192,0.35,0.315,0.665,0.166,0.317,0.302,0.28,0.294,0.15,74.1,40.6,18.3,12.5,30.9,21.1,7.9,13.3,58.8,94.2,23.6,29.2,11.1,55.6,102.543121111,96.42811507,34.5,46.7,ok
"Nootbaar, Lars",663457,226,3,47,32,20.8,14.2,0.218,0.321,0.327,0.648,0.235,0.4,0.294,0.326,0.342,0.165,73.2,36.2,16.9,14.0,38.2,31.6,6.8,8.2,53.4,91.5,7.1,32.0,8.8,49.0,101.088751233,95.262542345,19.1,36.7,ok
"Wong, Connor",657136,191,4,46,16,24.1,8.4,0.248,0.382,0.332,0.714,0.226,0.353,0.319,0.3,0.313,0.127,72.7,28.0,12.1,9.0,26.5,19.7,7.4,13.4,49.2,86.7,12.3,28.2,5.6,36.3,99.601555424,93.853413932,25.2,46.7,ok
"Valera, George",671655,38,0,8,1,21.1,2.6,0.216,0.297,0.237,0.534,0.193,0.232,0.235,0.198,0.215,0.039,72.2,21.3,12.8,9.8,36.2,27.9,6.8,5.5,48.4,90.2,9.6,20.7,0.0,34.5,98.353314,93.687662414,22.1,57.1,low
"Volpe, Anthony",683011,194,1,45,22,23.2,11.3,0.24,0.322,0.325,0.647,0.231,0.315,0.294,0.29,0.32,0.084,71.7,17.8,12.2,9.2,31.0,23.4,7.1,8.8,58.0,87.8,12.3,32.3,4.0,35.4,98.237672857,93.25549968,25.7,44.6,ok
"Ruiz, Esteury",665923,174,6,52,19,29.9,10.9,0.259,0.469,0.378,0.847,0.204,0.341,0.373,0.31,0.333,0.137,71.7,20.2,8.2,5.5,25.5,17.3,7.7,17.9,36.8,85.4,24.4,41.9,8.6,29.0,96.955320227,92.478595227,32.1,47.8,ok
"Mangum, Jake",663968,377,4,69,21,18.3,5.6,0.298,0.389,0.353,0.742,0.256,0.339,0.329,0.292,0.315,0.083,67.8,3.2,7.0,5.6,32.4,25.7,6.7,4.2,35.7,85.5,4.6,27.7,2.2,28.1,96.248423534,92.202831321,21.0,58.2,ok
"Alexander, Blaze",677942,246,4,54,16,22.0,6.5,0.312,0.439,0.368,0.807,0.308,0.467,0.354,0.361,0.365,0.158,72.4,25.2,14.9,11.2,34.2,25.6,7.5,8.3,49.5,92.6,9.9,42.4,7.2,48.8,100.733289383,95.319990309,25.9,56.1,ok
"Basabe, Osleivis",678545,56,3,9,0,16.1,0.0,0.283,0.491,0.304,0.795,0.238,0.381,0.34,0.278,0.262,0.143,73.4,30.3,13.9,11.2,34.7,28.1,7.3,8.2,68.9,87.8,10.2,28.9,9.1,35.6,98.772184545,93.535625349,20.6,51.8,low
"Meyers, Jake",676694,153,3,31,10,20.3,6.5,0.213,0.326,0.268,0.594,0.205,0.316,0.264,0.256,0.261,0.11,67.5,4.6,6.7,5.4,32.5,26.1,7.0,8.5,50.8,85.4,15.4,25.2,6.3,27.9,95.71614,91.922291171,21.8,52.2,ok
"Ward, Ryan",669899,60,3,17,5,28.3,8.3,0.218,0.455,0.283,0.738,0.239,0.424,0.319,0.316,0.303,0.185,71.6,10.9,11.9,8.4,26.2,18.5,7.6,8.9,61.2,88.5,19.3,36.8,10.8,28.9,99.059412105,93.695693243,27.6,53.2,low
"Buxton, Byron",621439,381,25,93,27,24.4,7.1,0.257,0.529,0.32,0.849,0.247,0.496,0.361,0.344,0.312,0.249,74.2,41.3,16.8,11.9,30.4,21.5,8.0,14.2,57.7,90.3,20.9,32.5,16.9,47.1,101.660030313,95.319384902,31.7,52.7,ok
"Hays, Austin",669720,55,2,15,1,27.3,1.8,0.241,0.37,0.255,0.625,0.286,0.373,0.264,0.286,0.299,0.087,72.8,24.5,14.8,9.6,34.4,22.3,7.2,15.1,58.8,85.4,-2.2,33.3,5.1,41.0,98.3683295,93.411256154,38.0,53.2,low
"Kuroda-Grauer, Joshua",811965,62,1,7,1,11.3,1.6,0.417,0.583,0.435,1.018,0.317,0.416,0.442,0.329,0.339,0.099,68.3,8.3,13.8,12.0,33.0,28.7,6.9,5.4,43.2,89.3,7.8,35.8,1.9,40.4,99.397748889,94.069604906,14.6,54.4,low
"Aranda, Jonathan",666018,531,15,122,58,23.0,10.9,0.286,0.428,0.371,0.799,0.265,0.449,0.351,0.353,0.356,0.184,70.1,12.2,15.1,12.0,35.5,28.1,7.1,7.6,50.7,91.0,13.9,38.8,10.2,45.6,100.77132848,94.772040585,21.6,46.4,ok
"Adames, Willy",642715,485,19,133,36,27.4,7.4,0.224,0.413,0.285,0.698,0.217,0.377,0.304,0.289,0.279,0.16,72.3,25.9,11.8,8.7,28.1,20.8,8.2,15.3,58.2,87.2,22.5,35.4,8.3,38.2,98.595817389,93.355806933,28.7,48.2,ok
"Taylor, Samad",669392,102,1,30,12,29.4,11.8,0.33,0.398,0.41,0.808,0.283,0.351,0.364,0.326,0.369,0.068,68.2,4.0,2.2,1.6,31.5,23.0,6.9,14.4,51.5,85.2,6.7,36.7,3.3,25.0,94.857600769,91.468560769,24.3,41.1,ok
"Massey, Michael",686681,348,11,62,17,17.8,4.9,0.272,0.441,0.303,0.744,0.24,0.398,0.321,0.295,0.278,0.157,72.1,14.5,13.2,10.8,35.7,29.4,7.2,15.8,58.1,89.8,16.7,32.7,6.3,40.5,99.063701832,93.827104962,20.2,52.5,ok
"Caglianone, Jac",695506,455,22,117,29,25.7,6.4,0.276,0.492,0.327,0.819,0.282,0.515,0.352,0.362,0.334,0.233,77.3,76.0,24.1,17.9,31.5,23.4,7.9,9.8,44.4,93.2,7.6,33.4,14.4,55.1,105.661941569,97.674404328,28.5,53.5,ok
"Hoerner, Nico",663538,542,7,46,40,8.5,7.4,0.265,0.365,0.325,0.69,0.301,0.377,0.307,0.327,0.359,0.076,68.3,1.4,7.7,6.9,39.7,35.9,7.3,5.4,47.0,85.8,12.3,37.3,1.1,28.4,96.025801614,92.0300813,12.1,46.1,ok
"Bohm, Alec",664761,492,14,69,32,14.0,6.5,0.242,0.383,0.301,0.684,0.258,0.404,0.3,0.318,0.319,0.145,70.9,12.2,15.2,13.0,39.9,34.2,7.2,4.9,46.1,90.5,8.7,33.7,5.8,42.3,100.072088796,94.363434084,16.0,46.5,ok
"Jackson, Jeremiah",669236,247,7,50,8,20.2,3.2,0.227,0.361,0.256,0.617,0.245,0.388,0.267,0.287,0.275,0.143,72.9,28.3,16.4,12.2,35.2,26.3,7.5,9.8,61.7,89.4,7.8,28.9,7.5,38.5,100.264053333,94.402163297,26.9,58.4,ok
"McAdoo, Charles",807727,48,2,12,3,25.0,6.3,0.25,0.409,0.292,0.701,0.251,0.402,0.303,0.302,0.292,0.151,73.3,35.1,10.2,8.1,27.1,21.6,7.1,4.3,40.5,87.3,19.9,33.3,9.1,30.3,96.69151,92.48317,19.5,49.2,low
"Adell, Jo",666176,506,18,123,21,24.3,4.2,0.232,0.396,0.287,0.683,0.256,0.447,0.299,0.328,0.31,0.191,77.2,70.3,15.4,11.6,23.9,17.9,7.7,9.8,47.6,90.0,16.6,34.1,9.9,44.3,102.135854128,95.323059796,28.2,53.9,ok
"Pereda, Jhonny",640902,75,2,13,4,17.3,5.3,0.257,0.343,0.307,0.65,0.298,0.398,0.291,0.328,0.344,0.101,70.7,5.1,13.3,10.9,35.4,29.2,7.4,6.5,47.4,89.3,7.2,43.9,3.5,45.6,99.619876552,94.185426316,18.3,49.2,ok
"Grisham, Trent",663757,415,16,72,49,17.3,11.8,0.221,0.417,0.312,0.729,0.249,0.439,0.32,0.339,0.337,0.19,70.6,7.9,19.4,16.4,42.0,35.5,7.4,13.7,64.0,90.7,17.8,35.2,9.9,46.1,100.831053288,94.903854178,18.3,39.6,ok
"Montgomery, Braden",695731,236,4,53,26,22.5,11.0,0.238,0.374,0.331,0.705,0.241,0.368,0.315,0.315,0.334,0.127,69.6,8.5,14.7,10.5,33.3,23.8,6.6,8.0,49.4,89.2,5.4,29.2,3.9,41.6,100.066306711,94.308900526,30.5,50.1,ok
"Troy, Tommy",694371,134,4,31,13,23.1,9.7,0.223,0.364,0.299,0.663,0.238,0.412,0.295,0.317,0.312,0.174,72.1,24.1,13.0,9.9,27.3,20.7,7.0,13.0,52.9,84.8,10.7,32.2,10.0,31.1,98.394866364,93.215152386,24.9,44.8,ok
"House, Brady",691781,245,9,71,15,29.0,6.1,0.239,0.403,0.294,0.697,0.264,0.45,0.305,0.334,0.318,0.186,73.7,35.0,16.8,11.7,30.6,21.2,7.6,10.7,45.6,89.3,8.6,31.4,11.6,46.8,101.928868718,95.283263355,33.5,51.8,ok
"Williams, Alika",675961,150,2,37,6,24.7,4.0,0.266,0.396,0.304,0.7,0.219,0.288,0.306,0.245,0.26,0.07,69.5,3.9,7.3,5.7,22.5,17.5,7.0,6.9,45.0,85.2,17.1,29.5,1.0,33.7,97.009011538,92.548584175,21.9,53.4,ok
"Ewing, A.J.",805999,350,7,91,33,26.0,9.4,0.249,0.375,0.323,0.698,0.258,0.407,0.31,0.325,0.332,0.149,70.3,11.6,14.8,11.4,32.9,25.3,6.5,9.2,40.7,89.9,12.0,35.7,8.0,43.8,100.480921171,94.653161131,24.5,45.7,ok
"Kurtz, Nick",701762,434,21,141,79,32.5,18.2,0.256,0.483,0.396,0.879,0.243,0.482,0.38,0.373,0.386,0.239,78.2,80.4,21.5,13.9,26.1,16.9,7.8,12.8,49.6,93.4,11.9,38.9,18.0,57.3,106.18726581,98.206808714,36.9,43.1,ok
"Straw, Myles",664702,240,3,33,16,13.8,6.7,0.221,0.332,0.274,0.606,0.254,0.351,0.268,0.29,0.305,0.097,68.7,6.8,7.6,6.8,37.1,32.9,7.0,7.8,53.7,85.7,15.3,36.3,3.2,25.3,95.623832391,91.841851639,13.1,41.5,ok
"Freeman, Cody",683227,25,0,6,2,24.0,8.0,0.227,0.227,0.292,0.519,0.119,0.137,0.243,0.161,0.193,0.018,65.8,0.0,3.3,2.5,33.3,25.0,6.6,8.4,67.5,80.2,13.9,17.6,0.0,11.8,91.70032125,89.941293125,26.1,44.2,low
"Murakami, Munetaka",808959,388,28,129,68,33.2,17.5,0.233,0.539,0.371,0.91,0.219,0.512,0.386,0.37,0.36,0.294,74.8,50.2,25.3,15.1,35.6,21.3,7.9,18.9,45.7,94.3,16.6,30.7,21.2,60.3,104.755695106,97.788106364,42.4,40.6,ok
"Wilson, Weston",642215,115,4,33,14,28.7,12.2,0.2,0.35,0.304,0.654,0.181,0.294,0.296,0.268,0.289,0.113,72.1,20.0,11.8,8.0,25.0,17.0,7.6,14.6,49.5,85.1,13.3,32.8,6.1,32.8,97.794989394,92.897494697,33.9,45.4,ok
"Bellinger, Cody",641355,434,11,70,55,16.1,12.7,0.259,0.42,0.35,0.77,0.277,0.419,0.339,0.35,0.369,0.141,69.5,3.0,12.7,10.4,38.8,31.7,7.9,13.5,61.8,89.1,17.7,40.5,6.2,37.3,98.527418235,93.513308072,20.3,45.7,ok
"Nuñez, Nasim",683083,408,1,85,44,20.8,10.8,0.228,0.265,0.313,0.578,0.223,0.271,0.269,0.27,0.31,0.048,68.5,3.6,6.4,5.2,28.2,22.8,6.8,4.9,41.5,84.9,7.8,29.5,0.4,22.7,95.049477154,91.554414247,21.2,46.8,ok
"Griffin, Konnor",804606,247,5,65,16,26.3,6.5,0.276,0.404,0.332,0.736,0.24,0.392,0.324,0.305,0.302,0.152,75.6,57.3,14.9,10.6,25.6,18.1,7.7,9.5,44.8,87.8,5.9,31.5,8.1,37.0,100.4346265,94.324818868,31.7,51.8,ok
"Waldschmidt, Ryan",814439,214,2,63,14,29.4,6.5,0.272,0.382,0.332,0.714,0.248,0.376,0.316,0.302,0.31,0.128,72.3,20.2,13.1,8.7,35.5,23.7,7.0,9.8,42.5,88.0,17.1,49.2,6.8,32.6,98.336473538,93.240676589,32.7,43.6,ok
"Jensen, Carter",695600,464,16,136,46,29.3,9.9,0.219,0.401,0.297,0.698,0.197,0.351,0.305,0.28,0.28,0.154,73.8,36.5,14.7,10.9,30.9,22.9,7.1,6.5,48.3,90.6,21.0,30.7,10.0,42.9,101.304349143,95.080725197,29.8,44.9,ok
"Nimmo, Brandon",607043,502,13,108,40,21.5,8.0,0.271,0.436,0.337,0.773,0.29,0.493,0.338,0.367,0.356,0.203,72.2,27.5,16.8,13.2,33.0,25.9,7.0,7.1,50.6,92.3,11.1,36.2,10.6,51.4,101.987596839,95.883192701,22.1,50.8,ok
"Mitchell, Garrett",669003,415,8,134,51,32.3,12.3,0.249,0.399,0.348,0.747,0.252,0.433,0.331,0.344,0.351,0.181,77.5,79.1,21.0,13.8,30.3,19.9,7.2,9.3,59.0,92.6,1.9,31.9,12.8,50.9,104.229091062,96.733886756,36.5,43.5,ok
"France, Ty",664034,356,17,79,19,22.2,5.3,0.292,0.514,0.349,0.863,0.25,0.432,0.37,0.327,0.316,0.182,72.1,21.1,17.3,12.9,31.5,23.4,7.6,10.9,48.5,92.3,13.2,36.7,10.2,49.4,101.540397131,95.535071926,27.2,52.5,ok
"Hernaiz, Darell",687231,136,1,24,13,17.6,9.6,0.242,0.292,0.321,0.613,0.219,0.276,0.283,0.265,0.301,0.057,69.1,8.2,7.0,5.6,28.3,22.7,7.1,6.5,39.5,84.5,14.0,31.6,1.0,25.5,95.660494792,91.854290521,23.0,50.9,ok
"Friedl, TJ",670770,245,3,57,20,23.3,8.2,0.158,0.237,0.242,0.479,0.174,0.24,0.223,0.232,0.258,0.066,71.0,11.0,9.3,7.0,36.0,27.2,6.8,9.5,62.7,87.4,21.5,25.0,2.6,27.4,96.754076111,92.42933028,25.3,43.9,ok
"d'Arnaud, Travis",518595,54,1,14,4,25.9,7.4,0.188,0.271,0.278,0.549,0.185,0.361,0.255,0.285,0.275,0.176,71.4,16.7,9.5,6.7,31.7,22.2,7.8,12.3,58.9,86.9,12.7,35.3,14.7,29.4,97.035481176,92.517740588,31.0,51.3,low
"Mastrobuoni, Miles",670156,30,0,10,2,33.3,6.7,0.192,0.192,0.241,0.433,0.145,0.201,0.201,0.184,0.202,0.056,68.0,2.6,9.7,7.9,41.9,34.2,6.3,6.0,44.7,90.1,11.1,27.8,0.0,22.2,95.03356,91.757005882,20.9,40.2,low
"Carroll, Corbin",682998,529,18,115,62,21.7,11.7,0.247,0.488,0.344,0.832,0.249,0.445,0.357,0.345,0.347,0.195,75.4,58.3,17.8,13.3,33.7,25.2,7.5,10.5,65.9,91.6,15.0,30.4,12.0,48.4,101.816370234,95.424397625,27.2,45.4,ok
"McNeil, Jeff",643446,375,6,44,25,11.7,6.7,0.259,0.356,0.314,0.67,0.274,0.367,0.297,0.307,0.328,0.094,68.5,3.1,6.7,5.8,34.0,29.5,7.2,7.1,39.5,86.6,13.9,37.2,2.0,31.6,96.4385648,92.276309465,16.1,57.2,ok
"Soler, Jorge",624585,361,12,118,35,32.7,9.7,0.203,0.373,0.291,0.664,0.206,0.362,0.294,0.294,0.296,0.156,74.9,51.2,15.1,9.9,25.7,16.8,7.9,11.8,53.0,88.5,14.5,35.1,10.9,42.6,101.551384059,94.859988762,36.9,47.3,ok
"Thomas, Lane",657041,344,11,84,41,24.4,11.9,0.231,0.401,0.326,0.727,0.243,0.379,0.322,0.319,0.337,0.135,72.5,24.5,13.6,10.9,31.7,25.5,6.9,8.5,59.9,89.6,18.7,37.3,6.9,41.9,100.01487789,94.340635668,21.8,41.2,ok
"Varsho, Daulton",662139,415,8,82,35,19.8,8.4,0.231,0.355,0.299,0.654,0.233,0.355,0.29,0.29,0.301,0.122,72.9,28.5,10.0,8.0,25.4,20.3,7.7,9.7,53.7,86.8,15.1,33.4,6.1,37.8,98.486877551,93.277227211,20.9,52.9,ok
"Alvarez, Francisco",682626,322,13,93,34,28.9,10.6,0.246,0.423,0.334,0.757,0.236,0.444,0.334,0.335,0.326,0.208,74.2,43.1,18.9,13.1,29.8,20.7,7.3,10.5,57.9,90.2,11.3,32.3,16.4,45.0,102.508998947,95.496391429,33.7,45.5,ok
"Barrosa, Jorge",678489,157,2,42,14,26.8,8.9,0.197,0.341,0.282,0.623,0.163,0.254,0.278,0.235,0.253,0.09,69.1,3.0,5.2,3.8,32.6,23.7,7.7,14.3,54.0,87.5,19.8,33.3,5.1,25.3,96.017479048,92.098872289,26.9,44.3,ok
"Story, Trevor",596115,176,3,57,8,32.4,4.5,0.206,0.303,0.244,0.547,0.212,0.309,0.242,0.248,0.253,0.096,71.1,15.1,13.2,9.2,29.5,20.6,7.4,10.7,51.4,88.9,12.9,30.0,3.6,41.8,99.268155636,93.840743853,31.7,55.4,ok
"Kepler, Max",596146,124,2,28,11,22.6,8.9,0.216,0.333,0.282,0.615,0.203,0.342,0.27,0.275,0.277,0.139,71.5,15.9,12.7,9.8,29.7,22.9,7.4,7.5,46.6,88.9,20.4,35.3,8.2,41.2,99.330382381,93.795364286,24.6,52.8,ok
"Castro, Willi",650489,424,13,115,35,27.1,8.3,0.262,0.416,0.33,0.746,0.232,0.392,0.329,0.306,0.304,0.16,72.9,28.2,12.5,8.8,25.2,17.7,7.3,9.4,47.0,87.8,19.0,31.6,8.2,40.5,100.519621439,94.363259811,31.1,54.2,ok
"Chaparro, Andrés",665953,131,7,31,16,23.7,12.2,0.225,0.486,0.344,0.83,0.238,0.469,0.362,0.361,0.354,0.232,74.5,48.6,15.7,11.4,29.4,21.4,7.3,11.4,54.0,88.6,14.6,28.7,12.5,47.5,101.15524875,94.9712085,31.6,46.2,ok
"Vaughn, Andrew",683734,259,5,39,29,15.1,11.2,0.3,0.457,0.39,0.847,0.269,0.393,0.372,0.34,0.365,0.124,70.5,14.0,14.3,11.7,42.0,34.2,7.2,7.9,51.5,89.8,9.7,32.3,5.9,42.5,99.60419914,94.320198763,20.2,38.8,ok
"Raley, Luke",670042,287,15,93,15,32.4,5.2,0.225,0.439,0.284,0.723,0.252,0.486,0.313,0.342,0.31,0.234,75.3,57.2,18.4,11.3,30.5,18.7,7.3,14.7,59.2,90.8,15.1,40.1,15.7,47.1,102.124981786,95.507658563,40.9,54.1,ok
"Rooker, Brent",667670,202,10,64,19,31.7,9.4,0.201,0.391,0.282,0.673,0.208,0.438,0.294,0.316,0.291,0.23,74.0,41.1,19.1,12.1,29.1,18.5,7.1,13.3,45.7,89.9,19.7,34.2,15.5,41.9,101.773379828,95.03524069,38.4,49.7,ok
"Horwitz, Spencer",687462,339,10,48,44,14.2,13.0,0.26,0.414,0.366,0.78,0.229,0.37,0.347,0.326,0.344,0.141,68.9,4.6,10.2,8.8,34.5,29.6,7.0,9.2,49.6,86.9,17.0,27.0,7.5,32.0,97.365646777,92.769787469,15.4,40.7,ok
"Rosario, Amed",642708,200,10,52,12,26.0,6.0,0.227,0.427,0.27,0.697,0.243,0.421,0.299,0.307,0.288,0.178,73.8,40.0,14.5,10.6,29.4,21.4,7.4,6.7,50.7,90.3,13.0,38.2,11.0,39.0,101.282893529,94.869859118,26.8,54.2,ok
"Caratini, Victor",605170,331,7,67,31,20.2,9.4,0.227,0.333,0.317,0.65,0.238,0.384,0.293,0.321,0.334,0.147,71.0,13.2,13.3,10.7,41.1,32.9,7.0,11.5,53.5,89.6,12.4,39.0,6.7,39.5,98.571156875,93.734973812,21.8,41.7,ok
"Hernández, Heriberto",681715,343,18,96,33,28.0,9.6,0.228,0.453,0.306,0.759,0.245,0.472,0.329,0.344,0.324,0.227,74.7,49.8,19.1,13.4,35.9,25.1,7.8,14.0,62.7,91.6,12.3,33.0,12.7,49.1,101.862358396,95.522908774,34.1,46.0,ok
"Naylor, Bo",666310,90,2,21,6,23.3,6.7,0.143,0.238,0.2,0.438,0.215,0.399,0.199,0.29,0.267,0.184,71.8,14.2,14.0,12.3,27.9,24.5,7.6,10.4,51.9,89.6,18.9,30.2,11.1,42.6,99.851973125,94.187324921,14.8,45.2,ok
"O'Hearn, Ryan",656811,398,17,86,31,21.6,7.8,0.27,0.454,0.334,0.788,0.254,0.41,0.343,0.321,0.321,0.156,70.8,9.1,12.1,9.7,33.5,26.9,7.1,11.8,45.6,89.3,13.9,34.8,7.2,43.5,99.284518188,94.02285558,22.0,47.0,ok
"Soderstrom, Tyler",691016,453,19,91,53,20.1,11.7,0.245,0.472,0.338,0.81,0.246,0.411,0.349,0.328,0.339,0.165,74.4,45.1,17.7,13.9,30.7,24.0,7.5,10.2,53.5,90.7,11.1,31.0,9.5,45.4,101.631681895,95.094575115,22.9,45.9,ok
"Bell, Josh",605137,491,16,102,40,20.8,8.1,0.256,0.424,0.318,0.742,0.249,0.437,0.325,0.326,0.312,0.189,72.0,25.8,14.1,11.1,31.9,25.2,7.9,9.3,55.3,89.9,14.3,32.9,9.8,41.9,100.173850173,94.381993295,23.8,50.1,ok
"Smith, Cam",701358,446,16,109,35,24.4,7.8,0.223,0.395,0.292,0.687,0.246,0.435,0.301,0.327,0.315,0.189,77.7,77.2,17.1,12.4,25.7,18.6,7.7,10.7,48.8,89.3,11.6,29.5,11.6,45.1,102.196160342,95.362323699,28.7,48.5,ok
"Ramírez, Agustín",682663,160,2,36,17,22.5,10.6,0.25,0.364,0.338,0.702,0.226,0.305,0.313,0.282,0.317,0.08,75.8,57.9,14.7,10.5,27.2,19.5,7.7,8.4,51.5,89.7,6.0,26.7,3.8,41.0,101.657736604,94.995617429,30.7,48.1,ok
"Vargas, Miguel",678246,538,28,97,69,18.0,12.8,0.239,0.489,0.345,0.834,0.262,0.518,0.359,0.383,0.368,0.256,74.1,44.2,17.8,14.3,33.5,27.0,7.8,12.6,65.5,90.7,20.5,40.1,14.6,46.3,100.878939176,94.956372204,21.1,45.2,ok
"Díaz, Yandy",650490,530,18,76,45,14.3,8.5,0.304,0.468,0.374,0.842,0.291,0.452,0.366,0.36,0.367,0.161,73.7,39.0,19.9,17.4,34.1,29.8,7.6,1.6,28.4,91.0,6.4,30.1,7.0,47.9,102.501353065,95.760340806,14.4,46.8,ok
"Gonzalez, Romy",663853,73,1,21,5,28.8,6.8,0.185,0.308,0.264,0.572,0.231,0.335,0.258,0.289,0.306,0.103,71.8,18.5,15.9,10.4,29.5,19.3,6.8,7.0,42.6,87.6,3.9,31.1,4.4,37.8,100.275229545,94.17205,33.8,52.4,low
"Peraza, Oswald",672724,316,7,93,12,29.4,3.8,0.228,0.35,0.276,0.626,0.224,0.341,0.277,0.271,0.273,0.117,72.5,27.5,12.0,8.6,26.7,19.1,7.6,5.9,47.6,87.6,10.2,32.5,6.9,37.9,99.672525253,93.904648071,29.7,56.2,ok
"Stephenson, Tyler",663886,344,12,88,37,25.6,10.8,0.248,0.419,0.331,0.75,0.254,0.47,0.33,0.35,0.339,0.217,70.7,8.4,14.7,11.3,34.5,26.5,7.4,12.6,53.5,91.2,18.1,41.0,12.7,46.5,100.427515283,94.892288491,25.4,44.8,ok
"Prieto, César",693409,31,0,4,0,12.9,0.0,0.065,0.065,0.065,0.13,0.232,0.351,0.057,0.249,0.232,0.12,69.3,0.0,18.2,15.0,51.5,42.5,7.0,9.9,65.9,87.7,4.3,25.9,3.8,29.6,98.085631538,93.5204288,21.3,52.8,low
"Cronenworth, Jake",630105,284,4,61,26,21.5,9.2,0.227,0.303,0.312,0.615,0.225,0.318,0.283,0.286,0.31,0.093,71.5,17.9,11.2,8.7,30.4,23.6,7.2,7.8,39.4,87.3,9.8,32.3,3.7,31.3,97.59089914,92.830763189,22.5,46.3,ok
"Wetherholt, JJ",802139,542,16,85,62,15.7,11.4,0.244,0.375,0.349,0.724,0.253,0.429,0.326,0.348,0.359,0.176,71.9,19.9,14.1,11.6,37.2,30.5,7.5,11.4,63.7,89.6,11.6,34.6,7.1,43.7,99.256498413,93.951843554,20.2,41.7,ok
"Realmuto, J.T.",592663,353,8,75,26,21.2,7.4,0.217,0.339,0.292,0.631,0.256,0.384,0.282,0.319,0.33,0.128,73.3,34.8,14.0,10.8,34.6,26.8,7.4,12.0,55.4,89.7,10.7,34.6,4.6,40.3,99.7122915,94.276088958,24.0,47.3,ok
"Call, Alex",669743,154,1,26,18,16.9,11.7,0.254,0.331,0.357,0.688,0.211,0.268,0.315,0.276,0.322,0.058,66.6,3.9,3.7,3.1,29.8,25.2,6.7,7.3,40.4,83.8,13.9,24.5,1.9,17.9,93.269416226,90.804724381,16.2,42.9,ok
"Valdez, Esmerlyn",699013,227,14,82,34,36.1,15.0,0.254,0.55,0.366,0.916,0.206,0.453,0.39,0.34,0.327,0.248,74.8,51.2,20.1,12.4,30.8,19.0,8.0,15.4,50.3,91.7,19.3,35.5,20.9,49.1,102.773729273,95.973552545,39.5,41.7,ok
"Spence, Lucas",828599,41,0,15,3,36.6,7.3,0.162,0.189,0.244,0.433,0.177,0.253,0.208,0.236,0.257,0.076,73.1,30.9,19.5,11.8,34.1,20.6,7.1,11.1,49.3,92.7,4.0,27.3,4.5,40.9,101.240806364,95.038287273,38.0,50.3,low
"Ramírez, José",608070,397,10,48,54,12.1,13.6,0.236,0.382,0.341,0.723,0.285,0.43,0.317,0.355,0.384,0.145,70.1,12.3,12.8,10.9,32.3,27.4,7.3,9.9,61.0,89.3,19.4,38.0,5.1,41.6,99.924268425,94.148530479,15.6,45.9,ok
"Marchán, Rafael",665561,92,2,14,2,15.2,2.2,0.102,0.17,0.141,0.311,0.181,0.248,0.143,0.207,0.216,0.068,66.1,0.0,3.0,2.5,34.3,28.9,7.5,12.5,51.6,83.2,25.4,32.4,2.7,18.9,93.161534054,90.718603562,16.7,49.7,ok
"Monasterio, Andruw",655316,278,6,55,22,19.8,7.9,0.261,0.43,0.321,0.751,0.246,0.388,0.326,0.308,0.312,0.142,69.7,4.3,11.5,9.5,33.8,27.8,6.9,10.7,56.9,88.4,21.4,40.7,8.0,33.2,97.934787857,93.105518163,18.3,45.8,ok
"Bolte, Henry",703607,304,6,83,20,27.3,6.6,0.268,0.372,0.341,0.713,0.244,0.368,0.32,0.309,0.322,0.125,77.0,73.6,22.4,15.6,30.1,20.9,7.7,7.6,44.3,90.9,1.6,27.0,7.4,47.3,104.328249462,96.565852054,33.2,50.6,ok
"McMahon, Ryan",641857,301,10,91,23,30.2,7.6,0.215,0.369,0.28,0.649,0.235,0.397,0.287,0.304,0.298,0.162,74.6,49.0,19.0,13.7,32.4,23.5,7.4,10.7,51.1,91.3,13.6,33.0,9.8,48.9,101.963831429,95.547845769,31.5,46.4,ok
"Trevino, Jose",624431,102,4,20,1,19.6,1.0,0.242,0.394,0.25,0.644,0.203,0.281,0.278,0.214,0.211,0.078,68.8,3.3,11.6,9.2,37.2,29.4,7.2,8.2,66.9,86.2,10.3,22.2,2.5,32.1,97.325232368,92.841781711,23.2,51.2,ok
"Grichuk, Randal",545341,197,10,46,7,23.4,3.6,0.277,0.548,0.305,0.853,0.282,0.484,0.36,0.34,0.31,0.202,74.3,43.7,20.8,15.9,33.8,26.0,7.7,8.9,62.0,91.3,14.9,38.5,11.9,48.3,102.780019722,95.920969161,25.1,52.3,ok
"Bichette, Bo",666182,539,12,97,35,18.0,6.5,0.267,0.386,0.314,0.7,0.28,0.413,0.307,0.324,0.327,0.133,70.0,14.7,13.8,11.3,33.5,27.3,7.2,2.8,28.5,89.4,8.1,36.3,6.2,40.2,100.549363267,94.587048762,19.4,53.1,ok
"García Jr., Luis",671277,420,24,68,19,16.2,4.5,0.278,0.541,0.31,0.851,0.284,0.495,0.362,0.347,0.316,0.211,74.2,42.9,19.3,16.0,32.9,27.3,7.4,10.5,63.3,91.6,11.7,33.9,12.1,46.2,102.259848303,95.548984195,19.3,53.0,ok
"Perez, Salvador",521692,484,16,97,18,20.0,3.7,0.215,0.365,0.261,0.626,0.233,0.413,0.272,0.3,0.281,0.179,71.6,18.1,13.6,10.5,30.9,23.9,7.7,11.0,57.1,88.9,15.8,34.6,9.6,41.9,99.98973736,94.137316461,25.3,56.8,ok
"Walker, Christian",572233,497,23,117,42,23.5,8.5,0.234,0.447,0.312,0.759,0.227,0.39,0.33,0.306,0.306,0.163,74.4,44.2,15.9,11.7,27.8,20.5,7.4,7.9,47.8,89.4,14.5,31.6,9.4,41.6,101.118328909,94.803586231,29.8,50.6,ok
"Stott, Bryson",681082,473,9,79,48,16.7,10.1,0.266,0.419,0.343,0.762,0.273,0.408,0.335,0.335,0.35,0.135,69.9,7.2,13.7,11.4,37.7,31.4,7.2,9.9,54.8,89.4,14.5,35.8,6.1,39.2,98.989646765,93.728813853,18.7,41.9,ok
"Naylor, Josh",647304,497,10,63,39,12.7,7.8,0.267,0.373,0.331,0.704,0.276,0.397,0.313,0.324,0.34,0.121,70.1,8.8,13.3,11.2,38.5,32.3,7.5,8.0,45.7,87.7,12.5,36.0,4.9,36.8,98.792921554,93.558131325,17.9,51.7,ok
"Schwarber, Kyle",656941,536,37,182,80,34.0,14.9,0.247,0.535,0.366,0.901,0.237,0.496,0.384,0.367,0.359,0.259,77.1,74.3,16.9,11.9,24.4,17.1,7.5,14.8,66.9,93.2,21.0,39.7,17.7,52.4,103.89143985,96.723081203,34.4,43.8,ok
"Bericoto, Victor",682674,71,4,20,1,28.2,1.4,0.271,0.486,0.282,0.768,0.222,0.456,0.329,0.29,0.233,0.234,74.5,51.8,13.5,10.1,29.8,22.3,7.6,13.6,50.4,89.9,9.4,30.0,14.0,50.0,101.159068,94.9753508,27.9,57.0,low
"Fernandez, Jose",699912,180,3,41,7,22.8,3.9,0.256,0.351,0.29,0.641,0.243,0.349,0.284,0.276,0.278,0.106,74.4,46.4,14.6,11.3,29.6,23.0,7.8,7.8,49.8,88.1,11.4,27.5,3.8,39.7,100.523258226,94.41312121,24.5,47.3,ok
"Quero, Edgar",700337,210,3,42,16,20.0,7.6,0.208,0.262,0.279,0.541,0.224,0.318,0.249,0.278,0.298,0.095,68.9,3.6,12.2,9.8,36.9,29.7,6.9,4.8,50.3,90.7,9.7,27.0,2.7,38.5,99.07030875,93.996412448,21.2,49.9,ok
"Hinds, Rece",677956,38,0,19,1,50.0,2.6,0.114,0.2,0.158,0.358,0.131,0.157,0.16,0.155,0.176,0.025,73.0,40.3,7.0,3.9,18.6,10.4,7.7,10.9,37.2,85.2,23.5,23.5,0.0,23.5,96.95602125,92.819059333,46.0,56.1,low
"Gorman, Nolan",669357,229,7,74,25,32.3,10.9,0.194,0.318,0.279,0.597,0.197,0.351,0.266,0.278,0.283,0.154,73.1,30.5,15.5,9.5,29.1,17.9,7.6,17.2,48.1,89.3,22.3,34.6,9.2,43.8,100.915263692,94.585516692,38.9,49.9,ok
"Norby, Connor",681393,253,4,74,28,29.2,11.1,0.204,0.319,0.316,0.635,0.193,0.333,0.292,0.291,0.308,0.14,70.4,7.1,8.5,6.2,28.9,20.9,7.1,18.0,39.1,87.1,18.7,30.8,7.0,36.4,97.460973472,92.855096434,32.1,49.4,ok
"Rojas, Miguel",500743,192,3,19,13,9.9,6.8,0.284,0.408,0.332,0.74,0.289,0.404,0.322,0.323,0.338,0.115,69.2,6.0,14.3,12.4,38.4,33.2,7.1,7.4,46.5,87.3,14.5,36.1,5.7,37.3,98.437837143,93.296583203,15.8,48.2,ok
"Lewis, Royce",668904,373,13,96,34,25.7,9.1,0.243,0.426,0.316,0.742,0.246,0.422,0.324,0.325,0.32,0.176,75.2,55.1,17.0,11.7,30.2,20.8,8.1,11.3,71.9,90.2,20.3,35.0,12.1,42.9,101.260484333,94.883616318,34.0,48.2,ok
"Loftin, Nick",679845,309,5,47,31,15.2,10.0,0.235,0.375,0.325,0.7,0.234,0.339,0.312,0.301,0.326,0.105,69.0,5.2,9.4,8.0,39.7,33.6,7.2,8.8,52.9,86.9,14.2,35.6,4.0,28.0,96.519426972,92.358897373,16.1,40.6,ok
"Gray, Tristan",656484,188,4,60,10,31.9,5.3,0.225,0.324,0.267,0.591,0.218,0.322,0.261,0.263,0.266,0.104,72.7,31.1,10.0,6.5,24.2,15.8,7.1,7.0,40.4,88.5,14.3,38.5,6.0,37.6,99.69709193,93.943316637,33.9,56.2,ok
"Wiemer, Joey",686894,83,3,29,12,34.9,14.5,0.286,0.514,0.398,0.912,0.217,0.349,0.397,0.315,0.341,0.131,71.3,34.5,16.9,12.1,27.7,19.8,7.2,5.3,42.0,88.8,2.2,29.3,10.0,39.0,100.456284,94.588400513,31.9,40.3,ok
"Trout, Mike",545361,474,20,122,82,25.7,17.3,0.242,0.442,0.382,0.824,0.256,0.501,0.359,0.384,0.395,0.245,75.0,52.3,16.3,12.9,26.6,21.1,7.5,6.9,44.0,90.2,18.0,36.0,16.0,47.0,102.870264318,95.868922319,23.7,40.0,ok
"Murphy, Sean",669221,31,0,13,0,41.9,0.0,0.129,0.161,0.129,0.29,0.162,0.196,0.127,0.156,0.162,0.033,70.4,15.7,14.7,9.8,29.4,19.6,7.7,10.2,40.4,84.5,6.6,22.2,0.0,33.3,98.840172222,93.420086111,37.9,55.2,low
"Clark, Max",703601,68,1,16,4,23.5,5.9,0.27,0.413,0.324,0.737,0.261,0.344,0.323,0.294,0.316,0.083,72.8,25.0,6.8,5.8,20.4,17.5,7.4,5.6,40.2,85.8,17.6,40.4,2.1,34.0,97.249519583,92.723158936,15.7,51.7,low
"Harper, Bryce",547180,538,25,112,88,20.8,16.4,0.26,0.495,0.379,0.874,0.273,0.501,0.377,0.39,0.394,0.228,74.3,46.2,17.0,12.1,29.4,21.0,7.4,12.7,46.2,90.2,12.3,36.5,11.0,44.8,101.600720059,95.097906083,30.0,49.5,ok
"Cruz, Oneil",665833,283,14,98,30,34.6,10.6,0.264,0.472,0.35,0.822,0.255,0.49,0.357,0.358,0.342,0.235,78.4,77.2,24.9,15.7,34.7,21.9,7.6,7.7,42.9,96.0,7.6,34.9,16.7,59.2,107.079730933,98.929093333,37.8,43.6,ok
"Shewmake, Braden",669699,91,3,16,2,17.6,2.2,0.259,0.424,0.27,0.694,0.246,0.411,0.295,0.294,0.265,0.165,69.6,2.5,10.8,8.2,40.0,30.2,7.1,11.1,70.0,89.9,13.8,30.1,6.9,37.0,98.701058286,93.606660145,23.5,61.6,ok
"Lombard Jr., George",806146,42,2,9,5,21.4,11.9,0.27,0.459,0.357,0.816,0.285,0.428,0.359,0.354,0.373,0.142,71.8,20.3,9.1,6.8,25.5,18.9,7.4,9.5,48.6,84.7,9.8,50.0,11.1,32.1,96.569917857,92.60298037,27.7,44.4,low
"De La Cruz, Bryan",650559,36,2,8,2,22.2,5.6,0.333,0.567,0.389,0.956,0.252,0.418,0.401,0.33,0.332,0.166,71.3,18.5,12.2,9.2,28.6,21.5,7.5,14.2,50.0,87.0,7.1,37.5,8.3,37.5,98.7956125,93.453719583,30.1,55.7,low
"Hernández, Enrique",571771,29,1,8,1,27.6,3.4,0.214,0.393,0.241,0.634,0.193,0.326,0.274,0.239,0.221,0.132,69.9,8.6,13.3,10.3,31.1,24.1,7.4,8.3,55.2,87.5,10.9,15.0,10.0,35.0,98.395426,93.211412,24.6,60.7,low
"Fry, David",681807,168,6,51,25,30.4,14.9,0.182,0.336,0.304,0.64,0.168,0.261,0.289,0.258,0.292,0.093,70.9,12.5,7.3,5.4,22.8,16.8,8.1,15.4,57.5,85.5,18.3,26.1,6.5,32.6,96.855913478,92.508059341,31.2,42.7,ok
"Thompson, Sterlin",694514,77,2,21,5,27.3,6.5,0.232,0.377,0.312,0.689,0.219,0.357,0.308,0.295,0.3,0.138,75.4,55.5,12.2,9.2,24.4,18.5,7.0,8.4,40.0,86.6,8.0,31.3,6.3,43.8,100.340930417,94.17716,30.1,50.0,ok
"Rojas, Josh",668942,80,1,13,3,16.3,3.8,0.224,0.303,0.253,0.556,0.179,0.256,0.247,0.207,0.21,0.077,69.0,3.8,7.6,6.2,39.0,31.5,7.2,8.9,51.5,85.8,17.6,29.7,1.6,29.7,96.392903871,92.226165968,21.6,50.5,ok
"Wagaman, Eric",676572,47,2,11,4,23.4,8.5,0.19,0.333,0.277,0.61,0.23,0.368,0.276,0.304,0.312,0.138,72.4,31.1,13.2,9.5,26.4,18.9,7.1,4.2,39.2,82.8,1.4,38.7,6.5,22.6,95.41089,92.434680645,30.5,41.2,low
"Semien, Marcus",543760,413,14,92,31,22.3,7.5,0.21,0.354,0.269,0.623,0.243,0.39,0.275,0.302,0.3,0.147,68.5,2.5,9.4,7.4,34.6,27.0,7.8,15.2,58.0,86.4,18.9,36.0,7.0,34.6,97.25753014,92.664899965,24.5,49.9,ok
"Davis, Henry",680779,254,8,55,22,21.7,8.7,0.17,0.3,0.261,0.561,0.199,0.333,0.255,0.282,0.289,0.134,74.3,44.2,14.5,11.2,28.0,21.6,7.3,11.6,62.1,89.9,21.1,26.9,8.8,39.2,100.397555422,94.40192747,25.2,53.7,ok
"Jackson, Alex",656577,69,1,23,1,33.3,1.4,0.303,0.409,0.333,0.742,0.191,0.264,0.327,0.22,0.226,0.073,72.9,29.3,8.3,5.7,22.6,15.4,7.3,9.2,54.0,87.4,8.0,23.3,2.3,34.9,99.013712632,93.522780789,30.6,58.1,low
"Greene, Riley",682985,492,16,133,61,27.0,12.4,0.273,0.45,0.366,0.816,0.258,0.478,0.355,0.362,0.356,0.221,75.6,58.2,16.4,11.6,28.0,19.8,7.3,15.6,43.2,90.5,16.7,39.1,14.6,48.3,102.50780966,95.726997415,29.8,46.3,ok
"Meadows, Parker",678009,39,0,10,2,25.6,5.1,0.25,0.333,0.308,0.641,0.212,0.277,0.287,0.25,0.273,0.065,70.1,1.5,3.8,3.0,30.2,24.2,7.2,6.5,44.8,85.3,13.3,30.8,3.8,19.2,94.482146154,91.241073077,20.3,45.4,low
"Karros, Kyle",691720,396,10,81,47,20.5,11.9,0.265,0.424,0.361,0.785,0.256,0.405,0.346,0.339,0.357,0.149,70.2,6.5,12.4,9.8,32.4,25.6,7.0,7.2,42.9,89.7,13.4,40.8,8.0,41.6,100.386770615,94.478939385,23.8,44.7,ok
"Sánchez, Gary",596142,220,10,44,39,20.0,17.7,0.22,0.446,0.368,0.814,0.23,0.432,0.361,0.36,0.376,0.202,71.5,22.9,19.2,14.1,37.5,27.5,7.3,11.4,59.7,88.5,15.8,29.1,9.0,37.3,100.508316418,94.377995896,27.3,35.4,ok
"Peña, Jeremy",665161,335,14,67,21,20.0,6.3,0.288,0.477,0.343,0.82,0.282,0.423,0.356,0.335,0.34,0.141,72.2,13.6,14.0,9.9,33.7,23.8,7.5,12.3,60.9,88.3,12.3,32.8,5.4,39.8,99.654303802,93.923679917,29.9,54.4,ok
"Castellanos, Nick",592206,122,4,34,5,27.9,4.1,0.191,0.339,0.221,0.56,0.244,0.4,0.238,0.285,0.271,0.156,69.7,10.1,12.4,8.4,32.9,22.3,7.7,15.5,45.7,87.7,13.0,42.2,8.4,37.3,98.254014286,93.44007,33.5,57.0,ok
"Contreras, William",661388,498,12,69,46,13.9,9.2,0.257,0.381,0.329,0.71,0.262,0.437,0.313,0.334,0.334,0.175,73.3,35.2,19.1,15.6,38.5,31.5,7.2,8.2,58.0,90.0,12.1,31.7,7.9,43.5,101.092687158,94.866643958,20.4,47.0,ok
"León, Sandy",506702,44,0,18,0,40.9,0.0,0.091,0.091,0.091,0.182,0.135,0.17,0.081,0.132,0.135,0.035,67.0,2.3,1.6,1.1,27.4,19.3,7.0,14.9,51.7,81.9,17.1,23.1,0.0,19.2,93.574700769,90.968209615,29.7,56.7,low
"Ohtani, Shohei",660271,530,29,122,70,23.0,13.2,0.295,0.556,0.392,0.948,0.297,0.581,0.397,0.41,0.397,0.284,74.6,49.2,21.5,15.1,38.6,27.1,7.9,13.3,51.1,93.5,12.9,39.6,16.7,52.6,103.798470976,96.807851037,30.7,46.5,ok
"Higashioka, Kyle",543309,186,7,47,19,25.3,10.2,0.218,0.37,0.306,0.676,0.219,0.351,0.303,0.295,0.307,0.133,71.0,11.3,11.6,8.9,32.6,24.9,7.3,12.7,48.8,88.2,17.3,35.6,8.5,38.1,99.114666552,93.791557241,26.3,44.2,ok
"Fermín, José",665877,263,5,33,25,12.5,9.5,0.238,0.351,0.313,0.664,0.254,0.347,0.297,0.303,0.328,0.093,68.1,2.1,9.1,8.0,39.6,35.1,7.4,7.7,63.5,86.7,16.3,33.2,2.0,32.2,96.7785203,92.5165389,13.6,38.9,ok
"Perkins, Blake",663368,101,1,22,10,21.8,9.9,0.157,0.258,0.25,0.508,0.196,0.295,0.235,0.264,0.285,0.099,70.4,8.7,10.2,8.0,31.4,24.7,7.4,9.4,64.7,86.4,13.4,23.5,4.4,33.8,97.263370606,92.781445846,20.9,43.4,ok
"Johnston, Troy",687859,373,3,63,32,16.9,8.6,0.282,0.391,0.349,0.74,0.281,0.384,0.328,0.326,0.35,0.103,70.1,5.5,13.2,10.2,38.2,29.6,6.8,10.2,44.4,89.6,13.2,41.0,2.2,37.0,98.410696194,93.371830449,23.2,51.7,ok
"Velázquez, Nelson",676369,88,4,26,7,29.5,8.0,0.205,0.41,0.273,0.683,0.256,0.495,0.295,0.355,0.326,0.238,74.9,55.8,24.5,15.6,39.8,25.3,7.4,15.2,57.7,94.6,17.6,40.7,13.0,63.0,102.921911481,97.131947407,37.6,49.6,ok
"Torres, Bryan",663494,121,4,25,10,20.7,8.3,0.229,0.385,0.292,0.677,0.234,0.363,0.297,0.291,0.298,0.129,66.0,1.0,3.2,2.6,37.4,30.1,6.5,8.9,50.3,87.0,9.7,37.2,4.8,29.1,96.130136585,92.225480976,21.1,45.7,ok
"Bregman, Alex",608324,562,16,88,63,15.7,11.2,0.255,0.407,0.347,0.754,0.244,0.366,0.334,0.315,0.339,0.121,69.8,3.3,10.4,9.0,37.7,32.8,7.0,14.2,66.2,88.3,17.1,31.8,4.5,37.7,97.890139652,93.080690398,15.5,41.0,ok
"Stubbs, Garrett",596117,46,0,10,2,21.7,4.3,0.122,0.122,0.196,0.318,0.197,0.242,0.159,0.232,0.263,0.045,67.2,0.0,3.2,2.6,31.7,26.3,7.1,10.3,45.5,86.2,12.2,25.0,0.0,31.3,96.500295333,92.250147667,20.9,53.8,low
"Steer, Spencer",668715,384,16,86,35,22.4,9.1,0.238,0.421,0.319,0.74,0.246,0.452,0.325,0.341,0.33,0.206,71.2,8.3,15.3,11.6,34.4,26.2,7.4,13.4,59.0,89.7,16.9,35.5,12.4,39.1,99.548552583,94.118224167,25.3,45.3,ok
"Jones, Jahmai",663330,130,4,42,12,32.3,9.2,0.203,0.356,0.277,0.633,0.237,0.402,0.281,0.311,0.308,0.165,73.2,33.2,18.3,12.1,31.7,21.0,7.7,14.1,54.3,90.9,14.9,34.2,9.2,44.7,101.989355263,95.373791867,35.0,49.8,ok
"Bleday, JJ",668709,403,20,85,57,21.1,14.1,0.223,0.443,0.336,0.779,0.243,0.439,0.341,0.351,0.356,0.196,73.9,35.9,14.4,10.8,29.4,22.1,7.3,13.7,54.3,88.7,22.7,39.1,9.8,40.9,100.081582344,94.206254039,26.1,46.3,ok
"Fulford, Braxton",690924,71,1,29,6,40.8,8.5,0.177,0.29,0.254,0.544,0.138,0.232,0.244,0.207,0.219,0.094,71.6,21.4,7.5,4.9,20.9,13.6,6.6,10.8,53.8,87.1,26.8,22.9,8.6,31.4,97.62265,92.811325,34.9,44.9,low
"Bailey, Patrick",672275,260,6,65,19,25.0,7.3,0.186,0.297,0.244,0.541,0.23,0.379,0.241,0.29,0.285,0.149,72.9,33.0,12.7,9.5,31.1,23.1,7.3,7.3,39.5,90.3,13.4,31.8,6.9,39.8,99.560783721,94.137972398,26.6,50.3,ok
"O'Hoppe, Logan",681351,257,4,64,17,24.9,6.6,0.209,0.294,0.27,0.564,0.197,0.328,0.255,0.264,0.262,0.131,72.1,25.5,14.6,10.7,30.5,22.4,7.4,13.0,60.7,86.9,17.6,29.5,9.8,35.3,98.729469302,93.384755,28.8,51.6,ok
"Rice, Ben",700250,509,33,128,61,25.1,12.0,0.251,0.533,0.344,0.877,0.263,0.508,0.373,0.371,0.356,0.245,72.7,25.2,19.3,14.9,35.2,27.3,7.7,13.2,55.0,92.2,14.3,38.8,15.1,48.9,102.004076792,95.566513344,25.6,43.8,ok
"Hicks, Liam",689414,452,16,43,48,9.5,10.6,0.282,0.442,0.37,0.812,0.252,0.351,0.356,0.316,0.348,0.099,68.3,4.4,11.2,10.2,38.2,34.8,6.9,7.4,50.8,84.8,14.5,27.4,4.0,28.2,96.333571676,92.170123295,10.4,41.0,ok
"Jones, Spencer",682987,155,5,56,16,36.1,10.3,0.21,0.384,0.297,0.681,0.22,0.426,0.299,0.317,0.305,0.207,77.6,78.2,14.6,9.0,24.5,15.1,7.9,13.0,43.3,94.3,19.7,39.0,14.6,58.0,103.622960244,96.872259878,38.7,53.3,ok
"Madrigal, Nick",663611,52,0,3,7,5.8,13.5,0.273,0.295,0.385,0.68,0.232,0.286,0.32,0.298,0.35,0.054,65.6,1.2,3.8,3.6,38.5,35.7,6.4,3.8,43.0,88.7,9.8,29.3,0.0,24.4,95.824097143,92.126663171,8.7,50.0,low
"Susac, Daniel",691740,161,3,36,8,22.4,5.0,0.243,0.375,0.289,0.664,0.249,0.369,0.29,0.296,0.3,0.12,68.7,3.9,9.3,7.1,28.0,21.4,7.5,13.1,49.1,86.3,16.9,42.1,5.3,32.5,97.0900975,92.54504875,23.8,55.6,ok
"Campusano, Luis",669134,153,5,32,20,20.9,13.1,0.305,0.504,0.405,0.909,0.258,0.421,0.398,0.35,0.365,0.163,72.5,25.3,13.0,10.3,30.4,24.0,7.8,10.4,66.1,88.8,13.6,41.4,10.1,44.4,100.081595714,94.287605408,24.4,44.6,ok
"Williams, Carson",700246,40,1,13,2,32.5,5.0,0.108,0.216,0.154,0.37,0.166,0.28,0.166,0.217,0.209,0.113,74.2,35.2,5.9,4.2,17.6,12.7,7.6,13.9,54.9,84.5,28.1,24.0,4.0,24.0,96.623833333,92.3721375,32.9,57.7,low
"Matthews, Brice",694728,226,7,71,15,31.4,6.6,0.197,0.332,0.25,0.582,0.192,0.341,0.257,0.26,0.249,0.149,72.9,28.8,14.3,9.0,29.4,18.5,7.3,13.7,52.3,86.8,12.0,30.0,8.6,37.1,99.625970455,93.967930382,35.3,46.3,ok
"Santana, Carlos",467793,26,0,8,2,30.8,7.7,0.083,0.125,0.154,0.279,0.142,0.192,0.136,0.187,0.208,0.051,71.6,16.7,8.6,6.3,28.6,20.8,7.8,15.4,58.3,87.8,29.5,25.0,0.0,43.8,98.43934875,93.358594375,29.6,50.9,low
"Happ, Ian",664023,516,20,158,66,30.6,12.8,0.215,0.41,0.324,0.734,0.201,0.39,0.323,0.311,0.313,0.189,72.0,19.4,14.2,9.9,29.2,20.3,6.9,11.3,46.3,89.3,14.6,31.5,11.2,42.1,100.580096713,94.593268211,31.3,43.6,ok
"Barger, Addison",680718,28,0,7,5,25.0,17.9,0.045,0.091,0.214,0.305,0.131,0.185,0.17,0.255,0.294,0.054,74.3,50.0,13.5,10.9,24.3,19.6,7.2,5.3,53.2,89.0,16.7,25.0,0.0,50.0,101.06417375,94.880101875,23.1,43.7,low
"Cox, Jonah",813841,34,1,16,0,47.1,0.0,0.258,0.516,0.258,0.774,0.246,0.438,0.324,0.29,0.246,0.192,69.7,8.5,15.6,8.5,34.4,18.6,6.4,7.4,46.7,92.6,19.7,38.9,11.1,44.4,101.638002857,95.918371429,46.6,60.3,low
"Stevens, Chad",677060,34,0,13,5,38.2,14.7,0.036,0.036,0.176,0.212,0.117,0.186,0.129,0.209,0.244,0.069,72.1,36.2,7.5,5.2,17.5,12.1,7.1,6.0,37.1,81.4,13.2,43.8,6.3,25.0,94.8961975,91.469755,31.1,49.0,low
"Tatis Jr., Fernando",665487,546,13,102,53,18.7,9.7,0.279,0.42,0.352,0.772,0.288,0.462,0.337,0.365,0.367,0.174,76.3,64.6,23.7,17.8,36.7,27.7,7.3,7.2,56.2,92.5,5.2,30.3,11.7,52.6,104.461075938,96.950201906,27.2,46.1,ok
"Marte, Starling",516782,168,2,41,9,24.4,5.4,0.242,0.314,0.298,0.612,0.23,0.364,0.275,0.287,0.288,0.135,72.6,30.2,16.1,11.8,29.9,22.0,7.2,8.1,40.3,87.4,6.4,27.2,9.6,35.1,100.244828571,94.290100631,27.9,53.2,ok
"Perdomo, Geraldo",672695,524,9,66,73,12.6,13.9,0.245,0.372,0.355,0.727,0.25,0.342,0.327,0.324,0.363,0.092,67.0,1.1,7.1,6.3,39.1,34.7,7.0,8.8,53.3,87.3,14.5,33.6,3.2,29.7,96.32700962,92.224909591,12.4,38.9,ok
"Arenado, Nolan",571448,458,20,93,42,20.3,9.2,0.241,0.443,0.321,0.764,0.232,0.361,0.332,0.299,0.313,0.129,71.3,15.0,8.7,6.9,28.7,22.7,8.4,12.8,57.9,85.2,19.0,33.5,7.0,32.7,97.037721962,92.520512785,23.5,45.3,ok
"Olson, Matt",621566,545,36,137,55,25.1,10.1,0.264,0.552,0.341,0.893,0.25,0.525,0.379,0.364,0.33,0.276,74.8,50.7,18.8,14.6,29.8,23.2,7.6,10.2,49.9,92.5,18.5,32.9,15.8,50.0,103.855185086,96.550127937,24.6,45.6,ok
"Groover, LuJames",694410,54,1,11,5,20.4,9.3,0.167,0.271,0.259,0.53,0.215,0.328,0.245,0.286,0.304,0.113,71.1,10.4,15.2,13.0,42.4,36.4,6.9,8.8,51.3,90.0,16.7,24.3,11.1,45.9,99.52748,94.341552778,16.1,41.8,low
"Clement, Ernie",676391,493,9,47,17,9.5,3.4,0.281,0.403,0.306,0.709,0.249,0.331,0.309,0.267,0.277,0.082,67.4,3.0,5.7,4.9,39.2,33.9,7.1,12.0,62.5,84.5,16.9,33.0,2.3,20.6,94.165674717,91.109816619,16.2,57.8,ok
"Frelick, Sal",686217,313,4,31,25,9.9,8.0,0.236,0.33,0.301,0.631,0.243,0.322,0.281,0.281,0.308,0.079,68.3,3.1,10.3,9.5,38.8,36.0,7.1,5.1,47.3,85.9,9.3,28.1,2.0,27.8,96.579227623,92.311859672,10.7,42.8,ok
"Keith, Colt",690993,356,9,66,24,18.5,6.7,0.269,0.422,0.323,0.745,0.275,0.43,0.326,0.332,0.33,0.155,71.8,18.1,17.5,14.3,39.3,31.9,6.9,10.5,48.8,88.8,13.3,38.8,6.9,41.8,99.800810229,94.161416908,20.6,44.3,ok
"Rogers, Jake",668670,133,3,38,18,28.6,13.5,0.173,0.309,0.288,0.597,0.178,0.3,0.272,0.271,0.293,0.122,70.6,4.7,10.0,7.3,34.3,25.1,7.6,16.5,62.2,87.8,22.1,32.9,7.9,36.8,97.947792162,93.135062973,28.8,41.4,ok
"Clarke, Denzel",672016,60,0,24,4,40.0,6.7,0.17,0.189,0.228,0.417,0.163,0.19,0.196,0.193,0.223,0.027,77.1,73.0,16.7,10.1,33.3,20.2,7.6,4.7,46.2,91.9,2.6,15.6,3.2,46.9,103.213863571,96.632126429,35.8,45.0,low
"Gilbert, Drew",687551,298,6,48,28,16.1,9.4,0.242,0.373,0.328,0.701,0.261,0.377,0.311,0.321,0.346,0.116,70.0,7.2,11.8,9.6,36.2,29.6,7.5,3.9,41.8,86.2,15.5,36.1,4.2,33.8,97.501999429,92.76327519,22.0,41.7,ok
"Teel, Kyle",691019,70,2,27,6,38.6,8.6,0.19,0.317,0.271,0.588,0.233,0.371,0.266,0.302,0.31,0.138,72.4,30.8,11.8,7.7,24.7,16.2,6.9,11.7,40.8,84.4,12.3,47.2,11.1,50.0,100.578508333,94.491471389,36.4,48.5,low
"Andujar, Miguel",609280,254,5,38,11,15.0,4.3,0.259,0.423,0.303,0.726,0.264,0.376,0.313,0.298,0.307,0.112,71.2,19.2,11.8,9.7,31.7,26.1,7.6,7.3,58.2,88.3,6.5,26.4,4.5,36.3,99.775366436,94.026464328,18.5,54.2,ok
"Malgeri, Ben",701162,69,3,15,10,21.7,14.5,0.263,0.456,0.377,0.833,0.238,0.36,0.366,0.328,0.36,0.122,69.1,4.6,18.8,13.9,36.3,26.9,6.5,8.9,33.9,89.6,15.0,41.9,7.0,41.9,99.940695,94.196701628,28.9,46.4,low
"Kirk, Alejandro",672386,191,5,23,22,12.0,11.5,0.271,0.392,0.351,0.743,0.256,0.354,0.322,0.303,0.339,0.098,71.7,17.5,15.2,12.8,38.5,32.5,7.2,6.3,54.7,87.4,9.1,28.1,2.7,36.3,98.943060274,93.539351918,17.9,43.4,ok
"Kemp, Otto",805249,27,0,10,1,37.0,3.7,0.08,0.08,0.148,0.228,0.162,0.221,0.119,0.205,0.224,0.059,71.4,15.7,3.1,2.0,25.0,15.7,7.4,10.0,40.4,81.5,27.0,33.3,0.0,13.3,89.912855,89.894159333,37.9,48.3,low
"Lile, Daylen",695734,512,15,96,29,18.8,5.7,0.245,0.41,0.295,0.705,0.253,0.418,0.306,0.314,0.304,0.165,71.1,10.5,12.5,9.7,33.2,25.8,7.5,12.2,54.3,88.5,18.7,37.0,8.4,37.4,98.654125737,93.465283773,23.6,55.9,ok
"Arroyo, Edwin",695490,142,0,31,5,21.8,3.5,0.244,0.282,0.286,0.568,0.289,0.367,0.257,0.307,0.329,0.077,69.1,5.1,6.3,4.7,33.9,25.3,7.3,14.0,45.5,87.6,17.7,42.7,2.0,26.2,95.895507708,91.965213542,25.4,58.8,ok
"Stowers, Kyle",669065,399,16,125,38,31.3,9.5,0.242,0.462,0.327,0.789,0.235,0.436,0.341,0.331,0.322,0.201,75.4,56.2,20.8,14.2,30.7,20.9,6.8,15.0,55.4,92.1,18.7,35.4,11.4,55.0,103.340447018,96.569519298,35.4,52.6,ok
"Peters, Tristan",671976,366,7,67,27,18.3,7.4,0.271,0.427,0.334,0.761,0.248,0.369,0.334,0.303,0.314,0.122,69.7,7.7,10.8,8.4,33.8,26.2,6.9,13.5,56.4,87.3,16.9,34.1,4.9,30.8,97.695395285,92.950291224,23.2,54.6,ok
"Flores Jr., Rafael",804668,51,4,14,8,27.5,15.7,0.279,0.581,0.392,0.973,0.243,0.485,0.417,0.368,0.362,0.242,74.1,41.1,20.0,13.7,40.0,27.4,7.6,15.1,61.6,90.7,12.8,31.0,17.2,48.3,100.655992667,95.377026552,33.3,37.3,low
"Rodríguez, Julio",677594,494,19,103,40,20.9,8.1,0.258,0.426,0.324,0.75,0.276,0.471,0.327,0.352,0.342,0.195,76.7,68.8,17.3,13.0,27.0,20.2,7.8,8.3,51.0,90.0,13.9,33.5,9.0,43.4,102.260076185,95.461759333,26.8,52.6,ok
"Duran, Ezequiel",677649,443,13,106,31,23.9,7.0,0.263,0.432,0.317,0.749,0.245,0.375,0.325,0.299,0.302,0.13,72.6,27.6,11.8,8.9,27.4,20.6,7.2,6.8,44.4,88.5,11.7,35.6,6.3,36.0,99.057206486,93.661562068,26.7,51.6,ok
"Domínguez, Jasson",691176,212,6,46,9,21.7,4.2,0.23,0.38,0.27,0.65,0.251,0.364,0.285,0.288,0.29,0.113,74.4,40.4,14.8,11.2,29.2,22.2,7.8,7.4,52.8,88.0,15.2,29.9,5.2,39.0,100.406476753,94.351683117,24.3,50.8,ok
"Wood, James",695578,535,30,153,90,28.6,16.8,0.265,0.535,0.393,0.928,0.275,0.585,0.395,0.419,0.404,0.309,77.0,69.5,24.5,17.7,34.3,24.8,7.4,11.7,43.5,95.1,10.0,39.2,20.8,57.6,106.060987778,98.308137003,30.7,37.8,ok
"De La Cruz, Elly",682829,474,20,129,52,27.2,11.0,0.261,0.475,0.344,0.819,0.268,0.469,0.355,0.358,0.352,0.201,75.8,57.6,21.9,15.9,33.8,24.6,7.2,8.4,49.9,93.8,9.7,35.1,13.7,51.5,104.811515352,97.29503338,28.3,41.6,ok
"Donovan, Brendan",680977,141,3,20,12,14.2,8.5,0.254,0.385,0.348,0.733,0.241,0.336,0.329,0.306,0.338,0.095,68.3,0.5,7.5,6.3,32.9,27.4,6.8,8.2,58.4,85.3,11.8,34.0,3.0,27.2,95.565855294,91.829785842,17.3,44.6,ok
"Hill, Derek",656537,181,9,63,12,34.8,6.6,0.236,0.418,0.292,0.71,0.225,0.378,0.311,0.29,0.282,0.153,71.7,18.1,13.0,8.4,30.7,19.8,7.1,15.4,47.0,89.2,15.0,38.1,10.6,35.2,99.225990833,93.851303053,34.8,50.7,ok
"Smith, Will",669257,201,6,34,23,16.9,11.4,0.249,0.382,0.338,0.72,0.275,0.494,0.321,0.385,0.372,0.219,70.0,7.5,14.3,12.3,34.9,29.9,7.3,12.2,64.8,90.0,19.9,43.0,13.4,39.4,99.93862,94.176617183,16.4,41.3,ok
"Langford, Wyatt",694671,311,14,70,24,22.5,7.7,0.254,0.465,0.318,0.783,0.235,0.397,0.34,0.307,0.301,0.163,72.5,24.6,15.0,11.5,34.3,26.1,6.9,12.8,53.9,89.4,18.2,31.8,7.9,38.3,100.231603551,94.351460654,24.4,48.6,ok
"Bowen, Jase",687749,80,2,30,2,37.5,2.5,0.158,0.263,0.2,0.463,0.21,0.354,0.207,0.264,0.25,0.144,73.5,29.5,7.6,4.5,27.3,16.1,7.9,20.8,40.2,87.7,15.8,30.4,11.1,37.0,99.834363333,94.066218537,37.0,51.5,ok
"Hayes, Ke'Bryan",663647,190,5,38,10,20.0,5.3,0.146,0.253,0.2,0.453,0.244,0.398,0.204,0.301,0.293,0.154,70.7,6.5,18.9,14.6,44.8,34.6,6.8,5.8,55.3,90.3,15.0,37.9,8.8,38.6,99.608013824,93.969163407,23.8,44.0,ok
"DeLauter, Chase",800050,453,13,64,47,14.1,10.4,0.285,0.442,0.358,0.8,0.277,0.43,0.351,0.346,0.353,0.153,71.3,17.3,18.2,15.9,40.3,35.2,7.1,4.4,45.4,91.2,12.2,35.1,6.5,45.5,101.380771813,95.063369296,15.3,42.1,ok
"Ward, Taylor",621493,538,7,109,87,20.3,16.2,0.24,0.337,0.37,0.707,0.248,0.375,0.325,0.34,0.377,0.127,68.5,3.0,13.0,10.7,42.0,34.6,6.9,6.3,46.9,88.9,14.4,35.4,5.7,38.4,98.801236467,93.584848473,19.6,34.7,ok
"Rafaela, Ceddanne",678882,503,16,102,19,20.3,3.8,0.288,0.47,0.325,0.795,0.249,0.368,0.344,0.287,0.288,0.119,69.6,7.3,9.2,7.0,33.1,25.3,7.3,8.7,51.1,86.4,12.4,36.6,5.9,32.6,97.091955081,92.560825068,24.8,57.1,ok
"Cole, Zach",805904,53,3,21,1,39.6,1.9,0.157,0.353,0.189,0.542,0.209,0.438,0.234,0.289,0.239,0.229,76.4,66.7,22.4,13.1,34.7,20.2,7.4,11.9,50.6,92.5,15.3,23.3,16.7,50.0,102.600134,95.962160333,43.3,44.3,low
"Short, Zack",670097,62,0,19,8,30.6,12.9,0.14,0.18,0.262,0.442,0.159,0.269,0.218,0.256,0.28,0.109,70.3,3.7,5.5,3.7,31.5,21.5,7.1,14.0,62.0,88.7,27.9,29.4,5.9,20.6,95.80155125,92.043422903,31.1,44.9,low
"Butler, Lawrence",671732,381,11,96,43,25.2,11.3,0.209,0.352,0.3,0.652,0.237,0.382,0.292,0.314,0.326,0.145,73.8,38.8,14.8,11.0,26.9,19.9,7.0,5.7,40.7,89.5,7.4,31.5,7.9,45.4,101.586707227,95.061232194,27.3,46.7,ok
"Callihan, Tyler",682997,107,3,38,9,35.5,8.4,0.211,0.389,0.283,0.672,0.185,0.296,0.294,0.252,0.261,0.111,70.2,10.8,7.6,4.9,20.6,13.3,7.5,12.5,39.6,84.5,26.1,40.7,6.8,27.1,96.384928276,92.268426667,34.3,55.0,ok
"Bart, Joey",663698,128,4,35,7,27.3,5.5,0.214,0.357,0.305,0.662,0.203,0.362,0.298,0.294,0.295,0.159,75.3,52.2,14.3,10.2,21.8,15.6,7.4,10.2,43.1,85.8,15.5,32.1,7.7,34.6,98.428942564,93.238111923,29.2,47.6,ok
"Soto, Juan",665742,359,21,48,63,13.4,17.5,0.283,0.539,0.408,0.947,0.297,0.589,0.402,0.422,0.42,0.291,72.2,26.9,22.1,18.2,42.4,35.0,7.1,12.5,64.4,92.5,16.3,31.6,14.3,48.6,102.442118033,96.095154074,20.6,39.1,ok
"Keys, Sean",815873,37,1,13,1,35.1,2.7,0.167,0.278,0.189,0.467,0.176,0.286,0.204,0.211,0.198,0.111,74.9,50.0,11.5,7.9,28.8,19.7,7.5,15.2,55.3,91.7,23.5,34.8,4.3,60.9,100.9238425,95.831258261,33.7,49.1,low
"Encarnacion, Jerar",666464,35,0,8,1,22.9,2.9,0.176,0.206,0.2,0.406,0.19,0.266,0.183,0.21,0.213,0.076,74.7,54.7,11.5,9.3,21.3,17.3,7.6,4.6,52.0,87.5,5.4,38.5,7.7,34.6,99.26983,93.634915,19.3,52.2,low
"Black, Tyler",672012,28,0,7,1,25.0,3.6,0.333,0.481,0.357,0.838,0.17,0.229,0.364,0.191,0.199,0.06,71.6,13.0,2.8,2.2,27.8,21.7,7.1,5.1,44.7,83.6,12.6,25.0,0.0,15.0,94.187515,91.1716985,23.1,53.6,low
"Holliday, Jackson",702616,250,6,60,33,24.0,13.2,0.244,0.38,0.341,0.721,0.243,0.372,0.319,0.319,0.342,0.129,70.6,5.7,12.4,8.9,34.5,24.8,7.0,9.1,55.2,87.4,11.3,37.6,7.6,35.0,97.591786795,92.826834645,29.4,43.6,ok
"Harris II, Michael",671739,475,20,94,18,19.8,3.8,0.288,0.48,0.316,0.796,0.289,0.479,0.343,0.344,0.318,0.19,75.0,50.7,21.2,16.2,31.2,23.9,8.2,7.1,46.0,90.7,10.2,29.4,10.8,49.0,103.470842849,96.133737983,25.4,56.0,ok
"Lowe, Brandon",664040,521,26,151,45,29.0,8.6,0.255,0.48,0.319,0.799,0.241,0.438,0.343,0.326,0.31,0.197,73.6,39.7,16.0,11.0,32.7,22.5,7.1,16.0,48.0,91.2,16.2,35.9,12.4,46.1,101.302828086,95.202628514,35.0,50.2,ok
"Gonzales, Nick",693304,490,6,82,32,16.7,6.5,0.308,0.402,0.365,0.767,0.282,0.386,0.342,0.323,0.341,0.104,70.8,12.5,10.5,8.2,30.8,24.2,7.4,9.2,47.7,86.3,6.8,34.1,2.7,34.9,97.735482033,92.911506923,23.1,53.3,ok
"Lawlar, Jordan",691783,48,1,13,3,27.1,6.3,0.286,0.405,0.375,0.78,0.257,0.362,0.351,0.324,0.35,0.105,69.5,2.6,10.3,7.8,34.5,26.0,7.3,15.4,58.4,86.8,16.5,31.0,3.4,27.6,97.669066429,93.035973929,25.0,45.6,low
"Bader, Harrison",664056,111,5,34,4,30.6,3.6,0.17,0.358,0.198,0.556,0.215,0.367,0.238,0.272,0.248,0.152,72.9,37.9,12.0,8.4,32.4,22.7,7.2,12.4,50.0,89.2,12.3,32.9,8.2,41.1,99.221853514,93.717596301,32.0,53.4,ok
"Jiménez, Leo",677870,171,2,34,14,19.9,8.2,0.208,0.275,0.304,0.579,0.241,0.344,0.27,0.312,0.336,0.103,72.0,17.0,16.1,12.5,36.1,27.9,7.3,6.3,45.4,90.8,5.7,30.2,4.3,44.0,100.19936569,94.527908696,24.6,43.6,ok
"Piñango, Yohendrick",682818,180,5,44,11,24.4,6.1,0.26,0.396,0.306,0.702,0.262,0.398,0.309,0.309,0.308,0.136,75.6,57.4,17.4,13.2,27.4,20.8,7.1,0.9,29.7,90.9,9.6,35.2,8.0,45.6,101.811230635,95.30729608,25.6,50.9,ok
"Canzone, Dominic",686527,372,19,78,35,21.0,9.4,0.26,0.495,0.336,0.831,0.273,0.493,0.357,0.361,0.348,0.221,74.7,46.6,21.5,15.7,36.9,26.9,7.4,13.4,55.4,91.6,10.8,34.1,12.9,46.3,102.552568984,95.851550431,27.9,47.5,ok
"Meneses, Joey",608841,25,0,4,3,16.0,12.0,0.15,0.15,0.28,0.43,0.269,0.314,0.22,0.326,0.38,0.045,70.2,27.6,17.4,13.8,47.8,37.9,7.1,9.9,41.9,92.7,12.7,23.5,0.0,58.8,101.344301111,96.104733529,23.5,44.7,low
"Murray, Tanner",695020,33,1,7,2,21.2,6.1,0.214,0.321,0.281,0.602,0.191,0.39,0.255,0.275,0.265,0.2,73.8,38.1,20.0,14.3,43.3,31.0,7.6,11.9,64.3,90.7,25.6,26.1,8.7,43.5,100.076803636,94.571662381,32.0,48.5,low
"Reyes, Felix",694025,38,1,9,0,23.7,0.0,0.158,0.263,0.158,0.421,0.229,0.314,0.181,0.233,0.229,0.085,75.5,54.8,12.5,9.7,29.2,22.6,7.5,7.1,45.2,89.2,6.4,37.9,6.9,27.6,98.874941333,93.637018966,27.5,58.5,low
"Koss, Christian",683766,84,0,20,2,23.8,2.4,0.198,0.235,0.226,0.461,0.221,0.291,0.208,0.239,0.249,0.071,69.5,4.5,10.9,8.2,28.7,21.6,7.0,9.2,61.3,85.0,13.0,26.2,5.0,29.5,97.024882333,92.512441167,26.9,58.0,ok
"Sosa, Lenyn",672820,117,1,25,1,21.4,0.9,0.195,0.283,0.207,0.49,0.222,0.345,0.213,0.249,0.234,0.123,72.4,22.6,13.5,10.6,30.0,23.5,7.6,12.3,48.9,88.7,20.0,34.4,5.6,36.7,98.841732,93.512313708,21.5,56.0,ok
"Pérez, Wenceel",672761,175,7,29,14,16.6,8.0,0.18,0.348,0.246,0.594,0.203,0.348,0.262,0.272,0.267,0.145,71.4,18.1,13.7,11.2,36.6,30.0,7.0,7.7,50.2,87.2,17.0,23.5,7.6,33.3,97.732311667,92.919937803,18.2,47.9,ok
"Rumfield, TJ",681198,487,13,70,47,14.4,9.7,0.291,0.448,0.372,0.82,0.254,0.374,0.361,0.319,0.34,0.12,68.7,8.3,7.7,6.2,30.0,24.3,6.5,9.5,43.5,83.8,15.8,37.1,4.5,26.9,95.974973855,91.995204134,20.1,50.3,ok
"Crooks, Jimmy",699625,128,4,41,8,32.0,6.3,0.183,0.33,0.258,0.588,0.2,0.378,0.263,0.288,0.276,0.178,71.7,19.1,14.0,9.1,32.2,20.9,7.1,17.2,41.6,91.1,18.0,38.7,9.5,46.7,100.898137568,94.948790811,34.1,50.7,ok
"Garver, Mitch",641598,149,4,49,22,32.9,14.8,0.175,0.294,0.302,0.596,0.194,0.341,0.278,0.301,0.318,0.147,72.5,18.8,13.7,9.4,33.5,23.1,7.4,15.3,65.4,90.6,18.3,28.6,9.1,48.1,100.526305641,94.874987922,33.7,41.3,ok
"Helman, Michael",680737,35,1,6,1,17.1,2.9,0.167,0.3,0.235,0.535,0.147,0.208,0.239,0.2,0.218,0.061,70.1,1.9,0.0,0.0,31.0,24.5,7.7,12.2,59.3,82.9,23.9,26.9,0.0,7.7,91.309245455,89.731559091,20.9,59.3,low
"Rodriguez, Jesus",683679,58,2,8,5,13.8,8.6,0.235,0.412,0.316,0.728,0.267,0.355,0.321,0.315,0.344,0.088,69.4,3.1,8.1,6.3,31.1,24.0,7.2,7.1,44.3,86.5,9.3,34.1,2.3,29.5,96.343527619,92.17301619,24.5,52.6,low
"Taylor, Tyrone",621438,183,10,35,11,19.1,6.0,0.236,0.467,0.291,0.758,0.237,0.425,0.326,0.31,0.291,0.188,71.6,13.8,12.8,9.9,33.2,25.7,7.5,11.9,57.3,86.7,18.8,31.9,10.4,34.1,98.414538,93.222148615,22.5,49.4,ok
"Jansen, Danny",643376,142,3,40,13,28.2,9.2,0.171,0.309,0.277,0.586,0.167,0.273,0.268,0.254,0.274,0.106,70.5,7.7,9.2,7.2,31.2,24.4,7.1,16.0,58.8,87.7,22.3,21.4,6.0,33.3,97.328380476,92.77681253,25.5,44.7,ok
"Watson, Kahlil",696135,91,1,32,3,35.2,3.3,0.239,0.341,0.264,0.605,0.209,0.33,0.265,0.246,0.235,0.121,73.0,27.2,12.7,8.6,30.0,20.4,7.6,15.4,50.6,89.3,10.6,28.6,7.1,32.1,98.054020357,93.253982727,35.5,54.0,ok
