"last_name, first_name","player_id","year","player_age","p_game","p_formatted_ip","pa","ab","hit","single","double","triple","home_run","strikeout","walk","k_percent","bb_percent","batting_avg","slg_percent","on_base_percent","on_base_plus_slg","xba","xslg","woba","xwoba","xobp","xiso","avg_swing_speed","fast_swing_rate","blasts_contact","blasts_swing","squared_up_contact","squared_up_swing","avg_swing_length","swords","attack_angle","attack_direction","ideal_angle_rate","vertical_swing_path","exit_velocity_avg","launch_angle_avg","sweet_spot_percent","barrel_batted_rate","hard_hit_percent","avg_best_speed","avg_hyper_speed","whiff_percent","swing_percent"
"Palmquist, Carson",687223,2025,24,"9","34.1",175,140,45,25,9,1,10,27,25,15.4,14.3,".321",".614",".420","1.034",".256",".516",".430",".378",".373",".259","72.5",32,15,12.1,31.6,25.4,"7.4",3,11.2,-5.5,50,33.6,"89.6","20",31.7,14.2,40,"78.924745763","94.396216581",21,43.3
"Miller, Shelby",571946,2025,34,"48","46.0",186,164,33,23,5,0,5,54,15,29,8.1,".201",".323",".280","0.603",".226",".378",".260",".292",".303",".153","71.8",23.2,14.3,9.9,30.4,21,"7.2",4,8.5,1.2,49.7,31.1,"89.3","15.7",36.3,8.8,42.5,"77.622792143","94.659739196",31.7,50.5
"Quantrill, Cal",615698,2025,30,"26","117.2",513,472,136,79,29,6,22,85,35,16.6,6.8,".288",".515",".343","0.858",".281",".517",".367",".366",".338",".236","72.4",29,17.8,14.6,36.1,29.7,"7.3",21,10.8,-2.2,56,32.4,"90.4","16.9",39.4,12.5,44.3,"79.666849581","94.980472992",20.2,46.7
"Varland, Louis",686973,2025,27,"74","72.2",296,266,65,41,17,1,6,75,22,25.3,7.4,".244",".383",".304","0.687",".250",".395",".299",".311",".313",".145","71.1",21.3,13.5,10.2,30.3,22.9,"7.1",16,6.5,2.5,44.3,32.6,"90.2","5.3",33.5,9.2,43.7,"79.243662188","94.858925288",27.1,52.5
"Stewart, Brock",592779,2025,33,"43","37.2",159,141,32,24,4,1,3,44,13,27.7,8.2,".227",".333",".310","0.643",".192",".303",".284",".259",".279",".112","71.7",20.8,8.4,5.9,26.7,19,"7.1",6,5.9,4.7,45.7,31.5,"86.5","21.3",29.6,4.1,32.7,"74.767168163","93.229603711",31.1,51.1
"Kowar, Jackson",663804,2025,28,"15","17.0",71,63,14,8,2,0,4,15,7,21.1,9.9,".222",".444",".310","0.754",".237",".486",".328",".348",".323",".250","71.4",22.4,21.1,16.4,35.6,27.6,"7.2",3,9.2,-2,45.7,31.5,"91.8","24.7",22.9,10.4,50,"81.239070833","95.626922917",25.2,48
"Wicks, Jordan",696136,2025,25,"8","14.1",67,65,24,16,6,0,2,13,1,19.4,1.5,".369",".554",".379","0.933",".291",".413",".400",".310",".302",".122","71.9",18.1,14.8,11.4,40.7,31.4,"7.4",1,8.3,-0.9,45.3,30.7,"90","10.1",41.5,5.7,39.6,"79.681035769","94.468812692",23.8,59.9
"Stock, Robert",476594,2025,35,"2","2.2",15,11,4,3,0,0,1,1,4,6.7,26.7,".364",".636",".533","1.169",".390",".748",".497",".536",".553",".358","70.6",21.1,33.3,26.3,60,47.4,"7.1",0,8.9,2.6,52.6,33.9,"94.3","20.8",20,10,50,"81.819934","97.776179",21.1,32.2
"Orze, Eric",679358,2025,27,"33","41.2",178,156,38,26,7,1,4,40,19,22.5,10.7,".244",".378",".337","0.715",".214",".356",".317",".297",".313",".142","72.2",28.6,11,8,24.9,18.1,"7.5",4,12.3,-5.5,51.2,31,"86.9","17.3",36.2,7.9,30.2,"75.698965965","93.107698684",27,50.5
"Priester, Quinn",682990,2025,24,"29","157.1",653,593,145,91,34,2,18,132,50,20.2,7.7,".245",".400",".309","0.709",".237",".370",".310",".298",".303",".133","72.2",26.3,15.1,11.7,33.6,26.1,"7.4",25,11.1,-2.1,52.8,33.5,"89","4.9",28.6,7.4,39.4,"78.202069039","94.11122105",24.5,46.2
"Doval, Camilo",666808,2025,27,"69","65.1",278,238,51,38,9,0,4,72,35,25.9,12.6,".214",".303",".321","0.624",".219",".330",".285",".297",".326",".111","71.6",21.4,11.2,8.3,30.3,22.5,"7.5",15,10.9,-4.6,53.4,32.5,"88.6","6.2",28.6,6,40.5,"76.738153614","94.494643916",28.4,47.3
"Waldrep, Hurston",694462,2025,23,"10","56.1",229,203,45,34,8,0,3,55,22,24,9.6,".222",".305",".306","0.611",".251",".359",".276",".310",".335",".108","72.3",30.1,13.7,10.1,36.5,27.1,"7.6",11,12.5,-6,48.5,32.3,"89.1","6.3",32.2,4.2,40.3,"78.601525211","94.194874789",28.5,44.7
"Robert, Daniel",642016,2025,30,"15","13.0",59,49,11,7,1,1,2,15,10,25.4,16.9,".224",".408",".356","0.764",".210",".364",".339",".320",".344",".154","72.1",26.5,8.1,5.9,29.7,21.6,"7.5",2,11,-2.3,47.1,33.5,"88.9","16.6",44.1,5.9,41.2,"79.134121765","93.465399412",30.8,45.9
"Mahle, Tyler",641816,2025,30,"16","86.2",346,316,69,51,12,1,5,66,29,19.1,8.4,".218",".310",".283","0.593",".253",".413",".265",".319",".316",".160","71.8",24.6,12.3,9.4,32,24.4,"7.3",4,11.1,-1.1,53.7,30,"88.5","14.4",37.8,8,37.1,"77.65269832","93.80845964",23.2,49.9
"Brubaker, JT",664141,2025,31,"17","28.2",117,103,23,17,5,1,0,22,12,18.8,10.3,".223",".291",".310","0.601",".255",".390",".271",".319",".338",".135","72.1",29.1,13.4,10.6,31.2,24.6,"7.7",4,13.5,-7.1,57.8,32.9,"89.6","14.9",39,6.1,45.1,"79.064437805","94.418216667",23.9,46.5
"Contreras, Roansy",672710,2025,25,"5","12.2",51,48,12,8,1,0,3,6,2,11.8,3.9,".250",".458",".294","0.752",".216",".417",".324",".291",".262",".201","71",16.7,16.1,12.8,40.3,32.1,"7.3",1,10.1,0.1,57.7,31.6,"89.6","24.2",28.6,11.9,40.5,"80.728997143","93.401118333",20,48.2
"Anderson, Shaun",641312,2025,30,"7","11.1",56,53,20,13,1,0,6,11,3,19.6,5.4,".377",".736",".411","1.147",".284",".568",".483",".376",".322",".285","72.6",31.5,18.1,14.1,36.1,28.3,"7.1",1,9.7,0.9,55.4,34,"91.2","19",31,16.7,38.1,"82.422255238","94.446098049",23.8,48.4
"Peralta, Wandy",593974,2025,33,"71","71.2",313,277,66,46,13,2,5,63,30,20.1,9.6,".238",".354",".315","0.669",".252",".386",".293",".311",".328",".133","72.6",28.2,14.9,10.8,33,23.8,"7.6",10,11.7,-4.7,54.9,34.1,"87.6","3.7",29.4,6.9,36.2,"75.314537685","94.024205442",29,48.5
"Wrobleski, Justin",680736,2025,24,"24","66.2",280,255,65,45,14,0,6,76,17,27.1,6.1,".255",".380",".306","0.686",".244",".359",".299",".289",".297",".115","71.4",21.8,15.7,12,32.4,24.8,"7",4,5.7,5.7,41.6,31.6,"92","6.9",30.4,3.8,47.8,"81.742858778","95.696025111",24.6,50.6
"Hanifee, Brenan",669724,2025,27,"54","60.0",260,243,65,46,14,2,3,40,14,15.4,5.4,".267",".379",".312","0.691",".271",".418",".299",".315",".315",".147","71.6",24.8,17.8,15.1,40,33.9,"7.2",4,7,4,48,33.3,"90.5","4.1",29.9,6.9,44.6,"79.52943396","95.089713762",16.1,45.2
"Herrin, Tim",682120,2025,28,"54","42.2",194,155,37,24,8,0,5,45,30,23.2,15.5,".239",".387",".376","0.763",".223",".350",".339",".324",".366",".126","71.8",21.7,14.3,10.8,36,27.3,"7.6",11,11.8,-6.3,48.2,33.3,"88.3","14.5",29.2,5.4,42.5,"77.250682679","94.038742768",29.4,41.7
"Krook, Matt",640454,2025,30,"3","3.1",15,13,5,3,2,0,0,3,1,20,6.7,".385",".538",".429","0.967",".246",".451",".417",".324",".300",".205","70.1",9.7,16.7,12.9,37.5,29,"7.3",0,13.4,-7,61.3,34.5,"91.3","21.6",36.4,9.1,36.4,"82.495772","94.693791",21.2,46.5
"Assad, Javier",665871,2025,27,"8","37.0",153,136,33,23,4,3,3,23,12,15,7.8,".243",".382",".320","0.702",".281",".412",".310",".339",".354",".132","72.2",23.9,15.5,13,33,27.7,"7",3,6.8,5.3,48.3,32.7,"88.5","9.6",32.5,3.5,40.4,"76.66852614","94.317117807",16.5,46
"Senga, Kodai",673540,2025,32,"22","113.1",482,420,94,52,24,6,12,109,55,22.6,11.4,".224",".395",".317","0.712",".225",".373",".313",".309",".321",".148","71.8",25.8,14,10.5,32.6,24.6,"7.5",26,11.9,-5.8,51.1,33,"88.9","12.5",29.7,8,40.6,"77.128245355","94.410346065",27.4,45.5
"Fulmer, Carson",608334,2025,31,"13","29.1",123,110,25,15,4,1,5,26,11,21.1,8.9,".227",".418",".295","0.713",".220",".427",".308",".309",".289",".207","72.9",33.7,14.5,10.9,35.5,26.6,"7.5",2,12.1,-3.7,56.5,35.1,"88.9","15",24.4,11.6,39.5,"77.823553023","94.203881647",24.9,47.1
"Graveman, Kendall",608665,2025,34,"19","17.2",82,69,23,11,9,1,2,9,12,11,14.6,".333",".580",".439","1.019",".296",".500",".435",".395",".408",".204","72.5",24.4,22.4,16,40,28.6,"7.5",2,12,-5.7,54.6,34.4,"90.3","8.7",45,10,50,"78.410620333","95.825314407",28.1,42.9
"Devenski, Chris",606965,2025,34,"13","16.2",65,56,10,5,4,0,1,14,5,21.5,7.7,".179",".304",".262","0.566",".221",".386",".252",".300",".300",".166","71.6",27,9.9,8,28.4,23,"7.6",2,13.2,-6.1,53,31.7,"84.7","8",36.4,11.4,34.1,"71.234032273","93.135208864",21.9,43.5
"Blalock, Bradley",687134,2025,24,"14","58.2",275,243,85,59,9,0,17,27,23,9.8,8.4,".350",".597",".405","1.002",".322",".591",".423",".409",".383",".269","71.8",25.1,18.7,15.8,39.1,33,"7.2",7,9.3,0.1,54.2,31.9,"91.4","12.8",36.5,12.2,45.9,"80.714571545","95.462649636",15.9,47.5
"Granillo, Andre",701552,2025,25,"14","21.0",91,79,22,14,3,2,3,18,7,19.8,7.7,".278",".481",".333","0.814",".235",".386",".344",".307",".302",".151","72.4",27.9,11.9,8.4,33.9,24,"7.6",4,14.5,-9,57.8,30.6,"87.6","25",33.8,9.4,27.7,"77.657380938","92.879930952",31.5,49.3
"Domínguez, Seranthony",622554,2025,30,"67","62.2",261,222,44,31,8,0,5,79,36,30.3,13.8,".198",".302",".314","0.616",".198",".297",".280",".282",".316",".099","71.3",22.5,9.5,6.6,25.8,18,"7.3",10,9.4,-2.3,41.8,31.3,"87.5","13.4",34.7,6.9,36.8,"76.211899028","93.430835764",33.3,44.6
"Pérez, Cionel",672335,2025,29,"19","21.2",110,87,28,19,6,0,3,21,18,19.1,16.4,".322",".494",".444","0.938",".213",".317",".407",".308",".357",".104","70.8",17.6,12.5,9.7,28.9,22.4,"7.1",5,7.4,0.4,45.5,33.6,"90.6","3.4",18.8,2.9,44.9,"81.073184706","94.394608955",24.6,45.5
"Agnos, Zach",688642,2025,24,"30","31.1",137,119,31,15,10,1,5,19,16,13.9,11.7,".261",".487",".346","0.833",".277",".538",".357",".384",".364",".261","72.6",26.5,16.3,11.7,38,27.4,"7.4",4,12,-2.9,55.2,30.9,"89.6","14.9",31.4,13,44.1,"78.4800142","94.796081919",29.4,48.4
"De Los Santos, Enyel",660853,2025,29,"65","66.0",280,252,61,37,16,1,7,62,24,22.1,8.6,".242",".397",".312","0.709",".246",".413",".308",".316",".316",".168","71.9",24.9,14.8,10.4,28.8,20.2,"7.4",4,10.7,-2.4,48.7,32.3,"87.6","16.8",38,8.9,40.1,"74.797166146","94.296939162",30,51.6
"Nikhazy, Doug",680951,2025,25,"2","4.0",23,17,5,2,2,1,0,5,6,21.7,26.1,".294",".529",".478","1.007",".280",".523",".435",".430",".468",".243","72.6",22.5,22.2,15,29.6,20,"7.2",0,7.8,4.9,52.5,29.4,"97","21.6",58.3,16.7,58.3,"89.936978333","97.94284",32.6,42.6
"Curry, Xzavion",675540,2025,26,"3","3.0",16,13,4,4,0,0,0,1,3,6.3,18.8,".308",".308",".438","0.746",".201",".342",".350",".318",".351",".141","71.5",23.8,15,14.3,35,33.3,"7.4",0,9.3,-3.6,52.4,33.6,"86","17.8",16.7,8.3,33.3,"77.14369","91.963804545",4.2,42.9
"Crochet, Garrett",676979,2025,26,"32","205.1",814,762,165,111,28,2,24,255,46,31.3,5.7,".217",".353",".264","0.617",".210",".347",".270",".266",".258",".137","72",26.6,11.2,8.2,26.8,19.6,"7.3",48,9.9,-1.4,50.3,32,"87.7","10.5",32.2,7.3,37.3,"75.538655219","93.9771349",29.4,51.8
"Darnell, Dugan",699911,2025,28,"9","11.2",49,41,10,7,2,0,1,5,8,10.2,16.3,".244",".366",".367","0.733",".251",".375",".332",".337",".373",".123","71",17.5,13.2,11.1,45.3,38.1,"7.2",1,9.6,-0.2,47.6,32,"90.1","13.6",27.8,2.8,41.7,"80.302839444","94.292168",17.1,40.9
"Gilbreath, Lucas",656458,2025,29,"1","1.0",4,4,1,0,0,0,1,2,0,50,0,".250","1.000",".250","1.250",".415","1.133",".509",".639",".415",".718","69.5",14.3,25,14.3,25,14.3,"7.1",1,3.7,11.9,42.9,33,"95","18.5",100,50,50,"77.9614","99.977575",44.4,50
"Pfaadt, Brandon",694297,2025,26,"33","176.2",767,710,198,118,51,3,26,147,37,19.2,4.8,".279",".469",".323","0.792",".284",".494",".339",".352",".329",".210","72.4",29.4,18.3,14.5,34.4,27.3,"7.4",32,11.2,-3.6,55.4,33.4,"90.8","12.5",39.1,10.9,45.8,"79.642424366","95.370126614",22.1,49.2
"Bowman, Matt",621199,2025,34,"20","24.2",114,106,31,17,10,0,4,18,6,15.8,5.3,".292",".500",".342","0.842",".277",".482",".362",".349",".328",".204","71.7",19.6,15.8,13.1,29.5,24.4,"7.1",3,8.1,2.6,45.8,30.6,"88.4","12.7",40.9,9.1,35.2,"76.711743721","94.108976279",17.4,46.3
"Faucher, Calvin",676534,2025,29,"65","60.1",255,225,53,40,4,1,8,59,24,23.1,9.4,".236",".369",".314","0.683",".263",".387",".302",".323",".339",".124","71.5",23.7,13,10.5,31.4,25.3,"7.1",14,6.9,4.8,49.2,32.9,"87.7","8.1",37.3,4.7,34.3,"76.544550714","93.486938024",23.7,42.5
"Walker, Josh",677020,2025,30,"3","5.0",25,22,8,5,3,0,0,8,2,32,8,".364",".500",".440","0.940",".218",".390",".411",".312",".312",".172","73.3",38.2,30.4,20.6,34.8,23.5,"7.7",1,14.6,-7.2,58.8,31,"90.7","18.7",42.9,21.4,57.1,"74.977998571","97.932096429",35.7,45.7
"Petty, Chase",695534,2025,22,"3","6.0",40,31,14,8,3,0,3,7,8,17.5,20,".452",".839",".575","1.414",".338",".618",".580",".471",".487",".280","72.8",37.9,14,9.1,37.2,24.2,"7.6",1,12.9,-8.8,54.5,32.7,"91.2","22.6",54.2,12.5,41.7,"79.7223775","95.95635375",34.7,42.6
"Gusto, Ryan",687473,2025,26,"27","101.2",453,407,114,75,21,1,17,97,36,21.4,7.9,".280",".462",".343","0.805",".250",".446",".348",".330",".317",".197","71.7",24.8,16.5,12.8,33.4,25.9,"7.2",10,9.4,0.9,54,31.5,"90.6","17.2",32.1,9.5,45.7,"80.014421083","95.083939808",23.4,49.1
"Bellozo, Valente",678368,2025,25,"32","81.1",348,316,85,54,15,1,15,54,23,15.5,6.6,".269",".465",".324","0.789",".260",".510",".339",".350",".316",".250","72.1",27.3,16.7,13.1,34,26.8,"7.3",1,11,-1.9,51.9,31.5,"89.7","22",33.8,11.7,41.4,"78.850661515","94.487669696",20.2,49.9
"Beeter, Clayton",690925,2025,26,"26","25.1",104,84,13,9,1,0,3,33,18,31.7,17.3,".155",".274",".301","0.575",".196",".329",".269",".302",".334",".134","71.2",17.9,10.9,7.7,25.2,17.9,"7.4",11,8.9,-2.2,49.4,32.1,"88.3","19.6",39.6,9.4,32.1,"77.908468462","93.490375385",32.9,45.2
"Adcock, Ty",686654,2025,28,"3","3.0",14,11,2,1,0,0,1,5,2,35.7,14.3,".182",".455",".308","0.763",".097",".236",".331",".223",".236",".140","71.5",24.4,2.9,2.4,11.8,9.8,"7",1,6.5,6.3,53.7,32.4,"93.1","38.8",16.7,16.7,33.3,"86.164383333","94.920916667",18.2,53.7
"Heaney, Andrew",571760,2025,34,"27","122.1",536,479,129,69,34,1,25,86,40,16,7.5,".269",".501",".335","0.836",".284",".492",".357",".362",".348",".208","72.1",27.6,17.6,14.2,36.6,29.5,"7.3",9,9.1,-1.4,47.4,32,"90.2","15.1",37.7,10.3,43.6,"79.264750152","94.947389467",19.9,47.5
"Abbott, Andrew",671096,2025,26,"29","166.1",684,631,148,99,29,1,19,149,43,21.8,6.3,".235",".374",".285","0.659",".233",".385",".288",".294",".286",".152","72.2",27.4,11.1,8.5,28.8,22.2,"7.4",22,9.8,-0.6,49.7,31.2,"87.8","19.3",34.8,8,33.7,"77.083824","93.25435499",24,50
"Rodríguez, Manuel",655889,2025,28,"31","30.1",121,112,26,21,3,0,2,25,6,20.7,5,".232",".313",".275","0.588",".245",".330",".260",".274",".288",".084","72.3",27.7,14.7,10.9,33.1,24.5,"7.3",4,8.6,1,45.1,32.5,"87.4","1.3",28.1,3.4,41.6,"74.583747273","94.352912299",25.9,50.1
"Clevinger, Mike",605182,2025,34,"8","5.2",31,22,5,4,1,0,0,3,8,9.7,25.8,".227",".273",".419","0.692",".191",".258",".333",".340",".408",".067","71.6",16.7,6.7,4.8,36.7,26.2,"7.4",0,11,-5.2,57.1,34.6,"91","8.1",25,10,45,"80.896157","94.9773115",24,43.9
"Uribe, Abner",682842,2025,25,"75","75.1",298,263,51,43,4,0,4,90,27,30.2,9.1,".194",".255",".284","0.539",".203",".280",".247",".260",".292",".077","71.1",20,12.1,8.6,27.6,19.8,"7.5",13,11.8,-4.6,48.4,33.9,"86.2","6.3",28.6,2.9,34.9,"73.561736941","93.438742544",32,45.7
"Wells, Tyler",669330,2025,30,"4","21.2",82,80,17,8,5,0,4,18,2,22,2.4,".212",".425",".232","0.657",".231",".450",".279",".296",".250",".219","71.7",29.5,18,13.9,29.3,22.5,"7.3",6,10.4,-3.5,53.8,30.9,"90.8","24.4",24.2,14.8,48.4,"80.761056774","94.934362951",23.4,56.1
"Roycroft, Chris",688297,2025,28,"20","20.2",101,85,26,14,8,2,2,15,12,14.9,11.9,".306",".518",".390","0.908",".268",".473",".383",".365",".364",".206","71.4",20.9,21,16.5,36.3,28.5,"7",2,4.8,7,41.8,33,"92.1","6.9",24.7,11,46.6,"81.821721389","95.860379859",21.4,47.5
"Smith, Shane",681343,2025,25,"29","146.1",616,542,117,74,23,3,17,145,58,23.5,9.4,".216",".363",".305","0.668",".229",".383",".296",".310",".318",".154","71.8",23.5,13.7,10.2,33.2,24.8,"7.2",28,8,2.5,50.8,32.4,"90.3","13.3",35.4,6.8,45.4,"79.548236111","94.983409519",27.7,48.3
"Weissert, Greg",669711,2025,30,"72","67.0",278,251,57,37,14,0,6,57,21,20.5,7.6,".227",".355",".292","0.647",".220",".371",".284",".289",".287",".151","71.5",22.2,12,9.4,36.6,28.8,"7.2",5,9.1,0.2,51,32.7,"89.8","13.5",35.5,7.7,38.6,"80.156528265","94.000111026",22.4,46.7
"Poulin, PJ",676571,2025,28,"28","24.2",110,93,23,19,2,0,2,27,13,24.5,11.8,".247",".333",".345","0.678",".230",".345",".307",".308",".336",".116","72.5",37,14.3,11,32.8,25.3,"7.3",2,9.6,-2.2,48.1,33.5,"89.3","13.8",35.3,4.5,41.2,"79.626795882","93.884591791",26.6,43.9
"Effross, Scott",664123,2025,31,"11","10.2",51,48,16,8,5,2,1,6,3,11.8,5.9,".333",".583",".373","0.956",".298",".471",".398",".343",".340",".173","71.9",24,22.2,18.7,31.7,26.7,"7.2",1,8.4,0.1,52,33.3,"86.4","6",28.6,4.8,45.2,"72.807266667","93.974998571",15.9,52.6
"Piña, Robinson",673820,2025,26,"2","2.1",14,13,5,3,1,0,1,1,1,7.1,7.1,".385",".692",".429","1.121",".386",".717",".473",".484",".430",".331","70.8",22.7,16.7,13.6,27.8,22.7,"7.2",0,11.4,-3.5,50,35.6,"88","13.2",50,8.3,50,"72.801415","95.848751667",19.2,42.6
"Matzek, Tyler",554431,2025,34,"7","6.1",35,29,11,7,4,0,0,7,5,20,14.3,".379",".517",".457","0.974",".263",".456",".418",".352",".364",".193","71.1",16,17.5,14,32.5,26,"7.1",3,8.3,-0.1,56,32.7,"95.1","19.1",52.2,17.4,52.2,"86.7740075","96.903328261",21.7,47.2
"Nicolas, Kyle",693312,2025,26,"31","38.0",167,146,34,23,7,1,3,34,18,20.4,10.8,".233",".356",".323","0.679",".235",".381",".303",".316",".328",".146","71.8",23.8,15.2,11,34.3,24.9,"7.3",8,9.8,-2.4,54.4,31.2,"90","14.3",32.7,7.1,38.9,"79.652483571","94.404391607",29.4,47.5
"Eisert, Brandon",685126,2025,27,"72","69.2",306,272,75,41,20,2,12,74,25,24.2,8.2,".276",".496",".344","0.840",".238",".418",".353",".314",".314",".181","71.6",21.8,15.7,10.6,32.5,22,"7.4",10,11.3,-4.1,58.5,32.3,"87.8","13.2",38.6,9.5,37.1,"76.389994545","93.646268426",32,46.8
"Kittredge, Andrew",552640,2025,35,"54","53.0",208,194,41,26,6,2,7,64,11,30.8,5.3,".211",".371",".251","0.622",".210",".351",".266",".261",".251",".141","72.4",29,15.6,11.4,31.1,22.7,"7.6",14,12.1,-5.9,57.5,33.6,"90.7","7.8",33.8,6.8,44.4,"79.979613939","95.016293969",29.8,53.3
"Coulombe, Danny",543056,2025,35,"55","43.0",176,156,32,25,4,0,3,43,18,24.4,10.2,".205",".288",".286","0.574",".242",".381",".261",".309",".319",".139","72.8",31.7,13.2,9.8,26.8,20,"7.5",9,11.9,-6.3,55.9,32.5,"87.5","17.2",31.3,5.2,38.3,"76.015655893","93.564165804",27.7,50.6
"Zerpa, Angel",672582,2025,25,"69","64.2",275,247,67,43,17,0,7,58,22,21.1,8,".271",".425",".333","0.758",".246",".399",".330",".311",".311",".154","70.6",14.1,15.5,13.4,37.2,31.9,"7",11,5,6,43.2,31.6,"89.5","0",30.6,8.3,43,"78.207393191","94.766879415",16.4,43.3
"Thomas, Connor",671162,2025,27,"2","5.1",31,26,12,7,2,0,3,5,2,16.1,6.5,".462",".885",".484","1.369",".370",".691",".545",".481",".435",".320","72.7",26.1,22.5,19.6,32.5,28.3,"7.4",0,9.8,2.5,52.2,33,"93.2","13.7",52.2,13,56.5,"81.943926364","97.324945455",11.8,42.9
"Giolito, Lucas",608337,2025,30,"26","145.0",613,547,131,91,22,1,17,121,56,19.7,9.1,".239",".377",".309","0.686",".264",".464",".301",".345",".333",".200","72",27.8,16.4,12.8,36.4,28.5,"7.4",13,12,-5.3,50.9,30.8,"90.3","16.7",38.3,9,41.1,"79.599269676","94.777289536",22.9,47.3
"Fried, Max",608331,2025,31,"32","195.1",801,737,164,117,26,7,14,189,51,23.6,6.4,".223",".334",".281","0.615",".233",".357",".272",".287",".291",".125","71.9",24.4,14.4,10.8,32.1,24,"7.2",21,8.3,1.1,45.8,32.3,"87.2","6.9",29.6,6.9,37.2,"74.884362841","93.857707638",26.6,46.9
"Festa, David",701581,2025,25,"11","53.1",229,204,49,32,7,0,10,53,19,23.1,8.3,".240",".422",".316","0.738",".243",".465",".322",".338",".319",".222","72.3",25.1,15.7,11.6,32.1,23.6,"7.5",11,13.1,-5,55.7,32.3,"90.4","19.8",34,11.8,40.5,"79.851768158","95.067738344",27.4,51.2
"Funderburk, Kody",681892,2025,28,"39","41.0",183,160,44,33,9,0,2,40,18,21.9,9.8,".275",".369",".355","0.724",".244",".340",".321",".298",".328",".097","70.4",15.8,15.1,11.9,37.2,29.2,"7",4,6,6.5,47.4,31.8,"90.4","6.9",29.5,4.9,42.6,"80.192307333","94.409817833",21.4,41.9
"Luzardo, Jesús",666200,2025,27,"32","183.2",758,696,167,118,33,0,16,216,57,28.5,7.5,".240",".356",".299","0.655",".228",".355",".290",".285",".289",".127","71.8",23.7,11.8,8.3,30.2,21.3,"7.4",28,10.7,-2.9,49.2,32.6,"88.5","13.1",34.2,6.7,37.1,"77.489938987","93.779297426",30.8,47.8
"Cortes, Nestor",641482,2025,30,"8","34.1",157,134,36,19,4,0,13,29,20,18.5,12.7,".269",".590",".369","0.959",".262",".573",".405",".395",".364",".312","72.3",33.3,20.1,15.3,42.6,32.4,"7.4",4,10.7,-1.9,55,31.3,"92.5","18.4",33,15.1,46.2,"83.209040943","95.498235429",25,42.7
"Lao, Sauryn",666659,2025,25,"8","11.0",49,46,14,8,4,0,2,9,2,18.4,4.1,".304",".522",".347","0.869",".277",".489",".372",".348",".321",".212","72.2",27.1,16.9,11.8,42.4,29.4,"7.7",0,14.2,-7.8,51.8,33.6,"92.9","11.9",35.1,10.8,51.4,"83.535993333","96.071765833",29.9,52.4
"Freeman, Caleb",673965,2025,27,"5","3.1",16,14,5,3,1,0,1,3,1,18.8,6.3,".357",".643",".400","1.043",".256",".459",".442",".329",".306",".204","69.1",10.7,12,10.7,28,25,"7.2",0,6.5,-1.1,64.3,31.4,"91","19.5",33.3,16.7,41.7,"81.781485","94.737483636",8.3,51.4
"Alexander, Tyler",641302,2025,30,"52","97.2",423,386,107,78,17,3,9,82,30,19.4,7.1,".277",".407",".331","0.738",".280",".438",".318",".332",".334",".158","71.3",22.5,14.4,11.4,33.8,26.7,"7.2",7,9.5,1.4,53.8,32.2,"88.5","16.6",37.3,5.9,39.6,"77.131036107","94.163849394",21.5,48.8
"Williams, Gavin",668909,2025,25,"31","167.2",704,615,130,83,23,1,23,173,83,24.6,11.8,".211",".364",".307","0.671",".231",".405",".299",".321",".325",".174","71.8",23.9,13.3,10,33.1,24.9,"7.3",34,9.5,-0.9,48.6,31.8,"90.4","9.8",35.3,9,44.3,"80.176453348","94.830091267",27.7,45.7
"Scholtens, Jesse",669947,2025,31,"2","8.1",38,34,9,8,0,0,1,12,3,31.6,7.9,".265",".353",".316","0.669",".236",".346",".294",".279",".290",".111","73",25.9,19,14.8,38.1,29.6,"7.1",1,4.9,5.4,48.1,27.9,"90.4","13.1",30.4,8.7,39.1,"80.1336675","94.813690435",34.2,49.4
"Brown, Ben",676962,2025,25,"25","106.1",472,433,121,80,19,4,18,121,32,25.6,6.8,".279",".467",".333","0.800",".254",".450",".345",".329",".311",".197","71.9",26.6,17.8,13.2,38.8,28.8,"7.4",31,10.7,-3,53.5,31,"92.4","12.7",36.8,11.4,47.3,"82.826186581","95.598631097",28.3,47.9
"Harris, Hayden",802686,2025,26,"3","2.2",12,10,3,2,1,0,0,0,2,0,16.7,".300",".400",".417","0.817",".399",".603",".367",".473",".499",".204","69.5",16,12.5,12,33.3,32,"6.7",0,3.4,4,28,33.3,"89.9","6.4",60,10,40,"80.65758","94.38604",3.7,54
"Davis, Noah",663562,2025,28,"9","11.0",65,52,22,14,1,0,7,15,6,23.1,9.2,".423",".846",".538","1.384",".338",".709",".570",".492",".471",".371","72",26.3,21.7,16.3,33.3,25,"7.4",2,11.9,-4.8,60,33.6,"89.2","13.4",51.4,21.6,51.4,"75.277702632","96.190412703",26.6,37.5
"Beck, Tristan",663941,2025,29,"31","56.2",232,211,47,30,8,2,7,41,16,17.7,6.9,".223",".379",".280","0.659",".261",".429",".286",".326",".319",".169","72.1",26.2,15.2,12.1,39.6,31.5,"7.4",17,10.8,-2.7,55.5,32.2,"90.1","14.7",34.7,8.7,38.2,"80.599342326","94.12311386",22.9,49.1
"Buttó, José",676130,2025,27,"55","67.0",284,242,62,40,16,2,4,58,32,20.4,11.3,".256",".388",".342","0.730",".249",".417",".318",".328",".337",".169","71.4",19.5,13.8,10,35.8,25.9,"7.4",9,10.7,-2.2,54.6,32.8,"90.1","8.6",29.8,9.4,39.8,"79.676354421","94.558922063",28.8,47.2
"Rogers, Trevor",669432,2025,27,"18","109.2",423,388,70,53,8,3,6,103,29,24.3,6.9,".180",".263",".240","0.503",".225",".376",".226",".288",".282",".151","72.2",26.5,16.2,12.2,30.1,22.6,"7.4",7,10.5,-2,47.4,32.4,"89.7","13.1",31.5,7.6,48.4,"77.857441469","95.210002667",25.6,52.9
"Henry, Cole",669371,2025,25,"57","52.2",241,196,43,28,8,0,7,52,32,21.6,13.3,".219",".367",".358","0.725",".212",".366",".328",".326",".355",".154","71.2",19.2,13,9.9,33.2,25.3,"7.2",8,10.4,-2.1,58.8,30.3,"88.8","23.3",31.5,7.5,37,"77.547687397","94.270835034",25.6,42.8
"Chapman, Aroldis",547973,2025,37,"67","61.1",228,212,28,20,5,0,3,85,15,37.3,6.6,".132",".198",".189","0.387",".175",".278",".177",".227",".230",".103","71.7",24.5,8.6,5.6,22.7,14.7,"7.2",15,8.3,0.7,49.7,30.1,"88.8","18.9",34.4,5.5,36.7,"78.389957656","93.713131024",35.8,57.3
"Pilkington, Konnor",663455,2025,27,"32","28.1",123,102,22,10,5,0,7,34,17,27.6,13.8,".216",".471",".333","0.804",".254",".524",".346",".382",".367",".270","71.8",25.6,13.9,10.3,31.9,23.6,"7.3",5,9,0.9,50.8,32.2,"90.6","17.1",50,15.7,44.3,"79.376078286","95.251717143",29.1,44.6
"Kelly, Casey",543391,2025,35,"2","1.2",6,5,1,1,0,0,0,0,1,0,16.7,".200",".200",".333","0.533",".227",".291",".262",".303",".355",".065","69",14.3,16.7,14.3,50,42.9,"7.6",0,12.8,-9.8,57.1,35.4,"89.4","19.5",20,0,40,"83.421953333","92.481762",20,41.7
"Thompson, Zach",605507,2025,31,"2","3.2",12,11,0,0,0,0,0,3,1,25,8.3,".000",".000",".083","0.083",".127",".154",".058",".172",".200",".027","71.3",16.7,5.3,4.2,21.1,16.7,"7.1",0,9.1,0.4,29.2,29,"79.4","18.1",0,0,12.5,"66.66586","90.29403125",17.9,46.7
"Ferrer, José A.",678606,2025,25,"72","76.1",324,294,81,62,12,2,5,71,16,21.9,4.9,".276",".381",".326","0.707",".252",".353",".310",".294",".307",".102","71.2",18.8,14,10.7,34.2,26.1,"7.1",14,5.6,5.2,36.6,33.4,"89.1","0.8",28.3,4.8,42.2,"77.190838991","94.646342064",24.8,49.8
"Zeferjahn, Ryan",666171,2025,27,"62","57.0",256,216,49,29,8,0,12,73,34,28.5,13.3,".227",".431",".341","0.772",".217",".403",".335",".321",".333",".186","71.2",18.9,12.3,9,24.6,18.1,"7.4",15,10,-2,49.5,31.8,"88.3","15.1",38.6,10.3,37.2,"77.010090845","93.863811135",30.3,45.3
"Bird, Jake",656234,2025,29,"48","55.1",248,217,60,40,12,1,7,66,25,26.6,10.1,".276",".438",".355","0.793",".235",".373",".340",".305",".321",".139","71.2",18.4,16,11.9,33.1,24.6,"7.4",11,11.7,-5.4,47,33.4,"88.5","8.6",34.4,8.4,42.9,"76.501208701","94.353653247",28.1,43.9
"Hartlieb, Geoff",664129,2025,31,"4","3.1",24,18,8,4,2,0,2,5,6,20.8,25,".444",".889",".583","1.472",".397",".825",".594",".556",".548",".428","70.9",21.1,17.2,13.2,31,23.7,"7.4",0,12.4,-8.7,60.5,33.3,"96.7","19.6",61.5,38.5,61.5,"86.697672857","99.28956",25,40.4
"Cruz, Steven",674444,2025,26,"47","45.2",189,169,36,24,7,0,5,38,18,20.1,9.5,".213",".343",".291","0.634",".221",".357",".280",".289",".298",".136","71.4",19.3,10,7.9,35.9,28.2,"7.1",4,6.8,4.6,51.4,32.2,"88.8","14.9",33.3,5.3,34.1,"78.717356308","93.526750154",24.3,50
"Blubaugh, AJ",805123,2025,24,"11","32.0",125,112,17,8,3,0,6,35,12,28,9.6,".152",".339",".232","0.571",".184",".383",".251",".279",".261",".200","72.2",21.7,16.4,11.6,30,21.2,"7.3",1,9.6,-0.2,48,31.7,"89.9","22.6",26.9,10.4,42.3,"78.425083947","95.000814211",30,47.9
"Urquidy, José",664353,2025,30,"2","2.1",14,11,4,4,0,0,0,3,3,21.4,21.4,".364",".364",".500","0.864",".334",".489",".400",".429",".477",".156","70.8",13.6,0,0,41.7,22.7,"7.5",0,14.1,-14.8,63.6,31.8,"85.5","15.9",62.5,0,37.5,"75.9415275","91.5731675",41.7,42.9
"Smith, Dylan",681916,2025,25,"7","13.0",48,40,6,5,1,0,0,4,5,8.3,10.4,".150",".175",".292","0.467",".216",".314",".235",".308",".349",".098","70.4",17.1,13.5,10,32.7,24.3,"7.1",0,8.5,0.8,58.6,34.4,"86.5","12.9",30.6,8.6,33.3,"75.326847778","92.979759714",24.1,47.9
"Miller, Erik",669062,2025,27,"36","30.0",128,101,24,19,5,0,0,22,20,17.2,15.6,".238",".287",".373","0.660",".253",".354",".297",".330",".390",".101","70.9",19.3,12.4,8.6,35,24.4,"7.2",4,10.4,-2.6,46.2,31.9,"87.8","9.2",30.1,3.6,32.5,"77.48305225","93.1156705",30.7,47.3
"Tate, Dillon",622253,2025,31,"6","6.1",34,27,8,6,1,0,1,8,6,23.5,17.6,".296",".444",".441","0.885",".258",".458",".396",".385",".411",".200","72.9",43.1,7.1,5.9,28.6,23.5,"7.6",0,15.3,-9.1,54.9,30.3,"85.3","16.7",42.1,10.5,26.3,"74.337925","92.536099474",20.4,38.8
"Estrada, Lazaro",681751,2025,26,"2","7.1",35,31,10,6,2,0,2,10,1,28.6,2.9,".323",".581",".382","0.963",".267",".453",".412",".341",".332",".186","73.3",32.7,13.9,9.1,38.9,25.5,"7.6",1,13,-7.7,58.2,30.9,"89.2","18.7",40.9,13.6,31.8,"79.793591818","93.722206667",37.5,53.8
"Church, Marc",687847,2025,24,"5","4.2",23,16,4,2,2,0,0,5,6,21.7,26.1,".250",".375",".435","0.810",".246",".578",".366",".417",".432",".332","72.6",28.1,21.7,15.6,34.8,25,"7.6",0,14.9,-8.6,50,32,"93.4","16.2",41.7,33.3,50,"83.118396667","95.881765",28.6,35.4
"Ober, Bailey",641927,2025,29,"27","146.1",624,579,159,92,37,0,30,120,31,19.2,5,".275",".494",".314","0.808",".248",".462",".344",".323",".291",".214","72.1",25.4,16.5,12.7,34.5,26.6,"7.5",14,14.4,-9.3,51.9,31.3,"89.6","22.5",33.8,10.9,39.1,"78.771571293","94.459521595",24.1,51.7
"Criswell, Cooper",681867,2025,28,"7","17.2",80,74,23,18,2,0,3,9,5,11.3,6.3,".311",".459",".350","0.809",".266",".403",".349",".310",".312",".137","72.4",26.1,18.2,15.7,31.3,27,"7.3",2,8.8,0.5,56.5,33.9,"86.7","7.4",31.8,6.2,37.9,"74.366379091","93.680105692",14.9,48.6
"Bummer, Aaron",607481,2025,31,"42","54.1",236,204,51,34,12,2,3,51,18,21.6,7.6,".250",".373",".339","0.712",".267",".372",".310",".318",".355",".105","71",20.6,14.8,11.8,39.4,31.5,"7.3",12,8.9,-3.3,45.3,34.4,"89.7","2.9",33.3,3.2,39.1,"79.893937922","94.157028693",22.9,43.1
"Mederos, Victor",682989,2025,24,"5","17.0",81,65,18,9,2,3,4,14,12,17.3,14.8,".277",".585",".407","0.992",".226",".429",".417",".351",".367",".203","71.2",16.4,14.3,11.2,37.4,29.3,"7.1",2,9.5,-0.7,56,34.3,"91","16.6",42.3,9.6,44.2,"82.455016923","94.505381923",22.4,42.7
"Dana, Caden",702674,2025,21,"7","32.1",141,117,30,18,3,0,9,33,18,23.4,12.8,".256",".513",".350","0.863",".244",".422",".365",".338",".346",".179","72.4",30.5,13.5,9.9,30.3,22.1,"7.4",3,11.9,-5,54.5,31.5,"89.1","12.8",31.5,11.4,39.3,"78.462148182","94.224457701",28.2,42.3
"Bigge, Hunter",685801,2025,27,"13","15.0",60,54,11,6,1,0,4,12,5,20,8.3,".204",".444",".283","0.727",".270",".526",".315",".371",".343",".256","71.5",22.4,16,12.1,34.6,26.2,"7.2",3,9.9,-0.2,58.9,30.3,"92.8","13",45.2,11.9,52.4,"83.164287619","95.96624381",28,52
"Eder, Jake",671109,2025,26,"8","18.1",78,67,15,9,3,0,3,15,9,19.2,11.5,".224",".403",".325","0.728",".219",".416",".317",".318",".321",".197","71.9",25.6,14.3,10.5,32.7,24.1,"7.2",2,9.3,1.3,51.1,32.5,"90.4","23.7",35.8,11.3,37.7,"80.423306154","94.432335577",26.2,48
"Legumina, Casey",668984,2025,28,"48","49.2",219,190,47,31,9,0,7,55,25,25.1,11.4,".247",".405",".339","0.744",".217",".378",".325",".304",".314",".161","70.4",15.4,15.7,11.9,31.1,23.5,"6.9",8,6.3,5.9,44.1,30.8,"90.6","17.1",29.2,8.8,43.8,"79.801734412","95.008117941",24.6,49.6
"Pivetta, Nick",601713,2025,32,"31","181.2",721,660,129,86,19,2,22,190,50,26.4,6.9,".195",".330",".253","0.583",".228",".424",".256",".309",".287",".196","71.8",23.7,15.7,12.1,33,25.4,"7.3",25,10.9,-2.5,56.5,30,"90.3","19.1",36.4,10.9,45,"79.736148771","94.701402267",24.6,47.7
"Ashcraft, Braxton",677952,2025,25,"26","69.2",292,264,63,43,16,1,3,71,24,24.3,8.2,".239",".341",".306","0.647",".235",".350",".286",".288",".303",".115","71.8",20.3,12,8.9,29,21.5,"7.4",6,10.5,-3,57.2,32.5,"88","9.1",30.8,4.7,38.5,"76.398213021","94.089793979",26.2,50.2
"Erceg, Lucas",668674,2025,30,"61","61.1",249,227,54,40,9,1,4,48,18,19.3,7.2,".238",".339",".305","0.644",".248",".388",".283",".305",".314",".141","71.5",22.8,15.4,11.9,32.4,25,"7.2",4,9.1,0.2,41.6,33.2,"89.1","8.2",27.9,7.3,37.4,"77.802849663","94.233063785",24.7,48.7
"Moll, Sam",594580,2025,33,"23","18.1",81,70,16,7,5,0,4,22,10,27.2,12.3,".229",".471",".325","0.796",".205",".380",".344",".303",".305",".175","72.3",26.3,23.9,17.2,43.7,31.3,"7.8",4,12.8,-7.8,54.5,34.6,"92.9","16.1",30.6,8.2,51,"82.748425417","96.713041277",33.1,39.2
"Booser, Cam",592155,2025,33,"39","31.0",143,120,28,15,5,0,8,35,19,24.5,13.3,".233",".475",".343","0.818",".202",".422",".350",".326",".320",".220","71.1",18.5,13.7,9.9,32.1,23.2,"7.5",5,12.2,-5.7,48.1,31.6,"90.9","20.4",36.8,13.8,42.5,"80.27361381","95.090481786",30,47.3
"Morgan, David",688158,2025,25,"41","47.1",193,168,35,24,6,1,4,50,23,25.9,11.9,".208",".327",".311","0.638",".223",".348",".287",".301",".325",".125","71.2",18.2,13.2,10.3,29.8,23.3,"7.2",13,8.7,-1.5,48.8,32,"91.1","10.9",33.9,7.7,45.8,"81.12097569","94.875696379",25.5,49.6
"Winans, Allan",642216,2025,29,"3","9.1",46,39,13,8,2,1,2,6,3,13,6.5,".333",".590",".391","0.981",".283",".508",".407",".379",".364",".225","72.3",29.2,21.7,18.1,33.3,27.8,"7.6",1,14.2,-7.9,54.2,32.5,"91.4","12.8",31.4,11.4,57.1,"79.816638824","96.312707059",18.8,49.7
"Kinley, Tyler",641755,2025,34,"73","72.2",308,270,53,36,11,0,6,73,33,23.7,10.7,".196",".304",".289","0.593",".219",".355",".263",".292",".310",".135","71.3",21.2,9.5,6.8,31.1,22.2,"7.7",17,15.7,-12.4,53.3,32.1,"87","20.5",34.7,7,29.6,"75.874641313","93.183719543",31.2,49.1
"Ramírez, Yohan",670990,2025,30,"24","33.1",155,134,33,21,8,0,4,45,16,29,10.3,".246",".396",".342","0.738",".234",".409",".324",".328",".334",".176","71.3",21.4,13.1,9.9,28.1,21.4,"7.4",7,9.3,-4.2,48.9,31.6,"89.7","13.5",40,13.3,45.6,"78.336311333","94.628384556",25.8,49.5
"Shuster, Jared",694363,2025,26,"12","15.2",82,74,27,19,8,0,0,12,5,14.6,6.1,".365",".473",".415","0.888",".285",".404",".379",".320",".343",".119","72.2",22.8,12.6,9.6,28.2,21.3,"7.4",2,10.4,-3,46.3,32.9,"84.8","10.2",34.9,4.8,28.6,"71.530652258","93.068846935",23.8,53.9
"Vargas, Carlos",672841,2025,25,"70","77.0",331,297,81,58,12,1,10,54,23,16.3,6.9,".273",".421",".337","0.758",".246",".371",".327",".298",".315",".124","70.9",18.8,11.7,9.7,38.6,32,"7",10,5.3,5.1,44.8,32.9,"88.6","4.6",25.9,4.9,35.2,"77.933770083","93.844737137",18.9,48.7
"Abner, Philip",691769,2025,23,"5","3.2",18,15,5,3,2,0,0,5,3,27.8,16.7,".333",".467",".444","0.911",".182",".373",".401",".311",".318",".192","74.2",44.4,8.7,7.4,21.7,18.5,"7.1",2,9.4,-2.5,66.7,27.4,"85.9","27.3",30,10,20,"77.186834","91.314063",24.2,46.5
"Puk, A.J.",640462,2025,30,"8","8.0",35,32,8,3,3,0,2,12,2,34.3,5.7,".250",".531",".314","0.845",".199",".325",".360",".264",".267",".127","70.2",16.4,2,1.4,30,20.5,"7",0,6.9,-0.8,45.2,30.9,"86.7","19.3",40,5,25,"77.192733","92.4729705",32.5,53.2
"Alvarado, Elvis",665660,2025,26,"37","42.1",183,159,34,21,7,0,6,50,22,27.3,12,".214",".371",".317","0.688",".221",".362",".305",".304",".323",".142","71.8",22.9,13.2,8.9,30.2,20.4,"7.3",8,9.5,-2.2,51.3,32.4,"89.9","16.7",30.3,8.3,46.8,"78.580504727","95.049966514",33.7,46.9
"Ort, Kaleb",672391,2025,33,"49","46.0",194,164,35,21,6,0,8,49,27,25.3,13.9,".213",".396",".323","0.719",".187",".345",".316",".287",".301",".158","71.7",25.5,13,9.3,28.3,20.2,"7.3",4,10.4,-2.3,50.9,29.6,"89.3","17.1",25.9,7.8,37.9,"78.636906379","94.296714914",29.2,46.4
"Sasaki, Roki",808963,2025,23,"10","36.1",161,136,30,18,5,1,6,28,22,17.4,13.7,".221",".404",".342","0.746",".243",".472",".331",".362",".361",".230","71.4",20.3,14.6,11.9,37.3,30.4,"7.2",5,10,-1.3,51.5,33.7,"90.6","13.1",32.4,11.1,45.4,"80.793682037","94.617473458",22.1,43
"Ottavino, Adam",493603,2025,39,"3","1.2",9,5,0,0,0,0,0,3,4,33.3,44.4,".000",".000",".444","0.444",".094",".115",".307",".359",".496",".021","68.6",0,0,0,0,0,"7.2",0,8.4,1,55.6,33.4,"72.8","47.8",0,0,0,"70.82032","88",40,23.8
"Aldegheri, Sam",691951,2025,23,"4","13.2",73,58,20,13,4,0,3,12,10,16.4,13.7,".345",".569",".466","1.035",".292",".497",".444",".402",".424",".205","72.8",25.9,12.4,9.8,33.7,26.8,"7.4",3,11.7,-4.4,52.7,32.6,"89","14.6",38.3,10.6,34,"79.03760375","94.022544681",21.1,42.2
"Murphy, Chris",669684,2025,27,"23","34.2",148,122,21,15,2,0,4,30,20,20.3,13.5,".172",".287",".311","0.598",".212",".341",".276",".310",".344",".129","71.9",22.9,16.2,12.6,35.3,27.6,"7.4",10,11.2,-4.6,56.1,32.8,"89.1","9.8",23.7,7.5,46.2,"78.07668413","94.38600087",26.5,44.5
"Gray, Jon",592351,2025,33,"6","14.0",63,57,15,7,3,0,5,12,6,19,9.5,".263",".579",".333","0.912",".263",".560",".385",".377",".333",".297","72.8",36.6,16.9,14,36.4,30.1,"7.4",1,10.8,-0.3,52.7,33.9,"91.6","25.1",44.4,17.8,46.7,"82.226158261","95.202374444",21,50
"Lynch IV, Daniel",663738,2025,28,"57","67.2",289,254,66,46,12,0,8,45,26,15.6,9,".260",".402",".341","0.743",".252",".414",".327",".328",".335",".162","71.6",20.9,18.8,14.7,40.3,31.5,"7.4",4,11.1,-3.2,54.8,32.7,"88.6","10.4",28.3,8.1,42.5,"76.90873625","94.451533462",22.3,42.9
"Kolek, Stephen",663568,2025,28,"19","112.2",461,417,98,74,13,2,9,77,31,16.7,6.7,".235",".341",".296","0.637",".261",".406",".280",".321",".323",".146","72",26.2,18.3,15.3,36.1,30.2,"7.1",9,6.9,3,48.4,33.1,"91.1","7.4",32.9,6.1,48,"80.278387602","95.430454825",17.7,46.8
"Leiter Jr., Mark",643410,2025,34,"59","48.1",219,197,57,41,10,1,5,54,17,24.7,7.8,".289",".426",".356","0.782",".235",".364",".343",".301",".309",".129","71.5",21.3,15.5,11,31.3,22.3,"7.5",4,13.2,-7.7,53.7,31.4,"87.2","13.8",29.2,5.6,33.3,"75.677094507","93.340015141",29.1,45.4
"Casparius, Ben",676508,2025,26,"46","77.2",333,307,78,47,22,1,8,71,21,21.3,6.3,".254",".410",".307","0.717",".240",".392",".312",".300",".294",".153","71.1",22,11.2,8.5,33,24.9,"7.2",12,9.3,-1.2,53.5,31.7,"87.5","19.5",31.9,7.1,31.9,"77.195546356","92.986533941",27.6,49.7
"Saalfrank, Andrew",685314,2025,27,"28","29.0",113,101,19,14,4,0,1,19,10,16.8,8.8,".188",".257",".257","0.514",".241",".421",".229",".311",".306",".180","72.1",24.7,19.4,14.6,40.3,30.3,"7.7",6,14.8,-8.4,58.4,34.2,"88.9","12.4",34.5,7.1,40.5,"78.468488333","93.839457381",27.9,47.1
"Misiorowski, Jacob",694819,2025,23,"15","66.0",272,239,51,33,9,1,8,87,30,32,11,".213",".360",".309","0.669",".202",".344",".298",".288",".299",".143","71.8",22.9,7.9,5.8,24.1,17.6,"7.1",16,6.8,1.2,50.4,31.2,"89","15.9",40.8,7.9,37.5,"79.236436579","93.62802596",29.7,49.8
"Whisenhunt, Carson",687931,2025,24,"5","23.1",102,88,22,11,5,0,6,16,12,15.7,11.8,".250",".511",".353","0.864",".277",".524",".372",".386",".376",".248","71",21.5,22.2,17.2,42.9,33.1,"7.4",3,10.6,-4.6,46.6,32.2,"92.4","13.3",34.7,12.5,48.6,"82.3382825","95.746650704",23.8,45.3
"Chafin, Andrew",605177,2025,35,"42","33.2",143,122,29,26,1,0,2,36,19,25.2,13.3,".238",".295",".338","0.633",".214",".319",".292",".290",".318",".105","72.2",28.3,9.4,7.1,27.2,20.4,"7.5",7,12.8,-8.2,49.2,34,"87.3","12.8",27.3,3.4,37.5,"76.52036","93.195206322",27.7,45.9
"Gil, Luis",661563,2025,27,"11","57.0",244,208,47,28,14,0,5,41,33,16.8,13.5,".226",".365",".332","0.697",".255",".420",".311",".342",".356",".166","72.3",28.1,13.2,10.5,35,27.9,"7.2",4,9.5,-0.3,51.9,30.3,"90.5","21.3",35.5,8.3,42.6,"80.108893882","94.765663491",21.5,44
"Weaver, Luke",596133,2025,31,"64","64.2",262,236,46,26,10,0,10,72,20,27.5,7.6,".195",".364",".258","0.622",".193",".359",".269",".268",".258",".166","72",24.2,10.8,7.5,28.9,20.2,"7.4",8,12,-3.7,57.2,30.7,"90","22",35.7,8.3,39.9,"79.999123333","94.278156886",31,52.6
"González, Wikelman",682790,2025,23,"16","20.1",87,73,13,8,4,0,1,25,12,28.7,13.8,".178",".274",".291","0.565",".245",".357",".260",".323",".351",".112","72.1",23.8,11.2,7.7,29.6,20.3,"7.5",1,11.7,-6.7,55.2,31.3,"91.3","21.6",36,6,38,"83.7021356","93.739299184",32.3,43.8
"Ryan, Joe",657746,2025,29,"31","171.0",689,633,138,80,32,0,26,194,39,28.2,5.7,".218",".392",".275","0.667",".209",".397",".290",".289",".269",".188","72.2",28.6,13,9.7,29.8,22.3,"7.1",23,7.9,0.8,50.1,30.7,"90.2","18.7",33.1,11.5,41.9,"79.815298733","94.608611131",26.1,49.7
"Carrasco, Carlos",471911,2025,38,"11","45.2",212,193,61,35,15,1,10,34,17,16,8,".316",".560",".368","0.928",".281",".468",".393",".354",".342",".187","72.5",26.2,21.1,16.4,38.9,30.3,"7.5",3,13.2,-8,55.8,33.1,"90.7","16.6",38.5,10.8,42.9,"79.769600256","94.954997051",22.5,45.6
"Winckowski, Josh",670174,2025,27,"6","11.2",52,44,11,9,2,0,0,9,5,17.3,9.6,".250",".295",".327","0.622",".297",".499",".281",".381",".379",".203","70.9",19.4,18.6,14,34.3,25.8,"7.1",2,7.9,3.4,61.3,31.6,"89.9","6.1",35.1,14.3,54.1,"78.26791","96.008135429",26.7,50.7
"Woods Richardson, Simeon",680573,2025,24,"23","111.1",471,418,96,62,16,1,17,107,46,22.7,9.8,".230",".395",".308","0.703",".214",".402",".308",".304",".295",".188","72.1",26.9,13.8,10.8,32,25.2,"7.2",13,10.2,-1.1,52,31.9,"90.2","20",34,11.4,41.6,"80.370681656","94.323096369",24.1,48
"Lucas, Easton",687922,2025,28,"6","24.1",108,92,25,16,4,0,5,23,12,21.3,11.1,".272",".478",".343","0.821",".275",".535",".348",".370",".348",".260","71.9",26.4,15.9,12.4,31.8,24.9,"7.2",5,9.3,1.8,58,31.3,"91.2","17.4",37,11,43.8,"80.981718919","94.979699863",23.9,51.6
"Wacha, Michael",608379,2025,33,"31","172.2",716,658,166,116,29,6,15,126,45,17.6,6.3,".252",".383",".302","0.685",".257",".420",".299",".316",".308",".164","71.9",25.8,13.1,10.5,31,24.8,"7.4",27,12.4,-4.5,50.9,32.5,"87.5","17.7",36.7,7.4,34.6,"76.056574508","93.523519129",21.3,50.4
"Keller, Mitch",656605,2025,29,"32","176.1",749,686,171,108,40,2,21,150,51,20,6.8,".249",".405",".310","0.715",".259",".430",".313",".326",".319",".171","71.5",21.8,15.4,12.4,33.8,27.2,"7.2",25,7.9,1.2,49.8,32,"90.1","11.9",34.6,7.8,43.8,"79.4512197","94.723694728",20.6,48.5
"Otañez, Michel",671305,2025,27,"6","5.1",28,22,7,3,1,1,2,6,5,21.4,17.9,".318",".727",".464","1.191",".254",".528",".491",".409",".414",".275","71.2",20,19,13.3,66.7,46.7,"7.3",5,12.1,-5.3,60,32.3,"93.8","20.4",31.3,18.8,50,"84.77028","96.553160625",35.6,37.2
"Phillips, Evan",623465,2025,30,"7","5.2",22,20,4,4,0,0,0,6,2,27.3,9.1,".200",".200",".273","0.473",".199",".233",".223",".233",".272",".035","71.6",30.3,0,0,29.2,21.2,"7.1",2,10,0.7,63.6,30.4,"84.6","10.1",21.4,0,28.6,"75.107624286","91.117835714",30.2,46.7
"Miller, Bryce",682243,2025,26,"18","90.1",392,348,93,53,22,1,17,74,34,18.9,8.7,".267",".483",".333","0.816",".274",".463",".349",".351",".343",".189","71.8",25.8,16.9,12.8,34.1,25.8,"7.3",4,10.1,-2.5,53.3,31.8,"92.4","16.8",34.3,9.4,48.6,"82.570913551","95.807492873",24.2,50.9
"Matz, Steven",571927,2025,34,"53","76.2",309,293,73,49,13,3,8,59,11,19.1,3.6,".249",".396",".280","0.676",".233",".404",".291",".287",".265",".171","71",20.3,14.8,12.3,33.8,28.2,"7",9,7.1,3.9,47,31.9,"88.4","10.7",31.6,6.4,40.5,"76.773139914","94.236201645",18.8,48.6
"Harvey, Hunter",640451,2025,30,"12","10.2",39,38,6,6,0,0,0,11,1,28.2,2.6,".158",".158",".179","0.337",".187",".224",".153",".193",".208",".037","71.3",14.7,13,9.3,42.6,30.7,"7.2",1,9.1,2.3,52,30.5,"92.4","9.9",29.6,0,40.7,"85.994227857","94.047038889",30.6,50.9
"López, Pablo",641154,2025,29,"14","75.2",312,285,64,44,13,1,6,73,20,23.4,6.4,".225",".340",".282","0.622",".248",".398",".274",".308",".307",".149","71.5",22.8,11.9,8.9,32.9,24.5,"7.2",12,9,-1,48.2,32.5,"88.7","14.4",39.5,6,35.3,"77.770456355","93.87682108",25.9,48.5
"Schreiber, John",670167,2025,31,"74","64.0",265,244,57,34,12,1,10,62,19,23.4,7.2,".234",".414",".292","0.706",".245",".415",".305",".311",".302",".171","72",26.1,13.8,10.7,31.8,24.7,"7.2",6,7.6,1.6,47.1,32.7,"88.5","15.2",35,9.3,38.3,"77.339312637","93.948012265",23.4,47.7
"Long, Sam",669674,2025,29,"39","40.1",189,165,48,33,8,0,7,33,22,17.5,11.6,".291",".467",".381","0.848",".262",".423",".369",".342",".356",".161","71.3",23,15.5,12.8,31.4,25.9,"7.2",7,9.8,-2.4,50.5,31.5,"88.1","14.3",29.5,8.3,42.4,"76.127649091","94.180791145",19.1,46.1
"Burke, Brock",656271,2025,28,"69","61.2",257,228,58,40,7,3,8,52,18,20.2,7,".254",".417",".311","0.728",".249",".393",".308",".303",".310",".144","71.7",23.9,11.4,8.7,31.5,24.1,"7.3",3,9.7,-0.3,51.6,31.7,"89","8.4",31,7.1,40.8,"77.039255402","94.832949483",23.4,52.4
"Evans, Logan",688138,2025,24,"16","81.1",350,313,82,52,15,2,13,59,31,16.9,8.9,".262",".447",".335","0.782",".271",".465",".339",".350",".344",".194","72.4",28.3,17.7,14.4,33.3,27.2,"7.4",7,11,-3.4,54.4,32.7,"89.9","13.6",36.3,10.5,42.6,"79.041787969","94.565172078",19.4,45
"Bender, Anthony",669622,2025,30,"51","50.0",204,181,32,21,7,1,3,42,21,20.6,10.3,".177",".276",".270","0.546",".215",".365",".245",".294",".304",".150","71.4",20.6,16.7,13.5,39.5,32,"7.3",8,10.4,-2.3,50.9,32.9,"89.6","8.4",23.7,7.2,44.6,"78.707356957","94.508008759",20.6,41.5
"Wilson, Steven",621051,2025,30,"59","55.1",241,209,50,36,7,0,7,51,22,21.2,9.1,".239",".373",".311","0.684",".236",".382",".296",".302",".312",".145","71.4",20.1,14,10.8,32.7,25.2,"7.4",8,12.1,-5.4,54.2,30.5,"89.6","24.9",35.2,5.5,36.4,"80.504456627","93.533160485",24.8,47.6
"Clarke, Taylor",664199,2025,32,"51","55.1",206,196,38,23,6,1,8,44,9,21.4,4.4,".194",".357",".233","0.590",".239",".416",".256",".298",".276",".177","71.9",24.6,12.3,9.8,32.2,25.7,"7.4",11,13,-5.9,57.7,32.9,"89.3","13.6",29.6,7.9,40.8,"78.566884605","94.198920397",23.3,47.6
"Sims, Lucas",608371,2025,31,"18","12.1",72,51,14,8,3,1,2,13,14,18.1,19.4,".275",".490",".486","0.976",".238",".439",".433",".408",".460",".201","71.4",21.7,19,13.3,37.9,26.5,"7.4",5,10.8,-2.8,59,33,"86.7","14.1",28.9,10.5,39.5,"73.662255789","94.073607027",35.3,36.6
"Gillaspie, Logan",670810,2025,28,"3","7.0",31,26,7,6,0,0,1,4,4,12.9,12.9,".269",".385",".387","0.772",".308",".490",".349",".399",".419",".182","70.3",6.7,16.2,13.3,37.8,31.1,"7",1,5.9,5.4,46.7,34.8,"92.1","6.2",50,4.5,45.5,"83.374281818","94.791150455",18.5,48.2
"Simpson, Josh",681006,2025,27,"31","30.2",151,125,34,23,5,1,5,36,22,23.8,14.6,".272",".448",".393","0.841",".240",".383",".367",".333",".367",".143","72.4",31.1,15.8,12.2,30.4,23.5,"7.3",8,10.6,-1.6,52.5,33,"90.1","4.9",29.2,6.7,44.9,"79.500046444","95.10063382",26.1,45.7
"Liberatore, Matthew",669461,2025,25,"29","151.2",648,593,158,105,32,2,19,122,40,18.8,6.2,".266",".423",".313","0.736",".272",".465",".318",".339",".322",".192","72.1",26.2,16.1,13.1,38.4,31.4,"7.3",20,10.4,-2.6,53.9,31.9,"90.6","15.3",36.3,10.6,41.1,"80.506174473","94.74102241",20.2,48.2
"Hancock, Emerson",676106,2025,26,"22","90.0",385,346,93,62,16,0,15,64,31,16.6,8.1,".269",".445",".336","0.781",".291",".468",".339",".358",".357",".178","72.1",26.8,15.4,12.6,32.8,26.7,"7.2",5,8.1,1.1,47,33.4,"89","13.4",35.4,7.7,42.5,"77.615179437","94.459962923",20.3,49.6
"Hatch, Thomas",641672,2025,30,"12","34.0",152,135,40,26,7,0,7,22,17,14.5,11.2,".296",".504",".375","0.879",".253",".449",".376",".337",".337",".196","73",33.5,13,10.8,29.2,24.2,"7.5",5,12.4,-3.7,58.5,33.1,"87.6","13.4",34.5,8,38.1,"75.422428772","94.029478142",19.2,48.8
"Gallen, Zac",668678,2025,29,"33","192.0",813,737,176,104,37,4,31,175,66,21.5,8.1,".239",".426",".303","0.729",".242",".434",".315",".320",".307",".192","72",27.8,16.9,13.3,36.1,28.4,"7.5",36,11.9,-5.1,54.8,33.5,"90.1","12.4",34.3,9.7,43,"79.464557057","94.701400977",23.7,44.9
"Barnes, Jacob",606930,2025,35,"6","8.0",36,31,10,8,1,0,1,5,3,13.9,8.3,".323",".452",".361","0.813",".296",".515",".345",".377",".358",".219","72.5",32.8,14.6,11.5,35.4,27.9,"7.2",3,9.4,0.8,59,31.3,"88.5","15.8",35.7,10.7,35.7,"76.031944286","94.849605714",26.5,46.6
"Rodriguez, Bradgley",699134,2025,21,"7","7.2",31,25,4,3,1,0,0,9,3,29,9.7,".160",".200",".323","0.523",".147",".182",".248",".237",".312",".035","71",18.2,9.1,6.8,30.3,22.7,"7.4",0,11.2,-2,43.2,31.6,"83","16.7",25,0,25,"68.95893875","92.48621375",24.1,42.5
"Harrington, Thomas",802419,2025,23,"3","8.2",50,42,18,10,5,0,3,7,7,14,14,".429",".762",".500","1.262",".320",".594",".521",".422",".411",".274","71.1",19.3,16.9,13.6,29.6,23.9,"7.2",1,9.2,-1.7,44.3,30.1,"90.9","12.9",30.6,11.1,44.4,"79.960163333","95.29267",20.6,48.5
"Rolison, Ryan",669020,2025,27,"31","42.1",193,170,55,37,6,1,11,25,20,13,10.4,".324",".565",".391","0.956",".284",".491",".406",".364",".356",".207","72.1",26.5,15.4,13.1,37.7,32.1,"7.2",6,9.9,-0.6,56.7,32.2,"87.5","6.1",33.1,9.6,38.5,"75.114833973","94.058196207",17.4,46
"Zimmermann, Bruce",669145,2025,30,"1","6.0",28,26,7,5,0,0,2,1,2,3.6,7.1,".269",".500",".321","0.821",".275",".409",".352",".322",".329",".134","72.5",36.1,17.6,16.7,44.1,41.7,"7.3",0,12.8,-6.7,63.9,32.9,"90.2","3.3",24,4.2,36,"80.522170833","94.5658925",9.8,45.1
"DeSclafani, Anthony",543101,2025,35,"13","38.2",169,148,37,18,8,0,11,36,12,21.3,7.1,".250",".527",".321","0.848",".232",".425",".354",".316",".308",".193","72.6",28.9,15.9,12,38.1,28.9,"7.5",7,11.7,-6.4,50.6,32.7,"89.9","15",31.9,8.6,43.1,"79.321170351","94.710647544",25.9,46.8
"Kirby, George",669923,2025,27,"23","126.0",524,480,121,85,20,1,15,137,29,26.1,5.5,".252",".392",".300","0.692",".249",".399",".300",".306",".300",".150","71.7",24.3,14.7,11,33.7,25.1,"7.1",21,8,1.9,50.8,32.4,"90.6","11.7",35.3,8.6,43.9,"80.563014713","94.704687126",26.7,49
"Bachar, Lake",669199,2025,30,"53","71.0",296,258,55,33,9,3,10,75,30,25.3,10.1,".213",".388",".298","0.686",".228",".441",".296",".327",".316",".213","71.6",20.5,13.6,9.7,37.2,26.5,"7.5",15,12.1,-5.1,57.8,32.6,"90.3","17.7",38.3,10.7,41.5,"80.383076196","94.506561793",30.2,46.3
"Loutos, Ryan",702795,2025,26,"12","12.0",68,57,20,14,1,1,4,8,8,11.8,11.8,".351",".614",".441","1.055",".312",".547",".446",".408",".409",".235","71.8",25.3,19.5,16.2,42.7,35.4,"7.1",0,8.5,2.4,59.6,31,"92.5","8.4",42,10,52,"83.535241667","95.930512083",17,45.9
"Walters, Andrew",689958,2025,24,"2","1.1",6,6,2,0,1,0,1,2,0,33.3,0,".333","1.000",".333","1.333",".174",".579",".548",".306",".174",".405","71.6",15.4,22.2,15.4,33.3,23.1,"7.6",0,12.9,-12.1,84.6,29.4,"93","21.8",25,25,50,"80.729865","96.9503075",40,51.7
"Blewett, Scott",656240,2025,29,"26","44.1",194,171,45,30,5,1,9,35,18,18,9.3,".263",".462",".333","0.795",".248",".446",".343",".332",".321",".198","72.3",28.3,22.4,16.6,39.9,29.6,"7.5",11,12.2,-5.2,54.1,32.4,"92.2","9.7",29.3,11.4,50,"82.82895029","95.764812117",27.6,48.4
"Gonsolin, Tony",664062,2025,31,"7","36.0",157,135,33,21,3,0,9,38,18,24.2,11.5,".244",".467",".346","0.813",".237",".470",".354",".351",".339",".233","72.4",26.7,15.8,11.2,40,28.4,"7.5",9,12.8,-5.1,62.9,31.3,"91.2","16.3",37.8,11.2,44.9,"81.195201042","95.140222083",30.3,43.8
"Bradish, Kyle",680694,2025,28,"6","32.0",126,115,23,18,2,0,3,47,10,37.3,7.9,".200",".296",".270","0.566",".209",".341",".255",".275",".278",".131","71.8",28.4,12,8.1,28.6,19.3,"7.3",6,11,-2.1,55.8,32.4,"89.8","20.3",45.6,8.8,38.2,"79.437979706","94.417301029",34.8,45.3
"Hagenman, Justin",663795,2025,28,"9","23.2",99,96,24,15,5,0,4,23,2,23.2,2,".250",".427",".273","0.700",".255",".464",".301",".316",".278",".209","73.8",39.4,18.9,14.3,37.1,28,"7.6",4,12.7,-4.3,57.7,33.1,"92.1","15.8",35.6,12.3,50.7,"82.662010811","95.504447397",26,50.1
"Uceta, Edwin",670955,2025,27,"70","76.0",321,282,62,38,11,2,11,103,27,32.1,8.4,".220",".390",".303","0.693",".219",".395",".300",".306",".305",".176","72.7",30.7,12.7,8.3,26.3,17.2,"7.5",13,11.9,-4.8,55.9,31.4,"88.6","17.2",39.3,9.3,36.6,"76.979023222","94.165568324",35.6,53
"Milner, Hoby",571948,2025,34,"73","70.1",293,266,68,47,14,2,5,58,21,19.8,7.2,".256",".380",".312","0.692",".235",".405",".298",".303",".297",".170","71.2",22.4,14.3,12.2,35.4,30.3,"7.1",3,7.6,2.9,45.5,33.9,"88.4","6.7",28.3,9,36.8,"77.915462692","93.624473333",15.5,43.6
"Suter, Brent",608718,2025,35,"48","67.2",291,269,69,47,10,1,11,53,18,18.2,6.2,".257",".424",".307","0.731",".250",".425",".316",".314",".302",".175","71",18.5,13.9,11,32.9,26,"7.2",2,7.6,1.6,44.5,32,"85.8","13.5",33.9,8,32.9,"73.570382885","93.10736599",21.4,48
"Nola, Aaron",605400,2025,32,"17","94.1",404,371,99,59,19,3,18,97,28,24,6.9,".267",".480",".325","0.805",".246",".417",".346",".315",".306",".171","72.4",24.7,14.4,10.9,33.3,25.3,"7.6",13,13.2,-7.3,57,32.8,"89.4","12.7",35.3,9.1,43.3,"78.681702336","94.399605751",25.2,46.9
"Lord, Brad",695418,2025,25,"48","130.2",546,494,126,84,22,3,17,108,43,19.8,7.9,".255",".415",".317","0.732",".270",".437",".319",".335",".331",".167","71.3",21.5,14.8,11.8,29.8,23.7,"7",12,5,6.6,39.7,33.1,"88.5","10.1",34.4,7.1,41.8,"76.261947744","94.578532262",21.3,50
"Garcia, Robert",676395,2025,29,"71","64.0",269,242,58,42,8,0,8,68,22,25.3,8.2,".240",".372",".305","0.677",".235",".399",".295",".304",".301",".165","72.1",24.1,15.2,10.9,32,23,"7.3",12,8.4,2.8,53.1,31.7,"88.6","11.9",38.2,7.9,34.3,"77.653895909","93.978746286",28.6,51
"Finnegan, Kyle",640448,2025,33,"56","57.0",229,204,45,30,8,3,4,55,18,24,7.9,".221",".348",".283","0.631",".226",".337",".273",".278",".291",".112","72.4",27.1,14.7,11.2,33,25,"7.3",6,10.2,-1.9,53.2,31.5,"90.4","11.5",32.5,7.8,42.9,"80.162518158","94.625118344",24.6,50
"Gómez, Yoendrys",672782,2025,25,"21","62.2",277,243,60,38,9,1,12,58,27,20.9,9.7,".247",".440",".330","0.770",".249",".467",".335",".347",".333",".218","71.8",24.5,13,10,33.2,25.8,"7.3",9,10.4,-1.3,57.9,32.3,"89.4","17.5",36.9,12.4,37.4,"79.100776559","94.185554595",23.9,47.1
"Stanek, Ryne",592773,2025,33,"65","56.0",255,221,56,38,10,1,7,58,32,22.7,12.5,".253",".403",".345","0.748",".236",".411",".330",".327",".332",".174","71.5",19.7,11.5,8.4,29.4,21.6,"7.2",15,8.7,2,54.2,31,"90.3","19.9",37,10.9,43.6,"80.257948072","94.444661758",27.8,52.5
"Turnbull, Spencer",605513,2025,32,"3","6.1",33,29,12,9,1,1,1,4,4,12.1,12.1,".414",".621",".485","1.106",".280",".484",".472",".370",".368",".204","71.5",18.8,19.4,14.6,47.2,35.4,"7.6",1,12.1,-3.2,60.4,35.1,"89.9","9.9",40,8,40,"80.749138462","93.8706252",25.4,47.2
"Williams, Trevor",592866,2025,33,"17","82.2",373,342,106,74,18,3,11,65,21,17.4,5.6,".310",".477",".347","0.824",".277",".435",".352",".330",".321",".158","71.9",24.2,16.8,13.4,37.1,29.7,"7.3",9,10,-2.6,41.8,34.5,"90","18.1",39.6,8.5,40.7,"79.796024317","94.332743633",19.8,46.7
"Ray, Robbie",592662,2025,33,"32","182.1",755,671,148,85,39,2,22,186,73,24.6,9.7,".221",".383",".298","0.681",".219",".385",".299",".300",".299",".166","71.9",25.4,13.1,9.5,32.5,23.6,"7.3",20,10.9,-2.1,52.6,30.7,"91","17.7",35.4,9.6,44.7,"81.357482769","94.734721694",27.8,49.3
"Seabold, Connor",657756,2025,29,"7","10.1",48,41,12,10,1,0,1,10,6,20.8,12.5,".293",".390",".375","0.765",".226",".432",".339",".326",".320",".206","71.6",17.2,16.2,12.6,26.5,20.7,"6.9",1,7.1,3.9,57.5,30.5,"90","18.6",31.3,15.6,43.8,"79.412729375","94.56654875",21.9,51.9
"Green, Chad",643338,2025,34,"45","43.2",190,175,51,31,6,0,14,35,13,18.4,6.8,".291",".566",".347","0.913",".268",".557",".385",".370",".326",".289","71.8",22.9,19.7,15.4,36.3,28.3,"7.3",5,10.3,-0.7,54.5,30.3,"92.3","18.3",35,16.4,52.9,"82.219181449","96.106873333",22.7,51
"Daniel, Davis",669721,2025,28,"3","10.0",46,36,9,5,2,1,1,9,7,19.6,15.2,".250",".444",".370","0.814",".273",".529",".350",".391",".393",".256","72.2",36.7,12.5,10.1,31.3,25.3,"7.3",0,9.8,-3.8,51.9,32.4,"92","15.1",44.8,13.8,44.8,"83.840199333","94.411884483",17.6,46.4
"Murfee, Penn",682171,2025,31,"15","12.2",63,57,19,12,4,0,3,13,5,20.6,7.9,".333",".561",".397","0.958",".279",".544",".411",".380",".349",".265","72.1",20.2,18.8,14.6,40.6,31.5,"7.3",6,9.1,-2.8,47.2,34.6,"89.5","13.9",47.7,11.4,36.4,"78.531925909","94.701767209",25.7,45.3
"Strowd, Kade",669704,2025,27,"25","26.1",105,90,16,14,1,0,1,24,13,22.9,12.4,".178",".222",".286","0.508",".192",".258",".241",".262",".299",".067","71.1",18.3,10.3,7.8,29.1,22.2,"7.2",6,6.6,4.9,47.7,33.2,"86","4.7",19.4,1.5,31.3,"73.841790294","93.227207761",26.8,47.8
"Harrison, Kyle",690986,2025,23,"11","35.2",156,141,35,22,8,1,4,38,14,24.4,9,".248",".404",".321","0.725",".246",".409",".315",".316",".319",".163","71.7",24.3,13.8,10,34.9,25.5,"7",3,5.2,4.8,35.5,31.2,"90.7","13.6",40.8,6.8,42.7,"80.8124982","94.7913102",25.9,50.5
"Castillo, Luis",622491,2025,32,"32","180.2",745,689,168,108,34,3,23,162,46,21.7,6.2,".244",".402",".297","0.699",".245",".418",".304",".312",".299",".173","71.5",21.8,14.2,10.8,31.5,24.1,"7.1",22,8.9,0,49.4,31.5,"90.3","14.5",32.1,10.4,46.4,"79.249648523","95.089940152",24.6,51.6
"Fitts, Richard",690916,2025,25,"11","45.0",195,171,43,30,2,0,11,40,16,20.5,8.2,".251",".456",".323","0.779",".266",".488",".337",".361",".342",".221","71.2",23.1,16.2,12.6,31.9,24.9,"7.1",12,8.2,0.4,54.5,31.3,"90.7","11.8",39.6,12.8,48.5,"79.695850909","95.34205947",25.3,53.2
"Headrick, Brent",687396,2025,27,"17","23.0",92,84,17,8,5,0,4,30,7,32.6,7.6,".202",".405",".272","0.677",".206",".362",".289",".276",".275",".155","71.2",21.5,9.5,6.6,28.6,19.9,"7.2",4,11.2,-1.7,51.4,30.4,"91.1","21",37,9.3,42.6,"81.545965385","94.642416923",34.1,57.7
"Cameron, Noah",702070,2025,25,"24","138.1",556,509,109,72,17,2,18,114,43,20.5,7.7,".214",".361",".279","0.640",".245",".410",".281",".313",".307",".166","71.9",24.7,16.4,12.2,34.8,25.9,"7.5",20,12.1,-6.1,50.4,32.2,"87.9","13",32.6,6.3,37.4,"76.19833699","93.899827391",26.6,47.2
"Myers, Tobias",668964,2025,26,"22","50.2",220,201,54,39,9,1,5,38,15,17.3,6.8,".269",".398",".323","0.721",".263",".430",".315",".324",".318",".167","71.8",24.3,15.6,12.3,37.1,29.1,"7.3",1,10.9,-3.4,52.5,30.4,"90.3","15.4",32.7,6.7,44.8,"80.333098049","94.68101638",21.4,51
"Civale, Aaron",650644,2025,30,"23","102.0",435,392,96,54,26,0,16,88,33,20.2,7.6,".245",".434",".313","0.747",".233",".423",".323",".314",".303",".190","71.7",24.9,14.4,11.4,32.7,25.8,"7.3",5,11.9,-3.5,56.7,31.4,"88.5","19.2",34.9,9.8,39.1,"77.580307632","93.781385182",21.8,45.4
"Herget, Kevin",643361,2025,34,"7","13.0",56,50,12,8,4,0,0,6,5,10.7,8.9,".240",".320",".304","0.624",".278",".406",".277",".324",".337",".128","71.2",22.5,13,11.2,36.4,31.5,"7.2",0,11.1,-3.7,53.9,31.6,"87.2","20.3",26.7,0,40,"77.5021","92.821430222",12.5,48.1
"Burgos, Juan",686228,2025,25,"13","13.1",65,56,17,10,5,0,2,14,8,21.5,12.3,".304",".500",".400","0.900",".256",".495",".386",".364",".359",".239","72.6",31.9,14.3,11,31.4,24.2,"7.6",5,12.5,-7.4,54.9,32.2,"88.1","12.8",31,14.3,35.7,"76.702085238","93.772423571",26.9,47.3
"Cox, Austin",680735,2025,28,"13","21.1",102,94,30,14,7,0,9,22,7,21.6,6.9,".319",".681",".363","1.044",".269",".561",".434",".370",".318",".292","72.4",31.8,17,14.2,32.7,27.3,"7.4",4,9.6,-2.3,45.5,32.5,"90.3","9.1",30.1,16.4,47.9,"78.813003243","95.464179315",18.4,47.1
"Gilbert, Logan",669302,2025,28,"25","131.0",535,494,104,63,20,1,20,173,31,32.3,5.8,".211",".377",".266","0.643",".206",".367",".280",".275",".263",".161","71.9",25,13.2,9.2,30.9,21.5,"7.5",26,12.5,-8.2,49.9,32.2,"90.8","15",32.1,8.6,41.7,"81.144057391","94.674260997",32.9,51.1
"Merryweather, Julian",657240,2025,33,"21","18.2",88,76,23,15,5,1,2,15,11,17,12.5,".303",".474",".386","0.860",".317",".491",".365",".391",".406",".174","70.7",15.1,21.7,18.3,38.7,32.5,"7.2",5,8.8,0.6,52.4,29.9,"93.4","10.7",35.5,9.7,51.6,"85.215480323","95.818309836",19.2,44.2
"Gerber, Joey",680702,2025,28,"2","4.1",15,15,3,2,0,0,1,4,0,26.7,0,".200",".400",".200","0.600",".184",".215",".253",".173",".184",".032","72.7",34.6,4.8,3.8,23.8,19.2,"6.9",2,5.9,10.1,53.8,32.9,"86.7","12.3",27.3,0,27.3,"78.462592","91.47987",21.9,50
"Sabrowski, Erik",681870,2025,27,"33","29.1",121,97,14,8,4,0,2,42,21,34.7,17.4,".144",".247",".314","0.561",".155",".279",".271",".286",".323",".124","72.1",23.7,10.5,6.6,24.2,15.2,"7.1",9,8.9,-0.2,59.6,29.7,"89.7","24.8",38.2,3.6,41.8,"79.735872593","94.370352075",38.1,47.5
"Maldonado, Anthony",687424,2025,27,"6","6.0",33,28,10,4,3,0,3,7,5,21.2,15.2,".357",".786",".455","1.241",".287",".568",".505",".400",".395",".281","71.5",15.6,20,15.6,40,31.1,"7.7",3,16.2,-9.7,48.9,31.8,"94.9","18.6",57.1,23.8,61.9,"87.251362727","96.950589048",30.4,43.4
"Hicks, Jordan",663855,2025,28,"34","67.1",314,269,80,56,15,3,6,58,32,18.5,10.2,".297",".442",".387","0.829",".266",".381",".364",".330",".360",".116","71.2",21.2,14.9,11.8,36.5,29,"7.3",10,9.6,-1.6,46.2,32.6,"90","5.8",31.6,4.7,45.6,"79.016019245","94.960133585",23.1,43.6
"Maxwell, Zach",687209,2025,24,"8","10.0",43,39,10,4,2,1,3,13,4,30.2,9.3,".256",".590",".326","0.916",".243",".382",".384",".306",".313",".139","70.7",13,15.6,10.1,37.8,24.6,"7",1,7.3,4.4,49.3,32.4,"92.1","13.6",46.2,7.7,57.7,"83.345902308","95.466936538",35.5,46.1
"Poteet, Cody",547001,2025,30,"1","2.2",16,14,6,3,2,1,0,1,2,6.3,12.5,".429",".714",".500","1.214",".254",".478",".507",".358",".347",".224","73.2",21.4,13.6,10.7,36.4,28.6,"7.3",0,11.9,-5.3,57.1,30.8,"89.6","16.6",38.5,7.7,30.8,"81.123797143","93.698304615",20.7,42.6
"Scherzer, Max",453286,2025,40,"17","85.0",358,332,87,47,21,0,19,82,23,22.9,6.4,".262",".497",".313","0.810",".245",".482",".346",".332",".297",".237","72.6",29.3,13.9,10.7,29.1,22.4,"7.4",6,11.5,-3.8,56,32.8,"88.3","21.5",38.2,12.4,38.2,"76.999474683","94.042422948",23.6,50.1
"Woodruff, Brandon",605540,2025,32,"12","64.2",257,239,45,29,7,0,9,83,14,32.3,5.4,".188",".331",".242","0.573",".171",".299",".252",".233",".226",".128","71.9",24.6,12,8.8,27.8,20.4,"7.2",8,8.5,0,49.9,32.4,"87.9","24.6",28.8,7.1,35.9,"76.785361154","93.594377821",27.9,50.5
"Fairbanks, Pete",664126,2025,31,"61","60.1",244,224,45,27,10,1,7,59,18,24.2,7.4,".201",".348",".263","0.611",".219",".338",".269",".275",".281",".119","71.7",23.6,11.9,9.1,32.4,24.9,"7.4",9,10.5,-2.5,60.8,30.4,"90.2","14.3",28.9,4.8,42.8,"80.555249878","94.165084049",26.1,50.6
"Birdsong, Hayden",806185,2025,23,"21","65.2",298,252,61,37,12,2,10,68,37,22.8,12.4,".242",".425",".347","0.772",".227",".420",".338",".334",".337",".193","72",26,13.6,10,34.9,25.8,"7.3",13,10.7,-2.6,54,30.4,"89.8","20",36.2,9.6,46.8,"79.24058734","94.684951497",28.4,43.7
"Sands, Cole",663485,2025,27,"69","72.0",299,269,65,42,13,3,7,64,19,21.4,6.4,".242",".390",".297","0.687",".235",".403",".296",".306",".296",".169","71.7",23,13.4,10.7,33.1,26.2,"7.3",7,10.5,-2.5,58.2,32.7,"89.4","12.4",32.1,9.9,41.5,"78.396383942","94.410445845",22.2,48.5
"Rogers, Tyler",643511,2025,34,"81","77.1",299,288,66,54,7,1,4,48,7,16.1,2.3,".229",".302",".248","0.550",".246",".311",".241",".256",".266",".065","70.7",16.5,15.5,13.2,35.6,30.4,"6.9",9,0.7,9.4,27.8,34.5,"85.8","-2.9",26,2.1,33.1,"73.504614202","93.082203445",15.9,54.6
"Yamamoto, Yoshinobu",808967,2025,26,"30","173.2",684,619,113,79,20,0,14,201,59,29.4,8.6,".183",".283",".257","0.540",".198",".304",".244",".259",".271",".106","71.8",24.2,12.4,8.9,27.7,19.9,"7.3",20,9,-1.4,52.3,34.1,"88.3","7.7",28.3,5.7,39.7,"76.238509183","94.220626442",28.9,46.7
"Brazobán, Huascar",623211,2025,35,"52","63.0",262,225,51,37,7,1,6,57,27,21.8,10.3,".227",".347",".315","0.662",".225",".362",".294",".309",".322",".137","72.3",27.4,9.9,7.7,27.8,21.6,"7.6",11,12.7,-6.2,55.7,32.6,"87.1","11.5",28.7,8.1,34.5,"75.598611294","93.356656824",23.9,48.4
"Springs, Jeffrey",605488,2025,32,"32","171.0",713,647,153,89,36,0,28,138,54,19.4,7.6,".236",".422",".295","0.717",".249",".431",".309",".321",".309",".182","71.4",21.6,15.8,11.9,36.7,27.6,"7.5",14,11.3,-4.6,52,30.7,"88.3","19.2",38.2,8.1,37.3,"76.965319805","93.911262183",26,46.3
"Ragans, Cole",666142,2025,27,"13","61.2",257,232,53,32,13,1,7,98,20,38.1,7.8,".228",".384",".293","0.677",".187",".321",".295",".256",".256",".135","71.5",21.5,11.6,7.8,27.1,18.3,"7.3",12,9.5,-2.4,49.6,31,"88.4","16.6",32.1,9.5,39.4,"76.571539706","94.275790368",34.8,49.6
"Roberts, Ethan",681799,2025,27,"10","9.0",39,35,10,4,3,0,3,6,2,15.4,5.1,".286",".629",".333","0.962",".289",".565",".398",".380",".338",".277","70.7",23.2,16.7,14.3,35.4,30.4,"7.2",2,8.7,0.3,57.1,32.4,"85.7","15.3",43.3,16.7,30,"71.581719333","93.901925333",16.4,46.5
"Duran, Jhoan",661395,2025,27,"72","70.0",287,263,58,47,8,0,3,80,19,27.9,6.6,".221",".285",".279","0.564",".210",".296",".248",".248",".269",".087","71.6",22.9,13.3,9.6,29.9,21.5,"6.9",15,5.2,6.4,44.1,32.3,"89.4","-2.4",22.2,4.3,41.6,"77.695448478","94.76861306",30.8,53.2
"Joyce, Ben",690829,2025,24,"5","4.1",21,19,5,2,1,1,1,1,2,4.8,9.5,".263",".579",".333","0.912",".272",".534",".382",".374",".341",".263","71.4",16.2,13.8,10.8,34.5,27,"6.9",0,4.6,10.3,48.6,29.7,"90.8","9.5",38.9,11.1,33.3,"81.820947778","94.173991111",22.5,57.1
"Castillo, José",620454,2025,29,"29","32.0",149,129,40,29,7,0,4,30,14,20.1,9.4,".310",".457",".389","0.846",".252",".372",".367",".315",".341",".120","71.9",26.6,16.5,13.1,37.1,29.4,"7.5",3,10.3,-1.4,52.3,34.1,"89.7","4.2",34.7,6,42.6,"79.415740408","94.443429388",22.6,46.4
"Brigham, Jeff",656257,2025,33,"4","3.1",18,17,7,6,0,0,1,3,1,16.7,5.6,".412",".588",".444","1.032",".415",".669",".446",".476",".447",".254","72.7",31,12,10.3,32,27.6,"7.1",0,7.2,4.4,58.6,32.1,"91.6","15.2",57.1,7.1,57.1,"79.816192857","96.573445714",12.5,50.8
"Cannon, Jonathan",686563,2025,24,"22","103.2",466,417,116,68,25,4,19,86,38,18.5,8.2,".278",".494",".344","0.838",".271",".485",".358",".354",".339",".214","72",24.2,15.8,12.5,33.3,26.3,"7.2",15,10.4,-0.4,55.7,31.9,"90.3","17.4",37.3,10.8,45.4,"79.404566446","94.921395663",21.4,48.4
"Kershaw, Clayton",477132,2025,37,"23","112.2",463,420,102,70,22,2,8,84,35,18.1,7.6,".243",".362",".302","0.664",".249",".377",".292",".303",".310",".128","73",37,18.6,14.3,38.4,29.4,"7.6",9,13.5,-8,54,33.2,"89.7","11.6",31.3,4.1,42.1,"78.924767294","94.516163835",24.3,45.3
"Gervase, Paul",801434,2025,25,"6","8.1",39,33,8,4,1,0,3,8,6,20.5,15.4,".242",".545",".359","0.904",".183",".408",".386",".315",".309",".225","72.1",24.1,17.1,11.1,40,25.9,"7.3",0,8.1,-2.4,53.7,33.6,"91.6","30.5",24,8,44,"82.602703333","95.01941375",32.8,44.9
"Montes De Oca, Christian",801216,2025,25,"1","2.2",9,8,0,0,0,0,0,2,1,22.2,11.1,".000",".000",".111","0.111",".055",".061",".077",".123",".160",".006","70.4",6.3,0,0,27.3,18.8,"7.4",0,11.3,-2,31.3,33.7,"78.5","3.3",16.7,0,0,"68.321983333","88.628048333",29.4,37
"Strahm, Matt",621381,2025,33,"66","62.1",256,226,47,29,11,2,5,70,20,27.3,7.8,".208",".341",".273","0.614",".197",".330",".267",".261",".264",".133","71.5",24.1,10.4,8.2,28.4,22.3,"7.3",10,10.1,-3.1,54.8,30.8,"89.4","29.4",33.5,4.3,38.4,"79.689007051","93.789260192",23.8,52.4
"Palencia, Daniel",694037,2025,25,"54","52.2",215,196,44,30,6,3,5,61,16,28.4,7.4,".224",".362",".288","0.650",".225",".354",".284",".282",".289",".130","70.9",19.2,11.8,8.8,36.8,27.4,"7",16,8,2.9,52.1,30.2,"90.1","14.4",38.2,4.4,48.5,"80.17049","94.70085791",27.5,51
"Palisch, Jake",669449,2025,26,"1","1.0",6,6,3,2,1,0,0,0,0,0,0,".500",".667",".500","1.167",".413",".628",".503",".447",".413",".215","69.6",16.7,9.1,8.3,18.2,16.7,"6.7",1,8.4,6.8,50,34,"90.6","10",83.3,16.7,50,"80.1167","94.578668333",14.3,58.3
"Mazur, Adam",800049,2025,24,"6","30.0",139,125,33,21,8,0,4,19,12,13.7,8.6,".264",".424",".331","0.755",".273",".459",".329",".347",".340",".187","73",33.5,13.9,11,32.8,26,"7.5",1,11.2,-1.4,62.1,32.4,"87.5","12.1",34.6,8.4,31.8,"76.053010741","93.596534206",21.8,48.9
"Buehler, Walker",621111,2025,30,"26","126.0",564,490,130,91,16,1,22,92,60,16.3,10.6,".265",".437",".357","0.794",".268",".450",".348",".355",".360",".182","72.2",28,14.5,11.9,31.8,26.1,"7.3",14,10.4,-2.5,58.9,31.9,"87.9","11.8",35.8,9.5,37.8,"75.994121608","94.03109665",19.2,44.6
"Halvorsen, Seth",678020,2025,25,"42","39.2",172,150,41,23,10,1,7,36,20,20.9,11.6,".273",".493",".357","0.850",".238",".417",".364",".323",".326",".179","71.2",22.1,13.6,9.7,33.2,23.6,"7.1",6,6.5,2.5,50.4,32.8,"89","6.1",29.3,9.5,39.7,"77.340176667","94.422480442",29.4,48.1
"Valdez, Framber",664285,2025,31,"31","192.0",802,717,171,119,33,4,15,187,68,23.3,8.5,".238",".358",".308","0.666",".241",".370",".295",".303",".312",".129","72.3",26.4,18.8,14.2,38,28.7,"7.5",31,10.4,-2.8,50.5,34.2,"90.8","2.7",28.1,6.7,46.3,"79.964667978","95.300987092",26.6,47.3
"Lopez, Jacob",682052,2025,27,"21","92.2",399,352,81,51,14,1,15,113,37,28.3,9.3,".230",".403",".317","0.720",".210",".369",".317",".297",".300",".159","71.6",23,12.4,9,25.4,18.4,"7.5",10,11.4,-4.9,52.2,31.7,"86.9","21.8",39,6.6,33.2,"75.241919153","93.259499619",28.3,45.6
"Verlander, Justin",434378,2025,42,"29","152.0",662,595,155,97,41,1,16,137,52,20.7,7.9,".261",".413",".323","0.736",".252",".419",".320",".319",".316",".168","71.6",23.7,14.6,11.1,33.1,25.1,"7.4",23,11.7,-4.4,55.9,31.1,"88.6","18.2",37.3,8.1,37,"77.701988918","93.938797983",24.8,48.8
"Vasil, Mike",678024,2025,25,"47","101.0",423,362,74,52,13,1,8,82,52,19.4,12.3,".204",".312",".318","0.630",".227",".368",".284",".312",".337",".141","71.2",17,15.9,12.4,36.1,28.3,"7.2",12,8.4,1.5,51.4,32.6,"89.3","8.4",30.4,7.2,38.2,"78.393725324","94.283436871",24,42.5
"Young, Danny",664849,2025,31,"10","8.1",37,32,9,9,0,0,0,13,3,35.1,8.1,".281",".281",".361","0.642",".221",".274",".298",".268",".308",".052","71.5",21.4,13.3,9.5,43.3,31,"7.1",2,6.6,3.7,42.9,32.1,"86.9","-2.8",30,0,30,"76.995647","92.759951053",33.3,32.3
"Garabito, Gerson",642520,2025,29,"3","8.0",41,38,15,12,2,0,1,8,1,19.5,2.4,".395",".526",".439","0.965",".319",".484",".421",".371",".369",".165","71.8",23.1,17.1,11.5,40,26.9,"7.3",1,9.7,-1.5,42.3,33.5,"86.5","6.7",46.7,6.7,33.3,"74.663765333","93.185293667",31.6,47.1
"Curtiss, John",595928,2025,32,"30","36.2",141,135,29,16,8,0,5,24,5,17,3.5,".215",".385",".243","0.628",".263",".462",".270",".320",".289",".200","72",27,12.3,9.9,29.9,24.2,"7.1",5,9.2,0.3,59.1,30.4,"90","16.6",44.6,8.9,42.9,"79.690204727","94.392163455",20.4,52.3
"Selby, Colin",681882,2025,27,"11","14.0",60,58,16,11,3,0,2,14,2,23.3,3.3,".276",".431",".300","0.731",".228",".432",".315",".292",".254",".203","72",29.1,20.6,15.1,44.4,32.6,"7.3",2,9.9,0,53.5,32.1,"90.8","7.4",36.4,14,50,"79.897166364","95.538184884",29,50
"Brieske, Beau",689225,2025,27,"22","22.0",103,88,24,15,4,0,5,16,12,15.5,11.7,".273",".489",".353","0.842",".217",".383",".357",".312",".321",".166","71.7",19.8,14.2,11.4,35.1,28.1,"7.3",3,11.3,-1.7,58.1,32.5,"89.4","15.6",26.7,8.1,50.7,"78.116545135","94.960522297",21.2,44.2
"Englert, Mason",669438,2025,25,"29","44.2",185,171,43,35,4,0,4,44,11,23.8,5.9,".251",".345",".299","0.644",".269",".415",".285",".318",".316",".145","73",33.2,16.1,12.1,33.1,24.8,"7.6",6,13.2,-4.9,53.1,33.2,"91.8","12.8",37.5,9.4,46.9,"81.021740794","95.853766746",25.1,50.1
"Díaz, Edwin",621242,2025,31,"62","66.1",258,225,37,27,6,0,4,98,21,38,8.1,".164",".244",".258","0.502",".170",".264",".234",".247",".266",".094","71.4",23.4,9.7,5.8,28.6,17.2,"7.2",12,9.9,-0.8,45.7,32.5,"88.5","11.3",32.8,4.6,39.7,"77.057612969","94.369810156",41.5,47.6
"Pérez, Martín",527048,2025,34,"11","56.0",228,202,40,23,10,1,6,44,22,19.3,9.6,".198",".347",".281","0.628",".249",".492",".278",".354",".328",".243","72.4",27.3,19.1,14.9,33.8,26.4,"7.5",1,12.4,-5.6,52,33.8,"88.2","15.1",33.1,15,39.4,"76.05609725","94.398870189",20.9,42.4
"Peralta, Sammy",671111,2025,27,"5","10.2",52,44,14,10,4,0,0,8,6,15.4,11.5,".318",".409",".385","0.794",".269",".373",".325",".292",".344",".105","72.3",27.9,25.5,20.6,41.8,33.8,"7.1",2,8.5,-0.2,47.1,34.3,"89.9","20.3",23.7,2.6,44.7,"77.709348421","95.355567568",22.1,50.3
"McDonald, Trevor",686790,2025,24,"3","15.0",60,57,13,11,1,0,1,14,2,23.3,3.3,".228",".298",".254","0.552",".247",".369",".244",".280",".273",".122","71.7",24.4,12.5,8.9,42.2,30,"7.7",2,14.7,-9.8,51.1,33.4,"89.3","7.8",31.8,4.5,38.6,"79.855785909","93.73037814",29.6,50.9
"Sears, JP",676664,2025,29,"27","135.2",583,534,143,76,36,1,30,117,36,20.1,6.2,".268",".507",".319","0.826",".241",".446",".352",".319",".295",".205","71.7",24.8,14,11.1,31,24.6,"7.2",13,9.1,-1.3,51,31.4,"89.2","21.2",33.5,9.4,39.4,"78.488716143","94.093992714",21.6,47.3
"Flexen, Chris",623167,2025,30,"21","43.2",178,164,38,29,2,0,7,22,12,12.4,6.7,".232",".372",".281","0.653",".275",".478",".285",".346",".323",".203","71.9",26.4,14.3,12,37.3,31.4,"7.4",6,10.2,-1.6,57.9,30.4,"90.9","15.8",34.7,9,41.7,"81.779611408","94.462315177",16.7,49.8
"Estes, Joey",683155,2025,23,"3","11.0",55,46,16,8,4,0,4,6,6,10.9,10.9,".348",".696",".418","1.114",".267",".490",".456",".364",".355",".224","71.8",25.8,10.8,9,35.1,29.2,"7.2",0,11.3,-2.7,61.8,32.1,"88.5","26.3",38.1,11.9,33.3,"79.58801381","92.745485714",17.7,51.6
"Lively, Ben",594902,2025,33,"9","44.2",178,163,38,24,8,0,6,29,15,16.3,8.4,".233",".393",".298","0.691",".246",".460",".302",".332",".310",".214","72.1",26.6,14.8,12.7,36.5,31.2,"7.2",5,7.3,1.1,50.6,29.8,"92.1","20.4",35.1,10.4,44.8,"82.966507313","95.267296791",16.2,47.1
"Boyle, Joe",671212,2025,25,"13","52.0",226,195,43,25,12,0,6,58,28,25.7,12.4,".221",".374",".327","0.701",".218",".378",".312",".312",".325",".160","72.5",29.8,15.8,11.6,33.2,24.2,"7.3",8,8,1.1,51,30.9,"91.1","15.1",29.2,10.2,46,"80.542818261","95.211971825",29,43.9
"Pomeranz, Drew",519141,2025,36,"57","49.2",203,181,38,31,2,0,5,57,15,28.1,7.4,".210",".304",".287","0.591",".215",".365",".265",".291",".293",".150","71.5",24.9,12.7,9.8,26.2,20.2,"7.1",13,8,2.9,55.5,30.9,"90.1","16.9",34.9,8.7,42.9,"79.760165397","94.62131056",24.5,50
"Hoffmann, Andrew",694851,2025,25,"11","12.0",61,51,14,7,5,0,2,12,10,19.7,16.4,".275",".490",".393","0.883",".258",".479",".384",".374",".380",".221","71.4",22.8,14.3,9.9,41.4,28.7,"7.4",2,12,-5.8,58.4,32.3,"88.7","17.8",28.2,7.7,35.9,"78.120667","94.347343846",31.3,46.9
"Scott, Tayler",605463,2025,33,"24","27.1",134,111,34,17,9,2,6,24,18,17.9,13.4,".306",".586",".402","0.988",".263",".498",".415",".382",".374",".235","71.1",16.8,19.9,14.8,38.4,28.6,"7.3",7,9.6,-1.7,48.5,31.4,"89","10",37.4,11.1,44,"76.901443182","94.95786023",27.7,43.1
"Martin, Corbin",656686,2025,29,"17","18.0",89,76,22,12,5,1,4,23,9,25.8,10.1,".289",".539",".379","0.918",".252",".425",".394",".339",".346",".174","72.1",28.1,15.6,11.1,37.5,26.7,"7.2",2,8.2,1.2,52.6,31.3,"91.6","11.9",30.9,10.9,50.9,"82.562114615","95.295306154",31.1,44.6
"Hernández, Enrique",571771,2025,33,"5","5.1",37,28,11,8,2,0,1,1,8,2.7,21.6,".393",".571",".514","1.085",".316",".517",".463",".442",".469",".201","71.7",29.7,25,21.6,53.1,45.9,"7.2",0,15.1,-8.9,62.2,28.8,"85.5","7.9",39.3,10.7,32.1,"72.925198571","92.992328571",11.9,33.6
"Garrett, Reed",657585,2025,32,"58","55.1",238,211,47,30,12,0,5,64,26,26.9,10.9,".223",".351",".311","0.662",".227",".342",".292",".292",".315",".114","72.1",24.2,12.8,9,32,22.6,"7.5",14,12,-4.8,52.4,34,"88","12.7",36.1,4.8,40.8,"75.675475753","94.289357534",30.5,45.3
"Rodríguez, Elvin",660730,2025,27,"7","19.2",90,82,26,12,5,0,9,18,7,20,7.8,".317",".707",".378","1.085",".292",".653",".453",".421",".355",".360","71.3",15.4,21.4,17.1,41.8,33.3,"7.4",2,12.2,-4.6,65,31.4,"89","21.9",54.7,20.3,48.4,"76.788389688","94.857062344",22.3,44.2
"Vodnik, Victor",680767,2025,25,"52","50.2",215,188,45,29,11,1,4,49,26,22.8,12.1,".239",".372",".330","0.702",".233",".394",".308",".317",".327",".161","71.9",28.8,16.4,12.1,34.7,25.7,"7.1",6,6.4,2.8,41.5,32.5,"91","4.1",31.4,8.6,48.6,"79.951584143","95.651511583",26.5,44
"Helsley, Ryan",664854,2025,30,"58","56.0",252,222,61,41,12,0,8,63,25,25,9.9,".275",".437",".347","0.784",".242",".395",".336",".310",".319",".153","71",21.5,10.6,7.7,32.3,23.7,"7.4",19,11.2,-4.9,47.3,32.4,"91","11.4",37.4,7.4,41.7,"81.211436543","94.813928199",29.5,53
"Morejon, Adrian",670970,2025,26,"75","73.2",286,263,49,41,5,1,2,70,17,24.5,5.9,".186",".236",".235","0.471",".222",".310",".208",".254",".269",".089","72",25.5,11.6,9,31.3,24.3,"7.1",10,6.8,2.4,45.5,31.8,"85.9","5.1",30.2,4,30.7,"73.965707188","92.96996724",23.8,48
"Boushley, Caleb",676961,2025,31,"25","43.1",193,177,54,37,12,0,5,41,14,21.2,7.3,".305",".458",".363","0.821",".306",".496",".356",".370",".363",".191","71.5",18.3,19.2,15.1,39.7,31.3,"7.3",1,10.2,0.2,54.6,31.6,"90.8","11.9",41.9,11.8,50,"80.443002059","95.271632148",20.8,42.2
"Shugart, Chase",663767,2025,28,"35","45.0",181,160,33,18,7,2,6,31,17,17.1,9.4,".206",".388",".282","0.670",".241",".441",".286",".332",".322",".200","72",24.2,16.1,12.5,36.6,28.4,"7.3",5,9.2,-1,51.1,32.3,"88","18.9",37.9,9.2,38.6,"76.554529697","93.932006107",24.6,43.5
"Hendricks, Kyle",543294,2025,35,"31","164.2",695,638,167,102,37,3,25,114,43,16.4,6.2,".262",".447",".311","0.758",".246",".408",".324",".308",".299",".162","72.2",27.8,15.4,12.5,31.4,25.6,"7.4",4,10,-2.2,49.5,32.5,"86.1","16.3",32.6,8.3,34.3,"73.673250302","93.310892792",18.3,48
"Bibee, Tanner",676440,2025,26,"31","182.1",762,692,170,114,24,5,27,162,54,21.3,7.1,".246",".412",".308","0.720",".226",".385",".313",".297",".292",".159","71.8",24.6,13.3,10.3,31.8,24.8,"7.4",28,11.7,-4.2,50,31.8,"88.5","13.8",29.5,8.1,36.6,"77.497463523","93.884607443",23.8,46.3
"Winn, Keaton",676775,2025,27,"7","10.0",42,40,12,7,4,0,1,9,2,21.4,4.8,".300",".475",".333","0.808",".216",".404",".348",".282",".254",".188","71.1",23.2,10.7,7.3,32.1,22,"7.5",1,12.1,-5.1,43.9,31.6,"87.4","4.5",32.3,9.7,38.7,"76.49299875","93.679485484",30.8,55.2
"Ashby, Aaron",676879,2025,27,"43","66.2",270,238,54,42,7,2,3,76,24,28.1,8.9,".227",".311",".307","0.618",".219",".301",".279",".275",".302",".082","71.3",17.8,12.6,9.7,33.8,26.1,"7.3",18,8.3,1.2,52.2,32.4,"89.2","-0.1",29.1,3.1,40,"78.12069625","94.376961125",27,42
"Ribalta, Orlando",687377,2025,27,"22","24.1",120,101,28,17,5,0,6,25,17,20.8,14.2,".277",".505",".383","0.888",".247",".459",".383",".356",".358",".212","71.5",23.5,10.3,7.7,27.9,20.8,"7.5",4,14,-6.7,51.1,30.3,"85.9","18.5",36.4,11.7,32.5,"73.443785641","93.357914805",25.8,48.7
"Leiter, Jack",683004,2025,25,"29","151.2",646,571,127,84,25,0,18,148,67,22.9,10.4,".222",".361",".309","0.670",".235",".427",".298",".326",".321",".192","72.3",26.9,13.7,10.6,31.3,24.2,"7.2",22,9.7,-1.1,55.7,30.9,"90.5","16.1",33.8,10.8,43.9,"80.051937028","94.832958467",24.3,47.8
"Greene, Hunter",668881,2025,25,"19","107.2",420,391,75,37,22,1,15,132,26,31.4,6.2,".192",".368",".246","0.614",".201",".372",".267",".273",".255",".171","71.2",20,13.3,9.5,30.3,21.6,"7.2",24,9,-0.7,51.2,31.6,"90.4","20.2",35.8,9.7,45,"79.966168837","94.82207358",31.4,53.4
"Acton, Garrett",670183,2025,27,"1","1.0",5,3,0,0,0,0,0,0,2,0,40,".000",".000",".400","0.400",".014",".019",".277",".285",".408",".006","75.2",40,25,20,25,20,"7.3",0,15,-2.7,60,31.4,"93.4","59.4",0,0,66.7,"89.855555","94.561186667",14.3,33.3
"Senzatela, Antonio",622608,2025,30,"30","130.0",618,554,192,128,39,3,22,73,47,11.8,7.6,".347",".547",".402","0.949",".319",".544",".406",".395",".379",".225","71.3",23.2,19.6,16.3,42.2,35.1,"7.2",16,7.2,3.3,44.3,32.1,"90.9","10.4",36.4,9.3,46,"79.952632708","95.433018917",18.1,46.7
"Holmes, Grant",656550,2025,29,"22","115.0",492,426,100,68,15,1,16,123,54,25,11,".235",".387",".328","0.715",".240",".414",".316",".329",".334",".174","72.1",25.4,14.2,10.2,31,22.2,"7.5",32,11.8,-5,49.1,33.8,"90.1","9.3",36.4,10.1,41.9,"79.629241184","94.661142401",29.7,48.3
"Winn, Cole",668390,2025,25,"33","41.2",162,138,23,12,7,1,3,35,17,21.6,10.5,".167",".297",".275","0.572",".216",".406",".255",".317",".320",".191","72.6",31.3,17.9,13.8,33.7,26,"7.3",5,8.6,0.6,49.2,31.5,"91.4","10.4",29.2,10.5,48.1,"80.866703654","95.652362427",22.9,45.9
"Rocker, Kumar",677958,2025,25,"14","64.1",287,256,71,45,12,3,11,56,23,19.5,8,".277",".477",".343","0.820",".278",".492",".352",".364",".348",".213","71.9",26.4,17.6,13.6,33.9,26.2,"7.4",15,11.5,-2.6,45.6,33.4,"91.2","8.3",34.8,11.8,47.5,"79.800612673","95.797203564",24.9,50
"Sheehan, Emmet",686218,2025,25,"15","73.1",291,265,49,30,10,2,7,89,22,30.6,7.6,".185",".317",".251","0.568",".203",".346",".251",".271",".269",".143","71.7",20.4,11.2,7.8,29.1,20.2,"7.3",17,10.8,-4.8,57.3,30.1,"89.3","20.1",37.6,10.1,41.6,"78.513132472","94.324085281",32.9,50.4
"Ragsdale, Carson",685068,2025,27,"2","5.0",25,24,10,5,4,0,1,4,1,16,4,".417",".708",".440","1.148",".271",".483",".486",".335",".300",".212","74.2",39.5,24.3,20.9,35.1,30.2,"7.4",2,11.3,-1.4,53.5,30,"91.8","13.2",35,10,55,"81.146808","96.2255",16,52.6
"López, Jorge",605347,2025,32,"26","24.2",105,94,25,20,2,2,1,17,6,16.2,5.7,".266",".362",".324","0.686",".301",".468",".302",".354",".355",".167","71.3",20.4,17,14.4,39,32.9,"7.4",1,10.7,-3.5,46.7,34,"91.9","8.9",40.5,6.3,50.6,"81.9893025","95.491026582",17.1,49.9
"Saucedo, Tayler",642048,2025,32,"10","13.1",66,59,19,14,3,0,2,12,6,18.2,9.1,".322",".475",".394","0.869",".280",".486",".380",".365",".356",".206","72.1",29.3,23,18.7,45.9,37.3,"7.4",2,9.8,-2,46.7,32.3,"91.2","5.6",31.9,8.7,51.1,"80.986644583","95.690685532",23.3,44.4
"Parker, Mitchell",680730,2025,25,"33","164.2",725,653,178,106,43,4,25,103,58,14.2,8,".273",".466",".331","0.797",".297",".507",".342",".370",".355",".210","72.1",26.9,19.1,15.7,37,30.5,"7.2",27,9.2,-0.7,51.3,30.4,"92.3","14.7",37.5,9.7,50,"82.502658484","95.835160597",19.6,51.2
"Cavalli, Cade",676917,2025,26,"10","48.2",219,197,57,41,8,1,7,40,15,18.3,6.8,".289",".447",".350","0.797",".259",".393",".347",".315",".323",".134","72",26.5,17.3,12.8,34.3,25.3,"7.2",7,8.8,0.4,49.7,33.2,"87.7","3.8",29.7,4.5,41.8,"74.775958974","94.471469551",27.9,49.6
"Morillo, Juan",666661,2025,26,"42","34.1",152,128,38,27,7,2,2,36,20,23.7,13.2,".297",".430",".393","0.823",".229",".326",".363",".301",".336",".097","71",19.7,10.6,7.7,26.5,19.3,"7",4,5.4,5.8,45.6,32.1,"87.2","11.2",31.6,5.3,42.1,"74.442016809","94.11918828",26.6,48.8
"Little, Luke",681432,2025,24,"2","2.2",15,8,1,1,0,0,0,4,6,26.7,40,".125",".125",".500","0.625",".071",".075",".359",".333",".469",".004","72.9",28.6,0,0,9.1,7.1,"7.2",0,5.6,-0.8,50,34,"76.4","7",0,0,20,"61.533485","90.7245275",21.1,25
"Salazar, Eduardo",674285,2025,27,"30","29.0",151,131,47,29,10,1,7,23,17,15.2,11.3,".359",".611",".433","1.044",".286",".477",".443",".369",".372",".191","71.9",22.7,16.3,13.3,33.2,27,"7",6,6.8,3.9,50.6,32.2,"89.6","8.5",33.6,9.2,44.5,"78.050016415","94.98157283",20.7,47.9
"Houser, Adrian",605288,2025,32,"21","125.0",518,467,122,88,20,4,10,92,38,17.8,7.3,".261",".385",".325","0.710",".254",".387",".312",".312",".320",".133","72.4",26.6,16.4,13.6,35.2,29.2,"7.3",14,9.4,-1.3,52.2,33.3,"90.2","9.3",30.3,6.1,47.6,"79.183997937","95.051249788",18.1,49.6
"Johnson, Pierce",572955,2025,34,"65","59.0",238,215,52,35,8,1,8,59,19,24.8,8,".242",".400",".303","0.703",".228",".395",".302",".297",".294",".167","71.5",21.2,18.6,14.3,35.1,27.1,"7.3",10,8.9,-1.1,53.3,32.8,"90.4","17.2",37.7,8.8,42.8,"80.649012025","94.362369045",26.2,44.2
"Strickland, Hunter",519326,2025,36,"19","22.0",91,80,17,9,6,0,2,14,10,15.4,11,".212",".362",".297","0.659",".243",".397",".282",".309",".326",".153","71.7",25.7,9.8,7.9,33,26.4,"7.6",3,12.3,-5.9,55.7,31.8,"89.5","18.6",35.8,6.1,40.3,"80.310734688","93.80956873",21.3,50.9
"Roupp, Landen",694738,2025,26,"22","106.2",476,422,113,79,23,0,11,102,45,21.4,9.5,".268",".400",".340","0.740",".248",".408",".325",".319",".323",".161","71.8",24.9,15.1,11.4,36.6,27.7,"7.5",14,12.7,-5.1,46,34.7,"88.4","9.8",36.5,8.9,36.5,"76.827210559","94.175041433",25.2,43.8
"Murray, Jayden",681151,2025,28,"9","11.2",47,44,10,10,0,0,0,8,3,17,6.4,".227",".227",".277","0.504",".256",".386",".232",".302",".303",".130","72.2",27.4,11.9,9.5,29.9,23.8,"7.2",1,9.1,-0.7,46.4,29.9,"89.7","18.2",36.1,11.1,47.2,"79.628657778","94.023051667",21.5,52.8
"Pérez, Eury",691587,2025,22,"20","95.1",385,349,68,37,17,2,12,105,32,27.3,8.3,".195",".358",".268","0.626",".203",".366",".275",".281",".275",".163","71.9",24.9,11.8,8.8,29.4,21.9,"7.4",16,11.3,-4.8,52.4,32.1,"90.5","22.3",31.8,9,46.5,"79.803726066","95.063994016",28.4,50.3
"Yesavage, Trey",702056,2025,21,"3","14.0",62,55,13,11,2,0,0,16,7,25.8,11.3,".236",".273",".323","0.596",".251",".369",".275",".314",".336",".117","71.7",35.1,15.9,9.5,45.5,27,"7.5",2,9.6,-3.3,48.6,29,"94","5.5",33.3,7.7,61.5,"85.7308985","96.533871795",35.4,47.3
"Gibson, Cade",806188,2025,27,"44","54.2",230,201,44,31,9,1,3,43,21,18.7,9.1,".219",".318",".310","0.628",".244",".347",".279",".304",".334",".103","71.8",25.7,16.1,12.8,34.5,27.5,"7.3",10,10.4,-2.1,50.5,32.9,"87.9","7.2",31.3,5.6,37.5,"76.765823038","93.675747975",22.3,42.5
"Oviedo, Johan",670912,2025,27,"9","40.1",170,143,26,16,4,0,6,42,23,24.7,13.5,".182",".336",".306","0.642",".211",".378",".291",".316",".330",".167","72.2",28.1,13.7,9.6,31.4,22.1,"7.4",6,10.9,-5,50.2,32.2,"87.6","22.6",29.4,6.9,35.3,"75.469035294","93.934282157",29.9,42.3
"Steele, Justin",657006,2025,29,"4","22.2",92,85,21,12,4,0,5,21,5,22.8,5.4,".247",".471",".293","0.764",".271",".484",".326",".343",".317",".214","71.5",19.2,18,15.1,37.7,31.5,"7.2",2,10,-1.5,50,30.4,"92","10",33.8,9.2,47.7,"82.11077303","95.473462462",18.5,51.8
"Ortiz, Luis",682847,2025,26,"16","88.2",382,337,80,55,12,1,12,96,42,25.1,11,".237",".386",".322","0.708",".247",".442",".312",".336",".331",".195","72.1",24.7,17.2,12.5,35.8,26,"7.2",12,8.6,0.3,50.5,33.1,"91.8","9.4",32.9,10.4,47.7,"81.226247","95.788528",28.9,46.5
"Tong, Jonah",804636,2025,22,"5","18.2",87,77,24,16,5,0,3,22,9,25.3,10.3,".312",".494",".379","0.873",".261",".443",".376",".342",".339",".182","71.4",17.9,12.7,10,27.3,21.4,"7.1",3,9.4,-1.6,45,32.1,"89.3","14.7",37.5,14.3,42.9,"78.221874643","94.193952321",22.1,43.9
"Weems, Jordan",607179,2025,32,"4","4.1",23,20,9,7,2,0,0,0,3,0,13,".450",".550",".522","1.072",".424",".577",".468",".468",".499",".153","73.1",32.6,12.5,9.3,37.5,27.9,"7.2",0,9.2,-1,62.8,30.2,"91.5","21.5",50,5,45,"83.205057","94.2991695",23.9,46.9
"Eovaldi, Nathan",543135,2025,35,"22","130.0",496,463,90,59,20,1,10,129,21,26,4.2,".194",".307",".239","0.546",".219",".358",".240",".271",".263",".139","72.2",28.4,13.9,10.1,31.7,22.9,"7.5",8,12.5,-5.6,46.6,33.8,"88.6","9.5",31.4,7.4,38.5,"77.481805","93.954033855",27.7,50.7
"Schmidt, Clarke",657376,2025,29,"14","78.2",316,282,56,33,12,2,9,73,30,23.1,9.5,".199",".351",".276","0.627",".198",".339",".277",".272",".276",".141","72.5",29,13.3,10.1,31.1,23.5,"7.2",12,8.7,-0.2,54.8,31.7,"88.1","19.6",32.5,6.6,35.4,"77.140581038","93.721791185",26.6,47.6
"Brown, McCade",685326,2025,24,"7","25.2",126,103,30,18,6,0,6,23,17,18.3,13.5,".291",".524",".413","0.937",".262",".487",".405",".384",".391",".225","71.2",22.7,13.7,10.6,37.3,28.8,"7.3",1,9.9,-3.1,55.1,30.9,"91.7","16.2",42,9.9,45.7,"82.620977317","95.201578765",23.3,44.4
"Enright, Nic",663671,2025,28,"27","31.0",127,113,24,18,3,0,3,30,12,23.6,9.4,".212",".319",".299","0.618",".230",".365",".279",".303",".315",".135","70.6",15,8.2,6.1,27.2,20.2,"7.3",5,9.6,-0.5,49,31.5,"87.8","19.9",32.5,6,36.1,"77.36517439","93.154156098",26.4,51.3
"Perdomo, Angel",622780,2025,31,"4","3.1",16,12,2,2,0,0,0,2,3,12.5,18.8,".167",".167",".375","0.542",".286",".459",".285",".416",".465",".173","67.9",4.2,9.5,8.3,33.3,29.2,"6.9",0,6,5.8,54.2,28,"83","7.9",20,10,30,"68.750508","92.58259",18.8,44.4
"Bowden, Ben",641386,2025,30,"11","10.2",47,40,9,1,5,1,2,7,5,14.9,10.6,".225",".550",".298","0.848",".271",".611",".346",".390",".339",".340","70.7",15.8,14.8,11.8,34.4,27.6,"7.3",3,12.1,-4.1,56.6,30.9,"90.4","19",40,17.1,48.6,"80.809664444","94.742741714",22.1,50.8
"Jarvis, Bryce",686826,2025,27,"12","22.0",98,86,23,12,8,0,3,21,10,21.4,10.2,".267",".465",".347","0.812",".222",".383",".351",".314",".313",".161","71.5",26,16.7,13.3,40,32,"7.3",1,9.6,-2.6,53.3,31.6,"91.1","19.4",33.3,7.6,43.9,"81.364842727","94.937767727",20.9,39.9
"Lee, Chase",695445,2025,26,"32","37.1",148,134,32,16,7,2,7,36,9,24.3,6.1,".239",".478",".291","0.769",".266",".508",".322",".346",".316",".242","71.3",18.3,15.1,12.2,34.6,27.8,"7.1",4,8.3,2,51.3,32.1,"90.7","14.7",43.6,13.9,40.6,"80.353166863","94.948634455",21.1,44.3
"Garcia, Rico",670329,2025,31,"29","34.1",142,131,31,22,3,1,5,38,10,26.8,7,".237",".389",".289","0.678",".224",".351",".292",".280",".280",".127","72.5",30.8,13.9,9.9,26.7,19,"7.5",5,11.8,-5.3,57.1,30.2,"86.9","13",27.7,7.4,42.6,"73.883420638","94.043402366",30.7,50.5
"Brzykcy, Zach",694350,2025,25,"26","23.0",110,96,28,17,5,0,6,24,12,21.8,10.9,".292",".531",".382","0.913",".275",".477",".393",".367",".367",".202","71.3",17.7,11.2,8.4,31.6,23.6,"7.2",5,11,-2.2,61.6,29.7,"90.9","21.5",41.7,8.3,44.4,"81.281502222","95.008565278",27,50.8
"Kriske, Brooks",621139,2025,31,"16","18.0",88,72,20,10,9,0,1,18,15,20.5,17,".278",".444",".398","0.842",".259",".353",".366",".330",".382",".094","72.4",32.8,16.2,12.5,35.4,27.3,"7.6",2,12.4,-8.1,52.3,31.1,"89.1","12.8",38.2,5.5,41.8,"78.25285037","94.253055926",23.6,38.8
"Hart, Kyle",606996,2025,32,"20","43.0",179,163,38,21,8,0,9,37,13,20.7,7.3,".233",".448",".296","0.744",".219",".402",".320",".299",".284",".184","71.9",24.3,13.6,10.6,32.5,25.5,"7.4",1,10,-3.8,49.4,32.9,"88.5","20.2",34.6,7.9,39.4,"77.047599355","94.040645",19.9,44.3
"Nelson, Ryne",669194,2025,27,"33","154.0",619,572,124,73,25,9,17,132,41,21.3,6.6,".217",".381",".273","0.654",".245",".411",".284",".308",".299",".166","71.4",22.1,14.2,11.4,35.4,28.4,"7",20,7.7,2.4,50.8,31.4,"91.4","14.3",36.2,7.5,45.5,"81.990156636","94.984519659",21.6,50.4
"Woo, Bryan",693433,2025,25,"30","186.2",731,685,137,85,25,1,26,198,36,27.1,4.9,".200",".353",".243","0.596",".215",".373",".259",".274",".258",".159","71.9",26.2,13.3,10,30.6,23,"7.1",19,6.4,3.6,44.4,31.1,"89.1","13.8",32.5,9.1,41.8,"77.567134979","94.556632572",26.2,53.2
"Peraza, Oswald",672724,2025,25,"2","2.1",16,15,9,7,1,0,1,0,0,0,0,".600",".867",".625","1.492",".343",".483",".637",".380",".387",".140","71.7",22.2,37.5,33.3,68.8,61.1,"7",0,19.8,-8.4,33.3,28.7,"90.5","11.8",33.3,7.1,35.7,"83.245307143","93.043094286",9.5,51.2
"Romero, JoJo",668941,2025,28,"65","61.0",255,217,47,36,9,0,2,55,29,21.6,11.4,".217",".286",".311","0.597",".220",".343",".265",".291",".318",".123","71.6",22.1,14.8,11.2,34.2,25.9,"7.4",11,10.6,-3.2,53.8,32.7,"87.3","5.1",28.6,7.3,35.1,"75.560028293","93.63772638",27,41.5
"Kelly, Michael",547184,2025,32,"42","39.2",166,143,32,20,7,0,5,29,19,17.5,11.4,".224",".378",".317","0.695",".252",".445",".301",".338",".343",".194","71.3",18.7,14.4,11.9,33.8,28.1,"7.3",11,9.6,-3.8,45.8,32.9,"87.3","14.4",35.9,10.3,35.9,"76.037959474","93.379355088",22.2,43.2
"Wesneski, Hayden",669713,2025,27,"6","32.0",131,121,29,14,8,0,7,29,6,22.1,4.6,".240",".479",".279","0.758",".246",".457",".322",".321",".289",".211","72.1",27.4,12.7,9.9,34.9,27.4,"7.3",6,8.9,-1.4,49.8,31.1,"89.7","16.3",35.8,10.5,42.1,"79.32545587","94.265432935",23.2,47.4
"Fedde, Erick",607200,2025,32,"32","141.0",623,546,147,94,32,2,19,83,67,13.3,10.8,".269",".440",".351","0.791",".275",".461",".344",".355",".357",".186","72",26.2,14.7,12.3,35.2,29.6,"7.2",18,8.6,1.8,51.5,32.7,"90.2","14.9",35.3,7.9,42.6,"80.198985764","94.366291335",18,44.7
"Muñoz, Andrés",662253,2025,26,"64","62.1",254,216,36,28,6,0,2,83,28,32.7,11,".167",".222",".271","0.493",".194",".293",".228",".263",".295",".099","70.5",16.1,11.7,7.7,30.9,20.2,"7.4",12,10.5,-5.3,44.5,31.6,"86.9","8.8",31.9,6.6,39.9,"74.409228529","93.885968074",36.5,47.1
"Leasure, Jordan",673929,2025,26,"68","64.1",269,237,49,22,14,1,12,81,30,30.1,11.2,".207",".426",".297","0.723",".190",".348",".312",".279",".282",".158","71.6",22.9,10.7,7.6,26.9,19.1,"7.4",10,11.4,-5.8,54.8,30.5,"89.1","24.3",36.9,10.8,37.6,"78.435208846","94.011580968",31.9,48.8
"Sommers, Drew",805427,2025,24,"4","3.0",19,15,7,4,1,1,1,3,3,15.8,15.8,".467",".867",".579","1.446",".281",".460",".589",".395",".432",".179","71.8",28.6,22.2,19,38.9,33.3,"7.2",1,9.7,5.8,33.3,31.2,"89.6","11.5",33.3,8.3,50,"78.221855","95.255235833",25,35.9
"Lara, Andry",691251,2025,22,"9","14.1",78,67,27,20,5,0,2,10,8,12.8,10.3,".403",".567",".468","1.035",".320",".487",".445",".394",".403",".167","71.4",22.5,18.9,16.2,45.3,38.7,"7.2",0,10.2,-0.9,54.1,31.4,"91.8","5.7",37.3,8.5,44.1,"83.148553929","95.040074464",13.3,47.1
"Núñez, Eduarniel",674384,2025,26,"10","12.2",60,45,13,7,3,1,2,11,11,18.3,18.3,".289",".533",".450","0.983",".243",".375",".423",".364",".418",".132","70.9",15.9,6.8,4.5,28.8,19.3,"7.4",4,9.7,-3.2,58,33.5,"85.4","22",42.9,5.7,25.7,"75.56174","91.785716",32.4,44.6
"Henry, Tommy",674072,2025,27,"2","6.2",26,23,6,3,0,0,3,8,1,30.8,3.8,".261",".652",".320","0.972",".304",".634",".407",".419",".360",".330","73.2",34.9,24.1,16.3,34.5,23.3,"7.5",1,13.3,-7.7,48.8,33,"94.8","1.7",37.5,25,62.5,"82.7704625","99.373844667",28.8,48.6
"Schlittler, Cam",693645,2025,24,"14","73.0",304,267,58,42,8,0,8,84,31,27.6,10.2,".217",".337",".309","0.646",".230",".384",".291",".314",".322",".154","72",28.4,9.1,6.8,24.4,18.3,"6.9",9,5.5,6.8,47.8,30,"89","14.5",41.3,8.2,40.2,"78.249297826","94.098445683",26.1,50.1
"Santana, Dennis",642701,2025,29,"70","70.1",270,246,44,28,8,3,5,60,17,22.2,6.3,".179",".297",".237","0.534",".216",".403",".236",".292",".273",".186","72.3",26.9,14.8,10.9,33.5,24.7,"7.6",9,13.5,-6.2,59.2,32.8,"88.9","15.9",33.2,10.6,37.4,"78.453035158","93.826098995",27.3,51.6
"Rodón, Carlos",607074,2025,32,"33","195.1",789,701,132,83,27,0,22,203,73,25.7,9.3,".188",".321",".272","0.593",".206",".351",".266",".285",".290",".145","72.5",29.6,13.4,9.5,31.6,22.4,"7.5",25,11.6,-3.1,54.6,32.7,"88.6","12.8",32.3,7.6,38.9,"77.269631895","94.179910283",30.3,45.5
"Dubin, Shawn",681869,2025,29,"30","33.2",145,132,37,25,6,0,6,28,11,19.3,7.6,".280",".462",".345","0.807",".236",".376",".351",".301",".304",".140","71.9",25.6,14,11.4,36,29.4,"7.3",8,7.8,0.5,51.2,31.5,"87.8","10.7",30.8,4.8,40.4,"76.061319423","93.907752788",20.7,44.6
"Vest, Will",676684,2025,30,"64","68.2",284,259,61,47,8,2,4,75,22,26.4,7.7,".236",".328",".297","0.625",".217",".315",".277",".266",".281",".098","70.8",19.4,12.7,9.6,31.7,24,"7",12,6.1,4.7,48.3,32.8,"88.8","6.1",24.7,4.3,41.4,"77.537494891","94.149179946",26.7,48
"Maton, Phil",664208,2025,32,"63","61.1",249,214,42,27,12,0,3,81,24,32.5,9.6,".196",".294",".296","0.590",".195",".282",".266",".264",".296",".088","71",19,13,8.7,30.3,20.3,"7.3",15,12.5,-5.1,40,32.1,"84.8","12.2",38.7,3.6,30.7,"72.288009706","92.742270667",36.2,46.9
"Kelly, Merrill",518876,2025,36,"32","184.0",748,696,157,96,35,3,23,167,48,22.3,6.4,".226",".384",".277","0.661",".250",".431",".288",".316",".300",".181","72.7",33.1,15.7,12.3,32.6,25.4,"7.5",33,11.3,-3.6,54.6,33.7,"90.2","13.8",32.4,9.3,43.5,"79.116163359","94.908594218",24.1,49.3
"Peralta, Freddy",642547,2025,29,"33","176.2",723,643,124,80,23,0,21,204,66,28.2,9.1,".193",".327",".277","0.604",".206",".361",".270",".289",".289",".155","71.5",22.8,9.8,7,28.6,20.5,"7.3",28,10.4,-3.1,50.5,32.1,"88","18",33.9,9.3,34.5,"76.986266955","93.5568435",30.1,46.9
"Soroka, Michael",647336,2025,27,"22","89.2",379,334,72,44,15,1,12,95,29,25.1,7.7,".216",".374",".306","0.680",".210",".351",".302",".293",".301",".142","71.8",23.6,13.1,10.5,30.6,24.4,"7.3",16,11,-3,53.3,31.7,"89.2","14.3",27.5,6.7,40.4,"78.414330168","94.280573361",23.7,45.5
"Jansen, Kenley",445276,2025,37,"62","59.0",234,212,37,23,5,1,8,57,19,24.4,8.1,".175",".321",".245","0.566",".213",".425",".246",".301",".280",".212","72.8",32.4,11.9,9,32.4,24.3,"7.2",9,9.9,-1.6,56,30.9,"91.5","25.4",31.2,8.9,44.6,"82.345025714","94.96297526",25.8,55.7
"Rasmussen, Drew",656876,2025,29,"31","150.0",585,541,116,84,14,0,18,127,37,21.7,6.3,".214",".340",".271","0.611",".236",".375",".269",".291",".290",".139","72.1",27.1,14.8,11.8,32.9,26.2,"7",20,7.3,3.5,51.9,31.1,"90.6","10.1",29.6,6.3,43.3,"80.436147524","94.708687282",22.2,48.6
"Raley, Brooks",548384,2025,37,"30","25.2",99,91,14,9,5,0,0,25,6,25.3,6.1,".154",".209",".222","0.431",".185",".289",".200",".241",".251",".104","71.1",19.4,9.2,7.6,35.8,29.9,"7.4",3,11.7,-3,49.3,32.5,"88.1","20.5",34.8,0,37.9,"78.699292424","92.830069242",20.8,44.6
"Keller, Brad",641745,2025,29,"68","69.2",276,247,45,37,4,0,4,75,22,27.2,8,".182",".247",".265","0.512",".197",".296",".238",".262",".279",".100","71.1",20.3,10.1,7.5,30.2,22.4,"7.2",11,8.3,2,52,32,"86.7","6.5",29.5,5.8,30.6,"75.762503605","92.819687251",26.9,45.1
"Mercado, Michael",675650,2025,26,"3","3.0",20,15,7,6,0,0,1,4,4,20,20,".467",".667",".550","1.217",".335",".609",".505",".445",".458",".274","71.5",20.7,12,10.3,32,27.6,"7",0,8.2,1,41.4,26.5,"98.7","6.9",66.7,8.3,58.3,"92.969728333","98.727571818",21.1,44.7
"Hiraldo, Yaramil",682274,2025,29,"18","19.2",84,74,17,10,3,0,4,21,9,25,10.7,".230",".432",".313","0.745",".173",".300",".325",".253",".263",".127","71.9",25.2,10.3,6.6,27.8,17.9,"7.8",4,16.5,-12.2,56.3,32.2,"85.8","23",25.9,7.4,29.6,"74.346493704","92.744729811",37.1,55.7
"Garcia, Luis",677651,2025,28,"2","7.2",27,26,3,1,0,0,2,7,0,25.9,0,".115",".346",".148","0.494",".143",".365",".210",".229",".175",".222","72.4",34.3,7.1,5.7,32.1,25.7,"7.6",1,15.5,-7.3,40,31.2,"85.7","33",15.8,15.8,26.3,"72.240718","94.070068421",23.5,48.1
"Bieber, Shane",669456,2025,30,"7","40.1",159,151,34,21,5,0,8,37,7,23.3,4.4,".225",".417",".264","0.681",".261",".465",".293",".327",".298",".204","72.1",25,19.9,14.6,42.3,31,"7.3",9,10.5,-2.5,60.4,30,"93.2","9.7",36,12.3,48.2,"84.085081228","95.836548158",27.9,46.2
"Basso, Brady",669620,2025,27,"11","11.2",56,47,12,10,2,0,0,8,9,14.3,16.1,".255",".298",".375","0.673",".255",".327",".307",".316",".375",".072","71.6",20.7,16.4,13,35.6,28.3,"7.2",0,9,-0.3,59.8,31.9,"89.8","6.1",17.9,2.6,38.5,"79.237158","94.400636667",20.2,48.1
"Beeks, Jalen",656222,2025,31,"61","57.1",231,208,42,25,11,0,6,47,20,20.3,8.7,".202",".341",".277","0.618",".235",".398",".271",".306",".308",".163","72.5",26.5,12.8,9.4,28.6,21,"7.2",5,9.3,-1.3,48.8,31.7,"88.5","12.5",29,10.5,39.5,"76.33152625","94.389777875",27.7,49.2
"Kranick, Max",668820,2025,27,"24","37.0",150,142,34,24,5,0,5,25,7,16.7,4.7,".239",".380",".273","0.653",".262",".453",".283",".329",".300",".191","71.4",23.3,15.9,12.8,35.1,28.4,"7.2",4,8.1,0.6,54.5,30.9,"90.2","18.1",33.1,9.5,44.9,"79.798507931","94.664708261",20.7,55.6
"Lawrence, Casey",596271,2025,37,"6","17.2",80,77,26,18,6,0,2,7,1,8.8,1.3,".338",".494",".350","0.844",".354",".599",".361",".421",".373",".245","71.7",22.5,24.5,21.7,44.3,39.2,"7.5",3,13.8,-5.2,52.5,32.6,"89.3","15.1",42.3,12.7,43.7,"77.453816389","94.830128169",14.2,46
"Borucki, Ryan",621366,2025,31,"39","35.0",145,125,29,17,8,0,4,32,16,22.1,11,".232",".392",".319","0.711",".263",".433",".310",".341",".351",".170","70.9",19.6,15.2,10.7,32.3,22.8,"7.7",6,14.1,-11.3,49.1,33,"87.3","7.9",32.3,8.3,38.5,"74.782124889","94.004990333",29.8,46.3
"Ross, Joe",605452,2025,32,"37","51.0",228,202,57,31,17,1,8,39,18,17.1,7.9,".282",".495",".344","0.839",".286",".520",".356",".373",".351",".234","71.3",21.3,13.2,10.3,30.9,24.2,"7.1",6,7.9,2,52.4,32.4,"89.3","11",38.1,11.9,43.5,"77.508137349","94.873628303",22.4,50.8
"Rainey, Tanner",663432,2025,32,"13","9.2",47,35,8,6,2,0,0,11,9,23.4,19.1,".229",".286",".391","0.677",".265",".333",".321",".361",".431",".069","71.5",23.5,16.4,11.1,25.5,17.3,"7.6",4,11.7,-5.8,39.5,32.7,"90","12.3",30.8,3.8,42.3,"77.358450769","95.8129968",34.3,49.3
"Kent, Zak",687849,2025,27,"12","17.2",76,67,17,14,2,0,1,16,8,21.1,10.5,".254",".328",".342","0.670",".234",".302",".305",".287",".324",".068","72.3",25.2,10.8,8.7,26.9,21.7,"7.5",5,11.6,-4.6,60.9,32.3,"87.2","14",39.2,0,29.4,"77.888256154","92.314717843",22.9,42.5
"Fisher, Braydon",680755,2025,24,"52","50.0",202,177,32,22,6,0,4,62,19,30.7,9.4,".181",".282",".269","0.551",".206",".351",".248",".285",".292",".144","71.2",18,12.3,8.8,34.7,24.8,"7.5",9,13.3,-6.6,59.8,30.1,"88.1","16.5",29.7,7.6,36.4,"77.140296441","93.774442137",29.9,43.6
"Stephenson, Robert",596112,2025,32,"12","10.0",42,37,7,2,4,0,1,10,3,23.8,7.1,".189",".378",".268","0.646",".217",".378",".273",".285",".294",".161","71.8",25.4,11.1,7,37.8,23.9,"7.8",0,16.7,-14.5,52.1,32.9,"90","19.3",40.7,3.7,33.3,"81.750657857","93.761382222",38.3,55.1
"Nelson, Kyle",669459,2025,28,"3","2.0",11,7,1,0,0,0,1,2,4,18.2,36.4,".143",".571",".455","1.026",".117",".440",".437",".394",".438",".323","68.6",0,11.1,8.3,22.2,16.7,"7.7",0,16,-14.9,75,35.4,"86.7","41.1",40,20,20,"79.88911","91.723846",26.7,34.1
"Alvarez, Andrew",674841,2025,26,"5","23.1",98,87,16,13,2,0,1,20,10,20.4,10.2,".184",".241",".276","0.517",".209",".280",".241",".265",".298",".071","72.5",27.8,15.2,11.8,33,25.7,"7.4",0,10.1,-1.2,52.8,31.4,"88.2","7.7",25.4,3,37.3,"77.087148182","93.693328636",22.2,38.8
"McDermott, Chayce",694646,2025,26,"4","8.2",51,36,12,7,2,0,3,9,12,17.6,23.5,".333",".639",".500","1.139",".285",".567",".476",".458",".477",".283","71.8",28.6,23.4,19.6,42.6,35.7,"7.3",3,10.4,-0.6,53.6,31.3,"91.8","16.4",34.5,17.2,44.8,"79.385105714","96.300961071",20.6,32.3
"Herget, Jimmy",623474,2025,31,"59","83.1",347,309,72,50,15,1,6,81,26,23.3,7.5,".233",".346",".303","0.649",".217",".352",".287",".284",".291",".136","71.6",22.7,16.8,12.5,34.5,25.6,"7.5",12,13.7,-8.2,49.2,31.8,"88.7","18.5",35.2,7.3,39.1,"77.89855931","93.881776234",26.9,46.6
"Robertson, David",502085,2025,40,"20","17.2",78,70,18,10,4,0,4,22,8,28.2,10.3,".257",".486",".333","0.819",".236",".457",".348",".329",".315",".221","72.1",25.7,11.6,9.2,32.6,25.7,"7.3",2,8.9,-1.8,46.8,33.8,"88.4","9.3",39.6,10.6,39.6,"77.4185475","94.109980638",23.8,41.4
"Montas, Frankie",593423,2025,32,"9","38.2",178,161,48,26,14,0,8,32,14,18,7.9,".298",".534",".356","0.890",".279",".483",".380",".353",".339",".204","72.1",29,17.1,13.2,31.6,24.4,"7.3",7,10.5,-2.3,47.9,33.6,"88.5","14.6",30.5,11.5,40.5,"76.120782769","94.543882868",23.8,48.6
"Marinaccio, Ron",676760,2025,29,"7","10.2",42,37,6,6,0,0,0,12,4,28.6,9.5,".162",".162",".238","0.400",".152",".230",".192",".211",".231",".078","72.1",31.1,5.9,4.1,27.5,18.9,"7.3",1,8.2,-1.4,52.7,32.5,"87.9","24.6",23.1,8,26.9,"77.8659275","93.112214583",29.5,53.7
"Lorenzen, Michael",547179,2025,33,"27","141.2",606,557,149,90,30,4,25,127,39,21,6.4,".268",".470",".320","0.790",".260",".451",".339",".331",".315",".191","71.9",26.1,13.6,10.6,35.2,27.4,"7.4",21,11.9,-4.7,50.2,33,"89.3","15.3",36.6,8.8,39.2,"78.770731389","94.056205903",23.4,48.1
"Bazardo, Eduard",660825,2025,29,"73","78.2",313,280,53,38,5,1,9,82,27,26.2,8.6,".189",".311",".262","0.573",".206",".359",".252",".285",".282",".153","71.5",21.7,13,10.5,31.4,25.5,"7.3",6,10.2,-2,54.9,32,"88.5","15.1",32.7,9.4,37.1,"77.733708515","93.734075347",19.4,42.9
"Cabrera, Génesis",650893,2025,28,"40","42.2",187,165,46,26,8,0,12,35,18,18.7,9.6,".279",".545",".353","0.898",".246",".451",".380",".333",".324",".206","72.1",23,17,12.8,36.7,27.5,"7.5",7,12.3,-5.4,59,33.1,"89.5","19",32.6,11.4,42.4,"78.548698182","94.615786212",27.1,48
"Martin, Davis",663436,2025,28,"26","142.2",601,541,136,84,29,3,20,104,48,17.3,8,".251",".427",".317","0.744",".272",".465",".322",".347",".337",".193","72.3",27,17.3,13.9,34.3,27.4,"7.2",22,8.9,0,55.7,33,"90.7","11.2",36,9.8,44.6,"79.461212182","95.394861477",21.6,49.4
"Castro, Miguel",612434,2025,30,"6","6.0",28,22,5,2,2,0,1,4,5,14.3,17.9,".227",".455",".393","0.848",".229",".360",".374",".347",".394",".132","70.5",18.9,9.4,8.1,40.6,35.1,"7.5",0,10.5,-3.9,51.4,32.4,"88.3","10.4",22.2,5.6,33.3,"79.112096667","93.153393889",17.5,38.1
"Fermin, José",820862,2025,23,"40","34.1",152,127,25,14,3,0,8,39,23,25.7,15.1,".197",".409",".322","0.731",".187",".399",".318",".314",".319",".212","71.8",24.2,15.9,10.5,34.7,23,"7.4",4,11,-4,55.5,31.9,"91.4","21",34.8,13.5,46.1,"81.876079111","94.816130112",33.1,45.4
"Knack, Landon",689017,2025,27,"10","42.1",185,162,40,22,7,1,10,42,19,22.7,10.3,".247",".488",".330","0.818",".261",".495",".350",".362",".346",".234","71.9",24.4,16.5,13.1,32.2,25.6,"7.3",4,11.7,-3.8,54.7,30.7,"91.6","17.3",43.4,15.6,49.2,"81.05370082","95.808123361",21.6,45.5
"Kochanowicz, Jack",686799,2025,24,"23","111.0",512,440,136,100,14,1,21,72,58,14.1,11.3,".309",".489",".393","0.882",".287",".469",".379",".368",".378",".182","72.5",30.4,18.1,14.5,37,29.7,"7.4",12,10.4,-0.3,53.8,34,"92.1","6.9",28,9.4,49.6,"81.746029301","95.756225538",20.8,47.6
"Lugo, Seth",607625,2025,35,"26","145.1",611,546,133,82,23,1,27,125,55,20.5,9,".244",".438",".319","0.757",".256",".480",".329",".348",".331",".224","72",24.7,18,14.6,37.1,30,"7.4",15,12,-3.4,52.6,32.5,"90.7","14.2",34.8,11.1,45.2,"80.328886381","94.977892339",20.6,43.9
"Enns, Dietrich",608650,2025,34,"24","46.1",200,183,50,36,7,1,6,49,15,24.5,7.5,".273",".421",".327","0.748",".250",".365",".318",".288",".306",".115","71.3",18.8,13.2,9.8,30.7,22.8,"7.1",6,8.3,2.6,48.3,31.6,"88.3","14.3",37.5,4.4,36,"77.332521692","93.773204846",27.2,54.1
"Blackburn, Paul",621112,2025,31,"15","39.0",175,159,47,30,7,4,6,34,12,19.4,6.9,".296",".503",".343","0.846",".244",".399",".359",".310",".303",".155","73",34.1,12.7,10.3,27.6,22.3,"7.4",7,10.5,-0.3,56.4,34,"87.1","11.6",33.6,7.9,35.2,"75.497210313","93.464801496",22.5,47.3
"Cecconi, Slade",677944,2025,26,"23","132.0",545,506,125,72,27,2,24,109,32,20,5.9,".247",".451",".294","0.745",".267",".489",".319",".343",".314",".222","71.3",20,20.4,16.2,39.5,31.4,"7.3",16,10,-1.6,50.4,32.1,"91.7","13.8",37.2,12.2,49.1,"81.626558543","95.530064534",22.5,46.5
"Latz, Jacob",656641,2025,29,"33","85.2",348,310,69,45,14,3,7,76,37,21.8,10.6,".223",".355",".305","0.660",".246",".395",".290",".315",".325",".149","71.7",25.3,15.5,11.1,33.4,23.8,"7.4",11,10.8,-2.9,54.7,30.7,"90","17.6",33.2,6.4,42.6,"79.249931624","94.595176581",29.4,49.2
"Skubal, Tarik",669373,2025,28,"31","195.1",748,706,141,95,26,2,18,241,33,32.2,4.4,".200",".319",".240","0.559",".206",".344",".245",".258",".246",".138","71.2",21,9.5,6.4,26.4,17.7,"7.3",27,9.4,-1.3,44,31.9,"86.1","12.7",35.6,8.1,33,"73.770997639","93.244404688",32.5,54.8
"Povich, Cade",700249,2025,25,"22","112.1",488,439,125,84,20,4,17,118,43,24.2,8.8,".285",".465",".347","0.812",".269",".495",".349",".356",".335",".226","72",25.5,18.1,13.8,34.9,26.7,"7.4",13,11,-2.3,52.9,32.3,"91.2","13",36.5,11.3,46.9,"80.827575802","95.396274334",24.2,44.9
"Hoffman, Jeff",656546,2025,32,"71","68.0",287,253,54,25,14,0,15,84,27,29.3,9.4,".213",".447",".298","0.745",".199",".408",".320",".301",".286",".209","71.8",23.4,13.9,9.8,29.1,20.4,"7.4",21,12,-5.5,53.8,31,"89.3","15.7",31.4,12.8,39.5,"77.817843765","94.667665118",31.6,50.7
"Wilson, Justin",458677,2025,37,"61","48.1",207,183,48,35,10,0,3,57,20,27.5,9.7,".262",".366",".340","0.706",".236",".363",".309",".296",".316",".127","71.9",26.3,11.6,7.9,28,19,"7.2",6,7.9,2.9,51.2,33.4,"89.2","12.9",35.2,7,35.9,"78.971586667","93.777462698",31.9,50.7
"Gordon, Colton",676467,2025,26,"20","86.0",379,352,103,58,23,1,21,72,19,19,5,".293",".543",".329","0.872",".266",".471",".367",".332",".307",".205","72.4",28.6,14,11.7,30.9,25.8,"7.4",8,10.7,-4.1,51.3,32,"89","19.3",38.5,11.6,40.6,"77.823700284","94.21274",18,50.5
"Hoffman, Nolan",676510,2025,27,"1","1.0",7,6,3,1,2,0,0,2,1,28.6,14.3,".500",".833",".571","1.404",".142",".190",".583",".222",".265",".048","69.1",0,12.5,11.1,37.5,33.3,"6.9",0,6,8.3,33.3,32.1,"87.3","12",50,0,25,"78.89899","92.0213325",16.7,46.2
"Cleavinger, Garrett",664076,2025,31,"67","61.1",243,217,40,25,5,1,9,82,18,33.7,7.4,".184",".341",".267","0.608",".205",".333",".271",".280",".289",".128","72",27.1,17.5,11.7,35.9,24,"7.3",12,9.7,-1.5,48.9,31.7,"88.8","11.8",34.6,5.9,41.2,"76.393978485","94.963080076",36,49.5
"Reynolds, Sean",669308,2025,27,"19","27.0",117,97,20,12,4,0,4,25,17,21.4,14.5,".206",".371",".342","0.713",".251",".491",".322",".379",".379",".240","71.5",25,12.5,9.9,30.1,23.8,"7.1",5,9,2.1,54.1,30.9,"90.3","13.9",38.9,11.1,43.1,"79.642210857","94.641773571",22.7,42.7
"Gray, Sonny",543243,2025,35,"32","180.2",753,705,185,125,31,4,25,201,38,26.7,5,".262",".424",".302","0.726",".250",".416",".314",".306",".290",".167","72.6",29.4,16.7,12.7,33.5,25.4,"7.4",42,11.3,-3.3,51.9,33.5,"88.9","11",34.8,9.8,40.7,"76.982367233","94.518739901",27.5,47.4
"Vesia, Alex",681911,2025,29,"68","59.2",237,204,37,21,7,0,9,80,22,33.8,9.3,".181",".348",".272","0.620",".185",".346",".269",".274",".278",".161","71.1",20.7,10.3,7.2,22.9,16,"7.1",11,8.4,-1.3,52.1,30.5,"88.5","24.9",38.5,10.8,37.7,"77.218813968","94.182131587",30.7,50.2
"Chivilli, Angel",683409,2025,22,"43","58.2",275,246,76,51,12,0,13,43,23,15.6,8.4,".309",".516",".382","0.898",".270",".478",".387",".356",".347",".208","71.5",21.5,16.4,11.6,37.7,26.8,"7.6",5,13.5,-7.9,47.8,33.6,"89.9","5.6",31.5,9.9,42.9,"78.22648598","95.137926207",29.7,50.1
"Detmers, Reid",672282,2025,25,"61","63.2",266,238,58,43,9,0,6,80,25,30.1,9.4,".244",".357",".320","0.677",".231",".363",".295",".296",".311",".132","71",18.3,14,9.8,33.8,23.7,"7.1",20,7.3,2.5,45.3,31.4,"90.1","9.9",32.7,8.2,42.8,"79.347347848","94.748538662",32.7,49.7
"Holton, Tyler",663947,2025,29,"70","78.2",312,287,65,43,7,0,15,64,17,20.5,5.4,".226",".408",".266","0.674",".250",".414",".288",".303",".289",".164","71.9",25.6,16.6,12.9,36.2,28.1,"7.3",17,10.8,-2.9,54.1,32.7,"87.7","10.2",31.2,8.2,37.7,"75.511923982","94.106642522",24.6,47.6
"Smith, Cade",671922,2025,26,"76","73.2",300,274,55,29,21,1,4,104,19,34.7,6.3,".201",".328",".261","0.589",".201",".299",".255",".248",".263",".098","71.1",21.5,9.8,6.5,29.3,19.6,"7",12,6.8,4,44.2,30.5,"89.2","15.8",38.7,4,37,"79.068385465","93.893454593",34.3,52.3
"Soriano, George",666277,2025,26,"24","36.2",173,150,46,28,7,1,10,36,19,20.8,11,".307",".567",".390","0.957",".309",".540",".405",".402",".394",".232","72.1",27.5,16.7,12.8,31.3,23.8,"7.4",6,11.8,-3.6,55.4,33.5,"88.7","9.1",43.5,14.8,44.3,"76.067869138","94.966557826",26,46.7
"Whitlock, Garrett",676477,2025,29,"62","72.0",293,262,54,44,8,0,2,91,24,31.1,8.2,".206",".260",".283","0.543",".200",".311",".247",".262",".278",".111","71.5",22,12.2,8.5,27.1,18.9,"7.2",15,8,0.6,46.2,32.6,"88.5","11.2",35.3,8.7,36.4,"77.149183678","94.074555491",32.8,53
"Sánchez, Cristopher",650911,2025,28,"32","202.0",807,754,171,124,35,0,12,212,44,26.3,5.5,".227",".321",".275","0.596",".225",".345",".264",".272",".273",".120","72",26.9,16.1,11.4,35.6,25.2,"7.5",18,11,-4.6,47.7,33.5,"89","3",27,5.7,39.8,"77.436793852","94.392001148",30.4,49.5
"Murdock, Noah",668716,2025,26,"14","17.0",98,75,26,18,8,0,0,21,20,21.4,20.4,".347",".453",".490","0.943",".253",".393",".412",".360",".423",".140","70",17.2,16.3,12.1,31.4,23.3,"7",4,2.8,9.2,37.9,33.8,"88.3","11.5",38.2,7.5,40,"77.488891538","93.8654775",25.8,38.5
"Montero, Rafael",606160,2025,34,"59","60.1",253,215,42,26,11,0,5,58,37,22.9,14.6,".195",".316",".312","0.628",".204",".327",".283",".295",".322",".123","72.2",28.9,11.5,8.3,27.9,20.1,"7.4",10,11,-3.2,55.5,31.5,"88.3","11.4",25.3,7,38.6,"76.808366154","94.108485769",29.3,47.1
"Rodríguez, Yariel",684320,2025,28,"66","73.0",298,255,50,34,7,1,8,66,34,22.1,11.4,".196",".325",".304","0.629",".226",".385",".281",".317",".332",".158","71.4",22,14.1,10.6,29.9,22.5,"7.3",11,9.5,-1.2,52.8,31.3,"86.4","15.8",39.6,9.4,35.9,"74.039525263","93.477406085",27.5,45.6
"Taylor, Grant",691799,2025,23,"36","36.2",157,138,37,32,5,0,0,54,15,34.4,9.6,".268",".304",".335","0.639",".213",".307",".287",".267",".290",".094","71.4",18.4,10.9,7.9,28.7,20.9,"7",9,5.1,6.1,39.3,31.9,"90.5","11.3",38.6,5.7,50,"79.607203571","95.609225181",30.7,48
"Warren, Austin",681810,2025,29,"5","9.1",34,30,5,4,0,0,1,9,4,26.5,11.8,".167",".267",".265","0.532",".222",".425",".245",".323",".313",".203","72.1",29.6,15.6,13,26.7,22.2,"7.3",0,7,2.8,53.7,34.7,"89.2","15.9",42.9,4.8,42.9,"78.155211818","95.031737619",17.7,42.5
"Stroman, Marcus",573186,2025,34,"9","39.0",175,156,44,27,11,0,6,26,16,14.9,9.1,".282",".468",".354","0.822",".275",".497",".356",".367",".351",".222","73",34.6,20.2,16.8,32,26.5,"7.5",5,11,-2.7,56.4,34,"90.8","12",31.3,10.8,49.6,"79.644443281","95.549940078",19.2,47.3
"King, Bryan",687911,2025,28,"68","68.0",275,258,60,43,7,0,10,69,11,25.1,4,".233",".376",".273","0.649",".222",".358",".282",".274",".266",".135","70.8",20.2,14.2,11,34.8,27.1,"6.9",9,6.3,4.8,41.4,31.9,"88.4","14.4",33,5.8,36.1,"78.054802766","93.54020385",24.4,49.7
"Wheeler, Zack",554430,2025,35,"24","149.2",585,542,107,65,21,2,19,195,33,33.3,5.6,".197",".349",".253","0.602",".189",".313",".263",".247",".245",".124","71.7",24.4,10.4,7.4,26.8,19,"7.2",32,8.8,0.4,48.8,32.1,"87.4","13.2",36.7,7.2,34.1,"76.480608966","93.227809971",31.5,50.3
"Bergert, Ryan",686701,2025,25,"19","76.1",323,284,61,39,13,1,8,73,35,22.6,10.8,".215",".352",".302","0.654",".238",".410",".290",".322",".325",".172","71.7",19,11.1,8.6,32.8,25.4,"7.3",7,10.9,-1.5,55.8,31.8,"90","20",40.7,7,36.4,"80.998547642","93.790266132",23.9,46.9
"Yoho, Craig",684974,2025,25,"8","8.2",41,29,8,6,1,0,1,7,9,17.1,22,".276",".414",".450","0.864",".197",".288",".388",".325",".393",".091","71.8",21.1,8.9,7,33.3,26.3,"7.6",1,14.2,-11.2,49.1,32.7,"88.7","12.1",20.8,4.2,29.2,"78.614828333","93.932678261",24.3,39.8
"Junis, Jakob",596001,2025,32,"57","66.2",274,249,64,46,11,2,5,55,18,20.1,6.6,".257",".378",".315","0.693",".256",".406",".301",".312",".314",".150","71.7",21.9,16.3,12.8,34.8,27.5,"7.6",9,13.1,-6,53.9,33,"87.6","12.4",30.5,6.1,38.6,"75.668181771","93.920402813",22.7,44.5
"Misiewicz, Anthony",664948,2025,30,"5","4.2",23,19,5,3,0,0,2,5,4,21.7,17.4,".263",".579",".391","0.970",".322",".668",".413",".462",".440",".347","73.4",40,20.6,15.6,35.3,26.7,"7.6",2,16.2,-10.3,57.8,33.6,"94.8","21.4",42.9,21.4,64.3,"87.355745714","96.873",31.4,44.3
"Pepiot, Ryan",686752,2025,27,"31","167.2",679,607,134,78,27,3,26,167,61,24.6,9,".221",".404",".297","0.701",".225",".401",".306",".310",".303",".175","72.1",27.2,13.8,10.4,30.4,22.9,"7.3",20,9.7,-0.8,52.2,31.3,"90.1","15.9",36.6,9.7,42.5,"79.1526625","94.907501",26,50.1
"Melton, Troy",675512,2025,24,"16","45.2",180,162,31,20,4,0,7,36,15,20,8.3,".191",".346",".263","0.609",".209",".406",".268",".297",".280",".196","71.4",19.8,15.3,11.9,36.7,28.7,"7.2",7,8.9,0.2,51.9,31.8,"90.8","14.2",32,8.6,49.2,"80.776966719","95.062617874",23.3,48.3
"Brash, Matt",666374,2025,27,"53","47.1",199,174,41,31,6,0,4,58,18,29.1,9,".236",".339",".313","0.652",".223",".336",".288",".282",".303",".112","71.2",21,11.7,8.2,32.2,22.7,"7.4",8,11.5,-3.1,51.2,32.1,"86.9","6.3",31.4,5.8,30.6,"75.095696034","93.324825862",30.9,42.1
"Petersen, Michael",656848,2025,31,"15","18.0",79,71,18,12,3,0,3,17,7,21.5,8.9,".254",".423",".321","0.744",".289",".554",".315",".377",".353",".264","71.5",24.4,11.7,9,30,23.1,"7.1",4,8,2.3,59.6,31.5,"92.2","19.4",54.5,10.9,52.7,"82.031505185","96.137075926",24,53.5
"Lauer, Eric",641778,2025,30,"28","104.2",426,396,90,51,22,2,15,102,26,23.9,6.1,".227",".407",".278","0.685",".240",".419",".295",".306",".290",".179","72.1",23.9,14.2,11.1,34.2,26.6,"7.2",11,8.5,1.3,54.1,31.4,"90.6","21.6",38.5,8.1,41.9,"81.159901438","94.514243505",23.7,48.7
"Hjelle, Sean",663546,2025,28,"12","15.0",73,62,21,13,6,0,2,11,9,15.1,12.3,".339",".532",".417","0.949",".294",".454",".399",".353",".380",".160","71.1",22,18.7,15.4,42.7,35.2,"7.1",4,7.5,0.5,52.7,30.9,"90.6","9.9",34,7.7,49.1,"79.632526923","95.429863922",23.4,42.1
"Rodriguez, Carlos",692230,2025,23,"4","9.2",50,41,13,7,5,0,1,11,9,22,18,".317",".512",".440","0.952",".207",".320",".414",".309",".350",".113","71.1",26.3,9.1,6.3,27.3,18.8,"7.5",2,12.8,-9.7,53.8,31.5,"85.6","22.9",43.3,6.7,40,"73.198034","93.097263",32,46.6
"Wilson, Bryse",669060,2025,27,"20","47.1",224,200,67,44,10,2,11,28,19,12.5,8.5,".335",".570",".395","0.965",".336",".578",".410",".422",".400",".242","71.5",20.4,19.9,16.8,36.2,30.5,"7.2",4,9.2,1.3,51.8,33,"91.3","17.2",39.1,11,45.4,"80.332000824","95.450946154",16.7,47
"Hollowell, Gavin",668970,2025,27,"7","9.1",43,36,9,7,1,0,1,10,7,23.3,16.3,".250",".361",".372","0.733",".251",".407",".333",".347",".373",".156","70.4",17.5,4.3,3.2,26.1,19,"7",0,7.6,2.7,50.8,32.3,"86.5","13.1",42.3,7.7,30.8,"76.264766923","92.421307692",26.7,43.6
"Hamel, Dom",687589,2025,26,"1","1.0",6,5,3,3,0,0,0,0,0,0,0,".600",".600",".667","1.267",".413",".517",".562",".457",".510",".105","70.1",25,12.5,12.5,50,50,"7.2",0,13.7,-4.8,62.5,32.7,"91.9","10.5",40,0,20,"84.914686667","93.882224",0,61.5
"Anderson, Tyler",542881,2025,35,"26","136.1",599,533,135,75,29,3,28,104,57,17.4,9.5,".253",".477",".326","0.803",".253",".480",".341",".345",".328",".226","72.2",27.7,15.6,11.8,32.8,24.9,"7.5",17,13.1,-6.6,51.7,31.7,"88","21",41.8,11,36.6,"76.495283871","93.859851336",25,49
"Anderson, Nick",623433,2025,34,"12","14.2",62,59,17,10,4,0,3,10,3,16.1,4.8,".288",".508",".323","0.831",".274",".442",".355",".326",".310",".168","70",16.1,7.8,6.3,28.9,23.2,"7.1",1,10,-1,49.1,32.1,"87","15.8",34.7,8.3,30.6,"77.4189825","92.380709362",19,52.3
"Quijada, José",650671,2025,29,"2","1.1",8,6,1,1,0,0,0,3,2,37.5,25,".167",".167",".375","0.542",".307",".375",".283",".397",".480",".068","71.4",27.3,0,0,28.6,18.2,"7.1",0,5.6,4.1,54.5,32.1,"95.9","-2.2",66.7,0,66.7,"91.306875","96.1727",26.7,36.6
"Fernández, Julian",642759,2025,29,"4","5.0",20,18,3,1,0,0,2,5,2,25,10,".167",".500",".250","0.750",".316",".622",".317",".424",".384",".306","72.2",23.5,16,11.8,40,29.4,"7.1",0,9.6,1.7,58.8,29.5,"92.4","8.7",30.8,15.4,53.8,"82.779494286","96.720153077",26.3,50
"Mantiply, Joe",573009,2025,34,"10","9.2",58,54,26,17,4,0,5,8,3,13.8,5.2,".481",".833",".517","1.350",".285",".522",".567",".360",".334",".238","71.3",24.1,17.9,14.5,40.3,32.5,"7.6",0,12.3,-6.5,54.2,32.4,"89.4","6.3",39.1,10.9,34.8,"79.06594","93.998794091",20.9,47.4
"Owens, Tyler",687074,2025,24,"3","3.0",15,12,3,3,0,0,0,1,3,6.7,20,".250",".250",".400","0.650",".320",".440",".315",".399",".456",".120","69.7",17.6,13.3,11.8,40,35.3,"7",1,5.8,5,52.9,35.1,"90.6","5.3",45.5,0,45.5,"79.266176667","95.636643636",17.4,34.8
"Wentz, Joey",666214,2025,27,"39","98.0",442,393,110,80,15,4,11,92,43,20.8,9.7,".280",".422",".348","0.770",".257",".421",".334",".329",".332",".164","71.8",23.3,15.4,12.2,32.6,25.7,"7.4",20,10.8,-4.9,49,32.8,"90.5","15.9",36.3,9.5,42.8,"80.603843974","94.649886954",23.5,49.2
"Mlodzinski, Carmen",669387,2025,26,"34","99.0",419,385,102,72,20,2,8,89,27,21.2,6.4,".265",".390",".320","0.710",".261",".395",".312",".313",".316",".135","71.7",24.5,15.7,12.1,36.5,28.2,"7.3",11,8.6,-0.7,47.3,33.2,"90.2","8.6",34.8,6.1,40.1,"79.93386863","94.732405308",23,46.6
"Burke, Sean",680732,2025,25,"28","134.1",596,522,131,77,30,1,23,133,63,22.3,10.6,".251",".444",".337","0.781",".246",".457",".340",".342",".333",".211","71.6",23.5,14.2,10.8,32.7,24.7,"7.2",21,10.6,-1.6,54.4,31.6,"89.6","17.5",39.4,10.5,42.7,"78.283710052","94.73809907",25.1,46.9
"Dobbins, Hunter",690928,2025,25,"13","61.0",256,237,61,40,14,1,6,45,17,17.6,6.6,".257",".401",".313","0.714",".241",".415",".310",".308",".298",".174","71.2",19.2,18,14.4,40.3,32.3,"7.3",6,9.8,-0.8,50.7,31.4,"89.3","9.5",31.8,6.8,41.7,"77.906045053","94.643822789",21.9,46.5
"McLean, Nolan",690997,2025,23,"8","48.0",188,170,34,26,4,0,4,57,16,30.3,8.5,".200",".294",".277","0.571",".225",".357",".259",".292",".299",".132","71.9",23.3,18.1,13.1,35.2,25.5,"7.2",5,7.4,3.2,45.5,34.8,"89.5","2.8",31,8,43.4,"77.761978772","94.963544071",28.4,42.4
"Rangel, Alan",660604,2025,27,"5","11.0",46,40,10,6,3,0,1,8,6,17.4,13,".250",".400",".348","0.748",".261",".490",".331",".365",".359",".229","71.7",20.9,14.3,11.9,37.5,31.3,"7.4",1,11.1,-2.9,56.7,34,"89.9","21.9",43.8,16.1,40.6,"80.3280225","94.126775161",17.3,43.1
"Wilson, Will",669717,2025,26,"1","2.0",8,8,2,0,1,0,1,0,0,0,0,".250",".750",".250","1.000",".455",".964",".411",".591",".455",".510","73.4",33.3,44.4,44.4,55.6,55.6,"7.2",0,18,-16.4,66.7,23.5,"97.7","19.6",50,37.5,62.5,"91.2224175","98.10742875",0,42.3
"Cantillo, Joey",676282,2025,25,"34","95.1",401,357,78,50,18,0,10,108,42,26.9,10.5,".218",".353",".299","0.652",".229",".370",".289",".300",".309",".141","71.4",22.2,18.4,13.1,39.1,27.7,"7.5",9,13,-9,43.3,31.1,"89.5","12.5",34.3,7.2,41.8,"78.3463956","94.47711972",29.7,43.2
"Hoeing, Bryan",663773,2025,28,"7","8.0",36,32,9,6,2,1,0,5,3,13.9,8.3,".281",".406",".333","0.739",".192",".278",".318",".245",".259",".086","70.6",13,9.1,7.4,45.5,37,"7.3",0,9.6,2.6,61.1,31.9,"89.3","4.4",17.9,0,35.7,"80.827425","93.094337143",15.9,48.1
"Clase, Emmanuel",661403,2025,27,"48","47.1",201,180,46,35,8,1,2,47,12,23.4,6,".256",".344",".310","0.654",".229",".336",".285",".277",".291",".107","71.5",22.8,10.7,7.3,32,22,"7.2",9,5.6,3.5,43.4,33.2,"88.2","12.6",34.1,5.1,38.4,"77.233822174","93.803160511",32.1,54.3
"McGee, Easton",668834,2025,27,"9","14.2",62,56,15,10,4,0,1,13,5,21,8.1,".268",".393",".323","0.716",".266",".432",".305",".320",".321",".167","72",25.2,18,15,34.8,29,"7.2",2,9.8,-0.6,57.9,33.7,"91.5","6.7",36.4,9.1,47.7,"81.390828636","95.271675682",19.2,53.8
"VanWey, Logan",701121,2025,26,"9","10.2",49,45,15,12,1,0,2,7,3,14.3,6.1,".333",".489",".388","0.877",".285",".395",".382",".326",".343",".110","70.2",10.3,16.7,13.2,44.4,35.3,"7.1",0,7.3,3.1,55.9,31.6,"90.3","13.7",39.5,5.3,44.7,"81.475637895","94.135967568",16.9,45.6
"Black, Mason",696131,2025,25,"1","4.0",19,19,5,1,1,1,2,5,0,26.3,0,".263",".737",".263","1.000",".214",".589",".410",".330",".214",".375","74",43.6,12.9,10.3,29,23.1,"7",0,8.8,0.4,56.4,30.9,"88.6","18.9",35.7,14.3,50,"76.568212857","94.672660714",18.6,58.1
"Pope, Austin",687166,2025,26,"1","2.0",9,8,2,2,0,0,0,1,1,11.1,11.1,".250",".250",".333","0.583",".360",".428",".273",".382",".431",".068","69.8",6.7,23.1,20,53.8,46.7,"7",0,4.5,6.7,53.3,32.4,"92.9","0",28.6,0,42.9,"84.3415725","95.175508571",12.5,44.4
"Ellard, Fraser",686642,2025,27,"18","17.0",74,54,8,6,1,0,1,22,19,29.7,25.7,".148",".222",".378","0.600",".201",".346",".303",".357",".417",".145","71.8",27,14.6,10.4,24.4,17.4,"7.2",6,8.7,0.4,46.1,31.8,"90","12.5",31.3,6.3,43.8,"77.840253125","95.577287188",34.1,41.9
"Miller, Mason",695243,2025,26,"60","61.2",234,202,28,18,3,2,5,104,28,44.4,12,".139",".248",".246","0.494",".157",".279",".225",".249",".265",".122","70.2",14.7,7.2,4.3,23.5,13.9,"7.2",22,9.3,-0.8,42.7,30.2,"87.9","16.4",36.6,10,37.6,"77.092263878","93.484907835",45.2,49.9
"Jax, Griffin",643377,2025,30,"73","66.0",283,257,64,44,12,1,7,99,21,35,7.4,".249",".385",".307","0.692",".228",".359",".299",".282",".289",".131","71.6",25.1,15.2,9.9,30.1,19.7,"7.5",22,11.2,-4.4,55.7,33.1,"89.2","6.7",38.5,9.4,44.1,"77.109701392","94.907304747",37.3,50.6
"Pagán, Emilio",641941,2025,34,"70","68.2",270,244,41,20,11,0,10,81,22,30,8.1,".168",".336",".241","0.577",".181",".346",".254",".266",".254",".165","72",25.8,10.5,7.6,28.7,20.8,"7.4",12,11.7,-4.3,55.6,30.3,"88.9","23.7",30.3,9.1,37,"78.859637439","93.705661043",29.2,53.2
"Sulser, Cole",642121,2025,35,"18","22.2",90,83,20,17,2,0,1,22,7,24.4,7.8,".241",".301",".300","0.601",".225",".312",".266",".262",".285",".087","72.1",27.7,13.6,9.8,31.1,22.3,"7.2",3,10.1,-0.1,57.1,29.9,"90","14.1",31.1,1.6,47.5,"80.24387129","94.596431311",28.8,53.7
"Arrighetti, Spencer",681293,2025,25,"7","35.1",156,131,30,19,4,1,6,31,20,19.9,12.8,".229",".412",".340","0.752",".250",".426",".331",".356",".366",".177","72.8",33.2,19.5,14.7,35.6,26.7,"7.4",7,13,-5.8,56.5,32.4,"89.1","13.9",35.3,8.8,45.1,"76.925057843","94.953613663",27.4,43.7
"Hoglund, Gunnar",680684,2025,25,"6","32.1",139,127,38,22,6,0,10,23,11,16.5,7.9,".299",".583",".353","0.936",".302",".623",".395",".408",".355",".320","71.8",26.7,19.8,15.6,40.1,31.6,"7.3",4,10.2,-1.2,58.7,33.3,"92.4","14.4",36.2,16.2,45.7,"82.198187547","96.00007381",22,45.7
"López, Reynaldo",625643,2025,31,"1","5.0",25,23,9,7,1,0,1,1,2,4,8,".391",".565",".440","1.005",".421",".614",".434",".465",".467",".193","70.3",19.4,15.2,13.9,42.4,38.9,"7.1",0,7.1,1.9,58.3,31.4,"90.6","5.7",45.5,4.5,50,"79.534244545","95.367335455",7.3,43.6
"Pallante, Andre",669467,2025,26,"31","162.2",715,640,173,116,32,4,21,111,62,15.5,8.7,".270",".431",".337","0.768",".258",".402",".334",".321",".328",".144","71.7",21.1,15.7,12.4,36.5,28.8,"7.1",29,8,2.1,50.6,33.6,"89.2","1.4",28.7,6.6,39.9,"77.928687634","94.458794676",22.3,45.9
"Webb, Jacob",657097,2025,31,"55","66.0",267,243,49,31,8,0,10,58,19,21.7,7.1,".202",".358",".264","0.622",".217",".365",".270",".281",".279",".148","71.2",21.3,12.5,9,29.2,21,"7.4",5,12.7,-5.4,49.5,32,"86.6","23",30.9,5.9,34.6,"75.052885217","93.147000383",27.6,51.1
"Stratton, Chris",608717,2025,34,"15","21.0",104,92,32,21,5,2,4,22,10,21.2,9.6,".348",".576",".404","0.980",".257",".463",".414",".344",".331",".206","72.1",23.5,17.6,12.7,35.3,25.3,"7.4",4,9.5,-0.5,47,32.9,"87.3","9.4",36.1,9.7,36.1,"75.308702222","93.622361667",27.3,45.5
"Ruiz, José",614179,2025,30,"18","16.1",79,68,23,13,7,0,3,15,9,19,11.4,".338",".574",".405","0.979",".243",".387",".412",".323",".330",".144","71.5",25.2,17,12.6,35.1,26,"7.3",2,9.9,-1.2,52.8,31.8,"88","12",32.7,7.3,38.2,"74.556710741","94.870705556",26.8,50.7
"Minter, A.J.",621345,2025,31,"13","11.0",43,39,6,5,1,0,0,14,4,32.6,9.3,".154",".179",".233","0.412",".195",".367",".196",".279",".269",".173","72",22.2,18.6,12.7,30.2,20.6,"7.5",4,10.2,-4.3,54,32.4,"89.7","6.7",36,12,44,"78.792067692","94.7833268",34.2,39.5
"Sandlin, Nick",680704,2025,28,"19","16.1",69,59,11,7,2,0,2,16,8,23.2,11.6,".186",".322",".304","0.626",".229",".382",".286",".324",".341",".154","71.8",26.7,16.9,11.9,38,26.7,"7.6",7,15.6,-12.2,46.5,32.7,"88.2","22.4",32.6,4.7,41.9,"76.615110909","94.260592093",35.7,44.5
"Gaddis, Hunter",683769,2025,27,"73","66.2",274,248,58,39,9,2,8,73,21,26.6,7.7,".234",".383",".294","0.677",".227",".384",".293",".298",".292",".157","71.4",20,16.5,11.6,35.7,25.3,"7.4",13,12,-5.8,54.7,30.4,"90.1","17.4",34.1,9.5,39.1,"79.689629318","94.667482443",32.2,50.9
"Cosgrove, Tom",676680,2025,29,"2","4.0",16,15,3,3,0,0,0,3,1,18.8,6.3,".200",".200",".250","0.450",".166",".188",".209",".190",".218",".022","72.3",21.2,3.6,3,17.9,15.2,"7.8",0,13.4,-4,42.4,33.2,"81.7","2.6",16.7,0,8.3,"71.965208333","90.309905",19.4,56.3
"Sanders, Cam",676742,2025,28,"6","6.2",34,29,9,6,1,0,2,4,5,11.8,14.7,".310",".552",".412","0.964",".322",".618",".414",".441",".422",".296","70.9",12.5,14.6,10.7,41.5,30.4,"7.1",1,10,-3.2,60.7,29.7,"88.4","26.5",44,12,36,"77.805746923","94.063444",27.7,44.2
"Fitzgerald, Ryan",680837,2025,31,"2","2.0",8,8,2,2,0,0,0,0,0,0,0,".250",".250",".250","0.500",".429",".813",".221",".522",".429",".384","69.7",18.2,50,45.5,50,45.5,"6.7",0,13.3,5.4,63.6,29.3,"88.9","14.3",62.5,25,50,"77.9262075","95.25820125",8.3,50
"Neris, Héctor",593576,2025,36,"35","26.2",124,104,29,14,9,0,6,35,16,28.2,12.9,".279",".538",".377","0.915",".220",".440",".388",".331",".328",".220","72.9",32,13,9.6,24.7,18.3,"7.5",6,12.5,-7,55.7,32.1,"91.4","23.7",40.3,14.1,44.4,"81.649308824","95.089874265",28.6,46.5
"Whitley, Forrest",666215,2025,27,"10","12.0",66,56,19,8,7,1,3,12,8,18.2,12.1,".339",".661",".424","1.085",".307",".558",".451",".412",".404",".251","72.2",27.5,19.3,15.7,38.6,31.4,"7.2",2,10.1,-0.5,58.8,29.7,"93","20.4",51.1,13.3,55.6,"82.65883087","96.615656",19.5,46.1
"Perkins, Jack",678022,2025,25,"12","38.2",161,140,27,17,6,0,4,37,18,23,11.2,".193",".321",".292","0.613",".214",".351",".277",".297",".311",".137","71.3",20.9,12.8,9,26.2,18.3,"7.2",8,10.2,-2.2,51.7,33.2,"85.7","15.7",29.8,9.6,35.6,"72.800128846","93.284277981",32.2,48.2
"Suarez, Robert",663158,2025,34,"70","69.2",269,249,47,34,6,1,6,75,16,27.9,5.9,".189",".293",".243","0.536",".237",".402",".235",".298",".289",".166","71.5",22.9,11.8,8.8,28.6,21.4,"7",3,6.3,3.9,46.3,32,"90.5","15.5",37.5,9.1,42.6,"80.061594023","95.062653121",24,54.3
"Hurter, Brant",676428,2025,26,"43","63.0",277,236,57,45,8,0,4,68,27,24.5,9.7,".242",".326",".345","0.671",".227",".327",".303",".297",".333",".100","71.1",19.4,13.2,10.3,35.1,27.6,"7.3",16,9.7,-1.3,48.3,32.5,"87.7","9.7",32.2,3.5,36.8,"76.585990361","93.552781024",26,44.2
"Bernardino, Brennan",657514,2025,33,"55","51.2",225,190,39,30,8,0,1,43,27,19.1,12,".205",".263",".309","0.572",".210",".325",".256",".287",".318",".115","71.6",25.4,15.6,13,32.7,27.3,"7.3",7,10.2,-1.4,47,34.6,"87.6","9.5",28.5,7.3,35.8,"75.546172973","93.832306486",19.3,43.6
"Phillips, Connor",683175,2025,24,"21","25.0",98,83,11,5,3,0,3,32,12,32.7,12.2,".133",".277",".255","0.532",".186",".381",".245",".308",".304",".195","71.9",30.7,19.1,13.1,42.6,29.2,"7.4",10,10.9,-4.4,52.6,31.1,"92.6","19.9",34.6,15.4,40.4,"83.843796923","95.387112115",37.4,41.1
"Flaherty, Jack",656427,2025,29,"31","161.0",681,614,147,92,31,1,23,188,59,27.6,8.7,".239",".406",".311","0.717",".232",".406",".313",".310",".304",".173","71.8",24.1,15.6,11.7,30.3,22.8,"7.5",30,11.3,-5.4,49.6,33.3,"89.7","16.2",37.8,10.3,43.8,"78.732208967","94.724612024",27.3,45.6
"Hader, Josh",623352,2025,31,"48","52.2",206,184,29,11,10,0,8,76,16,36.9,7.8,".158",".342",".232","0.574",".149",".271",".249",".221",".224",".123","71",20.7,9.6,6,26.3,16.5,"7.5",18,12.2,-6.8,51.6,31.2,"88","29.2",34.2,8.1,34.2,"77.681164074","93.2392575",40.5,55.1
"Ramírez, Erasmo",541640,2025,35,"9","11.0",42,39,10,7,1,0,2,5,2,11.9,4.8,".256",".436",".286","0.722",".291",".476",".297",".328",".318",".185","72.7",27.4,14.8,12.3,24.6,20.5,"7.3",0,10.8,0.4,54.8,33.5,"85.1","17.8",42.9,8.6,31.4,"71.465807778","93.638956",15,50.6
"Smith-Shawver, AJ",700363,2025,22,"9","44.1",191,169,42,29,8,1,4,42,20,22,10.5,".249",".379",".332","0.711",".295",".503",".315",".378",".373",".208","71.2",18.9,20.1,15,43.1,32.1,"7.5",6,12.2,-5.5,49.5,33.3,"91.4","15.4",41.4,12.6,50.8,"80.383414444","95.756931587",27.1,46.3
"King, John",667463,2025,30,"51","48.1",222,206,65,50,7,0,8,28,14,12.6,6.3,".316",".466",".357","0.823",".290",".441",".357",".337",".335",".151","71.6",19.3,17.6,14.6,39.9,33,"7.2",9,7.8,3.4,46.1,35.7,"89.7","-0.4",28.9,5.1,43.3,"78.141769205","94.955228523",19.9,50.1
"Abreu, Bryan",650556,2025,28,"70","71.0",296,260,51,38,9,0,4,105,31,35.5,10.5,".196",".277",".291","0.568",".211",".338",".261",".288",".304",".127","72.1",27,15.5,9.7,33.3,21,"7.4",23,11.2,-3.4,49.7,31.1,"90.6","16.9",35.9,8.4,45.5,"80.43213961","94.823645752",41.2,46.2
"Littell, Zack",641793,2025,29,"32","186.2",759,712,174,104,33,1,36,130,32,17.1,4.2,".244",".445",".282","0.727",".255",".458",".311",".323",".294",".204","72.3",28.7,15.9,12.7,35.6,28.5,"7.4",15,11.6,-2.4,56.3,31.4,"90.2","14.6",32.7,9.9,40.9,"80.190668797","94.458762186",20.4,51.8
"Armstrong, Shawn",542888,2025,34,"71","74.0",284,254,40,25,8,2,5,74,20,26.1,7,".157",".264",".232","0.496",".202",".338",".224",".272",".274",".136","72",26,9,6.9,28.6,22,"7.1",8,7.2,4,46.3,31.7,"88","19.1",32.6,7.1,34.2,"77.669163587","93.240193661",24.4,47.6
"Sisk, Evan",681895,2025,28,"19","17.2",80,66,16,12,2,1,1,25,10,31.3,12.5,".242",".348",".354","0.702",".172",".266",".317",".264",".298",".093","70.7",18.8,14.7,10.4,33.8,24,"7.3",3,10.8,-2.2,46.9,33.6,"87.1","9.5",23.3,4.7,41.9,"76.015128095","93.070730476",31,38.3
"Burdi, Nick",595897,2025,32,"4","5.1",21,19,5,4,1,0,0,5,2,23.8,9.5,".263",".316",".333","0.649",".306",".385",".294",".338",".372",".079","71.3",27.3,22.2,18.2,29.6,24.2,"7.2",0,10.3,-1.8,51.5,34.2,"92.3","-2.7",35.7,0,42.9,"82.593141429","95.255589286",19.4,43.4
"Suarez, Ranger",624133,2025,29,"26","157.1",651,602,154,113,25,2,14,151,38,23.2,5.8,".256",".374",".305","0.679",".226",".351",".298",".278",".278",".125","71.9",25.2,13.4,10.5,32.8,25.7,"7.4",10,11.2,-3.2,47.6,33.3,"86.5","12.9",29.2,5.5,31.1,"74.916710313","93.042499196",22.2,47.9
"Fulmer, Michael",605242,2025,32,"3","5.2",23,21,6,2,3,0,1,3,2,13,8.7,".286",".571",".348","0.919",".323",".694",".389",".450",".382",".371","73.2",34.2,18.2,15.8,24.2,21.1,"7.7",0,13.5,-7.7,60.5,30.9,"89.3","28.8",50,22.2,33.3,"78.124184444","94.2027",16.3,47.8
"Hill, Jaden",677955,2025,25,"28","29.1",129,111,27,18,5,2,2,31,12,24,9.3,".243",".378",".326","0.704",".217",".332",".309",".285",".304",".115","71.1",21.5,11.7,9.1,30.2,23.4,"7.4",8,11.1,-4.3,47.8,31.8,"86.4","11.7",31.3,2.4,34.9,"73.685496098","93.604243659",26.1,50.1
"Muñoz, Rolddy",691548,2025,25,"3","3.2",21,14,4,3,0,0,1,5,5,23.8,23.8,".286",".500",".524","1.024",".202",".435",".457",".412",".468",".233","72.2",33.3,20,12.5,26.7,16.7,"7.5",1,13.2,-4.4,37.5,37,"86.1","8.4",33.3,11.1,33.3,"75.520276","93.063072222",42.9,35.9
"Lawrence, Justin",664875,2025,30,"17","17.2",69,59,9,5,4,0,0,23,8,33.3,11.6,".153",".220",".275","0.495",".173",".312",".224",".265",".293",".139","70.8",20,11.9,8.9,25.4,18.9,"7.5",5,11.3,-6.8,36.7,35.6,"86.2","13",30.6,13.9,25,"75.474978333","92.512891111",29.5,41.5
"Gibson, Kyle",502043,2025,37,"4","12.1",73,64,29,14,6,2,7,10,7,13.7,9.6,".453",".938",".493","1.431",".345",".656",".577",".441",".402",".311","72.5",26.4,25.8,20.9,48.3,39.1,"7.7",3,13.3,-6.9,57.3,36.1,"93.8","10.5",35.7,14.3,60.7,"85.582240714","96.359508036",20.6,45
"Wilcox, Cole",677961,2025,25,"1","1.0",12,9,4,3,1,0,0,1,3,8.3,25,".444",".556",".583","1.139",".358",".498",".498",".449",".519",".140","71.8",14.3,7.7,7.1,38.5,35.7,"7.2",0,3.9,4.1,50,30.2,"90.4","9.5",50,0,62.5,"81.220925","94.9794025",5.9,43.6
"Kikuchi, Yusei",579328,2025,34,"33","178.1",772,689,180,120,35,1,24,174,74,22.5,9.6,".261",".419",".333","0.752",".250",".428",".327",".327",".325",".178","72.5",30.2,15.1,11.7,32.1,25,"7.3",16,8.5,-0.3,47.7,32.1,"91","14.5",34.2,9.4,42.2,"80.679269806","95.007564466",23.6,48.3
"Garcia, Brandyn",805299,2025,25,"14","14.1",66,57,18,15,3,0,0,14,8,21.2,12.1,".316",".368",".409","0.777",".256",".338",".352",".317",".358",".082","71.3",20.8,17.1,13.9,31.7,25.7,"7.1",3,4.9,3.9,42.6,35.2,"90.9","2",32.6,2.3,51.2,"78.770419048","96.062062619",22.1,44
"Brebbia, John",605154,2025,35,"22","23.1",115,97,28,16,7,0,5,26,12,22.6,10.4,".289",".515",".386","0.901",".229",".410",".388",".330",".337",".181","71.5",21.8,14.6,11.7,26.8,21.3,"7.2",2,9.1,-0.4,46.7,31.4,"90.1","21.5",31.9,9.7,45.8,"78.430848889","95.303762778",19.8,47.3
"Spence, Mitch",687765,2025,27,"32","84.2",375,342,96,60,20,0,16,66,26,17.6,6.9,".281",".480",".337","0.817",".284",".508",".350",".363",".342",".224","72.1",27.9,17,12.9,34,25.8,"7.5",22,12.2,-5.7,53.3,32.9,"90.2","12.5",37.8,11.9,42.8,"79.322783986","94.752186945",25.7,50.8
"Laweryson, Cody",689520,2025,27,"5","7.2",26,24,4,4,0,0,0,7,0,26.9,0,".167",".167",".160","0.327",".207",".255",".141",".219",".226",".048","70.9",8.1,18.5,13.5,33.3,24.3,"7.1",1,6.9,4,40.5,33.4,"86.7","17.4",31.6,0,31.6,"76.004865556","92.724093889",25.5,50.5
"Anderson, Grant",681982,2025,28,"66","69.2",299,264,59,42,8,1,8,74,29,24.7,9.7,".223",".352",".303","0.655",".243",".360",".287",".300",".321",".117","71.3",21.5,14.5,10.5,34.5,24.9,"7.2",14,9.1,-1.9,44.6,32.2,"88.8","12.2",32,5.2,38.1,"77.310534149","94.255863351",30.9,48.1
"Lange, Alex",656638,2025,29,"1","1.0",6,5,2,2,0,0,0,1,1,16.7,16.7,".400",".400",".500","0.900",".243",".286",".409",".306",".369",".042","73.8",50,28.6,16.7,42.9,25,"7.5",0,11.1,-5.9,41.7,30.5,"96.4","24.8",0,0,50,"83.190035","98.7826125",41.7,60
"Treinen, Blake",595014,2025,37,"32","26.2",129,107,30,21,5,0,4,36,19,27.9,14.7,".280",".439",".395","0.834",".213",".352",".358",".301",".340",".139","71.5",25.4,9,7.3,24.5,19.7,"7.3",15,10,-3.8,53.4,33.1,"86.6","17.9",37.5,6.9,37.5,"74.369825833","93.385739861",25.6,46.6
"Sánchez, Ali",645305,2025,28,"1","1.0",6,5,3,1,2,0,0,1,0,16.7,0,".600","1.000",".500","1.500",".304",".734",".564",".369",".261",".430","73.5",27.3,40,36.4,50,45.5,"7",0,15.1,-2.4,36.4,31.1,"95.8","20.2",80,20,60,"91.41402","95.891788",9.1,61.1
"Irvin, Jake",663623,2025,28,"33","180.0",787,717,195,116,38,3,38,124,62,15.8,7.9,".272",".492",".334","0.826",".273",".505",".355",".360",".335",".233","72",25.2,19.3,16,36.7,30.6,"7.3",15,11.3,-2.3,53.4,31.9,"90.4","12.8",34.8,12,47.1,"79.313724864","95.158643027",18.2,46.8
"Francis, Bowden",670102,2025,29,"14","64.0",288,251,71,46,5,1,19,54,27,18.8,9.4,".283",".538",".361","0.899",".281",".501",".382",".373",".362",".220","72.1",26.2,18,14,35.5,27.7,"7.4",4,12,-4.6,54.3,31.2,"91.6","20.7",34.3,12.4,52.2,"81.0541193","95.7876814",23.3,46.7
"Núñez, Dedniel",673380,2025,29,"10","9.2",41,35,6,2,3,0,1,11,6,26.8,14.6,".171",".343",".293","0.636",".221",".480",".286",".351",".335",".258","72.8",37.5,18.9,12.5,26.4,17.5,"7.4",1,10.5,-3.7,51.2,32,"91.5","26.8",41.7,12.5,45.8,"81.427926667","95.70258125",31.5,50.3
"Sauer, Matt",669422,2025,26,"10","29.2",129,117,35,22,6,1,6,24,8,18.6,6.2,".299",".521",".349","0.870",".281",".462",".370",".340",".332",".182","71.4",23.9,13.8,11.3,31.5,25.7,"7.1",5,9.8,-1.6,49.5,31.5,"90.3","12.7",40,8.4,36.8,"81.170807447","93.889224787",19.2,50.8
"Martinez, Seth",661527,2025,30,"6","6.2",27,22,4,1,1,0,2,4,3,14.8,11.1,".182",".500",".259","0.759",".211",".527",".307",".381",".314",".316","71.9",27.1,13.2,10.4,31.6,25,"7.3",1,13.6,-5,41.7,34.9,"92.4","25.5",50,30,45,"83.031088","95.4442905",23.2,46.7
"Muñoz, Roddery",682610,2025,25,"9","11.0",51,40,9,3,2,0,4,14,9,27.5,17.6,".225",".575",".360","0.935",".279",".557",".390",".418",".415",".278","71.4",17.6,15.5,10.8,25.4,17.6,"7.6",0,15.3,-8.1,50,32.8,"92.7","17.7",46.4,14.3,50,"83.955514286","95.367035926",30.7,49.8
"Freeland, Kyle",607536,2025,32,"31","162.2",709,657,193,132,34,5,22,124,38,17.5,5.4,".294",".461",".335","0.796",".282",".473",".341",".342",".325",".191","72.9",32.4,18.2,14.8,37,30.1,"7.5",33,10.8,-3.9,56.1,33.5,"91.1","12.7",36.8,9.4,47.3,"81.013744552","95.077603477",21,51.3
"Porter, Logan",682515,2025,29,"1","1.0",5,5,2,1,0,0,1,0,0,0,0,".400","1.000",".400","1.400",".473",".824",".584",".548",".473",".351","75.4",50,100,66.7,100,66.7,"7.4",0,21.9,-18,50,30.6,"96.5","10",40,20,60,"94.469573333","96.495122",28.6,46.7
"Swanson, Erik",657024,2025,31,"6","5.1",30,22,8,3,3,0,2,3,5,10,16.7,".364",".773",".467","1.240",".293",".470",".489",".382",".417",".177","72.2",25,14,11.5,27.9,23.1,"7.4",1,11.2,-5.8,50,33.4,"86.1","27.9",47.6,9.5,33.3,"74.097132727","93.369191429",18.6,46.1
"Banks, Tanner",621383,2025,33,"69","67.1",267,250,56,39,6,2,9,61,12,22.8,4.5,".224",".372",".261","0.633",".252",".420",".273",".303",".288",".168","71.2",19.7,12,9.5,27.8,22,"7",5,6,5.5,46.7,32.1,"87.8","14.9",40.4,7.8,36.8,"76.441604574","93.663802872",21.9,50.1
"Morton, Charlie",450203,2025,41,"33","142.0",654,557,152,95,31,3,23,149,72,22.8,11,".273",".463",".367","0.830",".246",".409",".360",".333",".346",".163","72.2",26,15.7,11.7,34.2,25.5,"7.4",31,11.4,-3.6,52.3,33.7,"91.2","10.5",33.3,8.6,43.6,"81.394967087","94.941118471",27.9,46.8
"Moreta, Dauri",664294,2025,29,"18","16.2",68,60,16,12,2,0,2,19,7,27.9,10.3,".267",".400",".338","0.738",".255",".435",".318",".329",".331",".180","71.8",21.7,11.8,8.5,31.6,22.6,"7.4",0,13,-7.7,49.1,29.6,"89.6","22.3",40.5,9.5,31,"80.6390585","93.3826435",32.4,48.8
"Rashi, Taylor",688497,2025,29,"10","16.1",72,64,16,12,4,0,0,22,8,30.6,11.1,".250",".313",".333","0.646",".236",".349",".293",".301",".321",".113","71.1",17.6,16.5,12,30.4,22.2,"7.2",3,9.5,-1.2,49.1,31,"89.3","12.1",35.7,4.8,42.9,"78.322701429","94.513578095",29.3,38.6
"De los Santos, Yerry",660787,2025,27,"25","35.2",160,139,37,30,6,0,1,28,17,17.5,10.6,".266",".331",".348","0.679",".268",".380",".307",".325",".350",".112","72.4",32.7,16.2,12.5,34.6,26.6,"7.3",2,8.8,-1.4,45.6,32.9,"89","5",27.2,5.3,41.2,"77.413747321","94.407822857",22.7,46.3
"Quintana, Jose",500779,2025,36,"24","131.2",556,497,120,86,16,0,18,89,50,16,9,".241",".382",".315","0.697",".269",".463",".308",".349",".341",".193","72",25.2,18,15,37.9,31.6,"7.4",13,9.9,-0.1,55.4,32.9,"88.7","13.1",35,9.7,41.7,"77.284315171","94.323604352",18.4,43.2
"Gilbert, Tyler",656457,2025,31,"46","51.0",215,186,40,24,11,0,5,49,24,22.8,11.2,".215",".355",".310","0.665",".220",".404",".291",".312",".317",".184","71.7",23.2,14.4,11,35.4,27.1,"7.2",10,9.4,0.1,53.3,31.6,"90","20.4",35,10.1,40.7,"80.02792087","94.180523139",26.2,46.8
"deGrom, Jacob",594798,2025,37,"30","172.2",669,624,122,76,19,1,26,185,37,27.7,5.5,".196",".354",".242","0.596",".221",".391",".259",".286",".268",".170","71.9",24,12.9,9.2,31.8,22.8,"7.4",39,9.7,-1.4,52.8,32.2,"90.1","16",33.1,9.3,41.9,"79.671198045","94.499823864",30.2,51.7
"Okert, Steven",595345,2025,33,"68","71.2",276,248,45,31,8,0,6,84,19,30.4,6.9,".181",".286",".242","0.528",".184",".326",".233",".253",".248",".141","71.5",21.8,11.8,8.1,31.4,21.6,"7.4",5,12.3,-6.3,50.1,31.4,"88.4","25.3",29.2,7.1,32.7,"78.437956506","93.270206747",32.8,51.3
"Yarbrough, Ryan",642232,2025,33,"19","64.0",264,242,58,37,7,1,13,55,19,20.8,7.2,".240",".438",".299","0.737",".256",".422",".318",".320",".314",".166","71.6",22,14.7,10.7,33.9,24.8,"7.4",4,11.4,-3.4,44.5,33.5,"86.1","15.5",39.9,6.9,34,"73.70416266","93.280751497",26.6,45.5
"Hernández, Carlos",672578,2025,28,"41","43.1",203,175,50,38,8,0,4,39,22,19.2,10.8,".286",".400",".368","0.768",".274",".468",".338",".359",".361",".194","70.8",19.5,14.7,10.9,35.1,26,"7.2",6,9.7,-2.2,47.9,30.6,"89.7","17.7",31.4,11.4,38.6,"78.513255588","94.592783162",26.6,50.1
"Hernández, Daysbel",678226,2025,28,"39","37.0",163,131,27,19,5,0,3,33,29,20.2,17.8,".206",".313",".358","0.671",".204",".343",".310",".318",".356",".139","71.8",23.9,13.1,9.5,30.4,22,"7.4",5,9,-0.4,44.3,32.7,"89.4","10.2",30.3,9.1,37.4,"79.245454898","94.012642887",29.2,43
"McGough, Scott",543518,2025,35,"13","16.0",75,67,18,8,6,0,4,16,7,21.3,9.3,".269",".537",".347","0.884",".258",".553",".377",".377",".337",".295","71.7",18.3,14.6,10,36.6,25,"7.6",2,14.5,-8.4,49.2,33.4,"91.4","19.1",35.3,17.6,47.1,"81.794840385","95.145867255",30.8,48.1
"Johnson, Seth",686751,2025,26,"10","12.2",54,50,11,5,3,0,3,17,4,31.5,7.4,".220",".460",".278","0.738",".177",".292",".316",".234",".238",".115","71.4",24.3,15.6,11.7,29.9,22.3,"7.1",2,7.8,0.8,44.7,29.2,"93.1","10.6",27.3,9.1,57.6,"84.292827647","96.210402424",27.8,53.7
"Kopech, Michael",656629,2025,29,"14","11.0",53,40,6,6,0,0,0,12,13,22.6,24.5,".150",".150",".358","0.508",".221",".267",".270",".330",".412",".046","71",18.4,5.6,3.9,25.9,18.4,"7",0,5.9,3.6,50,31.9,"88.7","16.7",39.3,0,39.3,"79.963961429","92.792026429",28.7,40.7
"Adam, Jason",592094,2025,33,"65","65.1",270,238,50,41,5,0,4,70,25,25.9,9.3,".210",".282",".291","0.573",".196",".309",".256",".260",".279",".114","71.9",21.8,12.9,8.9,34.4,23.8,"7.7",11,15.1,-10.8,54,31,"88.8","15",22.8,7,38,"78.701433176","93.56960574",33.3,48.9
"Rutledge, Jackson",671131,2025,26,"63","73.1",331,293,87,56,14,1,16,65,25,19.6,7.6,".297",".515",".361","0.876",".255",".448",".374",".335",".325",".193","71.7",23.4,15.2,11.7,35.9,27.7,"7.3",15,11.3,-2.7,52.5,30.5,"91","16.7",30.8,9.9,49.1,"80.477914655","95.404287792",25.3,47.3
"Singer, Brady",663903,2025,28,"32","169.2",716,631,150,89,36,6,19,163,60,22.8,8.4,".238",".404",".314","0.718",".243",".409",".313",".320",".320",".166","72.1",26.5,15.8,12.3,34.8,27.1,"7.3",21,10,-1.4,47.1,33.2,"90.3","14.2",36.3,9.4,40.7,"79.955468025","94.544913495",24,44.4
"Richards, Trevor",670950,2025,32,"5","5.2",29,25,11,9,2,0,0,5,2,17.2,6.9,".440",".520",".464","0.984",".260",".316",".422",".291",".315",".056","71.1",18.9,7.1,5.7,35.7,28.3,"7.3",0,13.1,-1.1,50.9,30.4,"85.1","14.7",54.5,0,22.7,"75.15298","91.958120476",20.7,50
"Jackson, Luke",592426,2025,33,"52","51.0",219,182,41,33,4,0,4,38,28,17.4,12.8,".225",".313",".333","0.646",".239",".398",".286",".321",".346",".160","71.9",23.9,15.5,12.2,37.2,29.4,"7.5",8,11,-3.6,59,32.8,"90.8","7.7",28,6.7,44,"80.147962466","95.393444932",22.7,46.7
"Eflin, Zach",621107,2025,31,"14","71.1",309,289,88,51,19,0,18,50,13,16.2,4.2,".304",".557",".336","0.893",".265",".468",".378",".327",".299",".203","72.3",27,17.8,14.6,36.5,30.1,"7.5",12,11.3,-3.7,46.2,34.1,"89.6","11.4",34,9.4,40.6,"78.828693833","94.433231088",20.5,50.1
"Yates, Kirby",489446,2025,38,"50","41.1",179,159,38,12,17,0,9,52,18,29.1,10.1,".239",".516",".318","0.834",".227",".422",".354",".317",".308",".196","72.3",27.5,14.7,9.5,28,18.1,"7.2",5,8.7,-0.9,43.6,33.5,"88.5","18.6",36.1,13,42.6,"76.198084259","94.658953178",35.3,51.3
"Canning, Griffin",656288,2025,29,"16","76.1",327,292,70,51,10,1,8,70,34,21.4,10.4,".240",".363",".319","0.682",".252",".435",".303",".334",".331",".182","72.4",28.7,14.4,10.8,32.6,24.4,"7.5",13,10.4,-2.7,54.2,32.7,"91.2","7.8",31.8,9.5,45.7,"81.002928257","95.23954656",25.5,45.8
"Holmes, Clay",605280,2025,32,"33","165.2",708,622,150,110,25,1,14,129,66,18.2,9.3,".241",".352",".324","0.676",".245",".394",".302",".322",".330",".150","72.1",27.5,15.6,12.3,35.9,28.3,"7.4",22,11.9,-2.3,54.2,33.6,"89.7","4.4",30.5,6.8,42.3,"78.369750081","94.822225709",22.1,44.8
"Tidwell, Blade",694918,2025,24,"4","15.0",78,66,23,17,2,0,4,10,10,12.8,12.8,".348",".561",".436","0.997",".270",".457",".427",".361",".369",".188","71.8",25,14,11.2,33.3,26.7,"7.3",2,8.5,1.7,50.9,31.3,"86.8","18.6",36.8,7,24.6,"76.723001071","92.429173393",19.7,42.7
"McCullers Jr., Lance",621121,2025,31,"16","55.1",274,227,61,38,12,1,10,61,39,22.3,14.2,".269",".463",".392","0.855",".242",".428",".376",".353",".369",".186","72.2",27.9,17.1,13.2,32.6,25.2,"7.5",11,12.2,-4.1,54.4,34.1,"90.5","12.1",33.7,11.4,50,"79.437344337","95.287341084",25.1,40
"Bassitt, Chris",605135,2025,36,"32","170.1",736,667,174,118,31,3,22,166,52,22.6,7.1,".261",".415",".325","0.740",".252",".400",".324",".316",".318",".149","71.5",22.6,15.1,11.9,32.2,25.3,"7.1",28,8.6,0.3,44.5,32.1,"87.7","10.5",34.5,8.5,36.6,"75.618546494","93.913717565",23.3,46.8
"Bruihl, Justin",677865,2025,28,"15","13.2",65,57,19,15,2,0,2,18,7,27.7,10.8,".333",".474",".415","0.889",".245",".365",".376",".298",".338",".120","72.6",32.1,15.9,12.8,31.7,25.6,"7.4",4,13.2,-5.1,64.1,32.9,"87.2","7.3",33.3,7.7,30.8,"76.787412","92.989539487",22.5,40.6
"Tarnok, Freddy",676206,2025,26,"5","7.1",28,23,1,0,0,0,1,10,4,35.7,14.3,".043",".174",".214","0.388",".143",".207",".197",".248",".296",".064","71.4",29.3,12.1,9.8,27.3,22,"7.1",0,8.2,5.9,48.8,32.7,"89.8","-0.1",15.4,0,46.2,"80.72409","94.100472308",23.9,35.4
"Lazar, Max",676661,2025,26,"36","41.1",170,157,41,25,9,0,7,26,12,15.3,7.1,".261",".452",".312","0.764",".309",".505",".329",".371",".357",".196","72.4",27.7,19,15.5,40.7,33.2,"7.2",4,9.8,-0.7,59.8,31.3,"92.6","13.7",39.4,9.8,52.3,"82.993182615","96.089544154",20.3,45.8
"Curvelo, Luis",681168,2025,24,"17","19.0",84,72,17,8,6,0,3,20,10,23.8,11.9,".236",".444",".321","0.765",".220",".367",".324",".299",".314",".148","71.8",19.2,8.7,6.9,29.1,23.1,"7.4",1,10.3,-2.4,47.7,32.1,"85.7","21.2",27.8,9.3,35.2,"72.707882593","93.477256296",22.4,45.2
"Pop, Zach",647315,2025,28,"5","6.2",39,36,15,7,4,0,4,3,2,7.7,5.1,".417",".861",".462","1.323",".374",".677",".550",".465",".422",".303","73.3",33.3,36.4,31.4,56.8,49,"7.4",1,9,-3.4,54.9,33.3,"93.9","3.2",36.4,15.2,66.7,"82.408964118","98.543016061",15.5,45.7
"Mikolas, Miles",571945,2025,36,"31","156.1",669,622,169,94,42,4,29,100,37,14.9,5.5,".272",".492",".313","0.805",".271",".513",".342",".351",".314",".241","71.9",24.3,17,14.4,34.4,29.1,"7.2",9,10,0.3,54.7,31.8,"89.3","13.8",34,12.7,41.8,"77.808310802","94.601714237",16.5,48
"May, Dustin",669160,2025,27,"25","132.1",584,510,132,84,21,6,21,123,56,21.1,9.6,".259",".447",".344","0.791",".261",".451",".342",".349",".348",".191","72.3",28.9,16,13,33.1,26.9,"7.2",11,8.8,-0.2,52.6,33,"90.6","12.5",34.9,9.2,44.5,"79.491363897","95.163508072",20,45.3
"Kremer, Dean",665152,2025,29,"31","171.2",708,656,163,106,32,3,22,142,45,20.1,6.4,".248",".407",".297","0.704",".238",".413",".305",".304",".289",".175","71.7",25.6,14,11,31.9,25,"7.4",18,11.5,-3.7,47.7,31.8,"88.1","15.2",32.8,8.7,35.8,"76.650646047","93.877241465",22.9,49.4
"Morán, Jovani",663558,2025,28,"2","4.0",20,17,5,4,0,1,0,5,3,25,15,".294",".412",".400","0.812",".223",".343",".359",".309",".340",".120","73.4",40,10,6.7,30,20,"7.7",1,15.9,-9.4,46.7,33.1,"85.3","17.3",16.7,0,33.3,"72.51749","93.0270825",36.1,45
"Elder, Bryce",693821,2025,26,"28","156.1",679,616,167,109,32,2,24,131,51,19.3,7.5,".271",".446",".331","0.777",".266",".448",".336",".335",".327",".182","72.6",32.1,18.9,15,35.9,28.5,"7.5",25,11.8,-3.7,54.5,34.7,"90","8.5",34,7.8,43.8,"78.82004177","94.988058103",22.5,46.3
"Webb, Logan",657277,2025,28,"34","207.0",856,795,210,144,49,3,14,224,46,26.2,5.4,".264",".386",".308","0.694",".246",".385",".303",".295",".292",".138","71.9",26.5,16.3,12.5,35.6,27.3,"7.2",31,8.3,1.8,48.6,33.7,"89.7","5.7",32.8,8.3,40.2,"78.364554789","94.732224965",24.7,46.2
"Rogers, Taylor",573124,2025,34,"57","50.2",221,190,47,26,13,1,7,53,23,24,10.4,".247",".437",".332","0.769",".231",".406",".329",".315",".320",".175","71.4",21.6,17.5,14.5,34.7,28.7,"7.3",8,10.6,-5.1,43.8,32.3,"90.1","13.1",34.5,9.9,44.4,"78.819542143","94.992561511",23.2,44.3
"Hernandez, Nick",663321,2025,30,"10","10.2",52,44,12,4,5,0,3,11,8,21.2,15.4,".273",".591",".385","0.976",".204",".480",".412",".347",".326",".277","72.1",22.5,12.5,8.8,35.7,25,"7.4",2,12.9,-7.3,56.2,30.1,"91","22.8",48.5,15.2,45.5,"82.822541176","94.280847273",31,45.2
"Alvarado, José",621237,2025,30,"28","26.0",114,103,27,21,2,0,4,32,7,28.1,6.1,".262",".398",".313","0.711",".222",".404",".310",".297",".280",".182","71",22.2,17.5,13.2,34.3,25.9,"7.2",2,8.6,-0.3,59.8,32.6,"92.7","8.8",37.8,12.2,47.3,"82.364834167","96.277786667",24.3,47.7
"Alcantara, Sandy",645261,2025,29,"31","174.2",745,669,165,104,39,0,22,142,57,19.1,7.7,".247",".404",".310","0.714",".262",".436",".311",".332",".326",".175","72.3",28.1,13.8,11,32.2,25.7,"7.4",17,10.2,-1.8,50.9,33.6,"90.7","9.4",33,8.6,45,"80.162512584","95.038047336",20.9,49.5
"France, J.P.",641585,2025,30,"2","4.0",16,14,2,1,1,0,0,5,2,31.3,12.5,".143",".214",".250","0.464",".228",".395",".220",".316",".325",".167","71.9",23.1,15.8,11.5,31.6,23.1,"7.4",2,10.6,-5.8,57.7,34,"91.7","25.3",44.4,22.2,55.6,"83.547326","95.838113333",30,39.5
"Lucchesi, Joey",664192,2025,32,"38","38.1",165,149,35,22,8,1,4,31,12,18.8,7.3,".235",".383",".301","0.684",".231",".371",".298",".293",".297",".140","70.7",18.4,14.2,12.1,34.2,29.1,"6.8",9,3.7,7.5,39.5,32.5,"88","6",25.8,6.7,31.7,"77.249338305","93.461507094",19.6,45.1
"Mejia, Juan",675848,2025,24,"55","61.1",261,226,52,31,13,2,6,68,25,26.1,9.6,".230",".385",".319","0.704",".199",".297",".309",".270",".295",".098","70.8",17,10,7.4,28.1,20.9,"7.1",19,6.7,2.8,45.6,32.4,"85.8","15.5",34,5.1,34.6,"72.991299231","93.351381346",30.4,48
"Matthews, Zebby",805673,2025,25,"16","79.1",354,323,94,67,15,0,12,88,24,24.9,6.8,".291",".449",".335","0.784",".265",".447",".338",".333",".317",".183","71.8",24.8,13.3,9.9,33.6,25.1,"7.3",14,10.4,-0.9,53.6,32.9,"89.2","16.5",44.2,9.9,38.8,"78.10472475","94.382515292",27.5,51.1
"Márquez, Germán",608566,2025,30,"26","126.1",591,530,168,99,40,6,23,83,48,14,8.1,".317",".545",".378","0.923",".287",".504",".393",".366",".351",".218","72.6",32.5,18.7,15.7,38.9,32.7,"7.4",20,10.3,-2.7,53.7,34,"91.7","15.6",35.8,11.1,48.5,"81.597628348","95.499986518",18.6,48
"Klein, Will",694361,2025,25,"14","15.1",70,57,14,10,4,0,0,21,10,30,14.3,".246",".316",".371","0.687",".232",".348",".317",".324",".363",".116","70.5",15.1,14.3,11.3,26.2,20.8,"6.7",4,5.3,8.1,46.2,29.7,"89","5.3",40.5,5.4,43.2,"76.555666111","94.939937778",27.3,43.3
"Toussaint, Touki",657053,2025,29,"1","2.0",11,10,4,3,1,0,0,3,1,27.3,9.1,".400",".500",".455","0.955",".241",".346",".417",".291",".310",".105","73.1",35.7,10,7.1,40,28.6,"7.9",0,15.5,-8.8,42.9,38.7,"89.6","4.9",42.9,14.3,28.6,"81.80423","93.65363",35.3,45.9
"Sewald, Paul",623149,2025,35,"22","19.2",81,73,18,11,3,0,4,20,6,24.7,7.4,".247",".452",".296","0.748",".210",".445",".318",".301",".265",".235","71.9",22.2,16.5,12.7,32,24.6,"7.2",1,9.3,-2.3,56.3,31,"88.6","30.7",41.8,14.5,36.4,"78.01175","94.006232727",27.5,48.3
"Morgan, Eli",669212,2025,29,"7","7.1",35,32,12,4,5,0,3,4,3,11.4,8.6,".375",".813",".429","1.242",".255",".538",".508",".354",".319",".283","69.5",15.1,9.1,7.5,36.4,30.2,"7.1",2,9.9,-4.1,50.9,30.4,"89.6","10.6",32.1,14.3,35.7,"78.665670714","94.52517",21.7,52.3
"Henderson, Logan",701656,2025,23,"5","25.1",99,91,17,13,1,0,3,33,8,33.3,8.1,".187",".297",".253","0.550",".234",".387",".246",".299",".296",".154","71.4",24.5,9,6.6,23.6,17.3,"7.1",3,9.4,-0.8,48,31.7,"89.5","28.2",41.4,8.6,32.8,"79.875693448","93.81992614",27.6,54.9
"Morales, Luis",806960,2025,22,"10","48.2",199,179,38,23,5,2,8,43,18,21.6,9,".212",".397",".286","0.683",".238",".442",".297",".325",".310",".204","71.7",22,13.5,10.6,31,24.2,"7.3",9,10.2,-3.1,52.5,30.6,"89","18.9",32.8,11,41.6,"77.2372225","94.558966912",23.5,44
"Kelly, Zack",677161,2025,30,"28","35.1",152,134,35,23,9,0,3,35,12,23,7.9,".261",".396",".333","0.729",".233",".347",".318",".289",".308",".115","70.8",18.2,10.9,8.7,31.3,24.8,"7.1",5,7.3,1.4,49.6,33.1,"86.2","13.5",37.3,4.9,31.4,"74.3228046","93.0280845",23.3,49.3
"Pressly, Ryan",519151,2025,36,"44","41.1",182,160,46,32,8,0,6,28,17,15.4,9.3,".287",".450",".363","0.813",".282",".439",".356",".350",".358",".157","71.8",26.2,20,16.8,39.1,33,"7.2",3,8.7,0.2,51.3,33.2,"91.2","8.5",30.6,6.7,50,"80.607058788","95.377848561",17.4,46
"Roa, Christian",685005,2025,26,"2","3.0",12,9,1,0,1,0,0,3,3,25,25,".111",".222",".333","0.555",".315",".635",".277",".473",".486",".320","71",21.4,16.7,14.3,33.3,28.6,"7.3",0,7.9,3.5,57.1,33.2,"91.5","10.2",66.7,16.7,50,"82.10442","95.116385",13.3,36.6
"Miller, Bobby",676272,2025,26,"2","5.0",28,25,11,7,2,0,2,7,2,25,7.1,".440",".760",".500","1.260",".310",".571",".525",".397",".384",".261","70.7",14,18.4,16.3,39.5,34.9,"7.1",2,10.4,-1.8,44.2,32.4,"91","9.3",55.6,16.7,44.4,"80.238843333","95.819368889",17.6,44
"Barnett, Mason",686930,2025,24,"5","22.1",104,91,26,17,6,0,3,18,11,17.3,10.6,".286",".451",".365","0.816",".232",".378",".355",".307",".318",".146","70.9",16.4,11.6,9.4,29.7,24,"7.1",8,8.7,0.3,52.6,30.9,"88.5","16.8",37.8,10.8,43.2,"76.501687297","94.457852027",21.2,45.9
"Newcomb, Sean",656794,2025,32,"48","92.1",391,350,94,73,16,0,5,91,31,23.3,7.9,".269",".357",".335","0.692",".250",".374",".306",".306",".319",".125","71.5",21.2,12.8,10.1,32.6,25.8,"7.2",7,7.9,2.2,48.3,33.5,"88.9","9.9",33.8,5.7,41.8,"77.812871395","94.200995837",21.4,46.2
"Dreyer, Jack",676263,2025,26,"67","76.1",307,276,56,36,14,2,4,74,24,24.1,7.8,".203",".312",".263","0.575",".200",".330",".247",".257",".264",".130","72.5",30.3,13.2,9.7,32.8,24.1,"7.2",10,9.2,-1.3,54.2,31.9,"90.3","17",30.6,5.3,39.7,"81.020730198","94.032878366",26.7,51.4
"Farris, Mitch",815083,2025,24,"5","24.1",107,92,24,13,5,2,4,24,11,22.4,10.3,".261",".489",".336","0.825",".281",".473",".349",".361",".359",".192","72.1",26.5,19.8,15.1,34.1,25.9,"7.2",6,10.1,-3,45.8,31.2,"90.5","20.6",49.3,11.4,43.7,"79.328594","95.221623333",28.6,49.1
"Ferguson, Tyler",621053,2025,31,"56","58.0",246,201,43,31,5,3,4,54,34,22,13.8,".214",".328",".332","0.660",".209",".340",".296",".301",".330",".132","71.3",21,9.7,7.3,30.7,23.3,"7.3",14,9.8,-2.1,51.6,33.3,"87.5","19.3",33.1,6.5,31.8,"76.9264736","93.116137733",26,46.7
"Slaten, Justin",686580,2025,27,"36","34.0",137,126,27,21,3,0,3,25,10,18.2,7.3,".214",".310",".270","0.580",".231",".401",".251",".292",".285",".171","71.3",18.8,12.5,9.2,36.9,27.2,"7.2",2,9,-0.9,54,32.7,"89.1","12.3",32.4,7.8,34.3,"79.001213529","93.722976765",27.9,53.9
"Soto, Gregory",642397,2025,30,"70","60.1",279,241,62,49,9,0,4,70,24,25.1,8.6,".257",".344",".349","0.693",".238",".343",".312",".305",".333",".106","71.3",16.6,13.9,10.2,31.6,23.1,"7.4",14,10.4,-4,43.7,32.4,"88.9","10.5",33.9,4,37.9,"77.394929176","94.241314176",29.9,47
"Zuber, Tyler",676604,2025,30,"10","12.0",59,52,17,8,6,0,3,14,6,23.7,10.2,".327",".615",".390","1.005",".298",".563",".416",".387",".365",".266","71.2",25,13.2,10.4,27.6,21.9,"7.3",2,8.7,-0.4,50,32.5,"88.3","15.4",53.8,15.4,41,"76.8154845","94.313058205",19.8,45.3
"Darvish, Yu",506433,2025,38,"15","72.0",296,269,66,36,15,1,14,68,19,23,6.4,".245",".465",".310","0.775",".218",".395",".334",".297",".285",".177","72",26.6,11.3,8.8,29.4,22.9,"7.4",8,9.8,-3.6,50.1,33.4,"87.3","15.3",32.5,8.9,33,"76.396139307","93.193532836",23,47
"Guerrero, Luis",692285,2025,24,"13","17.1",72,57,9,6,3,0,0,10,14,13.9,19.4,".158",".211",".319","0.530",".275",".404",".260",".379",".419",".129","71.5",21.1,14.6,10.5,32.9,23.7,"7.4",5,11.7,-3.6,51.8,31.7,"88.4","12.3",39.6,6.3,33.3,"77.53012875","93.622957708",29.5,44.6
"Brown, Hunter",686613,2025,26,"31","185.1",729,661,133,93,20,3,17,206,57,28.3,7.8,".201",".318",".271","0.589",".217",".339",".262",".277",".286",".122","71.8",25.6,11.4,8.4,28.8,21.1,"7.1",26,7.8,3.2,48.6,31.4,"86.1","10.1",31.4,5.9,32.2,"73.816626184","93.243178596",27.8,44.8
"Vásquez, Randy",681190,2025,26,"28","133.2",570,506,125,89,19,1,16,78,52,13.7,9.1,".247",".383",".323","0.706",".267",".481",".311",".354",".342",".214","72.4",28.8,15,12.6,33.1,27.9,"7.3",7,10.3,-1.6,55.5,32.7,"89.1","17.2",34.2,10.9,39.3,"78.051658102","94.305900278",15.7,46.4
"McDaniels, Garrett",680729,2025,25,"10","10.2",50,41,13,9,2,0,2,6,8,12,16,".317",".512",".440","0.952",".272",".425",".415",".371",".403",".153","71.6",27.5,24.5,18.8,41.5,31.9,"7.4",1,10,-2.1,44.9,32.8,"89","1.5",22.9,11.4,42.9,"76.641867222","94.898244571",24,39.3
"Corbin, Patrick",571578,2025,35,"31","155.1",663,602,161,107,31,2,21,131,51,19.8,7.7,".267",".430",".326","0.756",".268",".439",".328",".336",".329",".171","72.4",29.9,17.3,12.9,35.9,26.7,"7.5",19,13.1,-6.5,52.3,33.4,"89.2","14.4",34.7,8.4,40.4,"78.287246481","94.301912618",26.9,46.3
"Santillan, Tony",663574,2025,28,"80","73.2",301,265,53,33,11,2,7,75,29,24.9,9.6,".200",".336",".290","0.626",".244",".404",".280",".322",".329",".160","71.4",20,16.1,11.9,31.4,23.3,"7.1",9,8.2,2.6,50.3,31.4,"91.8","17.4",35.1,8.4,45.5,"81.403418298","95.576007872",27,49.7
"Peralta, Luis",678821,2025,24,"22","19.0",101,80,26,17,3,0,6,16,18,15.8,17.8,".325",".588",".455","1.043",".309",".565",".444",".438",".448",".256","71.2",14.5,16.3,13.2,37.4,30.3,"7.1",2,7.6,2.3,46.1,32.9,"93.8","16.1",43.1,9.4,50.8,"84.544119375","96.375325156",20.8,42
"Suero, Wander",593833,2025,33,"5","6.1",32,28,10,6,1,0,3,7,4,21.9,12.5,".357",".714",".438","1.152",".186",".430",".482",".312",".288",".244","71.8",23.4,10.9,7.8,28.3,20.3,"7.3",0,11.7,-3.8,60.9,29.1,"86.5","24",28.6,14.3,28.6,"75.512585455","93.315410476",27.1,49.3
"Messick, Parker",800048,2025,24,"7","39.2",165,159,46,35,7,0,4,38,6,23,3.6,".289",".409",".315","0.724",".237",".368",".315",".274",".264",".131","72",28,11.9,9.1,34.2,26,"7.3",3,8.2,1.3,47.2,32.2,"88.1","9.8",33.1,5.8,29.8,"77.579424262","93.461058264",26,46.1
"Hill, Rich",448179,2025,45,"2","9.0",43,35,9,6,1,0,2,4,8,9.3,18.6,".257",".457",".395","0.852",".281",".479",".376",".391",".415",".198","71.2",25.9,20,17.2,42,36.2,"7.3",4,12.3,-9,51.7,30.8,"88.5","10.5",22.6,6.5,38.7,"77.0552925","94.195602903",19.4,39.2
"Loáisiga, Jonathan",642528,2025,30,"30","29.2",135,121,34,19,8,0,7,25,10,18.5,7.4,".281",".521",".351","0.872",".237",".372",".367",".294",".312",".135","72.7",28.4,12.1,9,26.7,19.8,"7.4",5,11.5,-4.5,52.7,32.7,"86.6","7.1",35.4,6.3,35.4,"73.595242766","93.795091915",26.5,53.3
"Strider, Spencer",675911,2025,26,"23","125.1",539,475,124,74,29,1,20,131,51,24.3,9.5,".261",".453",".340","0.793",".253",".455",".344",".340",".333",".202","71.6",23,17.7,12.8,37.1,26.8,"7.4",29,11,-4.5,42.1,32.2,"91.3","14.8",39.5,10.6,42.7,"81.059995116","95.310076308",30.6,47.6
"Hendriks, Liam",521230,2025,36,"14","13.2",59,51,12,10,0,0,2,12,7,20.3,11.9,".235",".353",".339","0.692",".252",".521",".313",".375",".353",".269","71.7",21.6,15.2,11.4,45.5,34.1,"7.4",4,11.4,-2,54.5,30.5,"92.2","18.3",41,10.3,51.3,"83.2387995","95.80525641",29.6,46.6
"Junk, Janson",676083,2025,29,"21","110.0",447,421,112,74,29,1,8,77,13,17.2,2.9,".266",".397",".289","0.686",".277",".453",".295",".326",".305",".176","72.4",27.5,17.8,14.6,35,28.7,"7.3",5,9,0.8,55.1,32.1,"91.6","14.7",35.1,8.5,47.3,"81.205599371","95.649523095",18.2,52.5
"Peguero, Joel",666711,2025,28,"17","22.1",86,76,15,10,3,0,2,17,8,19.8,9.3,".197",".316",".271","0.587",".204",".370",".256",".289",".288",".166","71",15.6,11.8,9.4,33.3,26.6,"7.1",6,5.8,4.9,50,32.5,"89.7","7.7",24.6,6.6,42.6,"79.366911","94.168329333",22.1,47.3
"Brogdon, Connor",641401,2025,30,"43","47.0",199,178,45,24,9,1,11,49,18,24.6,9,".253",".500",".318","0.818",".223",".434",".341",".305",".292",".211","71.1",19.2,12.5,8.9,31,21.9,"7.4",3,12.1,-4.1,50.3,32.5,"89.1","20.9",34.1,12.9,40.2,"78.264849242","94.213360763",29.3,49.2
"Alcala, Jorge",660896,2025,29,"56","55.0",257,221,66,36,17,0,13,61,30,23.7,11.7,".299",".552",".379","0.931",".236",".428",".393",".327",".326",".192","71.2",23.6,11.7,8.7,29.4,21.8,"7.2",4,10.2,-1,59.7,31.4,"88.8","20.2",33.9,10.9,37.6,"77.521894444","94.258767654",25.7,47.4
"Burns, Chase",695505,2025,22,"13","43.1",188,171,41,23,12,1,5,67,16,35.6,8.5,".240",".409",".305","0.714",".218",".377",".311",".291",".285",".160","71.6",26,10.6,7.3,26.9,18.6,"7.4",9,9.4,0.3,49.4,32.3,"90.2","15.3",36.2,9.5,45.7,"79.716816154","94.89525835",31.9,52.4
"Stratton, Hunter",676702,2025,28,"15","19.0",89,77,23,18,2,0,3,16,7,18,7.9,".299",".442",".371","0.813",".313",".490",".354",".377",".383",".178","71.2",16.7,11.9,9.9,29.1,24.1,"7.2",3,8.8,0.8,48.8,32.3,"89.2","21.5",41.3,6.3,41.3,"78.167963548","94.331078548",20.6,52.5
"Hill, Tim",657612,2025,35,"70","67.0",269,251,58,41,9,0,8,37,16,13.8,5.9,".231",".363",".276","0.639",".241",".383",".274",".288",".286",".143","71.9",26.7,18.4,15.5,36.5,30.7,"6.9",6,3.2,8.8,38.3,32.5,"90","-2.2",21.4,7.9,45.1,"78.716354906","95.046864739",16.4,54.2
"de Geus, Brett",676969,2025,27,"1","2.0",10,7,1,1,0,0,0,0,3,0,30,".143",".143",".400","0.543",".172",".300",".296",".348",".421",".128","70.4",23.5,6.3,5.9,25,23.5,"6.5",0,0,11.6,23.5,32.8,"87.9","-3.1",0,0,28.6,"79.8477725","92.602037143",5.6,38.3
"Tolle, Payton",801139,2025,22,"7","16.1",74,65,18,11,2,0,5,19,8,25.7,10.8,".277",".538",".351","0.889",".253",".426",".377",".333",".336",".173","72.7",31.8,10.3,7.3,25.2,17.9,"7.2",3,6.4,3.2,45,32.3,"88.5","15.2",36.2,6.4,38.3,"77.615639167","93.978078298",30.1,53.6
"Bello, Brayan",678394,2025,26,"29","166.2",700,620,147,107,23,1,16,124,59,17.7,8.4,".237",".355",".314","0.669",".258",".409",".297",".327",".333",".151","72.1",27.8,14.9,12.1,32,26,"7.4",18,10.5,-2.7,52.4,33.7,"88.8","9",30.8,7.1,39.3,"77.392833825","94.176171155",20.1,45.8
"Cano, Yennier",666974,2025,31,"65","58.0",251,218,62,47,7,1,7,53,24,21.1,9.6,".284",".422",".360","0.782",".234",".351",".342",".299",".317",".117","72.3",27.6,12.3,9.5,32.1,24.8,"7.4",5,10,-1.1,57.3,34.2,"88.1","6.1",27.1,4.7,35.3,"77.245823494","93.617649337",23.5,45.2
"Houck, Tanner",656557,2025,29,"9","43.2",203,179,57,39,8,0,10,32,17,15.8,8.4,".318",".531",".389","0.920",".293",".492",".395",".376",".371",".199","71.7",26.3,19.2,15.4,38.9,31.2,"7.3",8,10,-1.8,53.3,32.8,"91","6.8",35.6,8.1,46.3,"79.817193867","95.438010268",21.6,44.5
"Ureña, José",570632,2025,33,"19","55.0",245,217,57,33,15,1,8,34,23,13.9,9.4,".263",".452",".340","0.792",".292",".542",".342",".389",".369",".251","72.7",31.7,14.4,11.5,31.8,25.4,"7.5",3,12.9,-5.8,53.3,33.8,"89.6","15.5",36.8,13,40,"78.45246044","94.656698297",19.8,48.2
"Cease, Dylan",656302,2025,29,"32","168.0",722,636,152,93,37,1,21,215,71,29.8,9.8,".239",".399",".318","0.717",".214",".359",".313",".290",".297",".145","71.5",23.3,11.2,7.6,27.9,18.9,"7.4",37,11.3,-3.9,55.7,31.6,"88.9","16.6",36.6,8.6,37.5,"78.184355258","93.931109718",33.4,49.2
"Gasser, Robert",688107,2025,26,"2","5.2",29,23,5,3,1,0,1,5,4,17.2,13.8,".217",".391",".379","0.770",".200",".389",".350",".342",".366",".188","72.4",31.3,25.9,21.9,48.1,40.6,"7.3",0,12.7,-4.6,62.5,30.8,"92.4","25.3",22.2,11.1,44.4,"81.66516","96.566847059",25,39.2
"Barco, Hunter",682995,2025,24,"2","3.0",12,12,3,2,1,0,0,3,0,25,0,".250",".333",".250","0.583",".298",".472",".251",".326",".298",".174","72.7",34.8,21.4,13,50,30.4,"7.4",0,9.5,1.7,43.5,32.5,"93.8","17.7",22.2,11.1,55.6,"86.720548","95.961806667",36,54.3
"La Sorsa, Joe",686747,2025,27,"5","6.2",33,31,13,7,2,0,4,2,2,6.1,6.1,".419",".871",".455","1.326",".280",".514",".552",".357",".324",".234","72.6",17.1,19.4,17.1,58.1,51.4,"7.2",0,10.6,-0.8,54.3,29.5,"89.5","22.3",51.7,13.8,20.7,"81.26477","93.326728148",11.4,44
"Alexander, Jason",669920,2025,32,"18","77.1",336,305,80,49,14,2,15,65,26,19.3,7.7,".262",".469",".324","0.793",".270",".444",".341",".339",".334",".173","72.6",30.9,19.9,15.1,39.2,29.8,"7.5",1,13.1,-7,46,34,"89.8","10.8",35.1,8.3,45.9,"77.843607833","95.370083264",24.6,43.8
"Imanaga, Shota",684007,2025,31,"25","144.2",567,537,117,65,20,1,31,117,26,20.6,4.6,".218",".432",".254","0.686",".233",".469",".293",".313",".269",".236","72.6",28.9,15.7,12.1,33.5,25.7,"7.5",16,12,-7.2,56.5,30.6,"90.7","21.7",34.3,11.6,43.5,"80.551815288","94.869016506",24.6,53.8
"Waddell, Brandon",663399,2025,31,"11","31.1",134,121,29,14,10,1,4,22,11,16.4,8.2,".240",".438",".306","0.744",".281",".486",".320",".360",".346",".205","71.7",26.5,15.3,12.3,38.4,31.1,"7.4",6,12.1,-2.2,55.3,31.8,"89.7","14.8",34,10,40,"79.6929348","94.332121717",20.6,46.5
"Rodríguez, Randy",678495,2025,25,"50","50.2",198,182,34,24,6,0,4,67,11,33.8,5.6,".187",".286",".247","0.533",".188",".308",".239",".251",".251",".120","70.9",17.8,11.3,8,26.6,18.9,"7.3",9,11,-4.2,49.6,32.8,"87","17.7",27.6,7.8,36.2,"74.880712931","93.639142783",31.1,49.8
"Sugano, Tomoyuki",608372,2025,35,"30","157.0",675,626,173,116,21,3,33,106,36,15.7,5.3,".276",".478",".321","0.799",".289",".524",".342",".366",".334",".235","72.4",28.3,16.2,13.3,35.9,29.5,"7.4",10,10.8,-2.9,56.6,32.6,"90","14.5",38.5,11.8,39.8,"79.557564154","94.37679225",18.5,47
"Barlow, Scott",605130,2025,32,"75","68.1",303,250,50,33,8,1,8,75,45,24.8,14.9,".200",".336",".333","0.669",".227",".365",".301",".323",".357",".138","71.6",24.1,10.7,7.7,27.7,20.1,"7.7",12,14.2,-9.5,44.4,33.9,"86.2","17",32.2,7.4,30.5,"74.790501818","92.875805543",30.8,41.3
"Nance, Tommy",667297,2025,34,"30","31.2",126,117,25,23,2,0,0,32,7,25.4,5.6,".214",".231",".262","0.493",".265",".388",".225",".306",".311",".122","71.5",22,18.8,15.3,34.7,28.2,"7.4",14,10,-1.3,60.5,30.2,"89.1","3.3",32.6,8.2,45.3,"76.64744619","95.076024286",24.7,46.6
"Bachman, Sam",696147,2025,25,"23","20.1",94,82,22,17,4,0,1,18,10,19.1,10.6,".268",".354",".355","0.709",".265",".352",".319",".318",".352",".087","71.7",26.4,21.7,16,41.3,30.4,"7.4",2,9.2,-2.4,52,33.5,"88","5.5",23.1,1.5,43.1,"75.279045313","94.518638594",26.8,45.7
"Sproat, Brandon",687075,2025,24,"4","20.2",84,74,18,12,4,2,0,17,7,20.2,8.3,".243",".351",".321","0.672",".263",".364",".298",".315",".340",".101","71.3",21.3,12.4,10.7,27.6,23.8,"7.1",3,9,0.4,39.3,31.9,"87.9","6.5",34.5,3.4,37.9,"75.812124828","94.106941724",15.1,47.9
"Abel, Mick",690953,2025,23,"10","39.0",174,157,43,31,2,2,8,39,16,22.4,9.2,".274",".465",".345","0.810",".269",".455",".351",".346",".341",".186","71.6",24.1,14.1,10.6,33.3,25.1,"7.1",6,9.7,-0.1,49.8,31,"91.3","15.9",38.1,8.5,49.2,"81.778570339","94.893442881",25.4,49.7
"Martinez, Nick",607259,2025,34,"40","165.2",683,621,158,91,44,1,22,116,42,17,6.1,".254",".435",".304","0.739",".257",".410",".317",".312",".308",".153","71.9",24.2,12.2,10.1,33.8,27.7,"7.4",18,11,-2.8,51.5,32.2,"88.3","16.2",37,7,34.5,"78.23181311","93.267375748",19.9,47.1
"García, Luis",472610,2025,38,"58","55.1",233,203,55,36,15,2,2,48,26,20.6,11.2,".271",".394",".351","0.745",".262",".419",".320",".326",".345",".156","71.3",21.2,15.1,12.1,31.5,25.3,"7.2",7,9.7,-1.2,49.5,33.4,"90.8","4.9",35.8,7.5,48.4,"79.68230641","95.325510256",24.1,48.7
"Dollander, Chase",801403,2025,23,"21","98.0",441,381,103,70,14,1,18,82,49,18.6,11.1,".270",".454",".359","0.813",".249",".448",".354",".347",".344",".199","71.3",20.3,12.5,9.8,31,24.3,"7.1",14,6.5,2.4,39.9,33,"88.7","12.5",36.5,11.5,40.5,"77.237025033","94.268447185",22.9,47
"Fuentes, Didier",800311,2025,20,"4","13.0",69,60,23,15,2,0,6,12,6,17.4,8.7,".383",".717",".449","1.166",".299",".574",".486",".411",".383",".276","72.2",29.4,14,10.9,39.8,31.1,"7.2",4,9.5,0.1,52.1,31.1,"93.5","21",44.9,14.3,57.1,"85.3176512","96.111621429",23.9,45.7
"Cabrera, Edward",665795,2025,27,"26","137.2",581,519,121,80,24,0,17,150,48,25.8,8.3,".233",".378",".309","0.687",".238",".394",".303",".312",".315",".156","72",26,16.3,11.9,34.1,24.8,"7.6",28,13.1,-6.8,58.4,32.9,"90.3","9.4",31.1,8.6,46.4,"79.023723514","95.170167541",29.4,45.1
"O'Brien, Riley",676617,2025,30,"42","48.0",199,168,33,25,5,1,2,45,22,22.6,11.1,".196",".274",".313","0.587",".234",".306",".270",".298",".346",".073","70.5",15.9,10.3,8.1,29.9,23.7,"7.2",9,9,0.3,49.1,32.7,"85.8","4.8",27.2,3.2,34.4,"73.0882395","93.31006925",24.6,45.1
"Seymour, Ian",693855,2025,26,"19","57.0",242,217,48,35,8,0,5,64,19,26.4,7.9,".221",".327",".290","0.617",".237",".384",".274",".308",".308",".146","72.7",29.8,14,10.2,27.1,19.8,"7.4",4,10.9,-2.8,50.8,31.4,"88.7","15.1",39.7,7.1,37.8,"77.591748553","93.983770066",27,49.5
"Waldron, Matt",663362,2025,28,"1","4.2",25,19,6,5,0,0,1,3,6,12,24,".316",".474",".480","0.954",".346",".599",".424",".472",".503",".253","72.8",30.6,12.9,11.1,35.5,30.6,"7.4",1,11.5,-6.3,47.2,33.4,"90","-2.5",37.5,12.5,50,"79.862785","94.876026875",14.6,39.4
"Bolton, Cody",675989,2025,27,"1","2.0",10,10,4,3,1,0,0,1,0,10,0,".400",".500",".400","0.900",".360",".532",".390",".382",".360",".172","72.1",23.1,9.1,7.7,36.4,30.8,"7.3",0,11.4,3.9,53.8,32.9,"91.3","12.7",33.3,11.1,44.4,"81.015068","95.840591111",10,50
"Schultz, Paxton",687606,2025,27,"13","24.2",110,98,27,14,9,0,4,28,8,25.5,7.3,".276",".490",".327","0.817",".219",".385",".346",".302",".291",".166","71.5",26.9,15.4,11.7,37.7,28.7,"7.1",3,7.1,3.8,55,31,"91.1","18.4",34.2,11,35.6,"82.052447838","94.378962329",27.4,44.9
"Burrows, Mike",681347,2025,25,"23","96.0",402,362,88,62,11,2,13,97,31,24.1,7.7,".243",".392",".308","0.700",".247",".425",".305",".322",".314",".178","72",25.2,16.4,12,33.9,24.8,"7.5",9,13.2,-7.1,52.2,30.9,"89.2","13.8",33.1,10.8,42,"77.441745","94.693836269",27,48.7
"Cruz, Fernando",518585,2025,35,"49","48.0",200,172,33,21,7,0,5,72,24,36,12,".192",".320",".300","0.620",".198",".332",".281",".288",".305",".135","71.3",21.4,17.7,10.7,37.3,22.5,"7.8",20,16.8,-18,46.6,31.4,"87.5","16.5",41.6,8.9,38.6,"75.3648042","93.7985887",46.5,42.9
"Olson, Reese",681857,2025,25,"13","68.2",285,254,58,41,12,0,5,65,25,22.8,8.8,".228",".335",".310","0.645",".244",".391",".287",".313",".324",".147","71.1",21.1,15.1,11,37,27.1,"7.5",20,12.7,-6.9,48.9,34.1,"91.5","12",36.8,7.4,44.7,"81.731139149","95.248943138",29.7,44.4
"Jobe, Jackson",695549,2025,22,"10","49.0",218,185,46,29,9,1,7,39,27,17.9,12.4,".249",".422",".347","0.769",".243",".438",".337",".340",".342",".196","71.6",24,15.3,11.6,39,29.5,"7.4",6,11.9,-5.9,60.2,31.7,"89.1","13.1",36,8.7,43.3,"77.682526351","94.535962568",24.7,43.9
"Lovelady, Richard",663992,2025,29,"10","11.2",57,45,12,5,4,0,3,12,6,21.1,10.5,".267",".556",".386","0.942",".254",".476",".396",".366",".377",".222","71.8",22.6,20,14,38.5,26.9,"7.4",0,12,-4.1,47.3,33.9,"89.9","3.8",34.3,14.3,48.6,"78.059343889","95.560322571",28.7,48.9
"Snell, Blake",605483,2025,32,"11","61.1",254,222,51,38,10,0,3,72,26,28.3,10.2,".230",".315",".307","0.622",".224",".321",".278",".283",".305",".098","72.1",30.9,11.9,7.7,26.2,16.8,"7.5",16,11.9,-4.7,47.7,33,"86.2","5.6",35.3,5.8,34,"73.401030133","93.530650537",35.6,47.3
"Horn, Bailey",690544,2025,27,"10","11.1",50,43,11,9,1,0,1,10,7,20,14,".256",".349",".360","0.709",".306",".416",".321",".366",".405",".110","71.7",21.6,14.3,11.3,24.7,19.6,"7.2",1,7.8,0.9,43.3,31.1,"90.6","8.9",48.5,3,45.5,"79.458334375","95.013435625",22.9,48.7
"García, Yimi",554340,2025,34,"22","21.0",90,76,13,10,1,0,2,25,12,27.8,13.3,".171",".263",".292","0.555",".242",".417",".255",".336",".353",".175","72.5",23.6,14.6,10,35.4,24.3,"7.3",2,9.6,0.5,57.9,31.5,"91.1","13.8",38.5,9.6,40.4,"82.363757692","94.334438824",30.7,45.4
"Falter, Bailey",663559,2025,28,"26","125.1",518,464,115,68,27,1,19,81,46,15.6,8.9,".248",".433",".315","0.748",".263",".462",".324",".340",".329",".199","71.5",24,17.1,14.2,36.2,30.2,"7.1",11,9.1,-0.6,55.6,30.4,"90.5","18.3",32.3,9.5,45.1,"79.793242435","94.949158316",18.1,47
"Dunning, Dane",641540,2025,30,"12","20.2",95,84,24,15,5,0,4,21,7,22.1,7.4,".286",".488",".358","0.846",".270",".506",".361",".360",".344",".237","72.1",30.9,18.7,14.2,33.3,25.3,"7.3",1,10.9,-0.8,56.8,33,"88.3","13.9",42.2,10.9,46.9,"75.58626875","94.807270938",25.1,47
"Heuer, Codi",676051,2025,28,"3","4.2",21,19,4,1,0,0,3,5,2,23.8,9.5,".211",".684",".286","0.970",".206",".501",".399",".333",".282",".295","71.3",21.4,21.4,14.3,32.1,21.4,"7.7",1,15.4,-10.3,52.4,32.6,"92.8","9.6",21.4,21.4,50,"82.941547143","95.846917143",34.1,50.6
"Brasier, Ryan",518489,2025,37,"28","26.0",105,98,27,18,7,0,2,20,5,19,4.8,".276",".408",".305","0.713",".298",".450",".306",".339",".330",".152","72",26.2,13.4,10.7,32.9,26.2,"7.4",2,11.4,-3.3,53.5,31.7,"88.9","9.4",35,6.3,43.8,"77.50523375","94.69362519",20.8,51.2
"Fernandez, Ryan",681676,2025,27,"32","30.1",140,123,36,23,4,3,6,34,16,24.3,11.4,".293",".520",".379","0.899",".225",".404",".382",".313",".319",".179","72",24.8,13,9.3,30.4,21.7,"7.5",9,13,-5.4,51.8,31.1,"89.5","13.3",30.3,11.2,43.8,"78.815764667","94.366684607",32.1,50
"Thielbar, Caleb",573204,2025,38,"67","58.0",220,204,38,23,9,1,5,56,13,25.5,5.9,".186",".314",".232","0.546",".200",".321",".236",".247",".246",".122","71.5",22.3,14.8,10.9,33.2,24.5,"7.3",8,11.6,-4.8,59.9,30.3,"87.9","19.3",29.8,6.6,31.8,"77.406978933","93.279437133",26.9,49.7
"Darrell-Hicks, Michael",690382,2025,27,"7","9.2",43,36,10,8,1,0,1,8,4,18.6,9.3,".278",".389",".349","0.738",".300",".535",".322",".406",".384",".235","72.1",28.1,17.8,14,48.9,38.6,"7.3",5,10.2,-1.5,50.9,32.3,"91.4","14.5",50,16.7,56.7,"82.441860667","95.217127",26.1,43.7
"Johnson, Ryan",696270,2025,22,"14","14.2",72,66,24,19,1,0,4,16,5,22.2,6.9,".364",".561",".403","0.964",".245",".394",".408",".293",".295",".149","71",18.8,14.8,11.1,33,24.8,"7.5",1,10.5,-4.2,50.4,32.5,"86.7","13.2",33.3,7.8,35.3,"74.974366923","93.447405686",27.7,47.4
"Lodolo, Nick",666157,2025,27,"29","156.2",642,592,138,92,23,1,22,156,31,24.3,4.8,".233",".387",".285","0.672",".227",".388",".293",".291",".280",".161","71.6",22.3,13.8,10.4,32.3,24.2,"7.4",32,10.9,-3,47.1,32.4,"88.8","12.6",31,8.2,40.5,"77.560730837","94.23638627",27.5,50
"Espada, Jose",664744,2025,28,"1","3.0",9,9,1,1,0,0,0,4,0,44.4,0,".111",".111",".111","0.222",".024",".025",".098",".023",".024",".001","75.9",46.2,12.5,7.7,37.5,23.1,"8.1",1,16.8,-10.3,69.2,31.5,"89.4","35.3",0,0,20,"83.62923","92.052306",47.1,58.6
"Bride, Jonah",681146,2025,29,"4","6.0",37,31,14,11,2,0,1,2,3,5.4,8.1,".452",".613",".514","1.127",".323",".539",".480",".413",".417",".216","72.8",46.9,37.8,34.7,57.8,53.1,"7.1",0,9.8,-0.9,44.9,28.6,"95","21.5",56.7,3.3,60,"87.991254667","96.514199667",7.8,44.7
"Veneziano, Anthony",685107,2025,27,"26","25.0",117,101,28,17,5,2,4,25,11,21.4,9.4,".277",".485",".353","0.838",".277",".476",".359",".357",".354",".199","72.7",33,20,15.8,28.7,22.7,"7.3",5,9.3,-0.4,48.8,33.5,"91.3","9.5",32.9,11.4,46.8,"79.680534359","95.724240649",24.3,48.7
"Warren, Will",701542,2025,26,"33","162.1",711,631,158,100,32,4,22,171,65,24.1,9.1,".250",".418",".320","0.738",".252",".426",".321",".330",".325",".175","72",25,16.4,12.5,35.9,27.3,"7.2",14,9.1,1.5,55,32.1,"91","12.2",36,10.9,45.3,"80.374098233","95.303643801",24.6,42.8
"Corniell, Jose",692030,2025,22,"1","1.2",9,8,3,1,1,0,1,1,1,11.1,11.1,".375",".875",".444","1.319",".310",".691",".540",".448",".386",".382","70.5",19,21.4,14.3,42.9,28.6,"7",0,10.4,-5,61.9,33.5,"97.2","22.4",14.3,14.3,57.1,"90.5708175","97.856991429",29.2,58.5
"Bido, Osvaldo",674370,2025,29,"26","79.2",363,313,93,57,16,1,19,68,35,18.7,9.6,".297",".537",".370","0.907",".253",".487",".384",".354",".336",".235","72",23.9,14.6,11.3,34.6,26.8,"7.3",18,11,-3.1,55,31.2,"90.4","20.1",33.1,11.9,40.9,"80.021885079","94.687870913",25,49.5
"Akin, Keegan",669211,2025,30,"64","63.1",268,232,54,35,9,0,10,59,33,22,12.3,".233",".401",".328","0.729",".238",".439",".318",".333",".333",".201","71.1",19.4,14.4,10.9,28,21.2,"7.3",9,9.3,0.3,49.1,31.5,"89.4","16.7",36.6,9.7,41.7,"78.311395747","94.332622312",25.6,51.2
"Chavez, Jesse",445926,2025,41,"4","8.0",43,38,14,6,4,0,4,8,5,18.6,11.6,".368",".789",".442","1.231",".261",".555",".510",".383",".347",".294","72.6",29.4,12.3,10.3,29.8,25,"7.4",0,10.4,-3.5,45.6,33.2,"91","22",43.3,16.7,40,"81.382492667","94.434424",15.3,42.1
"Walker, Taijuan",592836,2025,32,"34","123.2",538,489,132,90,20,1,21,86,42,16,7.8,".270",".444",".331","0.775",".259",".439",".337",".330",".322",".181","72.4",27.2,16.5,13.7,36,29.9,"7.4",16,11,-1,57.7,31.9,"89.6","13.4",32.3,7.4,41.4,"79.174652736","94.265534938",18.5,45.1
"Manaea, Sean",640455,2025,33,"15","60.2",263,241,62,37,11,1,13,75,12,28.5,4.6,".257",".473",".310","0.783",".240",".422",".337",".310",".294",".182","71.5",21,12.5,9.3,27,20.1,"7.1",9,8.5,0.6,39.6,32.2,"89.8","17.3",39.6,8.9,42.6,"78.665863012","94.746596121",26.8,52.4
"Megill, Trevor",656730,2025,31,"50","47.0",192,172,36,22,11,0,3,60,17,31.3,8.9,".209",".326",".276","0.602",".221",".364",".259",".281",".289",".143","70.8",18.8,11.2,8.3,34.1,25.3,"7.2",19,7.5,0.8,50.2,32,"91","12.5",36.5,7.8,39.1,"81.389763393","94.67628625",31.4,49
"Iglesias, Raisel",628452,2025,35,"70","67.1",267,247,51,31,12,0,8,73,17,27.3,6.4,".206",".352",".262","0.614",".211",".376",".266",".277",".267",".164","71.8",24.5,11,7.7,32.4,22.7,"7.4",8,10.9,-2.7,48,33.8,"89","20.4",38.9,8.7,34.9,"79.082887209","93.587533547",30.9,51.8
"Monteverde, Patrick",687287,2025,27,"1","3.2",20,19,9,7,2,0,0,4,1,20,5,".474",".579",".500","1.079",".294",".413",".469",".324",".330",".118","74.6",48.8,8.3,7.3,16.7,14.6,"7.5",1,10.9,-2.4,53.7,34.6,"88.6","22.8",33.3,6.7,26.7,"80.59916","92.500766",15.6,51.7
"Bubic, Kris",663460,2025,27,"20","116.1",476,431,98,68,21,3,6,116,39,24.4,8.2,".227",".332",".294","0.626",".221",".333",".277",".278",".290",".112","72",26.9,13.6,9.8,30.6,22.1,"7.3",18,8.8,1.6,53.2,32.5,"87.6","11.6",32.1,6.6,39.3,"75.386163962","93.984739716",28.8,49.2
"Kimbrel, Craig",518886,2025,37,"14","12.0",49,42,10,8,0,0,2,17,7,34.7,14.3,".238",".381",".347","0.728",".220",".371",".326",".314",".331",".151","71.2",18.8,12,8.7,24,17.4,"7.1",2,5.9,2.8,40.6,31.2,"86.8","19.6",32,8,36,"74.174413077","94.0352872",29.8,40.9
"Díaz, Alexis",664747,2025,28,"18","17.2",85,68,15,5,3,1,6,17,12,20,14.1,".221",".559",".376","0.935",".235",".493",".399",".384",".390",".258","73.2",33.3,8.8,6.5,24.6,18.3,"7.4",2,11.9,-3.8,52.9,32.3,"88.3","17",47.1,18,35.3,"77.0352472","93.8845208",25,46.5
"Thompson, Ryan",657044,2025,33,"48","41.1",175,160,42,31,7,0,4,36,13,20.6,7.4,".263",".381",".326","0.707",".234",".381",".308",".295",".300",".147","71.7",25.4,19.4,15.2,36.8,28.9,"7.4",8,9.8,-4.2,46.9,34.8,"89.9","7.8",30.6,8.1,40.3,"78.281544839","94.890948145",25.3,48.6
"Estévez, Carlos",608032,2025,32,"67","66.0",269,241,48,31,11,1,5,54,22,20.1,8.2,".199",".315",".276","0.591",".228",".404",".255",".299",".302",".176","72.2",29.5,12.7,10.5,28.6,23.7,"7.2",7,7.9,1.1,52.1,31.5,"89.1","23.4",35.4,10.6,38.1,"78.515485957","93.934951649",19,49.4
"Cruz, Omar",678316,2025,26,"2","3.2",18,15,4,3,1,0,0,5,3,27.8,16.7,".267",".333",".389","0.722",".206",".308",".332",".298",".339",".102","71",24,25,16,50,32,"7",1,10.9,-0.1,44,29.6,"98.7","22",40,0,70,"91.54998","99.066032",37.5,39.5
"Henriquez, Ronny",678692,2025,25,"69","73.0",303,267,53,33,12,0,8,98,27,32.3,8.9,".199",".333",".278","0.611",".182",".349",".269",".269",".265",".168","71.8",25.2,15,9.9,31.8,21,"7.6",23,13.3,-8.9,50.6,33.2,"88.3","15.8",33.9,10.9,42.5,"76.803106744","94.152020702",36,49.4
"Poche, Colin",621363,2025,31,"14","9.1",52,36,12,6,4,1,1,11,14,21.2,26.9,".333",".583",".500","1.083",".211",".376",".454",".367",".423",".164","72.2",25,8.6,6.9,34.5,27.8,"7",1,8.5,2.3,58.3,30.2,"89.5","22.7",44.4,11.1,51.9,"80.35351","94.251652593",21.4,34.4
"Fluharty, Mason",689254,2025,23,"55","52.2",215,187,36,22,8,0,6,56,24,26,11.2,".193",".332",".290","0.622",".205",".350",".271",".284",".302",".145","71.4",21.3,11.1,8,29.1,21,"7.3",11,10.7,-2.8,53.6,30.4,"86.6","16.3",30.1,7.5,33.1,"74.875064242","93.20536855",31.9,46.3
"Little, Jack",669193,2025,27,"2","3.0",14,12,4,3,0,1,0,2,1,14.3,7.1,".333",".500",".429","0.929",".197",".249",".403",".264",".312",".052","71.4",27.3,6.7,4.5,46.7,31.8,"7.3",0,11.3,-7.4,50,28.4,"91.1","22.4",40,0,30,"84.584474","93.194224",32,56.8
"Payamps, Joel",606303,2025,31,"30","26.1",117,103,31,14,9,4,4,24,9,20.5,7.7,".301",".583",".359","0.942",".283",".556",".389",".391",".354",".273","70.8",17.5,20.3,15.6,37.4,28.7,"7.4",2,10.5,-1.9,58.8,33,"90","17.8",41.5,17.1,40.2,"78.256230976","95.012884756",25,42.8
"Hahn, Jesse",534910,2025,35,"3","5.0",25,18,6,5,0,0,1,3,5,12,20,".333",".500",".500","1.000",".323",".434",".407",".380",".492",".111","71.1",30.4,31.6,26.1,57.9,47.8,"7",1,3.7,4.1,39.1,32.2,"94.5","-4.9",37.5,6.3,56.3,"86.273265","97.882641333",25.8,39.2
"Dobnak, Randy",677976,2025,30,"1","5.1",19,17,2,1,0,0,1,1,2,5.3,10.5,".118",".294",".211","0.505",".284",".485",".226",".364",".360",".201","73.2",39.3,25,21.4,41.7,35.7,"7.4",1,4.4,4.1,50,34.8,"94.4","11.8",31.3,6.3,56.3,"84.3648625","97.02669375",16.1,39.2
"King, Michael",650633,2025,30,"15","73.1",308,277,62,38,12,0,12,76,26,24.7,8.4,".224",".397",".299","0.696",".232",".427",".305",".319",".307",".194","71.5",20.3,14.7,11.1,31.4,23.7,"7.5",10,12.7,-5.4,52.8,32.2,"87.8","15.8",35.1,11.4,38.1,"75.256827327","94.366145373",25.8,44.1
"De León, José",592254,2025,32,"1","6.2",28,25,8,7,0,0,1,8,3,28.6,10.7,".320",".440",".393","0.833",".229",".308",".367",".282",".311",".080","70.3",6.1,6.1,4.1,30.3,20.4,"7.7",0,15.7,-11.7,49,33,"82","26.4",35.3,0,23.5,"72.33116","90.535150588",30.2,52.5
"Young, Brandon",687064,2025,26,"12","57.2",256,230,67,38,17,0,12,47,22,18.4,8.6,".291",".522",".350","0.872",".242",".439",".372",".320",".306",".198","71.9",26.5,16.5,13,35.4,28,"7.3",7,10.9,-2.6,55,31.4,"89.4","13.3",32.1,10.2,42.2,"78.202437717","94.69738663",21.6,48.2
"Walker, Ryan",676254,2025,29,"68","61.1",266,236,60,41,14,1,4,60,18,22.6,6.8,".254",".373",".326","0.699",".251",".368",".306",".304",".323",".117","70.6",19.8,11.9,9.5,32.7,26.2,"7.1",12,7.3,1.7,37,33.2,"87","5.9",31.1,5,35.6,"74.906653218","93.548727356",21.6,43.2
"Mey, Luis",682825,2025,24,"23","21.0",96,77,17,12,2,0,3,21,17,21.9,17.7,".221",".364",".365","0.729",".237",".364",".330",".349",".383",".128","72.1",27.3,11,8.4,24.8,18.9,"7.5",3,10.9,-4.5,57.3,33.3,"89","10.3",33.3,8.8,36.8,"77.835640714","94.170478393",25.6,40
"Rooney, John",680701,2025,28,"1","1.1",6,5,1,0,0,0,1,2,1,33.3,16.7,".200",".800",".333","1.133",".208",".625",".455",".403",".340",".418","70.9",16.7,25,16.7,25,16.7,"8.4",1,21.1,-26,33.3,30.2,"77","15.3",33.3,33.3,33.3,"63.639585","93.272526667",50,34.8
"Altavilla, Dan",656186,2025,32,"28","29.0",120,100,19,10,5,0,4,21,15,17.5,12.5,".190",".360",".319","0.679",".236",".381",".307",".333",".358",".144","71.6",20,8.6,6.7,27.1,21.1,"7.3",2,10,-0.6,57.2,31.9,"86.3","9.6",28.7,8.8,31.3,"74.764982821","92.889371026",22.5,45.8
"Meyer, Max",676974,2025,26,"12","64.2",285,261,72,48,12,0,12,68,20,23.9,7,".276",".460",".330","0.790",".263",".453",".341",".337",".320",".191","72.7",31.7,19.4,14,40.3,29.2,"7.4",10,10.4,-2,54.7,33.5,"91.9","8.7",30.3,9.2,48.2,"81.961734227","95.684813731",27.4,47.4
"Williams, Devin",642207,2025,30,"67","62.0",259,228,45,28,11,1,5,90,25,34.7,9.7,".197",".320",".287","0.607",".192",".315",".271",".272",".285",".122","72",25.8,12.3,7.7,28.7,17.9,"7.4",4,11.6,-4.9,48.1,31.4,"89.5","11.3",32.1,9.3,35.7,"79.328970286","94.280628201",37.7,50
"Ogasawara, Shinnosuke",829272,2025,27,"23","38.2",173,149,43,26,8,0,9,30,17,17.3,9.8,".289",".523",".364","0.887",".263",".469",".377",".355",".347",".206","72",21.9,19.3,14.9,36.2,27.9,"7.5",1,12.3,-6.6,47.2,32.2,"90.8","13.5",34.1,10.6,41.5,"80.859079508","94.705759669",23.5,45.5
"Hudson, Bryan",663542,2025,28,"16","15.0",75,59,15,9,4,0,2,19,13,25.3,17.3,".254",".424",".405","0.829",".235",".356",".362",".332",".390",".120","71.3",21,14.1,10.5,34.6,25.7,"7.2",1,6.7,2.1,50.5,34.1,"90.8","13.2",34.1,7.3,36.6,"81.6998955","94.31116625",26.9,37.4
"Lee, Dylan",669276,2025,30,"74","68.1",266,249,53,33,7,0,13,76,14,28.6,5.3,".213",".398",".254","0.652",".202",".376",".279",".268",".246",".174","72.4",28.7,11.6,7.8,27.3,18.3,"7.8",11,14.9,-12.5,51.1,32.6,"87.6","16.9",32.4,10.3,33.5,"76.725843529","93.327081775",33.6,51.5
"Bowlan, Jonathan",680742,2025,28,"34","44.1",180,161,37,22,9,0,6,46,17,25.6,9.4,".230",".398",".302","0.700",".222",".399",".305",".303",".295",".178","70.7",15.9,13.6,9.3,31.7,21.7,"7.1",9,8.6,2.5,53.8,32.4,"87.3","10.3",32.5,9.4,36.8,"74.997569483","94.011314696",33.7,48.1
"Dodd, Dylan",689266,2025,27,"28","35.0",136,128,28,17,5,1,5,30,5,22.1,3.7,".219",".391",".250","0.641",".234",".401",".274",".289",".268",".167","72.6",30.3,15.1,10.7,33.3,23.6,"7.4",6,12.2,-3.2,53.1,33.2,"90","7.9",27,8,48,"78.0371262","95.3824356",30.9,54.3
"Gordon, Tanner",685299,2025,27,"15","75.1",337,316,96,59,18,3,16,62,17,18.4,5,".304",".532",".344","0.876",".294",".530",".374",".368",".335",".237","72.1",26.6,14.5,12,30,24.8,"7.3",6,8.9,-0.2,42.6,33.5,"90.1","17",42.4,11.5,41.2,"78.86339336","94.88351372",18,53.2
"Festa, Matt",670036,2025,32,"63","54.2",226,199,44,33,6,1,4,56,15,24.8,6.6,".221",".322",".288","0.610",".232",".341",".268",".290",".304",".109","71.3",19.7,12.6,9.4,32.6,24.2,"7",9,6.8,3.4,48.7,32.3,"87.4","13.2",36,6,34,"76.399022192","93.278516621",27.3,51.5
"Seymour, Carson",693313,2025,26,"16","36.0",156,141,37,23,5,0,9,26,13,16.7,8.3,".262",".489",".329","0.818",".274",".518",".352",".367",".340",".244","72",27.7,17.5,14,36.1,28.9,"7.1",4,7.8,2.4,51.7,32.1,"91.4","6.6",33.6,15.5,44.8,"80.393910702","95.602991228",21.8,43.6
"Santos, Gregory",666619,2025,25,"8","7.0",36,27,8,5,3,0,0,0,8,0,22.2,".296",".407",".457","0.864",".294",".466",".373",".390",".456",".172","72",14.3,20,18.4,35.6,32.7,"7.4",0,9.4,-3.7,59.2,33.1,"89.6","6.3",21.4,7.1,39.3,"78.382035","94.862442593",10.7,42.4
"Avila, Luinder",679883,2025,23,"13","14.0",56,49,7,4,3,0,0,16,6,28.6,10.7,".143",".204",".232","0.436",".164",".222",".204",".226",".255",".057","72.5",23.4,6.7,5.2,23.3,18.2,"7.4",5,12.4,-6,53.2,32.6,"86.9","11.3",35.3,2.9,29.4,"78.689327059","91.625586471",29.1,47.5
"Wolfram, Grant",664991,2025,28,"21","26.2",133,116,35,25,8,0,2,31,15,23.3,11.3,".302",".422",".383","0.805",".239",".331",".353",".295",".329",".091","71.1",24.5,11.5,9,33.8,26.5,"7.2",6,8.8,1.1,55,30.9,"87.6","13.2",36,3.5,37.2,"76.348632326","93.612480465",25.7,46.3
"Hamilton, Ian",641656,2025,30,"36","40.0",166,139,28,18,4,1,5,42,22,25.3,13.3,".201",".353",".313","0.666",".219",".389",".296",".315",".329",".169","71.2",25.1,11.1,8.2,30.3,22.5,"7.4",8,11.6,-3.7,49.4,33,"89.9","16.9",37,10.1,36,"80.179450816","94.043123299",27.8,49.5
"Glasnow, Tyler",607192,2025,31,"18","90.1",366,316,56,34,12,0,10,106,43,29,11.7,".177",".310",".279","0.589",".203",".324",".266",".285",".303",".121","71.5",24.7,10,7.5,31.3,23.4,"7.2",19,9.3,-1.4,50.5,31.6,"88.2","11.1",33.2,8,37.4,"77.428044393","93.680485164",28.2,42.4
"Sale, Chris",519242,2025,36,"21","125.2",510,463,102,72,15,4,11,165,32,32.4,6.3,".220",".341",".285","0.626",".205",".320",".278",".264",".272",".115","70.9",19.1,10.2,7.6,28.5,21.1,"7.4",33,9.6,-2.7,39.6,32.7,"87.2","12",36.4,6.3,35.4,"75.455732933","93.5351905",30.1,48.9
"Kelly, Kevin",687330,2025,27,"41","39.2",171,160,45,25,7,2,11,35,9,20.5,5.3,".281",".556",".316","0.872",".293",".573",".364",".381",".332",".280","72.4",26.2,24.4,20.5,40.9,34.5,"7.1",4,5.3,4.3,42.4,32.8,"91.1","9.5",40.2,15.7,52.8,"79.152472381","96.20311373",21.2,46.6
"Adams, Travis",701519,2025,25,"18","33.2",158,132,39,23,9,1,6,31,17,19.6,10.8,".295",".515",".376","0.891",".293",".505",".378",".393",".384",".212","71.7",22.5,12.1,9.4,30.8,23.9,"7.3",10,9.7,0.7,49.6,33.3,"88.9","16.3",40.6,12.3,40.6,"77.732760755","94.18605981",25.6,46.6
"Javier, Cristian",664299,2025,28,"8","37.0",157,139,32,21,7,1,3,34,15,21.7,9.6,".230",".360",".306","0.666",".210",".355",".294",".285",".290",".146","72.2",27.4,15,11.6,32.6,25.3,"7.3",4,12.8,-5.5,54.8,30.1,"88.9","23.9",28,6.5,38.3,"78.551114074","93.723277477",24,45.2
"Mena, Cristian",691441,2025,22,"3","6.2",26,23,3,2,0,0,1,8,3,30.8,11.5,".130",".261",".231","0.492",".211",".296",".226",".274",".302",".086","72",26.8,10.3,7.3,34.5,24.4,"7.5",1,14.7,-6.8,65.9,33.5,"86.8","4.7",33.3,6.7,46.7,"74.67341625","94.214864",30.4,46
"Bradley, Taj",671737,2025,24,"27","142.2",605,539,131,84,27,1,19,127,56,21,9.3,".243",".403",".316","0.719",".237",".405",".314",".314",".313",".168","72.3",27.1,14.6,11.4,31.1,24.3,"7.2",26,9.5,0.1,54.2,31.3,"89.2","12",31.8,7.4,39.9,"78.130635","94.199846238",23.6,48.3
"Holman, Grant",680880,2025,25,"22","23.0",103,93,26,20,3,0,3,17,9,16.5,8.7,".280",".409",".350","0.759",".264",".480",".335",".352",".335",".216","70.9",18.1,17.4,12.8,38.5,28.2,"7.4",7,10.9,-2.3,51,32.4,"88.7","9.5",34.2,11.8,44.7,"76.975070263","94.425928026",27.7,47.1
"Gage, Matt",657424,2025,32,"33","31.0",137,122,35,28,7,0,0,27,12,19.7,8.8,".287",".344",".360","0.704",".230",".291",".315",".272",".309",".061","71.5",22.4,11.7,9.5,30.9,24.9,"7.3",7,8.9,0.2,51.2,31.7,"88.3","11.1",27.1,3.1,33.3,"77.681015106","93.614838172",23.1,47.3
"Baker, Bryan",641329,2025,30,"73","68.2",274,255,59,35,9,2,13,83,17,30.3,6.2,".231",".435",".278","0.713",".233",".447",".306",".311",".280",".215","71.4",22.6,15.8,11.3,31.6,22.6,"7.3",9,10.2,-0.8,50.3,30.4,"90.6","16.7",35.1,12.6,48.3,"79.631394483","95.34969185",29.1,51.1
"Sanmartin, Reiver",665665,2025,29,"1","1.2",8,7,2,1,1,0,0,2,1,25,12.5,".286",".429",".375","0.804",".218",".378",".305",".251",".315",".160","72.3",25,10,8.3,10,8.3,"7.3",0,7.1,4.1,50,38.5,"88.4","16.4",20,20,40,"78.237543333","94.285808",15.4,52
"Feyereisen, J.P.",656420,2025,32,"4","4.0",23,22,11,6,3,0,2,4,1,17.4,4.3,".500",".909",".522","1.431",".351",".615",".597",".411",".379",".264","72.5",36.7,12.5,10.2,22.5,18.4,"7.5",2,10.9,-5.8,59.2,33.9,"87.7","17.2",44.4,16.7,33.3,"77.511907778","92.903662222",20,61.7
"Bautista, Félix",642585,2025,30,"35","34.2",142,119,16,9,4,0,3,50,23,35.2,16.2,".134",".244",".275","0.519",".151",".278",".246",".264",".289",".127","71.5",22.6,10.3,6.7,22.4,14.7,"7.4",7,12.4,-4.7,57.1,30.9,"87.9","9.4",30.4,8.7,42,"75.427552286","94.303268696",35.7,45.1
"Kahnle, Tommy",592454,2025,35,"66","63.0",267,235,51,33,8,2,8,50,31,18.7,11.6,".217",".370",".311","0.681",".244",".413",".302",".328",".335",".169","71.8",23.8,16,12.3,36.1,27.8,"7.5",11,12.4,-5.7,59.5,33.1,"88.3","11.5",32.4,9.2,37.3,"77.436664348","93.764634946",25.4,43.7
"Ohl, Pierson",701487,2025,25,"14","30.0",133,126,38,24,8,1,5,27,7,20.3,5.3,".302",".500",".338","0.838",".291",".452",".359",".337",".328",".161","71.8",22.3,15.9,12.4,34.9,27.3,"7.5",3,13.7,-8,53.3,33.3,"89.3","15.2",45.5,10.1,39.4,"78.205980612","94.616288571",22,50.2
"Leclerc, José",600917,2025,31,"10","9.0",46,41,13,7,2,1,3,8,5,17.4,10.9,".317",".634",".391","1.025",".291",".545",".431",".390",".368",".255","71.5",21.3,13.6,9.6,27.3,19.1,"7.6",0,14.3,-7.2,57.4,30.7,"88.8","14.9",45.5,12.1,45.5,"77.330501176","94.621630606",30.9,48
"Allen, Logan",671106,2025,26,"30","156.2",676,600,157,108,31,0,18,122,62,18,9.2,".262",".403",".334","0.737",".247",".421",".323",".326",".323",".174","72",25,15.7,12.5,33.3,26.4,"7.3",10,8.9,-0.1,48.1,32.6,"88.6","12.9",32.8,9.1,37.5,"77.201543485","94.148613721",20.6,44.3
"White, Owen",669391,2025,25,"3","7.0",35,32,14,11,2,0,1,6,3,17.1,8.6,".438",".594",".486","1.080",".346",".479",".466",".386",".402",".133","72.7",36,12.5,10,37.5,30,"7.4",1,9.5,-2.2,58,32.9,"91.1","13",34.6,3.8,46.2,"80.138971538","95.405994231",20,50.4
"Berríos, José",621244,2025,31,"31","166.0",698,632,160,102,30,2,26,138,56,19.8,8,".253",".430",".320","0.750",".255",".454",".325",".337",".323",".199","72.5",27.7,16.7,13.3,35.8,28.5,"7.4",19,11.7,-3.6,56.3,33.4,"90.3","15",32.6,11.3,42.5,"79.761456829","94.705282256",22,46.1
"Skenes, Paul",694973,2025,23,"32","187.2",733,684,136,86,37,2,11,216,42,29.5,5.7,".199",".307",".251","0.558",".202",".321",".247",".255",".255",".119","71.2",20.4,11.8,8.3,28,19.8,"7.3",20,9.4,-2.3,46.5,32.7,"87.6","12.2",29.4,5.8,40.1,"75.47852","93.884708556",30.1,49.6
"Graceffo, Gordon",700669,2025,25,"26","43.0",193,175,50,29,14,5,2,40,13,20.7,6.7,".286",".457",".337","0.794",".272",".427",".340",".325",".325",".155","70.9",14.2,17.8,14.2,37.5,29.9,"7.1",6,8.8,0.8,50.2,32.5,"92.8","10.6",34.8,7.2,53.6,"83.540411594","95.925008116",23.1,48
"Backhus, Kyle",679775,2025,27,"32","25.1",115,99,28,17,7,1,3,22,8,19.1,7,".283",".465",".348","0.813",".265",".408",".350",".327",".336",".143","71",15.4,16,12.8,36,28.8,"7.1",5,8.3,-0.8,34,33.2,"89.1","13.1",43.9,4.9,35.4,"78.970280769","93.686292436",21.8,45.8
"Pearson, Nate",663878,2025,28,"11","14.2",75,61,22,16,4,0,2,7,10,9.3,13.3,".361",".525",".440","0.965",".277",".464",".407",".373",".382",".188","71.2",25.9,18.9,16.1,44.2,37.5,"7.1",3,6.6,1.3,55.4,30.4,"91","19.4",33.3,7,45.6,"81.206851724","95.15156614",19,45
"Ashcraft, Graham",668933,2025,27,"62","65.1",284,254,68,48,18,0,2,64,25,22.5,8.8,".268",".362",".333","0.695",".243",".337",".309",".290",".311",".094","71",18.5,10.5,7.7,27.2,19.8,"7.2",18,7.5,2.3,43.5,33.4,"84.8","4.7",30.3,4.1,32.3,"71.427445106","93.12468016",29.8,50
"Gore, MacKenzie",669022,2025,26,"30","159.2",679,602,152,103,28,1,20,185,63,27.2,9.3,".252",".402",".325","0.727",".241",".415",".318",".322",".318",".174","71.4",23.5,13.9,10,31.8,22.9,"7.3",32,9.6,-1.3,48.7,31.3,"90.4","16",35.9,10.6,44.1,"79.811918815","94.95579848",29.7,49.4
"Garza, Justin",621057,2025,31,"5","6.2",28,27,8,5,2,0,1,3,1,10.7,3.6,".296",".481",".321","0.802",".321",".524",".344",".375",".345",".204","73.2",42.9,27.6,22.9,48.3,40,"7.2",0,8.3,1.8,57.1,30.8,"90.2","17.5",29.2,8.3,45.8,"78.6320725","94.927435",16.7,48.8
"Spiers, Carson",686730,2025,27,"3","13.1",60,50,13,8,2,0,3,11,7,18.3,11.7,".260",".480",".356","0.836",".297",".561",".360",".404",".390",".264","72.7",28.7,22.7,18.1,41.3,33,"7.5",2,11.9,-3.6,55.3,32.7,"93.9","22.3",29.3,12.2,48.8,"84.59626","96.4511865",22.6,43.3
"Thornton, Trent",663423,2025,31,"33","42.1",180,159,41,31,3,1,6,32,14,17.8,7.8,".258",".403",".330","0.733",".265",".440",".317",".339",".339",".175","72",27.9,13.8,11,32.8,26.2,"7.2",2,9.2,0.7,51,31.3,"89.4","13.6",30.8,6.9,42.3,"78.310009538","94.477236589",20.6,49.5
"Edwards Jr., Carl",605218,2025,33,"4","6.0",24,20,4,3,0,0,1,6,3,25,12.5,".200",".350",".292","0.642",".180",".368",".282",".283",".279",".189","72.4",30.3,10,6.1,15,9.1,"7.3",0,13.9,-7.3,51.5,28.5,"85.5","19.1",26.7,6.7,26.7,"74.33442125","92.882504667",31.7,45.6
"Feltner, Ryan",663372,2025,28,"6","30.1",135,122,33,20,9,0,4,25,12,18.5,8.9,".270",".443",".333","0.776",".225",".349",".336",".284",".293",".124","72.3",27.8,12.3,9.3,33.1,25,"7.4",7,10.2,-2.9,49.5,30.9,"90","11.1",27.6,4.1,35.7,"79.828118958","94.387792083",26.5,48.5
"Zulueta, Yosver",691172,2025,27,"7","7.1",32,26,5,4,0,0,1,5,4,15.6,12.5,".192",".308",".290","0.598",".255",".507",".269",".358",".343",".252","71",23.6,15.4,10.9,28.2,20,"7.1",0,5,5.3,32.7,32.1,"89.8","12.6",30.4,13,43.5,"77.724378182","95.287375909",24.2,47.1
"Guenther, Sean",674944,2025,29,"9","10.1",43,38,10,8,2,0,0,8,5,18.6,11.6,".263",".316",".349","0.665",".287",".467",".303",".366",".372",".181","72.6",30.2,27.9,22.6,39.5,32.1,"7.3",1,11.6,-3,50.9,32.5,"90.1","16.2",36.7,6.9,43.3,"78.284956429","95.435334444",18.8,41.6
"Hall, DL",669084,2025,26,"20","38.2",155,138,24,15,6,1,2,27,17,17.4,11,".174",".275",".265","0.540",".222",".353",".246",".294",".307",".131","72",24.2,13.5,11.3,33.7,28.1,"7.2",6,8.1,1.7,52.4,31.2,"88","15",36,6.3,28.8,"78.260723036","92.985195586",19.6,44.2
"Megill, Tylor",656731,2025,29,"14","68.1",305,261,60,43,10,1,6,89,33,29.2,10.8,".230",".345",".329","0.674",".220",".347",".303",".306",".324",".128","71.6",25.7,13.3,9.7,34.5,25.3,"7.3",19,9,-0.3,50.6,32.2,"90.3","14.8",30.1,6.4,43.8,"79.63753","95.034338421",30.7,44.9
"Gillispie, Connor",687362,2025,27,"6","26.0",123,109,32,15,11,0,6,23,11,18.7,8.9,".294",".560",".358","0.918",".258",".493",".387",".354",".329",".235","72.6",31.2,19.5,15.6,39.6,31.7,"7.4",5,12.7,-4.4,64.5,30.7,"91.4","16.5",36.4,12.5,50,"80.485346279","95.911199535",21.4,45.6
"Martin, Chris",455119,2025,39,"49","42.1",173,164,43,34,3,0,6,43,7,24.9,4,".262",".390",".295","0.685",".258",".426",".291",".302",".291",".168","71.4",23.3,12.8,10.2,28.4,22.6,"7",4,5.5,6.7,45.2,32.5,"90.1","12.9",35.2,9,41,"79.235836557","94.800879669",21.8,55.3
"Ginkel, Kevin",656464,2025,31,"29","25.2",121,102,29,20,7,0,2,29,13,24,10.7,".284",".412",".364","0.776",".228",".412",".338",".330",".328",".184","71",21.3,9.7,7.4,27.8,21.3,"7.2",10,9.9,-0.5,48.4,31,"89.7","12.2",28.6,10.5,45.5,"78.74471","94.726929459",28.1,47
"Contreras, Luis",664351,2025,29,"9","12.0",54,46,11,6,3,0,2,13,8,24.1,14.8,".239",".435",".352","0.787",".191",".333",".345",".292",".311",".142","71.8",27.3,11.5,8,31.1,21.6,"7.3",0,12,-4.6,63.6,30.6,"88.7","25.1",39.4,6.1,30.3,"79.851932353","93.014604545",32.3,44.2
"Alexander, Scott",518397,2025,35,"21","17.2",81,71,23,9,9,0,5,8,9,9.9,11.1,".324",".662",".407","1.069",".318",".637",".449",".437",".402",".319","72.8",32.6,21.1,17,33.9,27.4,"7.4",0,10.6,1.1,50.4,33.7,"90.8","8.5",33.3,14.3,54,"78.669257813","96.172156508",18.6,44.7
"Severino, Luis",622663,2025,31,"29","162.2",705,630,162,111,35,0,16,124,50,17.6,7.1,".257",".389",".324","0.713",".266",".416",".313",".331",".335",".149","71.5",21.9,15.1,12.4,31,25.4,"7.1",15,8,1.7,50.9,31.5,"88.3","14",35.3,6,41.9,"75.840911693","94.478741811",18.3,47.3
"Bednar, David",670280,2025,30,"64","62.2",251,230,46,32,8,2,4,86,19,34.3,7.6,".200",".304",".263","0.567",".204",".339",".249",".264",".267",".135","71.1",20,11.9,8.7,30.6,22.3,"7.2",11,10.2,-1.4,52.2,30.9,"89.2","11.2",35.9,9,42.1,"78.178668056","94.382782917",31.1,47.8
"Harris, Hogan",663687,2025,28,"48","64.2",277,239,54,37,12,0,5,65,33,23.5,11.9,".226",".339",".319","0.658",".239",".353",".289",".305",".334",".114","70.6",18.4,10.1,7.8,33.4,26,"7.2",4,9,-0.8,48.4,31.2,"88","14.9",34.8,5.6,32.6,"77.910871023","93.049922557",23,45.6
"Teng, Kai-Wei",678906,2025,26,"8","29.2",139,114,29,22,5,0,2,39,17,28.1,12.2,".254",".351",".381","0.732",".213",".321",".335",".311",".349",".107","71.7",21.1,7.5,5.6,26.3,19.7,"7.3",11,10,-2.2,54.9,31.4,"89.4","14.5",36.8,3.9,31.6,"80.115860263","93.391197067",27.5,43.8
"Jacob, Alek",689690,2025,27,"29","33.1",153,131,36,23,7,0,6,23,14,15,9.2,".275",".466",".366","0.832",".250",".436",".361",".344",".347",".186","71.8",28.4,14.9,12,29.8,24,"7.3",4,12.5,-7.6,44.9,31,"84.1","15.8",34.5,7.3,31.8,"70.744602909","92.803120092",21.3,45.7
"Romano, Jordan",605447,2025,32,"49","42.2",187,163,45,26,9,0,10,47,17,25.1,9.1,".276",".515",".348","0.863",".223",".417",".365",".313",".304",".195","72.1",26.1,15.8,11.3,34.2,24.3,"7.4",2,11.9,-4.2,56.3,31.4,"88.9","18.3",29.2,10,39.2,"77.842098","94.377039244",28.7,46.8
"Montgomery, Mason",682254,2025,25,"57","46.0",209,177,49,33,10,0,6,63,27,30.1,12.9,".277",".435",".372","0.807",".243",".401",".354",".330",".344",".158","71.8",24.6,11.6,7.3,24.6,15.4,"7.1",7,6.4,4,40.8,32.5,"89.3","12.1",33.9,9.4,39,"78.008832456","94.636496106",35.8,51.1
"McKenzie, Triston",663474,2025,27,"4","5.2",30,22,7,4,2,0,1,4,7,13.3,23.3,".318",".545",".467","1.012",".317",".588",".430",".479",".486",".272","70.7",10,17.5,14,35,28,"7.1",1,8.2,0.7,48,33.5,"93.4","20.7",52.6,21.1,47.4,"84.38792","96.313027895",21.2,42.3
"Mayza, Tim",641835,2025,33,"15","16.2",74,66,17,11,4,0,2,15,5,20.3,6.8,".258",".409",".324","0.733",".198",".328",".320",".274",".278",".130","71.8",22.8,10.6,8.1,33,25.2,"7.2",0,6.7,3.6,44.7,33.1,"89.5","5.8",28.8,5.8,44.2,"80.292763462","93.53840902",25.4,45.8
"Rock, Joe",697812,2025,24,"3","7.2",35,31,7,6,0,0,1,11,2,31.4,5.7,".226",".323",".314","0.637",".203",".332",".290",".284",".294",".130","71.5",28,12.8,10,28.2,22,"7.3",1,9.3,3,54,33.8,"91.2","4.6",30,5,50,"80.287877","95.3203115",24.6,42.1
"Suárez, Albert",544150,2025,35,"5","11.2",44,40,9,6,2,1,0,10,2,22.7,4.5,".225",".325",".273","0.598",".204",".316",".251",".256",".261",".112","72.1",27.9,11.5,8.8,25,19.1,"7.4",3,10.6,-2,48.5,29.8,"87.5","16.5",41.9,3.2,32.3,"77.799056875","92.783557097",24.1,48
"Burr, Ryan",621114,2025,31,"2","2.0",8,7,1,1,0,0,0,3,1,37.5,12.5,".143",".143",".250","0.393",".167",".195",".197",".222",".271",".029","72",26.7,0,0,42.9,20,"7.8",0,19,-14.7,20,33,"83.7","14",25,0,0,"76.89017","89.2283475",56.3,41
"Molina, Anthony",683627,2025,23,"17","34.2",160,148,52,32,8,0,12,24,6,15,3.8,".351",".649",".382","1.031",".322",".606",".435",".405",".355",".284","71.6",23.8,21.7,16.7,41.8,32.1,"7.4",5,9.4,0.6,52.9,33.7,"91.2","13.3",37.3,11.1,54,"80.031040635","95.93442368",24.2,46.2
"Silseth, Chase",681217,2025,25,"10","11.0",49,41,10,7,2,0,1,13,6,26.5,12.2,".244",".366",".347","0.713",".230",".383",".310",".312",".337",".153","70.9",22.2,14,8.9,26.3,16.7,"7.2",3,8.7,1.3,45.6,32.2,"89.4","12.4",31,6.9,44.8,"75.796892143","95.855915357",34.9,51.4
"Burnes, Corbin",669203,2025,30,"11","64.1",265,233,49,29,13,0,7,63,26,23.8,9.8,".210",".356",".297","0.653",".227",".385",".288",".306",".312",".158","72.5",31.3,14.3,10.9,32.2,24.5,"7.6",9,11.8,-4.5,55.3,35.1,"89.5","6.6",33.5,8.1,41.6,"77.976536977","94.85857848",25.7,46.3
"Baz, Shane",669358,2025,26,"31","166.1",711,633,158,95,36,1,26,176,64,24.8,9,".250",".433",".325","0.758",".230",".386",".330",".306",".308",".156","71.8",24.9,13.1,10,31.2,23.8,"7.2",27,8.2,1,52.7,30.9,"89","10.7",32.3,9.5,39.4,"77.845062957","94.260697",25.8,49.2
"Castillo, Luis F.",622379,2025,30,"2","7.0",41,33,12,9,3,0,0,5,7,12.2,17.1,".364",".455",".475","0.930",".293",".472",".413",".391",".417",".179","72",28.1,13.5,10.9,28.8,23.4,"7.4",2,10.4,-5.6,53.1,33.1,"86.2","15.7",34.5,3.4,27.6,"74.612926429","93.334618889",20.3,44
"Jameson, Drey",686753,2025,27,"3","3.0",13,10,4,2,2,0,0,0,3,0,23.1,".400",".600",".538","1.138",".397",".531",".488",".470",".536",".134","71.8",25,23.1,18.8,38.5,31.3,"7.1",0,9.1,0,37.5,32.6,"89.7","6",50,0,40,"78.362868","94.563921",20,37.7
"Raquet, Nick",675919,2025,29,"2","2.0",7,6,0,0,0,0,0,1,1,14.3,14.3,".000",".000",".143","0.143",".130",".165",".099",".208",".254",".035","67.9",0,0,0,55.6,45.5,"7.2",0,7.8,2.3,54.5,35.8,"85","16.7",20,0,0,"81.95714","89.141096",18.2,40.7
"Ferguson, Caleb",657571,2025,28,"70","65.1",270,236,54,41,11,0,2,51,22,18.9,8.1,".229",".301",".307","0.608",".237",".329",".271",".290",".318",".092","70.8",17.1,8.4,6.7,27.2,21.6,"6.9",9,4.7,6.1,41.7,32.7,"84.8","5.6",35.6,3.2,27.7,"72.885195806","92.37738129",21.4,47.9
"Crismatt, Nabil",622503,2025,30,"8","34.0",153,142,40,28,4,2,6,25,9,16.3,5.9,".282",".465",".327","0.792",".280",".436",".340",".330",".325",".156","72.4",25,15.1,11.4,38.5,29.2,"7.6",1,14.4,-11.1,48.7,33.8,"87.9","11.2",38.1,5.1,29.7,"78.087486552","92.987057739",23.8,47.2
"Martinez, Justin",679885,2025,23,"17","15.1",67,52,7,4,2,0,1,22,12,32.8,17.9,".135",".231",".328","0.559",".163",".221",".270",".280",".351",".058","71",14.6,5.4,3.4,17.9,11.2,"7.3",1,11,-2.4,37.1,33,"80.7","7.8",30,3.3,23.3,"67.737819333","91.359276552",37.3,37.9
"Walter, Brandon",687888,2025,28,"9","53.2",212,204,46,27,8,1,10,52,4,24.5,1.9,".225",".422",".251","0.673",".237",".391",".288",".282",".262",".154","72.2",27.9,11.5,8.7,27.2,20.6,"7.4",6,11.3,-4.4,45.5,32.6,"86.2","12",30.7,7.2,38.6,"73.587650789","93.449561854",24.6,50.5
"Banda, Anthony",607455,2025,31,"71","65.0",269,229,45,26,10,1,8,61,35,22.7,13,".197",".354",".305","0.659",".206",".355",".285",".296",".317",".148","71",20.5,13.7,10.1,32.1,23.8,"7.2",15,9.8,-2.1,49.1,31.5,"89.8","13.8",35.1,8.8,38.6,"80.008237647","93.888422308",27.2,47.7
"Gausman, Kevin",592332,2025,34,"32","193.0",775,716,155,98,34,2,21,189,50,24.4,6.5,".216",".358",".269","0.627",".238",".407",".273",".301",".289",".169","72.4",28.5,13.7,10.2,30.5,22.7,"7.4",20,10.2,-3.8,45.1,33.4,"89.3","16.5",35,8.5,41.4,"78.114323042","94.522007833",26.4,51.6
"Gibaut, Ian",664139,2025,31,"25","25.1",109,100,26,17,6,0,3,15,8,13.8,7.3,".260",".410",".312","0.722",".240",".428",".313",".312",".295",".188","71.7",23.2,13.5,11.6,33.3,28.7,"7",4,6.5,4.6,54.9,31,"88.4","19.9",36,10.5,33.7,"78.307002558","93.388157093",17.5,48.7
"McCaughan, Darren",670766,2025,29,"3","5.1",23,22,5,4,1,0,0,6,1,26.1,4.3,".227",".273",".261","0.534",".219",".326",".238",".256",".253",".107","69.7",15.4,17.9,12.8,35.7,25.6,"7.4",1,10.3,-7.3,59,32.9,"87.1","27.2",37.5,6.3,43.8,"74.02145375","94.079369375",27.3,51.2
"Sterner, Justin",686993,2025,28,"59","65.0",266,234,47,32,5,0,10,70,21,26.3,7.9,".201",".350",".283","0.633",".203",".366",".278",".285",".286",".163","71.4",21.3,12.1,8.7,34.1,24.5,"7.2",18,9.5,-0.5,51.2,30.2,"89.8","22",33.5,9.6,38.9,"79.729549881","94.196491916",30.8,50
"Ohtani, Shohei",660271,2025,30,"14","47.0",187,176,40,31,6,0,3,62,8,33.2,4.3,".227",".313",".257","0.570",".214",".322",".249",".249",".248",".108","71.3",17.4,8.5,5.9,26.9,18.6,"7.3",9,9.3,-3.4,41.9,32.6,"86.4","13.6",33.3,3.4,30.8,"74.636212069","93.202968261",32.5,49.8
"Bivens, Spencer",702352,2025,31,"54","81.0",343,309,83,57,15,5,6,61,25,17.8,7.3,".269",".408",".331","0.739",".247",".394",".322",".313",".315",".148","71.6",23.2,11.3,9.5,30.8,25.9,"7.2",10,9.6,0.7,50.1,32.9,"87.5","7.2",28.6,7.2,37.3,"75.871326855","93.556352177",17,49.1
"Blanco, Ronel",669854,2025,31,"9","48.1",199,176,37,21,9,0,7,48,20,24.1,10.1,".210",".381",".288","0.669",".199",".354",".292",".279",".278",".155","71.9",24.8,11.9,8.3,29.1,20.2,"7.7",4,15.2,-9.6,55.5,30.7,"85.9","17.7",25.2,8.4,30.5,"74.409075313","92.826420709",32,47.6
"Rodriguez, Eduardo",593958,2025,32,"29","154.1",694,623,178,113,37,3,25,143,60,20.6,8.6,".286",".475",".347","0.822",".259",".431",".353",".328",".324",".172","72",27.1,14.9,11.6,33.6,26.2,"7.1",24,7.6,1.8,48.7,32.6,"88.2","16.3",35.8,8.2,35.2,"76.814734292","93.89951643",23,47.1
"Scott, Tanner",656945,2025,30,"61","57.0",237,213,54,34,7,2,11,60,17,25.3,7.2,".254",".460",".318","0.778",".247",".418",".332",".317",".313",".172","72",27.5,12.9,9.4,28.3,20.6,"7.3",13,9.2,-2.6,47.7,32.1,"90.8","18",34,9,42.3,"80.965295065","94.584847386",29.5,55.9
"Taillon, Jameson",592791,2025,33,"23","129.2",519,489,110,61,23,2,24,98,27,18.9,5.2,".225",".427",".265","0.692",".241",".424",".297",".305",".281",".183","71.9",24.6,15,12.2,34.3,27.8,"7.4",19,11.6,-5,55.8,30.6,"88.3","19.7",33,8.1,38.3,"77.113366359","93.815742513",20.8,48.5
"Snider, Collin",676092,2025,29,"24","26.1",119,107,32,15,12,2,3,24,6,20.2,5,".299",".533",".342","0.875",".282",".510",".366",".361",".332",".228","71.3",22.9,11.9,9.4,23.7,18.8,"7.3",5,10.7,-5.6,49.3,31.5,"90.3","13",35.6,12.8,47.1,"78.356503571","95.455914405",21.7,55.1
"Anderson, Ian",666120,2025,27,"7","9.1",51,44,17,13,2,0,2,8,7,15.7,13.7,".386",".568",".471","1.039",".288",".436",".444",".357",".386",".149","72.5",28.6,15.3,11.7,32.2,24.7,"7.5",1,11.6,-4.8,42.9,31,"88.3","13.4",36.1,8.3,41.7,"74.938236471","94.911152647",22.6,45.8
"Weathers, Ryan",677960,2025,25,"8","38.1",166,151,37,23,7,0,7,37,12,22.3,7.2,".245",".430",".303","0.733",".236",".418",".317",".309",".295",".182","71.8",25.6,14.1,10.3,36.6,26.7,"7.4",2,10.5,-2.2,50.2,32.6,"89.6","12.3",34.5,9.6,42.2,"78.889919474","94.738206842",28.8,48.8
"McFarland, T.J.",519008,2025,36,"27","15.2",74,69,26,17,4,3,2,7,3,9.5,4.1,".377",".609",".405","1.014",".291",".501",".427",".358",".331",".210","72.4",26.7,24.2,21,42.9,37.1,"7.4",3,10.3,-4,49.5,36.2,"91.9","4.4",33.3,9.5,42.9,"82.052340968","95.364224194",17.1,45.2
"Matsui, Yuki",673513,2025,29,"61","63.1",272,233,53,31,10,2,10,61,33,22.4,12.1,".227",".416",".321","0.737",".228",".397",".318",".313",".322",".170","72.1",28.2,13.4,9.5,33.9,23.9,"7.6",17,12.8,-7.1,54.4,33.3,"88.5","20.6",30.5,9,37.3,"77.594650455","93.797769716",30.3,49
"Kerkering, Orion",689147,2025,24,"69","60.0",266,231,55,38,11,0,6,65,27,24.4,10.2,".238",".364",".323","0.687",".227",".353",".300",".298",".319",".125","71.8",23.9,10,8.1,29.7,23.9,"7.2",12,7.8,1.8,51.4,33.1,"85.9","15",36.5,6.5,33.5,"73.900155357","93.028676407",23.7,42.9
"Richardson, Lyon",680689,2025,25,"34","37.2",172,145,37,24,11,0,2,30,21,17.4,12.2,".255",".372",".349","0.721",".273",".413",".311",".345",".374",".139","71.8",24.4,18.8,14.5,40.3,31,"7.5",2,9.7,-0.8,47.1,33,"89.9","6.1",34.5,5.9,46.2,"78.557465667","94.882098151",22.3,40.5
"Chandler, Bubba",696149,2025,22,"7","31.1",124,117,25,16,6,1,2,31,4,25,3.2,".214",".333",".258","0.591",".231",".415",".260",".298",".275",".184","71.7",24,12.4,8.5,35,24,"7.1",3,6.8,5.1,40,31.9,"90.2","7.9",39.5,9.4,40.7,"80.213783953","94.569092353",30.3,50.1
"Trivino III, Lou",642152,2025,33,"47","47.2",207,178,46,34,5,1,6,37,18,17.9,8.7,".258",".399",".340","0.739",".252",".443",".323",".346",".342",".191","72.2",25.7,10.7,8.2,29.8,22.7,"7.4",4,11,-3.1,59.8,31.6,"87.1","20.1",34.2,9.6,30.8,"75.917096901","93.161742766",25.1,46.4
"Tonkin, Michael",543859,2025,35,"21","24.0",103,89,20,12,5,0,3,19,8,18.4,7.8,".225",".382",".320","0.702",".252",".466",".312",".355",".348",".213","71.6",22.4,14.4,11.5,37.6,30.1,"7.3",1,8.9,-0.5,52.6,31.9,"91.4","15.6",35.2,8.5,43.7,"82.448027222","94.828496197",20.7,43.8
"Gipson-Long, Sawyer",687830,2025,27,"8","31.1",133,121,34,17,9,0,8,26,6,19.5,4.5,".281",".554",".316","0.870",".296",".557",".362",".377",".334",".260","72.5",30.1,18.3,14.2,38.5,29.7,"7.5",3,13.3,-5.8,49.8,33.5,"90.5","13.1",34.3,13.1,39.4,"79.2068812","95.157078485",24.4,51.4
"Svanson, Matt",694335,2025,26,"39","60.1",234,206,33,23,5,2,3,68,20,29.1,8.5,".160",".248",".244","0.492",".201",".337",".225",".275",".281",".136","70.8",17.5,11.2,8.9,27.8,22.1,"6.9",11,5.4,5.5,43.7,32.3,"89.1","9.8",39.4,8.5,35.9,"78.330131857","94.20207",23.1,44.1
"Hodge, Porter",687863,2025,24,"36","33.0",147,127,34,19,4,2,9,40,18,27.2,12.2,".268",".543",".354","0.897",".232",".400",".377",".317",".326",".168","71",18.9,10.1,7.8,29.6,23,"7.2",12,9.6,-2.1,46.3,30.8,"89.3","14.2",37.1,9.1,38.2,"79.472008409","93.775686136",26.7,46.2
"Sousa, Bennett",656986,2025,30,"44","50.2",199,181,37,22,11,0,4,59,15,29.6,7.5,".204",".331",".263","0.594",".199",".335",".261",".266",".260",".136","72.2",27.3,14.4,9.6,34.9,23.3,"7.7",11,14.3,-9.2,50.6,32.5,"89.1","15.9",32.8,8.1,36.8,"77.989110968","94.230850081",36.8,53
"Wynne, Randy",691094,2025,32,"1","3.0",13,12,3,1,1,0,1,3,1,23.1,7.7,".250",".583",".308","0.891",".196",".528",".374",".330",".258",".332","72.5",26.1,14.3,13,28.6,26.1,"7.2",0,13.2,-2.1,60.9,30.9,"93.9","20.8",11.1,22.2,44.4,"85.16381","97.109861111",10.7,59.6
"Schwellenbach, Spencer",680885,2025,25,"17","110.2",434,410,89,56,18,2,13,108,18,24.9,4.1,".217",".366",".252","0.618",".251",".395",".266",".294",".285",".144","71.6",23.8,16.7,12.3,35.3,26,"7.3",14,8.5,-0.8,45.7,32.4,"88.8","8.3",34.3,7.5,41.5,"76.928233856","94.493622852",28.3,51.8
"Van Belle, Brian",687003,2025,28,"4","8.1",36,36,13,10,1,0,2,6,0,16.7,0,".361",".556",".361","0.917",".267",".416",".393",".292",".267",".150","75",55,29.3,20,43.9,30,"7.7",0,13.6,-12.1,58.3,33.7,"93.1","18.6",36.7,3.3,53.3,"82.107302","96.5757",30.4,53.5
"Peterson, David",656849,2025,29,"30","168.2",723,643,166,118,35,2,11,150,65,20.7,9,".258",".370",".331","0.701",".270",".407",".311",".331",".344",".137","72.2",27.3,17.3,13.3,35.5,27.3,"7.4",25,10.1,-1.1,49.5,33.2,"90.6","4.3",34.4,6.4,46,"79.61366252","95.237705996",24,46.8
"Peguero, Elvis",665625,2025,28,"8","9.1",47,40,12,9,2,0,1,8,6,17,12.8,".300",".425",".404","0.829",".263",".410",".369",".349",".373",".147","72.4",20.7,9.1,6.1,30.9,20.7,"7.9",1,14.9,-8.4,48.8,34.5,"90.1","9",37.5,6.3,28.1,"81.710070625","93.671629688",31.8,47.1
"Woodford, Jake",663765,2025,28,"22","36.1",170,151,45,33,8,1,3,23,13,13.5,7.6,".298",".424",".363","0.787",".289",".428",".343",".344",".357",".139","71.9",23.9,13.5,11.4,32.6,27.5,"7.2",2,9.2,-2,51.4,33.2,"86.1","10.4",35.1,6.9,33.6,"73.794609844","93.234400625",16.4,45.8
"Boyd, Matthew",571510,2025,34,"31","179.2",718,656,154,107,25,3,19,154,42,21.4,5.8,".235",".369",".288","0.657",".240",".398",".287",".301",".293",".158","71.8",23.6,14.4,11.3,32.4,25.3,"7.3",14,9.2,-3,46,31.4,"88.5","18",31.4,9,38,"77.347035336","93.962286673",23.1,51.5
"Horton, Cade",690990,2025,23,"23","118.0",476,433,95,67,17,1,10,97,33,20.4,6.9,".219",".333",".282","0.615",".236",".406",".273",".306",".298",".170","72",25.5,14.5,11,36.4,27.6,"7.4",14,9.6,-2.5,45.8,32.7,"89.7","14.3",33.3,10.1,41.3,"79.154849053","94.451553027",25.8,48.6
"Phillips, Tyler",663969,2025,27,"54","77.2",313,287,65,46,10,1,8,52,24,16.6,7.7,".226",".352",".291","0.643",".240",".370",".284",".298",".303",".131","72.1",25.2,18.3,14,39.5,30.2,"7.5",17,11.8,-4.2,55.5,34.1,"89.2","5.5",26,5.1,43.4,"77.404647949","94.783240429",27.3,47.9
"Trevino, Jose",624431,2025,32,"2","2.1",12,10,4,2,2,0,0,1,1,8.3,8.3,".400",".600",".417","1.017",".351",".748",".413",".447",".383",".397","74.6",50,25,22.2,50,44.4,"7.3",0,15.4,-10.4,38.9,26.5,"94","27",50,20,50,"84.244008","95.971959",10,41.7
"Arias, Luarbert",678215,2025,24,"7","10.1",55,47,17,11,2,2,2,10,5,18.2,9.1,".362",".617",".436","1.053",".324",".555",".443",".414",".410",".231","72.8",27.5,20.9,17.5,44.8,37.5,"7.5",0,10.7,-3.3,48.8,34.9,"94.4","17.6",57.9,15.8,47.4,"86.320246842","96.182321579",15.8,45.9
"Thompson, Mason",666168,2025,27,"14","10.2",60,48,16,9,5,1,1,11,12,18.3,20,".333",".542",".467","1.009",".268",".448",".427",".370",".414",".180","72.4",23.6,16.7,13.5,29.2,23.6,"7.3",1,10.8,-3.6,59.6,31.5,"88.8","14.4",40.5,8.1,37.8,"77.262156316","94.599521622",21.6,40.6
"Tinoco, Jesus",622786,2025,30,"20","19.1",80,71,17,11,4,1,1,10,8,12.5,10,".239",".366",".316","0.682",".241",".354",".297",".294",".318",".113","71.5",25,9.9,8.3,37.6,31.7,"7.5",1,12.3,-5.6,52.5,34.5,"88.1","12.8",29,1.6,25.8,"78.828263667","92.738782833",16.5,43.8
"Maeda, Kenta",628317,2025,37,"7","8.0",43,33,9,5,3,0,1,8,6,18.6,14,".273",".455",".429","0.884",".253",".390",".393",".366",".413",".137","70.7",19.1,13.7,10.3,37.3,27.9,"7.4",1,10.6,-2.5,55.9,33.2,"91.2","12.2",36,8,36,"83.734502308","93.5867232",28.2,45.6
"Zastryzny, Rob",642239,2025,33,"26","22.0",93,79,16,11,2,0,3,20,10,21.5,10.8,".203",".342",".293","0.635",".212",".357",".268",".283",".306",".145","72.2",28.2,7.7,5.4,32.7,22.8,"7.4",5,11.4,-5.8,43,31.8,"86","17.6",32.3,4.8,24.2,"75.706331613","92.269715574",32.2,49.3
"Castaño, Blas",680604,2025,26,"1","3.0",16,13,4,1,2,0,1,1,2,6.3,12.5,".308",".692",".438","1.130",".342",".760",".471",".505",".465",".419","72.9",31.8,14.3,13.6,28.6,27.3,"7.3",0,10.5,1.2,59.1,33.4,"91.4","19.2",58.3,25,41.7,"81.863046667","94.556048333",4,50
"Henriquez, Edgardo",683618,2025,23,"22","19.0",78,72,17,12,3,0,2,18,5,23.1,6.4,".236",".361",".282","0.643",".215",".376",".280",".285",".268",".161","71.9",27.8,14.9,10.5,27.7,19.5,"7.2",2,10.5,-3.5,58.6,31.8,"88.2","10.8",32.7,9.3,38.2,"76.778875385","93.846856731",29,52
"McGreevy, Michael",700241,2025,24,"17","95.2",400,373,100,69,15,4,12,58,20,14.5,5,".268",".426",".309","0.735",".274",".457",".318",".333",".316",".183","71.4",21,19,15.4,42.6,34.6,"7.1",7,8.1,2.8,49.5,32.9,"90.5","9",33.2,8.8,40.1,"79.891822152","94.840920349",19.2,45.9
"Mears, Nick",683232,2025,28,"63","56.2",222,197,42,27,6,2,7,46,14,20.7,6.3,".213",".371",".258","0.629",".259",".466",".266",".324",".304",".207","71.1",18.8,14.2,11,34.5,26.7,"7.3",15,10.4,-2.3,55.5,30.8,"90.4","16.6",39.8,10.6,42.9,"80.078215316","94.850952785",25,54.9
"Suarez, José",660761,2025,27,"7","19.1",81,69,15,12,2,0,1,16,10,19.8,12.3,".217",".290",".313","0.603",".243",".393",".270",".317",".335",".151","71.9",27.3,21.3,14,45,29.8,"7.4",1,8.7,0.9,47.1,32.9,"90.1","6.5",25.5,7.3,52.7,"78.320382222","95.563027778",33.6,44.4
"Taylor, Troy",700187,2025,23,"8","6.2",37,30,14,11,1,0,2,2,3,5.4,8.1,".467",".700",".500","1.200",".414",".696",".495",".475",".457",".282","72",19,14.3,12.1,32.7,27.6,"7.3",0,9.6,-3.3,67.2,31.9,"89.1","22",41.9,9.7,32.3,"79.235730667","93.550975667",15.6,47.1
"Mize, Casey",663554,2025,28,"28","149.0",627,581,153,98,30,4,21,139,36,22.2,5.7,".263",".437",".307","0.744",".236",".412",".319",".298",".282",".177","72.4",28.4,14.9,11.3,35.1,26.7,"7.3",10,10.2,-1.2,54.6,32.2,"90","14",36.1,9.2,42.5,"79.394689775","94.590713063",24.1,49.6
"Allard, Kolby",663465,2025,27,"33","65.0",266,245,64,45,13,1,5,42,14,15.8,5.3,".261",".384",".300","0.684",".241",".390",".293",".286",".283",".150","71.8",23.8,13.3,10.8,33.1,27.1,"7.2",7,8.9,0.9,52.7,31.3,"88.2","17.8",34.4,5.7,35.9,"77.493502039","93.650984049",19.6,49.5
"Soriano, José",667755,2025,26,"31","169.0",724,634,158,117,28,1,12,152,78,21,10.8,".249",".353",".335","0.688",".242",".367",".309",".312",".331",".125","72.3",29.1,18.2,13.7,37.9,28.4,"7.4",35,9.7,0.2,52.1,33.9,"91.4","-2.8",26.8,7.2,48.2,"79.974239247","95.946385146",27,44.8
"Mattson, Isaac",676755,2025,29,"44","47.2",198,172,35,24,7,0,4,45,19,22.7,9.6,".203",".314",".286","0.600",".208",".361",".264",".283",".290",".153","70.7",18.2,11.7,9,32,24.6,"6.9",3,6,4.1,45.4,31,"89.4","23.8",33.3,6.1,39.4,"79.401004615","93.900533953",23.2,51
"Speier, Gabe",642100,2025,30,"76","62.0",243,224,43,25,11,2,5,82,11,33.7,4.5,".192",".326",".243","0.569",".187",".310",".247",".247",".242",".123","71.5",23.9,15,10.6,30.1,21.2,"7.1",9,7.9,1.1,46.6,31.5,"89.7","15",26.9,9,40.7,"78.689063472","94.681682168",30.9,52
"Little, Brendon",663893,2025,28,"79","68.1",295,245,48,35,9,2,2,91,45,30.8,15.3,".196",".273",".323","0.596",".194",".291",".273",".286",".327",".097","72.7",35.2,20.3,12,37.4,22.2,"7.6",26,12.1,-4,53.5,34.8,"89.7","1.4",30.6,6.4,47.1,"78.031955513","95.180069677",43.5,40.6
"Rea, Colin",607067,2025,34,"32","159.1",662,601,155,104,29,2,20,127,44,19.2,6.6,".258",".413",".312","0.725",".261",".438",".314",".328",".317",".177","71.8",24.3,14.9,11.9,36.4,29,"7.2",23,8.8,-0.4,50.1,31.5,"89.8","13.6",38.8,10.3,41,"79.312181125","94.443682505",22,47.6
"Patrick, Chad",694477,2025,26,"27","119.2",503,455,113,76,24,0,13,127,40,25.2,8,".248",".387",".313","0.700",".240",".395",".307",".306",".306",".156","71.5",20.8,12.4,9.6,28.7,22.1,"7.2",15,8.4,0.5,48.8,31.2,"89.4","18.5",40.1,8.1,42.2,"78.480281585","94.369077591",23.5,50.1
"Montero, Keider",672456,2025,24,"20","90.2",389,355,95,65,13,1,16,72,31,18.5,8,".268",".445",".330","0.775",".260",".446",".337",".333",".323",".186","71.8",23.3,15.2,12.4,33.7,27.5,"7.4",10,10.4,-2.4,49.8,32.1,"89.1","14.5",37.7,8.2,39.4,"78.2070475","94.272348602",19.8,47.7
"McGuire, Reese",624512,2025,30,"1","1.0",6,5,2,1,0,0,1,0,1,0,16.7,".400","1.000",".500","1.500",".378",".802",".602",".529",".482",".424","70.6",0,50,50,100,100,"6.3",0,7,-11.3,0,32.6,"93.9","19.5",40,0,60,"90.229316667","94.457658",0,29.4
"Díaz, Jhonathan",646242,2025,28,"1","1.1",5,5,1,1,0,0,0,1,0,20,0,".200",".200",".200","0.400",".282",".318",".176",".263",".282",".036","71.2",16.7,0,0,10,8.3,"7.5",0,13,-2.4,33.3,34,"84.5","29.9",25,0,25,"69.52826","93.75163",14.3,53.8
"Carrillo, Alex",692024,2025,28,"3","4.2",22,19,6,1,1,0,4,4,2,18.2,9.1,".316","1.000",".409","1.409",".330",".878",".563",".526",".421",".548","71.8",20.7,19,13.8,28.6,20.7,"7.5",1,10.1,-2.9,86.2,29.8,"93.2","30.5",40,26.7,40,"84.79829625","95.438087333",34.3,41.7
"Campbell, Isaiah",663462,2025,27,"6","7.2",35,33,13,11,0,1,1,3,1,8.6,2.9,".394",".545",".429","0.974",".321",".421",".421",".344",".360",".100","70.3",11.3,9.3,7.5,37.2,30.2,"7",2,5.5,7.1,39.6,31.1,"87.4","3.8",33.3,3.3,30,"77.42417","92.73114",21,56.9
"Wiles, Nathan",686249,2025,26,"1","1.0",7,6,4,3,1,0,0,1,0,14.3,0,".667",".833",".571","1.404",".493",".637",".557",".424",".426",".144","73.3",42.9,25,21.4,50,42.9,"7.2",0,6.6,3.2,14.3,30.2,"97.9","14.6",66.7,0,50,"90.46114","97.90763",14.3,58.3
"Paddack, Chris",663978,2025,29,"33","158.0",670,619,166,99,32,4,31,112,37,16.7,5.5,".268",".483",".308","0.791",".273",".488",".336",".344",".316",".214","71.6",24,15.8,12.8,34.7,28,"7.2",18,9.1,0.6,53.6,31.4,"90.7","16.3",35.9,10.2,45.6,"79.944242314","95.130759451",20.7,51.3
"Holderman, Colin",670059,2025,29,"24","25.2",125,104,34,23,7,0,4,18,16,14.4,12.8,".327",".510",".419","0.929",".284",".428",".399",".364",".389",".145","71.5",23,18.8,14.3,36.2,27.6,"7.4",5,10.6,-4.7,55.1,32.4,"89.6","8.7",29.2,5.7,43.8,"78.69584","94.458353678",25.8,46.5
"Gomber, Austin",596295,2025,31,"12","57.2",272,252,82,46,18,2,16,34,17,12.5,6.3,".325",".603",".369","0.972",".279",".553",".411",".372",".327",".274","72.9",32.7,16,13.6,32.3,27.5,"7.5",6,12.4,-6.2,55,33.2,"88.1","18.2",38.6,14.5,39.5,"76.183386514","94.163679539",15.9,49
"Miley, Wade",489119,2025,38,"3","12.0",55,47,15,10,2,0,3,7,6,12.7,10.9,".319",".553",".407","0.960",".312",".563",".413",".411",".401",".251","71.3",21.8,15.9,14.1,42,37.2,"7.3",1,9.4,0.4,47.4,34.1,"92.5","15.3",40,12.5,45,"83.4647195","95.22836675",11.9,41
"Koenig, Jared",657649,2025,31,"72","66.0",268,241,57,39,11,1,6,68,20,25.4,7.5,".237",".365",".305","0.670",".198",".324",".294",".263",".270",".126","71.4",21,10.7,8.6,31.2,24.9,"7.1",8,7.3,1.9,48.9,33.4,"88.7","12.9",29.5,5.1,34.7,"78.564919655","93.512511561",22.9,43.9
"Estrada, Jeremiah",669093,2025,26,"77","73.0",304,269,58,36,9,1,12,108,27,35.5,8.9,".216",".390",".291","0.681",".182",".325",".295",".260",".263",".143","70.7",19.7,11.1,7.3,29.9,19.7,"7.2",13,8.8,-1.4,51.3,29.1,"90.1","21.4",33.1,9,39.2,"80.16923","94.230622317",34.9,51.9
"Ginn, J.T.",669372,2025,26,"23","90.1",392,354,92,53,20,2,17,99,31,25.3,7.9,".260",".472",".329","0.801",".227",".388",".344",".301",".300",".161","72.6",29,18.7,13.4,32.9,23.7,"7.4",8,11.9,-5,51.5,33.3,"88.4","7.8",26.2,9.8,44.5,"75.355279219","94.914220549",28.7,42.9
"Díaz, Yilber",700270,2025,24,"1","3.0",15,12,4,2,2,0,0,1,3,6.7,20,".333",".500",".467","0.967",".376",".686",".423",".499",".501",".311","74.8",52.9,18.8,17.6,31.3,29.4,"7.4",0,11,1.3,64.7,30.5,"98.1","16.2",36.4,9.1,63.6,"91.310493333","98.328471818",8.7,38.3
"Leahy, Kyle",681517,2025,28,"62","88.0",363,328,80,59,16,0,5,80,28,22,7.7,".244",".338",".300","0.638",".263",".417",".281",".325",".322",".153","71.3",18.3,14.9,11.7,30,23.6,"7.2",13,8.1,2,53.1,32,"89.1","10.2",37.4,9.8,44.1,"77.142256905","94.740171833",23.1,49.7
"Topa, Justin",623437,2025,34,"54","60.0",268,242,68,49,17,0,2,49,18,18.3,6.7,".281",".376",".338","0.714",".282",".400",".311",".325",".342",".119","71.7",23.1,17.5,14.7,35.1,29.3,"7.2",5,7.2,1.3,47,32.8,"89.3","7.7",35,5.6,44.7,"77.581281959","94.832875722",18.1,47.2
"Early, Connelly",813349,2025,23,"4","19.1",79,74,17,16,1,0,0,29,4,36.7,5.1,".230",".243",".278","0.521",".200",".284",".239",".240",".251",".084","72.5",35.8,10,6.8,26,17.6,"7.5",2,11.9,-6.2,51.4,33.2,"87.9","16.8",26.7,4.4,40,"76.172668696","94.156917111",33.9,51.1