player_name,player_id,p_game,p_formatted_ip,pa,home_run,strikeout,walk,k_pct,bb_pct,batting_avg,slg_pct,obp,ops,xba,xslg,woba,xwoba,xobp,xiso,swing_speed,fast_swing_rate,blasts_contact,blasts_swing,squared_up_contact,squared_up_swing,avg_swing_length,attack_angle,ideal_angle_rate,exit_velo,launch_angle_avg,sweet_spot_pct,barrel_pct,hard_hit_pct,avg_best_speed,avg_hyper_speed,whiff_pct,swing_percent,sample_flag
"Palmquist, Carson",687223,9,34.1,175,10,27,25,15.4,14.3,0.321,0.614,0.42,1.034,0.256,0.516,0.43,0.378,0.373,0.259,72.5,32.0,15.0,12.1,31.6,25.4,7.4,11.2,50.0,89.6,20.0,31.7,14.2,40.0,78.924745763,94.396216581,21.0,43.3,low
"Miller, Shelby",571946,48,46.0,186,5,54,15,29.0,8.1,0.201,0.323,0.28,0.603,0.226,0.378,0.26,0.292,0.303,0.153,71.8,23.2,14.3,9.9,30.4,21.0,7.2,8.5,49.7,89.3,15.7,36.3,8.8,42.5,77.622792143,94.659739196,31.7,50.5,low
"Quantrill, Cal",615698,26,117.2,513,22,85,35,16.6,6.8,0.288,0.515,0.343,0.858,0.281,0.517,0.367,0.366,0.338,0.236,72.4,29.0,17.8,14.6,36.1,29.7,7.3,10.8,56.0,90.4,16.9,39.4,12.5,44.3,79.666849581,94.980472992,20.2,46.7,ok
"Varland, Louis",686973,74,72.2,296,6,75,22,25.3,7.4,0.244,0.383,0.304,0.687,0.25,0.395,0.299,0.311,0.313,0.145,71.1,21.3,13.5,10.2,30.3,22.9,7.1,6.5,44.3,90.2,5.3,33.5,9.2,43.7,79.243662188,94.858925288,27.1,52.5,ok
"Stewart, Brock",592779,43,37.2,159,3,44,13,27.7,8.2,0.227,0.333,0.31,0.643,0.192,0.303,0.284,0.259,0.279,0.112,71.7,20.8,8.4,5.9,26.7,19.0,7.1,5.9,45.7,86.5,21.3,29.6,4.1,32.7,74.767168163,93.229603711,31.1,51.1,low
"Orze, Eric",679358,33,41.2,178,4,40,19,22.5,10.7,0.244,0.378,0.337,0.715,0.214,0.356,0.317,0.297,0.313,0.142,72.2,28.6,11.0,8.0,24.9,18.1,7.5,12.3,51.2,86.9,17.3,36.2,7.9,30.2,75.698965965,93.107698684,27.0,50.5,low
"Priester, Quinn",682990,29,157.1,653,18,132,50,20.2,7.7,0.245,0.4,0.309,0.709,0.237,0.37,0.31,0.298,0.303,0.133,72.2,26.3,15.1,11.7,33.6,26.1,7.4,11.1,52.8,89.0,4.9,28.6,7.4,39.4,78.202069039,94.11122105,24.5,46.2,ok
"Doval, Camilo",666808,69,65.1,278,4,72,35,25.9,12.6,0.214,0.303,0.321,0.624,0.219,0.33,0.285,0.297,0.326,0.111,71.6,21.4,11.2,8.3,30.3,22.5,7.5,10.9,53.4,88.6,6.2,28.6,6.0,40.5,76.738153614,94.494643916,28.4,47.3,ok
"Waldrep, Hurston",694462,10,56.1,229,3,55,22,24.0,9.6,0.222,0.305,0.306,0.611,0.251,0.359,0.276,0.31,0.335,0.108,72.3,30.1,13.7,10.1,36.5,27.1,7.6,12.5,48.5,89.1,6.3,32.2,4.2,40.3,78.601525211,94.194874789,28.5,44.7,ok
"Mahle, Tyler",641816,16,86.2,346,5,66,29,19.1,8.4,0.218,0.31,0.283,0.593,0.253,0.413,0.265,0.319,0.316,0.16,71.8,24.6,12.3,9.4,32.0,24.4,7.3,11.1,53.7,88.5,14.4,37.8,8.0,37.1,77.65269832,93.80845964,23.2,49.9,ok
"Brubaker, JT",664141,17,28.2,117,0,22,12,18.8,10.3,0.223,0.291,0.31,0.601,0.255,0.39,0.271,0.319,0.338,0.135,72.1,29.1,13.4,10.6,31.2,24.6,7.7,13.5,57.8,89.6,14.9,39.0,6.1,45.1,79.064437805,94.418216667,23.9,46.5,low
"Peralta, Wandy",593974,71,71.2,313,5,63,30,20.1,9.6,0.238,0.354,0.315,0.669,0.252,0.386,0.293,0.311,0.328,0.133,72.6,28.2,14.9,10.8,33.0,23.8,7.6,11.7,54.9,87.6,3.7,29.4,6.9,36.2,75.314537685,94.024205442,29.0,48.5,ok
"Wrobleski, Justin",680736,24,66.2,280,6,76,17,27.1,6.1,0.255,0.38,0.306,0.686,0.244,0.359,0.299,0.289,0.297,0.115,71.4,21.8,15.7,12.0,32.4,24.8,7.0,5.7,41.6,92.0,6.9,30.4,3.8,47.8,81.742858778,95.696025111,24.6,50.6,ok
"Hanifee, Brenan",669724,54,60.0,260,3,40,14,15.4,5.4,0.267,0.379,0.312,0.691,0.271,0.418,0.299,0.315,0.315,0.147,71.6,24.8,17.8,15.1,40.0,33.9,7.2,7.0,48.0,90.5,4.1,29.9,6.9,44.6,79.52943396,95.089713762,16.1,45.2,ok
"Herrin, Tim",682120,54,42.2,194,5,45,30,23.2,15.5,0.239,0.387,0.376,0.763,0.223,0.35,0.339,0.324,0.366,0.126,71.8,21.7,14.3,10.8,36.0,27.3,7.6,11.8,48.2,88.3,14.5,29.2,5.4,42.5,77.250682679,94.038742768,29.4,41.7,low
"Assad, Javier",665871,8,37.0,153,3,23,12,15.0,7.8,0.243,0.382,0.32,0.702,0.281,0.412,0.31,0.339,0.354,0.132,72.2,23.9,15.5,13.0,33.0,27.7,7.0,6.8,48.3,88.5,9.6,32.5,3.5,40.4,76.66852614,94.317117807,16.5,46.0,low
"Senga, Kodai",673540,22,113.1,482,12,109,55,22.6,11.4,0.224,0.395,0.317,0.712,0.225,0.373,0.313,0.309,0.321,0.148,71.8,25.8,14.0,10.5,32.6,24.6,7.5,11.9,51.1,88.9,12.5,29.7,8.0,40.6,77.128245355,94.410346065,27.4,45.5,ok
"Fulmer, Carson",608334,13,29.1,123,5,26,11,21.1,8.9,0.227,0.418,0.295,0.713,0.22,0.427,0.308,0.309,0.289,0.207,72.9,33.7,14.5,10.9,35.5,26.6,7.5,12.1,56.5,88.9,15.0,24.4,11.6,39.5,77.823553023,94.203881647,24.9,47.1,low
"Blalock, Bradley",687134,14,58.2,275,17,27,23,9.8,8.4,0.35,0.597,0.405,1.002,0.322,0.591,0.423,0.409,0.383,0.269,71.8,25.1,18.7,15.8,39.1,33.0,7.2,9.3,54.2,91.4,12.8,36.5,12.2,45.9,80.714571545,95.462649636,15.9,47.5,ok
"Domínguez, Seranthony",622554,67,62.2,261,5,79,36,30.3,13.8,0.198,0.302,0.314,0.616,0.198,0.297,0.28,0.282,0.316,0.099,71.3,22.5,9.5,6.6,25.8,18.0,7.3,9.4,41.8,87.5,13.4,34.7,6.9,36.8,76.211899028,93.430835764,33.3,44.6,ok
"Pérez, Cionel",672335,19,21.2,110,3,21,18,19.1,16.4,0.322,0.494,0.444,0.938,0.213,0.317,0.407,0.308,0.357,0.104,70.8,17.6,12.5,9.7,28.9,22.4,7.1,7.4,45.5,90.6,3.4,18.8,2.9,44.9,81.073184706,94.394608955,24.6,45.5,low
"Agnos, Zach",688642,30,31.1,137,5,19,16,13.9,11.7,0.261,0.487,0.346,0.833,0.277,0.538,0.357,0.384,0.364,0.261,72.6,26.5,16.3,11.7,38.0,27.4,7.4,12.0,55.2,89.6,14.9,31.4,13.0,44.1,78.4800142,94.796081919,29.4,48.4,low
"De Los Santos, Enyel",660853,65,66.0,280,7,62,24,22.1,8.6,0.242,0.397,0.312,0.709,0.246,0.413,0.308,0.316,0.316,0.168,71.9,24.9,14.8,10.4,28.8,20.2,7.4,10.7,48.7,87.6,16.8,38.0,8.9,40.1,74.797166146,94.296939162,30.0,51.6,ok
"Crochet, Garrett",676979,32,205.1,814,24,255,46,31.3,5.7,0.217,0.353,0.264,0.617,0.21,0.347,0.27,0.266,0.258,0.137,72.0,26.6,11.2,8.2,26.8,19.6,7.3,9.9,50.3,87.7,10.5,32.2,7.3,37.3,75.538655219,93.9771349,29.4,51.8,ok
"Pfaadt, Brandon",694297,33,176.2,767,26,147,37,19.2,4.8,0.279,0.469,0.323,0.792,0.284,0.494,0.339,0.352,0.329,0.21,72.4,29.4,18.3,14.5,34.4,27.3,7.4,11.2,55.4,90.8,12.5,39.1,10.9,45.8,79.642424366,95.370126614,22.1,49.2,ok
"Bowman, Matt",621199,20,24.2,114,4,18,6,15.8,5.3,0.292,0.5,0.342,0.842,0.277,0.482,0.362,0.349,0.328,0.204,71.7,19.6,15.8,13.1,29.5,24.4,7.1,8.1,45.8,88.4,12.7,40.9,9.1,35.2,76.711743721,94.108976279,17.4,46.3,low
"Faucher, Calvin",676534,65,60.1,255,8,59,24,23.1,9.4,0.236,0.369,0.314,0.683,0.263,0.387,0.302,0.323,0.339,0.124,71.5,23.7,13.0,10.5,31.4,25.3,7.1,6.9,49.2,87.7,8.1,37.3,4.7,34.3,76.544550714,93.486938024,23.7,42.5,ok
"Gusto, Ryan",687473,27,101.2,453,17,97,36,21.4,7.9,0.28,0.462,0.343,0.805,0.25,0.446,0.348,0.33,0.317,0.197,71.7,24.8,16.5,12.8,33.4,25.9,7.2,9.4,54.0,90.6,17.2,32.1,9.5,45.7,80.014421083,95.083939808,23.4,49.1,ok
"Bellozo, Valente",678368,32,81.1,348,15,54,23,15.5,6.6,0.269,0.465,0.324,0.789,0.26,0.51,0.339,0.35,0.316,0.25,72.1,27.3,16.7,13.1,34.0,26.8,7.3,11.0,51.9,89.7,22.0,33.8,11.7,41.4,78.850661515,94.487669696,20.2,49.9,ok
"Beeter, Clayton",690925,26,25.1,104,3,33,18,31.7,17.3,0.155,0.274,0.301,0.575,0.196,0.329,0.269,0.302,0.334,0.134,71.2,17.9,10.9,7.7,25.2,17.9,7.4,8.9,49.4,88.3,19.6,39.6,9.4,32.1,77.908468462,93.490375385,32.9,45.2,low
"Heaney, Andrew",571760,27,122.1,536,25,86,40,16.0,7.5,0.269,0.501,0.335,0.836,0.284,0.492,0.357,0.362,0.348,0.208,72.1,27.6,17.6,14.2,36.6,29.5,7.3,9.1,47.4,90.2,15.1,37.7,10.3,43.6,79.264750152,94.947389467,19.9,47.5,ok
"Abbott, Andrew",671096,29,166.1,684,19,149,43,21.8,6.3,0.235,0.374,0.285,0.659,0.233,0.385,0.288,0.294,0.286,0.152,72.2,27.4,11.1,8.5,28.8,22.2,7.4,9.8,49.7,87.8,19.3,34.8,8.0,33.7,77.083824,93.25435499,24.0,50.0,ok
"Rodríguez, Manuel",655889,31,30.1,121,2,25,6,20.7,5.0,0.232,0.313,0.275,0.588,0.245,0.33,0.26,0.274,0.288,0.084,72.3,27.7,14.7,10.9,33.1,24.5,7.3,8.6,45.1,87.4,1.3,28.1,3.4,41.6,74.583747273,94.352912299,25.9,50.1,low
"Uribe, Abner",682842,75,75.1,298,4,90,27,30.2,9.1,0.194,0.255,0.284,0.539,0.203,0.28,0.247,0.26,0.292,0.077,71.1,20.0,12.1,8.6,27.6,19.8,7.5,11.8,48.4,86.2,6.3,28.6,2.9,34.9,73.561736941,93.438742544,32.0,45.7,ok
"Roycroft, Chris",688297,20,20.2,101,2,15,12,14.9,11.9,0.306,0.518,0.39,0.908,0.268,0.473,0.383,0.365,0.364,0.206,71.4,20.9,21.0,16.5,36.3,28.5,7.0,4.8,41.8,92.1,6.9,24.7,11.0,46.6,81.821721389,95.860379859,21.4,47.5,low
"Smith, Shane",681343,29,146.1,616,17,145,58,23.5,9.4,0.216,0.363,0.305,0.668,0.229,0.383,0.296,0.31,0.318,0.154,71.8,23.5,13.7,10.2,33.2,24.8,7.2,8.0,50.8,90.3,13.3,35.4,6.8,45.4,79.548236111,94.983409519,27.7,48.3,ok
"Weissert, Greg",669711,72,67.0,278,6,57,21,20.5,7.6,0.227,0.355,0.292,0.647,0.22,0.371,0.284,0.289,0.287,0.151,71.5,22.2,12.0,9.4,36.6,28.8,7.2,9.1,51.0,89.8,13.5,35.5,7.7,38.6,80.156528265,94.000111026,22.4,46.7,ok
"Poulin, PJ",676571,28,24.2,110,2,27,13,24.5,11.8,0.247,0.333,0.345,0.678,0.23,0.345,0.307,0.308,0.336,0.116,72.5,37.0,14.3,11.0,32.8,25.3,7.3,9.6,48.1,89.3,13.8,35.3,4.5,41.2,79.626795882,93.884591791,26.6,43.9,low
"Nicolas, Kyle",693312,31,38.0,167,3,34,18,20.4,10.8,0.233,0.356,0.323,0.679,0.235,0.381,0.303,0.316,0.328,0.146,71.8,23.8,15.2,11.0,34.3,24.9,7.3,9.8,54.4,90.0,14.3,32.7,7.1,38.9,79.652483571,94.404391607,29.4,47.5,low
"Eisert, Brandon",685126,72,69.2,306,12,74,25,24.2,8.2,0.276,0.496,0.344,0.84,0.238,0.418,0.353,0.314,0.314,0.181,71.6,21.8,15.7,10.6,32.5,22.0,7.4,11.3,58.5,87.8,13.2,38.6,9.5,37.1,76.389994545,93.646268426,32.0,46.8,ok
"Kittredge, Andrew",552640,54,53.0,208,7,64,11,30.8,5.3,0.211,0.371,0.251,0.622,0.21,0.351,0.266,0.261,0.251,0.141,72.4,29.0,15.6,11.4,31.1,22.7,7.6,12.1,57.5,90.7,7.8,33.8,6.8,44.4,79.979613939,95.016293969,29.8,53.3,ok
"Coulombe, Danny",543056,55,43.0,176,3,43,18,24.4,10.2,0.205,0.288,0.286,0.574,0.242,0.381,0.261,0.309,0.319,0.139,72.8,31.7,13.2,9.8,26.8,20.0,7.5,11.9,55.9,87.5,17.2,31.3,5.2,38.3,76.015655893,93.564165804,27.7,50.6,low
"Zerpa, Angel",672582,69,64.2,275,7,58,22,21.1,8.0,0.271,0.425,0.333,0.758,0.246,0.399,0.33,0.311,0.311,0.154,70.6,14.1,15.5,13.4,37.2,31.9,7.0,5.0,43.2,89.5,0.0,30.6,8.3,43.0,78.207393191,94.766879415,16.4,43.3,ok
"Giolito, Lucas",608337,26,145.0,613,17,121,56,19.7,9.1,0.239,0.377,0.309,0.686,0.264,0.464,0.301,0.345,0.333,0.2,72.0,27.8,16.4,12.8,36.4,28.5,7.4,12.0,50.9,90.3,16.7,38.3,9.0,41.1,79.599269676,94.777289536,22.9,47.3,ok
"Fried, Max",608331,32,195.1,801,14,189,51,23.6,6.4,0.223,0.334,0.281,0.615,0.233,0.357,0.272,0.287,0.291,0.125,71.9,24.4,14.4,10.8,32.1,24.0,7.2,8.3,45.8,87.2,6.9,29.6,6.9,37.2,74.884362841,93.857707638,26.6,46.9,ok
"Festa, David",701581,11,53.1,229,10,53,19,23.1,8.3,0.24,0.422,0.316,0.738,0.243,0.465,0.322,0.338,0.319,0.222,72.3,25.1,15.7,11.6,32.1,23.6,7.5,13.1,55.7,90.4,19.8,34.0,11.8,40.5,79.851768158,95.067738344,27.4,51.2,ok
"Funderburk, Kody",681892,39,41.0,183,2,40,18,21.9,9.8,0.275,0.369,0.355,0.724,0.244,0.34,0.321,0.298,0.328,0.097,70.4,15.8,15.1,11.9,37.2,29.2,7.0,6.0,47.4,90.4,6.9,29.5,4.9,42.6,80.192307333,94.409817833,21.4,41.9,low
"Luzardo, Jesús",666200,32,183.2,758,16,216,57,28.5,7.5,0.24,0.356,0.299,0.655,0.228,0.355,0.29,0.285,0.289,0.127,71.8,23.7,11.8,8.3,30.2,21.3,7.4,10.7,49.2,88.5,13.1,34.2,6.7,37.1,77.489938987,93.779297426,30.8,47.8,ok
"Cortes, Nestor",641482,8,34.1,157,13,29,20,18.5,12.7,0.269,0.59,0.369,0.959,0.262,0.573,0.405,0.395,0.364,0.312,72.3,33.3,20.1,15.3,42.6,32.4,7.4,10.7,55.0,92.5,18.4,33.0,15.1,46.2,83.209040943,95.498235429,25.0,42.7,low
"Alexander, Tyler",641302,52,97.2,423,9,82,30,19.4,7.1,0.277,0.407,0.331,0.738,0.28,0.438,0.318,0.332,0.334,0.158,71.3,22.5,14.4,11.4,33.8,26.7,7.2,9.5,53.8,88.5,16.6,37.3,5.9,39.6,77.131036107,94.163849394,21.5,48.8,ok
"Williams, Gavin",668909,31,167.2,704,23,173,83,24.6,11.8,0.211,0.364,0.307,0.671,0.231,0.405,0.299,0.321,0.325,0.174,71.8,23.9,13.3,10.0,33.1,24.9,7.3,9.5,48.6,90.4,9.8,35.3,9.0,44.3,80.176453348,94.830091267,27.7,45.7,ok
"Brown, Ben",676962,25,106.1,472,18,121,32,25.6,6.8,0.279,0.467,0.333,0.8,0.254,0.45,0.345,0.329,0.311,0.197,71.9,26.6,17.8,13.2,38.8,28.8,7.4,10.7,53.5,92.4,12.7,36.8,11.4,47.3,82.826186581,95.598631097,28.3,47.9,ok
"Beck, Tristan",663941,31,56.2,232,7,41,16,17.7,6.9,0.223,0.379,0.28,0.659,0.261,0.429,0.286,0.326,0.319,0.169,72.1,26.2,15.2,12.1,39.6,31.5,7.4,10.8,55.5,90.1,14.7,34.7,8.7,38.2,80.599342326,94.12311386,22.9,49.1,ok
"Buttó, José",676130,55,67.0,284,4,58,32,20.4,11.3,0.256,0.388,0.342,0.73,0.249,0.417,0.318,0.328,0.337,0.169,71.4,19.5,13.8,10.0,35.8,25.9,7.4,10.7,54.6,90.1,8.6,29.8,9.4,39.8,79.676354421,94.558922063,28.8,47.2,ok
"Rogers, Trevor",669432,18,109.2,423,6,103,29,24.3,6.9,0.18,0.263,0.24,0.503,0.225,0.376,0.226,0.288,0.282,0.151,72.2,26.5,16.2,12.2,30.1,22.6,7.4,10.5,47.4,89.7,13.1,31.5,7.6,48.4,77.857441469,95.210002667,25.6,52.9,ok
"Henry, Cole",669371,57,52.2,241,7,52,32,21.6,13.3,0.219,0.367,0.358,0.725,0.212,0.366,0.328,0.326,0.355,0.154,71.2,19.2,13.0,9.9,33.2,25.3,7.2,10.4,58.8,88.8,23.3,31.5,7.5,37.0,77.547687397,94.270835034,25.6,42.8,ok
"Chapman, Aroldis",547973,67,61.1,228,3,85,15,37.3,6.6,0.132,0.198,0.189,0.387,0.175,0.278,0.177,0.227,0.23,0.103,71.7,24.5,8.6,5.6,22.7,14.7,7.2,8.3,49.7,88.8,18.9,34.4,5.5,36.7,78.389957656,93.713131024,35.8,57.3,ok
"Pilkington, Konnor",663455,32,28.1,123,7,34,17,27.6,13.8,0.216,0.471,0.333,0.804,0.254,0.524,0.346,0.382,0.367,0.27,71.8,25.6,13.9,10.3,31.9,23.6,7.3,9.0,50.8,90.6,17.1,50.0,15.7,44.3,79.376078286,95.251717143,29.1,44.6,low
"Ferrer, José A.",678606,72,76.1,324,5,71,16,21.9,4.9,0.276,0.381,0.326,0.707,0.252,0.353,0.31,0.294,0.307,0.102,71.2,18.8,14.0,10.7,34.2,26.1,7.1,5.6,36.6,89.1,0.8,28.3,4.8,42.2,77.190838991,94.646342064,24.8,49.8,ok
"Zeferjahn, Ryan",666171,62,57.0,256,12,73,34,28.5,13.3,0.227,0.431,0.341,0.772,0.217,0.403,0.335,0.321,0.333,0.186,71.2,18.9,12.3,9.0,24.6,18.1,7.4,10.0,49.5,88.3,15.1,38.6,10.3,37.2,77.010090845,93.863811135,30.3,45.3,ok
"Bird, Jake",656234,48,55.1,248,7,66,25,26.6,10.1,0.276,0.438,0.355,0.793,0.235,0.373,0.34,0.305,0.321,0.139,71.2,18.4,16.0,11.9,33.1,24.6,7.4,11.7,47.0,88.5,8.6,34.4,8.4,42.9,76.501208701,94.353653247,28.1,43.9,ok
"Cruz, Steven",674444,47,45.2,189,5,38,18,20.1,9.5,0.213,0.343,0.291,0.634,0.221,0.357,0.28,0.289,0.298,0.136,71.4,19.3,10.0,7.9,35.9,28.2,7.1,6.8,51.4,88.8,14.9,33.3,5.3,34.1,78.717356308,93.526750154,24.3,50.0,low
"Blubaugh, AJ",805123,11,32.0,125,6,35,12,28.0,9.6,0.152,0.339,0.232,0.571,0.184,0.383,0.251,0.279,0.261,0.2,72.2,21.7,16.4,11.6,30.0,21.2,7.3,9.6,48.0,89.9,22.6,26.9,10.4,42.3,78.425083947,95.000814211,30.0,47.9,low
"Miller, Erik",669062,36,30.0,128,0,22,20,17.2,15.6,0.238,0.287,0.373,0.66,0.253,0.354,0.297,0.33,0.39,0.101,70.9,19.3,12.4,8.6,35.0,24.4,7.2,10.4,46.2,87.8,9.2,30.1,3.6,32.5,77.48305225,93.1156705,30.7,47.3,low
"Ober, Bailey",641927,27,146.1,624,30,120,31,19.2,5.0,0.275,0.494,0.314,0.808,0.248,0.462,0.344,0.323,0.291,0.214,72.1,25.4,16.5,12.7,34.5,26.6,7.5,14.4,51.9,89.6,22.5,33.8,10.9,39.1,78.771571293,94.459521595,24.1,51.7,ok
"Bummer, Aaron",607481,42,54.1,236,3,51,18,21.6,7.6,0.25,0.373,0.339,0.712,0.267,0.372,0.31,0.318,0.355,0.105,71.0,20.6,14.8,11.8,39.4,31.5,7.3,8.9,45.3,89.7,2.9,33.3,3.2,39.1,79.893937922,94.157028693,22.9,43.1,ok
"Dana, Caden",702674,7,32.1,141,9,33,18,23.4,12.8,0.256,0.513,0.35,0.863,0.244,0.422,0.365,0.338,0.346,0.179,72.4,30.5,13.5,9.9,30.3,22.1,7.4,11.9,54.5,89.1,12.8,31.5,11.4,39.3,78.462148182,94.224457701,28.2,42.3,low
"Legumina, Casey",668984,48,49.2,219,7,55,25,25.1,11.4,0.247,0.405,0.339,0.744,0.217,0.378,0.325,0.304,0.314,0.161,70.4,15.4,15.7,11.9,31.1,23.5,6.9,6.3,44.1,90.6,17.1,29.2,8.8,43.8,79.801734412,95.008117941,24.6,49.6,ok
"Pivetta, Nick",601713,31,181.2,721,22,190,50,26.4,6.9,0.195,0.33,0.253,0.583,0.228,0.424,0.256,0.309,0.287,0.196,71.8,23.7,15.7,12.1,33.0,25.4,7.3,10.9,56.5,90.3,19.1,36.4,10.9,45.0,79.736148771,94.701402267,24.6,47.7,ok
"Ashcraft, Braxton",677952,26,69.2,292,3,71,24,24.3,8.2,0.239,0.341,0.306,0.647,0.235,0.35,0.286,0.288,0.303,0.115,71.8,20.3,12.0,8.9,29.0,21.5,7.4,10.5,57.2,88.0,9.1,30.8,4.7,38.5,76.398213021,94.089793979,26.2,50.2,ok
"Erceg, Lucas",668674,61,61.1,249,4,48,18,19.3,7.2,0.238,0.339,0.305,0.644,0.248,0.388,0.283,0.305,0.314,0.141,71.5,22.8,15.4,11.9,32.4,25.0,7.2,9.1,41.6,89.1,8.2,27.9,7.3,37.4,77.802849663,94.233063785,24.7,48.7,ok
"Booser, Cam",592155,39,31.0,143,8,35,19,24.5,13.3,0.233,0.475,0.343,0.818,0.202,0.422,0.35,0.326,0.32,0.22,71.1,18.5,13.7,9.9,32.1,23.2,7.5,12.2,48.1,90.9,20.4,36.8,13.8,42.5,80.27361381,95.090481786,30.0,47.3,low
"Morgan, David",688158,41,47.1,193,4,50,23,25.9,11.9,0.208,0.327,0.311,0.638,0.223,0.348,0.287,0.301,0.325,0.125,71.2,18.2,13.2,10.3,29.8,23.3,7.2,8.7,48.8,91.1,10.9,33.9,7.7,45.8,81.12097569,94.875696379,25.5,49.6,low
"Kinley, Tyler",641755,73,72.2,308,6,73,33,23.7,10.7,0.196,0.304,0.289,0.593,0.219,0.355,0.263,0.292,0.31,0.135,71.3,21.2,9.5,6.8,31.1,22.2,7.7,15.7,53.3,87.0,20.5,34.7,7.0,29.6,75.874641313,93.183719543,31.2,49.1,ok
"Ramírez, Yohan",670990,24,33.1,155,4,45,16,29.0,10.3,0.246,0.396,0.342,0.738,0.234,0.409,0.324,0.328,0.334,0.176,71.3,21.4,13.1,9.9,28.1,21.4,7.4,9.3,48.9,89.7,13.5,40.0,13.3,45.6,78.336311333,94.628384556,25.8,49.5,low
"Vargas, Carlos",672841,70,77.0,331,10,54,23,16.3,6.9,0.273,0.421,0.337,0.758,0.246,0.371,0.327,0.298,0.315,0.124,70.9,18.8,11.7,9.7,38.6,32.0,7.0,5.3,44.8,88.6,4.6,25.9,4.9,35.2,77.933770083,93.844737137,18.9,48.7,ok
"Alvarado, Elvis",665660,37,42.1,183,6,50,22,27.3,12.0,0.214,0.371,0.317,0.688,0.221,0.362,0.305,0.304,0.323,0.142,71.8,22.9,13.2,8.9,30.2,20.4,7.3,9.5,51.3,89.9,16.7,30.3,8.3,46.8,78.580504727,95.049966514,33.7,46.9,low
"Ort, Kaleb",672391,49,46.0,194,8,49,27,25.3,13.9,0.213,0.396,0.323,0.719,0.187,0.345,0.316,0.287,0.301,0.158,71.7,25.5,13.0,9.3,28.3,20.2,7.3,10.4,50.9,89.3,17.1,25.9,7.8,37.9,78.636906379,94.296714914,29.2,46.4,low
"Sasaki, Roki",808963,10,36.1,161,6,28,22,17.4,13.7,0.221,0.404,0.342,0.746,0.243,0.472,0.331,0.362,0.361,0.23,71.4,20.3,14.6,11.9,37.3,30.4,7.2,10.0,51.5,90.6,13.1,32.4,11.1,45.4,80.793682037,94.617473458,22.1,43.0,low
"Murphy, Chris",669684,23,34.2,148,4,30,20,20.3,13.5,0.172,0.287,0.311,0.598,0.212,0.341,0.276,0.31,0.344,0.129,71.9,22.9,16.2,12.6,35.3,27.6,7.4,11.2,56.1,89.1,9.8,23.7,7.5,46.2,78.07668413,94.38600087,26.5,44.5,low
"Lynch IV, Daniel",663738,57,67.2,289,8,45,26,15.6,9.0,0.26,0.402,0.341,0.743,0.252,0.414,0.327,0.328,0.335,0.162,71.6,20.9,18.8,14.7,40.3,31.5,7.4,11.1,54.8,88.6,10.4,28.3,8.1,42.5,76.90873625,94.451533462,22.3,42.9,ok
"Kolek, Stephen",663568,19,112.2,461,9,77,31,16.7,6.7,0.235,0.341,0.296,0.637,0.261,0.406,0.28,0.321,0.323,0.146,72.0,26.2,18.3,15.3,36.1,30.2,7.1,6.9,48.4,91.1,7.4,32.9,6.1,48.0,80.278387602,95.430454825,17.7,46.8,ok
"Leiter Jr., Mark",643410,59,48.1,219,5,54,17,24.7,7.8,0.289,0.426,0.356,0.782,0.235,0.364,0.343,0.301,0.309,0.129,71.5,21.3,15.5,11.0,31.3,22.3,7.5,13.2,53.7,87.2,13.8,29.2,5.6,33.3,75.677094507,93.340015141,29.1,45.4,ok
"Casparius, Ben",676508,46,77.2,333,8,71,21,21.3,6.3,0.254,0.41,0.307,0.717,0.24,0.392,0.312,0.3,0.294,0.153,71.1,22.0,11.2,8.5,33.0,24.9,7.2,9.3,53.5,87.5,19.5,31.9,7.1,31.9,77.195546356,92.986533941,27.6,49.7,ok
"Saalfrank, Andrew",685314,28,29.0,113,1,19,10,16.8,8.8,0.188,0.257,0.257,0.514,0.241,0.421,0.229,0.311,0.306,0.18,72.1,24.7,19.4,14.6,40.3,30.3,7.7,14.8,58.4,88.9,12.4,34.5,7.1,40.5,78.468488333,93.839457381,27.9,47.1,low
"Misiorowski, Jacob",694819,15,66.0,272,8,87,30,32.0,11.0,0.213,0.36,0.309,0.669,0.202,0.344,0.298,0.288,0.299,0.143,71.8,22.9,7.9,5.8,24.1,17.6,7.1,6.8,50.4,89.0,15.9,40.8,7.9,37.5,79.236436579,93.62802596,29.7,49.8,ok
"Whisenhunt, Carson",687931,5,23.1,102,6,16,12,15.7,11.8,0.25,0.511,0.353,0.864,0.277,0.524,0.372,0.386,0.376,0.248,71.0,21.5,22.2,17.2,42.9,33.1,7.4,10.6,46.6,92.4,13.3,34.7,12.5,48.6,82.3382825,95.746650704,23.8,45.3,low
"Chafin, Andrew",605177,42,33.2,143,2,36,19,25.2,13.3,0.238,0.295,0.338,0.633,0.214,0.319,0.292,0.29,0.318,0.105,72.2,28.3,9.4,7.1,27.2,20.4,7.5,12.8,49.2,87.3,12.8,27.3,3.4,37.5,76.52036,93.195206322,27.7,45.9,low
"Gil, Luis",661563,11,57.0,244,5,41,33,16.8,13.5,0.226,0.365,0.332,0.697,0.255,0.42,0.311,0.342,0.356,0.166,72.3,28.1,13.2,10.5,35.0,27.9,7.2,9.5,51.9,90.5,21.3,35.5,8.3,42.6,80.108893882,94.765663491,21.5,44.0,ok
"Weaver, Luke",596133,64,64.2,262,10,72,20,27.5,7.6,0.195,0.364,0.258,0.622,0.193,0.359,0.269,0.268,0.258,0.166,72.0,24.2,10.8,7.5,28.9,20.2,7.4,12.0,57.2,90.0,22.0,35.7,8.3,39.9,79.999123333,94.278156886,31.0,52.6,ok
"Ryan, Joe",657746,31,171.0,689,26,194,39,28.2,5.7,0.218,0.392,0.275,0.667,0.209,0.397,0.29,0.289,0.269,0.188,72.2,28.6,13.0,9.7,29.8,22.3,7.1,7.9,50.1,90.2,18.7,33.1,11.5,41.9,79.815298733,94.608611131,26.1,49.7,ok
"Carrasco, Carlos",471911,11,45.2,212,10,34,17,16.0,8.0,0.316,0.56,0.368,0.928,0.281,0.468,0.393,0.354,0.342,0.187,72.5,26.2,21.1,16.4,38.9,30.3,7.5,13.2,55.8,90.7,16.6,38.5,10.8,42.9,79.769600256,94.954997051,22.5,45.6,ok
"Woods Richardson, Simeon",680573,23,111.1,471,17,107,46,22.7,9.8,0.23,0.395,0.308,0.703,0.214,0.402,0.308,0.304,0.295,0.188,72.1,26.9,13.8,10.8,32.0,25.2,7.2,10.2,52.0,90.2,20.0,34.0,11.4,41.6,80.370681656,94.323096369,24.1,48.0,ok
"Lucas, Easton",687922,6,24.1,108,5,23,12,21.3,11.1,0.272,0.478,0.343,0.821,0.275,0.535,0.348,0.37,0.348,0.26,71.9,26.4,15.9,12.4,31.8,24.9,7.2,9.3,58.0,91.2,17.4,37.0,11.0,43.8,80.981718919,94.979699863,23.9,51.6,low
"Wacha, Michael",608379,31,172.2,716,15,126,45,17.6,6.3,0.252,0.383,0.302,0.685,0.257,0.42,0.299,0.316,0.308,0.164,71.9,25.8,13.1,10.5,31.0,24.8,7.4,12.4,50.9,87.5,17.7,36.7,7.4,34.6,76.056574508,93.523519129,21.3,50.4,ok
"Keller, Mitch",656605,32,176.1,749,21,150,51,20.0,6.8,0.249,0.405,0.31,0.715,0.259,0.43,0.313,0.326,0.319,0.171,71.5,21.8,15.4,12.4,33.8,27.2,7.2,7.9,49.8,90.1,11.9,34.6,7.8,43.8,79.4512197,94.723694728,20.6,48.5,ok
"Miller, Bryce",682243,18,90.1,392,17,74,34,18.9,8.7,0.267,0.483,0.333,0.816,0.274,0.463,0.349,0.351,0.343,0.189,71.8,25.8,16.9,12.8,34.1,25.8,7.3,10.1,53.3,92.4,16.8,34.3,9.4,48.6,82.570913551,95.807492873,24.2,50.9,ok
"Matz, Steven",571927,53,76.2,309,8,59,11,19.1,3.6,0.249,0.396,0.28,0.676,0.233,0.404,0.291,0.287,0.265,0.171,71.0,20.3,14.8,12.3,33.8,28.2,7.0,7.1,47.0,88.4,10.7,31.6,6.4,40.5,76.773139914,94.236201645,18.8,48.6,ok
"López, Pablo",641154,14,75.2,312,6,73,20,23.4,6.4,0.225,0.34,0.282,0.622,0.248,0.398,0.274,0.308,0.307,0.149,71.5,22.8,11.9,8.9,32.9,24.5,7.2,9.0,48.2,88.7,14.4,39.5,6.0,35.3,77.770456355,93.87682108,25.9,48.5,ok
"Schreiber, John",670167,74,64.0,265,10,62,19,23.4,7.2,0.234,0.414,0.292,0.706,0.245,0.415,0.305,0.311,0.302,0.171,72.0,26.1,13.8,10.7,31.8,24.7,7.2,7.6,47.1,88.5,15.2,35.0,9.3,38.3,77.339312637,93.948012265,23.4,47.7,ok
"Long, Sam",669674,39,40.1,189,7,33,22,17.5,11.6,0.291,0.467,0.381,0.848,0.262,0.423,0.369,0.342,0.356,0.161,71.3,23.0,15.5,12.8,31.4,25.9,7.2,9.8,50.5,88.1,14.3,29.5,8.3,42.4,76.127649091,94.180791145,19.1,46.1,low
"Burke, Brock",656271,69,61.2,257,8,52,18,20.2,7.0,0.254,0.417,0.311,0.728,0.249,0.393,0.308,0.303,0.31,0.144,71.7,23.9,11.4,8.7,31.5,24.1,7.3,9.7,51.6,89.0,8.4,31.0,7.1,40.8,77.039255402,94.832949483,23.4,52.4,ok
"Evans, Logan",688138,16,81.1,350,13,59,31,16.9,8.9,0.262,0.447,0.335,0.782,0.271,0.465,0.339,0.35,0.344,0.194,72.4,28.3,17.7,14.4,33.3,27.2,7.4,11.0,54.4,89.9,13.6,36.3,10.5,42.6,79.041787969,94.565172078,19.4,45.0,ok
"Bender, Anthony",669622,51,50.0,204,3,42,21,20.6,10.3,0.177,0.276,0.27,0.546,0.215,0.365,0.245,0.294,0.304,0.15,71.4,20.6,16.7,13.5,39.5,32.0,7.3,10.4,50.9,89.6,8.4,23.7,7.2,44.6,78.707356957,94.508008759,20.6,41.5,ok
"Wilson, Steven",621051,59,55.1,241,7,51,22,21.2,9.1,0.239,0.373,0.311,0.684,0.236,0.382,0.296,0.302,0.312,0.145,71.4,20.1,14.0,10.8,32.7,25.2,7.4,12.1,54.2,89.6,24.9,35.2,5.5,36.4,80.504456627,93.533160485,24.8,47.6,ok
"Clarke, Taylor",664199,51,55.1,206,8,44,9,21.4,4.4,0.194,0.357,0.233,0.59,0.239,0.416,0.256,0.298,0.276,0.177,71.9,24.6,12.3,9.8,32.2,25.7,7.4,13.0,57.7,89.3,13.6,29.6,7.9,40.8,78.566884605,94.198920397,23.3,47.6,ok
"Simpson, Josh",681006,31,30.2,151,5,36,22,23.8,14.6,0.272,0.448,0.393,0.841,0.24,0.383,0.367,0.333,0.367,0.143,72.4,31.1,15.8,12.2,30.4,23.5,7.3,10.6,52.5,90.1,4.9,29.2,6.7,44.9,79.500046444,95.10063382,26.1,45.7,low
"Liberatore, Matthew",669461,29,151.2,648,19,122,40,18.8,6.2,0.266,0.423,0.313,0.736,0.272,0.465,0.318,0.339,0.322,0.192,72.1,26.2,16.1,13.1,38.4,31.4,7.3,10.4,53.9,90.6,15.3,36.3,10.6,41.1,80.506174473,94.74102241,20.2,48.2,ok
"Hancock, Emerson",676106,22,90.0,385,15,64,31,16.6,8.1,0.269,0.445,0.336,0.781,0.291,0.468,0.339,0.358,0.357,0.178,72.1,26.8,15.4,12.6,32.8,26.7,7.2,8.1,47.0,89.0,13.4,35.4,7.7,42.5,77.615179437,94.459962923,20.3,49.6,ok
"Hatch, Thomas",641672,12,34.0,152,7,22,17,14.5,11.2,0.296,0.504,0.375,0.879,0.253,0.449,0.376,0.337,0.337,0.196,73.0,33.5,13.0,10.8,29.2,24.2,7.5,12.4,58.5,87.6,13.4,34.5,8.0,38.1,75.422428772,94.029478142,19.2,48.8,low
"Gallen, Zac",668678,33,192.0,813,31,175,66,21.5,8.1,0.239,0.426,0.303,0.729,0.242,0.434,0.315,0.32,0.307,0.192,72.0,27.8,16.9,13.3,36.1,28.4,7.5,11.9,54.8,90.1,12.4,34.3,9.7,43.0,79.464557057,94.701400977,23.7,44.9,ok
"Rolison, Ryan",669020,31,42.1,193,11,25,20,13.0,10.4,0.324,0.565,0.391,0.956,0.284,0.491,0.406,0.364,0.356,0.207,72.1,26.5,15.4,13.1,37.7,32.1,7.2,9.9,56.7,87.5,6.1,33.1,9.6,38.5,75.114833973,94.058196207,17.4,46.0,low
"DeSclafani, Anthony",543101,13,38.2,169,11,36,12,21.3,7.1,0.25,0.527,0.321,0.848,0.232,0.425,0.354,0.316,0.308,0.193,72.6,28.9,15.9,12.0,38.1,28.9,7.5,11.7,50.6,89.9,15.0,31.9,8.6,43.1,79.321170351,94.710647544,25.9,46.8,low
"Kirby, George",669923,23,126.0,524,15,137,29,26.1,5.5,0.252,0.392,0.3,0.692,0.249,0.399,0.3,0.306,0.3,0.15,71.7,24.3,14.7,11.0,33.7,25.1,7.1,8.0,50.8,90.6,11.7,35.3,8.6,43.9,80.563014713,94.704687126,26.7,49.0,ok
"Bachar, Lake",669199,53,71.0,296,10,75,30,25.3,10.1,0.213,0.388,0.298,0.686,0.228,0.441,0.296,0.327,0.316,0.213,71.6,20.5,13.6,9.7,37.2,26.5,7.5,12.1,57.8,90.3,17.7,38.3,10.7,41.5,80.383076196,94.506561793,30.2,46.3,ok
"Blewett, Scott",656240,26,44.1,194,9,35,18,18.0,9.3,0.263,0.462,0.333,0.795,0.248,0.446,0.343,0.332,0.321,0.198,72.3,28.3,22.4,16.6,39.9,29.6,7.5,12.2,54.1,92.2,9.7,29.3,11.4,50.0,82.82895029,95.764812117,27.6,48.4,low
"Gonsolin, Tony",664062,7,36.0,157,9,38,18,24.2,11.5,0.244,0.467,0.346,0.813,0.237,0.47,0.354,0.351,0.339,0.233,72.4,26.7,15.8,11.2,40.0,28.4,7.5,12.8,62.9,91.2,16.3,37.8,11.2,44.9,81.195201042,95.140222083,30.3,43.8,low
"Bradish, Kyle",680694,6,32.0,126,3,47,10,37.3,7.9,0.2,0.296,0.27,0.566,0.209,0.341,0.255,0.275,0.278,0.131,71.8,28.4,12.0,8.1,28.6,19.3,7.3,11.0,55.8,89.8,20.3,45.6,8.8,38.2,79.437979706,94.417301029,34.8,45.3,low
"Uceta, Edwin",670955,70,76.0,321,11,103,27,32.1,8.4,0.22,0.39,0.303,0.693,0.219,0.395,0.3,0.306,0.305,0.176,72.7,30.7,12.7,8.3,26.3,17.2,7.5,11.9,55.9,88.6,17.2,39.3,9.3,36.6,76.979023222,94.165568324,35.6,53.0,ok
"Milner, Hoby",571948,73,70.1,293,5,58,21,19.8,7.2,0.256,0.38,0.312,0.692,0.235,0.405,0.298,0.303,0.297,0.17,71.2,22.4,14.3,12.2,35.4,30.3,7.1,7.6,45.5,88.4,6.7,28.3,9.0,36.8,77.915462692,93.624473333,15.5,43.6,ok
"Suter, Brent",608718,48,67.2,291,11,53,18,18.2,6.2,0.257,0.424,0.307,0.731,0.25,0.425,0.316,0.314,0.302,0.175,71.0,18.5,13.9,11.0,32.9,26.0,7.2,7.6,44.5,85.8,13.5,33.9,8.0,32.9,73.570382885,93.10736599,21.4,48.0,ok
"Nola, Aaron",605400,17,94.1,404,18,97,28,24.0,6.9,0.267,0.48,0.325,0.805,0.246,0.417,0.346,0.315,0.306,0.171,72.4,24.7,14.4,10.9,33.3,25.3,7.6,13.2,57.0,89.4,12.7,35.3,9.1,43.3,78.681702336,94.399605751,25.2,46.9,ok
"Lord, Brad",695418,48,130.2,546,17,108,43,19.8,7.9,0.255,0.415,0.317,0.732,0.27,0.437,0.319,0.335,0.331,0.167,71.3,21.5,14.8,11.8,29.8,23.7,7.0,5.0,39.7,88.5,10.1,34.4,7.1,41.8,76.261947744,94.578532262,21.3,50.0,ok
"Garcia, Robert",676395,71,64.0,269,8,68,22,25.3,8.2,0.24,0.372,0.305,0.677,0.235,0.399,0.295,0.304,0.301,0.165,72.1,24.1,15.2,10.9,32.0,23.0,7.3,8.4,53.1,88.6,11.9,38.2,7.9,34.3,77.653895909,93.978746286,28.6,51.0,ok
"Finnegan, Kyle",640448,56,57.0,229,4,55,18,24.0,7.9,0.221,0.348,0.283,0.631,0.226,0.337,0.273,0.278,0.291,0.112,72.4,27.1,14.7,11.2,33.0,25.0,7.3,10.2,53.2,90.4,11.5,32.5,7.8,42.9,80.162518158,94.625118344,24.6,50.0,ok
"Gómez, Yoendrys",672782,21,62.2,277,12,58,27,20.9,9.7,0.247,0.44,0.33,0.77,0.249,0.467,0.335,0.347,0.333,0.218,71.8,24.5,13.0,10.0,33.2,25.8,7.3,10.4,57.9,89.4,17.5,36.9,12.4,37.4,79.100776559,94.185554595,23.9,47.1,ok
"Stanek, Ryne",592773,65,56.0,255,7,58,32,22.7,12.5,0.253,0.403,0.345,0.748,0.236,0.411,0.33,0.327,0.332,0.174,71.5,19.7,11.5,8.4,29.4,21.6,7.2,8.7,54.2,90.3,19.9,37.0,10.9,43.6,80.257948072,94.444661758,27.8,52.5,ok
"Williams, Trevor",592866,17,82.2,373,11,65,21,17.4,5.6,0.31,0.477,0.347,0.824,0.277,0.435,0.352,0.33,0.321,0.158,71.9,24.2,16.8,13.4,37.1,29.7,7.3,10.0,41.8,90.0,18.1,39.6,8.5,40.7,79.796024317,94.332743633,19.8,46.7,ok
"Ray, Robbie",592662,32,182.1,755,22,186,73,24.6,9.7,0.221,0.383,0.298,0.681,0.219,0.385,0.299,0.3,0.299,0.166,71.9,25.4,13.1,9.5,32.5,23.6,7.3,10.9,52.6,91.0,17.7,35.4,9.6,44.7,81.357482769,94.734721694,27.8,49.3,ok
"Green, Chad",643338,45,43.2,190,14,35,13,18.4,6.8,0.291,0.566,0.347,0.913,0.268,0.557,0.385,0.37,0.326,0.289,71.8,22.9,19.7,15.4,36.3,28.3,7.3,10.3,54.5,92.3,18.3,35.0,16.4,52.9,82.219181449,96.106873333,22.7,51.0,low
"Strowd, Kade",669704,25,26.1,105,1,24,13,22.9,12.4,0.178,0.222,0.286,0.508,0.192,0.258,0.241,0.262,0.299,0.067,71.1,18.3,10.3,7.8,29.1,22.2,7.2,6.6,47.7,86.0,4.7,19.4,1.5,31.3,73.841790294,93.227207761,26.8,47.8,low
"Harrison, Kyle",690986,11,35.2,156,4,38,14,24.4,9.0,0.248,0.404,0.321,0.725,0.246,0.409,0.315,0.316,0.319,0.163,71.7,24.3,13.8,10.0,34.9,25.5,7.0,5.2,35.5,90.7,13.6,40.8,6.8,42.7,80.8124982,94.7913102,25.9,50.5,low
"Castillo, Luis",622491,32,180.2,745,23,162,46,21.7,6.2,0.244,0.402,0.297,0.699,0.245,0.418,0.304,0.312,0.299,0.173,71.5,21.8,14.2,10.8,31.5,24.1,7.1,8.9,49.4,90.3,14.5,32.1,10.4,46.4,79.249648523,95.089940152,24.6,51.6,ok
"Fitts, Richard",690916,11,45.0,195,11,40,16,20.5,8.2,0.251,0.456,0.323,0.779,0.266,0.488,0.337,0.361,0.342,0.221,71.2,23.1,16.2,12.6,31.9,24.9,7.1,8.2,54.5,90.7,11.8,39.6,12.8,48.5,79.695850909,95.34205947,25.3,53.2,low
"Cameron, Noah",702070,24,138.1,556,18,114,43,20.5,7.7,0.214,0.361,0.279,0.64,0.245,0.41,0.281,0.313,0.307,0.166,71.9,24.7,16.4,12.2,34.8,25.9,7.5,12.1,50.4,87.9,13.0,32.6,6.3,37.4,76.19833699,93.899827391,26.6,47.2,ok
"Myers, Tobias",668964,22,50.2,220,5,38,15,17.3,6.8,0.269,0.398,0.323,0.721,0.263,0.43,0.315,0.324,0.318,0.167,71.8,24.3,15.6,12.3,37.1,29.1,7.3,10.9,52.5,90.3,15.4,32.7,6.7,44.8,80.333098049,94.68101638,21.4,51.0,ok
"Civale, Aaron",650644,23,102.0,435,16,88,33,20.2,7.6,0.245,0.434,0.313,0.747,0.233,0.423,0.323,0.314,0.303,0.19,71.7,24.9,14.4,11.4,32.7,25.8,7.3,11.9,56.7,88.5,19.2,34.9,9.8,39.1,77.580307632,93.781385182,21.8,45.4,ok
"Cox, Austin",680735,13,21.1,102,9,22,7,21.6,6.9,0.319,0.681,0.363,1.044,0.269,0.561,0.434,0.37,0.318,0.292,72.4,31.8,17.0,14.2,32.7,27.3,7.4,9.6,45.5,90.3,9.1,30.1,16.4,47.9,78.813003243,95.464179315,18.4,47.1,low
"Gilbert, Logan",669302,25,131.0,535,20,173,31,32.3,5.8,0.211,0.377,0.266,0.643,0.206,0.367,0.28,0.275,0.263,0.161,71.9,25.0,13.2,9.2,30.9,21.5,7.5,12.5,49.9,90.8,15.0,32.1,8.6,41.7,81.144057391,94.674260997,32.9,51.1,ok
"Sabrowski, Erik",681870,33,29.1,121,2,42,21,34.7,17.4,0.144,0.247,0.314,0.561,0.155,0.279,0.271,0.286,0.323,0.124,72.1,23.7,10.5,6.6,24.2,15.2,7.1,8.9,59.6,89.7,24.8,38.2,3.6,41.8,79.735872593,94.370352075,38.1,47.5,low
"Hicks, Jordan",663855,34,67.1,314,6,58,32,18.5,10.2,0.297,0.442,0.387,0.829,0.266,0.381,0.364,0.33,0.36,0.116,71.2,21.2,14.9,11.8,36.5,29.0,7.3,9.6,46.2,90.0,5.8,31.6,4.7,45.6,79.016019245,94.960133585,23.1,43.6,ok
"Scherzer, Max",453286,17,85.0,358,19,82,23,22.9,6.4,0.262,0.497,0.313,0.81,0.245,0.482,0.346,0.332,0.297,0.237,72.6,29.3,13.9,10.7,29.1,22.4,7.4,11.5,56.0,88.3,21.5,38.2,12.4,38.2,76.999474683,94.042422948,23.6,50.1,ok
"Woodruff, Brandon",605540,12,64.2,257,9,83,14,32.3,5.4,0.188,0.331,0.242,0.573,0.171,0.299,0.252,0.233,0.226,0.128,71.9,24.6,12.0,8.8,27.8,20.4,7.2,8.5,49.9,87.9,24.6,28.8,7.1,35.9,76.785361154,93.594377821,27.9,50.5,ok
"Fairbanks, Pete",664126,61,60.1,244,7,59,18,24.2,7.4,0.201,0.348,0.263,0.611,0.219,0.338,0.269,0.275,0.281,0.119,71.7,23.6,11.9,9.1,32.4,24.9,7.4,10.5,60.8,90.2,14.3,28.9,4.8,42.8,80.555249878,94.165084049,26.1,50.6,ok
"Birdsong, Hayden",806185,21,65.2,298,10,68,37,22.8,12.4,0.242,0.425,0.347,0.772,0.227,0.42,0.338,0.334,0.337,0.193,72.0,26.0,13.6,10.0,34.9,25.8,7.3,10.7,54.0,89.8,20.0,36.2,9.6,46.8,79.24058734,94.684951497,28.4,43.7,ok
"Sands, Cole",663485,69,72.0,299,7,64,19,21.4,6.4,0.242,0.39,0.297,0.687,0.235,0.403,0.296,0.306,0.296,0.169,71.7,23.0,13.4,10.7,33.1,26.2,7.3,10.5,58.2,89.4,12.4,32.1,9.9,41.5,78.396383942,94.410445845,22.2,48.5,ok
"Rogers, Tyler",643511,81,77.1,299,4,48,7,16.1,2.3,0.229,0.302,0.248,0.55,0.246,0.311,0.241,0.256,0.266,0.065,70.7,16.5,15.5,13.2,35.6,30.4,6.9,0.7,27.8,85.8,-2.9,26.0,2.1,33.1,73.504614202,93.082203445,15.9,54.6,ok
"Yamamoto, Yoshinobu",808967,30,173.2,684,14,201,59,29.4,8.6,0.183,0.283,0.257,0.54,0.198,0.304,0.244,0.259,0.271,0.106,71.8,24.2,12.4,8.9,27.7,19.9,7.3,9.0,52.3,88.3,7.7,28.3,5.7,39.7,76.238509183,94.220626442,28.9,46.7,ok
"Brazobán, Huascar",623211,52,63.0,262,6,57,27,21.8,10.3,0.227,0.347,0.315,0.662,0.225,0.362,0.294,0.309,0.322,0.137,72.3,27.4,9.9,7.7,27.8,21.6,7.6,12.7,55.7,87.1,11.5,28.7,8.1,34.5,75.598611294,93.356656824,23.9,48.4,ok
"Springs, Jeffrey",605488,32,171.0,713,28,138,54,19.4,7.6,0.236,0.422,0.295,0.717,0.249,0.431,0.309,0.321,0.309,0.182,71.4,21.6,15.8,11.9,36.7,27.6,7.5,11.3,52.0,88.3,19.2,38.2,8.1,37.3,76.965319805,93.911262183,26.0,46.3,ok
"Ragans, Cole",666142,13,61.2,257,7,98,20,38.1,7.8,0.228,0.384,0.293,0.677,0.187,0.321,0.295,0.256,0.256,0.135,71.5,21.5,11.6,7.8,27.1,18.3,7.3,9.5,49.6,88.4,16.6,32.1,9.5,39.4,76.571539706,94.275790368,34.8,49.6,ok
"Duran, Jhoan",661395,72,70.0,287,3,80,19,27.9,6.6,0.221,0.285,0.279,0.564,0.21,0.296,0.248,0.248,0.269,0.087,71.6,22.9,13.3,9.6,29.9,21.5,6.9,5.2,44.1,89.4,-2.4,22.2,4.3,41.6,77.695448478,94.76861306,30.8,53.2,ok
"Castillo, José",620454,29,32.0,149,4,30,14,20.1,9.4,0.31,0.457,0.389,0.846,0.252,0.372,0.367,0.315,0.341,0.12,71.9,26.6,16.5,13.1,37.1,29.4,7.5,10.3,52.3,89.7,4.2,34.7,6.0,42.6,79.415740408,94.443429388,22.6,46.4,low
"Cannon, Jonathan",686563,22,103.2,466,19,86,38,18.5,8.2,0.278,0.494,0.344,0.838,0.271,0.485,0.358,0.354,0.339,0.214,72.0,24.2,15.8,12.5,33.3,26.3,7.2,10.4,55.7,90.3,17.4,37.3,10.8,45.4,79.404566446,94.921395663,21.4,48.4,ok
"Kershaw, Clayton",477132,23,112.2,463,8,84,35,18.1,7.6,0.243,0.362,0.302,0.664,0.249,0.377,0.292,0.303,0.31,0.128,73.0,37.0,18.6,14.3,38.4,29.4,7.6,13.5,54.0,89.7,11.6,31.3,4.1,42.1,78.924767294,94.516163835,24.3,45.3,ok
"Strahm, Matt",621381,66,62.1,256,5,70,20,27.3,7.8,0.208,0.341,0.273,0.614,0.197,0.33,0.267,0.261,0.264,0.133,71.5,24.1,10.4,8.2,28.4,22.3,7.3,10.1,54.8,89.4,29.4,33.5,4.3,38.4,79.689007051,93.789260192,23.8,52.4,ok
"Palencia, Daniel",694037,54,52.2,215,5,61,16,28.4,7.4,0.224,0.362,0.288,0.65,0.225,0.354,0.284,0.282,0.289,0.13,70.9,19.2,11.8,8.8,36.8,27.4,7.0,8.0,52.1,90.1,14.4,38.2,4.4,48.5,80.17049,94.70085791,27.5,51.0,ok
"Mazur, Adam",800049,6,30.0,139,4,19,12,13.7,8.6,0.264,0.424,0.331,0.755,0.273,0.459,0.329,0.347,0.34,0.187,73.0,33.5,13.9,11.0,32.8,26.0,7.5,11.2,62.1,87.5,12.1,34.6,8.4,31.8,76.053010741,93.596534206,21.8,48.9,low
"Buehler, Walker",621111,26,126.0,564,22,92,60,16.3,10.6,0.265,0.437,0.357,0.794,0.268,0.45,0.348,0.355,0.36,0.182,72.2,28.0,14.5,11.9,31.8,26.1,7.3,10.4,58.9,87.9,11.8,35.8,9.5,37.8,75.994121608,94.03109665,19.2,44.6,ok
"Halvorsen, Seth",678020,42,39.2,172,7,36,20,20.9,11.6,0.273,0.493,0.357,0.85,0.238,0.417,0.364,0.323,0.326,0.179,71.2,22.1,13.6,9.7,33.2,23.6,7.1,6.5,50.4,89.0,6.1,29.3,9.5,39.7,77.340176667,94.422480442,29.4,48.1,low
"Valdez, Framber",664285,31,192.0,802,15,187,68,23.3,8.5,0.238,0.358,0.308,0.666,0.241,0.37,0.295,0.303,0.312,0.129,72.3,26.4,18.8,14.2,38.0,28.7,7.5,10.4,50.5,90.8,2.7,28.1,6.7,46.3,79.964667978,95.300987092,26.6,47.3,ok
"Lopez, Jacob",682052,21,92.2,399,15,113,37,28.3,9.3,0.23,0.403,0.317,0.72,0.21,0.369,0.317,0.297,0.3,0.159,71.6,23.0,12.4,9.0,25.4,18.4,7.5,11.4,52.2,86.9,21.8,39.0,6.6,33.2,75.241919153,93.259499619,28.3,45.6,ok
"Verlander, Justin",434378,29,152.0,662,16,137,52,20.7,7.9,0.261,0.413,0.323,0.736,0.252,0.419,0.32,0.319,0.316,0.168,71.6,23.7,14.6,11.1,33.1,25.1,7.4,11.7,55.9,88.6,18.2,37.3,8.1,37.0,77.701988918,93.938797983,24.8,48.8,ok
"Vasil, Mike",678024,47,101.0,423,8,82,52,19.4,12.3,0.204,0.312,0.318,0.63,0.227,0.368,0.284,0.312,0.337,0.141,71.2,17.0,15.9,12.4,36.1,28.3,7.2,8.4,51.4,89.3,8.4,30.4,7.2,38.2,78.393725324,94.283436871,24.0,42.5,ok
"Curtiss, John",595928,30,36.2,141,5,24,5,17.0,3.5,0.215,0.385,0.243,0.628,0.263,0.462,0.27,0.32,0.289,0.2,72.0,27.0,12.3,9.9,29.9,24.2,7.1,9.2,59.1,90.0,16.6,44.6,8.9,42.9,79.690204727,94.392163455,20.4,52.3,low
"Brieske, Beau",689225,22,22.0,103,5,16,12,15.5,11.7,0.273,0.489,0.353,0.842,0.217,0.383,0.357,0.312,0.321,0.166,71.7,19.8,14.2,11.4,35.1,28.1,7.3,11.3,58.1,89.4,15.6,26.7,8.1,50.7,78.116545135,94.960522297,21.2,44.2,low
"Englert, Mason",669438,29,44.2,185,4,44,11,23.8,5.9,0.251,0.345,0.299,0.644,0.269,0.415,0.285,0.318,0.316,0.145,73.0,33.2,16.1,12.1,33.1,24.8,7.6,13.2,53.1,91.8,12.8,37.5,9.4,46.9,81.021740794,95.853766746,25.1,50.1,low
"Díaz, Edwin",621242,62,66.1,258,4,98,21,38.0,8.1,0.164,0.244,0.258,0.502,0.17,0.264,0.234,0.247,0.266,0.094,71.4,23.4,9.7,5.8,28.6,17.2,7.2,9.9,45.7,88.5,11.3,32.8,4.6,39.7,77.057612969,94.369810156,41.5,47.6,ok
"Pérez, Martín",527048,11,56.0,228,6,44,22,19.3,9.6,0.198,0.347,0.281,0.628,0.249,0.492,0.278,0.354,0.328,0.243,72.4,27.3,19.1,14.9,33.8,26.4,7.5,12.4,52.0,88.2,15.1,33.1,15.0,39.4,76.05609725,94.398870189,20.9,42.4,ok
"Sears, JP",676664,27,135.2,583,30,117,36,20.1,6.2,0.268,0.507,0.319,0.826,0.241,0.446,0.352,0.319,0.295,0.205,71.7,24.8,14.0,11.1,31.0,24.6,7.2,9.1,51.0,89.2,21.2,33.5,9.4,39.4,78.488716143,94.093992714,21.6,47.3,ok
"Flexen, Chris",623167,21,43.2,178,7,22,12,12.4,6.7,0.232,0.372,0.281,0.653,0.275,0.478,0.285,0.346,0.323,0.203,71.9,26.4,14.3,12.0,37.3,31.4,7.4,10.2,57.9,90.9,15.8,34.7,9.0,41.7,81.779611408,94.462315177,16.7,49.8,low
"Lively, Ben",594902,9,44.2,178,6,29,15,16.3,8.4,0.233,0.393,0.298,0.691,0.246,0.46,0.302,0.332,0.31,0.214,72.1,26.6,14.8,12.7,36.5,31.2,7.2,7.3,50.6,92.1,20.4,35.1,10.4,44.8,82.966507313,95.267296791,16.2,47.1,low
"Boyle, Joe",671212,13,52.0,226,6,58,28,25.7,12.4,0.221,0.374,0.327,0.701,0.218,0.378,0.312,0.312,0.325,0.16,72.5,29.8,15.8,11.6,33.2,24.2,7.3,8.0,51.0,91.1,15.1,29.2,10.2,46.0,80.542818261,95.211971825,29.0,43.9,ok
"Pomeranz, Drew",519141,57,49.2,203,5,57,15,28.1,7.4,0.21,0.304,0.287,0.591,0.215,0.365,0.265,0.291,0.293,0.15,71.5,24.9,12.7,9.8,26.2,20.2,7.1,8.0,55.5,90.1,16.9,34.9,8.7,42.9,79.760165397,94.62131056,24.5,50.0,ok
"Scott, Tayler",605463,24,27.1,134,6,24,18,17.9,13.4,0.306,0.586,0.402,0.988,0.263,0.498,0.415,0.382,0.374,0.235,71.1,16.8,19.9,14.8,38.4,28.6,7.3,9.6,48.5,89.0,10.0,37.4,11.1,44.0,76.901443182,94.95786023,27.7,43.1,low
"Garrett, Reed",657585,58,55.1,238,5,64,26,26.9,10.9,0.223,0.351,0.311,0.662,0.227,0.342,0.292,0.292,0.315,0.114,72.1,24.2,12.8,9.0,32.0,22.6,7.5,12.0,52.4,88.0,12.7,36.1,4.8,40.8,75.675475753,94.289357534,30.5,45.3,ok
"Vodnik, Victor",680767,52,50.2,215,4,49,26,22.8,12.1,0.239,0.372,0.33,0.702,0.233,0.394,0.308,0.317,0.327,0.161,71.9,28.8,16.4,12.1,34.7,25.7,7.1,6.4,41.5,91.0,4.1,31.4,8.6,48.6,79.951584143,95.651511583,26.5,44.0,ok
"Helsley, Ryan",664854,58,56.0,252,8,63,25,25.0,9.9,0.275,0.437,0.347,0.784,0.242,0.395,0.336,0.31,0.319,0.153,71.0,21.5,10.6,7.7,32.3,23.7,7.4,11.2,47.3,91.0,11.4,37.4,7.4,41.7,81.211436543,94.813928199,29.5,53.0,ok
"Morejon, Adrian",670970,75,73.2,286,2,70,17,24.5,5.9,0.186,0.236,0.235,0.471,0.222,0.31,0.208,0.254,0.269,0.089,72.0,25.5,11.6,9.0,31.3,24.3,7.1,6.8,45.5,85.9,5.1,30.2,4.0,30.7,73.965707188,92.96996724,23.8,48.0,ok
"Boushley, Caleb",676961,25,43.1,193,5,41,14,21.2,7.3,0.305,0.458,0.363,0.821,0.306,0.496,0.356,0.37,0.363,0.191,71.5,18.3,19.2,15.1,39.7,31.3,7.3,10.2,54.6,90.8,11.9,41.9,11.8,50.0,80.443002059,95.271632148,20.8,42.2,low
"Shugart, Chase",663767,35,45.0,181,6,31,17,17.1,9.4,0.206,0.388,0.282,0.67,0.241,0.441,0.286,0.332,0.322,0.2,72.0,24.2,16.1,12.5,36.6,28.4,7.3,9.2,51.1,88.0,18.9,37.9,9.2,38.6,76.554529697,93.932006107,24.6,43.5,low
"Hendricks, Kyle",543294,31,164.2,695,25,114,43,16.4,6.2,0.262,0.447,0.311,0.758,0.246,0.408,0.324,0.308,0.299,0.162,72.2,27.8,15.4,12.5,31.4,25.6,7.4,10.0,49.5,86.1,16.3,32.6,8.3,34.3,73.673250302,93.310892792,18.3,48.0,ok
"Bibee, Tanner",676440,31,182.1,762,27,162,54,21.3,7.1,0.246,0.412,0.308,0.72,0.226,0.385,0.313,0.297,0.292,0.159,71.8,24.6,13.3,10.3,31.8,24.8,7.4,11.7,50.0,88.5,13.8,29.5,8.1,36.6,77.497463523,93.884607443,23.8,46.3,ok
"Ashby, Aaron",676879,43,66.2,270,3,76,24,28.1,8.9,0.227,0.311,0.307,0.618,0.219,0.301,0.279,0.275,0.302,0.082,71.3,17.8,12.6,9.7,33.8,26.1,7.3,8.3,52.2,89.2,-0.1,29.1,3.1,40.0,78.12069625,94.376961125,27.0,42.0,ok
"Ribalta, Orlando",687377,22,24.1,120,6,25,17,20.8,14.2,0.277,0.505,0.383,0.888,0.247,0.459,0.383,0.356,0.358,0.212,71.5,23.5,10.3,7.7,27.9,20.8,7.5,14.0,51.1,85.9,18.5,36.4,11.7,32.5,73.443785641,93.357914805,25.8,48.7,low
"Leiter, Jack",683004,29,151.2,646,18,148,67,22.9,10.4,0.222,0.361,0.309,0.67,0.235,0.427,0.298,0.326,0.321,0.192,72.3,26.9,13.7,10.6,31.3,24.2,7.2,9.7,55.7,90.5,16.1,33.8,10.8,43.9,80.051937028,94.832958467,24.3,47.8,ok
"Greene, Hunter",668881,19,107.2,420,15,132,26,31.4,6.2,0.192,0.368,0.246,0.614,0.201,0.372,0.267,0.273,0.255,0.171,71.2,20.0,13.3,9.5,30.3,21.6,7.2,9.0,51.2,90.4,20.2,35.8,9.7,45.0,79.966168837,94.82207358,31.4,53.4,ok
"Senzatela, Antonio",622608,30,130.0,618,22,73,47,11.8,7.6,0.347,0.547,0.402,0.949,0.319,0.544,0.406,0.395,0.379,0.225,71.3,23.2,19.6,16.3,42.2,35.1,7.2,7.2,44.3,90.9,10.4,36.4,9.3,46.0,79.952632708,95.433018917,18.1,46.7,ok
"Holmes, Grant",656550,22,115.0,492,16,123,54,25.0,11.0,0.235,0.387,0.328,0.715,0.24,0.414,0.316,0.329,0.334,0.174,72.1,25.4,14.2,10.2,31.0,22.2,7.5,11.8,49.1,90.1,9.3,36.4,10.1,41.9,79.629241184,94.661142401,29.7,48.3,ok
"Winn, Cole",668390,33,41.2,162,3,35,17,21.6,10.5,0.167,0.297,0.275,0.572,0.216,0.406,0.255,0.317,0.32,0.191,72.6,31.3,17.9,13.8,33.7,26.0,7.3,8.6,49.2,91.4,10.4,29.2,10.5,48.1,80.866703654,95.652362427,22.9,45.9,low
"Rocker, Kumar",677958,14,64.1,287,11,56,23,19.5,8.0,0.277,0.477,0.343,0.82,0.278,0.492,0.352,0.364,0.348,0.213,71.9,26.4,17.6,13.6,33.9,26.2,7.4,11.5,45.6,91.2,8.3,34.8,11.8,47.5,79.800612673,95.797203564,24.9,50.0,ok
"Sheehan, Emmet",686218,15,73.1,291,7,89,22,30.6,7.6,0.185,0.317,0.251,0.568,0.203,0.346,0.251,0.271,0.269,0.143,71.7,20.4,11.2,7.8,29.1,20.2,7.3,10.8,57.3,89.3,20.1,37.6,10.1,41.6,78.513132472,94.324085281,32.9,50.4,ok
"López, Jorge",605347,26,24.2,105,1,17,6,16.2,5.7,0.266,0.362,0.324,0.686,0.301,0.468,0.302,0.354,0.355,0.167,71.3,20.4,17.0,14.4,39.0,32.9,7.4,10.7,46.7,91.9,8.9,40.5,6.3,50.6,81.9893025,95.491026582,17.1,49.9,low
"Parker, Mitchell",680730,33,164.2,725,25,103,58,14.2,8.0,0.273,0.466,0.331,0.797,0.297,0.507,0.342,0.37,0.355,0.21,72.1,26.9,19.1,15.7,37.0,30.5,7.2,9.2,51.3,92.3,14.7,37.5,9.7,50.0,82.502658484,95.835160597,19.6,51.2,ok
"Cavalli, Cade",676917,10,48.2,219,7,40,15,18.3,6.8,0.289,0.447,0.35,0.797,0.259,0.393,0.347,0.315,0.323,0.134,72.0,26.5,17.3,12.8,34.3,25.3,7.2,8.8,49.7,87.7,3.8,29.7,4.5,41.8,74.775958974,94.471469551,27.9,49.6,ok
"Morillo, Juan",666661,42,34.1,152,2,36,20,23.7,13.2,0.297,0.43,0.393,0.823,0.229,0.326,0.363,0.301,0.336,0.097,71.0,19.7,10.6,7.7,26.5,19.3,7.0,5.4,45.6,87.2,11.2,31.6,5.3,42.1,74.442016809,94.11918828,26.6,48.8,low
"Salazar, Eduardo",674285,30,29.0,151,7,23,17,15.2,11.3,0.359,0.611,0.433,1.044,0.286,0.477,0.443,0.369,0.372,0.191,71.9,22.7,16.3,13.3,33.2,27.0,7.0,6.8,50.6,89.6,8.5,33.6,9.2,44.5,78.050016415,94.98157283,20.7,47.9,low
"Houser, Adrian",605288,21,125.0,518,10,92,38,17.8,7.3,0.261,0.385,0.325,0.71,0.254,0.387,0.312,0.312,0.32,0.133,72.4,26.6,16.4,13.6,35.2,29.2,7.3,9.4,52.2,90.2,9.3,30.3,6.1,47.6,79.183997937,95.051249788,18.1,49.6,ok
"Johnson, Pierce",572955,65,59.0,238,8,59,19,24.8,8.0,0.242,0.4,0.303,0.703,0.228,0.395,0.302,0.297,0.294,0.167,71.5,21.2,18.6,14.3,35.1,27.1,7.3,8.9,53.3,90.4,17.2,37.7,8.8,42.8,80.649012025,94.362369045,26.2,44.2,ok
"Roupp, Landen",694738,22,106.2,476,11,102,45,21.4,9.5,0.268,0.4,0.34,0.74,0.248,0.408,0.325,0.319,0.323,0.161,71.8,24.9,15.1,11.4,36.6,27.7,7.5,12.7,46.0,88.4,9.8,36.5,8.9,36.5,76.827210559,94.175041433,25.2,43.8,ok
"Pérez, Eury",691587,20,95.1,385,12,105,32,27.3,8.3,0.195,0.358,0.268,0.626,0.203,0.366,0.275,0.281,0.275,0.163,71.9,24.9,11.8,8.8,29.4,21.9,7.4,11.3,52.4,90.5,22.3,31.8,9.0,46.5,79.803726066,95.063994016,28.4,50.3,ok
"Gibson, Cade",806188,44,54.2,230,3,43,21,18.7,9.1,0.219,0.318,0.31,0.628,0.244,0.347,0.279,0.304,0.334,0.103,71.8,25.7,16.1,12.8,34.5,27.5,7.3,10.4,50.5,87.9,7.2,31.3,5.6,37.5,76.765823038,93.675747975,22.3,42.5,ok
"Oviedo, Johan",670912,9,40.1,170,6,42,23,24.7,13.5,0.182,0.336,0.306,0.642,0.211,0.378,0.291,0.316,0.33,0.167,72.2,28.1,13.7,9.6,31.4,22.1,7.4,10.9,50.2,87.6,22.6,29.4,6.9,35.3,75.469035294,93.934282157,29.9,42.3,low
"Ortiz, Luis",682847,16,88.2,382,12,96,42,25.1,11.0,0.237,0.386,0.322,0.708,0.247,0.442,0.312,0.336,0.331,0.195,72.1,24.7,17.2,12.5,35.8,26.0,7.2,8.6,50.5,91.8,9.4,32.9,10.4,47.7,81.226247,95.788528,28.9,46.5,ok
"Eovaldi, Nathan",543135,22,130.0,496,10,129,21,26.0,4.2,0.194,0.307,0.239,0.546,0.219,0.358,0.24,0.271,0.263,0.139,72.2,28.4,13.9,10.1,31.7,22.9,7.5,12.5,46.6,88.6,9.5,31.4,7.4,38.5,77.481805,93.954033855,27.7,50.7,ok
"Schmidt, Clarke",657376,14,78.2,316,9,73,30,23.1,9.5,0.199,0.351,0.276,0.627,0.198,0.339,0.277,0.272,0.276,0.141,72.5,29.0,13.3,10.1,31.1,23.5,7.2,8.7,54.8,88.1,19.6,32.5,6.6,35.4,77.140581038,93.721791185,26.6,47.6,ok
"Brown, McCade",685326,7,25.2,126,6,23,17,18.3,13.5,0.291,0.524,0.413,0.937,0.262,0.487,0.405,0.384,0.391,0.225,71.2,22.7,13.7,10.6,37.3,28.8,7.3,9.9,55.1,91.7,16.2,42.0,9.9,45.7,82.620977317,95.201578765,23.3,44.4,low
"Enright, Nic",663671,27,31.0,127,3,30,12,23.6,9.4,0.212,0.319,0.299,0.618,0.23,0.365,0.279,0.303,0.315,0.135,70.6,15.0,8.2,6.1,27.2,20.2,7.3,9.6,49.0,87.8,19.9,32.5,6.0,36.1,77.36517439,93.154156098,26.4,51.3,low
"Lee, Chase",695445,32,37.1,148,7,36,9,24.3,6.1,0.239,0.478,0.291,0.769,0.266,0.508,0.322,0.346,0.316,0.242,71.3,18.3,15.1,12.2,34.6,27.8,7.1,8.3,51.3,90.7,14.7,43.6,13.9,40.6,80.353166863,94.948634455,21.1,44.3,low
"Garcia, Rico",670329,29,34.1,142,5,38,10,26.8,7.0,0.237,0.389,0.289,0.678,0.224,0.351,0.292,0.28,0.28,0.127,72.5,30.8,13.9,9.9,26.7,19.0,7.5,11.8,57.1,86.9,13.0,27.7,7.4,42.6,73.883420638,94.043402366,30.7,50.5,low
"Brzykcy, Zach",694350,26,23.0,110,6,24,12,21.8,10.9,0.292,0.531,0.382,0.913,0.275,0.477,0.393,0.367,0.367,0.202,71.3,17.7,11.2,8.4,31.6,23.6,7.2,11.0,61.6,90.9,21.5,41.7,8.3,44.4,81.281502222,95.008565278,27.0,50.8,low
"Hart, Kyle",606996,20,43.0,179,9,37,13,20.7,7.3,0.233,0.448,0.296,0.744,0.219,0.402,0.32,0.299,0.284,0.184,71.9,24.3,13.6,10.6,32.5,25.5,7.4,10.0,49.4,88.5,20.2,34.6,7.9,39.4,77.047599355,94.040645,19.9,44.3,low
"Nelson, Ryne",669194,33,154.0,619,17,132,41,21.3,6.6,0.217,0.381,0.273,0.654,0.245,0.411,0.284,0.308,0.299,0.166,71.4,22.1,14.2,11.4,35.4,28.4,7.0,7.7,50.8,91.4,14.3,36.2,7.5,45.5,81.990156636,94.984519659,21.6,50.4,ok
"Woo, Bryan",693433,30,186.2,731,26,198,36,27.1,4.9,0.2,0.353,0.243,0.596,0.215,0.373,0.259,0.274,0.258,0.159,71.9,26.2,13.3,10.0,30.6,23.0,7.1,6.4,44.4,89.1,13.8,32.5,9.1,41.8,77.567134979,94.556632572,26.2,53.2,ok
"Romero, JoJo",668941,65,61.0,255,2,55,29,21.6,11.4,0.217,0.286,0.311,0.597,0.22,0.343,0.265,0.291,0.318,0.123,71.6,22.1,14.8,11.2,34.2,25.9,7.4,10.6,53.8,87.3,5.1,28.6,7.3,35.1,75.560028293,93.63772638,27.0,41.5,ok
"Kelly, Michael",547184,42,39.2,166,5,29,19,17.5,11.4,0.224,0.378,0.317,0.695,0.252,0.445,0.301,0.338,0.343,0.194,71.3,18.7,14.4,11.9,33.8,28.1,7.3,9.6,45.8,87.3,14.4,35.9,10.3,35.9,76.037959474,93.379355088,22.2,43.2,low
"Wesneski, Hayden",669713,6,32.0,131,7,29,6,22.1,4.6,0.24,0.479,0.279,0.758,0.246,0.457,0.322,0.321,0.289,0.211,72.1,27.4,12.7,9.9,34.9,27.4,7.3,8.9,49.8,89.7,16.3,35.8,10.5,42.1,79.32545587,94.265432935,23.2,47.4,low
"Fedde, Erick",607200,32,141.0,623,19,83,67,13.3,10.8,0.269,0.44,0.351,0.791,0.275,0.461,0.344,0.355,0.357,0.186,72.0,26.2,14.7,12.3,35.2,29.6,7.2,8.6,51.5,90.2,14.9,35.3,7.9,42.6,80.198985764,94.366291335,18.0,44.7,ok
"Muñoz, Andrés",662253,64,62.1,254,2,83,28,32.7,11.0,0.167,0.222,0.271,0.493,0.194,0.293,0.228,0.263,0.295,0.099,70.5,16.1,11.7,7.7,30.9,20.2,7.4,10.5,44.5,86.9,8.8,31.9,6.6,39.9,74.409228529,93.885968074,36.5,47.1,ok
"Leasure, Jordan",673929,68,64.1,269,12,81,30,30.1,11.2,0.207,0.426,0.297,0.723,0.19,0.348,0.312,0.279,0.282,0.158,71.6,22.9,10.7,7.6,26.9,19.1,7.4,11.4,54.8,89.1,24.3,36.9,10.8,37.6,78.435208846,94.011580968,31.9,48.8,ok
"Schlittler, Cam",693645,14,73.0,304,8,84,31,27.6,10.2,0.217,0.337,0.309,0.646,0.23,0.384,0.291,0.314,0.322,0.154,72.0,28.4,9.1,6.8,24.4,18.3,6.9,5.5,47.8,89.0,14.5,41.3,8.2,40.2,78.249297826,94.098445683,26.1,50.1,ok
"Santana, Dennis",642701,70,70.1,270,5,60,17,22.2,6.3,0.179,0.297,0.237,0.534,0.216,0.403,0.236,0.292,0.273,0.186,72.3,26.9,14.8,10.9,33.5,24.7,7.6,13.5,59.2,88.9,15.9,33.2,10.6,37.4,78.453035158,93.826098995,27.3,51.6,ok
"Rodón, Carlos",607074,33,195.1,789,22,203,73,25.7,9.3,0.188,0.321,0.272,0.593,0.206,0.351,0.266,0.285,0.29,0.145,72.5,29.6,13.4,9.5,31.6,22.4,7.5,11.6,54.6,88.6,12.8,32.3,7.6,38.9,77.269631895,94.179910283,30.3,45.5,ok
"Dubin, Shawn",681869,30,33.2,145,6,28,11,19.3,7.6,0.28,0.462,0.345,0.807,0.236,0.376,0.351,0.301,0.304,0.14,71.9,25.6,14.0,11.4,36.0,29.4,7.3,7.8,51.2,87.8,10.7,30.8,4.8,40.4,76.061319423,93.907752788,20.7,44.6,low
"Vest, Will",676684,64,68.2,284,4,75,22,26.4,7.7,0.236,0.328,0.297,0.625,0.217,0.315,0.277,0.266,0.281,0.098,70.8,19.4,12.7,9.6,31.7,24.0,7.0,6.1,48.3,88.8,6.1,24.7,4.3,41.4,77.537494891,94.149179946,26.7,48.0,ok
"Maton, Phil",664208,63,61.1,249,3,81,24,32.5,9.6,0.196,0.294,0.296,0.59,0.195,0.282,0.266,0.264,0.296,0.088,71.0,19.0,13.0,8.7,30.3,20.3,7.3,12.5,40.0,84.8,12.2,38.7,3.6,30.7,72.288009706,92.742270667,36.2,46.9,ok
"Kelly, Merrill",518876,32,184.0,748,23,167,48,22.3,6.4,0.226,0.384,0.277,0.661,0.25,0.431,0.288,0.316,0.3,0.181,72.7,33.1,15.7,12.3,32.6,25.4,7.5,11.3,54.6,90.2,13.8,32.4,9.3,43.5,79.116163359,94.908594218,24.1,49.3,ok
"Peralta, Freddy",642547,33,176.2,723,21,204,66,28.2,9.1,0.193,0.327,0.277,0.604,0.206,0.361,0.27,0.289,0.289,0.155,71.5,22.8,9.8,7.0,28.6,20.5,7.3,10.4,50.5,88.0,18.0,33.9,9.3,34.5,76.986266955,93.5568435,30.1,46.9,ok
"Soroka, Michael",647336,22,89.2,379,12,95,29,25.1,7.7,0.216,0.374,0.306,0.68,0.21,0.351,0.302,0.293,0.301,0.142,71.8,23.6,13.1,10.5,30.6,24.4,7.3,11.0,53.3,89.2,14.3,27.5,6.7,40.4,78.414330168,94.280573361,23.7,45.5,ok
"Jansen, Kenley",445276,62,59.0,234,8,57,19,24.4,8.1,0.175,0.321,0.245,0.566,0.213,0.425,0.246,0.301,0.28,0.212,72.8,32.4,11.9,9.0,32.4,24.3,7.2,9.9,56.0,91.5,25.4,31.2,8.9,44.6,82.345025714,94.96297526,25.8,55.7,ok
"Rasmussen, Drew",656876,31,150.0,585,18,127,37,21.7,6.3,0.214,0.34,0.271,0.611,0.236,0.375,0.269,0.291,0.29,0.139,72.1,27.1,14.8,11.8,32.9,26.2,7.0,7.3,51.9,90.6,10.1,29.6,6.3,43.3,80.436147524,94.708687282,22.2,48.6,ok
"Keller, Brad",641745,68,69.2,276,4,75,22,27.2,8.0,0.182,0.247,0.265,0.512,0.197,0.296,0.238,0.262,0.279,0.1,71.1,20.3,10.1,7.5,30.2,22.4,7.2,8.3,52.0,86.7,6.5,29.5,5.8,30.6,75.762503605,92.819687251,26.9,45.1,ok
"Bieber, Shane",669456,7,40.1,159,8,37,7,23.3,4.4,0.225,0.417,0.264,0.681,0.261,0.465,0.293,0.327,0.298,0.204,72.1,25.0,19.9,14.6,42.3,31.0,7.3,10.5,60.4,93.2,9.7,36.0,12.3,48.2,84.085081228,95.836548158,27.9,46.2,low
"Beeks, Jalen",656222,61,57.1,231,6,47,20,20.3,8.7,0.202,0.341,0.277,0.618,0.235,0.398,0.271,0.306,0.308,0.163,72.5,26.5,12.8,9.4,28.6,21.0,7.2,9.3,48.8,88.5,12.5,29.0,10.5,39.5,76.33152625,94.389777875,27.7,49.2,ok
"Kranick, Max",668820,24,37.0,150,5,25,7,16.7,4.7,0.239,0.38,0.273,0.653,0.262,0.453,0.283,0.329,0.3,0.191,71.4,23.3,15.9,12.8,35.1,28.4,7.2,8.1,54.5,90.2,18.1,33.1,9.5,44.9,79.798507931,94.664708261,20.7,55.6,low
"Borucki, Ryan",621366,39,35.0,145,4,32,16,22.1,11.0,0.232,0.392,0.319,0.711,0.263,0.433,0.31,0.341,0.351,0.17,70.9,19.6,15.2,10.7,32.3,22.8,7.7,14.1,49.1,87.3,7.9,32.3,8.3,38.5,74.782124889,94.004990333,29.8,46.3,low
"Ross, Joe",605452,37,51.0,228,8,39,18,17.1,7.9,0.282,0.495,0.344,0.839,0.286,0.52,0.356,0.373,0.351,0.234,71.3,21.3,13.2,10.3,30.9,24.2,7.1,7.9,52.4,89.3,11.0,38.1,11.9,43.5,77.508137349,94.873628303,22.4,50.8,ok
"Fisher, Braydon",680755,52,50.0,202,4,62,19,30.7,9.4,0.181,0.282,0.269,0.551,0.206,0.351,0.248,0.285,0.292,0.144,71.2,18.0,12.3,8.8,34.7,24.8,7.5,13.3,59.8,88.1,16.5,29.7,7.6,36.4,77.140296441,93.774442137,29.9,43.6,ok
"Herget, Jimmy",623474,59,83.1,347,6,81,26,23.3,7.5,0.233,0.346,0.303,0.649,0.217,0.352,0.287,0.284,0.291,0.136,71.6,22.7,16.8,12.5,34.5,25.6,7.5,13.7,49.2,88.7,18.5,35.2,7.3,39.1,77.89855931,93.881776234,26.9,46.6,ok
"Montas, Frankie",593423,9,38.2,178,8,32,14,18.0,7.9,0.298,0.534,0.356,0.89,0.279,0.483,0.38,0.353,0.339,0.204,72.1,29.0,17.1,13.2,31.6,24.4,7.3,10.5,47.9,88.5,14.6,30.5,11.5,40.5,76.120782769,94.543882868,23.8,48.6,low
"Lorenzen, Michael",547179,27,141.2,606,25,127,39,21.0,6.4,0.268,0.47,0.32,0.79,0.26,0.451,0.339,0.331,0.315,0.191,71.9,26.1,13.6,10.6,35.2,27.4,7.4,11.9,50.2,89.3,15.3,36.6,8.8,39.2,78.770731389,94.056205903,23.4,48.1,ok
"Bazardo, Eduard",660825,73,78.2,313,9,82,27,26.2,8.6,0.189,0.311,0.262,0.573,0.206,0.359,0.252,0.285,0.282,0.153,71.5,21.7,13.0,10.5,31.4,25.5,7.3,10.2,54.9,88.5,15.1,32.7,9.4,37.1,77.733708515,93.734075347,19.4,42.9,ok
"Cabrera, Génesis",650893,40,42.2,187,12,35,18,18.7,9.6,0.279,0.545,0.353,0.898,0.246,0.451,0.38,0.333,0.324,0.206,72.1,23.0,17.0,12.8,36.7,27.5,7.5,12.3,59.0,89.5,19.0,32.6,11.4,42.4,78.548698182,94.615786212,27.1,48.0,low
"Martin, Davis",663436,26,142.2,601,20,104,48,17.3,8.0,0.251,0.427,0.317,0.744,0.272,0.465,0.322,0.347,0.337,0.193,72.3,27.0,17.3,13.9,34.3,27.4,7.2,8.9,55.7,90.7,11.2,36.0,9.8,44.6,79.461212182,95.394861477,21.6,49.4,ok
"Fermin, José",820862,40,34.1,152,8,39,23,25.7,15.1,0.197,0.409,0.322,0.731,0.187,0.399,0.318,0.314,0.319,0.212,71.8,24.2,15.9,10.5,34.7,23.0,7.4,11.0,55.5,91.4,21.0,34.8,13.5,46.1,81.876079111,94.816130112,33.1,45.4,low
"Knack, Landon",689017,10,42.1,185,10,42,19,22.7,10.3,0.247,0.488,0.33,0.818,0.261,0.495,0.35,0.362,0.346,0.234,71.9,24.4,16.5,13.1,32.2,25.6,7.3,11.7,54.7,91.6,17.3,43.4,15.6,49.2,81.05370082,95.808123361,21.6,45.5,low
"Kochanowicz, Jack",686799,23,111.0,512,21,72,58,14.1,11.3,0.309,0.489,0.393,0.882,0.287,0.469,0.379,0.368,0.378,0.182,72.5,30.4,18.1,14.5,37.0,29.7,7.4,10.4,53.8,92.1,6.9,28.0,9.4,49.6,81.746029301,95.756225538,20.8,47.6,ok
"Lugo, Seth",607625,26,145.1,611,27,125,55,20.5,9.0,0.244,0.438,0.319,0.757,0.256,0.48,0.329,0.348,0.331,0.224,72.0,24.7,18.0,14.6,37.1,30.0,7.4,12.0,52.6,90.7,14.2,34.8,11.1,45.2,80.328886381,94.977892339,20.6,43.9,ok
"Enns, Dietrich",608650,24,46.1,200,6,49,15,24.5,7.5,0.273,0.421,0.327,0.748,0.25,0.365,0.318,0.288,0.306,0.115,71.3,18.8,13.2,9.8,30.7,22.8,7.1,8.3,48.3,88.3,14.3,37.5,4.4,36.0,77.332521692,93.773204846,27.2,54.1,ok
"Blackburn, Paul",621112,15,39.0,175,6,34,12,19.4,6.9,0.296,0.503,0.343,0.846,0.244,0.399,0.359,0.31,0.303,0.155,73.0,34.1,12.7,10.3,27.6,22.3,7.4,10.5,56.4,87.1,11.6,33.6,7.9,35.2,75.497210313,93.464801496,22.5,47.3,low
"Cecconi, Slade",677944,23,132.0,545,24,109,32,20.0,5.9,0.247,0.451,0.294,0.745,0.267,0.489,0.319,0.343,0.314,0.222,71.3,20.0,20.4,16.2,39.5,31.4,7.3,10.0,50.4,91.7,13.8,37.2,12.2,49.1,81.626558543,95.530064534,22.5,46.5,ok
"Latz, Jacob",656641,33,85.2,348,7,76,37,21.8,10.6,0.223,0.355,0.305,0.66,0.246,0.395,0.29,0.315,0.325,0.149,71.7,25.3,15.5,11.1,33.4,23.8,7.4,10.8,54.7,90.0,17.6,33.2,6.4,42.6,79.249931624,94.595176581,29.4,49.2,ok
"Skubal, Tarik",669373,31,195.1,748,18,241,33,32.2,4.4,0.2,0.319,0.24,0.559,0.206,0.344,0.245,0.258,0.246,0.138,71.2,21.0,9.5,6.4,26.4,17.7,7.3,9.4,44.0,86.1,12.7,35.6,8.1,33.0,73.770997639,93.244404688,32.5,54.8,ok
"Povich, Cade",700249,22,112.1,488,17,118,43,24.2,8.8,0.285,0.465,0.347,0.812,0.269,0.495,0.349,0.356,0.335,0.226,72.0,25.5,18.1,13.8,34.9,26.7,7.4,11.0,52.9,91.2,13.0,36.5,11.3,46.9,80.827575802,95.396274334,24.2,44.9,ok
"Hoffman, Jeff",656546,71,68.0,287,15,84,27,29.3,9.4,0.213,0.447,0.298,0.745,0.199,0.408,0.32,0.301,0.286,0.209,71.8,23.4,13.9,9.8,29.1,20.4,7.4,12.0,53.8,89.3,15.7,31.4,12.8,39.5,77.817843765,94.667665118,31.6,50.7,ok
"Wilson, Justin",458677,61,48.1,207,3,57,20,27.5,9.7,0.262,0.366,0.34,0.706,0.236,0.363,0.309,0.296,0.316,0.127,71.9,26.3,11.6,7.9,28.0,19.0,7.2,7.9,51.2,89.2,12.9,35.2,7.0,35.9,78.971586667,93.777462698,31.9,50.7,ok
"Gordon, Colton",676467,20,86.0,379,21,72,19,19.0,5.0,0.293,0.543,0.329,0.872,0.266,0.471,0.367,0.332,0.307,0.205,72.4,28.6,14.0,11.7,30.9,25.8,7.4,10.7,51.3,89.0,19.3,38.5,11.6,40.6,77.823700284,94.21274,18.0,50.5,ok
"Cleavinger, Garrett",664076,67,61.1,243,9,82,18,33.7,7.4,0.184,0.341,0.267,0.608,0.205,0.333,0.271,0.28,0.289,0.128,72.0,27.1,17.5,11.7,35.9,24.0,7.3,9.7,48.9,88.8,11.8,34.6,5.9,41.2,76.393978485,94.963080076,36.0,49.5,ok
"Reynolds, Sean",669308,19,27.0,117,4,25,17,21.4,14.5,0.206,0.371,0.342,0.713,0.251,0.491,0.322,0.379,0.379,0.24,71.5,25.0,12.5,9.9,30.1,23.8,7.1,9.0,54.1,90.3,13.9,38.9,11.1,43.1,79.642210857,94.641773571,22.7,42.7,low
"Gray, Sonny",543243,32,180.2,753,25,201,38,26.7,5.0,0.262,0.424,0.302,0.726,0.25,0.416,0.314,0.306,0.29,0.167,72.6,29.4,16.7,12.7,33.5,25.4,7.4,11.3,51.9,88.9,11.0,34.8,9.8,40.7,76.982367233,94.518739901,27.5,47.4,ok
"Vesia, Alex",681911,68,59.2,237,9,80,22,33.8,9.3,0.181,0.348,0.272,0.62,0.185,0.346,0.269,0.274,0.278,0.161,71.1,20.7,10.3,7.2,22.9,16.0,7.1,8.4,52.1,88.5,24.9,38.5,10.8,37.7,77.218813968,94.182131587,30.7,50.2,ok
"Chivilli, Angel",683409,43,58.2,275,13,43,23,15.6,8.4,0.309,0.516,0.382,0.898,0.27,0.478,0.387,0.356,0.347,0.208,71.5,21.5,16.4,11.6,37.7,26.8,7.6,13.5,47.8,89.9,5.6,31.5,9.9,42.9,78.22648598,95.137926207,29.7,50.1,ok
"Detmers, Reid",672282,61,63.2,266,6,80,25,30.1,9.4,0.244,0.357,0.32,0.677,0.231,0.363,0.295,0.296,0.311,0.132,71.0,18.3,14.0,9.8,33.8,23.7,7.1,7.3,45.3,90.1,9.9,32.7,8.2,42.8,79.347347848,94.748538662,32.7,49.7,ok
"Holton, Tyler",663947,70,78.2,312,15,64,17,20.5,5.4,0.226,0.408,0.266,0.674,0.25,0.414,0.288,0.303,0.289,0.164,71.9,25.6,16.6,12.9,36.2,28.1,7.3,10.8,54.1,87.7,10.2,31.2,8.2,37.7,75.511923982,94.106642522,24.6,47.6,ok
"Smith, Cade",671922,76,73.2,300,4,104,19,34.7,6.3,0.201,0.328,0.261,0.589,0.201,0.299,0.255,0.248,0.263,0.098,71.1,21.5,9.8,6.5,29.3,19.6,7.0,6.8,44.2,89.2,15.8,38.7,4.0,37.0,79.068385465,93.893454593,34.3,52.3,ok
"Soriano, George",666277,24,36.2,173,10,36,19,20.8,11.0,0.307,0.567,0.39,0.957,0.309,0.54,0.405,0.402,0.394,0.232,72.1,27.5,16.7,12.8,31.3,23.8,7.4,11.8,55.4,88.7,9.1,43.5,14.8,44.3,76.067869138,94.966557826,26.0,46.7,low
"Whitlock, Garrett",676477,62,72.0,293,2,91,24,31.1,8.2,0.206,0.26,0.283,0.543,0.2,0.311,0.247,0.262,0.278,0.111,71.5,22.0,12.2,8.5,27.1,18.9,7.2,8.0,46.2,88.5,11.2,35.3,8.7,36.4,77.149183678,94.074555491,32.8,53.0,ok
"Sánchez, Cristopher",650911,32,202.0,807,12,212,44,26.3,5.5,0.227,0.321,0.275,0.596,0.225,0.345,0.264,0.272,0.273,0.12,72.0,26.9,16.1,11.4,35.6,25.2,7.5,11.0,47.7,89.0,3.0,27.0,5.7,39.8,77.436793852,94.392001148,30.4,49.5,ok
"Montero, Rafael",606160,59,60.1,253,5,58,37,22.9,14.6,0.195,0.316,0.312,0.628,0.204,0.327,0.283,0.295,0.322,0.123,72.2,28.9,11.5,8.3,27.9,20.1,7.4,11.0,55.5,88.3,11.4,25.3,7.0,38.6,76.808366154,94.108485769,29.3,47.1,ok
"Rodríguez, Yariel",684320,66,73.0,298,8,66,34,22.1,11.4,0.196,0.325,0.304,0.629,0.226,0.385,0.281,0.317,0.332,0.158,71.4,22.0,14.1,10.6,29.9,22.5,7.3,9.5,52.8,86.4,15.8,39.6,9.4,35.9,74.039525263,93.477406085,27.5,45.6,ok
"Taylor, Grant",691799,36,36.2,157,0,54,15,34.4,9.6,0.268,0.304,0.335,0.639,0.213,0.307,0.287,0.267,0.29,0.094,71.4,18.4,10.9,7.9,28.7,20.9,7.0,5.1,39.3,90.5,11.3,38.6,5.7,50.0,79.607203571,95.609225181,30.7,48.0,low
"Stroman, Marcus",573186,9,39.0,175,6,26,16,14.9,9.1,0.282,0.468,0.354,0.822,0.275,0.497,0.356,0.367,0.351,0.222,73.0,34.6,20.2,16.8,32.0,26.5,7.5,11.0,56.4,90.8,12.0,31.3,10.8,49.6,79.644443281,95.549940078,19.2,47.3,low
"King, Bryan",687911,68,68.0,275,10,69,11,25.1,4.0,0.233,0.376,0.273,0.649,0.222,0.358,0.282,0.274,0.266,0.135,70.8,20.2,14.2,11.0,34.8,27.1,6.9,6.3,41.4,88.4,14.4,33.0,5.8,36.1,78.054802766,93.54020385,24.4,49.7,ok
"Wheeler, Zack",554430,24,149.2,585,19,195,33,33.3,5.6,0.197,0.349,0.253,0.602,0.189,0.313,0.263,0.247,0.245,0.124,71.7,24.4,10.4,7.4,26.8,19.0,7.2,8.8,48.8,87.4,13.2,36.7,7.2,34.1,76.480608966,93.227809971,31.5,50.3,ok
"Bergert, Ryan",686701,19,76.1,323,8,73,35,22.6,10.8,0.215,0.352,0.302,0.654,0.238,0.41,0.29,0.322,0.325,0.172,71.7,19.0,11.1,8.6,32.8,25.4,7.3,10.9,55.8,90.0,20.0,40.7,7.0,36.4,80.998547642,93.790266132,23.9,46.9,ok
"Junis, Jakob",596001,57,66.2,274,5,55,18,20.1,6.6,0.257,0.378,0.315,0.693,0.256,0.406,0.301,0.312,0.314,0.15,71.7,21.9,16.3,12.8,34.8,27.5,7.6,13.1,53.9,87.6,12.4,30.5,6.1,38.6,75.668181771,93.920402813,22.7,44.5,ok
"Pepiot, Ryan",686752,31,167.2,679,26,167,61,24.6,9.0,0.221,0.404,0.297,0.701,0.225,0.401,0.306,0.31,0.303,0.175,72.1,27.2,13.8,10.4,30.4,22.9,7.3,9.7,52.2,90.1,15.9,36.6,9.7,42.5,79.1526625,94.907501,26.0,50.1,ok
"Melton, Troy",675512,16,45.2,180,7,36,15,20.0,8.3,0.191,0.346,0.263,0.609,0.209,0.406,0.268,0.297,0.28,0.196,71.4,19.8,15.3,11.9,36.7,28.7,7.2,8.9,51.9,90.8,14.2,32.0,8.6,49.2,80.776966719,95.062617874,23.3,48.3,low
"Brash, Matt",666374,53,47.1,199,4,58,18,29.1,9.0,0.236,0.339,0.313,0.652,0.223,0.336,0.288,0.282,0.303,0.112,71.2,21.0,11.7,8.2,32.2,22.7,7.4,11.5,51.2,86.9,6.3,31.4,5.8,30.6,75.095696034,93.324825862,30.9,42.1,low
"Lauer, Eric",641778,28,104.2,426,15,102,26,23.9,6.1,0.227,0.407,0.278,0.685,0.24,0.419,0.295,0.306,0.29,0.179,72.1,23.9,14.2,11.1,34.2,26.6,7.2,8.5,54.1,90.6,21.6,38.5,8.1,41.9,81.159901438,94.514243505,23.7,48.7,ok
"Wilson, Bryse",669060,20,47.1,224,11,28,19,12.5,8.5,0.335,0.57,0.395,0.965,0.336,0.578,0.41,0.422,0.4,0.242,71.5,20.4,19.9,16.8,36.2,30.5,7.2,9.2,51.8,91.3,17.2,39.1,11.0,45.4,80.332000824,95.450946154,16.7,47.0,ok
"Anderson, Tyler",542881,26,136.1,599,28,104,57,17.4,9.5,0.253,0.477,0.326,0.803,0.253,0.48,0.341,0.345,0.328,0.226,72.2,27.7,15.6,11.8,32.8,24.9,7.5,13.1,51.7,88.0,21.0,41.8,11.0,36.6,76.495283871,93.859851336,25.0,49.0,ok
"Wentz, Joey",666214,39,98.0,442,11,92,43,20.8,9.7,0.28,0.422,0.348,0.77,0.257,0.421,0.334,0.329,0.332,0.164,71.8,23.3,15.4,12.2,32.6,25.7,7.4,10.8,49.0,90.5,15.9,36.3,9.5,42.8,80.603843974,94.649886954,23.5,49.2,ok
"Mlodzinski, Carmen",669387,34,99.0,419,8,89,27,21.2,6.4,0.265,0.39,0.32,0.71,0.261,0.395,0.312,0.313,0.316,0.135,71.7,24.5,15.7,12.1,36.5,28.2,7.3,8.6,47.3,90.2,8.6,34.8,6.1,40.1,79.93386863,94.732405308,23.0,46.6,ok
"Burke, Sean",680732,28,134.1,596,23,133,63,22.3,10.6,0.251,0.444,0.337,0.781,0.246,0.457,0.34,0.342,0.333,0.211,71.6,23.5,14.2,10.8,32.7,24.7,7.2,10.6,54.4,89.6,17.5,39.4,10.5,42.7,78.283710052,94.73809907,25.1,46.9,ok
"Dobbins, Hunter",690928,13,61.0,256,6,45,17,17.6,6.6,0.257,0.401,0.313,0.714,0.241,0.415,0.31,0.308,0.298,0.174,71.2,19.2,18.0,14.4,40.3,32.3,7.3,9.8,50.7,89.3,9.5,31.8,6.8,41.7,77.906045053,94.643822789,21.9,46.5,ok
"McLean, Nolan",690997,8,48.0,188,4,57,16,30.3,8.5,0.2,0.294,0.277,0.571,0.225,0.357,0.259,0.292,0.299,0.132,71.9,23.3,18.1,13.1,35.2,25.5,7.2,7.4,45.5,89.5,2.8,31.0,8.0,43.4,77.761978772,94.963544071,28.4,42.4,low
"Cantillo, Joey",676282,34,95.1,401,10,108,42,26.9,10.5,0.218,0.353,0.299,0.652,0.229,0.37,0.289,0.3,0.309,0.141,71.4,22.2,18.4,13.1,39.1,27.7,7.5,13.0,43.3,89.5,12.5,34.3,7.2,41.8,78.3463956,94.47711972,29.7,43.2,ok
"Clase, Emmanuel",661403,48,47.1,201,2,47,12,23.4,6.0,0.256,0.344,0.31,0.654,0.229,0.336,0.285,0.277,0.291,0.107,71.5,22.8,10.7,7.3,32.0,22.0,7.2,5.6,43.4,88.2,12.6,34.1,5.1,38.4,77.233822174,93.803160511,32.1,54.3,ok
"Miller, Mason",695243,60,61.2,234,5,104,28,44.4,12.0,0.139,0.248,0.246,0.494,0.157,0.279,0.225,0.249,0.265,0.122,70.2,14.7,7.2,4.3,23.5,13.9,7.2,9.3,42.7,87.9,16.4,36.6,10.0,37.6,77.092263878,93.484907835,45.2,49.9,ok
"Jax, Griffin",643377,73,66.0,283,7,99,21,35.0,7.4,0.249,0.385,0.307,0.692,0.228,0.359,0.299,0.282,0.289,0.131,71.6,25.1,15.2,9.9,30.1,19.7,7.5,11.2,55.7,89.2,6.7,38.5,9.4,44.1,77.109701392,94.907304747,37.3,50.6,ok
"Pagán, Emilio",641941,70,68.2,270,10,81,22,30.0,8.1,0.168,0.336,0.241,0.577,0.181,0.346,0.254,0.266,0.254,0.165,72.0,25.8,10.5,7.6,28.7,20.8,7.4,11.7,55.6,88.9,23.7,30.3,9.1,37.0,78.859637439,93.705661043,29.2,53.2,ok
"Arrighetti, Spencer",681293,7,35.1,156,6,31,20,19.9,12.8,0.229,0.412,0.34,0.752,0.25,0.426,0.331,0.356,0.366,0.177,72.8,33.2,19.5,14.7,35.6,26.7,7.4,13.0,56.5,89.1,13.9,35.3,8.8,45.1,76.925057843,94.953613663,27.4,43.7,low
"Hoglund, Gunnar",680684,6,32.1,139,10,23,11,16.5,7.9,0.299,0.583,0.353,0.936,0.302,0.623,0.395,0.408,0.355,0.32,71.8,26.7,19.8,15.6,40.1,31.6,7.3,10.2,58.7,92.4,14.4,36.2,16.2,45.7,82.198187547,96.00007381,22.0,45.7,low
"Pallante, Andre",669467,31,162.2,715,21,111,62,15.5,8.7,0.27,0.431,0.337,0.768,0.258,0.402,0.334,0.321,0.328,0.144,71.7,21.1,15.7,12.4,36.5,28.8,7.1,8.0,50.6,89.2,1.4,28.7,6.6,39.9,77.928687634,94.458794676,22.3,45.9,ok
"Webb, Jacob",657097,55,66.0,267,10,58,19,21.7,7.1,0.202,0.358,0.264,0.622,0.217,0.365,0.27,0.281,0.279,0.148,71.2,21.3,12.5,9.0,29.2,21.0,7.4,12.7,49.5,86.6,23.0,30.9,5.9,34.6,75.052885217,93.147000383,27.6,51.1,ok
"Stratton, Chris",608717,15,21.0,104,4,22,10,21.2,9.6,0.348,0.576,0.404,0.98,0.257,0.463,0.414,0.344,0.331,0.206,72.1,23.5,17.6,12.7,35.3,25.3,7.4,9.5,47.0,87.3,9.4,36.1,9.7,36.1,75.308702222,93.622361667,27.3,45.5,low
"Gaddis, Hunter",683769,73,66.2,274,8,73,21,26.6,7.7,0.234,0.383,0.294,0.677,0.227,0.384,0.293,0.298,0.292,0.157,71.4,20.0,16.5,11.6,35.7,25.3,7.4,12.0,54.7,90.1,17.4,34.1,9.5,39.1,79.689629318,94.667482443,32.2,50.9,ok
"Neris, Héctor",593576,35,26.2,124,6,35,16,28.2,12.9,0.279,0.538,0.377,0.915,0.22,0.44,0.388,0.331,0.328,0.22,72.9,32.0,13.0,9.6,24.7,18.3,7.5,12.5,55.7,91.4,23.7,40.3,14.1,44.4,81.649308824,95.089874265,28.6,46.5,low
"Perkins, Jack",678022,12,38.2,161,4,37,18,23.0,11.2,0.193,0.321,0.292,0.613,0.214,0.351,0.277,0.297,0.311,0.137,71.3,20.9,12.8,9.0,26.2,18.3,7.2,10.2,51.7,85.7,15.7,29.8,9.6,35.6,72.800128846,93.284277981,32.2,48.2,low
"Suarez, Robert",663158,70,69.2,269,6,75,16,27.9,5.9,0.189,0.293,0.243,0.536,0.237,0.402,0.235,0.298,0.289,0.166,71.5,22.9,11.8,8.8,28.6,21.4,7.0,6.3,46.3,90.5,15.5,37.5,9.1,42.6,80.061594023,95.062653121,24.0,54.3,ok
"Hurter, Brant",676428,43,63.0,277,4,68,27,24.5,9.7,0.242,0.326,0.345,0.671,0.227,0.327,0.303,0.297,0.333,0.1,71.1,19.4,13.2,10.3,35.1,27.6,7.3,9.7,48.3,87.7,9.7,32.2,3.5,36.8,76.585990361,93.552781024,26.0,44.2,ok
"Bernardino, Brennan",657514,55,51.2,225,1,43,27,19.1,12.0,0.205,0.263,0.309,0.572,0.21,0.325,0.256,0.287,0.318,0.115,71.6,25.4,15.6,13.0,32.7,27.3,7.3,10.2,47.0,87.6,9.5,28.5,7.3,35.8,75.546172973,93.832306486,19.3,43.6,ok
"Flaherty, Jack",656427,31,161.0,681,23,188,59,27.6,8.7,0.239,0.406,0.311,0.717,0.232,0.406,0.313,0.31,0.304,0.173,71.8,24.1,15.6,11.7,30.3,22.8,7.5,11.3,49.6,89.7,16.2,37.8,10.3,43.8,78.732208967,94.724612024,27.3,45.6,ok
"Hader, Josh",623352,48,52.2,206,8,76,16,36.9,7.8,0.158,0.342,0.232,0.574,0.149,0.271,0.249,0.221,0.224,0.123,71.0,20.7,9.6,6.0,26.3,16.5,7.5,12.2,51.6,88.0,29.2,34.2,8.1,34.2,77.681164074,93.2392575,40.5,55.1,ok
"Smith-Shawver, AJ",700363,9,44.1,191,4,42,20,22.0,10.5,0.249,0.379,0.332,0.711,0.295,0.503,0.315,0.378,0.373,0.208,71.2,18.9,20.1,15.0,43.1,32.1,7.5,12.2,49.5,91.4,15.4,41.4,12.6,50.8,80.383414444,95.756931587,27.1,46.3,low
"King, John",667463,51,48.1,222,8,28,14,12.6,6.3,0.316,0.466,0.357,0.823,0.29,0.441,0.357,0.337,0.335,0.151,71.6,19.3,17.6,14.6,39.9,33.0,7.2,7.8,46.1,89.7,-0.4,28.9,5.1,43.3,78.141769205,94.955228523,19.9,50.1,ok
"Abreu, Bryan",650556,70,71.0,296,4,105,31,35.5,10.5,0.196,0.277,0.291,0.568,0.211,0.338,0.261,0.288,0.304,0.127,72.1,27.0,15.5,9.7,33.3,21.0,7.4,11.2,49.7,90.6,16.9,35.9,8.4,45.5,80.43213961,94.823645752,41.2,46.2,ok
"Littell, Zack",641793,32,186.2,759,36,130,32,17.1,4.2,0.244,0.445,0.282,0.727,0.255,0.458,0.311,0.323,0.294,0.204,72.3,28.7,15.9,12.7,35.6,28.5,7.4,11.6,56.3,90.2,14.6,32.7,9.9,40.9,80.190668797,94.458762186,20.4,51.8,ok
"Armstrong, Shawn",542888,71,74.0,284,5,74,20,26.1,7.0,0.157,0.264,0.232,0.496,0.202,0.338,0.224,0.272,0.274,0.136,72.0,26.0,9.0,6.9,28.6,22.0,7.1,7.2,46.3,88.0,19.1,32.6,7.1,34.2,77.669163587,93.240193661,24.4,47.6,ok
"Suarez, Ranger",624133,26,157.1,651,14,151,38,23.2,5.8,0.256,0.374,0.305,0.679,0.226,0.351,0.298,0.278,0.278,0.125,71.9,25.2,13.4,10.5,32.8,25.7,7.4,11.2,47.6,86.5,12.9,29.2,5.5,31.1,74.916710313,93.042499196,22.2,47.9,ok
"Hill, Jaden",677955,28,29.1,129,2,31,12,24.0,9.3,0.243,0.378,0.326,0.704,0.217,0.332,0.309,0.285,0.304,0.115,71.1,21.5,11.7,9.1,30.2,23.4,7.4,11.1,47.8,86.4,11.7,31.3,2.4,34.9,73.685496098,93.604243659,26.1,50.1,low
"Kikuchi, Yusei",579328,33,178.1,772,24,174,74,22.5,9.6,0.261,0.419,0.333,0.752,0.25,0.428,0.327,0.327,0.325,0.178,72.5,30.2,15.1,11.7,32.1,25.0,7.3,8.5,47.7,91.0,14.5,34.2,9.4,42.2,80.679269806,95.007564466,23.6,48.3,ok
"Brebbia, John",605154,22,23.1,115,5,26,12,22.6,10.4,0.289,0.515,0.386,0.901,0.229,0.41,0.388,0.33,0.337,0.181,71.5,21.8,14.6,11.7,26.8,21.3,7.2,9.1,46.7,90.1,21.5,31.9,9.7,45.8,78.430848889,95.303762778,19.8,47.3,low
"Spence, Mitch",687765,32,84.2,375,16,66,26,17.6,6.9,0.281,0.48,0.337,0.817,0.284,0.508,0.35,0.363,0.342,0.224,72.1,27.9,17.0,12.9,34.0,25.8,7.5,12.2,53.3,90.2,12.5,37.8,11.9,42.8,79.322783986,94.752186945,25.7,50.8,ok
"Anderson, Grant",681982,66,69.2,299,8,74,29,24.7,9.7,0.223,0.352,0.303,0.655,0.243,0.36,0.287,0.3,0.321,0.117,71.3,21.5,14.5,10.5,34.5,24.9,7.2,9.1,44.6,88.8,12.2,32.0,5.2,38.1,77.310534149,94.255863351,30.9,48.1,ok
"Treinen, Blake",595014,32,26.2,129,4,36,19,27.9,14.7,0.28,0.439,0.395,0.834,0.213,0.352,0.358,0.301,0.34,0.139,71.5,25.4,9.0,7.3,24.5,19.7,7.3,10.0,53.4,86.6,17.9,37.5,6.9,37.5,74.369825833,93.385739861,25.6,46.6,low
"Irvin, Jake",663623,33,180.0,787,38,124,62,15.8,7.9,0.272,0.492,0.334,0.826,0.273,0.505,0.355,0.36,0.335,0.233,72.0,25.2,19.3,16.0,36.7,30.6,7.3,11.3,53.4,90.4,12.8,34.8,12.0,47.1,79.313724864,95.158643027,18.2,46.8,ok
"Francis, Bowden",670102,14,64.0,288,19,54,27,18.8,9.4,0.283,0.538,0.361,0.899,0.281,0.501,0.382,0.373,0.362,0.22,72.1,26.2,18.0,14.0,35.5,27.7,7.4,12.0,54.3,91.6,20.7,34.3,12.4,52.2,81.0541193,95.7876814,23.3,46.7,ok
"Sauer, Matt",669422,10,29.2,129,6,24,8,18.6,6.2,0.299,0.521,0.349,0.87,0.281,0.462,0.37,0.34,0.332,0.182,71.4,23.9,13.8,11.3,31.5,25.7,7.1,9.8,49.5,90.3,12.7,40.0,8.4,36.8,81.170807447,93.889224787,19.2,50.8,low
"Freeland, Kyle",607536,31,162.2,709,22,124,38,17.5,5.4,0.294,0.461,0.335,0.796,0.282,0.473,0.341,0.342,0.325,0.191,72.9,32.4,18.2,14.8,37.0,30.1,7.5,10.8,56.1,91.1,12.7,36.8,9.4,47.3,81.013744552,95.077603477,21.0,51.3,ok
"Banks, Tanner",621383,69,67.1,267,9,61,12,22.8,4.5,0.224,0.372,0.261,0.633,0.252,0.42,0.273,0.303,0.288,0.168,71.2,19.7,12.0,9.5,27.8,22.0,7.0,6.0,46.7,87.8,14.9,40.4,7.8,36.8,76.441604574,93.663802872,21.9,50.1,ok
"Morton, Charlie",450203,33,142.0,654,23,149,72,22.8,11.0,0.273,0.463,0.367,0.83,0.246,0.409,0.36,0.333,0.346,0.163,72.2,26.0,15.7,11.7,34.2,25.5,7.4,11.4,52.3,91.2,10.5,33.3,8.6,43.6,81.394967087,94.941118471,27.9,46.8,ok
"De los Santos, Yerry",660787,25,35.2,160,1,28,17,17.5,10.6,0.266,0.331,0.348,0.679,0.268,0.38,0.307,0.325,0.35,0.112,72.4,32.7,16.2,12.5,34.6,26.6,7.3,8.8,45.6,89.0,5.0,27.2,5.3,41.2,77.413747321,94.407822857,22.7,46.3,low
"Quintana, Jose",500779,24,131.2,556,18,89,50,16.0,9.0,0.241,0.382,0.315,0.697,0.269,0.463,0.308,0.349,0.341,0.193,72.0,25.2,18.0,15.0,37.9,31.6,7.4,9.9,55.4,88.7,13.1,35.0,9.7,41.7,77.284315171,94.323604352,18.4,43.2,ok
"Gilbert, Tyler",656457,46,51.0,215,5,49,24,22.8,11.2,0.215,0.355,0.31,0.665,0.22,0.404,0.291,0.312,0.317,0.184,71.7,23.2,14.4,11.0,35.4,27.1,7.2,9.4,53.3,90.0,20.4,35.0,10.1,40.7,80.02792087,94.180523139,26.2,46.8,ok
"deGrom, Jacob",594798,30,172.2,669,26,185,37,27.7,5.5,0.196,0.354,0.242,0.596,0.221,0.391,0.259,0.286,0.268,0.17,71.9,24.0,12.9,9.2,31.8,22.8,7.4,9.7,52.8,90.1,16.0,33.1,9.3,41.9,79.671198045,94.499823864,30.2,51.7,ok
"Okert, Steven",595345,68,71.2,276,6,84,19,30.4,6.9,0.181,0.286,0.242,0.528,0.184,0.326,0.233,0.253,0.248,0.141,71.5,21.8,11.8,8.1,31.4,21.6,7.4,12.3,50.1,88.4,25.3,29.2,7.1,32.7,78.437956506,93.270206747,32.8,51.3,ok
"Yarbrough, Ryan",642232,19,64.0,264,13,55,19,20.8,7.2,0.24,0.438,0.299,0.737,0.256,0.422,0.318,0.32,0.314,0.166,71.6,22.0,14.7,10.7,33.9,24.8,7.4,11.4,44.5,86.1,15.5,39.9,6.9,34.0,73.70416266,93.280751497,26.6,45.5,ok
"Hernández, Carlos",672578,41,43.1,203,4,39,22,19.2,10.8,0.286,0.4,0.368,0.768,0.274,0.468,0.338,0.359,0.361,0.194,70.8,19.5,14.7,10.9,35.1,26.0,7.2,9.7,47.9,89.7,17.7,31.4,11.4,38.6,78.513255588,94.592783162,26.6,50.1,ok
"Hernández, Daysbel",678226,39,37.0,163,3,33,29,20.2,17.8,0.206,0.313,0.358,0.671,0.204,0.343,0.31,0.318,0.356,0.139,71.8,23.9,13.1,9.5,30.4,22.0,7.4,9.0,44.3,89.4,10.2,30.3,9.1,37.4,79.245454898,94.012642887,29.2,43.0,low
"Adam, Jason",592094,65,65.1,270,4,70,25,25.9,9.3,0.21,0.282,0.291,0.573,0.196,0.309,0.256,0.26,0.279,0.114,71.9,21.8,12.9,8.9,34.4,23.8,7.7,15.1,54.0,88.8,15.0,22.8,7.0,38.0,78.701433176,93.56960574,33.3,48.9,ok
"Rutledge, Jackson",671131,63,73.1,331,16,65,25,19.6,7.6,0.297,0.515,0.361,0.876,0.255,0.448,0.374,0.335,0.325,0.193,71.7,23.4,15.2,11.7,35.9,27.7,7.3,11.3,52.5,91.0,16.7,30.8,9.9,49.1,80.477914655,95.404287792,25.3,47.3,ok
"Singer, Brady",663903,32,169.2,716,19,163,60,22.8,8.4,0.238,0.404,0.314,0.718,0.243,0.409,0.313,0.32,0.32,0.166,72.1,26.5,15.8,12.3,34.8,27.1,7.3,10.0,47.1,90.3,14.2,36.3,9.4,40.7,79.955468025,94.544913495,24.0,44.4,ok
"Jackson, Luke",592426,52,51.0,219,4,38,28,17.4,12.8,0.225,0.313,0.333,0.646,0.239,0.398,0.286,0.321,0.346,0.16,71.9,23.9,15.5,12.2,37.2,29.4,7.5,11.0,59.0,90.8,7.7,28.0,6.7,44.0,80.147962466,95.393444932,22.7,46.7,ok
"Eflin, Zach",621107,14,71.1,309,18,50,13,16.2,4.2,0.304,0.557,0.336,0.893,0.265,0.468,0.378,0.327,0.299,0.203,72.3,27.0,17.8,14.6,36.5,30.1,7.5,11.3,46.2,89.6,11.4,34.0,9.4,40.6,78.828693833,94.433231088,20.5,50.1,ok
"Yates, Kirby",489446,50,41.1,179,9,52,18,29.1,10.1,0.239,0.516,0.318,0.834,0.227,0.422,0.354,0.317,0.308,0.196,72.3,27.5,14.7,9.5,28.0,18.1,7.2,8.7,43.6,88.5,18.6,36.1,13.0,42.6,76.198084259,94.658953178,35.3,51.3,low
"Canning, Griffin",656288,16,76.1,327,8,70,34,21.4,10.4,0.24,0.363,0.319,0.682,0.252,0.435,0.303,0.334,0.331,0.182,72.4,28.7,14.4,10.8,32.6,24.4,7.5,10.4,54.2,91.2,7.8,31.8,9.5,45.7,81.002928257,95.23954656,25.5,45.8,ok
"Holmes, Clay",605280,33,165.2,708,14,129,66,18.2,9.3,0.241,0.352,0.324,0.676,0.245,0.394,0.302,0.322,0.33,0.15,72.1,27.5,15.6,12.3,35.9,28.3,7.4,11.9,54.2,89.7,4.4,30.5,6.8,42.3,78.369750081,94.822225709,22.1,44.8,ok
"McCullers Jr., Lance",621121,16,55.1,274,10,61,39,22.3,14.2,0.269,0.463,0.392,0.855,0.242,0.428,0.376,0.353,0.369,0.186,72.2,27.9,17.1,13.2,32.6,25.2,7.5,12.2,54.4,90.5,12.1,33.7,11.4,50.0,79.437344337,95.287341084,25.1,40.0,ok
"Bassitt, Chris",605135,32,170.1,736,22,166,52,22.6,7.1,0.261,0.415,0.325,0.74,0.252,0.4,0.324,0.316,0.318,0.149,71.5,22.6,15.1,11.9,32.2,25.3,7.1,8.6,44.5,87.7,10.5,34.5,8.5,36.6,75.618546494,93.913717565,23.3,46.8,ok
"Lazar, Max",676661,36,41.1,170,7,26,12,15.3,7.1,0.261,0.452,0.312,0.764,0.309,0.505,0.329,0.371,0.357,0.196,72.4,27.7,19.0,15.5,40.7,33.2,7.2,9.8,59.8,92.6,13.7,39.4,9.8,52.3,82.993182615,96.089544154,20.3,45.8,low
"Mikolas, Miles",571945,31,156.1,669,29,100,37,14.9,5.5,0.272,0.492,0.313,0.805,0.271,0.513,0.342,0.351,0.314,0.241,71.9,24.3,17.0,14.4,34.4,29.1,7.2,10.0,54.7,89.3,13.8,34.0,12.7,41.8,77.808310802,94.601714237,16.5,48.0,ok
"May, Dustin",669160,25,132.1,584,21,123,56,21.1,9.6,0.259,0.447,0.344,0.791,0.261,0.451,0.342,0.349,0.348,0.191,72.3,28.9,16.0,13.0,33.1,26.9,7.2,8.8,52.6,90.6,12.5,34.9,9.2,44.5,79.491363897,95.163508072,20.0,45.3,ok
"Kremer, Dean",665152,31,171.2,708,22,142,45,20.1,6.4,0.248,0.407,0.297,0.704,0.238,0.413,0.305,0.304,0.289,0.175,71.7,25.6,14.0,11.0,31.9,25.0,7.4,11.5,47.7,88.1,15.2,32.8,8.7,35.8,76.650646047,93.877241465,22.9,49.4,ok
"Elder, Bryce",693821,28,156.1,679,24,131,51,19.3,7.5,0.271,0.446,0.331,0.777,0.266,0.448,0.336,0.335,0.327,0.182,72.6,32.1,18.9,15.0,35.9,28.5,7.5,11.8,54.5,90.0,8.5,34.0,7.8,43.8,78.82004177,94.988058103,22.5,46.3,ok
"Webb, Logan",657277,34,207.0,856,14,224,46,26.2,5.4,0.264,0.386,0.308,0.694,0.246,0.385,0.303,0.295,0.292,0.138,71.9,26.5,16.3,12.5,35.6,27.3,7.2,8.3,48.6,89.7,5.7,32.8,8.3,40.2,78.364554789,94.732224965,24.7,46.2,ok
"Rogers, Taylor",573124,57,50.2,221,7,53,23,24.0,10.4,0.247,0.437,0.332,0.769,0.231,0.406,0.329,0.315,0.32,0.175,71.4,21.6,17.5,14.5,34.7,28.7,7.3,10.6,43.8,90.1,13.1,34.5,9.9,44.4,78.819542143,94.992561511,23.2,44.3,ok
"Alvarado, José",621237,28,26.0,114,4,32,7,28.1,6.1,0.262,0.398,0.313,0.711,0.222,0.404,0.31,0.297,0.28,0.182,71.0,22.2,17.5,13.2,34.3,25.9,7.2,8.6,59.8,92.7,8.8,37.8,12.2,47.3,82.364834167,96.277786667,24.3,47.7,low
"Alcantara, Sandy",645261,31,174.2,745,22,142,57,19.1,7.7,0.247,0.404,0.31,0.714,0.262,0.436,0.311,0.332,0.326,0.175,72.3,28.1,13.8,11.0,32.2,25.7,7.4,10.2,50.9,90.7,9.4,33.0,8.6,45.0,80.162512584,95.038047336,20.9,49.5,ok
"Lucchesi, Joey",664192,38,38.1,165,4,31,12,18.8,7.3,0.235,0.383,0.301,0.684,0.231,0.371,0.298,0.293,0.297,0.14,70.7,18.4,14.2,12.1,34.2,29.1,6.8,3.7,39.5,88.0,6.0,25.8,6.7,31.7,77.249338305,93.461507094,19.6,45.1,low
"Mejia, Juan",675848,55,61.1,261,6,68,25,26.1,9.6,0.23,0.385,0.319,0.704,0.199,0.297,0.309,0.27,0.295,0.098,70.8,17.0,10.0,7.4,28.1,20.9,7.1,6.7,45.6,85.8,15.5,34.0,5.1,34.6,72.991299231,93.351381346,30.4,48.0,ok
"Matthews, Zebby",805673,16,79.1,354,12,88,24,24.9,6.8,0.291,0.449,0.335,0.784,0.265,0.447,0.338,0.333,0.317,0.183,71.8,24.8,13.3,9.9,33.6,25.1,7.3,10.4,53.6,89.2,16.5,44.2,9.9,38.8,78.10472475,94.382515292,27.5,51.1,ok
"Márquez, Germán",608566,26,126.1,591,23,83,48,14.0,8.1,0.317,0.545,0.378,0.923,0.287,0.504,0.393,0.366,0.351,0.218,72.6,32.5,18.7,15.7,38.9,32.7,7.4,10.3,53.7,91.7,15.6,35.8,11.1,48.5,81.597628348,95.499986518,18.6,48.0,ok
"Morales, Luis",806960,10,48.2,199,8,43,18,21.6,9.0,0.212,0.397,0.286,0.683,0.238,0.442,0.297,0.325,0.31,0.204,71.7,22.0,13.5,10.6,31.0,24.2,7.3,10.2,52.5,89.0,18.9,32.8,11.0,41.6,77.2372225,94.558966912,23.5,44.0,low
"Kelly, Zack",677161,28,35.1,152,3,35,12,23.0,7.9,0.261,0.396,0.333,0.729,0.233,0.347,0.318,0.289,0.308,0.115,70.8,18.2,10.9,8.7,31.3,24.8,7.1,7.3,49.6,86.2,13.5,37.3,4.9,31.4,74.3228046,93.0280845,23.3,49.3,low
"Pressly, Ryan",519151,44,41.1,182,6,28,17,15.4,9.3,0.287,0.45,0.363,0.813,0.282,0.439,0.356,0.35,0.358,0.157,71.8,26.2,20.0,16.8,39.1,33.0,7.2,8.7,51.3,91.2,8.5,30.6,6.7,50.0,80.607058788,95.377848561,17.4,46.0,low
"Barnett, Mason",686930,5,22.1,104,3,18,11,17.3,10.6,0.286,0.451,0.365,0.816,0.232,0.378,0.355,0.307,0.318,0.146,70.9,16.4,11.6,9.4,29.7,24.0,7.1,8.7,52.6,88.5,16.8,37.8,10.8,43.2,76.501687297,94.457852027,21.2,45.9,low
"Newcomb, Sean",656794,48,92.1,391,5,91,31,23.3,7.9,0.269,0.357,0.335,0.692,0.25,0.374,0.306,0.306,0.319,0.125,71.5,21.2,12.8,10.1,32.6,25.8,7.2,7.9,48.3,88.9,9.9,33.8,5.7,41.8,77.812871395,94.200995837,21.4,46.2,ok
"Dreyer, Jack",676263,67,76.1,307,4,74,24,24.1,7.8,0.203,0.312,0.263,0.575,0.2,0.33,0.247,0.257,0.264,0.13,72.5,30.3,13.2,9.7,32.8,24.1,7.2,9.2,54.2,90.3,17.0,30.6,5.3,39.7,81.020730198,94.032878366,26.7,51.4,ok
"Farris, Mitch",815083,5,24.1,107,4,24,11,22.4,10.3,0.261,0.489,0.336,0.825,0.281,0.473,0.349,0.361,0.359,0.192,72.1,26.5,19.8,15.1,34.1,25.9,7.2,10.1,45.8,90.5,20.6,49.3,11.4,43.7,79.328594,95.221623333,28.6,49.1,low
"Ferguson, Tyler",621053,56,58.0,246,4,54,34,22.0,13.8,0.214,0.328,0.332,0.66,0.209,0.34,0.296,0.301,0.33,0.132,71.3,21.0,9.7,7.3,30.7,23.3,7.3,9.8,51.6,87.5,19.3,33.1,6.5,31.8,76.9264736,93.116137733,26.0,46.7,ok
"Slaten, Justin",686580,36,34.0,137,3,25,10,18.2,7.3,0.214,0.31,0.27,0.58,0.231,0.401,0.251,0.292,0.285,0.171,71.3,18.8,12.5,9.2,36.9,27.2,7.2,9.0,54.0,89.1,12.3,32.4,7.8,34.3,79.001213529,93.722976765,27.9,53.9,low
"Soto, Gregory",642397,70,60.1,279,4,70,24,25.1,8.6,0.257,0.344,0.349,0.693,0.238,0.343,0.312,0.305,0.333,0.106,71.3,16.6,13.9,10.2,31.6,23.1,7.4,10.4,43.7,88.9,10.5,33.9,4.0,37.9,77.394929176,94.241314176,29.9,47.0,ok
"Darvish, Yu",506433,15,72.0,296,14,68,19,23.0,6.4,0.245,0.465,0.31,0.775,0.218,0.395,0.334,0.297,0.285,0.177,72.0,26.6,11.3,8.8,29.4,22.9,7.4,9.8,50.1,87.3,15.3,32.5,8.9,33.0,76.396139307,93.193532836,23.0,47.0,ok
"Brown, Hunter",686613,31,185.1,729,17,206,57,28.3,7.8,0.201,0.318,0.271,0.589,0.217,0.339,0.262,0.277,0.286,0.122,71.8,25.6,11.4,8.4,28.8,21.1,7.1,7.8,48.6,86.1,10.1,31.4,5.9,32.2,73.816626184,93.243178596,27.8,44.8,ok
"Vásquez, Randy",681190,28,133.2,570,16,78,52,13.7,9.1,0.247,0.383,0.323,0.706,0.267,0.481,0.311,0.354,0.342,0.214,72.4,28.8,15.0,12.6,33.1,27.9,7.3,10.3,55.5,89.1,17.2,34.2,10.9,39.3,78.051658102,94.305900278,15.7,46.4,ok
"Corbin, Patrick",571578,31,155.1,663,21,131,51,19.8,7.7,0.267,0.43,0.326,0.756,0.268,0.439,0.328,0.336,0.329,0.171,72.4,29.9,17.3,12.9,35.9,26.7,7.5,13.1,52.3,89.2,14.4,34.7,8.4,40.4,78.287246481,94.301912618,26.9,46.3,ok
"Santillan, Tony",663574,80,73.2,301,7,75,29,24.9,9.6,0.2,0.336,0.29,0.626,0.244,0.404,0.28,0.322,0.329,0.16,71.4,20.0,16.1,11.9,31.4,23.3,7.1,8.2,50.3,91.8,17.4,35.1,8.4,45.5,81.403418298,95.576007872,27.0,49.7,ok
"Peralta, Luis",678821,22,19.0,101,6,16,18,15.8,17.8,0.325,0.588,0.455,1.043,0.309,0.565,0.444,0.438,0.448,0.256,71.2,14.5,16.3,13.2,37.4,30.3,7.1,7.6,46.1,93.8,16.1,43.1,9.4,50.8,84.544119375,96.375325156,20.8,42.0,low
"Messick, Parker",800048,7,39.2,165,4,38,6,23.0,3.6,0.289,0.409,0.315,0.724,0.237,0.368,0.315,0.274,0.264,0.131,72.0,28.0,11.9,9.1,34.2,26.0,7.3,8.2,47.2,88.1,9.8,33.1,5.8,29.8,77.579424262,93.461058264,26.0,46.1,low
"Loáisiga, Jonathan",642528,30,29.2,135,7,25,10,18.5,7.4,0.281,0.521,0.351,0.872,0.237,0.372,0.367,0.294,0.312,0.135,72.7,28.4,12.1,9.0,26.7,19.8,7.4,11.5,52.7,86.6,7.1,35.4,6.3,35.4,73.595242766,93.795091915,26.5,53.3,low
"Strider, Spencer",675911,23,125.1,539,20,131,51,24.3,9.5,0.261,0.453,0.34,0.793,0.253,0.455,0.344,0.34,0.333,0.202,71.6,23.0,17.7,12.8,37.1,26.8,7.4,11.0,42.1,91.3,14.8,39.5,10.6,42.7,81.059995116,95.310076308,30.6,47.6,ok
"Junk, Janson",676083,21,110.0,447,8,77,13,17.2,2.9,0.266,0.397,0.289,0.686,0.277,0.453,0.295,0.326,0.305,0.176,72.4,27.5,17.8,14.6,35.0,28.7,7.3,9.0,55.1,91.6,14.7,35.1,8.5,47.3,81.205599371,95.649523095,18.2,52.5,ok
"Brogdon, Connor",641401,43,47.0,199,11,49,18,24.6,9.0,0.253,0.5,0.318,0.818,0.223,0.434,0.341,0.305,0.292,0.211,71.1,19.2,12.5,8.9,31.0,21.9,7.4,12.1,50.3,89.1,20.9,34.1,12.9,40.2,78.264849242,94.213360763,29.3,49.2,low
"Alcala, Jorge",660896,56,55.0,257,13,61,30,23.7,11.7,0.299,0.552,0.379,0.931,0.236,0.428,0.393,0.327,0.326,0.192,71.2,23.6,11.7,8.7,29.4,21.8,7.2,10.2,59.7,88.8,20.2,33.9,10.9,37.6,77.521894444,94.258767654,25.7,47.4,ok
"Burns, Chase",695505,13,43.1,188,5,67,16,35.6,8.5,0.24,0.409,0.305,0.714,0.218,0.377,0.311,0.291,0.285,0.16,71.6,26.0,10.6,7.3,26.9,18.6,7.4,9.4,49.4,90.2,15.3,36.2,9.5,45.7,79.716816154,94.89525835,31.9,52.4,low
"Hill, Tim",657612,70,67.0,269,8,37,16,13.8,5.9,0.231,0.363,0.276,0.639,0.241,0.383,0.274,0.288,0.286,0.143,71.9,26.7,18.4,15.5,36.5,30.7,6.9,3.2,38.3,90.0,-2.2,21.4,7.9,45.1,78.716354906,95.046864739,16.4,54.2,ok
"Bello, Brayan",678394,29,166.2,700,16,124,59,17.7,8.4,0.237,0.355,0.314,0.669,0.258,0.409,0.297,0.327,0.333,0.151,72.1,27.8,14.9,12.1,32.0,26.0,7.4,10.5,52.4,88.8,9.0,30.8,7.1,39.3,77.392833825,94.176171155,20.1,45.8,ok
"Cano, Yennier",666974,65,58.0,251,7,53,24,21.1,9.6,0.284,0.422,0.36,0.782,0.234,0.351,0.342,0.299,0.317,0.117,72.3,27.6,12.3,9.5,32.1,24.8,7.4,10.0,57.3,88.1,6.1,27.1,4.7,35.3,77.245823494,93.617649337,23.5,45.2,ok
"Houck, Tanner",656557,9,43.2,203,10,32,17,15.8,8.4,0.318,0.531,0.389,0.92,0.293,0.492,0.395,0.376,0.371,0.199,71.7,26.3,19.2,15.4,38.9,31.2,7.3,10.0,53.3,91.0,6.8,35.6,8.1,46.3,79.817193867,95.438010268,21.6,44.5,ok
"Ureña, José",570632,19,55.0,245,8,34,23,13.9,9.4,0.263,0.452,0.34,0.792,0.292,0.542,0.342,0.389,0.369,0.251,72.7,31.7,14.4,11.5,31.8,25.4,7.5,12.9,53.3,89.6,15.5,36.8,13.0,40.0,78.45246044,94.656698297,19.8,48.2,ok
"Cease, Dylan",656302,32,168.0,722,21,215,71,29.8,9.8,0.239,0.399,0.318,0.717,0.214,0.359,0.313,0.29,0.297,0.145,71.5,23.3,11.2,7.6,27.9,18.9,7.4,11.3,55.7,88.9,16.6,36.6,8.6,37.5,78.184355258,93.931109718,33.4,49.2,ok
"Alexander, Jason",669920,18,77.1,336,15,65,26,19.3,7.7,0.262,0.469,0.324,0.793,0.27,0.444,0.341,0.339,0.334,0.173,72.6,30.9,19.9,15.1,39.2,29.8,7.5,13.1,46.0,89.8,10.8,35.1,8.3,45.9,77.843607833,95.370083264,24.6,43.8,ok
"Imanaga, Shota",684007,25,144.2,567,31,117,26,20.6,4.6,0.218,0.432,0.254,0.686,0.233,0.469,0.293,0.313,0.269,0.236,72.6,28.9,15.7,12.1,33.5,25.7,7.5,12.0,56.5,90.7,21.7,34.3,11.6,43.5,80.551815288,94.869016506,24.6,53.8,ok
"Waddell, Brandon",663399,11,31.1,134,4,22,11,16.4,8.2,0.24,0.438,0.306,0.744,0.281,0.486,0.32,0.36,0.346,0.205,71.7,26.5,15.3,12.3,38.4,31.1,7.4,12.1,55.3,89.7,14.8,34.0,10.0,40.0,79.6929348,94.332121717,20.6,46.5,low
"Rodríguez, Randy",678495,50,50.2,198,4,67,11,33.8,5.6,0.187,0.286,0.247,0.533,0.188,0.308,0.239,0.251,0.251,0.12,70.9,17.8,11.3,8.0,26.6,18.9,7.3,11.0,49.6,87.0,17.7,27.6,7.8,36.2,74.880712931,93.639142783,31.1,49.8,low
"Sugano, Tomoyuki",608372,30,157.0,675,33,106,36,15.7,5.3,0.276,0.478,0.321,0.799,0.289,0.524,0.342,0.366,0.334,0.235,72.4,28.3,16.2,13.3,35.9,29.5,7.4,10.8,56.6,90.0,14.5,38.5,11.8,39.8,79.557564154,94.37679225,18.5,47.0,ok
"Barlow, Scott",605130,75,68.1,303,8,75,45,24.8,14.9,0.2,0.336,0.333,0.669,0.227,0.365,0.301,0.323,0.357,0.138,71.6,24.1,10.7,7.7,27.7,20.1,7.7,14.2,44.4,86.2,17.0,32.2,7.4,30.5,74.790501818,92.875805543,30.8,41.3,ok
"Nance, Tommy",667297,30,31.2,126,0,32,7,25.4,5.6,0.214,0.231,0.262,0.493,0.265,0.388,0.225,0.306,0.311,0.122,71.5,22.0,18.8,15.3,34.7,28.2,7.4,10.0,60.5,89.1,3.3,32.6,8.2,45.3,76.64744619,95.076024286,24.7,46.6,low
"Abel, Mick",690953,10,39.0,174,8,39,16,22.4,9.2,0.274,0.465,0.345,0.81,0.269,0.455,0.351,0.346,0.341,0.186,71.6,24.1,14.1,10.6,33.3,25.1,7.1,9.7,49.8,91.3,15.9,38.1,8.5,49.2,81.778570339,94.893442881,25.4,49.7,low
"Martinez, Nick",607259,40,165.2,683,22,116,42,17.0,6.1,0.254,0.435,0.304,0.739,0.257,0.41,0.317,0.312,0.308,0.153,71.9,24.2,12.2,10.1,33.8,27.7,7.4,11.0,51.5,88.3,16.2,37.0,7.0,34.5,78.23181311,93.267375748,19.9,47.1,ok
"García, Luis",472610,58,55.1,233,2,48,26,20.6,11.2,0.271,0.394,0.351,0.745,0.262,0.419,0.32,0.326,0.345,0.156,71.3,21.2,15.1,12.1,31.5,25.3,7.2,9.7,49.5,90.8,4.9,35.8,7.5,48.4,79.68230641,95.325510256,24.1,48.7,ok
"Dollander, Chase",801403,21,98.0,441,18,82,49,18.6,11.1,0.27,0.454,0.359,0.813,0.249,0.448,0.354,0.347,0.344,0.199,71.3,20.3,12.5,9.8,31.0,24.3,7.1,6.5,39.9,88.7,12.5,36.5,11.5,40.5,77.237025033,94.268447185,22.9,47.0,ok
"Cabrera, Edward",665795,26,137.2,581,17,150,48,25.8,8.3,0.233,0.378,0.309,0.687,0.238,0.394,0.303,0.312,0.315,0.156,72.0,26.0,16.3,11.9,34.1,24.8,7.6,13.1,58.4,90.3,9.4,31.1,8.6,46.4,79.023723514,95.170167541,29.4,45.1,ok
"O'Brien, Riley",676617,42,48.0,199,2,45,22,22.6,11.1,0.196,0.274,0.313,0.587,0.234,0.306,0.27,0.298,0.346,0.073,70.5,15.9,10.3,8.1,29.9,23.7,7.2,9.0,49.1,85.8,4.8,27.2,3.2,34.4,73.0882395,93.31006925,24.6,45.1,low
"Seymour, Ian",693855,19,57.0,242,5,64,19,26.4,7.9,0.221,0.327,0.29,0.617,0.237,0.384,0.274,0.308,0.308,0.146,72.7,29.8,14.0,10.2,27.1,19.8,7.4,10.9,50.8,88.7,15.1,39.7,7.1,37.8,77.591748553,93.983770066,27.0,49.5,ok
"Schultz, Paxton",687606,13,24.2,110,4,28,8,25.5,7.3,0.276,0.49,0.327,0.817,0.219,0.385,0.346,0.302,0.291,0.166,71.5,26.9,15.4,11.7,37.7,28.7,7.1,7.1,55.0,91.1,18.4,34.2,11.0,35.6,82.052447838,94.378962329,27.4,44.9,low
"Burrows, Mike",681347,23,96.0,402,13,97,31,24.1,7.7,0.243,0.392,0.308,0.7,0.247,0.425,0.305,0.322,0.314,0.178,72.0,25.2,16.4,12.0,33.9,24.8,7.5,13.2,52.2,89.2,13.8,33.1,10.8,42.0,77.441745,94.693836269,27.0,48.7,ok
"Cruz, Fernando",518585,49,48.0,200,5,72,24,36.0,12.0,0.192,0.32,0.3,0.62,0.198,0.332,0.281,0.288,0.305,0.135,71.3,21.4,17.7,10.7,37.3,22.5,7.8,16.8,46.6,87.5,16.5,41.6,8.9,38.6,75.3648042,93.7985887,46.5,42.9,ok
"Olson, Reese",681857,13,68.2,285,5,65,25,22.8,8.8,0.228,0.335,0.31,0.645,0.244,0.391,0.287,0.313,0.324,0.147,71.1,21.1,15.1,11.0,37.0,27.1,7.5,12.7,48.9,91.5,12.0,36.8,7.4,44.7,81.731139149,95.248943138,29.7,44.4,ok
"Jobe, Jackson",695549,10,49.0,218,7,39,27,17.9,12.4,0.249,0.422,0.347,0.769,0.243,0.438,0.337,0.34,0.342,0.196,71.6,24.0,15.3,11.6,39.0,29.5,7.4,11.9,60.2,89.1,13.1,36.0,8.7,43.3,77.682526351,94.535962568,24.7,43.9,ok
"Snell, Blake",605483,11,61.1,254,3,72,26,28.3,10.2,0.23,0.315,0.307,0.622,0.224,0.321,0.278,0.283,0.305,0.098,72.1,30.9,11.9,7.7,26.2,16.8,7.5,11.9,47.7,86.2,5.6,35.3,5.8,34.0,73.401030133,93.530650537,35.6,47.3,ok
"Falter, Bailey",663559,26,125.1,518,19,81,46,15.6,8.9,0.248,0.433,0.315,0.748,0.263,0.462,0.324,0.34,0.329,0.199,71.5,24.0,17.1,14.2,36.2,30.2,7.1,9.1,55.6,90.5,18.3,32.3,9.5,45.1,79.793242435,94.949158316,18.1,47.0,ok
"Brasier, Ryan",518489,28,26.0,105,2,20,5,19.0,4.8,0.276,0.408,0.305,0.713,0.298,0.45,0.306,0.339,0.33,0.152,72.0,26.2,13.4,10.7,32.9,26.2,7.4,11.4,53.5,88.9,9.4,35.0,6.3,43.8,77.50523375,94.69362519,20.8,51.2,low
"Fernandez, Ryan",681676,32,30.1,140,6,34,16,24.3,11.4,0.293,0.52,0.379,0.899,0.225,0.404,0.382,0.313,0.319,0.179,72.0,24.8,13.0,9.3,30.4,21.7,7.5,13.0,51.8,89.5,13.3,30.3,11.2,43.8,78.815764667,94.366684607,32.1,50.0,low
"Thielbar, Caleb",573204,67,58.0,220,5,56,13,25.5,5.9,0.186,0.314,0.232,0.546,0.2,0.321,0.236,0.247,0.246,0.122,71.5,22.3,14.8,10.9,33.2,24.5,7.3,11.6,59.9,87.9,19.3,29.8,6.6,31.8,77.406978933,93.279437133,26.9,49.7,ok
"Lodolo, Nick",666157,29,156.2,642,22,156,31,24.3,4.8,0.233,0.387,0.285,0.672,0.227,0.388,0.293,0.291,0.28,0.161,71.6,22.3,13.8,10.4,32.3,24.2,7.4,10.9,47.1,88.8,12.6,31.0,8.2,40.5,77.560730837,94.23638627,27.5,50.0,ok
"Veneziano, Anthony",685107,26,25.0,117,4,25,11,21.4,9.4,0.277,0.485,0.353,0.838,0.277,0.476,0.359,0.357,0.354,0.199,72.7,33.0,20.0,15.8,28.7,22.7,7.3,9.3,48.8,91.3,9.5,32.9,11.4,46.8,79.680534359,95.724240649,24.3,48.7,low
"Warren, Will",701542,33,162.1,711,22,171,65,24.1,9.1,0.25,0.418,0.32,0.738,0.252,0.426,0.321,0.33,0.325,0.175,72.0,25.0,16.4,12.5,35.9,27.3,7.2,9.1,55.0,91.0,12.2,36.0,10.9,45.3,80.374098233,95.303643801,24.6,42.8,ok
"Bido, Osvaldo",674370,26,79.2,363,19,68,35,18.7,9.6,0.297,0.537,0.37,0.907,0.253,0.487,0.384,0.354,0.336,0.235,72.0,23.9,14.6,11.3,34.6,26.8,7.3,11.0,55.0,90.4,20.1,33.1,11.9,40.9,80.021885079,94.687870913,25.0,49.5,ok
"Akin, Keegan",669211,64,63.1,268,10,59,33,22.0,12.3,0.233,0.401,0.328,0.729,0.238,0.439,0.318,0.333,0.333,0.201,71.1,19.4,14.4,10.9,28.0,21.2,7.3,9.3,49.1,89.4,16.7,36.6,9.7,41.7,78.311395747,94.332622312,25.6,51.2,ok
"Walker, Taijuan",592836,34,123.2,538,21,86,42,16.0,7.8,0.27,0.444,0.331,0.775,0.259,0.439,0.337,0.33,0.322,0.181,72.4,27.2,16.5,13.7,36.0,29.9,7.4,11.0,57.7,89.6,13.4,32.3,7.4,41.4,79.174652736,94.265534938,18.5,45.1,ok
"Manaea, Sean",640455,15,60.2,263,13,75,12,28.5,4.6,0.257,0.473,0.31,0.783,0.24,0.422,0.337,0.31,0.294,0.182,71.5,21.0,12.5,9.3,27.0,20.1,7.1,8.5,39.6,89.8,17.3,39.6,8.9,42.6,78.665863012,94.746596121,26.8,52.4,ok
"Megill, Trevor",656730,50,47.0,192,3,60,17,31.3,8.9,0.209,0.326,0.276,0.602,0.221,0.364,0.259,0.281,0.289,0.143,70.8,18.8,11.2,8.3,34.1,25.3,7.2,7.5,50.2,91.0,12.5,36.5,7.8,39.1,81.389763393,94.67628625,31.4,49.0,low
"Iglesias, Raisel",628452,70,67.1,267,8,73,17,27.3,6.4,0.206,0.352,0.262,0.614,0.211,0.376,0.266,0.277,0.267,0.164,71.8,24.5,11.0,7.7,32.4,22.7,7.4,10.9,48.0,89.0,20.4,38.9,8.7,34.9,79.082887209,93.587533547,30.9,51.8,ok
"Bubic, Kris",663460,20,116.1,476,6,116,39,24.4,8.2,0.227,0.332,0.294,0.626,0.221,0.333,0.277,0.278,0.29,0.112,72.0,26.9,13.6,9.8,30.6,22.1,7.3,8.8,53.2,87.6,11.6,32.1,6.6,39.3,75.386163962,93.984739716,28.8,49.2,ok
"Thompson, Ryan",657044,48,41.1,175,4,36,13,20.6,7.4,0.263,0.381,0.326,0.707,0.234,0.381,0.308,0.295,0.3,0.147,71.7,25.4,19.4,15.2,36.8,28.9,7.4,9.8,46.9,89.9,7.8,30.6,8.1,40.3,78.281544839,94.890948145,25.3,48.6,low
"Estévez, Carlos",608032,67,66.0,269,5,54,22,20.1,8.2,0.199,0.315,0.276,0.591,0.228,0.404,0.255,0.299,0.302,0.176,72.2,29.5,12.7,10.5,28.6,23.7,7.2,7.9,52.1,89.1,23.4,35.4,10.6,38.1,78.515485957,93.934951649,19.0,49.4,ok
"Henriquez, Ronny",678692,69,73.0,303,8,98,27,32.3,8.9,0.199,0.333,0.278,0.611,0.182,0.349,0.269,0.269,0.265,0.168,71.8,25.2,15.0,9.9,31.8,21.0,7.6,13.3,50.6,88.3,15.8,33.9,10.9,42.5,76.803106744,94.152020702,36.0,49.4,ok
"Fluharty, Mason",689254,55,52.2,215,6,56,24,26.0,11.2,0.193,0.332,0.29,0.622,0.205,0.35,0.271,0.284,0.302,0.145,71.4,21.3,11.1,8.0,29.1,21.0,7.3,10.7,53.6,86.6,16.3,30.1,7.5,33.1,74.875064242,93.20536855,31.9,46.3,ok
"Payamps, Joel",606303,30,26.1,117,4,24,9,20.5,7.7,0.301,0.583,0.359,0.942,0.283,0.556,0.389,0.391,0.354,0.273,70.8,17.5,20.3,15.6,37.4,28.7,7.4,10.5,58.8,90.0,17.8,41.5,17.1,40.2,78.256230976,95.012884756,25.0,42.8,low
"King, Michael",650633,15,73.1,308,12,76,26,24.7,8.4,0.224,0.397,0.299,0.696,0.232,0.427,0.305,0.319,0.307,0.194,71.5,20.3,14.7,11.1,31.4,23.7,7.5,12.7,52.8,87.8,15.8,35.1,11.4,38.1,75.256827327,94.366145373,25.8,44.1,ok
"Young, Brandon",687064,12,57.2,256,12,47,22,18.4,8.6,0.291,0.522,0.35,0.872,0.242,0.439,0.372,0.32,0.306,0.198,71.9,26.5,16.5,13.0,35.4,28.0,7.3,10.9,55.0,89.4,13.3,32.1,10.2,42.2,78.202437717,94.69738663,21.6,48.2,ok
"Walker, Ryan",676254,68,61.1,266,4,60,18,22.6,6.8,0.254,0.373,0.326,0.699,0.251,0.368,0.306,0.304,0.323,0.117,70.6,19.8,11.9,9.5,32.7,26.2,7.1,7.3,37.0,87.0,5.9,31.1,5.0,35.6,74.906653218,93.548727356,21.6,43.2,ok
"Altavilla, Dan",656186,28,29.0,120,4,21,15,17.5,12.5,0.19,0.36,0.319,0.679,0.236,0.381,0.307,0.333,0.358,0.144,71.6,20.0,8.6,6.7,27.1,21.1,7.3,10.0,57.2,86.3,9.6,28.7,8.8,31.3,74.764982821,92.889371026,22.5,45.8,low
"Meyer, Max",676974,12,64.2,285,12,68,20,23.9,7.0,0.276,0.46,0.33,0.79,0.263,0.453,0.341,0.337,0.32,0.191,72.7,31.7,19.4,14.0,40.3,29.2,7.4,10.4,54.7,91.9,8.7,30.3,9.2,48.2,81.961734227,95.684813731,27.4,47.4,ok
"Williams, Devin",642207,67,62.0,259,5,90,25,34.7,9.7,0.197,0.32,0.287,0.607,0.192,0.315,0.271,0.272,0.285,0.122,72.0,25.8,12.3,7.7,28.7,17.9,7.4,11.6,48.1,89.5,11.3,32.1,9.3,35.7,79.328970286,94.280628201,37.7,50.0,ok
"Ogasawara, Shinnosuke",829272,23,38.2,173,9,30,17,17.3,9.8,0.289,0.523,0.364,0.887,0.263,0.469,0.377,0.355,0.347,0.206,72.0,21.9,19.3,14.9,36.2,27.9,7.5,12.3,47.2,90.8,13.5,34.1,10.6,41.5,80.859079508,94.705759669,23.5,45.5,low
"Lee, Dylan",669276,74,68.1,266,13,76,14,28.6,5.3,0.213,0.398,0.254,0.652,0.202,0.376,0.279,0.268,0.246,0.174,72.4,28.7,11.6,7.8,27.3,18.3,7.8,14.9,51.1,87.6,16.9,32.4,10.3,33.5,76.725843529,93.327081775,33.6,51.5,ok
"Bowlan, Jonathan",680742,34,44.1,180,6,46,17,25.6,9.4,0.23,0.398,0.302,0.7,0.222,0.399,0.305,0.303,0.295,0.178,70.7,15.9,13.6,9.3,31.7,21.7,7.1,8.6,53.8,87.3,10.3,32.5,9.4,36.8,74.997569483,94.011314696,33.7,48.1,low
"Dodd, Dylan",689266,28,35.0,136,5,30,5,22.1,3.7,0.219,0.391,0.25,0.641,0.234,0.401,0.274,0.289,0.268,0.167,72.6,30.3,15.1,10.7,33.3,23.6,7.4,12.2,53.1,90.0,7.9,27.0,8.0,48.0,78.0371262,95.3824356,30.9,54.3,low
"Gordon, Tanner",685299,15,75.1,337,16,62,17,18.4,5.0,0.304,0.532,0.344,0.876,0.294,0.53,0.374,0.368,0.335,0.237,72.1,26.6,14.5,12.0,30.0,24.8,7.3,8.9,42.6,90.1,17.0,42.4,11.5,41.2,78.86339336,94.88351372,18.0,53.2,ok
"Festa, Matt",670036,63,54.2,226,4,56,15,24.8,6.6,0.221,0.322,0.288,0.61,0.232,0.341,0.268,0.29,0.304,0.109,71.3,19.7,12.6,9.4,32.6,24.2,7.0,6.8,48.7,87.4,13.2,36.0,6.0,34.0,76.399022192,93.278516621,27.3,51.5,ok
"Seymour, Carson",693313,16,36.0,156,9,26,13,16.7,8.3,0.262,0.489,0.329,0.818,0.274,0.518,0.352,0.367,0.34,0.244,72.0,27.7,17.5,14.0,36.1,28.9,7.1,7.8,51.7,91.4,6.6,33.6,15.5,44.8,80.393910702,95.602991228,21.8,43.6,low
"Wolfram, Grant",664991,21,26.2,133,2,31,15,23.3,11.3,0.302,0.422,0.383,0.805,0.239,0.331,0.353,0.295,0.329,0.091,71.1,24.5,11.5,9.0,33.8,26.5,7.2,8.8,55.0,87.6,13.2,36.0,3.5,37.2,76.348632326,93.612480465,25.7,46.3,low
"Hamilton, Ian",641656,36,40.0,166,5,42,22,25.3,13.3,0.201,0.353,0.313,0.666,0.219,0.389,0.296,0.315,0.329,0.169,71.2,25.1,11.1,8.2,30.3,22.5,7.4,11.6,49.4,89.9,16.9,37.0,10.1,36.0,80.179450816,94.043123299,27.8,49.5,low
"Glasnow, Tyler",607192,18,90.1,366,10,106,43,29.0,11.7,0.177,0.31,0.279,0.589,0.203,0.324,0.266,0.285,0.303,0.121,71.5,24.7,10.0,7.5,31.3,23.4,7.2,9.3,50.5,88.2,11.1,33.2,8.0,37.4,77.428044393,93.680485164,28.2,42.4,ok
"Sale, Chris",519242,21,125.2,510,11,165,32,32.4,6.3,0.22,0.341,0.285,0.626,0.205,0.32,0.278,0.264,0.272,0.115,70.9,19.1,10.2,7.6,28.5,21.1,7.4,9.6,39.6,87.2,12.0,36.4,6.3,35.4,75.455732933,93.5351905,30.1,48.9,ok
"Kelly, Kevin",687330,41,39.2,171,11,35,9,20.5,5.3,0.281,0.556,0.316,0.872,0.293,0.573,0.364,0.381,0.332,0.28,72.4,26.2,24.4,20.5,40.9,34.5,7.1,5.3,42.4,91.1,9.5,40.2,15.7,52.8,79.152472381,96.20311373,21.2,46.6,low
"Adams, Travis",701519,18,33.2,158,6,31,17,19.6,10.8,0.295,0.515,0.376,0.891,0.293,0.505,0.378,0.393,0.384,0.212,71.7,22.5,12.1,9.4,30.8,23.9,7.3,9.7,49.6,88.9,16.3,40.6,12.3,40.6,77.732760755,94.18605981,25.6,46.6,low
"Javier, Cristian",664299,8,37.0,157,3,34,15,21.7,9.6,0.23,0.36,0.306,0.666,0.21,0.355,0.294,0.285,0.29,0.146,72.2,27.4,15.0,11.6,32.6,25.3,7.3,12.8,54.8,88.9,23.9,28.0,6.5,38.3,78.551114074,93.723277477,24.0,45.2,low
"Bradley, Taj",671737,27,142.2,605,19,127,56,21.0,9.3,0.243,0.403,0.316,0.719,0.237,0.405,0.314,0.314,0.313,0.168,72.3,27.1,14.6,11.4,31.1,24.3,7.2,9.5,54.2,89.2,12.0,31.8,7.4,39.9,78.130635,94.199846238,23.6,48.3,ok
"Holman, Grant",680880,22,23.0,103,3,17,9,16.5,8.7,0.28,0.409,0.35,0.759,0.264,0.48,0.335,0.352,0.335,0.216,70.9,18.1,17.4,12.8,38.5,28.2,7.4,10.9,51.0,88.7,9.5,34.2,11.8,44.7,76.975070263,94.425928026,27.7,47.1,low
"Gage, Matt",657424,33,31.0,137,0,27,12,19.7,8.8,0.287,0.344,0.36,0.704,0.23,0.291,0.315,0.272,0.309,0.061,71.5,22.4,11.7,9.5,30.9,24.9,7.3,8.9,51.2,88.3,11.1,27.1,3.1,33.3,77.681015106,93.614838172,23.1,47.3,low
"Baker, Bryan",641329,73,68.2,274,13,83,17,30.3,6.2,0.231,0.435,0.278,0.713,0.233,0.447,0.306,0.311,0.28,0.215,71.4,22.6,15.8,11.3,31.6,22.6,7.3,10.2,50.3,90.6,16.7,35.1,12.6,48.3,79.631394483,95.34969185,29.1,51.1,ok
"Bautista, Félix",642585,35,34.2,142,3,50,23,35.2,16.2,0.134,0.244,0.275,0.519,0.151,0.278,0.246,0.264,0.289,0.127,71.5,22.6,10.3,6.7,22.4,14.7,7.4,12.4,57.1,87.9,9.4,30.4,8.7,42.0,75.427552286,94.303268696,35.7,45.1,low
"Kahnle, Tommy",592454,66,63.0,267,8,50,31,18.7,11.6,0.217,0.37,0.311,0.681,0.244,0.413,0.302,0.328,0.335,0.169,71.8,23.8,16.0,12.3,36.1,27.8,7.5,12.4,59.5,88.3,11.5,32.4,9.2,37.3,77.436664348,93.764634946,25.4,43.7,ok
"Ohl, Pierson",701487,14,30.0,133,5,27,7,20.3,5.3,0.302,0.5,0.338,0.838,0.291,0.452,0.359,0.337,0.328,0.161,71.8,22.3,15.9,12.4,34.9,27.3,7.5,13.7,53.3,89.3,15.2,45.5,10.1,39.4,78.205980612,94.616288571,22.0,50.2,low
"Allen, Logan",671106,30,156.2,676,18,122,62,18.0,9.2,0.262,0.403,0.334,0.737,0.247,0.421,0.323,0.326,0.323,0.174,72.0,25.0,15.7,12.5,33.3,26.4,7.3,8.9,48.1,88.6,12.9,32.8,9.1,37.5,77.201543485,94.148613721,20.6,44.3,ok
"Berríos, José",621244,31,166.0,698,26,138,56,19.8,8.0,0.253,0.43,0.32,0.75,0.255,0.454,0.325,0.337,0.323,0.199,72.5,27.7,16.7,13.3,35.8,28.5,7.4,11.7,56.3,90.3,15.0,32.6,11.3,42.5,79.761456829,94.705282256,22.0,46.1,ok
"Skenes, Paul",694973,32,187.2,733,11,216,42,29.5,5.7,0.199,0.307,0.251,0.558,0.202,0.321,0.247,0.255,0.255,0.119,71.2,20.4,11.8,8.3,28.0,19.8,7.3,9.4,46.5,87.6,12.2,29.4,5.8,40.1,75.47852,93.884708556,30.1,49.6,ok
"Graceffo, Gordon",700669,26,43.0,193,2,40,13,20.7,6.7,0.286,0.457,0.337,0.794,0.272,0.427,0.34,0.325,0.325,0.155,70.9,14.2,17.8,14.2,37.5,29.9,7.1,8.8,50.2,92.8,10.6,34.8,7.2,53.6,83.540411594,95.925008116,23.1,48.0,low
"Backhus, Kyle",679775,32,25.1,115,3,22,8,19.1,7.0,0.283,0.465,0.348,0.813,0.265,0.408,0.35,0.327,0.336,0.143,71.0,15.4,16.0,12.8,36.0,28.8,7.1,8.3,34.0,89.1,13.1,43.9,4.9,35.4,78.970280769,93.686292436,21.8,45.8,low
"Ashcraft, Graham",668933,62,65.1,284,2,64,25,22.5,8.8,0.268,0.362,0.333,0.695,0.243,0.337,0.309,0.29,0.311,0.094,71.0,18.5,10.5,7.7,27.2,19.8,7.2,7.5,43.5,84.8,4.7,30.3,4.1,32.3,71.427445106,93.12468016,29.8,50.0,ok
"Gore, MacKenzie",669022,30,159.2,679,20,185,63,27.2,9.3,0.252,0.402,0.325,0.727,0.241,0.415,0.318,0.322,0.318,0.174,71.4,23.5,13.9,10.0,31.8,22.9,7.3,9.6,48.7,90.4,16.0,35.9,10.6,44.1,79.811918815,94.95579848,29.7,49.4,ok
"Thornton, Trent",663423,33,42.1,180,6,32,14,17.8,7.8,0.258,0.403,0.33,0.733,0.265,0.44,0.317,0.339,0.339,0.175,72.0,27.9,13.8,11.0,32.8,26.2,7.2,9.2,51.0,89.4,13.6,30.8,6.9,42.3,78.310009538,94.477236589,20.6,49.5,low
"Feltner, Ryan",663372,6,30.1,135,4,25,12,18.5,8.9,0.27,0.443,0.333,0.776,0.225,0.349,0.336,0.284,0.293,0.124,72.3,27.8,12.3,9.3,33.1,25.0,7.4,10.2,49.5,90.0,11.1,27.6,4.1,35.7,79.828118958,94.387792083,26.5,48.5,low
"Hall, DL",669084,20,38.2,155,2,27,17,17.4,11.0,0.174,0.275,0.265,0.54,0.222,0.353,0.246,0.294,0.307,0.131,72.0,24.2,13.5,11.3,33.7,28.1,7.2,8.1,52.4,88.0,15.0,36.0,6.3,28.8,78.260723036,92.985195586,19.6,44.2,low
"Megill, Tylor",656731,14,68.1,305,6,89,33,29.2,10.8,0.23,0.345,0.329,0.674,0.22,0.347,0.303,0.306,0.324,0.128,71.6,25.7,13.3,9.7,34.5,25.3,7.3,9.0,50.6,90.3,14.8,30.1,6.4,43.8,79.63753,95.034338421,30.7,44.9,ok
"Gillispie, Connor",687362,6,26.0,123,6,23,11,18.7,8.9,0.294,0.56,0.358,0.918,0.258,0.493,0.387,0.354,0.329,0.235,72.6,31.2,19.5,15.6,39.6,31.7,7.4,12.7,64.5,91.4,16.5,36.4,12.5,50.0,80.485346279,95.911199535,21.4,45.6,low
"Martin, Chris",455119,49,42.1,173,6,43,7,24.9,4.0,0.262,0.39,0.295,0.685,0.258,0.426,0.291,0.302,0.291,0.168,71.4,23.3,12.8,10.2,28.4,22.6,7.0,5.5,45.2,90.1,12.9,35.2,9.0,41.0,79.235836557,94.800879669,21.8,55.3,low
"Ginkel, Kevin",656464,29,25.2,121,2,29,13,24.0,10.7,0.284,0.412,0.364,0.776,0.228,0.412,0.338,0.33,0.328,0.184,71.0,21.3,9.7,7.4,27.8,21.3,7.2,9.9,48.4,89.7,12.2,28.6,10.5,45.5,78.74471,94.726929459,28.1,47.0,low
"Severino, Luis",622663,29,162.2,705,16,124,50,17.6,7.1,0.257,0.389,0.324,0.713,0.266,0.416,0.313,0.331,0.335,0.149,71.5,21.9,15.1,12.4,31.0,25.4,7.1,8.0,50.9,88.3,14.0,35.3,6.0,41.9,75.840911693,94.478741811,18.3,47.3,ok
"Bednar, David",670280,64,62.2,251,4,86,19,34.3,7.6,0.2,0.304,0.263,0.567,0.204,0.339,0.249,0.264,0.267,0.135,71.1,20.0,11.9,8.7,30.6,22.3,7.2,10.2,52.2,89.2,11.2,35.9,9.0,42.1,78.178668056,94.382782917,31.1,47.8,ok
"Harris, Hogan",663687,48,64.2,277,5,65,33,23.5,11.9,0.226,0.339,0.319,0.658,0.239,0.353,0.289,0.305,0.334,0.114,70.6,18.4,10.1,7.8,33.4,26.0,7.2,9.0,48.4,88.0,14.9,34.8,5.6,32.6,77.910871023,93.049922557,23.0,45.6,ok
"Teng, Kai-Wei",678906,8,29.2,139,2,39,17,28.1,12.2,0.254,0.351,0.381,0.732,0.213,0.321,0.335,0.311,0.349,0.107,71.7,21.1,7.5,5.6,26.3,19.7,7.3,10.0,54.9,89.4,14.5,36.8,3.9,31.6,80.115860263,93.391197067,27.5,43.8,low
"Jacob, Alek",689690,29,33.1,153,6,23,14,15.0,9.2,0.275,0.466,0.366,0.832,0.25,0.436,0.361,0.344,0.347,0.186,71.8,28.4,14.9,12.0,29.8,24.0,7.3,12.5,44.9,84.1,15.8,34.5,7.3,31.8,70.744602909,92.803120092,21.3,45.7,low
"Romano, Jordan",605447,49,42.2,187,10,47,17,25.1,9.1,0.276,0.515,0.348,0.863,0.223,0.417,0.365,0.313,0.304,0.195,72.1,26.1,15.8,11.3,34.2,24.3,7.4,11.9,56.3,88.9,18.3,29.2,10.0,39.2,77.842098,94.377039244,28.7,46.8,low
"Montgomery, Mason",682254,57,46.0,209,6,63,27,30.1,12.9,0.277,0.435,0.372,0.807,0.243,0.401,0.354,0.33,0.344,0.158,71.8,24.6,11.6,7.3,24.6,15.4,7.1,6.4,40.8,89.3,12.1,33.9,9.4,39.0,78.008832456,94.636496106,35.8,51.1,ok
"Molina, Anthony",683627,17,34.2,160,12,24,6,15.0,3.8,0.351,0.649,0.382,1.031,0.322,0.606,0.435,0.405,0.355,0.284,71.6,23.8,21.7,16.7,41.8,32.1,7.4,9.4,52.9,91.2,13.3,37.3,11.1,54.0,80.031040635,95.93442368,24.2,46.2,low
"Burnes, Corbin",669203,11,64.1,265,7,63,26,23.8,9.8,0.21,0.356,0.297,0.653,0.227,0.385,0.288,0.306,0.312,0.158,72.5,31.3,14.3,10.9,32.2,24.5,7.6,11.8,55.3,89.5,6.6,33.5,8.1,41.6,77.976536977,94.85857848,25.7,46.3,ok
"Baz, Shane",669358,31,166.1,711,26,176,64,24.8,9.0,0.25,0.433,0.325,0.758,0.23,0.386,0.33,0.306,0.308,0.156,71.8,24.9,13.1,10.0,31.2,23.8,7.2,8.2,52.7,89.0,10.7,32.3,9.5,39.4,77.845062957,94.260697,25.8,49.2,ok
"Ferguson, Caleb",657571,70,65.1,270,2,51,22,18.9,8.1,0.229,0.301,0.307,0.608,0.237,0.329,0.271,0.29,0.318,0.092,70.8,17.1,8.4,6.7,27.2,21.6,6.9,4.7,41.7,84.8,5.6,35.6,3.2,27.7,72.885195806,92.37738129,21.4,47.9,ok
"Crismatt, Nabil",622503,8,34.0,153,6,25,9,16.3,5.9,0.282,0.465,0.327,0.792,0.28,0.436,0.34,0.33,0.325,0.156,72.4,25.0,15.1,11.4,38.5,29.2,7.6,14.4,48.7,87.9,11.2,38.1,5.1,29.7,78.087486552,92.987057739,23.8,47.2,low
"Walter, Brandon",687888,9,53.2,212,10,52,4,24.5,1.9,0.225,0.422,0.251,0.673,0.237,0.391,0.288,0.282,0.262,0.154,72.2,27.9,11.5,8.7,27.2,20.6,7.4,11.3,45.5,86.2,12.0,30.7,7.2,38.6,73.587650789,93.449561854,24.6,50.5,ok
"Banda, Anthony",607455,71,65.0,269,8,61,35,22.7,13.0,0.197,0.354,0.305,0.659,0.206,0.355,0.285,0.296,0.317,0.148,71.0,20.5,13.7,10.1,32.1,23.8,7.2,9.8,49.1,89.8,13.8,35.1,8.8,38.6,80.008237647,93.888422308,27.2,47.7,ok
"Gausman, Kevin",592332,32,193.0,775,21,189,50,24.4,6.5,0.216,0.358,0.269,0.627,0.238,0.407,0.273,0.301,0.289,0.169,72.4,28.5,13.7,10.2,30.5,22.7,7.4,10.2,45.1,89.3,16.5,35.0,8.5,41.4,78.114323042,94.522007833,26.4,51.6,ok
"Gibaut, Ian",664139,25,25.1,109,3,15,8,13.8,7.3,0.26,0.41,0.312,0.722,0.24,0.428,0.313,0.312,0.295,0.188,71.7,23.2,13.5,11.6,33.3,28.7,7.0,6.5,54.9,88.4,19.9,36.0,10.5,33.7,78.307002558,93.388157093,17.5,48.7,low
"Sterner, Justin",686993,59,65.0,266,10,70,21,26.3,7.9,0.201,0.35,0.283,0.633,0.203,0.366,0.278,0.285,0.286,0.163,71.4,21.3,12.1,8.7,34.1,24.5,7.2,9.5,51.2,89.8,22.0,33.5,9.6,38.9,79.729549881,94.196491916,30.8,50.0,ok
"Ohtani, Shohei",660271,14,47.0,187,3,62,8,33.2,4.3,0.227,0.313,0.257,0.57,0.214,0.322,0.249,0.249,0.248,0.108,71.3,17.4,8.5,5.9,26.9,18.6,7.3,9.3,41.9,86.4,13.6,33.3,3.4,30.8,74.636212069,93.202968261,32.5,49.8,low
"Bivens, Spencer",702352,54,81.0,343,6,61,25,17.8,7.3,0.269,0.408,0.331,0.739,0.247,0.394,0.322,0.313,0.315,0.148,71.6,23.2,11.3,9.5,30.8,25.9,7.2,9.6,50.1,87.5,7.2,28.6,7.2,37.3,75.871326855,93.556352177,17.0,49.1,ok
"Blanco, Ronel",669854,9,48.1,199,7,48,20,24.1,10.1,0.21,0.381,0.288,0.669,0.199,0.354,0.292,0.279,0.278,0.155,71.9,24.8,11.9,8.3,29.1,20.2,7.7,15.2,55.5,85.9,17.7,25.2,8.4,30.5,74.409075313,92.826420709,32.0,47.6,low
"Rodriguez, Eduardo",593958,29,154.1,694,25,143,60,20.6,8.6,0.286,0.475,0.347,0.822,0.259,0.431,0.353,0.328,0.324,0.172,72.0,27.1,14.9,11.6,33.6,26.2,7.1,7.6,48.7,88.2,16.3,35.8,8.2,35.2,76.814734292,93.89951643,23.0,47.1,ok
"Scott, Tanner",656945,61,57.0,237,11,60,17,25.3,7.2,0.254,0.46,0.318,0.778,0.247,0.418,0.332,0.317,0.313,0.172,72.0,27.5,12.9,9.4,28.3,20.6,7.3,9.2,47.7,90.8,18.0,34.0,9.0,42.3,80.965295065,94.584847386,29.5,55.9,ok
"Taillon, Jameson",592791,23,129.2,519,24,98,27,18.9,5.2,0.225,0.427,0.265,0.692,0.241,0.424,0.297,0.305,0.281,0.183,71.9,24.6,15.0,12.2,34.3,27.8,7.4,11.6,55.8,88.3,19.7,33.0,8.1,38.3,77.113366359,93.815742513,20.8,48.5,ok
"Snider, Collin",676092,24,26.1,119,3,24,6,20.2,5.0,0.299,0.533,0.342,0.875,0.282,0.51,0.366,0.361,0.332,0.228,71.3,22.9,11.9,9.4,23.7,18.8,7.3,10.7,49.3,90.3,13.0,35.6,12.8,47.1,78.356503571,95.455914405,21.7,55.1,low
"Weathers, Ryan",677960,8,38.1,166,7,37,12,22.3,7.2,0.245,0.43,0.303,0.733,0.236,0.418,0.317,0.309,0.295,0.182,71.8,25.6,14.1,10.3,36.6,26.7,7.4,10.5,50.2,89.6,12.3,34.5,9.6,42.2,78.889919474,94.738206842,28.8,48.8,low
"Matsui, Yuki",673513,61,63.1,272,10,61,33,22.4,12.1,0.227,0.416,0.321,0.737,0.228,0.397,0.318,0.313,0.322,0.17,72.1,28.2,13.4,9.5,33.9,23.9,7.6,12.8,54.4,88.5,20.6,30.5,9.0,37.3,77.594650455,93.797769716,30.3,49.0,ok
"Kerkering, Orion",689147,69,60.0,266,6,65,27,24.4,10.2,0.238,0.364,0.323,0.687,0.227,0.353,0.3,0.298,0.319,0.125,71.8,23.9,10.0,8.1,29.7,23.9,7.2,7.8,51.4,85.9,15.0,36.5,6.5,33.5,73.900155357,93.028676407,23.7,42.9,ok
"Richardson, Lyon",680689,34,37.2,172,2,30,21,17.4,12.2,0.255,0.372,0.349,0.721,0.273,0.413,0.311,0.345,0.374,0.139,71.8,24.4,18.8,14.5,40.3,31.0,7.5,9.7,47.1,89.9,6.1,34.5,5.9,46.2,78.557465667,94.882098151,22.3,40.5,low
"Chandler, Bubba",696149,7,31.1,124,2,31,4,25.0,3.2,0.214,0.333,0.258,0.591,0.231,0.415,0.26,0.298,0.275,0.184,71.7,24.0,12.4,8.5,35.0,24.0,7.1,6.8,40.0,90.2,7.9,39.5,9.4,40.7,80.213783953,94.569092353,30.3,50.1,low
"Trivino III, Lou",642152,47,47.2,207,6,37,18,17.9,8.7,0.258,0.399,0.34,0.739,0.252,0.443,0.323,0.346,0.342,0.191,72.2,25.7,10.7,8.2,29.8,22.7,7.4,11.0,59.8,87.1,20.1,34.2,9.6,30.8,75.917096901,93.161742766,25.1,46.4,ok
"Tonkin, Michael",543859,21,24.0,103,3,19,8,18.4,7.8,0.225,0.382,0.32,0.702,0.252,0.466,0.312,0.355,0.348,0.213,71.6,22.4,14.4,11.5,37.6,30.1,7.3,8.9,52.6,91.4,15.6,35.2,8.5,43.7,82.448027222,94.828496197,20.7,43.8,low
"Gipson-Long, Sawyer",687830,8,31.1,133,8,26,6,19.5,4.5,0.281,0.554,0.316,0.87,0.296,0.557,0.362,0.377,0.334,0.26,72.5,30.1,18.3,14.2,38.5,29.7,7.5,13.3,49.8,90.5,13.1,34.3,13.1,39.4,79.2068812,95.157078485,24.4,51.4,low
"Svanson, Matt",694335,39,60.1,234,3,68,20,29.1,8.5,0.16,0.248,0.244,0.492,0.201,0.337,0.225,0.275,0.281,0.136,70.8,17.5,11.2,8.9,27.8,22.1,6.9,5.4,43.7,89.1,9.8,39.4,8.5,35.9,78.330131857,94.20207,23.1,44.1,ok
"Hodge, Porter",687863,36,33.0,147,9,40,18,27.2,12.2,0.268,0.543,0.354,0.897,0.232,0.4,0.377,0.317,0.326,0.168,71.0,18.9,10.1,7.8,29.6,23.0,7.2,9.6,46.3,89.3,14.2,37.1,9.1,38.2,79.472008409,93.775686136,26.7,46.2,low
"Sousa, Bennett",656986,44,50.2,199,4,59,15,29.6,7.5,0.204,0.331,0.263,0.594,0.199,0.335,0.261,0.266,0.26,0.136,72.2,27.3,14.4,9.6,34.9,23.3,7.7,14.3,50.6,89.1,15.9,32.8,8.1,36.8,77.989110968,94.230850081,36.8,53.0,low
"Schwellenbach, Spencer",680885,17,110.2,434,13,108,18,24.9,4.1,0.217,0.366,0.252,0.618,0.251,0.395,0.266,0.294,0.285,0.144,71.6,23.8,16.7,12.3,35.3,26.0,7.3,8.5,45.7,88.8,8.3,34.3,7.5,41.5,76.928233856,94.493622852,28.3,51.8,ok
"Peterson, David",656849,30,168.2,723,11,150,65,20.7,9.0,0.258,0.37,0.331,0.701,0.27,0.407,0.311,0.331,0.344,0.137,72.2,27.3,17.3,13.3,35.5,27.3,7.4,10.1,49.5,90.6,4.3,34.4,6.4,46.0,79.61366252,95.237705996,24.0,46.8,ok
"Woodford, Jake",663765,22,36.1,170,3,23,13,13.5,7.6,0.298,0.424,0.363,0.787,0.289,0.428,0.343,0.344,0.357,0.139,71.9,23.9,13.5,11.4,32.6,27.5,7.2,9.2,51.4,86.1,10.4,35.1,6.9,33.6,73.794609844,93.234400625,16.4,45.8,low
"Boyd, Matthew",571510,31,179.2,718,19,154,42,21.4,5.8,0.235,0.369,0.288,0.657,0.24,0.398,0.287,0.301,0.293,0.158,71.8,23.6,14.4,11.3,32.4,25.3,7.3,9.2,46.0,88.5,18.0,31.4,9.0,38.0,77.347035336,93.962286673,23.1,51.5,ok
"Horton, Cade",690990,23,118.0,476,10,97,33,20.4,6.9,0.219,0.333,0.282,0.615,0.236,0.406,0.273,0.306,0.298,0.17,72.0,25.5,14.5,11.0,36.4,27.6,7.4,9.6,45.8,89.7,14.3,33.3,10.1,41.3,79.154849053,94.451553027,25.8,48.6,ok
"Phillips, Tyler",663969,54,77.2,313,8,52,24,16.6,7.7,0.226,0.352,0.291,0.643,0.24,0.37,0.284,0.298,0.303,0.131,72.1,25.2,18.3,14.0,39.5,30.2,7.5,11.8,55.5,89.2,5.5,26.0,5.1,43.4,77.404647949,94.783240429,27.3,47.9,ok
"McGreevy, Michael",700241,17,95.2,400,12,58,20,14.5,5.0,0.268,0.426,0.309,0.735,0.274,0.457,0.318,0.333,0.316,0.183,71.4,21.0,19.0,15.4,42.6,34.6,7.1,8.1,49.5,90.5,9.0,33.2,8.8,40.1,79.891822152,94.840920349,19.2,45.9,ok
"Mears, Nick",683232,63,56.2,222,7,46,14,20.7,6.3,0.213,0.371,0.258,0.629,0.259,0.466,0.266,0.324,0.304,0.207,71.1,18.8,14.2,11.0,34.5,26.7,7.3,10.4,55.5,90.4,16.6,39.8,10.6,42.9,80.078215316,94.850952785,25.0,54.9,ok
"Mize, Casey",663554,28,149.0,627,21,139,36,22.2,5.7,0.263,0.437,0.307,0.744,0.236,0.412,0.319,0.298,0.282,0.177,72.4,28.4,14.9,11.3,35.1,26.7,7.3,10.2,54.6,90.0,14.0,36.1,9.2,42.5,79.394689775,94.590713063,24.1,49.6,ok
"Allard, Kolby",663465,33,65.0,266,5,42,14,15.8,5.3,0.261,0.384,0.3,0.684,0.241,0.39,0.293,0.286,0.283,0.15,71.8,23.8,13.3,10.8,33.1,27.1,7.2,8.9,52.7,88.2,17.8,34.4,5.7,35.9,77.493502039,93.650984049,19.6,49.5,ok
"Soriano, José",667755,31,169.0,724,12,152,78,21.0,10.8,0.249,0.353,0.335,0.688,0.242,0.367,0.309,0.312,0.331,0.125,72.3,29.1,18.2,13.7,37.9,28.4,7.4,9.7,52.1,91.4,-2.8,26.8,7.2,48.2,79.974239247,95.946385146,27.0,44.8,ok
"Mattson, Isaac",676755,44,47.2,198,4,45,19,22.7,9.6,0.203,0.314,0.286,0.6,0.208,0.361,0.264,0.283,0.29,0.153,70.7,18.2,11.7,9.0,32.0,24.6,6.9,6.0,45.4,89.4,23.8,33.3,6.1,39.4,79.401004615,93.900533953,23.2,51.0,low
"Speier, Gabe",642100,76,62.0,243,5,82,11,33.7,4.5,0.192,0.326,0.243,0.569,0.187,0.31,0.247,0.247,0.242,0.123,71.5,23.9,15.0,10.6,30.1,21.2,7.1,7.9,46.6,89.7,15.0,26.9,9.0,40.7,78.689063472,94.681682168,30.9,52.0,ok
"Little, Brendon",663893,79,68.1,295,2,91,45,30.8,15.3,0.196,0.273,0.323,0.596,0.194,0.291,0.273,0.286,0.327,0.097,72.7,35.2,20.3,12.0,37.4,22.2,7.6,12.1,53.5,89.7,1.4,30.6,6.4,47.1,78.031955513,95.180069677,43.5,40.6,ok
"Rea, Colin",607067,32,159.1,662,20,127,44,19.2,6.6,0.258,0.413,0.312,0.725,0.261,0.438,0.314,0.328,0.317,0.177,71.8,24.3,14.9,11.9,36.4,29.0,7.2,8.8,50.1,89.8,13.6,38.8,10.3,41.0,79.312181125,94.443682505,22.0,47.6,ok
"Patrick, Chad",694477,27,119.2,503,13,127,40,25.2,8.0,0.248,0.387,0.313,0.7,0.24,0.395,0.307,0.306,0.306,0.156,71.5,20.8,12.4,9.6,28.7,22.1,7.2,8.4,48.8,89.4,18.5,40.1,8.1,42.2,78.480281585,94.369077591,23.5,50.1,ok
"Montero, Keider",672456,20,90.2,389,16,72,31,18.5,8.0,0.268,0.445,0.33,0.775,0.26,0.446,0.337,0.333,0.323,0.186,71.8,23.3,15.2,12.4,33.7,27.5,7.4,10.4,49.8,89.1,14.5,37.7,8.2,39.4,78.2070475,94.272348602,19.8,47.7,ok
"Paddack, Chris",663978,33,158.0,670,31,112,37,16.7,5.5,0.268,0.483,0.308,0.791,0.273,0.488,0.336,0.344,0.316,0.214,71.6,24.0,15.8,12.8,34.7,28.0,7.2,9.1,53.6,90.7,16.3,35.9,10.2,45.6,79.944242314,95.130759451,20.7,51.3,ok
"Holderman, Colin",670059,24,25.2,125,4,18,16,14.4,12.8,0.327,0.51,0.419,0.929,0.284,0.428,0.399,0.364,0.389,0.145,71.5,23.0,18.8,14.3,36.2,27.6,7.4,10.6,55.1,89.6,8.7,29.2,5.7,43.8,78.69584,94.458353678,25.8,46.5,low
"Gomber, Austin",596295,12,57.2,272,16,34,17,12.5,6.3,0.325,0.603,0.369,0.972,0.279,0.553,0.411,0.372,0.327,0.274,72.9,32.7,16.0,13.6,32.3,27.5,7.5,12.4,55.0,88.1,18.2,38.6,14.5,39.5,76.183386514,94.163679539,15.9,49.0,ok
"Koenig, Jared",657649,72,66.0,268,6,68,20,25.4,7.5,0.237,0.365,0.305,0.67,0.198,0.324,0.294,0.263,0.27,0.126,71.4,21.0,10.7,8.6,31.2,24.9,7.1,7.3,48.9,88.7,12.9,29.5,5.1,34.7,78.564919655,93.512511561,22.9,43.9,ok
"Estrada, Jeremiah",669093,77,73.0,304,12,108,27,35.5,8.9,0.216,0.39,0.291,0.681,0.182,0.325,0.295,0.26,0.263,0.143,70.7,19.7,11.1,7.3,29.9,19.7,7.2,8.8,51.3,90.1,21.4,33.1,9.0,39.2,80.16923,94.230622317,34.9,51.9,ok
"Ginn, J.T.",669372,23,90.1,392,17,99,31,25.3,7.9,0.26,0.472,0.329,0.801,0.227,0.388,0.344,0.301,0.3,0.161,72.6,29.0,18.7,13.4,32.9,23.7,7.4,11.9,51.5,88.4,7.8,26.2,9.8,44.5,75.355279219,94.914220549,28.7,42.9,ok
"Leahy, Kyle",681517,62,88.0,363,5,80,28,22.0,7.7,0.244,0.338,0.3,0.638,0.263,0.417,0.281,0.325,0.322,0.153,71.3,18.3,14.9,11.7,30.0,23.6,7.2,8.1,53.1,89.1,10.2,37.4,9.8,44.1,77.142256905,94.740171833,23.1,49.7,ok
"Topa, Justin",623437,54,60.0,268,2,49,18,18.3,6.7,0.281,0.376,0.338,0.714,0.282,0.4,0.311,0.325,0.342,0.119,71.7,23.1,17.5,14.7,35.1,29.3,7.2,7.2,47.0,89.3,7.7,35.0,5.6,44.7,77.581281959,94.832875722,18.1,47.2,ok
