rule_id,active,pipeline_supported,unsupported_reason,family,family_eligibility_code,family_selected_side_code,family_selected_probability_code,test,source_condition,condition_count,condition_1_test_feature,condition_1_feature_code,condition_1_formula_code,condition_1_source_paths,condition_1_source_columns,condition_1_match_type,condition_1_min_inclusive,condition_1_max_exclusive,condition_1_equals_value,condition_1_null_required,condition_1_source_bucket_label,condition_2_test_feature,condition_2_feature_code,condition_2_formula_code,condition_2_source_paths,condition_2_source_columns,condition_2_match_type,condition_2_min_inclusive,condition_2_max_exclusive,condition_2_equals_value,condition_2_null_required,condition_2_source_bucket_label,games,wins,losses,historical_win_rate_pct,wilson95_low_pct,wilson95_high_pct,family_baseline_win_pct,lift_vs_family_pct_points,eligible_seasons,season_consistency_pct,forward_checks,forward_successes,forward_success_pct,action_direction,action_strength_abs_lift_pp,source_file
HE0001,1,1,,DRAT,DRAT_AVAILABLE,DRAT_MAX_PROB_SIDE,DRAT_MAX_PROB,ProbBucket,ProbBucket=55-59.9%,1,ProbBucket,FAMILY_SELECTED_PROB,USE_FAMILY_SELECTED_PROB,FAMILY_DEPENDENT,DRAT.home_prob|DRAT.away_prob|EPRED.home_prob|EPRED.away_prob|DRAT.moneyline_home|DRAT.moneyline_away|SCHEDULE.home_spread|SCHEDULE.away_spread,NUMERIC_RANGE,0.55,0.6,,0,55-59.9%,,,,,,,,,,,,216,118,98,54.63,47.97,61.13,65.83,-11.2,5,80.0,4,3,75.0,NEGATIVE,11.20,full_test_results.csv
HE0002,1,1,,DRAT,DRAT_AVAILABLE,DRAT_MAX_PROB_SIDE,DRAT_MAX_PROB,ProbBucket,ProbBucket=60-64.9%,1,ProbBucket,FAMILY_SELECTED_PROB,USE_FAMILY_SELECTED_PROB,FAMILY_DEPENDENT,DRAT.home_prob|DRAT.away_prob|EPRED.home_prob|EPRED.away_prob|DRAT.moneyline_home|DRAT.moneyline_away|SCHEDULE.home_spread|SCHEDULE.away_spread,NUMERIC_RANGE,0.6,0.65,,0,60-64.9%,,,,,,,,,,,,231,137,94,59.31,52.87,65.44,65.83,-6.53,5,100.0,4,4,100.0,NEGATIVE,6.53,full_test_results.csv
HE0003,1,1,,DRAT,DRAT_AVAILABLE,DRAT_MAX_PROB_SIDE,DRAT_MAX_PROB,ProbBucket,ProbBucket=70-74.9%,1,ProbBucket,FAMILY_SELECTED_PROB,USE_FAMILY_SELECTED_PROB,FAMILY_DEPENDENT,DRAT.home_prob|DRAT.away_prob|EPRED.home_prob|EPRED.away_prob|DRAT.moneyline_home|DRAT.moneyline_away|SCHEDULE.home_spread|SCHEDULE.away_spread,NUMERIC_RANGE,0.7,0.75,,0,70-74.9%,,,,,,,,,,,,185,134,51,72.43,65.59,78.37,65.83,6.6,5,100.0,4,4,100.0,POSITIVE,6.60,full_test_results.csv
HE0004,1,1,,DRAT,DRAT_AVAILABLE,DRAT_MAX_PROB_SIDE,DRAT_MAX_PROB,ProbBucket,ProbBucket=75-79.9%,1,ProbBucket,FAMILY_SELECTED_PROB,USE_FAMILY_SELECTED_PROB,FAMILY_DEPENDENT,DRAT.home_prob|DRAT.away_prob|EPRED.home_prob|EPRED.away_prob|DRAT.moneyline_home|DRAT.moneyline_away|SCHEDULE.home_spread|SCHEDULE.away_spread,NUMERIC_RANGE,0.75,0.8,,0,75-79.9%,,,,,,,,,,,,154,108,46,70.13,62.48,76.8,65.83,4.3,5,80.0,4,3,75.0,POSITIVE,4.30,full_test_results.csv
HE0005,1,1,,DRAT,DRAT_AVAILABLE,DRAT_MAX_PROB_SIDE,DRAT_MAX_PROB,ProbBucket,ProbBucket=80-84.9%,1,ProbBucket,FAMILY_SELECTED_PROB,USE_FAMILY_SELECTED_PROB,FAMILY_DEPENDENT,DRAT.home_prob|DRAT.away_prob|EPRED.home_prob|EPRED.away_prob|DRAT.moneyline_home|DRAT.moneyline_away|SCHEDULE.home_spread|SCHEDULE.away_spread,NUMERIC_RANGE,0.8,0.85,,0,80-84.9%,,,,,,,,,,,,101,85,16,84.16,75.81,90.01,65.83,18.32,5,100.0,3,3,100.0,POSITIVE,18.32,full_test_results.csv
HE0006,1,1,,DRAT,DRAT_AVAILABLE,DRAT_MAX_PROB_SIDE,DRAT_MAX_PROB,ProbBucket,ProbBucket=85-89.9%,1,ProbBucket,FAMILY_SELECTED_PROB,USE_FAMILY_SELECTED_PROB,FAMILY_DEPENDENT,DRAT.home_prob|DRAT.away_prob|EPRED.home_prob|EPRED.away_prob|DRAT.moneyline_home|DRAT.moneyline_away|SCHEDULE.home_spread|SCHEDULE.away_spread,NUMERIC_RANGE,0.85,0.9,,0,85-89.9%,,,,,,,,,,,,62,53,9,85.48,74.66,92.17,65.83,19.65,5,100.0,3,3,100.0,POSITIVE,19.65,full_test_results.csv
HE0007,1,1,,DRAT,DRAT_AVAILABLE,DRAT_MAX_PROB_SIDE,DRAT_MAX_PROB,ProbBucket,ProbBucket=<55%,1,ProbBucket,FAMILY_SELECTED_PROB,USE_FAMILY_SELECTED_PROB,FAMILY_DEPENDENT,DRAT.home_prob|DRAT.away_prob|EPRED.home_prob|EPRED.away_prob|DRAT.moneyline_home|DRAT.moneyline_away|SCHEDULE.home_spread|SCHEDULE.away_spread,NUMERIC_RANGE,,0.55,,0,<55%,,,,,,,,,,,,238,135,103,56.72,50.37,62.86,65.83,-9.11,5,100.0,4,4,100.0,NEGATIVE,9.11,full_test_results.csv
HE0008,1,1,,DRAT,DRAT_AVAILABLE,DRAT_MAX_PROB_SIDE,DRAT_MAX_PROB,MarketRole,MarketRole=Market Underdog,1,MarketRole,SELECTED_MARKET_ROLE,MARKET_ROLE_FOR_FAMILY_SELECTED_SIDE,DRAT|SCHEDULE,DRAT.moneyline_home|DRAT.moneyline_away|SCHEDULE.home_spread|SCHEDULE.away_spread,TEXT_EQUALS,,,Market Underdog,0,Market Underdog,,,,,,,,,,,,107,48,59,44.86,35.78,54.3,65.83,-20.97,5,100.0,3,3,100.0,NEGATIVE,20.97,full_test_results.csv
HE0009,1,1,,DRAT,DRAT_AVAILABLE,DRAT_MAX_PROB_SIDE,DRAT_MAX_PROB,SpreadBucket,SpreadBucket=Dog +0.5 to +2.5,1,SpreadBucket,SELECTED_SPREAD,SPREAD_FOR_FAMILY_SELECTED_SIDE,SCHEDULE,SCHEDULE.home_spread|SCHEDULE.away_spread,NUMERIC_RANGE,1e-06,3,,0,Dog +0.5 to +2.5,,,,,,,,,,,,89,42,47,47.19,37.15,57.46,65.83,-18.64,5,100.0,3,3,100.0,NEGATIVE,18.64,full_test_results.csv
HE0010,1,1,,DRAT,DRAT_AVAILABLE,DRAT_MAX_PROB_SIDE,DRAT_MAX_PROB,SpreadBucket,SpreadBucket=Fav -0.5 to -2.5,1,SpreadBucket,SELECTED_SPREAD,SPREAD_FOR_FAMILY_SELECTED_SIDE,SCHEDULE,SCHEDULE.home_spread|SCHEDULE.away_spread,NUMERIC_RANGE,-3,0,,0,Fav -0.5 to -2.5,,,,,,,,,,,,466,269,197,57.73,53.19,62.13,65.83,-8.11,5,100.0,4,4,100.0,NEGATIVE,8.11,full_test_results.csv
HE0011,1,1,,DRAT,DRAT_AVAILABLE,DRAT_MAX_PROB_SIDE,DRAT_MAX_PROB,SpreadBucket,SpreadBucket=Fav -10+,1,SpreadBucket,SELECTED_SPREAD,SPREAD_FOR_FAMILY_SELECTED_SIDE,SCHEDULE,SCHEDULE.home_spread|SCHEDULE.away_spread,NUMERIC_RANGE,,-10,,0,Fav -10+,,,,,,,,,,,,130,115,15,88.46,81.83,92.88,65.83,22.63,5,100.0,4,4,100.0,POSITIVE,22.63,full_test_results.csv
HE0012,1,1,,DRAT,DRAT_AVAILABLE,DRAT_MAX_PROB_SIDE,DRAT_MAX_PROB,RatingGapBucket,RatingGapBucket=-3 to 0,1,RatingGapBucket,SELECTED_EPRED_RATING_GAP,EPRED_RATING_SELECTED_MINUS_OPPONENT,EPRED,EPRED.home_rating|EPRED.away_rating,NUMERIC_RANGE,-3,0,,0,-3 to 0,,,,,,,,,,,,177,97,80,54.8,47.45,61.95,65.83,-11.03,5,100.0,4,4,100.0,NEGATIVE,11.03,full_test_results.csv
HE0013,1,1,,DRAT,DRAT_AVAILABLE,DRAT_MAX_PROB_SIDE,DRAT_MAX_PROB,RatingGapBucket,RatingGapBucket=0 to 2.9,1,RatingGapBucket,SELECTED_EPRED_RATING_GAP,EPRED_RATING_SELECTED_MINUS_OPPONENT,EPRED,EPRED.home_rating|EPRED.away_rating,NUMERIC_RANGE,0,3,,0,0 to 2.9,,,,,,,,,,,,331,182,149,54.98,49.6,60.26,65.83,-10.85,5,100.0,4,4,100.0,NEGATIVE,10.85,full_test_results.csv
HE0014,1,1,,DRAT,DRAT_AVAILABLE,DRAT_MAX_PROB_SIDE,DRAT_MAX_PROB,RatingGapBucket,RatingGapBucket=10+,1,RatingGapBucket,SELECTED_EPRED_RATING_GAP,EPRED_RATING_SELECTED_MINUS_OPPONENT,EPRED,EPRED.home_rating|EPRED.away_rating,NUMERIC_RANGE,10,,,0,10+,,,,,,,,,,,,200,161,39,80.5,74.46,85.39,65.83,14.67,5,100.0,4,4,100.0,POSITIVE,14.67,full_test_results.csv
HE0015,1,1,,DRAT,DRAT_AVAILABLE,DRAT_MAX_PROB_SIDE,DRAT_MAX_PROB,RatingGapBucket,RatingGapBucket=6 to 9.9,1,RatingGapBucket,SELECTED_EPRED_RATING_GAP,EPRED_RATING_SELECTED_MINUS_OPPONENT,EPRED,EPRED.home_rating|EPRED.away_rating,NUMERIC_RANGE,6,10,,0,6 to 9.9,,,,,,,,,,,,288,216,72,75.0,69.69,79.65,65.83,9.17,5,80.0,4,3,75.0,POSITIVE,9.17,full_test_results.csv
HE0016,1,1,,DRAT,DRAT_AVAILABLE,DRAT_MAX_PROB_SIDE,DRAT_MAX_PROB,MatchupBucket,MatchupBucket=25-49.9,1,MatchupBucket,EPRED_MATCHUP_QUALITY,RAW_EPRED_MATCHUP_QUALITY,EPRED,EPRED.matchupQuality,NUMERIC_RANGE,25,50,,0,25-49.9,,,,,,,,,,,,467,325,142,69.59,65.28,73.59,65.83,3.76,5,80.0,4,3,75.0,POSITIVE,3.76,full_test_results.csv
HE0017,1,1,,DRAT,DRAT_AVAILABLE,DRAT_MAX_PROB_SIDE,DRAT_MAX_PROB,MatchupBucket,MatchupBucket=<25,1,MatchupBucket,EPRED_MATCHUP_QUALITY,RAW_EPRED_MATCHUP_QUALITY,EPRED,EPRED.matchupQuality,NUMERIC_RANGE,,25,,0,<25,,,,,,,,,,,,166,100,66,60.24,52.65,67.37,65.83,-5.59,5,80.0,4,3,75.0,NEGATIVE,5.59,full_test_results.csv
HE0018,1,1,,DRAT,DRAT_AVAILABLE,DRAT_MAX_PROB_SIDE,DRAT_MAX_PROB,WeekBucket,WeekBucket=Weeks 1-3,1,WeekBucket,WEEK,RAW_WEEK,SCHEDULE,SCHEDULE.week,NUMERIC_RANGE,1,4,,0,Weeks 1-3,,,,,,,,,,,,295,185,110,62.71,57.06,68.03,65.83,-3.12,5,80.0,4,3,75.0,NEGATIVE,3.12,full_test_results.csv
HE0019,0,0,No current wind_speed field was supplied.,DRAT,DRAT_AVAILABLE,DRAT_MAX_PROB_SIDE,DRAT_MAX_PROB,WindBucket,WindBucket=15-19.9 mph,1,WindBucket,WIND_SPEED,UNAVAILABLE,,,NUMERIC_RANGE,15,20,,0,15-19.9 mph,,,,,,,,,,,,62,47,15,75.81,63.85,84.75,65.83,9.97,5,80.0,2,2,100.0,POSITIVE,9.97,full_test_results.csv
HE0020,0,0,No current temperature field was supplied.,DRAT,DRAT_AVAILABLE,DRAT_MAX_PROB_SIDE,DRAT_MAX_PROB,TemperatureBucket,TemperatureBucket=<32F,1,TemperatureBucket,TEMPERATURE,UNAVAILABLE,,,NUMERIC_RANGE,,32,,0,<32F,,,,,,,,,,,,77,57,20,74.03,63.26,82.51,65.83,8.19,5,80.0,3,2,66.67,POSITIVE,8.19,full_test_results.csv
HE0021,1,1,,DRAT,DRAT_AVAILABLE,DRAT_MAX_PROB_SIDE,DRAT_MAX_PROB,DratEpredAgreement,DratEpredAgreement=Disagree,1,DratEpredAgreement,DRAT_EPRED_AGREEMENT,COMPARE_DRAT_PICK_TO_EPRED_PICK,DRAT|EPRED,DRAT.home_prob|DRAT.away_prob|EPRED.home_prob|EPRED.away_prob,TEXT_EQUALS,,,Disagree,0,Disagree,,,,,,,,,,,,168,101,67,60.12,52.57,67.22,65.83,-5.72,5,80.0,4,3,75.0,NEGATIVE,5.72,full_test_results.csv
HE0022,1,1,,DRAT,DRAT_AVAILABLE,DRAT_MAX_PROB_SIDE,DRAT_MAX_PROB,SelectedVsMarket,SelectedVsMarket=Disagree,1,SelectedVsMarket,FAMILY_VS_MARKET_AGREEMENT,COMPARE_FAMILY_PICK_TO_MARKET_PICK,DRAT|EPRED|SCHEDULE,DRAT.home_prob|DRAT.away_prob|EPRED.home_prob|EPRED.away_prob|DRAT.moneyline_home|DRAT.moneyline_away|SCHEDULE.home_spread|SCHEDULE.away_spread,TEXT_EQUALS,,,Disagree,0,Disagree,,,,,,,,,,,,110,48,62,43.64,34.74,52.96,65.83,-22.2,5,100.0,3,3,100.0,NEGATIVE,22.20,full_test_results.csv
HE0023,1,1,,DRAT,DRAT_AVAILABLE,DRAT_MAX_PROB_SIDE,DRAT_MAX_PROB,ModelDiffBucket,ModelDiffBucket=15+ pts,1,ModelDiffBucket,DRAT_EPRED_HOME_PROB_ABS_DIFF_PP,ABS_DRAT_HOME_PROB_MINUS_EPRED_NORMALIZED_HOME_PROB_X100,DRAT|EPRED,DRAT.home_prob|EPRED.home_prob|EPRED.away_prob,NUMERIC_RANGE,15,,,0,15+ pts,,,,,,,,,,,,107,80,27,74.77,65.78,82.04,65.83,8.93,5,80.0,3,2,66.67,POSITIVE,8.93,full_test_results.csv
HE0024,1,1,,DRAT,DRAT_AVAILABLE,DRAT_MAX_PROB_SIDE,DRAT_MAX_PROB,ModelDiffBucket,ModelDiffBucket=6-9.9 pts,1,ModelDiffBucket,DRAT_EPRED_HOME_PROB_ABS_DIFF_PP,ABS_DRAT_HOME_PROB_MINUS_EPRED_NORMALIZED_HOME_PROB_X100,DRAT|EPRED,DRAT.home_prob|EPRED.home_prob|EPRED.away_prob,NUMERIC_RANGE,6,10,,0,6-9.9 pts,,,,,,,,,,,,326,227,99,69.63,64.44,74.37,65.83,3.8,5,100.0,4,4,100.0,POSITIVE,3.80,full_test_results.csv
HE0025,1,1,,DRAT,DRAT_AVAILABLE,DRAT_MAX_PROB_SIDE,DRAT_MAX_PROB,ModelDiffBucket,ModelDiffBucket=<3 pts,1,ModelDiffBucket,DRAT_EPRED_HOME_PROB_ABS_DIFF_PP,ABS_DRAT_HOME_PROB_MINUS_EPRED_NORMALIZED_HOME_PROB_X100,DRAT|EPRED,DRAT.home_prob|EPRED.home_prob|EPRED.away_prob,NUMERIC_RANGE,,3,,0,<3 pts,,,,,,,,,,,,407,239,168,58.72,53.88,63.4,65.83,-7.11,5,100.0,4,4,100.0,NEGATIVE,7.11,full_test_results.csv
HE0026,1,1,,DRAT,DRAT_AVAILABLE,DRAT_MAX_PROB_SIDE,DRAT_MAX_PROB,ModelMarketEdgeBucket,ModelMarketEdgeBucket=+10 pts+,1,ModelMarketEdgeBucket,FAMILY_MARKET_EDGE_PP,FAMILY_SELECTED_PROB_MINUS_MARKET_SELECTED_PROB_X100,DRAT|EPRED|SCHEDULE,DRAT.home_prob|DRAT.away_prob|EPRED.home_prob|EPRED.away_prob|DRAT.moneyline_home|DRAT.moneyline_away|SCHEDULE.home_spread|SCHEDULE.away_spread,NUMERIC_RANGE,10,,,0,+10 pts+,,,,,,,,,,,,76,43,33,56.58,45.39,67.14,65.83,-9.26,5,100.0,3,3,100.0,NEGATIVE,9.26,full_test_results.csv
HE0027,1,1,,DRAT,DRAT_AVAILABLE,DRAT_MAX_PROB_SIDE,DRAT_MAX_PROB,ModelMarketEdgeBucket,ModelMarketEdgeBucket=+5 to +10 pts,1,ModelMarketEdgeBucket,FAMILY_MARKET_EDGE_PP,FAMILY_SELECTED_PROB_MINUS_MARKET_SELECTED_PROB_X100,DRAT|EPRED|SCHEDULE,DRAT.home_prob|DRAT.away_prob|EPRED.home_prob|EPRED.away_prob|DRAT.moneyline_home|DRAT.moneyline_away|SCHEDULE.home_spread|SCHEDULE.away_spread,NUMERIC_RANGE,5,10,,0,+5 to +10 pts,,,,,,,,,,,,256,156,100,60.94,54.84,66.71,65.83,-4.9,5,80.0,4,3,75.0,NEGATIVE,4.90,full_test_results.csv
HE0028,1,1,,DRAT,DRAT_AVAILABLE,DRAT_MAX_PROB_SIDE,DRAT_MAX_PROB,ProbBucket + RatingGapBucket,ProbBucket=55-59.9% | RatingGapBucket=-3 to 0,2,ProbBucket,FAMILY_SELECTED_PROB,USE_FAMILY_SELECTED_PROB,FAMILY_DEPENDENT,DRAT.home_prob|DRAT.away_prob|EPRED.home_prob|EPRED.away_prob|DRAT.moneyline_home|DRAT.moneyline_away|SCHEDULE.home_spread|SCHEDULE.away_spread,NUMERIC_RANGE,0.55,0.6,,0,55-59.9%,RatingGapBucket,SELECTED_EPRED_RATING_GAP,EPRED_RATING_SELECTED_MINUS_OPPONENT,EPRED,EPRED.home_rating|EPRED.away_rating,NUMERIC_RANGE,-3,0,,0,-3 to 0,59,31,28,52.54,40.04,64.73,65.83,-13.29,5,80.0,3,2,66.67,NEGATIVE,13.29,full_test_results.csv
HE0029,1,1,,DRAT,DRAT_AVAILABLE,DRAT_MAX_PROB_SIDE,DRAT_MAX_PROB,ProbBucket + RatingGapBucket,ProbBucket=55-59.9% | RatingGapBucket=0 to 2.9,2,ProbBucket,FAMILY_SELECTED_PROB,USE_FAMILY_SELECTED_PROB,FAMILY_DEPENDENT,DRAT.home_prob|DRAT.away_prob|EPRED.home_prob|EPRED.away_prob|DRAT.moneyline_home|DRAT.moneyline_away|SCHEDULE.home_spread|SCHEDULE.away_spread,NUMERIC_RANGE,0.55,0.6,,0,55-59.9%,RatingGapBucket,SELECTED_EPRED_RATING_GAP,EPRED_RATING_SELECTED_MINUS_OPPONENT,EPRED,EPRED.home_rating|EPRED.away_rating,NUMERIC_RANGE,0,3,,0,0 to 2.9,67,30,37,44.78,33.48,56.64,65.83,-21.06,5,100.0,3,3,100.0,NEGATIVE,21.06,full_test_results.csv
HE0030,1,1,,DRAT,DRAT_AVAILABLE,DRAT_MAX_PROB_SIDE,DRAT_MAX_PROB,ProbBucket + RatingGapBucket,ProbBucket=60-64.9% | RatingGapBucket=0 to 2.9,2,ProbBucket,FAMILY_SELECTED_PROB,USE_FAMILY_SELECTED_PROB,FAMILY_DEPENDENT,DRAT.home_prob|DRAT.away_prob|EPRED.home_prob|EPRED.away_prob|DRAT.moneyline_home|DRAT.moneyline_away|SCHEDULE.home_spread|SCHEDULE.away_spread,NUMERIC_RANGE,0.6,0.65,,0,60-64.9%,RatingGapBucket,SELECTED_EPRED_RATING_GAP,EPRED_RATING_SELECTED_MINUS_OPPONENT,EPRED,EPRED.home_rating|EPRED.away_rating,NUMERIC_RANGE,0,3,,0,0 to 2.9,88,45,43,51.14,40.87,61.31,65.83,-14.7,5,100.0,3,3,100.0,NEGATIVE,14.70,full_test_results.csv
HE0031,1,1,,DRAT,DRAT_AVAILABLE,DRAT_MAX_PROB_SIDE,DRAT_MAX_PROB,ProbBucket + RatingGapBucket,ProbBucket=70-74.9% | RatingGapBucket=3 to 5.9,2,ProbBucket,FAMILY_SELECTED_PROB,USE_FAMILY_SELECTED_PROB,FAMILY_DEPENDENT,DRAT.home_prob|DRAT.away_prob|EPRED.home_prob|EPRED.away_prob|DRAT.moneyline_home|DRAT.moneyline_away|SCHEDULE.home_spread|SCHEDULE.away_spread,NUMERIC_RANGE,0.7,0.75,,0,70-74.9%,RatingGapBucket,SELECTED_EPRED_RATING_GAP,EPRED_RATING_SELECTED_MINUS_OPPONENT,EPRED,EPRED.home_rating|EPRED.away_rating,NUMERIC_RANGE,3,6,,0,3 to 5.9,60,46,14,76.67,64.56,85.56,65.83,10.83,5,80.0,2,2,100.0,POSITIVE,10.83,full_test_results.csv
HE0032,1,1,,DRAT,DRAT_AVAILABLE,DRAT_MAX_PROB_SIDE,DRAT_MAX_PROB,ProbBucket + RatingGapBucket,ProbBucket=<55% | RatingGapBucket=-3 to 0,2,ProbBucket,FAMILY_SELECTED_PROB,USE_FAMILY_SELECTED_PROB,FAMILY_DEPENDENT,DRAT.home_prob|DRAT.away_prob|EPRED.home_prob|EPRED.away_prob|DRAT.moneyline_home|DRAT.moneyline_away|SCHEDULE.home_spread|SCHEDULE.away_spread,NUMERIC_RANGE,,0.55,,0,<55%,RatingGapBucket,SELECTED_EPRED_RATING_GAP,EPRED_RATING_SELECTED_MINUS_OPPONENT,EPRED,EPRED.home_rating|EPRED.away_rating,NUMERIC_RANGE,-3,0,,0,-3 to 0,74,38,36,51.35,40.18,62.39,65.83,-14.48,5,80.0,3,3,100.0,NEGATIVE,14.48,full_test_results.csv
HE0033,1,1,,DRAT,DRAT_AVAILABLE,DRAT_MAX_PROB_SIDE,DRAT_MAX_PROB,ProbBucket + RatingGapBucket,ProbBucket=<55% | RatingGapBucket=0 to 2.9,2,ProbBucket,FAMILY_SELECTED_PROB,USE_FAMILY_SELECTED_PROB,FAMILY_DEPENDENT,DRAT.home_prob|DRAT.away_prob|EPRED.home_prob|EPRED.away_prob|DRAT.moneyline_home|DRAT.moneyline_away|SCHEDULE.home_spread|SCHEDULE.away_spread,NUMERIC_RANGE,,0.55,,0,<55%,RatingGapBucket,SELECTED_EPRED_RATING_GAP,EPRED_RATING_SELECTED_MINUS_OPPONENT,EPRED,EPRED.home_rating|EPRED.away_rating,NUMERIC_RANGE,0,3,,0,0 to 2.9,85,49,36,57.65,47.04,67.6,65.83,-8.19,5,80.0,3,2,66.67,NEGATIVE,8.19,full_test_results.csv
HE0034,1,1,,DRAT,DRAT_AVAILABLE,DRAT_MAX_PROB_SIDE,DRAT_MAX_PROB,ProbBucket + MarketRole,ProbBucket=55-59.9% | MarketRole=Market Favorite,2,ProbBucket,FAMILY_SELECTED_PROB,USE_FAMILY_SELECTED_PROB,FAMILY_DEPENDENT,DRAT.home_prob|DRAT.away_prob|EPRED.home_prob|EPRED.away_prob|DRAT.moneyline_home|DRAT.moneyline_away|SCHEDULE.home_spread|SCHEDULE.away_spread,NUMERIC_RANGE,0.55,0.6,,0,55-59.9%,MarketRole,SELECTED_MARKET_ROLE,MARKET_ROLE_FOR_FAMILY_SELECTED_SIDE,DRAT|SCHEDULE,DRAT.moneyline_home|DRAT.moneyline_away|SCHEDULE.home_spread|SCHEDULE.away_spread,TEXT_EQUALS,,,Market Favorite,0,Market Favorite,193,105,88,54.4,47.36,61.28,65.83,-11.43,5,80.0,4,3,75.0,NEGATIVE,11.43,full_test_results.csv
HE0035,1,1,,DRAT,DRAT_AVAILABLE,DRAT_MAX_PROB_SIDE,DRAT_MAX_PROB,ProbBucket + MarketRole,ProbBucket=60-64.9% | MarketRole=Market Favorite,2,ProbBucket,FAMILY_SELECTED_PROB,USE_FAMILY_SELECTED_PROB,FAMILY_DEPENDENT,DRAT.home_prob|DRAT.away_prob|EPRED.home_prob|EPRED.away_prob|DRAT.moneyline_home|DRAT.moneyline_away|SCHEDULE.home_spread|SCHEDULE.away_spread,NUMERIC_RANGE,0.6,0.65,,0,60-64.9%,MarketRole,SELECTED_MARKET_ROLE,MARKET_ROLE_FOR_FAMILY_SELECTED_SIDE,DRAT|SCHEDULE,DRAT.moneyline_home|DRAT.moneyline_away|SCHEDULE.home_spread|SCHEDULE.away_spread,TEXT_EQUALS,,,Market Favorite,0,Market Favorite,228,137,91,60.09,53.61,66.23,65.83,-5.75,5,100.0,4,4,100.0,NEGATIVE,5.75,full_test_results.csv
HE0036,1,1,,DRAT,DRAT_AVAILABLE,DRAT_MAX_PROB_SIDE,DRAT_MAX_PROB,ProbBucket + MarketRole,ProbBucket=70-74.9% | MarketRole=Market Favorite,2,ProbBucket,FAMILY_SELECTED_PROB,USE_FAMILY_SELECTED_PROB,FAMILY_DEPENDENT,DRAT.home_prob|DRAT.away_prob|EPRED.home_prob|EPRED.away_prob|DRAT.moneyline_home|DRAT.moneyline_away|SCHEDULE.home_spread|SCHEDULE.away_spread,NUMERIC_RANGE,0.7,0.75,,0,70-74.9%,MarketRole,SELECTED_MARKET_ROLE,MARKET_ROLE_FOR_FAMILY_SELECTED_SIDE,DRAT|SCHEDULE,DRAT.moneyline_home|DRAT.moneyline_away|SCHEDULE.home_spread|SCHEDULE.away_spread,TEXT_EQUALS,,,Market Favorite,0,Market Favorite,185,134,51,72.43,65.59,78.37,65.83,6.6,5,100.0,4,4,100.0,POSITIVE,6.60,full_test_results.csv
HE0037,1,1,,DRAT,DRAT_AVAILABLE,DRAT_MAX_PROB_SIDE,DRAT_MAX_PROB,ProbBucket + MarketRole,ProbBucket=75-79.9% | MarketRole=Market Favorite,2,ProbBucket,FAMILY_SELECTED_PROB,USE_FAMILY_SELECTED_PROB,FAMILY_DEPENDENT,DRAT.home_prob|DRAT.away_prob|EPRED.home_prob|EPRED.away_prob|DRAT.moneyline_home|DRAT.moneyline_away|SCHEDULE.home_spread|SCHEDULE.away_spread,NUMERIC_RANGE,0.75,0.8,,0,75-79.9%,MarketRole,SELECTED_MARKET_ROLE,MARKET_ROLE_FOR_FAMILY_SELECTED_SIDE,DRAT|SCHEDULE,DRAT.moneyline_home|DRAT.moneyline_away|SCHEDULE.home_spread|SCHEDULE.away_spread,TEXT_EQUALS,,,Market Favorite,0,Market Favorite,154,108,46,70.13,62.48,76.8,65.83,4.3,5,80.0,4,3,75.0,POSITIVE,4.30,full_test_results.csv
HE0038,1,1,,DRAT,DRAT_AVAILABLE,DRAT_MAX_PROB_SIDE,DRAT_MAX_PROB,ProbBucket + MarketRole,ProbBucket=80-84.9% | MarketRole=Market Favorite,2,ProbBucket,FAMILY_SELECTED_PROB,USE_FAMILY_SELECTED_PROB,FAMILY_DEPENDENT,DRAT.home_prob|DRAT.away_prob|EPRED.home_prob|EPRED.away_prob|DRAT.moneyline_home|DRAT.moneyline_away|SCHEDULE.home_spread|SCHEDULE.away_spread,NUMERIC_RANGE,0.8,0.85,,0,80-84.9%,MarketRole,SELECTED_MARKET_ROLE,MARKET_ROLE_FOR_FAMILY_SELECTED_SIDE,DRAT|SCHEDULE,DRAT.moneyline_home|DRAT.moneyline_away|SCHEDULE.home_spread|SCHEDULE.away_spread,TEXT_EQUALS,,,Market Favorite,0,Market Favorite,101,85,16,84.16,75.81,90.01,65.83,18.32,5,100.0,3,3,100.0,POSITIVE,18.32,full_test_results.csv
HE0039,1,1,,DRAT,DRAT_AVAILABLE,DRAT_MAX_PROB_SIDE,DRAT_MAX_PROB,ProbBucket + MarketRole,ProbBucket=85-89.9% | MarketRole=Market Favorite,2,ProbBucket,FAMILY_SELECTED_PROB,USE_FAMILY_SELECTED_PROB,FAMILY_DEPENDENT,DRAT.home_prob|DRAT.away_prob|EPRED.home_prob|EPRED.away_prob|DRAT.moneyline_home|DRAT.moneyline_away|SCHEDULE.home_spread|SCHEDULE.away_spread,NUMERIC_RANGE,0.85,0.9,,0,85-89.9%,MarketRole,SELECTED_MARKET_ROLE,MARKET_ROLE_FOR_FAMILY_SELECTED_SIDE,DRAT|SCHEDULE,DRAT.moneyline_home|DRAT.moneyline_away|SCHEDULE.home_spread|SCHEDULE.away_spread,TEXT_EQUALS,,,Market Favorite,0,Market Favorite,62,53,9,85.48,74.66,92.17,65.83,19.65,5,100.0,3,3,100.0,POSITIVE,19.65,full_test_results.csv
HE0040,1,1,,DRAT,DRAT_AVAILABLE,DRAT_MAX_PROB_SIDE,DRAT_MAX_PROB,ProbBucket + MarketRole,ProbBucket=<55% | MarketRole=Market Underdog,2,ProbBucket,FAMILY_SELECTED_PROB,USE_FAMILY_SELECTED_PROB,FAMILY_DEPENDENT,DRAT.home_prob|DRAT.away_prob|EPRED.home_prob|EPRED.away_prob|DRAT.moneyline_home|DRAT.moneyline_away|SCHEDULE.home_spread|SCHEDULE.away_spread,NUMERIC_RANGE,,0.55,,0,<55%,MarketRole,SELECTED_MARKET_ROLE,MARKET_ROLE_FOR_FAMILY_SELECTED_SIDE,DRAT|SCHEDULE,DRAT.moneyline_home|DRAT.moneyline_away|SCHEDULE.home_spread|SCHEDULE.away_spread,TEXT_EQUALS,,,Market Underdog,0,Market Underdog,83,36,47,43.37,33.24,54.09,65.83,-22.46,5,100.0,3,3,100.0,NEGATIVE,22.46,full_test_results.csv
HE0041,1,1,,DRAT,DRAT_AVAILABLE,DRAT_MAX_PROB_SIDE,DRAT_MAX_PROB,ProbBucket + SpreadBucket,ProbBucket=55-59.9% | SpreadBucket=Fav -0.5 to -2.5,2,ProbBucket,FAMILY_SELECTED_PROB,USE_FAMILY_SELECTED_PROB,FAMILY_DEPENDENT,DRAT.home_prob|DRAT.away_prob|EPRED.home_prob|EPRED.away_prob|DRAT.moneyline_home|DRAT.moneyline_away|SCHEDULE.home_spread|SCHEDULE.away_spread,NUMERIC_RANGE,0.55,0.6,,0,55-59.9%,SpreadBucket,SELECTED_SPREAD,SPREAD_FOR_FAMILY_SELECTED_SIDE,SCHEDULE,SCHEDULE.home_spread|SCHEDULE.away_spread,NUMERIC_RANGE,-3,0,,0,Fav -0.5 to -2.5,140,72,68,51.43,43.22,59.56,65.83,-14.41,5,100.0,3,3,100.0,NEGATIVE,14.41,full_test_results.csv
HE0042,1,1,,DRAT,DRAT_AVAILABLE,DRAT_MAX_PROB_SIDE,DRAT_MAX_PROB,ProbBucket + SpreadBucket,ProbBucket=60-64.9% | SpreadBucket=Fav -0.5 to -2.5,2,ProbBucket,FAMILY_SELECTED_PROB,USE_FAMILY_SELECTED_PROB,FAMILY_DEPENDENT,DRAT.home_prob|DRAT.away_prob|EPRED.home_prob|EPRED.away_prob|DRAT.moneyline_home|DRAT.moneyline_away|SCHEDULE.home_spread|SCHEDULE.away_spread,NUMERIC_RANGE,0.6,0.65,,0,60-64.9%,SpreadBucket,SELECTED_SPREAD,SPREAD_FOR_FAMILY_SELECTED_SIDE,SCHEDULE,SCHEDULE.home_spread|SCHEDULE.away_spread,NUMERIC_RANGE,-3,0,,0,Fav -0.5 to -2.5,116,65,51,56.03,46.95,64.73,65.83,-9.8,5,100.0,4,4,100.0,NEGATIVE,9.80,full_test_results.csv
HE0043,1,1,,DRAT,DRAT_AVAILABLE,DRAT_MAX_PROB_SIDE,DRAT_MAX_PROB,ProbBucket + SpreadBucket,ProbBucket=65-69.9% | SpreadBucket=Fav -4 to -6.5,2,ProbBucket,FAMILY_SELECTED_PROB,USE_FAMILY_SELECTED_PROB,FAMILY_DEPENDENT,DRAT.home_prob|DRAT.away_prob|EPRED.home_prob|EPRED.away_prob|DRAT.moneyline_home|DRAT.moneyline_away|SCHEDULE.home_spread|SCHEDULE.away_spread,NUMERIC_RANGE,0.65,0.7,,0,65-69.9%,SpreadBucket,SELECTED_SPREAD,SPREAD_FOR_FAMILY_SELECTED_SIDE,SCHEDULE,SCHEDULE.home_spread|SCHEDULE.away_spread,NUMERIC_RANGE,-7,-4,,0,Fav -4 to -6.5,89,68,21,76.4,66.61,84.02,65.83,10.57,5,80.0,3,2,66.67,POSITIVE,10.57,full_test_results.csv
HE0044,1,1,,DRAT,DRAT_AVAILABLE,DRAT_MAX_PROB_SIDE,DRAT_MAX_PROB,ProbBucket + SpreadBucket,ProbBucket=75-79.9% | SpreadBucket=Fav -7 to -9.5,2,ProbBucket,FAMILY_SELECTED_PROB,USE_FAMILY_SELECTED_PROB,FAMILY_DEPENDENT,DRAT.home_prob|DRAT.away_prob|EPRED.home_prob|EPRED.away_prob|DRAT.moneyline_home|DRAT.moneyline_away|SCHEDULE.home_spread|SCHEDULE.away_spread,NUMERIC_RANGE,0.75,0.8,,0,75-79.9%,SpreadBucket,SELECTED_SPREAD,SPREAD_FOR_FAMILY_SELECTED_SIDE,SCHEDULE,SCHEDULE.home_spread|SCHEDULE.away_spread,NUMERIC_RANGE,-10,-7,,0,Fav -7 to -9.5,56,43,13,76.79,64.23,85.9,65.83,10.95,5,80.0,3,2,66.67,POSITIVE,10.95,full_test_results.csv
HE0045,1,1,,DRAT,DRAT_AVAILABLE,DRAT_MAX_PROB_SIDE,DRAT_MAX_PROB,ProbBucket + SpreadBucket,ProbBucket=<55% | SpreadBucket=Dog +0.5 to +2.5,2,ProbBucket,FAMILY_SELECTED_PROB,USE_FAMILY_SELECTED_PROB,FAMILY_DEPENDENT,DRAT.home_prob|DRAT.away_prob|EPRED.home_prob|EPRED.away_prob|DRAT.moneyline_home|DRAT.moneyline_away|SCHEDULE.home_spread|SCHEDULE.away_spread,NUMERIC_RANGE,,0.55,,0,<55%,SpreadBucket,SELECTED_SPREAD,SPREAD_FOR_FAMILY_SELECTED_SIDE,SCHEDULE,SCHEDULE.home_spread|SCHEDULE.away_spread,NUMERIC_RANGE,1e-06,3,,0,Dog +0.5 to +2.5,71,32,39,45.07,34.05,56.6,65.83,-20.76,5,100.0,3,3,100.0,NEGATIVE,20.76,full_test_results.csv
HE0046,1,1,,DRAT,DRAT_AVAILABLE,DRAT_MAX_PROB_SIDE,DRAT_MAX_PROB,RatingGapBucket + MarketRole,RatingGapBucket=-3 to 0 | MarketRole=Market Favorite,2,RatingGapBucket,SELECTED_EPRED_RATING_GAP,EPRED_RATING_SELECTED_MINUS_OPPONENT,EPRED,EPRED.home_rating|EPRED.away_rating,NUMERIC_RANGE,-3,0,,0,-3 to 0,MarketRole,SELECTED_MARKET_ROLE,MARKET_ROLE_FOR_FAMILY_SELECTED_SIDE,DRAT|SCHEDULE,DRAT.moneyline_home|DRAT.moneyline_away|SCHEDULE.home_spread|SCHEDULE.away_spread,TEXT_EQUALS,,,Market Favorite,0,Market Favorite,133,77,56,57.89,49.4,65.95,65.83,-7.94,5,100.0,4,4,100.0,NEGATIVE,7.94,full_test_results.csv
HE0047,1,1,,DRAT,DRAT_AVAILABLE,DRAT_MAX_PROB_SIDE,DRAT_MAX_PROB,RatingGapBucket + MarketRole,RatingGapBucket=0 to 2.9 | MarketRole=Market Favorite,2,RatingGapBucket,SELECTED_EPRED_RATING_GAP,EPRED_RATING_SELECTED_MINUS_OPPONENT,EPRED,EPRED.home_rating|EPRED.away_rating,NUMERIC_RANGE,0,3,,0,0 to 2.9,MarketRole,SELECTED_MARKET_ROLE,MARKET_ROLE_FOR_FAMILY_SELECTED_SIDE,DRAT|SCHEDULE,DRAT.moneyline_home|DRAT.moneyline_away|SCHEDULE.home_spread|SCHEDULE.away_spread,TEXT_EQUALS,,,Market Favorite,0,Market Favorite,297,163,134,54.88,49.2,60.44,65.83,-10.95,5,100.0,4,4,100.0,NEGATIVE,10.95,full_test_results.csv
HE0048,1,1,,DRAT,DRAT_AVAILABLE,DRAT_MAX_PROB_SIDE,DRAT_MAX_PROB,RatingGapBucket + MarketRole,RatingGapBucket=10+ | MarketRole=Market Favorite,2,RatingGapBucket,SELECTED_EPRED_RATING_GAP,EPRED_RATING_SELECTED_MINUS_OPPONENT,EPRED,EPRED.home_rating|EPRED.away_rating,NUMERIC_RANGE,10,,,0,10+,MarketRole,SELECTED_MARKET_ROLE,MARKET_ROLE_FOR_FAMILY_SELECTED_SIDE,DRAT|SCHEDULE,DRAT.moneyline_home|DRAT.moneyline_away|SCHEDULE.home_spread|SCHEDULE.away_spread,TEXT_EQUALS,,,Market Favorite,0,Market Favorite,200,161,39,80.5,74.46,85.39,65.83,14.67,5,100.0,4,4,100.0,POSITIVE,14.67,full_test_results.csv
HE0049,1,1,,DRAT,DRAT_AVAILABLE,DRAT_MAX_PROB_SIDE,DRAT_MAX_PROB,RatingGapBucket + MarketRole,RatingGapBucket=3 to 5.9 | MarketRole=Market Favorite,2,RatingGapBucket,SELECTED_EPRED_RATING_GAP,EPRED_RATING_SELECTED_MINUS_OPPONENT,EPRED,EPRED.home_rating|EPRED.away_rating,NUMERIC_RANGE,3,6,,0,3 to 5.9,MarketRole,SELECTED_MARKET_ROLE,MARKET_ROLE_FOR_FAMILY_SELECTED_SIDE,DRAT|SCHEDULE,DRAT.moneyline_home|DRAT.moneyline_away|SCHEDULE.home_spread|SCHEDULE.away_spread,TEXT_EQUALS,,,Market Favorite,0,Market Favorite,332,235,97,70.78,65.68,75.41,65.83,4.95,5,80.0,4,3,75.0,POSITIVE,4.95,full_test_results.csv
HE0050,1,1,,DRAT,DRAT_AVAILABLE,DRAT_MAX_PROB_SIDE,DRAT_MAX_PROB,RatingGapBucket + MarketRole,RatingGapBucket=6 to 9.9 | MarketRole=Market Favorite,2,RatingGapBucket,SELECTED_EPRED_RATING_GAP,EPRED_RATING_SELECTED_MINUS_OPPONENT,EPRED,EPRED.home_rating|EPRED.away_rating,NUMERIC_RANGE,6,10,,0,6 to 9.9,MarketRole,SELECTED_MARKET_ROLE,MARKET_ROLE_FOR_FAMILY_SELECTED_SIDE,DRAT|SCHEDULE,DRAT.moneyline_home|DRAT.moneyline_away|SCHEDULE.home_spread|SCHEDULE.away_spread,TEXT_EQUALS,,,Market Favorite,0,Market Favorite,285,216,69,75.79,70.49,80.4,65.83,9.95,5,80.0,4,3,75.0,POSITIVE,9.95,full_test_results.csv
HE0051,1,1,,DRAT,DRAT_AVAILABLE,DRAT_MAX_PROB_SIDE,DRAT_MAX_PROB,RatingGapBucket + SpreadBucket,RatingGapBucket=-3 to 0 | SpreadBucket=Fav -0.5 to -2.5,2,RatingGapBucket,SELECTED_EPRED_RATING_GAP,EPRED_RATING_SELECTED_MINUS_OPPONENT,EPRED,EPRED.home_rating|EPRED.away_rating,NUMERIC_RANGE,-3,0,,0,-3 to 0,SpreadBucket,SELECTED_SPREAD,SPREAD_FOR_FAMILY_SELECTED_SIDE,SCHEDULE,SCHEDULE.home_spread|SCHEDULE.away_spread,NUMERIC_RANGE,-3,0,,0,Fav -0.5 to -2.5,105,59,46,56.19,46.65,65.3,65.83,-9.64,5,100.0,4,4,100.0,NEGATIVE,9.64,full_test_results.csv
HE0052,1,1,,DRAT,DRAT_AVAILABLE,DRAT_MAX_PROB_SIDE,DRAT_MAX_PROB,RatingGapBucket + SpreadBucket,RatingGapBucket=0 to 2.9 | SpreadBucket=Fav -0.5 to -2.5,2,RatingGapBucket,SELECTED_EPRED_RATING_GAP,EPRED_RATING_SELECTED_MINUS_OPPONENT,EPRED,EPRED.home_rating|EPRED.away_rating,NUMERIC_RANGE,0,3,,0,0 to 2.9,SpreadBucket,SELECTED_SPREAD,SPREAD_FOR_FAMILY_SELECTED_SIDE,SCHEDULE,SCHEDULE.home_spread|SCHEDULE.away_spread,NUMERIC_RANGE,-3,0,,0,Fav -0.5 to -2.5,171,91,80,53.22,45.75,60.54,65.83,-12.62,5,100.0,4,4,100.0,NEGATIVE,12.62,full_test_results.csv
HE0053,1,1,,DRAT,DRAT_AVAILABLE,DRAT_MAX_PROB_SIDE,DRAT_MAX_PROB,RatingGapBucket + SpreadBucket,RatingGapBucket=0 to 2.9 | SpreadBucket=Fav -3 to -3.5,2,RatingGapBucket,SELECTED_EPRED_RATING_GAP,EPRED_RATING_SELECTED_MINUS_OPPONENT,EPRED,EPRED.home_rating|EPRED.away_rating,NUMERIC_RANGE,0,3,,0,0 to 2.9,SpreadBucket,SELECTED_SPREAD,SPREAD_FOR_FAMILY_SELECTED_SIDE,SCHEDULE,SCHEDULE.home_spread|SCHEDULE.away_spread,NUMERIC_RANGE,-4,-3,,0,Fav -3 to -3.5,61,32,29,52.46,40.16,64.47,65.83,-13.38,5,80.0,3,2,66.67,NEGATIVE,13.38,full_test_results.csv
HE0054,1,1,,DRAT,DRAT_AVAILABLE,DRAT_MAX_PROB_SIDE,DRAT_MAX_PROB,RatingGapBucket + SpreadBucket,RatingGapBucket=10+ | SpreadBucket=Fav -10+,2,RatingGapBucket,SELECTED_EPRED_RATING_GAP,EPRED_RATING_SELECTED_MINUS_OPPONENT,EPRED,EPRED.home_rating|EPRED.away_rating,NUMERIC_RANGE,10,,,0,10+,SpreadBucket,SELECTED_SPREAD,SPREAD_FOR_FAMILY_SELECTED_SIDE,SCHEDULE,SCHEDULE.home_spread|SCHEDULE.away_spread,NUMERIC_RANGE,,-10,,0,Fav -10+,93,82,11,88.17,80.05,93.27,65.83,22.34,5,100.0,4,4,100.0,POSITIVE,22.34,full_test_results.csv
HE0055,1,1,,DRAT,DRAT_AVAILABLE,DRAT_MAX_PROB_SIDE,DRAT_MAX_PROB,RatingGapBucket + SpreadBucket,RatingGapBucket=3 to 5.9 | SpreadBucket=Fav -3 to -3.5,2,RatingGapBucket,SELECTED_EPRED_RATING_GAP,EPRED_RATING_SELECTED_MINUS_OPPONENT,EPRED,EPRED.home_rating|EPRED.away_rating,NUMERIC_RANGE,3,6,,0,3 to 5.9,SpreadBucket,SELECTED_SPREAD,SPREAD_FOR_FAMILY_SELECTED_SIDE,SCHEDULE,SCHEDULE.home_spread|SCHEDULE.away_spread,NUMERIC_RANGE,-4,-3,,0,Fav -3 to -3.5,62,49,13,79.03,67.36,87.32,65.83,13.2,5,80.0,2,2,100.0,POSITIVE,13.20,full_test_results.csv
HE0056,1,1,,DRAT,DRAT_AVAILABLE,DRAT_MAX_PROB_SIDE,DRAT_MAX_PROB,RatingGapBucket + SpreadBucket,RatingGapBucket=3 to 5.9 | SpreadBucket=Fav -4 to -6.5,2,RatingGapBucket,SELECTED_EPRED_RATING_GAP,EPRED_RATING_SELECTED_MINUS_OPPONENT,EPRED,EPRED.home_rating|EPRED.away_rating,NUMERIC_RANGE,3,6,,0,3 to 5.9,SpreadBucket,SELECTED_SPREAD,SPREAD_FOR_FAMILY_SELECTED_SIDE,SCHEDULE,SCHEDULE.home_spread|SCHEDULE.away_spread,NUMERIC_RANGE,-7,-4,,0,Fav -4 to -6.5,122,89,33,72.95,64.46,80.04,65.83,7.12,5,80.0,4,3,75.0,POSITIVE,7.12,full_test_results.csv
HE0057,1,1,,DRAT,DRAT_AVAILABLE,DRAT_MAX_PROB_SIDE,DRAT_MAX_PROB,RatingGapBucket + SpreadBucket,RatingGapBucket=6 to 9.9 | SpreadBucket=Fav -4 to -6.5,2,RatingGapBucket,SELECTED_EPRED_RATING_GAP,EPRED_RATING_SELECTED_MINUS_OPPONENT,EPRED,EPRED.home_rating|EPRED.away_rating,NUMERIC_RANGE,6,10,,0,6 to 9.9,SpreadBucket,SELECTED_SPREAD,SPREAD_FOR_FAMILY_SELECTED_SIDE,SCHEDULE,SCHEDULE.home_spread|SCHEDULE.away_spread,NUMERIC_RANGE,-7,-4,,0,Fav -4 to -6.5,115,83,32,72.17,63.37,79.55,65.83,6.34,5,80.0,4,3,75.0,POSITIVE,6.34,full_test_results.csv
HE0058,1,1,,DRAT,DRAT_AVAILABLE,DRAT_MAX_PROB_SIDE,DRAT_MAX_PROB,RatingGapBucket + SpreadBucket,RatingGapBucket=6 to 9.9 | SpreadBucket=Fav -7 to -9.5,2,RatingGapBucket,SELECTED_EPRED_RATING_GAP,EPRED_RATING_SELECTED_MINUS_OPPONENT,EPRED,EPRED.home_rating|EPRED.away_rating,NUMERIC_RANGE,6,10,,0,6 to 9.9,SpreadBucket,SELECTED_SPREAD,SPREAD_FOR_FAMILY_SELECTED_SIDE,SCHEDULE,SCHEDULE.home_spread|SCHEDULE.away_spread,NUMERIC_RANGE,-10,-7,,0,Fav -7 to -9.5,64,48,16,75.0,63.18,83.99,65.83,9.17,5,80.0,3,2,66.67,POSITIVE,9.17,full_test_results.csv
HE0059,1,1,,DRAT,DRAT_AVAILABLE,DRAT_MAX_PROB_SIDE,DRAT_MAX_PROB,DratEpredAgreement + MarketRole,DratEpredAgreement=Agree | MarketRole=Market Underdog,2,DratEpredAgreement,DRAT_EPRED_AGREEMENT,COMPARE_DRAT_PICK_TO_EPRED_PICK,DRAT|EPRED,DRAT.home_prob|DRAT.away_prob|EPRED.home_prob|EPRED.away_prob,TEXT_EQUALS,,,Agree,0,Agree,MarketRole,SELECTED_MARKET_ROLE,MARKET_ROLE_FOR_FAMILY_SELECTED_SIDE,DRAT|SCHEDULE,DRAT.moneyline_home|DRAT.moneyline_away|SCHEDULE.home_spread|SCHEDULE.away_spread,TEXT_EQUALS,,,Market Underdog,0,Market Underdog,55,24,31,43.64,31.37,56.73,65.83,-22.2,5,100.0,3,3,100.0,NEGATIVE,22.20,full_test_results.csv
HE0060,1,1,,DRAT,DRAT_AVAILABLE,DRAT_MAX_PROB_SIDE,DRAT_MAX_PROB,DratEpredAgreement + MarketRole,DratEpredAgreement=Disagree | MarketRole=Market Underdog,2,DratEpredAgreement,DRAT_EPRED_AGREEMENT,COMPARE_DRAT_PICK_TO_EPRED_PICK,DRAT|EPRED,DRAT.home_prob|DRAT.away_prob|EPRED.home_prob|EPRED.away_prob,TEXT_EQUALS,,,Disagree,0,Disagree,MarketRole,SELECTED_MARKET_ROLE,MARKET_ROLE_FOR_FAMILY_SELECTED_SIDE,DRAT|SCHEDULE,DRAT.moneyline_home|DRAT.moneyline_away|SCHEDULE.home_spread|SCHEDULE.away_spread,TEXT_EQUALS,,,Market Underdog,0,Market Underdog,52,24,28,46.15,33.34,59.5,65.83,-19.68,5,80.0,2,2,100.0,NEGATIVE,19.68,full_test_results.csv
HE0061,1,1,,DRAT,DRAT_AVAILABLE,DRAT_MAX_PROB_SIDE,DRAT_MAX_PROB,DratEpredAgreement + ModelDiffBucket,DratEpredAgreement=Agree | ModelDiffBucket=15+ pts,2,DratEpredAgreement,DRAT_EPRED_AGREEMENT,COMPARE_DRAT_PICK_TO_EPRED_PICK,DRAT|EPRED,DRAT.home_prob|DRAT.away_prob|EPRED.home_prob|EPRED.away_prob,TEXT_EQUALS,,,Agree,0,Agree,ModelDiffBucket,DRAT_EPRED_HOME_PROB_ABS_DIFF_PP,ABS_DRAT_HOME_PROB_MINUS_EPRED_NORMALIZED_HOME_PROB_X100,DRAT|EPRED,DRAT.home_prob|EPRED.home_prob|EPRED.away_prob,NUMERIC_RANGE,15,,,0,15+ pts,69,54,15,78.26,67.18,86.36,65.83,12.43,5,80.0,3,2,66.67,POSITIVE,12.43,full_test_results.csv
HE0062,1,1,,DRAT,DRAT_AVAILABLE,DRAT_MAX_PROB_SIDE,DRAT_MAX_PROB,DratEpredAgreement + ModelDiffBucket,DratEpredAgreement=Agree | ModelDiffBucket=6-9.9 pts,2,DratEpredAgreement,DRAT_EPRED_AGREEMENT,COMPARE_DRAT_PICK_TO_EPRED_PICK,DRAT|EPRED,DRAT.home_prob|DRAT.away_prob|EPRED.home_prob|EPRED.away_prob,TEXT_EQUALS,,,Agree,0,Agree,ModelDiffBucket,DRAT_EPRED_HOME_PROB_ABS_DIFF_PP,ABS_DRAT_HOME_PROB_MINUS_EPRED_NORMALIZED_HOME_PROB_X100,DRAT|EPRED,DRAT.home_prob|EPRED.home_prob|EPRED.away_prob,NUMERIC_RANGE,6,10,,0,6-9.9 pts,281,204,77,72.6,67.1,77.48,65.83,6.76,5,100.0,4,4,100.0,POSITIVE,6.76,full_test_results.csv
HE0063,1,1,,DRAT,DRAT_AVAILABLE,DRAT_MAX_PROB_SIDE,DRAT_MAX_PROB,DratEpredAgreement + ModelDiffBucket,DratEpredAgreement=Agree | ModelDiffBucket=<3 pts,2,DratEpredAgreement,DRAT_EPRED_AGREEMENT,COMPARE_DRAT_PICK_TO_EPRED_PICK,DRAT|EPRED,DRAT.home_prob|DRAT.away_prob|EPRED.home_prob|EPRED.away_prob,TEXT_EQUALS,,,Agree,0,Agree,ModelDiffBucket,DRAT_EPRED_HOME_PROB_ABS_DIFF_PP,ABS_DRAT_HOME_PROB_MINUS_EPRED_NORMALIZED_HOME_PROB_X100,DRAT|EPRED,DRAT.home_prob|EPRED.home_prob|EPRED.away_prob,NUMERIC_RANGE,,3,,0,<3 pts,395,231,164,58.48,53.56,63.24,65.83,-7.35,5,100.0,4,4,100.0,NEGATIVE,7.35,full_test_results.csv
HE0064,1,1,,DRAT,DRAT_AVAILABLE,DRAT_MAX_PROB_SIDE,DRAT_MAX_PROB,SelectedVsMarket + ProbBucket,SelectedVsMarket=Agree | ProbBucket=55-59.9%,2,SelectedVsMarket,FAMILY_VS_MARKET_AGREEMENT,COMPARE_FAMILY_PICK_TO_MARKET_PICK,DRAT|EPRED|SCHEDULE,DRAT.home_prob|DRAT.away_prob|EPRED.home_prob|EPRED.away_prob|DRAT.moneyline_home|DRAT.moneyline_away|SCHEDULE.home_spread|SCHEDULE.away_spread,TEXT_EQUALS,,,Agree,0,Agree,ProbBucket,FAMILY_SELECTED_PROB,USE_FAMILY_SELECTED_PROB,FAMILY_DEPENDENT,DRAT.home_prob|DRAT.away_prob|EPRED.home_prob|EPRED.away_prob|DRAT.moneyline_home|DRAT.moneyline_away|SCHEDULE.home_spread|SCHEDULE.away_spread,NUMERIC_RANGE,0.55,0.6,,0,55-59.9%,194,106,88,54.64,47.61,61.49,65.83,-11.2,5,80.0,4,3,75.0,NEGATIVE,11.20,full_test_results.csv
HE0065,1,1,,DRAT,DRAT_AVAILABLE,DRAT_MAX_PROB_SIDE,DRAT_MAX_PROB,SelectedVsMarket + ProbBucket,SelectedVsMarket=Agree | ProbBucket=60-64.9%,2,SelectedVsMarket,FAMILY_VS_MARKET_AGREEMENT,COMPARE_FAMILY_PICK_TO_MARKET_PICK,DRAT|EPRED|SCHEDULE,DRAT.home_prob|DRAT.away_prob|EPRED.home_prob|EPRED.away_prob|DRAT.moneyline_home|DRAT.moneyline_away|SCHEDULE.home_spread|SCHEDULE.away_spread,TEXT_EQUALS,,,Agree,0,Agree,ProbBucket,FAMILY_SELECTED_PROB,USE_FAMILY_SELECTED_PROB,FAMILY_DEPENDENT,DRAT.home_prob|DRAT.away_prob|EPRED.home_prob|EPRED.away_prob|DRAT.moneyline_home|DRAT.moneyline_away|SCHEDULE.home_spread|SCHEDULE.away_spread,NUMERIC_RANGE,0.6,0.65,,0,60-64.9%,228,137,91,60.09,53.61,66.23,65.83,-5.75,5,100.0,4,4,100.0,NEGATIVE,5.75,full_test_results.csv
HE0066,1,1,,DRAT,DRAT_AVAILABLE,DRAT_MAX_PROB_SIDE,DRAT_MAX_PROB,SelectedVsMarket + ProbBucket,SelectedVsMarket=Agree | ProbBucket=70-74.9%,2,SelectedVsMarket,FAMILY_VS_MARKET_AGREEMENT,COMPARE_FAMILY_PICK_TO_MARKET_PICK,DRAT|EPRED|SCHEDULE,DRAT.home_prob|DRAT.away_prob|EPRED.home_prob|EPRED.away_prob|DRAT.moneyline_home|DRAT.moneyline_away|SCHEDULE.home_spread|SCHEDULE.away_spread,TEXT_EQUALS,,,Agree,0,Agree,ProbBucket,FAMILY_SELECTED_PROB,USE_FAMILY_SELECTED_PROB,FAMILY_DEPENDENT,DRAT.home_prob|DRAT.away_prob|EPRED.home_prob|EPRED.away_prob|DRAT.moneyline_home|DRAT.moneyline_away|SCHEDULE.home_spread|SCHEDULE.away_spread,NUMERIC_RANGE,0.7,0.75,,0,70-74.9%,185,134,51,72.43,65.59,78.37,65.83,6.6,5,100.0,4,4,100.0,POSITIVE,6.60,full_test_results.csv
HE0067,1,1,,DRAT,DRAT_AVAILABLE,DRAT_MAX_PROB_SIDE,DRAT_MAX_PROB,SelectedVsMarket + ProbBucket,SelectedVsMarket=Agree | ProbBucket=75-79.9%,2,SelectedVsMarket,FAMILY_VS_MARKET_AGREEMENT,COMPARE_FAMILY_PICK_TO_MARKET_PICK,DRAT|EPRED|SCHEDULE,DRAT.home_prob|DRAT.away_prob|EPRED.home_prob|EPRED.away_prob|DRAT.moneyline_home|DRAT.moneyline_away|SCHEDULE.home_spread|SCHEDULE.away_spread,TEXT_EQUALS,,,Agree,0,Agree,ProbBucket,FAMILY_SELECTED_PROB,USE_FAMILY_SELECTED_PROB,FAMILY_DEPENDENT,DRAT.home_prob|DRAT.away_prob|EPRED.home_prob|EPRED.away_prob|DRAT.moneyline_home|DRAT.moneyline_away|SCHEDULE.home_spread|SCHEDULE.away_spread,NUMERIC_RANGE,0.75,0.8,,0,75-79.9%,154,108,46,70.13,62.48,76.8,65.83,4.3,5,80.0,4,3,75.0,POSITIVE,4.30,full_test_results.csv
HE0068,1,1,,DRAT,DRAT_AVAILABLE,DRAT_MAX_PROB_SIDE,DRAT_MAX_PROB,SelectedVsMarket + ProbBucket,SelectedVsMarket=Agree | ProbBucket=80-84.9%,2,SelectedVsMarket,FAMILY_VS_MARKET_AGREEMENT,COMPARE_FAMILY_PICK_TO_MARKET_PICK,DRAT|EPRED|SCHEDULE,DRAT.home_prob|DRAT.away_prob|EPRED.home_prob|EPRED.away_prob|DRAT.moneyline_home|DRAT.moneyline_away|SCHEDULE.home_spread|SCHEDULE.away_spread,TEXT_EQUALS,,,Agree,0,Agree,ProbBucket,FAMILY_SELECTED_PROB,USE_FAMILY_SELECTED_PROB,FAMILY_DEPENDENT,DRAT.home_prob|DRAT.away_prob|EPRED.home_prob|EPRED.away_prob|DRAT.moneyline_home|DRAT.moneyline_away|SCHEDULE.home_spread|SCHEDULE.away_spread,NUMERIC_RANGE,0.8,0.85,,0,80-84.9%,101,85,16,84.16,75.81,90.01,65.83,18.32,5,100.0,3,3,100.0,POSITIVE,18.32,full_test_results.csv
HE0069,1,1,,DRAT,DRAT_AVAILABLE,DRAT_MAX_PROB_SIDE,DRAT_MAX_PROB,SelectedVsMarket + ProbBucket,SelectedVsMarket=Agree | ProbBucket=85-89.9%,2,SelectedVsMarket,FAMILY_VS_MARKET_AGREEMENT,COMPARE_FAMILY_PICK_TO_MARKET_PICK,DRAT|EPRED|SCHEDULE,DRAT.home_prob|DRAT.away_prob|EPRED.home_prob|EPRED.away_prob|DRAT.moneyline_home|DRAT.moneyline_away|SCHEDULE.home_spread|SCHEDULE.away_spread,TEXT_EQUALS,,,Agree,0,Agree,ProbBucket,FAMILY_SELECTED_PROB,USE_FAMILY_SELECTED_PROB,FAMILY_DEPENDENT,DRAT.home_prob|DRAT.away_prob|EPRED.home_prob|EPRED.away_prob|DRAT.moneyline_home|DRAT.moneyline_away|SCHEDULE.home_spread|SCHEDULE.away_spread,NUMERIC_RANGE,0.85,0.9,,0,85-89.9%,62,53,9,85.48,74.66,92.17,65.83,19.65,5,100.0,3,3,100.0,POSITIVE,19.65,full_test_results.csv
HE0070,1,1,,DRAT,DRAT_AVAILABLE,DRAT_MAX_PROB_SIDE,DRAT_MAX_PROB,SelectedVsMarket + ProbBucket,SelectedVsMarket=Disagree | ProbBucket=<55%,2,SelectedVsMarket,FAMILY_VS_MARKET_AGREEMENT,COMPARE_FAMILY_PICK_TO_MARKET_PICK,DRAT|EPRED|SCHEDULE,DRAT.home_prob|DRAT.away_prob|EPRED.home_prob|EPRED.away_prob|DRAT.moneyline_home|DRAT.moneyline_away|SCHEDULE.home_spread|SCHEDULE.away_spread,TEXT_EQUALS,,,Disagree,0,Disagree,ProbBucket,FAMILY_SELECTED_PROB,USE_FAMILY_SELECTED_PROB,FAMILY_DEPENDENT,DRAT.home_prob|DRAT.away_prob|EPRED.home_prob|EPRED.away_prob|DRAT.moneyline_home|DRAT.moneyline_away|SCHEDULE.home_spread|SCHEDULE.away_spread,NUMERIC_RANGE,,0.55,,0,<55%,85,36,49,42.35,32.4,52.96,65.83,-23.48,5,100.0,3,3,100.0,NEGATIVE,23.48,full_test_results.csv
HE0071,1,1,,DRAT,DRAT_AVAILABLE,DRAT_MAX_PROB_SIDE,DRAT_MAX_PROB,SelectedVsMarket + RatingGapBucket,SelectedVsMarket=Agree | RatingGapBucket=-3 to 0,2,SelectedVsMarket,FAMILY_VS_MARKET_AGREEMENT,COMPARE_FAMILY_PICK_TO_MARKET_PICK,DRAT|EPRED|SCHEDULE,DRAT.home_prob|DRAT.away_prob|EPRED.home_prob|EPRED.away_prob|DRAT.moneyline_home|DRAT.moneyline_away|SCHEDULE.home_spread|SCHEDULE.away_spread,TEXT_EQUALS,,,Agree,0,Agree,RatingGapBucket,SELECTED_EPRED_RATING_GAP,EPRED_RATING_SELECTED_MINUS_OPPONENT,EPRED,EPRED.home_rating|EPRED.away_rating,NUMERIC_RANGE,-3,0,,0,-3 to 0,134,78,56,58.21,49.74,66.22,65.83,-7.63,5,100.0,4,4,100.0,NEGATIVE,7.63,full_test_results.csv
HE0072,1,1,,DRAT,DRAT_AVAILABLE,DRAT_MAX_PROB_SIDE,DRAT_MAX_PROB,SelectedVsMarket + RatingGapBucket,SelectedVsMarket=Agree | RatingGapBucket=0 to 2.9,2,SelectedVsMarket,FAMILY_VS_MARKET_AGREEMENT,COMPARE_FAMILY_PICK_TO_MARKET_PICK,DRAT|EPRED|SCHEDULE,DRAT.home_prob|DRAT.away_prob|EPRED.home_prob|EPRED.away_prob|DRAT.moneyline_home|DRAT.moneyline_away|SCHEDULE.home_spread|SCHEDULE.away_spread,TEXT_EQUALS,,,Agree,0,Agree,RatingGapBucket,SELECTED_EPRED_RATING_GAP,EPRED_RATING_SELECTED_MINUS_OPPONENT,EPRED,EPRED.home_rating|EPRED.away_rating,NUMERIC_RANGE,0,3,,0,0 to 2.9,297,163,134,54.88,49.2,60.44,65.83,-10.95,5,100.0,4,4,100.0,NEGATIVE,10.95,full_test_results.csv
HE0073,1,1,,DRAT,DRAT_AVAILABLE,DRAT_MAX_PROB_SIDE,DRAT_MAX_PROB,SelectedVsMarket + RatingGapBucket,SelectedVsMarket=Agree | RatingGapBucket=10+,2,SelectedVsMarket,FAMILY_VS_MARKET_AGREEMENT,COMPARE_FAMILY_PICK_TO_MARKET_PICK,DRAT|EPRED|SCHEDULE,DRAT.home_prob|DRAT.away_prob|EPRED.home_prob|EPRED.away_prob|DRAT.moneyline_home|DRAT.moneyline_away|SCHEDULE.home_spread|SCHEDULE.away_spread,TEXT_EQUALS,,,Agree,0,Agree,RatingGapBucket,SELECTED_EPRED_RATING_GAP,EPRED_RATING_SELECTED_MINUS_OPPONENT,EPRED,EPRED.home_rating|EPRED.away_rating,NUMERIC_RANGE,10,,,0,10+,200,161,39,80.5,74.46,85.39,65.83,14.67,5,100.0,4,4,100.0,POSITIVE,14.67,full_test_results.csv
HE0074,1,1,,DRAT,DRAT_AVAILABLE,DRAT_MAX_PROB_SIDE,DRAT_MAX_PROB,SelectedVsMarket + RatingGapBucket,SelectedVsMarket=Agree | RatingGapBucket=3 to 5.9,2,SelectedVsMarket,FAMILY_VS_MARKET_AGREEMENT,COMPARE_FAMILY_PICK_TO_MARKET_PICK,DRAT|EPRED|SCHEDULE,DRAT.home_prob|DRAT.away_prob|EPRED.home_prob|EPRED.away_prob|DRAT.moneyline_home|DRAT.moneyline_away|SCHEDULE.home_spread|SCHEDULE.away_spread,TEXT_EQUALS,,,Agree,0,Agree,RatingGapBucket,SELECTED_EPRED_RATING_GAP,EPRED_RATING_SELECTED_MINUS_OPPONENT,EPRED,EPRED.home_rating|EPRED.away_rating,NUMERIC_RANGE,3,6,,0,3 to 5.9,332,235,97,70.78,65.68,75.41,65.83,4.95,5,80.0,4,3,75.0,POSITIVE,4.95,full_test_results.csv
HE0075,1,1,,DRAT,DRAT_AVAILABLE,DRAT_MAX_PROB_SIDE,DRAT_MAX_PROB,SelectedVsMarket + RatingGapBucket,SelectedVsMarket=Agree | RatingGapBucket=6 to 9.9,2,SelectedVsMarket,FAMILY_VS_MARKET_AGREEMENT,COMPARE_FAMILY_PICK_TO_MARKET_PICK,DRAT|EPRED|SCHEDULE,DRAT.home_prob|DRAT.away_prob|EPRED.home_prob|EPRED.away_prob|DRAT.moneyline_home|DRAT.moneyline_away|SCHEDULE.home_spread|SCHEDULE.away_spread,TEXT_EQUALS,,,Agree,0,Agree,RatingGapBucket,SELECTED_EPRED_RATING_GAP,EPRED_RATING_SELECTED_MINUS_OPPONENT,EPRED,EPRED.home_rating|EPRED.away_rating,NUMERIC_RANGE,6,10,,0,6 to 9.9,285,216,69,75.79,70.49,80.4,65.83,9.95,5,80.0,4,3,75.0,POSITIVE,9.95,full_test_results.csv
HE0076,1,1,,DRAT,DRAT_AVAILABLE,DRAT_MAX_PROB_SIDE,DRAT_MAX_PROB,SelectedVsMarket + ModelMarketEdgeBucket,SelectedVsMarket=Agree | ModelMarketEdgeBucket=+5 to +10 pts,2,SelectedVsMarket,FAMILY_VS_MARKET_AGREEMENT,COMPARE_FAMILY_PICK_TO_MARKET_PICK,DRAT|EPRED|SCHEDULE,DRAT.home_prob|DRAT.away_prob|EPRED.home_prob|EPRED.away_prob|DRAT.moneyline_home|DRAT.moneyline_away|SCHEDULE.home_spread|SCHEDULE.away_spread,TEXT_EQUALS,,,Agree,0,Agree,ModelMarketEdgeBucket,FAMILY_MARKET_EDGE_PP,FAMILY_SELECTED_PROB_MINUS_MARKET_SELECTED_PROB_X100,DRAT|EPRED|SCHEDULE,DRAT.home_prob|DRAT.away_prob|EPRED.home_prob|EPRED.away_prob|DRAT.moneyline_home|DRAT.moneyline_away|SCHEDULE.home_spread|SCHEDULE.away_spread,NUMERIC_RANGE,5,10,,0,+5 to +10 pts,198,124,74,62.63,55.71,69.06,65.83,-3.21,5,80.0,4,3,75.0,NEGATIVE,3.21,full_test_results.csv
HE0077,1,1,,DRAT,DRAT_AVAILABLE,DRAT_MAX_PROB_SIDE,DRAT_MAX_PROB,SelectedVsMarket + ModelMarketEdgeBucket,SelectedVsMarket=Disagree | ModelMarketEdgeBucket=+5 to +10 pts,2,SelectedVsMarket,FAMILY_VS_MARKET_AGREEMENT,COMPARE_FAMILY_PICK_TO_MARKET_PICK,DRAT|EPRED|SCHEDULE,DRAT.home_prob|DRAT.away_prob|EPRED.home_prob|EPRED.away_prob|DRAT.moneyline_home|DRAT.moneyline_away|SCHEDULE.home_spread|SCHEDULE.away_spread,TEXT_EQUALS,,,Disagree,0,Disagree,ModelMarketEdgeBucket,FAMILY_MARKET_EDGE_PP,FAMILY_SELECTED_PROB_MINUS_MARKET_SELECTED_PROB_X100,DRAT|EPRED|SCHEDULE,DRAT.home_prob|DRAT.away_prob|EPRED.home_prob|EPRED.away_prob|DRAT.moneyline_home|DRAT.moneyline_away|SCHEDULE.home_spread|SCHEDULE.away_spread,NUMERIC_RANGE,5,10,,0,+5 to +10 pts,58,32,26,55.17,42.45,67.25,65.83,-10.66,5,100.0,3,3,100.0,NEGATIVE,10.66,full_test_results.csv
HE0078,1,1,,DRAT,DRAT_AVAILABLE,DRAT_MAX_PROB_SIDE,DRAT_MAX_PROB,WeekBucket + ProbBucket,WeekBucket=Weeks 1-3 | ProbBucket=60-64.9%,2,WeekBucket,WEEK,RAW_WEEK,SCHEDULE,SCHEDULE.week,NUMERIC_RANGE,1,4,,0,Weeks 1-3,ProbBucket,FAMILY_SELECTED_PROB,USE_FAMILY_SELECTED_PROB,FAMILY_DEPENDENT,DRAT.home_prob|DRAT.away_prob|EPRED.home_prob|EPRED.away_prob|DRAT.moneyline_home|DRAT.moneyline_away|SCHEDULE.home_spread|SCHEDULE.away_spread,NUMERIC_RANGE,0.6,0.65,,0,60-64.9%,64,28,36,43.75,32.29,55.91,65.83,-22.08,5,100.0,3,3,100.0,NEGATIVE,22.08,full_test_results.csv
HE0079,1,1,,DRAT,DRAT_AVAILABLE,DRAT_MAX_PROB_SIDE,DRAT_MAX_PROB,WeekBucket + ProbBucket,WeekBucket=Weeks 14+ | ProbBucket=55-59.9%,2,WeekBucket,WEEK,RAW_WEEK,SCHEDULE,SCHEDULE.week,NUMERIC_RANGE,14,,,0,Weeks 14+,ProbBucket,FAMILY_SELECTED_PROB,USE_FAMILY_SELECTED_PROB,FAMILY_DEPENDENT,DRAT.home_prob|DRAT.away_prob|EPRED.home_prob|EPRED.away_prob|DRAT.moneyline_home|DRAT.moneyline_away|SCHEDULE.home_spread|SCHEDULE.away_spread,NUMERIC_RANGE,0.55,0.6,,0,55-59.9%,54,31,23,57.41,44.16,69.67,65.83,-8.43,5,80.0,3,2,66.67,NEGATIVE,8.43,full_test_results.csv
HE0080,1,1,,DRAT,DRAT_AVAILABLE,DRAT_MAX_PROB_SIDE,DRAT_MAX_PROB,WeekBucket + ProbBucket,WeekBucket=Weeks 14+ | ProbBucket=<55%,2,WeekBucket,WEEK,RAW_WEEK,SCHEDULE,SCHEDULE.week,NUMERIC_RANGE,14,,,0,Weeks 14+,ProbBucket,FAMILY_SELECTED_PROB,USE_FAMILY_SELECTED_PROB,FAMILY_DEPENDENT,DRAT.home_prob|DRAT.away_prob|EPRED.home_prob|EPRED.away_prob|DRAT.moneyline_home|DRAT.moneyline_away|SCHEDULE.home_spread|SCHEDULE.away_spread,NUMERIC_RANGE,,0.55,,0,<55%,60,36,24,60.0,47.37,71.43,65.83,-5.83,5,80.0,2,2,100.0,NEGATIVE,5.83,full_test_results.csv
HE0081,1,1,,DRAT,DRAT_AVAILABLE,DRAT_MAX_PROB_SIDE,DRAT_MAX_PROB,WeekBucket + ProbBucket,WeekBucket=Weeks 4-8 | ProbBucket=55-59.9%,2,WeekBucket,WEEK,RAW_WEEK,SCHEDULE,SCHEDULE.week,NUMERIC_RANGE,4,9,,0,Weeks 4-8,ProbBucket,FAMILY_SELECTED_PROB,USE_FAMILY_SELECTED_PROB,FAMILY_DEPENDENT,DRAT.home_prob|DRAT.away_prob|EPRED.home_prob|EPRED.away_prob|DRAT.moneyline_home|DRAT.moneyline_away|SCHEDULE.home_spread|SCHEDULE.away_spread,NUMERIC_RANGE,0.55,0.6,,0,55-59.9%,58,27,31,46.55,34.33,59.2,65.83,-19.28,5,100.0,3,3,100.0,NEGATIVE,19.28,full_test_results.csv
HE0082,1,1,,DRAT,DRAT_AVAILABLE,DRAT_MAX_PROB_SIDE,DRAT_MAX_PROB,WeekBucket + ProbBucket,WeekBucket=Weeks 9-13 | ProbBucket=70-74.9%,2,WeekBucket,WEEK,RAW_WEEK,SCHEDULE,SCHEDULE.week,NUMERIC_RANGE,9,14,,0,Weeks 9-13,ProbBucket,FAMILY_SELECTED_PROB,USE_FAMILY_SELECTED_PROB,FAMILY_DEPENDENT,DRAT.home_prob|DRAT.away_prob|EPRED.home_prob|EPRED.away_prob|DRAT.moneyline_home|DRAT.moneyline_away|SCHEDULE.home_spread|SCHEDULE.away_spread,NUMERIC_RANGE,0.7,0.75,,0,70-74.9%,50,42,8,84.0,71.49,91.66,65.83,18.17,5,100.0,2,2,100.0,POSITIVE,18.17,full_test_results.csv
HE0083,1,1,,DRAT,DRAT_AVAILABLE,DRAT_MAX_PROB_SIDE,DRAT_MAX_PROB,WeekBucket + ProbBucket,WeekBucket=Weeks 9-13 | ProbBucket=<55%,2,WeekBucket,WEEK,RAW_WEEK,SCHEDULE,SCHEDULE.week,NUMERIC_RANGE,9,14,,0,Weeks 9-13,ProbBucket,FAMILY_SELECTED_PROB,USE_FAMILY_SELECTED_PROB,FAMILY_DEPENDENT,DRAT.home_prob|DRAT.away_prob|EPRED.home_prob|EPRED.away_prob|DRAT.moneyline_home|DRAT.moneyline_away|SCHEDULE.home_spread|SCHEDULE.away_spread,NUMERIC_RANGE,,0.55,,0,<55%,56,26,30,46.43,34.02,59.3,65.83,-19.41,5,100.0,3,3,100.0,NEGATIVE,19.41,full_test_results.csv
HE0084,1,1,,DRAT,DRAT_AVAILABLE,DRAT_MAX_PROB_SIDE,DRAT_MAX_PROB,MarketRole + OddsTotalBucket,MarketRole=Market Favorite | OddsTotalBucket=44-47.5,2,MarketRole,SELECTED_MARKET_ROLE,MARKET_ROLE_FOR_FAMILY_SELECTED_SIDE,DRAT|SCHEDULE,DRAT.moneyline_home|DRAT.moneyline_away|SCHEDULE.home_spread|SCHEDULE.away_spread,TEXT_EQUALS,,,Market Favorite,0,Market Favorite,OddsTotalBucket,MARKET_TOTAL,RAW_MARKET_TOTAL,SCHEDULE,SCHEDULE.total,NUMERIC_RANGE,44,48,,0,44-47.5,444,307,137,69.14,64.7,73.26,65.83,3.31,5,100.0,4,4,100.0,POSITIVE,3.31,full_test_results.csv
HE0085,0,0,Historical SurfaceBucket used a field whose values encoded Dome/Indoor vs Outdoor; supplied current surface field is playing-surface material and is not equivalent. | No current wind_speed field was supplied.,DRAT,DRAT_AVAILABLE,DRAT_MAX_PROB_SIDE,DRAT_MAX_PROB,SurfaceBucket + WindBucket,SurfaceBucket=Outdoor | WindBucket=15-19.9 mph,2,SurfaceBucket,HISTORICAL_SURFACE_CLASS,UNAVAILABLE,,,TEXT_EQUALS,,,Outdoor,0,Outdoor,WindBucket,WIND_SPEED,UNAVAILABLE,,,NUMERIC_RANGE,15,20,,0,15-19.9 mph,62,47,15,75.81,63.85,84.75,65.83,9.97,5,80.0,2,2,100.0,POSITIVE,9.97,full_test_results.csv
HE0086,0,0,No current temperature field was supplied. | No current wind_speed field was supplied.,DRAT,DRAT_AVAILABLE,DRAT_MAX_PROB_SIDE,DRAT_MAX_PROB,TemperatureBucket + WindBucket,TemperatureBucket=32-49F | WindBucket=10-14.9 mph,2,TemperatureBucket,TEMPERATURE,UNAVAILABLE,,,NUMERIC_RANGE,32,50,,0,32-49F,WindBucket,WIND_SPEED,UNAVAILABLE,,,NUMERIC_RANGE,10,15,,0,10-14.9 mph,56,31,25,55.36,42.41,67.61,65.83,-10.48,5,80.0,3,2,66.67,NEGATIVE,10.48,full_test_results.csv
HE0087,0,0,No current temperature field was supplied. | No current wind_speed field was supplied.,DRAT,DRAT_AVAILABLE,DRAT_MAX_PROB_SIDE,DRAT_MAX_PROB,TemperatureBucket + WindBucket,TemperatureBucket=50-69F | WindBucket=10-14.9 mph,2,TemperatureBucket,TEMPERATURE,UNAVAILABLE,,,NUMERIC_RANGE,50,70,,0,50-69F,WindBucket,WIND_SPEED,UNAVAILABLE,,,NUMERIC_RANGE,10,15,,0,10-14.9 mph,76,57,19,75.0,64.22,83.37,65.83,9.17,5,80.0,3,3,100.0,POSITIVE,9.17,full_test_results.csv
HE0088,1,1,,EPRED,EPRED_AVAILABLE,EPRED_NORMALIZED_MAX_PROB_SIDE,EPRED_NORMALIZED_MAX_PROB,ProbBucket,ProbBucket=55-59.9%,1,ProbBucket,FAMILY_SELECTED_PROB,USE_FAMILY_SELECTED_PROB,FAMILY_DEPENDENT,DRAT.home_prob|DRAT.away_prob|EPRED.home_prob|EPRED.away_prob|DRAT.moneyline_home|DRAT.moneyline_away|SCHEDULE.home_spread|SCHEDULE.away_spread,NUMERIC_RANGE,0.55,0.6,,0,55-59.9%,,,,,,,,,,,,277,157,120,56.68,50.79,62.38,63.41,-6.73,5,80.0,4,3,75.0,NEGATIVE,6.73,full_test_results.csv
HE0089,1,1,,EPRED,EPRED_AVAILABLE,EPRED_NORMALIZED_MAX_PROB_SIDE,EPRED_NORMALIZED_MAX_PROB,ProbBucket,ProbBucket=65-69.9%,1,ProbBucket,FAMILY_SELECTED_PROB,USE_FAMILY_SELECTED_PROB,FAMILY_DEPENDENT,DRAT.home_prob|DRAT.away_prob|EPRED.home_prob|EPRED.away_prob|DRAT.moneyline_home|DRAT.moneyline_away|SCHEDULE.home_spread|SCHEDULE.away_spread,NUMERIC_RANGE,0.65,0.7,,0,65-69.9%,,,,,,,,,,,,203,137,66,67.49,60.77,73.55,63.41,4.08,5,80.0,4,3,75.0,POSITIVE,4.08,full_test_results.csv
HE0090,1,1,,EPRED,EPRED_AVAILABLE,EPRED_NORMALIZED_MAX_PROB_SIDE,EPRED_NORMALIZED_MAX_PROB,ProbBucket,ProbBucket=75-79.9%,1,ProbBucket,FAMILY_SELECTED_PROB,USE_FAMILY_SELECTED_PROB,FAMILY_DEPENDENT,DRAT.home_prob|DRAT.away_prob|EPRED.home_prob|EPRED.away_prob|DRAT.moneyline_home|DRAT.moneyline_away|SCHEDULE.home_spread|SCHEDULE.away_spread,NUMERIC_RANGE,0.75,0.8,,0,75-79.9%,,,,,,,,,,,,99,75,24,75.76,66.46,83.13,63.41,12.35,5,100.0,4,4,100.0,POSITIVE,12.35,full_test_results.csv
HE0091,1,1,,EPRED,EPRED_AVAILABLE,EPRED_NORMALIZED_MAX_PROB_SIDE,EPRED_NORMALIZED_MAX_PROB,ProbBucket,ProbBucket=80-84.9%,1,ProbBucket,FAMILY_SELECTED_PROB,USE_FAMILY_SELECTED_PROB,FAMILY_DEPENDENT,DRAT.home_prob|DRAT.away_prob|EPRED.home_prob|EPRED.away_prob|DRAT.moneyline_home|DRAT.moneyline_away|SCHEDULE.home_spread|SCHEDULE.away_spread,NUMERIC_RANGE,0.8,0.85,,0,80-84.9%,,,,,,,,,,,,77,63,14,81.82,71.76,88.85,63.41,18.41,5,100.0,3,3,100.0,POSITIVE,18.41,full_test_results.csv
HE0092,1,1,,EPRED,EPRED_AVAILABLE,EPRED_NORMALIZED_MAX_PROB_SIDE,EPRED_NORMALIZED_MAX_PROB,ProbBucket,ProbBucket=<55%,1,ProbBucket,FAMILY_SELECTED_PROB,USE_FAMILY_SELECTED_PROB,FAMILY_DEPENDENT,DRAT.home_prob|DRAT.away_prob|EPRED.home_prob|EPRED.away_prob|DRAT.moneyline_home|DRAT.moneyline_away|SCHEDULE.home_spread|SCHEDULE.away_spread,NUMERIC_RANGE,,0.55,,0,<55%,,,,,,,,,,,,289,151,138,52.25,46.5,57.94,63.41,-11.16,5,80.0,4,3,75.0,NEGATIVE,11.16,full_test_results.csv
HE0093,1,1,,EPRED,EPRED_AVAILABLE,EPRED_NORMALIZED_MAX_PROB_SIDE,EPRED_NORMALIZED_MAX_PROB,MarketRole,MarketRole=Market Favorite,1,MarketRole,SELECTED_MARKET_ROLE,MARKET_ROLE_FOR_FAMILY_SELECTED_SIDE,DRAT|SCHEDULE,DRAT.moneyline_home|DRAT.moneyline_away|SCHEDULE.home_spread|SCHEDULE.away_spread,TEXT_EQUALS,,,Market Favorite,0,Market Favorite,,,,,,,,,,,,1229,826,403,67.21,64.53,69.78,63.41,3.8,5,100.0,4,4,100.0,POSITIVE,3.80,full_test_results.csv
HE0094,1,1,,EPRED,EPRED_AVAILABLE,EPRED_NORMALIZED_MAX_PROB_SIDE,EPRED_NORMALIZED_MAX_PROB,MarketRole,MarketRole=Market Underdog,1,MarketRole,SELECTED_MARKET_ROLE,MARKET_ROLE_FOR_FAMILY_SELECTED_SIDE,DRAT|SCHEDULE,DRAT.moneyline_home|DRAT.moneyline_away|SCHEDULE.home_spread|SCHEDULE.away_spread,TEXT_EQUALS,,,Market Underdog,0,Market Underdog,,,,,,,,,,,,169,62,107,36.69,29.79,44.17,63.41,-26.72,5,100.0,4,4,100.0,NEGATIVE,26.72,full_test_results.csv
HE0095,1,1,,EPRED,EPRED_AVAILABLE,EPRED_NORMALIZED_MAX_PROB_SIDE,EPRED_NORMALIZED_MAX_PROB,SpreadBucket,SpreadBucket=Dog +0.5 to +2.5,1,SpreadBucket,SELECTED_SPREAD,SPREAD_FOR_FAMILY_SELECTED_SIDE,SCHEDULE,SCHEDULE.home_spread|SCHEDULE.away_spread,NUMERIC_RANGE,1e-06,3,,0,Dog +0.5 to +2.5,,,,,,,,,,,,130,49,81,37.69,29.83,46.26,63.41,-25.72,5,100.0,4,4,100.0,NEGATIVE,25.72,full_test_results.csv
HE0096,1,1,,EPRED,EPRED_AVAILABLE,EPRED_NORMALIZED_MAX_PROB_SIDE,EPRED_NORMALIZED_MAX_PROB,SpreadBucket,SpreadBucket=Fav -0.5 to -2.5,1,SpreadBucket,SELECTED_SPREAD,SPREAD_FOR_FAMILY_SELECTED_SIDE,SCHEDULE,SCHEDULE.home_spread|SCHEDULE.away_spread,NUMERIC_RANGE,-3,0,,0,Fav -0.5 to -2.5,,,,,,,,,,,,412,229,183,55.58,50.75,60.31,63.41,-7.83,5,100.0,4,4,100.0,NEGATIVE,7.83,full_test_results.csv
HE0097,1,1,,EPRED,EPRED_AVAILABLE,EPRED_NORMALIZED_MAX_PROB_SIDE,EPRED_NORMALIZED_MAX_PROB,SpreadBucket,SpreadBucket=Fav -10+,1,SpreadBucket,SELECTED_SPREAD,SPREAD_FOR_FAMILY_SELECTED_SIDE,SCHEDULE,SCHEDULE.home_spread|SCHEDULE.away_spread,NUMERIC_RANGE,,-10,,0,Fav -10+,,,,,,,,,,,,129,114,15,88.37,81.7,92.83,63.41,24.96,5,100.0,4,4,100.0,POSITIVE,24.96,full_test_results.csv
HE0098,1,1,,EPRED,EPRED_AVAILABLE,EPRED_NORMALIZED_MAX_PROB_SIDE,EPRED_NORMALIZED_MAX_PROB,SpreadBucket,SpreadBucket=Fav -4 to -6.5,1,SpreadBucket,SELECTED_SPREAD,SPREAD_FOR_FAMILY_SELECTED_SIDE,SCHEDULE,SCHEDULE.home_spread|SCHEDULE.away_spread,NUMERIC_RANGE,-7,-4,,0,Fav -4 to -6.5,,,,,,,,,,,,341,239,102,70.09,65.03,74.7,63.41,6.68,5,80.0,4,3,75.0,POSITIVE,6.68,full_test_results.csv
HE0099,1,1,,EPRED,EPRED_AVAILABLE,EPRED_NORMALIZED_MAX_PROB_SIDE,EPRED_NORMALIZED_MAX_PROB,RatingGapBucket,RatingGapBucket=-3 to 0,1,RatingGapBucket,SELECTED_EPRED_RATING_GAP,EPRED_RATING_SELECTED_MINUS_OPPONENT,EPRED,EPRED.home_rating|EPRED.away_rating,NUMERIC_RANGE,-3,0,,0,-3 to 0,,,,,,,,,,,,134,63,71,47.01,38.77,55.43,63.41,-16.39,5,100.0,4,4,100.0,NEGATIVE,16.39,full_test_results.csv
HE0100,1,1,,EPRED,EPRED_AVAILABLE,EPRED_NORMALIZED_MAX_PROB_SIDE,EPRED_NORMALIZED_MAX_PROB,RatingGapBucket,RatingGapBucket=0 to 2.9,1,RatingGapBucket,SELECTED_EPRED_RATING_GAP,EPRED_RATING_SELECTED_MINUS_OPPONENT,EPRED,EPRED.home_rating|EPRED.away_rating,NUMERIC_RANGE,0,3,,0,0 to 2.9,,,,,,,,,,,,374,191,183,51.07,46.02,56.1,63.41,-12.34,5,100.0,4,4,100.0,NEGATIVE,12.34,full_test_results.csv
HE0101,1,1,,EPRED,EPRED_AVAILABLE,EPRED_NORMALIZED_MAX_PROB_SIDE,EPRED_NORMALIZED_MAX_PROB,RatingGapBucket,RatingGapBucket=10+,1,RatingGapBucket,SELECTED_EPRED_RATING_GAP,EPRED_RATING_SELECTED_MINUS_OPPONENT,EPRED,EPRED.home_rating|EPRED.away_rating,NUMERIC_RANGE,10,,,0,10+,,,,,,,,,,,,202,162,40,80.2,74.16,85.11,63.41,16.79,5,100.0,4,4,100.0,POSITIVE,16.79,full_test_results.csv
HE0102,1,1,,EPRED,EPRED_AVAILABLE,EPRED_NORMALIZED_MAX_PROB_SIDE,EPRED_NORMALIZED_MAX_PROB,RatingGapBucket,RatingGapBucket=6 to 9.9,1,RatingGapBucket,SELECTED_EPRED_RATING_GAP,EPRED_RATING_SELECTED_MINUS_OPPONENT,EPRED,EPRED.home_rating|EPRED.away_rating,NUMERIC_RANGE,6,10,,0,6 to 9.9,,,,,,,,,,,,292,219,73,75.0,69.73,79.62,63.41,11.59,5,100.0,4,4,100.0,POSITIVE,11.59,full_test_results.csv
HE0103,1,1,,EPRED,EPRED_AVAILABLE,EPRED_NORMALIZED_MAX_PROB_SIDE,EPRED_NORMALIZED_MAX_PROB,MatchupBucket,MatchupBucket=75+,1,MatchupBucket,EPRED_MATCHUP_QUALITY,RAW_EPRED_MATCHUP_QUALITY,EPRED,EPRED.matchupQuality,NUMERIC_RANGE,75,,,0,75+,,,,,,,,,,,,204,117,87,57.35,50.49,63.94,63.41,-6.06,5,80.0,4,3,75.0,NEGATIVE,6.06,full_test_results.csv
HE0104,1,1,,EPRED,EPRED_AVAILABLE,EPRED_NORMALIZED_MAX_PROB_SIDE,EPRED_NORMALIZED_MAX_PROB,WeekBucket,WeekBucket=Weeks 1-3,1,WeekBucket,WEEK,RAW_WEEK,SCHEDULE,SCHEDULE.week,NUMERIC_RANGE,1,4,,0,Weeks 1-3,,,,,,,,,,,,295,177,118,60.0,54.32,65.43,63.41,-3.41,5,80.0,4,3,75.0,NEGATIVE,3.41,full_test_results.csv
HE0105,0,0,No current temperature field was supplied.,EPRED,EPRED_AVAILABLE,EPRED_NORMALIZED_MAX_PROB_SIDE,EPRED_NORMALIZED_MAX_PROB,TemperatureBucket,TemperatureBucket=<32F,1,TemperatureBucket,TEMPERATURE,UNAVAILABLE,,,NUMERIC_RANGE,,32,,0,<32F,,,,,,,,,,,,77,55,22,71.43,60.51,80.31,63.41,8.02,5,80.0,3,2,66.67,POSITIVE,8.02,full_test_results.csv
HE0106,1,1,,EPRED,EPRED_AVAILABLE,EPRED_NORMALIZED_MAX_PROB_SIDE,EPRED_NORMALIZED_MAX_PROB,OddsTotalBucket,OddsTotalBucket=52+,1,OddsTotalBucket,MARKET_TOTAL,RAW_MARKET_TOTAL,SCHEDULE,SCHEDULE.total,NUMERIC_RANGE,52,,,0,52+,,,,,,,,,,,,79,42,37,53.16,42.27,63.76,63.41,-10.24,5,80.0,4,3,75.0,NEGATIVE,10.24,full_test_results.csv
HE0107,1,1,,EPRED,EPRED_AVAILABLE,EPRED_NORMALIZED_MAX_PROB_SIDE,EPRED_NORMALIZED_MAX_PROB,OddsTotalBucket,OddsTotalBucket=<40,1,OddsTotalBucket,MARKET_TOTAL,RAW_MARKET_TOTAL,SCHEDULE,SCHEDULE.total,NUMERIC_RANGE,,40,,0,<40,,,,,,,,,,,,173,100,73,57.8,50.35,64.92,63.41,-5.61,5,80.0,3,3,100.0,NEGATIVE,5.61,full_test_results.csv
HE0108,1,1,,EPRED,EPRED_AVAILABLE,EPRED_NORMALIZED_MAX_PROB_SIDE,EPRED_NORMALIZED_MAX_PROB,DratEpredAgreement,DratEpredAgreement=Agree,1,DratEpredAgreement,DRAT_EPRED_AGREEMENT,COMPARE_DRAT_PICK_TO_EPRED_PICK,DRAT|EPRED,DRAT.home_prob|DRAT.away_prob|EPRED.home_prob|EPRED.away_prob,TEXT_EQUALS,,,Agree,0,Agree,,,,,,,,,,,,1234,822,412,66.61,63.93,69.19,63.41,3.2,5,100.0,4,4,100.0,POSITIVE,3.20,full_test_results.csv
HE0109,1,1,,EPRED,EPRED_AVAILABLE,EPRED_NORMALIZED_MAX_PROB_SIDE,EPRED_NORMALIZED_MAX_PROB,DratEpredAgreement,DratEpredAgreement=Disagree,1,DratEpredAgreement,DRAT_EPRED_AGREEMENT,COMPARE_DRAT_PICK_TO_EPRED_PICK,DRAT|EPRED,DRAT.home_prob|DRAT.away_prob|EPRED.home_prob|EPRED.away_prob,TEXT_EQUALS,,,Disagree,0,Disagree,,,,,,,,,,,,168,67,101,39.88,32.78,47.43,63.41,-23.53,5,100.0,4,4,100.0,NEGATIVE,23.53,full_test_results.csv
HE0110,1,1,,EPRED,EPRED_AVAILABLE,EPRED_NORMALIZED_MAX_PROB_SIDE,EPRED_NORMALIZED_MAX_PROB,SelectedVsMarket,SelectedVsMarket=Agree,1,SelectedVsMarket,FAMILY_VS_MARKET_AGREEMENT,COMPARE_FAMILY_PICK_TO_MARKET_PICK,DRAT|EPRED|SCHEDULE,DRAT.home_prob|DRAT.away_prob|EPRED.home_prob|EPRED.away_prob|DRAT.moneyline_home|DRAT.moneyline_away|SCHEDULE.home_spread|SCHEDULE.away_spread,TEXT_EQUALS,,,Agree,0,Agree,,,,,,,,,,,,1230,827,403,67.24,64.56,69.8,63.41,3.83,5,100.0,4,4,100.0,POSITIVE,3.83,full_test_results.csv
HE0111,1,1,,EPRED,EPRED_AVAILABLE,EPRED_NORMALIZED_MAX_PROB_SIDE,EPRED_NORMALIZED_MAX_PROB,SelectedVsMarket,SelectedVsMarket=Disagree,1,SelectedVsMarket,FAMILY_VS_MARKET_AGREEMENT,COMPARE_FAMILY_PICK_TO_MARKET_PICK,DRAT|EPRED|SCHEDULE,DRAT.home_prob|DRAT.away_prob|EPRED.home_prob|EPRED.away_prob|DRAT.moneyline_home|DRAT.moneyline_away|SCHEDULE.home_spread|SCHEDULE.away_spread,TEXT_EQUALS,,,Disagree,0,Disagree,,,,,,,,,,,,172,62,110,36.05,29.25,43.45,63.41,-27.36,5,100.0,4,4,100.0,NEGATIVE,27.36,full_test_results.csv
HE0112,1,1,,EPRED,EPRED_AVAILABLE,EPRED_NORMALIZED_MAX_PROB_SIDE,EPRED_NORMALIZED_MAX_PROB,ModelDiffBucket,ModelDiffBucket=6-9.9 pts,1,ModelDiffBucket,DRAT_EPRED_HOME_PROB_ABS_DIFF_PP,ABS_DRAT_HOME_PROB_MINUS_EPRED_NORMALIZED_HOME_PROB_X100,DRAT|EPRED,DRAT.home_prob|EPRED.home_prob|EPRED.away_prob,NUMERIC_RANGE,6,10,,0,6-9.9 pts,,,,,,,,,,,,326,226,100,69.33,64.12,74.08,63.41,5.92,5,80.0,4,3,75.0,POSITIVE,5.92,full_test_results.csv
HE0113,1,1,,EPRED,EPRED_AVAILABLE,EPRED_NORMALIZED_MAX_PROB_SIDE,EPRED_NORMALIZED_MAX_PROB,ModelDiffBucket,ModelDiffBucket=<3 pts,1,ModelDiffBucket,DRAT_EPRED_HOME_PROB_ABS_DIFF_PP,ABS_DRAT_HOME_PROB_MINUS_EPRED_NORMALIZED_HOME_PROB_X100,DRAT|EPRED,DRAT.home_prob|EPRED.home_prob|EPRED.away_prob,NUMERIC_RANGE,,3,,0,<3 pts,,,,,,,,,,,,407,235,172,57.74,52.89,62.44,63.41,-5.67,5,100.0,4,4,100.0,NEGATIVE,5.67,full_test_results.csv
HE0114,1,1,,EPRED,EPRED_AVAILABLE,EPRED_NORMALIZED_MAX_PROB_SIDE,EPRED_NORMALIZED_MAX_PROB,ModelMarketEdgeBucket,ModelMarketEdgeBucket=+10 pts+,1,ModelMarketEdgeBucket,FAMILY_MARKET_EDGE_PP,FAMILY_SELECTED_PROB_MINUS_MARKET_SELECTED_PROB_X100,DRAT|EPRED|SCHEDULE,DRAT.home_prob|DRAT.away_prob|EPRED.home_prob|EPRED.away_prob|DRAT.moneyline_home|DRAT.moneyline_away|SCHEDULE.home_spread|SCHEDULE.away_spread,NUMERIC_RANGE,10,,,0,+10 pts+,,,,,,,,,,,,126,46,80,36.51,28.62,45.2,63.41,-26.9,5,100.0,3,3,100.0,NEGATIVE,26.90,full_test_results.csv
HE0115,1,1,,EPRED,EPRED_AVAILABLE,EPRED_NORMALIZED_MAX_PROB_SIDE,EPRED_NORMALIZED_MAX_PROB,ModelMarketEdgeBucket,ModelMarketEdgeBucket=+2 to +5 pts,1,ModelMarketEdgeBucket,FAMILY_MARKET_EDGE_PP,FAMILY_SELECTED_PROB_MINUS_MARKET_SELECTED_PROB_X100,DRAT|EPRED|SCHEDULE,DRAT.home_prob|DRAT.away_prob|EPRED.home_prob|EPRED.away_prob|DRAT.moneyline_home|DRAT.moneyline_away|SCHEDULE.home_spread|SCHEDULE.away_spread,NUMERIC_RANGE,2,5,,0,+2 to +5 pts,,,,,,,,,,,,145,81,64,55.86,47.73,63.69,63.41,-7.55,5,80.0,4,3,75.0,NEGATIVE,7.55,full_test_results.csv
HE0116,1,1,,EPRED,EPRED_AVAILABLE,EPRED_NORMALIZED_MAX_PROB_SIDE,EPRED_NORMALIZED_MAX_PROB,ModelMarketEdgeBucket,ModelMarketEdgeBucket=+5 to +10 pts,1,ModelMarketEdgeBucket,FAMILY_MARKET_EDGE_PP,FAMILY_SELECTED_PROB_MINUS_MARKET_SELECTED_PROB_X100,DRAT|EPRED|SCHEDULE,DRAT.home_prob|DRAT.away_prob|EPRED.home_prob|EPRED.away_prob|DRAT.moneyline_home|DRAT.moneyline_away|SCHEDULE.home_spread|SCHEDULE.away_spread,NUMERIC_RANGE,5,10,,0,+5 to +10 pts,,,,,,,,,,,,169,98,71,57.99,50.45,65.17,63.41,-5.42,5,80.0,3,3,100.0,NEGATIVE,5.42,full_test_results.csv
HE0117,1,1,,EPRED,EPRED_AVAILABLE,EPRED_NORMALIZED_MAX_PROB_SIDE,EPRED_NORMALIZED_MAX_PROB,ModelMarketEdgeBucket,ModelMarketEdgeBucket=-10 to -5 pts,1,ModelMarketEdgeBucket,FAMILY_MARKET_EDGE_PP,FAMILY_SELECTED_PROB_MINUS_MARKET_SELECTED_PROB_X100,DRAT|EPRED|SCHEDULE,DRAT.home_prob|DRAT.away_prob|EPRED.home_prob|EPRED.away_prob|DRAT.moneyline_home|DRAT.moneyline_away|SCHEDULE.home_spread|SCHEDULE.away_spread,NUMERIC_RANGE,-10,-5,,0,-10 to -5 pts,,,,,,,,,,,,301,212,89,70.43,65.05,75.3,63.41,7.02,5,100.0,4,4,100.0,POSITIVE,7.02,full_test_results.csv
HE0118,1,1,,EPRED,EPRED_AVAILABLE,EPRED_NORMALIZED_MAX_PROB_SIDE,EPRED_NORMALIZED_MAX_PROB,ProbBucket + RatingGapBucket,ProbBucket=55-59.9% | RatingGapBucket=0 to 2.9,2,ProbBucket,FAMILY_SELECTED_PROB,USE_FAMILY_SELECTED_PROB,FAMILY_DEPENDENT,DRAT.home_prob|DRAT.away_prob|EPRED.home_prob|EPRED.away_prob|DRAT.moneyline_home|DRAT.moneyline_away|SCHEDULE.home_spread|SCHEDULE.away_spread,NUMERIC_RANGE,0.55,0.6,,0,55-59.9%,RatingGapBucket,SELECTED_EPRED_RATING_GAP,EPRED_RATING_SELECTED_MINUS_OPPONENT,EPRED,EPRED.home_rating|EPRED.away_rating,NUMERIC_RANGE,0,3,,0,0 to 2.9,124,63,61,50.81,42.12,59.45,63.41,-12.6,5,100.0,3,3,100.0,NEGATIVE,12.60,full_test_results.csv
HE0119,1,1,,EPRED,EPRED_AVAILABLE,EPRED_NORMALIZED_MAX_PROB_SIDE,EPRED_NORMALIZED_MAX_PROB,ProbBucket + RatingGapBucket,ProbBucket=60-64.9% | RatingGapBucket=0 to 2.9,2,ProbBucket,FAMILY_SELECTED_PROB,USE_FAMILY_SELECTED_PROB,FAMILY_DEPENDENT,DRAT.home_prob|DRAT.away_prob|EPRED.home_prob|EPRED.away_prob|DRAT.moneyline_home|DRAT.moneyline_away|SCHEDULE.home_spread|SCHEDULE.away_spread,NUMERIC_RANGE,0.6,0.65,,0,60-64.9%,RatingGapBucket,SELECTED_EPRED_RATING_GAP,EPRED_RATING_SELECTED_MINUS_OPPONENT,EPRED,EPRED.home_rating|EPRED.away_rating,NUMERIC_RANGE,0,3,,0,0 to 2.9,82,41,41,50.0,39.42,60.58,63.41,-13.41,5,80.0,4,3,75.0,NEGATIVE,13.41,full_test_results.csv
HE0120,1,1,,EPRED,EPRED_AVAILABLE,EPRED_NORMALIZED_MAX_PROB_SIDE,EPRED_NORMALIZED_MAX_PROB,ProbBucket + RatingGapBucket,ProbBucket=60-64.9% | RatingGapBucket=6 to 9.9,2,ProbBucket,FAMILY_SELECTED_PROB,USE_FAMILY_SELECTED_PROB,FAMILY_DEPENDENT,DRAT.home_prob|DRAT.away_prob|EPRED.home_prob|EPRED.away_prob|DRAT.moneyline_home|DRAT.moneyline_away|SCHEDULE.home_spread|SCHEDULE.away_spread,NUMERIC_RANGE,0.6,0.65,,0,60-64.9%,RatingGapBucket,SELECTED_EPRED_RATING_GAP,EPRED_RATING_SELECTED_MINUS_OPPONENT,EPRED,EPRED.home_rating|EPRED.away_rating,NUMERIC_RANGE,6,10,,0,6 to 9.9,52,38,14,73.08,59.75,83.23,63.41,9.67,4,100.0,2,2,100.0,POSITIVE,9.67,full_test_results.csv
HE0121,1,1,,EPRED,EPRED_AVAILABLE,EPRED_NORMALIZED_MAX_PROB_SIDE,EPRED_NORMALIZED_MAX_PROB,ProbBucket + RatingGapBucket,ProbBucket=65-69.9% | RatingGapBucket=6 to 9.9,2,ProbBucket,FAMILY_SELECTED_PROB,USE_FAMILY_SELECTED_PROB,FAMILY_DEPENDENT,DRAT.home_prob|DRAT.away_prob|EPRED.home_prob|EPRED.away_prob|DRAT.moneyline_home|DRAT.moneyline_away|SCHEDULE.home_spread|SCHEDULE.away_spread,NUMERIC_RANGE,0.65,0.7,,0,65-69.9%,RatingGapBucket,SELECTED_EPRED_RATING_GAP,EPRED_RATING_SELECTED_MINUS_OPPONENT,EPRED,EPRED.home_rating|EPRED.away_rating,NUMERIC_RANGE,6,10,,0,6 to 9.9,74,54,20,72.97,61.91,81.77,63.41,9.56,5,100.0,3,3,100.0,POSITIVE,9.56,full_test_results.csv
HE0122,1,1,,EPRED,EPRED_AVAILABLE,EPRED_NORMALIZED_MAX_PROB_SIDE,EPRED_NORMALIZED_MAX_PROB,ProbBucket + RatingGapBucket,ProbBucket=70-74.9% | RatingGapBucket=6 to 9.9,2,ProbBucket,FAMILY_SELECTED_PROB,USE_FAMILY_SELECTED_PROB,FAMILY_DEPENDENT,DRAT.home_prob|DRAT.away_prob|EPRED.home_prob|EPRED.away_prob|DRAT.moneyline_home|DRAT.moneyline_away|SCHEDULE.home_spread|SCHEDULE.away_spread,NUMERIC_RANGE,0.7,0.75,,0,70-74.9%,RatingGapBucket,SELECTED_EPRED_RATING_GAP,EPRED_RATING_SELECTED_MINUS_OPPONENT,EPRED,EPRED.home_rating|EPRED.away_rating,NUMERIC_RANGE,6,10,,0,6 to 9.9,78,54,24,69.23,58.29,78.37,63.41,5.82,5,80.0,3,2,66.67,POSITIVE,5.82,full_test_results.csv
HE0123,1,1,,EPRED,EPRED_AVAILABLE,EPRED_NORMALIZED_MAX_PROB_SIDE,EPRED_NORMALIZED_MAX_PROB,ProbBucket + RatingGapBucket,ProbBucket=80-84.9% | RatingGapBucket=10+,2,ProbBucket,FAMILY_SELECTED_PROB,USE_FAMILY_SELECTED_PROB,FAMILY_DEPENDENT,DRAT.home_prob|DRAT.away_prob|EPRED.home_prob|EPRED.away_prob|DRAT.moneyline_home|DRAT.moneyline_away|SCHEDULE.home_spread|SCHEDULE.away_spread,NUMERIC_RANGE,0.8,0.85,,0,80-84.9%,RatingGapBucket,SELECTED_EPRED_RATING_GAP,EPRED_RATING_SELECTED_MINUS_OPPONENT,EPRED,EPRED.home_rating|EPRED.away_rating,NUMERIC_RANGE,10,,,0,10+,53,44,9,83.02,70.77,90.8,63.41,19.61,5,100.0,3,3,100.0,POSITIVE,19.61,full_test_results.csv
HE0124,1,1,,EPRED,EPRED_AVAILABLE,EPRED_NORMALIZED_MAX_PROB_SIDE,EPRED_NORMALIZED_MAX_PROB,ProbBucket + RatingGapBucket,ProbBucket=<55% | RatingGapBucket=-3 to 0,2,ProbBucket,FAMILY_SELECTED_PROB,USE_FAMILY_SELECTED_PROB,FAMILY_DEPENDENT,DRAT.home_prob|DRAT.away_prob|EPRED.home_prob|EPRED.away_prob|DRAT.moneyline_home|DRAT.moneyline_away|SCHEDULE.home_spread|SCHEDULE.away_spread,NUMERIC_RANGE,,0.55,,0,<55%,RatingGapBucket,SELECTED_EPRED_RATING_GAP,EPRED_RATING_SELECTED_MINUS_OPPONENT,EPRED,EPRED.home_rating|EPRED.away_rating,NUMERIC_RANGE,-3,0,,0,-3 to 0,97,46,51,47.42,37.77,57.27,63.41,-15.99,5,100.0,3,3,100.0,NEGATIVE,15.99,full_test_results.csv
HE0125,1,1,,EPRED,EPRED_AVAILABLE,EPRED_NORMALIZED_MAX_PROB_SIDE,EPRED_NORMALIZED_MAX_PROB,ProbBucket + RatingGapBucket,ProbBucket=<55% | RatingGapBucket=0 to 2.9,2,ProbBucket,FAMILY_SELECTED_PROB,USE_FAMILY_SELECTED_PROB,FAMILY_DEPENDENT,DRAT.home_prob|DRAT.away_prob|EPRED.home_prob|EPRED.away_prob|DRAT.moneyline_home|DRAT.moneyline_away|SCHEDULE.home_spread|SCHEDULE.away_spread,NUMERIC_RANGE,,0.55,,0,<55%,RatingGapBucket,SELECTED_EPRED_RATING_GAP,EPRED_RATING_SELECTED_MINUS_OPPONENT,EPRED,EPRED.home_rating|EPRED.away_rating,NUMERIC_RANGE,0,3,,0,0 to 2.9,136,72,64,52.94,44.59,61.13,63.41,-10.47,5,80.0,3,2,66.67,NEGATIVE,10.47,full_test_results.csv
HE0126,1,1,,EPRED,EPRED_AVAILABLE,EPRED_NORMALIZED_MAX_PROB_SIDE,EPRED_NORMALIZED_MAX_PROB,ProbBucket + MarketRole,ProbBucket=75-79.9% | MarketRole=Market Favorite,2,ProbBucket,FAMILY_SELECTED_PROB,USE_FAMILY_SELECTED_PROB,FAMILY_DEPENDENT,DRAT.home_prob|DRAT.away_prob|EPRED.home_prob|EPRED.away_prob|DRAT.moneyline_home|DRAT.moneyline_away|SCHEDULE.home_spread|SCHEDULE.away_spread,NUMERIC_RANGE,0.75,0.8,,0,75-79.9%,MarketRole,SELECTED_MARKET_ROLE,MARKET_ROLE_FOR_FAMILY_SELECTED_SIDE,DRAT|SCHEDULE,DRAT.moneyline_home|DRAT.moneyline_away|SCHEDULE.home_spread|SCHEDULE.away_spread,TEXT_EQUALS,,,Market Favorite,0,Market Favorite,97,75,22,77.32,68.04,84.52,63.41,13.91,5,100.0,4,4,100.0,POSITIVE,13.91,full_test_results.csv
HE0127,1,1,,EPRED,EPRED_AVAILABLE,EPRED_NORMALIZED_MAX_PROB_SIDE,EPRED_NORMALIZED_MAX_PROB,ProbBucket + MarketRole,ProbBucket=80-84.9% | MarketRole=Market Favorite,2,ProbBucket,FAMILY_SELECTED_PROB,USE_FAMILY_SELECTED_PROB,FAMILY_DEPENDENT,DRAT.home_prob|DRAT.away_prob|EPRED.home_prob|EPRED.away_prob|DRAT.moneyline_home|DRAT.moneyline_away|SCHEDULE.home_spread|SCHEDULE.away_spread,NUMERIC_RANGE,0.8,0.85,,0,80-84.9%,MarketRole,SELECTED_MARKET_ROLE,MARKET_ROLE_FOR_FAMILY_SELECTED_SIDE,DRAT|SCHEDULE,DRAT.moneyline_home|DRAT.moneyline_away|SCHEDULE.home_spread|SCHEDULE.away_spread,TEXT_EQUALS,,,Market Favorite,0,Market Favorite,77,63,14,81.82,71.76,88.85,63.41,18.41,5,100.0,3,3,100.0,POSITIVE,18.41,full_test_results.csv
HE0128,1,1,,EPRED,EPRED_AVAILABLE,EPRED_NORMALIZED_MAX_PROB_SIDE,EPRED_NORMALIZED_MAX_PROB,ProbBucket + MarketRole,ProbBucket=<55% | MarketRole=Market Favorite,2,ProbBucket,FAMILY_SELECTED_PROB,USE_FAMILY_SELECTED_PROB,FAMILY_DEPENDENT,DRAT.home_prob|DRAT.away_prob|EPRED.home_prob|EPRED.away_prob|DRAT.moneyline_home|DRAT.moneyline_away|SCHEDULE.home_spread|SCHEDULE.away_spread,NUMERIC_RANGE,,0.55,,0,<55%,MarketRole,SELECTED_MARKET_ROLE,MARKET_ROLE_FOR_FAMILY_SELECTED_SIDE,DRAT|SCHEDULE,DRAT.moneyline_home|DRAT.moneyline_away|SCHEDULE.home_spread|SCHEDULE.away_spread,TEXT_EQUALS,,,Market Favorite,0,Market Favorite,181,105,76,58.01,50.73,64.96,63.41,-5.4,5,80.0,4,3,75.0,NEGATIVE,5.40,full_test_results.csv
HE0129,1,1,,EPRED,EPRED_AVAILABLE,EPRED_NORMALIZED_MAX_PROB_SIDE,EPRED_NORMALIZED_MAX_PROB,ProbBucket + MarketRole,ProbBucket=<55% | MarketRole=Market Underdog,2,ProbBucket,FAMILY_SELECTED_PROB,USE_FAMILY_SELECTED_PROB,FAMILY_DEPENDENT,DRAT.home_prob|DRAT.away_prob|EPRED.home_prob|EPRED.away_prob|DRAT.moneyline_home|DRAT.moneyline_away|SCHEDULE.home_spread|SCHEDULE.away_spread,NUMERIC_RANGE,,0.55,,0,<55%,MarketRole,SELECTED_MARKET_ROLE,MARKET_ROLE_FOR_FAMILY_SELECTED_SIDE,DRAT|SCHEDULE,DRAT.moneyline_home|DRAT.moneyline_away|SCHEDULE.home_spread|SCHEDULE.away_spread,TEXT_EQUALS,,,Market Underdog,0,Market Underdog,107,46,61,42.99,34.01,52.45,63.41,-20.42,5,100.0,4,4,100.0,NEGATIVE,20.42,full_test_results.csv
HE0130,1,1,,EPRED,EPRED_AVAILABLE,EPRED_NORMALIZED_MAX_PROB_SIDE,EPRED_NORMALIZED_MAX_PROB,ProbBucket + SpreadBucket,ProbBucket=55-59.9% | SpreadBucket=Fav -0.5 to -2.5,2,ProbBucket,FAMILY_SELECTED_PROB,USE_FAMILY_SELECTED_PROB,FAMILY_DEPENDENT,DRAT.home_prob|DRAT.away_prob|EPRED.home_prob|EPRED.away_prob|DRAT.moneyline_home|DRAT.moneyline_away|SCHEDULE.home_spread|SCHEDULE.away_spread,NUMERIC_RANGE,0.55,0.6,,0,55-59.9%,SpreadBucket,SELECTED_SPREAD,SPREAD_FOR_FAMILY_SELECTED_SIDE,SCHEDULE,SCHEDULE.home_spread|SCHEDULE.away_spread,NUMERIC_RANGE,-3,0,,0,Fav -0.5 to -2.5,141,80,61,56.74,48.49,64.63,63.41,-6.67,5,100.0,3,3,100.0,NEGATIVE,6.67,full_test_results.csv
HE0131,1,1,,EPRED,EPRED_AVAILABLE,EPRED_NORMALIZED_MAX_PROB_SIDE,EPRED_NORMALIZED_MAX_PROB,ProbBucket + SpreadBucket,ProbBucket=60-64.9% | SpreadBucket=Fav -0.5 to -2.5,2,ProbBucket,FAMILY_SELECTED_PROB,USE_FAMILY_SELECTED_PROB,FAMILY_DEPENDENT,DRAT.home_prob|DRAT.away_prob|EPRED.home_prob|EPRED.away_prob|DRAT.moneyline_home|DRAT.moneyline_away|SCHEDULE.home_spread|SCHEDULE.away_spread,NUMERIC_RANGE,0.6,0.65,,0,60-64.9%,SpreadBucket,SELECTED_SPREAD,SPREAD_FOR_FAMILY_SELECTED_SIDE,SCHEDULE,SCHEDULE.home_spread|SCHEDULE.away_spread,NUMERIC_RANGE,-3,0,,0,Fav -0.5 to -2.5,87,48,39,55.17,44.72,65.18,63.41,-8.24,5,80.0,3,2,66.67,NEGATIVE,8.24,full_test_results.csv
HE0132,1,1,,EPRED,EPRED_AVAILABLE,EPRED_NORMALIZED_MAX_PROB_SIDE,EPRED_NORMALIZED_MAX_PROB,ProbBucket + SpreadBucket,ProbBucket=60-64.9% | SpreadBucket=Fav -4 to -6.5,2,ProbBucket,FAMILY_SELECTED_PROB,USE_FAMILY_SELECTED_PROB,FAMILY_DEPENDENT,DRAT.home_prob|DRAT.away_prob|EPRED.home_prob|EPRED.away_prob|DRAT.moneyline_home|DRAT.moneyline_away|SCHEDULE.home_spread|SCHEDULE.away_spread,NUMERIC_RANGE,0.6,0.65,,0,60-64.9%,SpreadBucket,SELECTED_SPREAD,SPREAD_FOR_FAMILY_SELECTED_SIDE,SCHEDULE,SCHEDULE.home_spread|SCHEDULE.away_spread,NUMERIC_RANGE,-7,-4,,0,Fav -4 to -6.5,86,65,21,75.58,65.54,83.44,63.41,12.17,5,80.0,3,2,66.67,POSITIVE,12.17,full_test_results.csv
HE0133,1,1,,EPRED,EPRED_AVAILABLE,EPRED_NORMALIZED_MAX_PROB_SIDE,EPRED_NORMALIZED_MAX_PROB,ProbBucket + SpreadBucket,ProbBucket=<55% | SpreadBucket=Dog +0.5 to +2.5,2,ProbBucket,FAMILY_SELECTED_PROB,USE_FAMILY_SELECTED_PROB,FAMILY_DEPENDENT,DRAT.home_prob|DRAT.away_prob|EPRED.home_prob|EPRED.away_prob|DRAT.moneyline_home|DRAT.moneyline_away|SCHEDULE.home_spread|SCHEDULE.away_spread,NUMERIC_RANGE,,0.55,,0,<55%,SpreadBucket,SELECTED_SPREAD,SPREAD_FOR_FAMILY_SELECTED_SIDE,SCHEDULE,SCHEDULE.home_spread|SCHEDULE.away_spread,NUMERIC_RANGE,1e-06,3,,0,Dog +0.5 to +2.5,77,34,43,44.16,33.61,55.26,63.41,-19.25,5,100.0,3,3,100.0,NEGATIVE,19.25,full_test_results.csv
HE0134,1,1,,EPRED,EPRED_AVAILABLE,EPRED_NORMALIZED_MAX_PROB_SIDE,EPRED_NORMALIZED_MAX_PROB,ProbBucket + SpreadBucket,ProbBucket=<55% | SpreadBucket=Fav -0.5 to -2.5,2,ProbBucket,FAMILY_SELECTED_PROB,USE_FAMILY_SELECTED_PROB,FAMILY_DEPENDENT,DRAT.home_prob|DRAT.away_prob|EPRED.home_prob|EPRED.away_prob|DRAT.moneyline_home|DRAT.moneyline_away|SCHEDULE.home_spread|SCHEDULE.away_spread,NUMERIC_RANGE,,0.55,,0,<55%,SpreadBucket,SELECTED_SPREAD,SPREAD_FOR_FAMILY_SELECTED_SIDE,SCHEDULE,SCHEDULE.home_spread|SCHEDULE.away_spread,NUMERIC_RANGE,-3,0,,0,Fav -0.5 to -2.5,149,82,67,55.03,47.02,62.79,63.41,-8.38,5,80.0,4,3,75.0,NEGATIVE,8.38,full_test_results.csv
HE0135,1,1,,EPRED,EPRED_AVAILABLE,EPRED_NORMALIZED_MAX_PROB_SIDE,EPRED_NORMALIZED_MAX_PROB,RatingGapBucket + MarketRole,RatingGapBucket=-3 to 0 | MarketRole=Market Favorite,2,RatingGapBucket,SELECTED_EPRED_RATING_GAP,EPRED_RATING_SELECTED_MINUS_OPPONENT,EPRED,EPRED.home_rating|EPRED.away_rating,NUMERIC_RANGE,-3,0,,0,-3 to 0,MarketRole,SELECTED_MARKET_ROLE,MARKET_ROLE_FOR_FAMILY_SELECTED_SIDE,DRAT|SCHEDULE,DRAT.moneyline_home|DRAT.moneyline_away|SCHEDULE.home_spread|SCHEDULE.away_spread,TEXT_EQUALS,,,Market Favorite,0,Market Favorite,92,48,44,52.17,42.09,62.09,63.41,-11.24,5,80.0,4,3,75.0,NEGATIVE,11.24,full_test_results.csv
HE0136,1,1,,EPRED,EPRED_AVAILABLE,EPRED_NORMALIZED_MAX_PROB_SIDE,EPRED_NORMALIZED_MAX_PROB,RatingGapBucket + MarketRole,RatingGapBucket=0 to 2.9 | MarketRole=Market Favorite,2,RatingGapBucket,SELECTED_EPRED_RATING_GAP,EPRED_RATING_SELECTED_MINUS_OPPONENT,EPRED,EPRED.home_rating|EPRED.away_rating,NUMERIC_RANGE,0,3,,0,0 to 2.9,MarketRole,SELECTED_MARKET_ROLE,MARKET_ROLE_FOR_FAMILY_SELECTED_SIDE,DRAT|SCHEDULE,DRAT.moneyline_home|DRAT.moneyline_away|SCHEDULE.home_spread|SCHEDULE.away_spread,TEXT_EQUALS,,,Market Favorite,0,Market Favorite,299,160,139,53.51,47.85,59.08,63.41,-9.9,5,100.0,4,4,100.0,NEGATIVE,9.90,full_test_results.csv
HE0137,1,1,,EPRED,EPRED_AVAILABLE,EPRED_NORMALIZED_MAX_PROB_SIDE,EPRED_NORMALIZED_MAX_PROB,RatingGapBucket + MarketRole,RatingGapBucket=0 to 2.9 | MarketRole=Market Underdog,2,RatingGapBucket,SELECTED_EPRED_RATING_GAP,EPRED_RATING_SELECTED_MINUS_OPPONENT,EPRED,EPRED.home_rating|EPRED.away_rating,NUMERIC_RANGE,0,3,,0,0 to 2.9,MarketRole,SELECTED_MARKET_ROLE,MARKET_ROLE_FOR_FAMILY_SELECTED_SIDE,DRAT|SCHEDULE,DRAT.moneyline_home|DRAT.moneyline_away|SCHEDULE.home_spread|SCHEDULE.away_spread,TEXT_EQUALS,,,Market Underdog,0,Market Underdog,73,31,42,42.47,31.78,53.9,63.41,-20.94,5,100.0,3,3,100.0,NEGATIVE,20.94,full_test_results.csv
HE0138,1,1,,EPRED,EPRED_AVAILABLE,EPRED_NORMALIZED_MAX_PROB_SIDE,EPRED_NORMALIZED_MAX_PROB,RatingGapBucket + MarketRole,RatingGapBucket=10+ | MarketRole=Market Favorite,2,RatingGapBucket,SELECTED_EPRED_RATING_GAP,EPRED_RATING_SELECTED_MINUS_OPPONENT,EPRED,EPRED.home_rating|EPRED.away_rating,NUMERIC_RANGE,10,,,0,10+,MarketRole,SELECTED_MARKET_ROLE,MARKET_ROLE_FOR_FAMILY_SELECTED_SIDE,DRAT|SCHEDULE,DRAT.moneyline_home|DRAT.moneyline_away|SCHEDULE.home_spread|SCHEDULE.away_spread,TEXT_EQUALS,,,Market Favorite,0,Market Favorite,201,162,39,80.6,74.58,85.47,63.41,17.19,5,100.0,4,4,100.0,POSITIVE,17.19,full_test_results.csv
HE0139,1,1,,EPRED,EPRED_AVAILABLE,EPRED_NORMALIZED_MAX_PROB_SIDE,EPRED_NORMALIZED_MAX_PROB,RatingGapBucket + MarketRole,RatingGapBucket=3 to 5.9 | MarketRole=Market Favorite,2,RatingGapBucket,SELECTED_EPRED_RATING_GAP,EPRED_RATING_SELECTED_MINUS_OPPONENT,EPRED,EPRED.home_rating|EPRED.away_rating,NUMERIC_RANGE,3,6,,0,3 to 5.9,MarketRole,SELECTED_MARKET_ROLE,MARKET_ROLE_FOR_FAMILY_SELECTED_SIDE,DRAT|SCHEDULE,DRAT.moneyline_home|DRAT.moneyline_away|SCHEDULE.home_spread|SCHEDULE.away_spread,TEXT_EQUALS,,,Market Favorite,0,Market Favorite,335,235,100,70.15,65.04,74.8,63.41,6.74,5,80.0,4,3,75.0,POSITIVE,6.74,full_test_results.csv
HE0140,1,1,,EPRED,EPRED_AVAILABLE,EPRED_NORMALIZED_MAX_PROB_SIDE,EPRED_NORMALIZED_MAX_PROB,RatingGapBucket + MarketRole,RatingGapBucket=6 to 9.9 | MarketRole=Market Favorite,2,RatingGapBucket,SELECTED_EPRED_RATING_GAP,EPRED_RATING_SELECTED_MINUS_OPPONENT,EPRED,EPRED.home_rating|EPRED.away_rating,NUMERIC_RANGE,6,10,,0,6 to 9.9,MarketRole,SELECTED_MARKET_ROLE,MARKET_ROLE_FOR_FAMILY_SELECTED_SIDE,DRAT|SCHEDULE,DRAT.moneyline_home|DRAT.moneyline_away|SCHEDULE.home_spread|SCHEDULE.away_spread,TEXT_EQUALS,,,Market Favorite,0,Market Favorite,287,218,69,75.96,70.69,80.54,63.41,12.55,5,100.0,4,4,100.0,POSITIVE,12.55,full_test_results.csv
HE0141,1,1,,EPRED,EPRED_AVAILABLE,EPRED_NORMALIZED_MAX_PROB_SIDE,EPRED_NORMALIZED_MAX_PROB,RatingGapBucket + SpreadBucket,RatingGapBucket=-3 to 0 | SpreadBucket=Fav -0.5 to -2.5,2,RatingGapBucket,SELECTED_EPRED_RATING_GAP,EPRED_RATING_SELECTED_MINUS_OPPONENT,EPRED,EPRED.home_rating|EPRED.away_rating,NUMERIC_RANGE,-3,0,,0,-3 to 0,SpreadBucket,SELECTED_SPREAD,SPREAD_FOR_FAMILY_SELECTED_SIDE,SCHEDULE,SCHEDULE.home_spread|SCHEDULE.away_spread,NUMERIC_RANGE,-3,0,,0,Fav -0.5 to -2.5,72,36,36,50.0,38.75,61.25,63.41,-13.41,5,80.0,3,2,66.67,NEGATIVE,13.41,full_test_results.csv
HE0142,1,1,,EPRED,EPRED_AVAILABLE,EPRED_NORMALIZED_MAX_PROB_SIDE,EPRED_NORMALIZED_MAX_PROB,RatingGapBucket + SpreadBucket,RatingGapBucket=0 to 2.9 | SpreadBucket=Dog +0.5 to +2.5,2,RatingGapBucket,SELECTED_EPRED_RATING_GAP,EPRED_RATING_SELECTED_MINUS_OPPONENT,EPRED,EPRED.home_rating|EPRED.away_rating,NUMERIC_RANGE,0,3,,0,0 to 2.9,SpreadBucket,SELECTED_SPREAD,SPREAD_FOR_FAMILY_SELECTED_SIDE,SCHEDULE,SCHEDULE.home_spread|SCHEDULE.away_spread,NUMERIC_RANGE,1e-06,3,,0,Dog +0.5 to +2.5,55,22,33,40.0,28.12,53.19,63.41,-23.41,5,100.0,3,3,100.0,NEGATIVE,23.41,full_test_results.csv
HE0143,1,1,,EPRED,EPRED_AVAILABLE,EPRED_NORMALIZED_MAX_PROB_SIDE,EPRED_NORMALIZED_MAX_PROB,RatingGapBucket + SpreadBucket,RatingGapBucket=0 to 2.9 | SpreadBucket=Fav -0.5 to -2.5,2,RatingGapBucket,SELECTED_EPRED_RATING_GAP,EPRED_RATING_SELECTED_MINUS_OPPONENT,EPRED,EPRED.home_rating|EPRED.away_rating,NUMERIC_RANGE,0,3,,0,0 to 2.9,SpreadBucket,SELECTED_SPREAD,SPREAD_FOR_FAMILY_SELECTED_SIDE,SCHEDULE,SCHEDULE.home_spread|SCHEDULE.away_spread,NUMERIC_RANGE,-3,0,,0,Fav -0.5 to -2.5,172,88,84,51.16,43.75,58.53,63.41,-12.25,5,80.0,4,3,75.0,NEGATIVE,12.25,full_test_results.csv
HE0144,1,1,,EPRED,EPRED_AVAILABLE,EPRED_NORMALIZED_MAX_PROB_SIDE,EPRED_NORMALIZED_MAX_PROB,RatingGapBucket + SpreadBucket,RatingGapBucket=0 to 2.9 | SpreadBucket=Fav -3 to -3.5,2,RatingGapBucket,SELECTED_EPRED_RATING_GAP,EPRED_RATING_SELECTED_MINUS_OPPONENT,EPRED,EPRED.home_rating|EPRED.away_rating,NUMERIC_RANGE,0,3,,0,0 to 2.9,SpreadBucket,SELECTED_SPREAD,SPREAD_FOR_FAMILY_SELECTED_SIDE,SCHEDULE,SCHEDULE.home_spread|SCHEDULE.away_spread,NUMERIC_RANGE,-4,-3,,0,Fav -3 to -3.5,62,32,30,51.61,39.45,63.59,63.41,-11.8,5,80.0,3,2,66.67,NEGATIVE,11.80,full_test_results.csv
HE0145,1,1,,EPRED,EPRED_AVAILABLE,EPRED_NORMALIZED_MAX_PROB_SIDE,EPRED_NORMALIZED_MAX_PROB,RatingGapBucket + SpreadBucket,RatingGapBucket=10+ | SpreadBucket=Fav -10+,2,RatingGapBucket,SELECTED_EPRED_RATING_GAP,EPRED_RATING_SELECTED_MINUS_OPPONENT,EPRED,EPRED.home_rating|EPRED.away_rating,NUMERIC_RANGE,10,,,0,10+,SpreadBucket,SELECTED_SPREAD,SPREAD_FOR_FAMILY_SELECTED_SIDE,SCHEDULE,SCHEDULE.home_spread|SCHEDULE.away_spread,NUMERIC_RANGE,,-10,,0,Fav -10+,93,82,11,88.17,80.05,93.27,63.41,24.76,5,100.0,4,4,100.0,POSITIVE,24.76,full_test_results.csv
HE0146,1,1,,EPRED,EPRED_AVAILABLE,EPRED_NORMALIZED_MAX_PROB_SIDE,EPRED_NORMALIZED_MAX_PROB,RatingGapBucket + SpreadBucket,RatingGapBucket=3 to 5.9 | SpreadBucket=Fav -3 to -3.5,2,RatingGapBucket,SELECTED_EPRED_RATING_GAP,EPRED_RATING_SELECTED_MINUS_OPPONENT,EPRED,EPRED.home_rating|EPRED.away_rating,NUMERIC_RANGE,3,6,,0,3 to 5.9,SpreadBucket,SELECTED_SPREAD,SPREAD_FOR_FAMILY_SELECTED_SIDE,SCHEDULE,SCHEDULE.home_spread|SCHEDULE.away_spread,NUMERIC_RANGE,-4,-3,,0,Fav -3 to -3.5,63,49,14,77.78,66.09,86.28,63.41,14.37,5,80.0,2,2,100.0,POSITIVE,14.37,full_test_results.csv
HE0147,1,1,,EPRED,EPRED_AVAILABLE,EPRED_NORMALIZED_MAX_PROB_SIDE,EPRED_NORMALIZED_MAX_PROB,RatingGapBucket + SpreadBucket,RatingGapBucket=3 to 5.9 | SpreadBucket=Fav -4 to -6.5,2,RatingGapBucket,SELECTED_EPRED_RATING_GAP,EPRED_RATING_SELECTED_MINUS_OPPONENT,EPRED,EPRED.home_rating|EPRED.away_rating,NUMERIC_RANGE,3,6,,0,3 to 5.9,SpreadBucket,SELECTED_SPREAD,SPREAD_FOR_FAMILY_SELECTED_SIDE,SCHEDULE,SCHEDULE.home_spread|SCHEDULE.away_spread,NUMERIC_RANGE,-7,-4,,0,Fav -4 to -6.5,122,89,33,72.95,64.46,80.04,63.41,9.54,5,100.0,4,4,100.0,POSITIVE,9.54,full_test_results.csv
HE0148,1,1,,EPRED,EPRED_AVAILABLE,EPRED_NORMALIZED_MAX_PROB_SIDE,EPRED_NORMALIZED_MAX_PROB,RatingGapBucket + SpreadBucket,RatingGapBucket=6 to 9.9 | SpreadBucket=Fav -4 to -6.5,2,RatingGapBucket,SELECTED_EPRED_RATING_GAP,EPRED_RATING_SELECTED_MINUS_OPPONENT,EPRED,EPRED.home_rating|EPRED.away_rating,NUMERIC_RANGE,6,10,,0,6 to 9.9,SpreadBucket,SELECTED_SPREAD,SPREAD_FOR_FAMILY_SELECTED_SIDE,SCHEDULE,SCHEDULE.home_spread|SCHEDULE.away_spread,NUMERIC_RANGE,-7,-4,,0,Fav -4 to -6.5,115,83,32,72.17,63.37,79.55,63.41,8.76,5,80.0,4,3,75.0,POSITIVE,8.76,full_test_results.csv
HE0149,1,1,,EPRED,EPRED_AVAILABLE,EPRED_NORMALIZED_MAX_PROB_SIDE,EPRED_NORMALIZED_MAX_PROB,RatingGapBucket + SpreadBucket,RatingGapBucket=6 to 9.9 | SpreadBucket=Fav -7 to -9.5,2,RatingGapBucket,SELECTED_EPRED_RATING_GAP,EPRED_RATING_SELECTED_MINUS_OPPONENT,EPRED,EPRED.home_rating|EPRED.away_rating,NUMERIC_RANGE,6,10,,0,6 to 9.9,SpreadBucket,SELECTED_SPREAD,SPREAD_FOR_FAMILY_SELECTED_SIDE,SCHEDULE,SCHEDULE.home_spread|SCHEDULE.away_spread,NUMERIC_RANGE,-10,-7,,0,Fav -7 to -9.5,64,48,16,75.0,63.18,83.99,63.41,11.59,5,80.0,3,2,66.67,POSITIVE,11.59,full_test_results.csv
HE0150,1,1,,EPRED,EPRED_AVAILABLE,EPRED_NORMALIZED_MAX_PROB_SIDE,EPRED_NORMALIZED_MAX_PROB,DratEpredAgreement + MarketRole,DratEpredAgreement=Agree | MarketRole=Market Favorite,2,DratEpredAgreement,DRAT_EPRED_AGREEMENT,COMPARE_DRAT_PICK_TO_EPRED_PICK,DRAT|EPRED,DRAT.home_prob|DRAT.away_prob|EPRED.home_prob|EPRED.away_prob,TEXT_EQUALS,,,Agree,0,Agree,MarketRole,SELECTED_MARKET_ROLE,MARKET_ROLE_FOR_FAMILY_SELECTED_SIDE,DRAT|SCHEDULE,DRAT.moneyline_home|DRAT.moneyline_away|SCHEDULE.home_spread|SCHEDULE.away_spread,TEXT_EQUALS,,,Market Favorite,0,Market Favorite,1177,798,379,67.8,65.08,70.41,63.41,4.39,5,100.0,4,4,100.0,POSITIVE,4.39,full_test_results.csv
HE0151,1,1,,EPRED,EPRED_AVAILABLE,EPRED_NORMALIZED_MAX_PROB_SIDE,EPRED_NORMALIZED_MAX_PROB,DratEpredAgreement + MarketRole,DratEpredAgreement=Agree | MarketRole=Market Underdog,2,DratEpredAgreement,DRAT_EPRED_AGREEMENT,COMPARE_DRAT_PICK_TO_EPRED_PICK,DRAT|EPRED,DRAT.home_prob|DRAT.away_prob|EPRED.home_prob|EPRED.away_prob,TEXT_EQUALS,,,Agree,0,Agree,MarketRole,SELECTED_MARKET_ROLE,MARKET_ROLE_FOR_FAMILY_SELECTED_SIDE,DRAT|SCHEDULE,DRAT.moneyline_home|DRAT.moneyline_away|SCHEDULE.home_spread|SCHEDULE.away_spread,TEXT_EQUALS,,,Market Underdog,0,Market Underdog,55,24,31,43.64,31.37,56.73,63.41,-19.77,5,100.0,3,3,100.0,NEGATIVE,19.77,full_test_results.csv
HE0152,1,1,,EPRED,EPRED_AVAILABLE,EPRED_NORMALIZED_MAX_PROB_SIDE,EPRED_NORMALIZED_MAX_PROB,DratEpredAgreement + MarketRole,DratEpredAgreement=Disagree | MarketRole=Market Favorite,2,DratEpredAgreement,DRAT_EPRED_AGREEMENT,COMPARE_DRAT_PICK_TO_EPRED_PICK,DRAT|EPRED,DRAT.home_prob|DRAT.away_prob|EPRED.home_prob|EPRED.away_prob,TEXT_EQUALS,,,Disagree,0,Disagree,MarketRole,SELECTED_MARKET_ROLE,MARKET_ROLE_FOR_FAMILY_SELECTED_SIDE,DRAT|SCHEDULE,DRAT.moneyline_home|DRAT.moneyline_away|SCHEDULE.home_spread|SCHEDULE.away_spread,TEXT_EQUALS,,,Market Favorite,0,Market Favorite,52,28,24,53.85,40.5,66.66,63.41,-9.56,5,80.0,2,2,100.0,NEGATIVE,9.56,full_test_results.csv
HE0153,1,1,,EPRED,EPRED_AVAILABLE,EPRED_NORMALIZED_MAX_PROB_SIDE,EPRED_NORMALIZED_MAX_PROB,DratEpredAgreement + MarketRole,DratEpredAgreement=Disagree | MarketRole=Market Underdog,2,DratEpredAgreement,DRAT_EPRED_AGREEMENT,COMPARE_DRAT_PICK_TO_EPRED_PICK,DRAT|EPRED,DRAT.home_prob|DRAT.away_prob|EPRED.home_prob|EPRED.away_prob,TEXT_EQUALS,,,Disagree,0,Disagree,MarketRole,SELECTED_MARKET_ROLE,MARKET_ROLE_FOR_FAMILY_SELECTED_SIDE,DRAT|SCHEDULE,DRAT.moneyline_home|DRAT.moneyline_away|SCHEDULE.home_spread|SCHEDULE.away_spread,TEXT_EQUALS,,,Market Underdog,0,Market Underdog,114,38,76,33.33,25.35,42.41,63.41,-30.08,5,100.0,3,3,100.0,NEGATIVE,30.08,full_test_results.csv
HE0154,1,1,,EPRED,EPRED_AVAILABLE,EPRED_NORMALIZED_MAX_PROB_SIDE,EPRED_NORMALIZED_MAX_PROB,DratEpredAgreement + ModelDiffBucket,DratEpredAgreement=Agree | ModelDiffBucket=10-14.9 pts,2,DratEpredAgreement,DRAT_EPRED_AGREEMENT,COMPARE_DRAT_PICK_TO_EPRED_PICK,DRAT|EPRED,DRAT.home_prob|DRAT.away_prob|EPRED.home_prob|EPRED.away_prob,TEXT_EQUALS,,,Agree,0,Agree,ModelDiffBucket,DRAT_EPRED_HOME_PROB_ABS_DIFF_PP,ABS_DRAT_HOME_PROB_MINUS_EPRED_NORMALIZED_HOME_PROB_X100,DRAT|EPRED,DRAT.home_prob|EPRED.home_prob|EPRED.away_prob,NUMERIC_RANGE,10,15,,0,10-14.9 pts,171,121,50,70.76,63.55,77.06,63.41,7.35,5,80.0,4,3,75.0,POSITIVE,7.35,full_test_results.csv
HE0155,1,1,,EPRED,EPRED_AVAILABLE,EPRED_NORMALIZED_MAX_PROB_SIDE,EPRED_NORMALIZED_MAX_PROB,DratEpredAgreement + ModelDiffBucket,DratEpredAgreement=Agree | ModelDiffBucket=15+ pts,2,DratEpredAgreement,DRAT_EPRED_AGREEMENT,COMPARE_DRAT_PICK_TO_EPRED_PICK,DRAT|EPRED,DRAT.home_prob|DRAT.away_prob|EPRED.home_prob|EPRED.away_prob,TEXT_EQUALS,,,Agree,0,Agree,ModelDiffBucket,DRAT_EPRED_HOME_PROB_ABS_DIFF_PP,ABS_DRAT_HOME_PROB_MINUS_EPRED_NORMALIZED_HOME_PROB_X100,DRAT|EPRED,DRAT.home_prob|EPRED.home_prob|EPRED.away_prob,NUMERIC_RANGE,15,,,0,15+ pts,69,54,15,78.26,67.18,86.36,63.41,14.85,5,80.0,3,3,100.0,POSITIVE,14.85,full_test_results.csv
HE0156,1,1,,EPRED,EPRED_AVAILABLE,EPRED_NORMALIZED_MAX_PROB_SIDE,EPRED_NORMALIZED_MAX_PROB,DratEpredAgreement + ModelDiffBucket,DratEpredAgreement=Agree | ModelDiffBucket=6-9.9 pts,2,DratEpredAgreement,DRAT_EPRED_AGREEMENT,COMPARE_DRAT_PICK_TO_EPRED_PICK,DRAT|EPRED,DRAT.home_prob|DRAT.away_prob|EPRED.home_prob|EPRED.away_prob,TEXT_EQUALS,,,Agree,0,Agree,ModelDiffBucket,DRAT_EPRED_HOME_PROB_ABS_DIFF_PP,ABS_DRAT_HOME_PROB_MINUS_EPRED_NORMALIZED_HOME_PROB_X100,DRAT|EPRED,DRAT.home_prob|EPRED.home_prob|EPRED.away_prob,NUMERIC_RANGE,6,10,,0,6-9.9 pts,281,204,77,72.6,67.1,77.48,63.41,9.19,5,100.0,4,4,100.0,POSITIVE,9.19,full_test_results.csv
HE0157,1,1,,EPRED,EPRED_AVAILABLE,EPRED_NORMALIZED_MAX_PROB_SIDE,EPRED_NORMALIZED_MAX_PROB,DratEpredAgreement + ModelDiffBucket,DratEpredAgreement=Agree | ModelDiffBucket=<3 pts,2,DratEpredAgreement,DRAT_EPRED_AGREEMENT,COMPARE_DRAT_PICK_TO_EPRED_PICK,DRAT|EPRED,DRAT.home_prob|DRAT.away_prob|EPRED.home_prob|EPRED.away_prob,TEXT_EQUALS,,,Agree,0,Agree,ModelDiffBucket,DRAT_EPRED_HOME_PROB_ABS_DIFF_PP,ABS_DRAT_HOME_PROB_MINUS_EPRED_NORMALIZED_HOME_PROB_X100,DRAT|EPRED,DRAT.home_prob|EPRED.home_prob|EPRED.away_prob,NUMERIC_RANGE,,3,,0,<3 pts,395,231,164,58.48,53.56,63.24,63.41,-4.93,5,100.0,4,4,100.0,NEGATIVE,4.93,full_test_results.csv
HE0158,1,1,,EPRED,EPRED_AVAILABLE,EPRED_NORMALIZED_MAX_PROB_SIDE,EPRED_NORMALIZED_MAX_PROB,SelectedVsMarket + ProbBucket,SelectedVsMarket=Agree | ProbBucket=75-79.9%,2,SelectedVsMarket,FAMILY_VS_MARKET_AGREEMENT,COMPARE_FAMILY_PICK_TO_MARKET_PICK,DRAT|EPRED|SCHEDULE,DRAT.home_prob|DRAT.away_prob|EPRED.home_prob|EPRED.away_prob|DRAT.moneyline_home|DRAT.moneyline_away|SCHEDULE.home_spread|SCHEDULE.away_spread,TEXT_EQUALS,,,Agree,0,Agree,ProbBucket,FAMILY_SELECTED_PROB,USE_FAMILY_SELECTED_PROB,FAMILY_DEPENDENT,DRAT.home_prob|DRAT.away_prob|EPRED.home_prob|EPRED.away_prob|DRAT.moneyline_home|DRAT.moneyline_away|SCHEDULE.home_spread|SCHEDULE.away_spread,NUMERIC_RANGE,0.75,0.8,,0,75-79.9%,97,75,22,77.32,68.04,84.52,63.41,13.91,5,100.0,4,4,100.0,POSITIVE,13.91,full_test_results.csv
HE0159,1,1,,EPRED,EPRED_AVAILABLE,EPRED_NORMALIZED_MAX_PROB_SIDE,EPRED_NORMALIZED_MAX_PROB,SelectedVsMarket + ProbBucket,SelectedVsMarket=Agree | ProbBucket=80-84.9%,2,SelectedVsMarket,FAMILY_VS_MARKET_AGREEMENT,COMPARE_FAMILY_PICK_TO_MARKET_PICK,DRAT|EPRED|SCHEDULE,DRAT.home_prob|DRAT.away_prob|EPRED.home_prob|EPRED.away_prob|DRAT.moneyline_home|DRAT.moneyline_away|SCHEDULE.home_spread|SCHEDULE.away_spread,TEXT_EQUALS,,,Agree,0,Agree,ProbBucket,FAMILY_SELECTED_PROB,USE_FAMILY_SELECTED_PROB,FAMILY_DEPENDENT,DRAT.home_prob|DRAT.away_prob|EPRED.home_prob|EPRED.away_prob|DRAT.moneyline_home|DRAT.moneyline_away|SCHEDULE.home_spread|SCHEDULE.away_spread,NUMERIC_RANGE,0.8,0.85,,0,80-84.9%,77,63,14,81.82,71.76,88.85,63.41,18.41,5,100.0,3,3,100.0,POSITIVE,18.41,full_test_results.csv
HE0160,1,1,,EPRED,EPRED_AVAILABLE,EPRED_NORMALIZED_MAX_PROB_SIDE,EPRED_NORMALIZED_MAX_PROB,SelectedVsMarket + ProbBucket,SelectedVsMarket=Agree | ProbBucket=<55%,2,SelectedVsMarket,FAMILY_VS_MARKET_AGREEMENT,COMPARE_FAMILY_PICK_TO_MARKET_PICK,DRAT|EPRED|SCHEDULE,DRAT.home_prob|DRAT.away_prob|EPRED.home_prob|EPRED.away_prob|DRAT.moneyline_home|DRAT.moneyline_away|SCHEDULE.home_spread|SCHEDULE.away_spread,TEXT_EQUALS,,,Agree,0,Agree,ProbBucket,FAMILY_SELECTED_PROB,USE_FAMILY_SELECTED_PROB,FAMILY_DEPENDENT,DRAT.home_prob|DRAT.away_prob|EPRED.home_prob|EPRED.away_prob|DRAT.moneyline_home|DRAT.moneyline_away|SCHEDULE.home_spread|SCHEDULE.away_spread,NUMERIC_RANGE,,0.55,,0,<55%,181,105,76,58.01,50.73,64.96,63.41,-5.4,5,80.0,4,3,75.0,NEGATIVE,5.40,full_test_results.csv
HE0161,1,1,,EPRED,EPRED_AVAILABLE,EPRED_NORMALIZED_MAX_PROB_SIDE,EPRED_NORMALIZED_MAX_PROB,SelectedVsMarket + ProbBucket,SelectedVsMarket=Disagree | ProbBucket=<55%,2,SelectedVsMarket,FAMILY_VS_MARKET_AGREEMENT,COMPARE_FAMILY_PICK_TO_MARKET_PICK,DRAT|EPRED|SCHEDULE,DRAT.home_prob|DRAT.away_prob|EPRED.home_prob|EPRED.away_prob|DRAT.moneyline_home|DRAT.moneyline_away|SCHEDULE.home_spread|SCHEDULE.away_spread,TEXT_EQUALS,,,Disagree,0,Disagree,ProbBucket,FAMILY_SELECTED_PROB,USE_FAMILY_SELECTED_PROB,FAMILY_DEPENDENT,DRAT.home_prob|DRAT.away_prob|EPRED.home_prob|EPRED.away_prob|DRAT.moneyline_home|DRAT.moneyline_away|SCHEDULE.home_spread|SCHEDULE.away_spread,NUMERIC_RANGE,,0.55,,0,<55%,108,46,62,42.59,33.68,52.01,63.41,-20.82,5,100.0,4,4,100.0,NEGATIVE,20.82,full_test_results.csv
HE0162,1,1,,EPRED,EPRED_AVAILABLE,EPRED_NORMALIZED_MAX_PROB_SIDE,EPRED_NORMALIZED_MAX_PROB,SelectedVsMarket + RatingGapBucket,SelectedVsMarket=Agree | RatingGapBucket=-3 to 0,2,SelectedVsMarket,FAMILY_VS_MARKET_AGREEMENT,COMPARE_FAMILY_PICK_TO_MARKET_PICK,DRAT|EPRED|SCHEDULE,DRAT.home_prob|DRAT.away_prob|EPRED.home_prob|EPRED.away_prob|DRAT.moneyline_home|DRAT.moneyline_away|SCHEDULE.home_spread|SCHEDULE.away_spread,TEXT_EQUALS,,,Agree,0,Agree,RatingGapBucket,SELECTED_EPRED_RATING_GAP,EPRED_RATING_SELECTED_MINUS_OPPONENT,EPRED,EPRED.home_rating|EPRED.away_rating,NUMERIC_RANGE,-3,0,,0,-3 to 0,93,49,44,52.69,42.64,62.53,63.41,-10.72,5,80.0,4,3,75.0,NEGATIVE,10.72,full_test_results.csv
HE0163,1,1,,EPRED,EPRED_AVAILABLE,EPRED_NORMALIZED_MAX_PROB_SIDE,EPRED_NORMALIZED_MAX_PROB,SelectedVsMarket + RatingGapBucket,SelectedVsMarket=Agree | RatingGapBucket=0 to 2.9,2,SelectedVsMarket,FAMILY_VS_MARKET_AGREEMENT,COMPARE_FAMILY_PICK_TO_MARKET_PICK,DRAT|EPRED|SCHEDULE,DRAT.home_prob|DRAT.away_prob|EPRED.home_prob|EPRED.away_prob|DRAT.moneyline_home|DRAT.moneyline_away|SCHEDULE.home_spread|SCHEDULE.away_spread,TEXT_EQUALS,,,Agree,0,Agree,RatingGapBucket,SELECTED_EPRED_RATING_GAP,EPRED_RATING_SELECTED_MINUS_OPPONENT,EPRED,EPRED.home_rating|EPRED.away_rating,NUMERIC_RANGE,0,3,,0,0 to 2.9,299,160,139,53.51,47.85,59.08,63.41,-9.9,5,100.0,4,4,100.0,NEGATIVE,9.90,full_test_results.csv
HE0164,1,1,,EPRED,EPRED_AVAILABLE,EPRED_NORMALIZED_MAX_PROB_SIDE,EPRED_NORMALIZED_MAX_PROB,SelectedVsMarket + RatingGapBucket,SelectedVsMarket=Agree | RatingGapBucket=10+,2,SelectedVsMarket,FAMILY_VS_MARKET_AGREEMENT,COMPARE_FAMILY_PICK_TO_MARKET_PICK,DRAT|EPRED|SCHEDULE,DRAT.home_prob|DRAT.away_prob|EPRED.home_prob|EPRED.away_prob|DRAT.moneyline_home|DRAT.moneyline_away|SCHEDULE.home_spread|SCHEDULE.away_spread,TEXT_EQUALS,,,Agree,0,Agree,RatingGapBucket,SELECTED_EPRED_RATING_GAP,EPRED_RATING_SELECTED_MINUS_OPPONENT,EPRED,EPRED.home_rating|EPRED.away_rating,NUMERIC_RANGE,10,,,0,10+,201,162,39,80.6,74.58,85.47,63.41,17.19,5,100.0,4,4,100.0,POSITIVE,17.19,full_test_results.csv
HE0165,1,1,,EPRED,EPRED_AVAILABLE,EPRED_NORMALIZED_MAX_PROB_SIDE,EPRED_NORMALIZED_MAX_PROB,SelectedVsMarket + RatingGapBucket,SelectedVsMarket=Agree | RatingGapBucket=3 to 5.9,2,SelectedVsMarket,FAMILY_VS_MARKET_AGREEMENT,COMPARE_FAMILY_PICK_TO_MARKET_PICK,DRAT|EPRED|SCHEDULE,DRAT.home_prob|DRAT.away_prob|EPRED.home_prob|EPRED.away_prob|DRAT.moneyline_home|DRAT.moneyline_away|SCHEDULE.home_spread|SCHEDULE.away_spread,TEXT_EQUALS,,,Agree,0,Agree,RatingGapBucket,SELECTED_EPRED_RATING_GAP,EPRED_RATING_SELECTED_MINUS_OPPONENT,EPRED,EPRED.home_rating|EPRED.away_rating,NUMERIC_RANGE,3,6,,0,3 to 5.9,335,235,100,70.15,65.04,74.8,63.41,6.74,5,80.0,4,3,75.0,POSITIVE,6.74,full_test_results.csv
HE0166,1,1,,EPRED,EPRED_AVAILABLE,EPRED_NORMALIZED_MAX_PROB_SIDE,EPRED_NORMALIZED_MAX_PROB,SelectedVsMarket + RatingGapBucket,SelectedVsMarket=Agree | RatingGapBucket=6 to 9.9,2,SelectedVsMarket,FAMILY_VS_MARKET_AGREEMENT,COMPARE_FAMILY_PICK_TO_MARKET_PICK,DRAT|EPRED|SCHEDULE,DRAT.home_prob|DRAT.away_prob|EPRED.home_prob|EPRED.away_prob|DRAT.moneyline_home|DRAT.moneyline_away|SCHEDULE.home_spread|SCHEDULE.away_spread,TEXT_EQUALS,,,Agree,0,Agree,RatingGapBucket,SELECTED_EPRED_RATING_GAP,EPRED_RATING_SELECTED_MINUS_OPPONENT,EPRED,EPRED.home_rating|EPRED.away_rating,NUMERIC_RANGE,6,10,,0,6 to 9.9,287,218,69,75.96,70.69,80.54,63.41,12.55,5,100.0,4,4,100.0,POSITIVE,12.55,full_test_results.csv
HE0167,1,1,,EPRED,EPRED_AVAILABLE,EPRED_NORMALIZED_MAX_PROB_SIDE,EPRED_NORMALIZED_MAX_PROB,SelectedVsMarket + RatingGapBucket,SelectedVsMarket=Disagree | RatingGapBucket=0 to 2.9,2,SelectedVsMarket,FAMILY_VS_MARKET_AGREEMENT,COMPARE_FAMILY_PICK_TO_MARKET_PICK,DRAT|EPRED|SCHEDULE,DRAT.home_prob|DRAT.away_prob|EPRED.home_prob|EPRED.away_prob|DRAT.moneyline_home|DRAT.moneyline_away|SCHEDULE.home_spread|SCHEDULE.away_spread,TEXT_EQUALS,,,Disagree,0,Disagree,RatingGapBucket,SELECTED_EPRED_RATING_GAP,EPRED_RATING_SELECTED_MINUS_OPPONENT,EPRED,EPRED.home_rating|EPRED.away_rating,NUMERIC_RANGE,0,3,,0,0 to 2.9,75,31,44,41.33,30.88,52.63,63.41,-22.08,5,100.0,3,3,100.0,NEGATIVE,22.08,full_test_results.csv
HE0168,1,1,,EPRED,EPRED_AVAILABLE,EPRED_NORMALIZED_MAX_PROB_SIDE,EPRED_NORMALIZED_MAX_PROB,SelectedVsMarket + ModelMarketEdgeBucket,SelectedVsMarket=Agree | ModelMarketEdgeBucket=-10 to -5 pts,2,SelectedVsMarket,FAMILY_VS_MARKET_AGREEMENT,COMPARE_FAMILY_PICK_TO_MARKET_PICK,DRAT|EPRED|SCHEDULE,DRAT.home_prob|DRAT.away_prob|EPRED.home_prob|EPRED.away_prob|DRAT.moneyline_home|DRAT.moneyline_away|SCHEDULE.home_spread|SCHEDULE.away_spread,TEXT_EQUALS,,,Agree,0,Agree,ModelMarketEdgeBucket,FAMILY_MARKET_EDGE_PP,FAMILY_SELECTED_PROB_MINUS_MARKET_SELECTED_PROB_X100,DRAT|EPRED|SCHEDULE,DRAT.home_prob|DRAT.away_prob|EPRED.home_prob|EPRED.away_prob|DRAT.moneyline_home|DRAT.moneyline_away|SCHEDULE.home_spread|SCHEDULE.away_spread,NUMERIC_RANGE,-10,-5,,0,-10 to -5 pts,301,212,89,70.43,65.05,75.3,63.41,7.02,5,100.0,4,4,100.0,POSITIVE,7.02,full_test_results.csv
HE0169,1,1,,EPRED,EPRED_AVAILABLE,EPRED_NORMALIZED_MAX_PROB_SIDE,EPRED_NORMALIZED_MAX_PROB,SelectedVsMarket + ModelMarketEdgeBucket,SelectedVsMarket=Disagree | ModelMarketEdgeBucket=+10 pts+,2,SelectedVsMarket,FAMILY_VS_MARKET_AGREEMENT,COMPARE_FAMILY_PICK_TO_MARKET_PICK,DRAT|EPRED|SCHEDULE,DRAT.home_prob|DRAT.away_prob|EPRED.home_prob|EPRED.away_prob|DRAT.moneyline_home|DRAT.moneyline_away|SCHEDULE.home_spread|SCHEDULE.away_spread,TEXT_EQUALS,,,Disagree,0,Disagree,ModelMarketEdgeBucket,FAMILY_MARKET_EDGE_PP,FAMILY_SELECTED_PROB_MINUS_MARKET_SELECTED_PROB_X100,DRAT|EPRED|SCHEDULE,DRAT.home_prob|DRAT.away_prob|EPRED.home_prob|EPRED.away_prob|DRAT.moneyline_home|DRAT.moneyline_away|SCHEDULE.home_spread|SCHEDULE.away_spread,NUMERIC_RANGE,10,,,0,+10 pts+,88,23,65,26.14,18.09,36.18,63.41,-37.27,5,100.0,3,3,100.0,NEGATIVE,37.27,full_test_results.csv
HE0170,1,1,,EPRED,EPRED_AVAILABLE,EPRED_NORMALIZED_MAX_PROB_SIDE,EPRED_NORMALIZED_MAX_PROB,SelectedVsMarket + ModelMarketEdgeBucket,SelectedVsMarket=Disagree | ModelMarketEdgeBucket=+5 to +10 pts,2,SelectedVsMarket,FAMILY_VS_MARKET_AGREEMENT,COMPARE_FAMILY_PICK_TO_MARKET_PICK,DRAT|EPRED|SCHEDULE,DRAT.home_prob|DRAT.away_prob|EPRED.home_prob|EPRED.away_prob|DRAT.moneyline_home|DRAT.moneyline_away|SCHEDULE.home_spread|SCHEDULE.away_spread,TEXT_EQUALS,,,Disagree,0,Disagree,ModelMarketEdgeBucket,FAMILY_MARKET_EDGE_PP,FAMILY_SELECTED_PROB_MINUS_MARKET_SELECTED_PROB_X100,DRAT|EPRED|SCHEDULE,DRAT.home_prob|DRAT.away_prob|EPRED.home_prob|EPRED.away_prob|DRAT.moneyline_home|DRAT.moneyline_away|SCHEDULE.home_spread|SCHEDULE.away_spread,NUMERIC_RANGE,5,10,,0,+5 to +10 pts,59,26,33,44.07,32.15,56.71,63.41,-19.34,5,80.0,2,2,100.0,NEGATIVE,19.34,full_test_results.csv
HE0171,1,1,,EPRED,EPRED_AVAILABLE,EPRED_NORMALIZED_MAX_PROB_SIDE,EPRED_NORMALIZED_MAX_PROB,WeekBucket + ProbBucket,WeekBucket=Weeks 1-3 | ProbBucket=55-59.9%,2,WeekBucket,WEEK,RAW_WEEK,SCHEDULE,SCHEDULE.week,NUMERIC_RANGE,1,4,,0,Weeks 1-3,ProbBucket,FAMILY_SELECTED_PROB,USE_FAMILY_SELECTED_PROB,FAMILY_DEPENDENT,DRAT.home_prob|DRAT.away_prob|EPRED.home_prob|EPRED.away_prob|DRAT.moneyline_home|DRAT.moneyline_away|SCHEDULE.home_spread|SCHEDULE.away_spread,NUMERIC_RANGE,0.55,0.6,,0,55-59.9%,64,34,30,53.12,41.07,64.82,63.41,-10.28,5,80.0,3,2,66.67,NEGATIVE,10.28,full_test_results.csv
HE0172,1,1,,EPRED,EPRED_AVAILABLE,EPRED_NORMALIZED_MAX_PROB_SIDE,EPRED_NORMALIZED_MAX_PROB,WeekBucket + ProbBucket,WeekBucket=Weeks 1-3 | ProbBucket=<55%,2,WeekBucket,WEEK,RAW_WEEK,SCHEDULE,SCHEDULE.week,NUMERIC_RANGE,1,4,,0,Weeks 1-3,ProbBucket,FAMILY_SELECTED_PROB,USE_FAMILY_SELECTED_PROB,FAMILY_DEPENDENT,DRAT.home_prob|DRAT.away_prob|EPRED.home_prob|EPRED.away_prob|DRAT.moneyline_home|DRAT.moneyline_away|SCHEDULE.home_spread|SCHEDULE.away_spread,NUMERIC_RANGE,,0.55,,0,<55%,69,34,35,49.28,37.83,60.79,63.41,-14.13,5,80.0,3,2,66.67,NEGATIVE,14.13,full_test_results.csv
HE0173,1,1,,EPRED,EPRED_AVAILABLE,EPRED_NORMALIZED_MAX_PROB_SIDE,EPRED_NORMALIZED_MAX_PROB,WeekBucket + ProbBucket,WeekBucket=Weeks 14+ | ProbBucket=<55%,2,WeekBucket,WEEK,RAW_WEEK,SCHEDULE,SCHEDULE.week,NUMERIC_RANGE,14,,,0,Weeks 14+,ProbBucket,FAMILY_SELECTED_PROB,USE_FAMILY_SELECTED_PROB,FAMILY_DEPENDENT,DRAT.home_prob|DRAT.away_prob|EPRED.home_prob|EPRED.away_prob|DRAT.moneyline_home|DRAT.moneyline_away|SCHEDULE.home_spread|SCHEDULE.away_spread,NUMERIC_RANGE,,0.55,,0,<55%,70,40,30,57.14,45.48,68.06,63.41,-6.27,5,80.0,3,2,66.67,NEGATIVE,6.27,full_test_results.csv
HE0174,1,1,,EPRED,EPRED_AVAILABLE,EPRED_NORMALIZED_MAX_PROB_SIDE,EPRED_NORMALIZED_MAX_PROB,WeekBucket + ProbBucket,WeekBucket=Weeks 4-8 | ProbBucket=60-64.9%,2,WeekBucket,WEEK,RAW_WEEK,SCHEDULE,SCHEDULE.week,NUMERIC_RANGE,4,9,,0,Weeks 4-8,ProbBucket,FAMILY_SELECTED_PROB,USE_FAMILY_SELECTED_PROB,FAMILY_DEPENDENT,DRAT.home_prob|DRAT.away_prob|EPRED.home_prob|EPRED.away_prob|DRAT.moneyline_home|DRAT.moneyline_away|SCHEDULE.home_spread|SCHEDULE.away_spread,NUMERIC_RANGE,0.6,0.65,,0,60-64.9%,72,41,31,56.94,45.44,67.74,63.41,-6.46,5,80.0,3,2,66.67,NEGATIVE,6.46,full_test_results.csv
HE0175,1,1,,EPRED,EPRED_AVAILABLE,EPRED_NORMALIZED_MAX_PROB_SIDE,EPRED_NORMALIZED_MAX_PROB,WeekBucket + ProbBucket,WeekBucket=Weeks 4-8 | ProbBucket=<55%,2,WeekBucket,WEEK,RAW_WEEK,SCHEDULE,SCHEDULE.week,NUMERIC_RANGE,4,9,,0,Weeks 4-8,ProbBucket,FAMILY_SELECTED_PROB,USE_FAMILY_SELECTED_PROB,FAMILY_DEPENDENT,DRAT.home_prob|DRAT.away_prob|EPRED.home_prob|EPRED.away_prob|DRAT.moneyline_home|DRAT.moneyline_away|SCHEDULE.home_spread|SCHEDULE.away_spread,NUMERIC_RANGE,,0.55,,0,<55%,81,38,43,46.91,36.43,57.67,63.41,-16.5,5,100.0,3,3,100.0,NEGATIVE,16.50,full_test_results.csv
HE0176,1,1,,EPRED,EPRED_AVAILABLE,EPRED_NORMALIZED_MAX_PROB_SIDE,EPRED_NORMALIZED_MAX_PROB,WeekBucket + ProbBucket,WeekBucket=Weeks 9-13 | ProbBucket=55-59.9%,2,WeekBucket,WEEK,RAW_WEEK,SCHEDULE,SCHEDULE.week,NUMERIC_RANGE,9,14,,0,Weeks 9-13,ProbBucket,FAMILY_SELECTED_PROB,USE_FAMILY_SELECTED_PROB,FAMILY_DEPENDENT,DRAT.home_prob|DRAT.away_prob|EPRED.home_prob|EPRED.away_prob|DRAT.moneyline_home|DRAT.moneyline_away|SCHEDULE.home_spread|SCHEDULE.away_spread,NUMERIC_RANGE,0.55,0.6,,0,55-59.9%,73,38,35,52.05,40.78,63.12,63.41,-11.35,5,80.0,3,2,66.67,NEGATIVE,11.35,full_test_results.csv
HE0177,1,1,,EPRED,EPRED_AVAILABLE,EPRED_NORMALIZED_MAX_PROB_SIDE,EPRED_NORMALIZED_MAX_PROB,WeekBucket + ProbBucket,WeekBucket=Weeks 9-13 | ProbBucket=60-64.9%,2,WeekBucket,WEEK,RAW_WEEK,SCHEDULE,SCHEDULE.week,NUMERIC_RANGE,9,14,,0,Weeks 9-13,ProbBucket,FAMILY_SELECTED_PROB,USE_FAMILY_SELECTED_PROB,FAMILY_DEPENDENT,DRAT.home_prob|DRAT.away_prob|EPRED.home_prob|EPRED.away_prob|DRAT.moneyline_home|DRAT.moneyline_away|SCHEDULE.home_spread|SCHEDULE.away_spread,NUMERIC_RANGE,0.6,0.65,,0,60-64.9%,63,46,17,73.02,60.97,82.42,63.41,9.61,5,80.0,3,2,66.67,POSITIVE,9.61,full_test_results.csv
HE0178,1,1,,EPRED,EPRED_AVAILABLE,EPRED_NORMALIZED_MAX_PROB_SIDE,EPRED_NORMALIZED_MAX_PROB,MarketRole + OddsTotalBucket,MarketRole=Market Favorite | OddsTotalBucket=44-47.5,2,MarketRole,SELECTED_MARKET_ROLE,MARKET_ROLE_FOR_FAMILY_SELECTED_SIDE,DRAT|SCHEDULE,DRAT.moneyline_home|DRAT.moneyline_away|SCHEDULE.home_spread|SCHEDULE.away_spread,TEXT_EQUALS,,,Market Favorite,0,Market Favorite,OddsTotalBucket,MARKET_TOTAL,RAW_MARKET_TOTAL,SCHEDULE,SCHEDULE.total,NUMERIC_RANGE,44,48,,0,44-47.5,435,297,138,68.28,63.76,72.47,63.41,4.87,5,100.0,4,4,100.0,POSITIVE,4.87,full_test_results.csv
HE0179,1,1,,EPRED,EPRED_AVAILABLE,EPRED_NORMALIZED_MAX_PROB_SIDE,EPRED_NORMALIZED_MAX_PROB,MarketRole + OddsTotalBucket,MarketRole=Market Favorite | OddsTotalBucket=48-51.5,2,MarketRole,SELECTED_MARKET_ROLE,MARKET_ROLE_FOR_FAMILY_SELECTED_SIDE,DRAT|SCHEDULE,DRAT.moneyline_home|DRAT.moneyline_away|SCHEDULE.home_spread|SCHEDULE.away_spread,TEXT_EQUALS,,,Market Favorite,0,Market Favorite,OddsTotalBucket,MARKET_TOTAL,RAW_MARKET_TOTAL,SCHEDULE,SCHEDULE.total,NUMERIC_RANGE,48,52,,0,48-51.5,218,149,69,68.35,61.9,74.16,63.41,4.94,5,80.0,4,3,75.0,POSITIVE,4.94,full_test_results.csv
HE0180,1,1,,EPRED,EPRED_AVAILABLE,EPRED_NORMALIZED_MAX_PROB_SIDE,EPRED_NORMALIZED_MAX_PROB,MarketRole + OddsTotalBucket,MarketRole=Market Underdog | OddsTotalBucket=40-43.5,2,MarketRole,SELECTED_MARKET_ROLE,MARKET_ROLE_FOR_FAMILY_SELECTED_SIDE,DRAT|SCHEDULE,DRAT.moneyline_home|DRAT.moneyline_away|SCHEDULE.home_spread|SCHEDULE.away_spread,TEXT_EQUALS,,,Market Underdog,0,Market Underdog,OddsTotalBucket,MARKET_TOTAL,RAW_MARKET_TOTAL,SCHEDULE,SCHEDULE.total,NUMERIC_RANGE,40,44,,0,40-43.5,50,26,24,52.0,38.51,65.2,63.41,-11.41,5,80.0,3,2,66.67,NEGATIVE,11.41,full_test_results.csv
HE0181,0,0,No current temperature field was supplied. | No current wind_speed field was supplied.,EPRED,EPRED_AVAILABLE,EPRED_NORMALIZED_MAX_PROB_SIDE,EPRED_NORMALIZED_MAX_PROB,TemperatureBucket + WindBucket,TemperatureBucket=50-69F | WindBucket=10-14.9 mph,2,TemperatureBucket,TEMPERATURE,UNAVAILABLE,,,NUMERIC_RANGE,50,70,,0,50-69F,WindBucket,WIND_SPEED,UNAVAILABLE,,,NUMERIC_RANGE,10,15,,0,10-14.9 mph,76,53,23,69.74,58.67,78.91,63.41,6.33,5,80.0,3,2,66.67,POSITIVE,6.33,full_test_results.csv
HE0182,0,0,No current temperature field was supplied. | No current wind_speed field was supplied.,EPRED,EPRED_AVAILABLE,EPRED_NORMALIZED_MAX_PROB_SIDE,EPRED_NORMALIZED_MAX_PROB,TemperatureBucket + WindBucket,TemperatureBucket=70F+ | WindBucket=10-14.9 mph,2,TemperatureBucket,TEMPERATURE,UNAVAILABLE,,,NUMERIC_RANGE,70,,,0,70F+,WindBucket,WIND_SPEED,UNAVAILABLE,,,NUMERIC_RANGE,10,15,,0,10-14.9 mph,53,27,26,50.94,37.88,63.88,63.41,-12.47,5,80.0,2,2,100.0,NEGATIVE,12.47,full_test_results.csv
HE0183,1,1,,MARKET,MARKET_AVAILABLE,MARKET_NOVIG_SIDE_ELSE_SPREAD_SIDE,MARKET_NOVIG_SELECTED_PROB,ProbBucket,ProbBucket=55-59.9%,1,ProbBucket,FAMILY_SELECTED_PROB,USE_FAMILY_SELECTED_PROB,FAMILY_DEPENDENT,DRAT.home_prob|DRAT.away_prob|EPRED.home_prob|EPRED.away_prob|DRAT.moneyline_home|DRAT.moneyline_away|SCHEDULE.home_spread|SCHEDULE.away_spread,NUMERIC_RANGE,0.55,0.6,,0,55-59.9%,,,,,,,,,,,,275,165,110,60.0,54.11,65.61,66.83,-6.83,5,80.0,4,3,75.0,NEGATIVE,6.83,full_test_results.csv
HE0184,1,1,,MARKET,MARKET_AVAILABLE,MARKET_NOVIG_SIDE_ELSE_SPREAD_SIDE,MARKET_NOVIG_SELECTED_PROB,ProbBucket,ProbBucket=60-64.9%,1,ProbBucket,FAMILY_SELECTED_PROB,USE_FAMILY_SELECTED_PROB,FAMILY_DEPENDENT,DRAT.home_prob|DRAT.away_prob|EPRED.home_prob|EPRED.away_prob|DRAT.moneyline_home|DRAT.moneyline_away|SCHEDULE.home_spread|SCHEDULE.away_spread,NUMERIC_RANGE,0.6,0.65,,0,60-64.9%,,,,,,,,,,,,261,159,102,60.92,54.88,66.64,66.83,-5.91,5,80.0,4,3,75.0,NEGATIVE,5.91,full_test_results.csv
HE0185,1,1,,MARKET,MARKET_AVAILABLE,MARKET_NOVIG_SIDE_ELSE_SPREAD_SIDE,MARKET_NOVIG_SELECTED_PROB,ProbBucket,ProbBucket=80-84.9%,1,ProbBucket,FAMILY_SELECTED_PROB,USE_FAMILY_SELECTED_PROB,FAMILY_DEPENDENT,DRAT.home_prob|DRAT.away_prob|EPRED.home_prob|EPRED.away_prob|DRAT.moneyline_home|DRAT.moneyline_away|SCHEDULE.home_spread|SCHEDULE.away_spread,NUMERIC_RANGE,0.8,0.85,,0,80-84.9%,,,,,,,,,,,,90,72,18,80.0,70.59,86.96,66.83,13.17,5,100.0,4,4,100.0,POSITIVE,13.17,full_test_results.csv
HE0186,1,1,,MARKET,MARKET_AVAILABLE,MARKET_NOVIG_SIDE_ELSE_SPREAD_SIDE,MARKET_NOVIG_SELECTED_PROB,ProbBucket,ProbBucket=85-89.9%,1,ProbBucket,FAMILY_SELECTED_PROB,USE_FAMILY_SELECTED_PROB,FAMILY_DEPENDENT,DRAT.home_prob|DRAT.away_prob|EPRED.home_prob|EPRED.away_prob|DRAT.moneyline_home|DRAT.moneyline_away|SCHEDULE.home_spread|SCHEDULE.away_spread,NUMERIC_RANGE,0.85,0.9,,0,85-89.9%,,,,,,,,,,,,67,62,5,92.54,83.69,96.77,66.83,25.7,5,100.0,3,3,100.0,POSITIVE,25.70,full_test_results.csv
HE0187,1,1,,MARKET,MARKET_AVAILABLE,MARKET_NOVIG_SIDE_ELSE_SPREAD_SIDE,MARKET_NOVIG_SELECTED_PROB,ProbBucket,ProbBucket=<55%,1,ProbBucket,FAMILY_SELECTED_PROB,USE_FAMILY_SELECTED_PROB,FAMILY_DEPENDENT,DRAT.home_prob|DRAT.away_prob|EPRED.home_prob|EPRED.away_prob|DRAT.moneyline_home|DRAT.moneyline_away|SCHEDULE.home_spread|SCHEDULE.away_spread,NUMERIC_RANGE,,0.55,,0,<55%,,,,,,,,,,,,166,90,76,54.22,46.63,61.62,66.83,-12.62,5,100.0,4,4,100.0,NEGATIVE,12.62,full_test_results.csv
HE0188,1,1,,MARKET,MARKET_AVAILABLE,MARKET_NOVIG_SIDE_ELSE_SPREAD_SIDE,MARKET_NOVIG_SELECTED_PROB,SpreadBucket,SpreadBucket=Fav -0.5 to -2.5,1,SpreadBucket,SELECTED_SPREAD,SPREAD_FOR_FAMILY_SELECTED_SIDE,SCHEDULE,SCHEDULE.home_spread|SCHEDULE.away_spread,NUMERIC_RANGE,-3,0,,0,Fav -0.5 to -2.5,,,,,,,,,,,,553,319,234,57.69,53.53,61.74,66.83,-9.15,5,100.0,4,4,100.0,NEGATIVE,9.15,full_test_results.csv
HE0189,1,1,,MARKET,MARKET_AVAILABLE,MARKET_NOVIG_SIDE_ELSE_SPREAD_SIDE,MARKET_NOVIG_SELECTED_PROB,SpreadBucket,SpreadBucket=Fav -10+,1,SpreadBucket,SELECTED_SPREAD,SPREAD_FOR_FAMILY_SELECTED_SIDE,SCHEDULE,SCHEDULE.home_spread|SCHEDULE.away_spread,NUMERIC_RANGE,,-10,,0,Fav -10+,,,,,,,,,,,,130,115,15,88.46,81.83,92.88,66.83,21.63,5,100.0,4,4,100.0,POSITIVE,21.63,full_test_results.csv
HE0190,1,1,,MARKET,MARKET_AVAILABLE,MARKET_NOVIG_SIDE_ELSE_SPREAD_SIDE,MARKET_NOVIG_SELECTED_PROB,RatingGapBucket,RatingGapBucket=-3 to 0,1,RatingGapBucket,SELECTED_EPRED_RATING_GAP,EPRED_RATING_SELECTED_MINUS_OPPONENT,EPRED,EPRED.home_rating|EPRED.away_rating,NUMERIC_RANGE,-3,0,,0,-3 to 0,,,,,,,,,,,,168,93,75,55.36,47.8,62.67,66.83,-11.48,5,100.0,4,4,100.0,NEGATIVE,11.48,full_test_results.csv
HE0191,1,1,,MARKET,MARKET_AVAILABLE,MARKET_NOVIG_SIDE_ELSE_SPREAD_SIDE,MARKET_NOVIG_SELECTED_PROB,RatingGapBucket,RatingGapBucket=-6 to -3,1,RatingGapBucket,SELECTED_EPRED_RATING_GAP,EPRED_RATING_SELECTED_MINUS_OPPONENT,EPRED,EPRED.home_rating|EPRED.away_rating,NUMERIC_RANGE,-6,-3,,0,-6 to -3,,,,,,,,,,,,51,27,24,52.94,39.52,65.95,66.83,-13.89,5,80.0,3,3,100.0,NEGATIVE,13.89,full_test_results.csv
HE0192,1,1,,MARKET,MARKET_AVAILABLE,MARKET_NOVIG_SIDE_ELSE_SPREAD_SIDE,MARKET_NOVIG_SELECTED_PROB,RatingGapBucket,RatingGapBucket=0 to 2.9,1,RatingGapBucket,SELECTED_EPRED_RATING_GAP,EPRED_RATING_SELECTED_MINUS_OPPONENT,EPRED,EPRED.home_rating|EPRED.away_rating,NUMERIC_RANGE,0,3,,0,0 to 2.9,,,,,,,,,,,,340,187,153,55.0,49.69,60.2,66.83,-11.83,5,100.0,4,4,100.0,NEGATIVE,11.83,full_test_results.csv
HE0193,1,1,,MARKET,MARKET_AVAILABLE,MARKET_NOVIG_SIDE_ELSE_SPREAD_SIDE,MARKET_NOVIG_SELECTED_PROB,RatingGapBucket,RatingGapBucket=10+,1,RatingGapBucket,SELECTED_EPRED_RATING_GAP,EPRED_RATING_SELECTED_MINUS_OPPONENT,EPRED,EPRED.home_rating|EPRED.away_rating,NUMERIC_RANGE,10,,,0,10+,,,,,,,,,,,,201,162,39,80.6,74.58,85.47,66.83,13.76,5,100.0,4,4,100.0,POSITIVE,13.76,full_test_results.csv
HE0194,1,1,,MARKET,MARKET_AVAILABLE,MARKET_NOVIG_SIDE_ELSE_SPREAD_SIDE,MARKET_NOVIG_SELECTED_PROB,RatingGapBucket,RatingGapBucket=6 to 9.9,1,RatingGapBucket,SELECTED_EPRED_RATING_GAP,EPRED_RATING_SELECTED_MINUS_OPPONENT,EPRED,EPRED.home_rating|EPRED.away_rating,NUMERIC_RANGE,6,10,,0,6 to 9.9,,,,,,,,,,,,289,220,69,76.12,70.89,80.68,66.83,9.29,5,80.0,4,3,75.0,POSITIVE,9.29,full_test_results.csv
HE0195,1,1,,MARKET,MARKET_AVAILABLE,MARKET_NOVIG_SIDE_ELSE_SPREAD_SIDE,MARKET_NOVIG_SELECTED_PROB,MatchupBucket,MatchupBucket=25-49.9,1,MatchupBucket,EPRED_MATCHUP_QUALITY,RAW_EPRED_MATCHUP_QUALITY,EPRED,EPRED.matchupQuality,NUMERIC_RANGE,25,50,,0,25-49.9,,,,,,,,,,,,467,331,136,70.88,66.6,74.81,66.83,4.04,5,80.0,4,3,75.0,POSITIVE,4.04,full_test_results.csv
HE0196,1,1,,MARKET,MARKET_AVAILABLE,MARKET_NOVIG_SIDE_ELSE_SPREAD_SIDE,MARKET_NOVIG_SELECTED_PROB,MatchupBucket,MatchupBucket=<25,1,MatchupBucket,EPRED_MATCHUP_QUALITY,RAW_EPRED_MATCHUP_QUALITY,EPRED,EPRED.matchupQuality,NUMERIC_RANGE,,25,,0,<25,,,,,,,,,,,,166,99,67,59.64,52.04,66.8,66.83,-7.19,5,80.0,4,3,75.0,NEGATIVE,7.19,full_test_results.csv
HE0197,1,1,,MARKET,MARKET_AVAILABLE,MARKET_NOVIG_SIDE_ELSE_SPREAD_SIDE,MARKET_NOVIG_SELECTED_PROB,WeekBucket,WeekBucket=Weeks 1-3,1,WeekBucket,WEEK,RAW_WEEK,SCHEDULE,SCHEDULE.week,NUMERIC_RANGE,1,4,,0,Weeks 1-3,,,,,,,,,,,,295,185,110,62.71,57.06,68.03,66.83,-4.12,5,80.0,4,3,75.0,NEGATIVE,4.12,full_test_results.csv
HE0198,0,0,No current wind_speed field was supplied.,MARKET,MARKET_AVAILABLE,MARKET_NOVIG_SIDE_ELSE_SPREAD_SIDE,MARKET_NOVIG_SELECTED_PROB,WindBucket,WindBucket=15-19.9 mph,1,WindBucket,WIND_SPEED,UNAVAILABLE,,,NUMERIC_RANGE,15,20,,0,15-19.9 mph,,,,,,,,,,,,62,47,15,75.81,63.85,84.75,66.83,8.97,5,80.0,2,2,100.0,POSITIVE,8.97,full_test_results.csv
HE0199,0,0,No current temperature field was supplied.,MARKET,MARKET_AVAILABLE,MARKET_NOVIG_SIDE_ELSE_SPREAD_SIDE,MARKET_NOVIG_SELECTED_PROB,TemperatureBucket,TemperatureBucket=70F+,1,TemperatureBucket,TEMPERATURE,UNAVAILABLE,,,NUMERIC_RANGE,70,,,0,70F+,,,,,,,,,,,,290,179,111,61.72,56.01,67.13,66.83,-5.11,5,80.0,4,3,75.0,NEGATIVE,5.11,full_test_results.csv
HE0200,1,1,,MARKET,MARKET_AVAILABLE,MARKET_NOVIG_SIDE_ELSE_SPREAD_SIDE,MARKET_NOVIG_SELECTED_PROB,DratEpredAgreement,DratEpredAgreement=Disagree,1,DratEpredAgreement,DRAT_EPRED_AGREEMENT,COMPARE_DRAT_PICK_TO_EPRED_PICK,DRAT|EPRED,DRAT.home_prob|DRAT.away_prob|EPRED.home_prob|EPRED.away_prob,TEXT_EQUALS,,,Disagree,0,Disagree,,,,,,,,,,,,168,106,62,63.1,55.58,70.02,66.83,-3.74,5,80.0,4,3,75.0,NEGATIVE,3.74,full_test_results.csv
HE0201,1,1,,MARKET,MARKET_AVAILABLE,MARKET_NOVIG_SIDE_ELSE_SPREAD_SIDE,MARKET_NOVIG_SELECTED_PROB,ModelDiffBucket,ModelDiffBucket=15+ pts,1,ModelDiffBucket,DRAT_EPRED_HOME_PROB_ABS_DIFF_PP,ABS_DRAT_HOME_PROB_MINUS_EPRED_NORMALIZED_HOME_PROB_X100,DRAT|EPRED,DRAT.home_prob|EPRED.home_prob|EPRED.away_prob,NUMERIC_RANGE,15,,,0,15+ pts,,,,,,,,,,,,107,80,27,74.77,65.78,82.04,66.83,7.93,5,80.0,3,3,100.0,POSITIVE,7.93,full_test_results.csv
HE0202,1,1,,MARKET,MARKET_AVAILABLE,MARKET_NOVIG_SIDE_ELSE_SPREAD_SIDE,MARKET_NOVIG_SELECTED_PROB,ModelDiffBucket,ModelDiffBucket=6-9.9 pts,1,ModelDiffBucket,DRAT_EPRED_HOME_PROB_ABS_DIFF_PP,ABS_DRAT_HOME_PROB_MINUS_EPRED_NORMALIZED_HOME_PROB_X100,DRAT|EPRED,DRAT.home_prob|EPRED.home_prob|EPRED.away_prob,NUMERIC_RANGE,6,10,,0,6-9.9 pts,,,,,,,,,,,,326,230,96,70.55,65.39,75.24,66.83,3.72,5,80.0,4,3,75.0,POSITIVE,3.72,full_test_results.csv
HE0203,1,1,,MARKET,MARKET_AVAILABLE,MARKET_NOVIG_SIDE_ELSE_SPREAD_SIDE,MARKET_NOVIG_SELECTED_PROB,ModelDiffBucket,ModelDiffBucket=<3 pts,1,ModelDiffBucket,DRAT_EPRED_HOME_PROB_ABS_DIFF_PP,ABS_DRAT_HOME_PROB_MINUS_EPRED_NORMALIZED_HOME_PROB_X100,DRAT|EPRED,DRAT.home_prob|EPRED.home_prob|EPRED.away_prob,NUMERIC_RANGE,,3,,0,<3 pts,,,,,,,,,,,,407,247,160,60.69,55.86,65.31,66.83,-6.15,5,80.0,4,3,75.0,NEGATIVE,6.15,full_test_results.csv
HE0204,1,1,,MARKET,MARKET_AVAILABLE,MARKET_NOVIG_SIDE_ELSE_SPREAD_SIDE,MARKET_NOVIG_SELECTED_PROB,ProbBucket + RatingGapBucket,ProbBucket=55-59.9% | RatingGapBucket=-3 to 0,2,ProbBucket,FAMILY_SELECTED_PROB,USE_FAMILY_SELECTED_PROB,FAMILY_DEPENDENT,DRAT.home_prob|DRAT.away_prob|EPRED.home_prob|EPRED.away_prob|DRAT.moneyline_home|DRAT.moneyline_away|SCHEDULE.home_spread|SCHEDULE.away_spread,NUMERIC_RANGE,0.55,0.6,,0,55-59.9%,RatingGapBucket,SELECTED_EPRED_RATING_GAP,EPRED_RATING_SELECTED_MINUS_OPPONENT,EPRED,EPRED.home_rating|EPRED.away_rating,NUMERIC_RANGE,-3,0,,0,-3 to 0,69,37,32,53.62,41.98,64.89,66.83,-13.21,5,80.0,3,3,100.0,NEGATIVE,13.21,full_test_results.csv
HE0205,1,1,,MARKET,MARKET_AVAILABLE,MARKET_NOVIG_SIDE_ELSE_SPREAD_SIDE,MARKET_NOVIG_SELECTED_PROB,ProbBucket + RatingGapBucket,ProbBucket=70-74.9% | RatingGapBucket=3 to 5.9,2,ProbBucket,FAMILY_SELECTED_PROB,USE_FAMILY_SELECTED_PROB,FAMILY_DEPENDENT,DRAT.home_prob|DRAT.away_prob|EPRED.home_prob|EPRED.away_prob|DRAT.moneyline_home|DRAT.moneyline_away|SCHEDULE.home_spread|SCHEDULE.away_spread,NUMERIC_RANGE,0.7,0.75,,0,70-74.9%,RatingGapBucket,SELECTED_EPRED_RATING_GAP,EPRED_RATING_SELECTED_MINUS_OPPONENT,EPRED,EPRED.home_rating|EPRED.away_rating,NUMERIC_RANGE,3,6,,0,3 to 5.9,59,44,15,74.58,62.2,83.94,66.83,7.74,5,80.0,2,2,100.0,POSITIVE,7.74,full_test_results.csv
HE0206,1,1,,MARKET,MARKET_AVAILABLE,MARKET_NOVIG_SIDE_ELSE_SPREAD_SIDE,MARKET_NOVIG_SELECTED_PROB,ProbBucket + RatingGapBucket,ProbBucket=75-79.9% | RatingGapBucket=6 to 9.9,2,ProbBucket,FAMILY_SELECTED_PROB,USE_FAMILY_SELECTED_PROB,FAMILY_DEPENDENT,DRAT.home_prob|DRAT.away_prob|EPRED.home_prob|EPRED.away_prob|DRAT.moneyline_home|DRAT.moneyline_away|SCHEDULE.home_spread|SCHEDULE.away_spread,NUMERIC_RANGE,0.75,0.8,,0,75-79.9%,RatingGapBucket,SELECTED_EPRED_RATING_GAP,EPRED_RATING_SELECTED_MINUS_OPPONENT,EPRED,EPRED.home_rating|EPRED.away_rating,NUMERIC_RANGE,6,10,,0,6 to 9.9,66,49,17,74.24,62.57,83.25,66.83,7.41,5,80.0,3,2,66.67,POSITIVE,7.41,full_test_results.csv
HE0207,1,1,,MARKET,MARKET_AVAILABLE,MARKET_NOVIG_SIDE_ELSE_SPREAD_SIDE,MARKET_NOVIG_SELECTED_PROB,ProbBucket + RatingGapBucket,ProbBucket=85-89.9% | RatingGapBucket=10+,2,ProbBucket,FAMILY_SELECTED_PROB,USE_FAMILY_SELECTED_PROB,FAMILY_DEPENDENT,DRAT.home_prob|DRAT.away_prob|EPRED.home_prob|EPRED.away_prob|DRAT.moneyline_home|DRAT.moneyline_away|SCHEDULE.home_spread|SCHEDULE.away_spread,NUMERIC_RANGE,0.85,0.9,,0,85-89.9%,RatingGapBucket,SELECTED_EPRED_RATING_GAP,EPRED_RATING_SELECTED_MINUS_OPPONENT,EPRED,EPRED.home_rating|EPRED.away_rating,NUMERIC_RANGE,10,,,0,10+,50,46,4,92.0,81.16,96.85,66.83,25.17,4,100.0,2,2,100.0,POSITIVE,25.17,full_test_results.csv
HE0208,1,1,,MARKET,MARKET_AVAILABLE,MARKET_NOVIG_SIDE_ELSE_SPREAD_SIDE,MARKET_NOVIG_SELECTED_PROB,ProbBucket + RatingGapBucket,ProbBucket=<55% | RatingGapBucket=0 to 2.9,2,ProbBucket,FAMILY_SELECTED_PROB,USE_FAMILY_SELECTED_PROB,FAMILY_DEPENDENT,DRAT.home_prob|DRAT.away_prob|EPRED.home_prob|EPRED.away_prob|DRAT.moneyline_home|DRAT.moneyline_away|SCHEDULE.home_spread|SCHEDULE.away_spread,NUMERIC_RANGE,,0.55,,0,<55%,RatingGapBucket,SELECTED_EPRED_RATING_GAP,EPRED_RATING_SELECTED_MINUS_OPPONENT,EPRED,EPRED.home_rating|EPRED.away_rating,NUMERIC_RANGE,0,3,,0,0 to 2.9,55,24,31,43.64,31.37,56.73,66.83,-23.2,5,80.0,2,2,100.0,NEGATIVE,23.20,full_test_results.csv
HE0209,1,1,,MARKET,MARKET_AVAILABLE,MARKET_NOVIG_SIDE_ELSE_SPREAD_SIDE,MARKET_NOVIG_SELECTED_PROB,ProbBucket + MarketRole,ProbBucket=55-59.9% | MarketRole=Market Favorite,2,ProbBucket,FAMILY_SELECTED_PROB,USE_FAMILY_SELECTED_PROB,FAMILY_DEPENDENT,DRAT.home_prob|DRAT.away_prob|EPRED.home_prob|EPRED.away_prob|DRAT.moneyline_home|DRAT.moneyline_away|SCHEDULE.home_spread|SCHEDULE.away_spread,NUMERIC_RANGE,0.55,0.6,,0,55-59.9%,MarketRole,SELECTED_MARKET_ROLE,MARKET_ROLE_FOR_FAMILY_SELECTED_SIDE,DRAT|SCHEDULE,DRAT.moneyline_home|DRAT.moneyline_away|SCHEDULE.home_spread|SCHEDULE.away_spread,TEXT_EQUALS,,,Market Favorite,0,Market Favorite,275,165,110,60.0,54.11,65.61,66.83,-6.83,5,80.0,4,3,75.0,NEGATIVE,6.83,full_test_results.csv
HE0210,1,1,,MARKET,MARKET_AVAILABLE,MARKET_NOVIG_SIDE_ELSE_SPREAD_SIDE,MARKET_NOVIG_SELECTED_PROB,ProbBucket + MarketRole,ProbBucket=60-64.9% | MarketRole=Market Favorite,2,ProbBucket,FAMILY_SELECTED_PROB,USE_FAMILY_SELECTED_PROB,FAMILY_DEPENDENT,DRAT.home_prob|DRAT.away_prob|EPRED.home_prob|EPRED.away_prob|DRAT.moneyline_home|DRAT.moneyline_away|SCHEDULE.home_spread|SCHEDULE.away_spread,NUMERIC_RANGE,0.6,0.65,,0,60-64.9%,MarketRole,SELECTED_MARKET_ROLE,MARKET_ROLE_FOR_FAMILY_SELECTED_SIDE,DRAT|SCHEDULE,DRAT.moneyline_home|DRAT.moneyline_away|SCHEDULE.home_spread|SCHEDULE.away_spread,TEXT_EQUALS,,,Market Favorite,0,Market Favorite,261,159,102,60.92,54.88,66.64,66.83,-5.91,5,80.0,4,3,75.0,NEGATIVE,5.91,full_test_results.csv
HE0211,1,1,,MARKET,MARKET_AVAILABLE,MARKET_NOVIG_SIDE_ELSE_SPREAD_SIDE,MARKET_NOVIG_SELECTED_PROB,ProbBucket + MarketRole,ProbBucket=80-84.9% | MarketRole=Market Favorite,2,ProbBucket,FAMILY_SELECTED_PROB,USE_FAMILY_SELECTED_PROB,FAMILY_DEPENDENT,DRAT.home_prob|DRAT.away_prob|EPRED.home_prob|EPRED.away_prob|DRAT.moneyline_home|DRAT.moneyline_away|SCHEDULE.home_spread|SCHEDULE.away_spread,NUMERIC_RANGE,0.8,0.85,,0,80-84.9%,MarketRole,SELECTED_MARKET_ROLE,MARKET_ROLE_FOR_FAMILY_SELECTED_SIDE,DRAT|SCHEDULE,DRAT.moneyline_home|DRAT.moneyline_away|SCHEDULE.home_spread|SCHEDULE.away_spread,TEXT_EQUALS,,,Market Favorite,0,Market Favorite,90,72,18,80.0,70.59,86.96,66.83,13.17,5,100.0,4,4,100.0,POSITIVE,13.17,full_test_results.csv
HE0212,1,1,,MARKET,MARKET_AVAILABLE,MARKET_NOVIG_SIDE_ELSE_SPREAD_SIDE,MARKET_NOVIG_SELECTED_PROB,ProbBucket + MarketRole,ProbBucket=85-89.9% | MarketRole=Market Favorite,2,ProbBucket,FAMILY_SELECTED_PROB,USE_FAMILY_SELECTED_PROB,FAMILY_DEPENDENT,DRAT.home_prob|DRAT.away_prob|EPRED.home_prob|EPRED.away_prob|DRAT.moneyline_home|DRAT.moneyline_away|SCHEDULE.home_spread|SCHEDULE.away_spread,NUMERIC_RANGE,0.85,0.9,,0,85-89.9%,MarketRole,SELECTED_MARKET_ROLE,MARKET_ROLE_FOR_FAMILY_SELECTED_SIDE,DRAT|SCHEDULE,DRAT.moneyline_home|DRAT.moneyline_away|SCHEDULE.home_spread|SCHEDULE.away_spread,TEXT_EQUALS,,,Market Favorite,0,Market Favorite,67,62,5,92.54,83.69,96.77,66.83,25.7,5,100.0,3,3,100.0,POSITIVE,25.70,full_test_results.csv
HE0213,1,1,,MARKET,MARKET_AVAILABLE,MARKET_NOVIG_SIDE_ELSE_SPREAD_SIDE,MARKET_NOVIG_SELECTED_PROB,ProbBucket + MarketRole,ProbBucket=<55% | MarketRole=Market Favorite,2,ProbBucket,FAMILY_SELECTED_PROB,USE_FAMILY_SELECTED_PROB,FAMILY_DEPENDENT,DRAT.home_prob|DRAT.away_prob|EPRED.home_prob|EPRED.away_prob|DRAT.moneyline_home|DRAT.moneyline_away|SCHEDULE.home_spread|SCHEDULE.away_spread,NUMERIC_RANGE,,0.55,,0,<55%,MarketRole,SELECTED_MARKET_ROLE,MARKET_ROLE_FOR_FAMILY_SELECTED_SIDE,DRAT|SCHEDULE,DRAT.moneyline_home|DRAT.moneyline_away|SCHEDULE.home_spread|SCHEDULE.away_spread,TEXT_EQUALS,,,Market Favorite,0,Market Favorite,162,86,76,53.09,45.42,60.61,66.83,-13.75,5,100.0,4,4,100.0,NEGATIVE,13.75,full_test_results.csv
HE0214,1,1,,MARKET,MARKET_AVAILABLE,MARKET_NOVIG_SIDE_ELSE_SPREAD_SIDE,MARKET_NOVIG_SELECTED_PROB,ProbBucket + SpreadBucket,ProbBucket=55-59.9% | SpreadBucket=Fav -0.5 to -2.5,2,ProbBucket,FAMILY_SELECTED_PROB,USE_FAMILY_SELECTED_PROB,FAMILY_DEPENDENT,DRAT.home_prob|DRAT.away_prob|EPRED.home_prob|EPRED.away_prob|DRAT.moneyline_home|DRAT.moneyline_away|SCHEDULE.home_spread|SCHEDULE.away_spread,NUMERIC_RANGE,0.55,0.6,,0,55-59.9%,SpreadBucket,SELECTED_SPREAD,SPREAD_FOR_FAMILY_SELECTED_SIDE,SCHEDULE,SCHEDULE.home_spread|SCHEDULE.away_spread,NUMERIC_RANGE,-3,0,,0,Fav -0.5 to -2.5,275,165,110,60.0,54.11,65.61,66.83,-6.83,5,80.0,4,3,75.0,NEGATIVE,6.83,full_test_results.csv
HE0215,1,1,,MARKET,MARKET_AVAILABLE,MARKET_NOVIG_SIDE_ELSE_SPREAD_SIDE,MARKET_NOVIG_SELECTED_PROB,ProbBucket + SpreadBucket,ProbBucket=85-89.9% | SpreadBucket=Fav -10+,2,ProbBucket,FAMILY_SELECTED_PROB,USE_FAMILY_SELECTED_PROB,FAMILY_DEPENDENT,DRAT.home_prob|DRAT.away_prob|EPRED.home_prob|EPRED.away_prob|DRAT.moneyline_home|DRAT.moneyline_away|SCHEDULE.home_spread|SCHEDULE.away_spread,NUMERIC_RANGE,0.85,0.9,,0,85-89.9%,SpreadBucket,SELECTED_SPREAD,SPREAD_FOR_FAMILY_SELECTED_SIDE,SCHEDULE,SCHEDULE.home_spread|SCHEDULE.away_spread,NUMERIC_RANGE,,-10,,0,Fav -10+,67,62,5,92.54,83.69,96.77,66.83,25.7,5,100.0,3,3,100.0,POSITIVE,25.70,full_test_results.csv
HE0216,1,1,,MARKET,MARKET_AVAILABLE,MARKET_NOVIG_SIDE_ELSE_SPREAD_SIDE,MARKET_NOVIG_SELECTED_PROB,ProbBucket + SpreadBucket,ProbBucket=<55% | SpreadBucket=Fav -0.5 to -2.5,2,ProbBucket,FAMILY_SELECTED_PROB,USE_FAMILY_SELECTED_PROB,FAMILY_DEPENDENT,DRAT.home_prob|DRAT.away_prob|EPRED.home_prob|EPRED.away_prob|DRAT.moneyline_home|DRAT.moneyline_away|SCHEDULE.home_spread|SCHEDULE.away_spread,NUMERIC_RANGE,,0.55,,0,<55%,SpreadBucket,SELECTED_SPREAD,SPREAD_FOR_FAMILY_SELECTED_SIDE,SCHEDULE,SCHEDULE.home_spread|SCHEDULE.away_spread,NUMERIC_RANGE,-3,0,,0,Fav -0.5 to -2.5,152,80,72,52.63,44.73,60.41,66.83,-14.2,5,100.0,4,4,100.0,NEGATIVE,14.20,full_test_results.csv
HE0217,1,1,,MARKET,MARKET_AVAILABLE,MARKET_NOVIG_SIDE_ELSE_SPREAD_SIDE,MARKET_NOVIG_SELECTED_PROB,RatingGapBucket + MarketRole,RatingGapBucket=-3 to 0 | MarketRole=Market Favorite,2,RatingGapBucket,SELECTED_EPRED_RATING_GAP,EPRED_RATING_SELECTED_MINUS_OPPONENT,EPRED,EPRED.home_rating|EPRED.away_rating,NUMERIC_RANGE,-3,0,,0,-3 to 0,MarketRole,SELECTED_MARKET_ROLE,MARKET_ROLE_FOR_FAMILY_SELECTED_SIDE,DRAT|SCHEDULE,DRAT.moneyline_home|DRAT.moneyline_away|SCHEDULE.home_spread|SCHEDULE.away_spread,TEXT_EQUALS,,,Market Favorite,0,Market Favorite,165,90,75,54.55,46.93,61.95,66.83,-12.29,5,100.0,4,4,100.0,NEGATIVE,12.29,full_test_results.csv
HE0218,1,1,,MARKET,MARKET_AVAILABLE,MARKET_NOVIG_SIDE_ELSE_SPREAD_SIDE,MARKET_NOVIG_SELECTED_PROB,RatingGapBucket + MarketRole,RatingGapBucket=-6 to -3 | MarketRole=Market Favorite,2,RatingGapBucket,SELECTED_EPRED_RATING_GAP,EPRED_RATING_SELECTED_MINUS_OPPONENT,EPRED,EPRED.home_rating|EPRED.away_rating,NUMERIC_RANGE,-6,-3,,0,-6 to -3,MarketRole,SELECTED_MARKET_ROLE,MARKET_ROLE_FOR_FAMILY_SELECTED_SIDE,DRAT|SCHEDULE,DRAT.moneyline_home|DRAT.moneyline_away|SCHEDULE.home_spread|SCHEDULE.away_spread,TEXT_EQUALS,,,Market Favorite,0,Market Favorite,50,26,24,52.0,38.51,65.2,66.83,-14.83,5,80.0,3,3,100.0,NEGATIVE,14.83,full_test_results.csv
HE0219,1,1,,MARKET,MARKET_AVAILABLE,MARKET_NOVIG_SIDE_ELSE_SPREAD_SIDE,MARKET_NOVIG_SELECTED_PROB,RatingGapBucket + MarketRole,RatingGapBucket=0 to 2.9 | MarketRole=Market Favorite,2,RatingGapBucket,SELECTED_EPRED_RATING_GAP,EPRED_RATING_SELECTED_MINUS_OPPONENT,EPRED,EPRED.home_rating|EPRED.away_rating,NUMERIC_RANGE,0,3,,0,0 to 2.9,MarketRole,SELECTED_MARKET_ROLE,MARKET_ROLE_FOR_FAMILY_SELECTED_SIDE,DRAT|SCHEDULE,DRAT.moneyline_home|DRAT.moneyline_away|SCHEDULE.home_spread|SCHEDULE.away_spread,TEXT_EQUALS,,,Market Favorite,0,Market Favorite,340,187,153,55.0,49.69,60.2,66.83,-11.83,5,100.0,4,4,100.0,NEGATIVE,11.83,full_test_results.csv
HE0220,1,1,,MARKET,MARKET_AVAILABLE,MARKET_NOVIG_SIDE_ELSE_SPREAD_SIDE,MARKET_NOVIG_SELECTED_PROB,RatingGapBucket + MarketRole,RatingGapBucket=10+ | MarketRole=Market Favorite,2,RatingGapBucket,SELECTED_EPRED_RATING_GAP,EPRED_RATING_SELECTED_MINUS_OPPONENT,EPRED,EPRED.home_rating|EPRED.away_rating,NUMERIC_RANGE,10,,,0,10+,MarketRole,SELECTED_MARKET_ROLE,MARKET_ROLE_FOR_FAMILY_SELECTED_SIDE,DRAT|SCHEDULE,DRAT.moneyline_home|DRAT.moneyline_away|SCHEDULE.home_spread|SCHEDULE.away_spread,TEXT_EQUALS,,,Market Favorite,0,Market Favorite,201,162,39,80.6,74.58,85.47,66.83,13.76,5,100.0,4,4,100.0,POSITIVE,13.76,full_test_results.csv
HE0221,1,1,,MARKET,MARKET_AVAILABLE,MARKET_NOVIG_SIDE_ELSE_SPREAD_SIDE,MARKET_NOVIG_SELECTED_PROB,RatingGapBucket + MarketRole,RatingGapBucket=6 to 9.9 | MarketRole=Market Favorite,2,RatingGapBucket,SELECTED_EPRED_RATING_GAP,EPRED_RATING_SELECTED_MINUS_OPPONENT,EPRED,EPRED.home_rating|EPRED.away_rating,NUMERIC_RANGE,6,10,,0,6 to 9.9,MarketRole,SELECTED_MARKET_ROLE,MARKET_ROLE_FOR_FAMILY_SELECTED_SIDE,DRAT|SCHEDULE,DRAT.moneyline_home|DRAT.moneyline_away|SCHEDULE.home_spread|SCHEDULE.away_spread,TEXT_EQUALS,,,Market Favorite,0,Market Favorite,289,220,69,76.12,70.89,80.68,66.83,9.29,5,80.0,4,3,75.0,POSITIVE,9.29,full_test_results.csv
HE0222,1,1,,MARKET,MARKET_AVAILABLE,MARKET_NOVIG_SIDE_ELSE_SPREAD_SIDE,MARKET_NOVIG_SELECTED_PROB,RatingGapBucket + SpreadBucket,RatingGapBucket=-3 to 0 | SpreadBucket=Fav -0.5 to -2.5,2,RatingGapBucket,SELECTED_EPRED_RATING_GAP,EPRED_RATING_SELECTED_MINUS_OPPONENT,EPRED,EPRED.home_rating|EPRED.away_rating,NUMERIC_RANGE,-3,0,,0,-3 to 0,SpreadBucket,SELECTED_SPREAD,SPREAD_FOR_FAMILY_SELECTED_SIDE,SCHEDULE,SCHEDULE.home_spread|SCHEDULE.away_spread,NUMERIC_RANGE,-3,0,,0,Fav -0.5 to -2.5,133,71,62,53.38,44.93,61.65,66.83,-13.45,5,100.0,4,4,100.0,NEGATIVE,13.45,full_test_results.csv
HE0223,1,1,,MARKET,MARKET_AVAILABLE,MARKET_NOVIG_SIDE_ELSE_SPREAD_SIDE,MARKET_NOVIG_SELECTED_PROB,RatingGapBucket + SpreadBucket,RatingGapBucket=0 to 2.9 | SpreadBucket=Fav -0.5 to -2.5,2,RatingGapBucket,SELECTED_EPRED_RATING_GAP,EPRED_RATING_SELECTED_MINUS_OPPONENT,EPRED,EPRED.home_rating|EPRED.away_rating,NUMERIC_RANGE,0,3,,0,0 to 2.9,SpreadBucket,SELECTED_SPREAD,SPREAD_FOR_FAMILY_SELECTED_SIDE,SCHEDULE,SCHEDULE.home_spread|SCHEDULE.away_spread,NUMERIC_RANGE,-3,0,,0,Fav -0.5 to -2.5,207,112,95,54.11,47.3,60.76,66.83,-12.73,5,100.0,4,4,100.0,NEGATIVE,12.73,full_test_results.csv
HE0224,1,1,,MARKET,MARKET_AVAILABLE,MARKET_NOVIG_SIDE_ELSE_SPREAD_SIDE,MARKET_NOVIG_SELECTED_PROB,RatingGapBucket + SpreadBucket,RatingGapBucket=0 to 2.9 | SpreadBucket=Fav -3 to -3.5,2,RatingGapBucket,SELECTED_EPRED_RATING_GAP,EPRED_RATING_SELECTED_MINUS_OPPONENT,EPRED,EPRED.home_rating|EPRED.away_rating,NUMERIC_RANGE,0,3,,0,0 to 2.9,SpreadBucket,SELECTED_SPREAD,SPREAD_FOR_FAMILY_SELECTED_SIDE,SCHEDULE,SCHEDULE.home_spread|SCHEDULE.away_spread,NUMERIC_RANGE,-4,-3,,0,Fav -3 to -3.5,62,32,30,51.61,39.45,63.59,66.83,-15.22,5,100.0,3,3,100.0,NEGATIVE,15.22,full_test_results.csv
HE0225,1,1,,MARKET,MARKET_AVAILABLE,MARKET_NOVIG_SIDE_ELSE_SPREAD_SIDE,MARKET_NOVIG_SELECTED_PROB,RatingGapBucket + SpreadBucket,RatingGapBucket=10+ | SpreadBucket=Fav -10+,2,RatingGapBucket,SELECTED_EPRED_RATING_GAP,EPRED_RATING_SELECTED_MINUS_OPPONENT,EPRED,EPRED.home_rating|EPRED.away_rating,NUMERIC_RANGE,10,,,0,10+,SpreadBucket,SELECTED_SPREAD,SPREAD_FOR_FAMILY_SELECTED_SIDE,SCHEDULE,SCHEDULE.home_spread|SCHEDULE.away_spread,NUMERIC_RANGE,,-10,,0,Fav -10+,93,82,11,88.17,80.05,93.27,66.83,21.34,5,100.0,4,4,100.0,POSITIVE,21.34,full_test_results.csv
HE0226,1,1,,MARKET,MARKET_AVAILABLE,MARKET_NOVIG_SIDE_ELSE_SPREAD_SIDE,MARKET_NOVIG_SELECTED_PROB,RatingGapBucket + SpreadBucket,RatingGapBucket=6 to 9.9 | SpreadBucket=Fav -4 to -6.5,2,RatingGapBucket,SELECTED_EPRED_RATING_GAP,EPRED_RATING_SELECTED_MINUS_OPPONENT,EPRED,EPRED.home_rating|EPRED.away_rating,NUMERIC_RANGE,6,10,,0,6 to 9.9,SpreadBucket,SELECTED_SPREAD,SPREAD_FOR_FAMILY_SELECTED_SIDE,SCHEDULE,SCHEDULE.home_spread|SCHEDULE.away_spread,NUMERIC_RANGE,-7,-4,,0,Fav -4 to -6.5,115,83,32,72.17,63.37,79.55,66.83,5.34,5,80.0,4,3,75.0,POSITIVE,5.34,full_test_results.csv
HE0227,1,1,,MARKET,MARKET_AVAILABLE,MARKET_NOVIG_SIDE_ELSE_SPREAD_SIDE,MARKET_NOVIG_SELECTED_PROB,RatingGapBucket + SpreadBucket,RatingGapBucket=6 to 9.9 | SpreadBucket=Fav -7 to -9.5,2,RatingGapBucket,SELECTED_EPRED_RATING_GAP,EPRED_RATING_SELECTED_MINUS_OPPONENT,EPRED,EPRED.home_rating|EPRED.away_rating,NUMERIC_RANGE,6,10,,0,6 to 9.9,SpreadBucket,SELECTED_SPREAD,SPREAD_FOR_FAMILY_SELECTED_SIDE,SCHEDULE,SCHEDULE.home_spread|SCHEDULE.away_spread,NUMERIC_RANGE,-10,-7,,0,Fav -7 to -9.5,64,48,16,75.0,63.18,83.99,66.83,8.17,5,80.0,3,2,66.67,POSITIVE,8.17,full_test_results.csv
HE0228,1,1,,MARKET,MARKET_AVAILABLE,MARKET_NOVIG_SIDE_ELSE_SPREAD_SIDE,MARKET_NOVIG_SELECTED_PROB,DratEpredAgreement + MarketRole,DratEpredAgreement=Disagree | MarketRole=Market Favorite,2,DratEpredAgreement,DRAT_EPRED_AGREEMENT,COMPARE_DRAT_PICK_TO_EPRED_PICK,DRAT|EPRED,DRAT.home_prob|DRAT.away_prob|EPRED.home_prob|EPRED.away_prob,TEXT_EQUALS,,,Disagree,0,Disagree,MarketRole,SELECTED_MARKET_ROLE,MARKET_ROLE_FOR_FAMILY_SELECTED_SIDE,DRAT|SCHEDULE,DRAT.moneyline_home|DRAT.moneyline_away|SCHEDULE.home_spread|SCHEDULE.away_spread,TEXT_EQUALS,,,Market Favorite,0,Market Favorite,166,104,62,62.65,55.08,69.65,66.83,-4.18,5,80.0,4,3,75.0,NEGATIVE,4.18,full_test_results.csv
HE0229,1,1,,MARKET,MARKET_AVAILABLE,MARKET_NOVIG_SIDE_ELSE_SPREAD_SIDE,MARKET_NOVIG_SELECTED_PROB,DratEpredAgreement + ModelDiffBucket,DratEpredAgreement=Agree | ModelDiffBucket=15+ pts,2,DratEpredAgreement,DRAT_EPRED_AGREEMENT,COMPARE_DRAT_PICK_TO_EPRED_PICK,DRAT|EPRED,DRAT.home_prob|DRAT.away_prob|EPRED.home_prob|EPRED.away_prob,TEXT_EQUALS,,,Agree,0,Agree,ModelDiffBucket,DRAT_EPRED_HOME_PROB_ABS_DIFF_PP,ABS_DRAT_HOME_PROB_MINUS_EPRED_NORMALIZED_HOME_PROB_X100,DRAT|EPRED,DRAT.home_prob|EPRED.home_prob|EPRED.away_prob,NUMERIC_RANGE,15,,,0,15+ pts,69,53,16,76.81,65.6,85.19,66.83,9.98,5,80.0,3,2,66.67,POSITIVE,9.98,full_test_results.csv
HE0230,1,1,,MARKET,MARKET_AVAILABLE,MARKET_NOVIG_SIDE_ELSE_SPREAD_SIDE,MARKET_NOVIG_SELECTED_PROB,DratEpredAgreement + ModelDiffBucket,DratEpredAgreement=Agree | ModelDiffBucket=6-9.9 pts,2,DratEpredAgreement,DRAT_EPRED_AGREEMENT,COMPARE_DRAT_PICK_TO_EPRED_PICK,DRAT|EPRED,DRAT.home_prob|DRAT.away_prob|EPRED.home_prob|EPRED.away_prob,TEXT_EQUALS,,,Agree,0,Agree,ModelDiffBucket,DRAT_EPRED_HOME_PROB_ABS_DIFF_PP,ABS_DRAT_HOME_PROB_MINUS_EPRED_NORMALIZED_HOME_PROB_X100,DRAT|EPRED,DRAT.home_prob|EPRED.home_prob|EPRED.away_prob,NUMERIC_RANGE,6,10,,0,6-9.9 pts,281,205,76,72.95,67.48,77.81,66.83,6.12,5,100.0,4,4,100.0,POSITIVE,6.12,full_test_results.csv
HE0231,1,1,,MARKET,MARKET_AVAILABLE,MARKET_NOVIG_SIDE_ELSE_SPREAD_SIDE,MARKET_NOVIG_SELECTED_PROB,DratEpredAgreement + ModelDiffBucket,DratEpredAgreement=Agree | ModelDiffBucket=<3 pts,2,DratEpredAgreement,DRAT_EPRED_AGREEMENT,COMPARE_DRAT_PICK_TO_EPRED_PICK,DRAT|EPRED,DRAT.home_prob|DRAT.away_prob|EPRED.home_prob|EPRED.away_prob,TEXT_EQUALS,,,Agree,0,Agree,ModelDiffBucket,DRAT_EPRED_HOME_PROB_ABS_DIFF_PP,ABS_DRAT_HOME_PROB_MINUS_EPRED_NORMALIZED_HOME_PROB_X100,DRAT|EPRED,DRAT.home_prob|EPRED.home_prob|EPRED.away_prob,NUMERIC_RANGE,,3,,0,<3 pts,395,238,157,60.25,55.35,64.96,66.83,-6.58,5,100.0,4,4,100.0,NEGATIVE,6.58,full_test_results.csv
HE0232,1,1,,MARKET,MARKET_AVAILABLE,MARKET_NOVIG_SIDE_ELSE_SPREAD_SIDE,MARKET_NOVIG_SELECTED_PROB,SelectedVsMarket + ProbBucket,SelectedVsMarket=Agree | ProbBucket=55-59.9%,2,SelectedVsMarket,FAMILY_VS_MARKET_AGREEMENT,COMPARE_FAMILY_PICK_TO_MARKET_PICK,DRAT|EPRED|SCHEDULE,DRAT.home_prob|DRAT.away_prob|EPRED.home_prob|EPRED.away_prob|DRAT.moneyline_home|DRAT.moneyline_away|SCHEDULE.home_spread|SCHEDULE.away_spread,TEXT_EQUALS,,,Agree,0,Agree,ProbBucket,FAMILY_SELECTED_PROB,USE_FAMILY_SELECTED_PROB,FAMILY_DEPENDENT,DRAT.home_prob|DRAT.away_prob|EPRED.home_prob|EPRED.away_prob|DRAT.moneyline_home|DRAT.moneyline_away|SCHEDULE.home_spread|SCHEDULE.away_spread,NUMERIC_RANGE,0.55,0.6,,0,55-59.9%,275,165,110,60.0,54.11,65.61,66.83,-6.83,5,80.0,4,3,75.0,NEGATIVE,6.83,full_test_results.csv
HE0233,1,1,,MARKET,MARKET_AVAILABLE,MARKET_NOVIG_SIDE_ELSE_SPREAD_SIDE,MARKET_NOVIG_SELECTED_PROB,SelectedVsMarket + ProbBucket,SelectedVsMarket=Agree | ProbBucket=60-64.9%,2,SelectedVsMarket,FAMILY_VS_MARKET_AGREEMENT,COMPARE_FAMILY_PICK_TO_MARKET_PICK,DRAT|EPRED|SCHEDULE,DRAT.home_prob|DRAT.away_prob|EPRED.home_prob|EPRED.away_prob|DRAT.moneyline_home|DRAT.moneyline_away|SCHEDULE.home_spread|SCHEDULE.away_spread,TEXT_EQUALS,,,Agree,0,Agree,ProbBucket,FAMILY_SELECTED_PROB,USE_FAMILY_SELECTED_PROB,FAMILY_DEPENDENT,DRAT.home_prob|DRAT.away_prob|EPRED.home_prob|EPRED.away_prob|DRAT.moneyline_home|DRAT.moneyline_away|SCHEDULE.home_spread|SCHEDULE.away_spread,NUMERIC_RANGE,0.6,0.65,,0,60-64.9%,261,159,102,60.92,54.88,66.64,66.83,-5.91,5,80.0,4,3,75.0,NEGATIVE,5.91,full_test_results.csv
HE0234,1,1,,MARKET,MARKET_AVAILABLE,MARKET_NOVIG_SIDE_ELSE_SPREAD_SIDE,MARKET_NOVIG_SELECTED_PROB,SelectedVsMarket + ProbBucket,SelectedVsMarket=Agree | ProbBucket=80-84.9%,2,SelectedVsMarket,FAMILY_VS_MARKET_AGREEMENT,COMPARE_FAMILY_PICK_TO_MARKET_PICK,DRAT|EPRED|SCHEDULE,DRAT.home_prob|DRAT.away_prob|EPRED.home_prob|EPRED.away_prob|DRAT.moneyline_home|DRAT.moneyline_away|SCHEDULE.home_spread|SCHEDULE.away_spread,TEXT_EQUALS,,,Agree,0,Agree,ProbBucket,FAMILY_SELECTED_PROB,USE_FAMILY_SELECTED_PROB,FAMILY_DEPENDENT,DRAT.home_prob|DRAT.away_prob|EPRED.home_prob|EPRED.away_prob|DRAT.moneyline_home|DRAT.moneyline_away|SCHEDULE.home_spread|SCHEDULE.away_spread,NUMERIC_RANGE,0.8,0.85,,0,80-84.9%,90,72,18,80.0,70.59,86.96,66.83,13.17,5,100.0,4,4,100.0,POSITIVE,13.17,full_test_results.csv
HE0235,1,1,,MARKET,MARKET_AVAILABLE,MARKET_NOVIG_SIDE_ELSE_SPREAD_SIDE,MARKET_NOVIG_SELECTED_PROB,SelectedVsMarket + ProbBucket,SelectedVsMarket=Agree | ProbBucket=85-89.9%,2,SelectedVsMarket,FAMILY_VS_MARKET_AGREEMENT,COMPARE_FAMILY_PICK_TO_MARKET_PICK,DRAT|EPRED|SCHEDULE,DRAT.home_prob|DRAT.away_prob|EPRED.home_prob|EPRED.away_prob|DRAT.moneyline_home|DRAT.moneyline_away|SCHEDULE.home_spread|SCHEDULE.away_spread,TEXT_EQUALS,,,Agree,0,Agree,ProbBucket,FAMILY_SELECTED_PROB,USE_FAMILY_SELECTED_PROB,FAMILY_DEPENDENT,DRAT.home_prob|DRAT.away_prob|EPRED.home_prob|EPRED.away_prob|DRAT.moneyline_home|DRAT.moneyline_away|SCHEDULE.home_spread|SCHEDULE.away_spread,NUMERIC_RANGE,0.85,0.9,,0,85-89.9%,67,62,5,92.54,83.69,96.77,66.83,25.7,5,100.0,3,3,100.0,POSITIVE,25.70,full_test_results.csv
HE0236,1,1,,MARKET,MARKET_AVAILABLE,MARKET_NOVIG_SIDE_ELSE_SPREAD_SIDE,MARKET_NOVIG_SELECTED_PROB,SelectedVsMarket + ProbBucket,SelectedVsMarket=Agree | ProbBucket=<55%,2,SelectedVsMarket,FAMILY_VS_MARKET_AGREEMENT,COMPARE_FAMILY_PICK_TO_MARKET_PICK,DRAT|EPRED|SCHEDULE,DRAT.home_prob|DRAT.away_prob|EPRED.home_prob|EPRED.away_prob|DRAT.moneyline_home|DRAT.moneyline_away|SCHEDULE.home_spread|SCHEDULE.away_spread,TEXT_EQUALS,,,Agree,0,Agree,ProbBucket,FAMILY_SELECTED_PROB,USE_FAMILY_SELECTED_PROB,FAMILY_DEPENDENT,DRAT.home_prob|DRAT.away_prob|EPRED.home_prob|EPRED.away_prob|DRAT.moneyline_home|DRAT.moneyline_away|SCHEDULE.home_spread|SCHEDULE.away_spread,NUMERIC_RANGE,,0.55,,0,<55%,166,90,76,54.22,46.63,61.62,66.83,-12.62,5,100.0,4,4,100.0,NEGATIVE,12.62,full_test_results.csv
HE0237,1,1,,MARKET,MARKET_AVAILABLE,MARKET_NOVIG_SIDE_ELSE_SPREAD_SIDE,MARKET_NOVIG_SELECTED_PROB,SelectedVsMarket + RatingGapBucket,SelectedVsMarket=Agree | RatingGapBucket=-3 to 0,2,SelectedVsMarket,FAMILY_VS_MARKET_AGREEMENT,COMPARE_FAMILY_PICK_TO_MARKET_PICK,DRAT|EPRED|SCHEDULE,DRAT.home_prob|DRAT.away_prob|EPRED.home_prob|EPRED.away_prob|DRAT.moneyline_home|DRAT.moneyline_away|SCHEDULE.home_spread|SCHEDULE.away_spread,TEXT_EQUALS,,,Agree,0,Agree,RatingGapBucket,SELECTED_EPRED_RATING_GAP,EPRED_RATING_SELECTED_MINUS_OPPONENT,EPRED,EPRED.home_rating|EPRED.away_rating,NUMERIC_RANGE,-3,0,,0,-3 to 0,168,93,75,55.36,47.8,62.67,66.83,-11.48,5,100.0,4,4,100.0,NEGATIVE,11.48,full_test_results.csv
HE0238,1,1,,MARKET,MARKET_AVAILABLE,MARKET_NOVIG_SIDE_ELSE_SPREAD_SIDE,MARKET_NOVIG_SELECTED_PROB,SelectedVsMarket + RatingGapBucket,SelectedVsMarket=Agree | RatingGapBucket=-6 to -3,2,SelectedVsMarket,FAMILY_VS_MARKET_AGREEMENT,COMPARE_FAMILY_PICK_TO_MARKET_PICK,DRAT|EPRED|SCHEDULE,DRAT.home_prob|DRAT.away_prob|EPRED.home_prob|EPRED.away_prob|DRAT.moneyline_home|DRAT.moneyline_away|SCHEDULE.home_spread|SCHEDULE.away_spread,TEXT_EQUALS,,,Agree,0,Agree,RatingGapBucket,SELECTED_EPRED_RATING_GAP,EPRED_RATING_SELECTED_MINUS_OPPONENT,EPRED,EPRED.home_rating|EPRED.away_rating,NUMERIC_RANGE,-6,-3,,0,-6 to -3,51,27,24,52.94,39.52,65.95,66.83,-13.89,5,80.0,3,3,100.0,NEGATIVE,13.89,full_test_results.csv
HE0239,1,1,,MARKET,MARKET_AVAILABLE,MARKET_NOVIG_SIDE_ELSE_SPREAD_SIDE,MARKET_NOVIG_SELECTED_PROB,SelectedVsMarket + RatingGapBucket,SelectedVsMarket=Agree | RatingGapBucket=0 to 2.9,2,SelectedVsMarket,FAMILY_VS_MARKET_AGREEMENT,COMPARE_FAMILY_PICK_TO_MARKET_PICK,DRAT|EPRED|SCHEDULE,DRAT.home_prob|DRAT.away_prob|EPRED.home_prob|EPRED.away_prob|DRAT.moneyline_home|DRAT.moneyline_away|SCHEDULE.home_spread|SCHEDULE.away_spread,TEXT_EQUALS,,,Agree,0,Agree,RatingGapBucket,SELECTED_EPRED_RATING_GAP,EPRED_RATING_SELECTED_MINUS_OPPONENT,EPRED,EPRED.home_rating|EPRED.away_rating,NUMERIC_RANGE,0,3,,0,0 to 2.9,340,187,153,55.0,49.69,60.2,66.83,-11.83,5,100.0,4,4,100.0,NEGATIVE,11.83,full_test_results.csv
HE0240,1,1,,MARKET,MARKET_AVAILABLE,MARKET_NOVIG_SIDE_ELSE_SPREAD_SIDE,MARKET_NOVIG_SELECTED_PROB,SelectedVsMarket + RatingGapBucket,SelectedVsMarket=Agree | RatingGapBucket=10+,2,SelectedVsMarket,FAMILY_VS_MARKET_AGREEMENT,COMPARE_FAMILY_PICK_TO_MARKET_PICK,DRAT|EPRED|SCHEDULE,DRAT.home_prob|DRAT.away_prob|EPRED.home_prob|EPRED.away_prob|DRAT.moneyline_home|DRAT.moneyline_away|SCHEDULE.home_spread|SCHEDULE.away_spread,TEXT_EQUALS,,,Agree,0,Agree,RatingGapBucket,SELECTED_EPRED_RATING_GAP,EPRED_RATING_SELECTED_MINUS_OPPONENT,EPRED,EPRED.home_rating|EPRED.away_rating,NUMERIC_RANGE,10,,,0,10+,201,162,39,80.6,74.58,85.47,66.83,13.76,5,100.0,4,4,100.0,POSITIVE,13.76,full_test_results.csv
HE0241,1,1,,MARKET,MARKET_AVAILABLE,MARKET_NOVIG_SIDE_ELSE_SPREAD_SIDE,MARKET_NOVIG_SELECTED_PROB,SelectedVsMarket + RatingGapBucket,SelectedVsMarket=Agree | RatingGapBucket=6 to 9.9,2,SelectedVsMarket,FAMILY_VS_MARKET_AGREEMENT,COMPARE_FAMILY_PICK_TO_MARKET_PICK,DRAT|EPRED|SCHEDULE,DRAT.home_prob|DRAT.away_prob|EPRED.home_prob|EPRED.away_prob|DRAT.moneyline_home|DRAT.moneyline_away|SCHEDULE.home_spread|SCHEDULE.away_spread,TEXT_EQUALS,,,Agree,0,Agree,RatingGapBucket,SELECTED_EPRED_RATING_GAP,EPRED_RATING_SELECTED_MINUS_OPPONENT,EPRED,EPRED.home_rating|EPRED.away_rating,NUMERIC_RANGE,6,10,,0,6 to 9.9,289,220,69,76.12,70.89,80.68,66.83,9.29,5,80.0,4,3,75.0,POSITIVE,9.29,full_test_results.csv
HE0242,1,1,,MARKET,MARKET_AVAILABLE,MARKET_NOVIG_SIDE_ELSE_SPREAD_SIDE,MARKET_NOVIG_SELECTED_PROB,WeekBucket + ProbBucket,WeekBucket=Weeks 14+ | ProbBucket=60-64.9%,2,WeekBucket,WEEK,RAW_WEEK,SCHEDULE,SCHEDULE.week,NUMERIC_RANGE,14,,,0,Weeks 14+,ProbBucket,FAMILY_SELECTED_PROB,USE_FAMILY_SELECTED_PROB,FAMILY_DEPENDENT,DRAT.home_prob|DRAT.away_prob|EPRED.home_prob|EPRED.away_prob|DRAT.moneyline_home|DRAT.moneyline_away|SCHEDULE.home_spread|SCHEDULE.away_spread,NUMERIC_RANGE,0.6,0.65,,0,60-64.9%,75,38,37,50.67,39.6,61.67,66.83,-16.17,5,100.0,3,3,100.0,NEGATIVE,16.17,full_test_results.csv
HE0243,1,1,,MARKET,MARKET_AVAILABLE,MARKET_NOVIG_SIDE_ELSE_SPREAD_SIDE,MARKET_NOVIG_SELECTED_PROB,WeekBucket + ProbBucket,WeekBucket=Weeks 4-8 | ProbBucket=55-59.9%,2,WeekBucket,WEEK,RAW_WEEK,SCHEDULE,SCHEDULE.week,NUMERIC_RANGE,4,9,,0,Weeks 4-8,ProbBucket,FAMILY_SELECTED_PROB,USE_FAMILY_SELECTED_PROB,FAMILY_DEPENDENT,DRAT.home_prob|DRAT.away_prob|EPRED.home_prob|EPRED.away_prob|DRAT.moneyline_home|DRAT.moneyline_away|SCHEDULE.home_spread|SCHEDULE.away_spread,NUMERIC_RANGE,0.55,0.6,,0,55-59.9%,81,47,34,58.02,47.15,68.17,66.83,-8.81,5,80.0,3,3,100.0,NEGATIVE,8.81,full_test_results.csv
HE0244,1,1,,MARKET,MARKET_AVAILABLE,MARKET_NOVIG_SIDE_ELSE_SPREAD_SIDE,MARKET_NOVIG_SELECTED_PROB,WeekBucket + ProbBucket,WeekBucket=Weeks 4-8 | ProbBucket=<55%,2,WeekBucket,WEEK,RAW_WEEK,SCHEDULE,SCHEDULE.week,NUMERIC_RANGE,4,9,,0,Weeks 4-8,ProbBucket,FAMILY_SELECTED_PROB,USE_FAMILY_SELECTED_PROB,FAMILY_DEPENDENT,DRAT.home_prob|DRAT.away_prob|EPRED.home_prob|EPRED.away_prob|DRAT.moneyline_home|DRAT.moneyline_away|SCHEDULE.home_spread|SCHEDULE.away_spread,NUMERIC_RANGE,,0.55,,0,<55%,53,27,26,50.94,37.88,63.88,66.83,-15.89,5,100.0,3,3,100.0,NEGATIVE,15.89,full_test_results.csv
HE0245,0,0,Historical SurfaceBucket used a field whose values encoded Dome/Indoor vs Outdoor; supplied current surface field is playing-surface material and is not equivalent. | No current wind_speed field was supplied.,MARKET,MARKET_AVAILABLE,MARKET_NOVIG_SIDE_ELSE_SPREAD_SIDE,MARKET_NOVIG_SELECTED_PROB,SurfaceBucket + WindBucket,SurfaceBucket=Outdoor | WindBucket=15-19.9 mph,2,SurfaceBucket,HISTORICAL_SURFACE_CLASS,UNAVAILABLE,,,TEXT_EQUALS,,,Outdoor,0,Outdoor,WindBucket,WIND_SPEED,UNAVAILABLE,,,NUMERIC_RANGE,15,20,,0,15-19.9 mph,62,47,15,75.81,63.85,84.75,66.83,8.97,5,80.0,2,2,100.0,POSITIVE,8.97,full_test_results.csv
HE0246,0,0,No current temperature field was supplied. | No current wind_speed field was supplied.,MARKET,MARKET_AVAILABLE,MARKET_NOVIG_SIDE_ELSE_SPREAD_SIDE,MARKET_NOVIG_SELECTED_PROB,TemperatureBucket + WindBucket,TemperatureBucket=32-49F | WindBucket=10-14.9 mph,2,TemperatureBucket,TEMPERATURE,UNAVAILABLE,,,NUMERIC_RANGE,32,50,,0,32-49F,WindBucket,WIND_SPEED,UNAVAILABLE,,,NUMERIC_RANGE,10,15,,0,10-14.9 mph,56,34,22,60.71,47.63,72.42,66.83,-6.12,5,80.0,3,2,66.67,NEGATIVE,6.12,full_test_results.csv
HE0247,0,0,No current temperature field was supplied. | No current wind_speed field was supplied.,MARKET,MARKET_AVAILABLE,MARKET_NOVIG_SIDE_ELSE_SPREAD_SIDE,MARKET_NOVIG_SELECTED_PROB,TemperatureBucket + WindBucket,TemperatureBucket=50-69F | WindBucket=10-14.9 mph,2,TemperatureBucket,TEMPERATURE,UNAVAILABLE,,,NUMERIC_RANGE,50,70,,0,50-69F,WindBucket,WIND_SPEED,UNAVAILABLE,,,NUMERIC_RANGE,10,15,,0,10-14.9 mph,76,55,21,72.37,61.42,81.16,66.83,5.54,5,80.0,3,2,66.67,POSITIVE,5.54,full_test_results.csv
HE0248,0,0,No current temperature field was supplied. | No current wind_speed field was supplied.,MARKET,MARKET_AVAILABLE,MARKET_NOVIG_SIDE_ELSE_SPREAD_SIDE,MARKET_NOVIG_SELECTED_PROB,TemperatureBucket + WindBucket,TemperatureBucket=70F+ | WindBucket=10-14.9 mph,2,TemperatureBucket,TEMPERATURE,UNAVAILABLE,,,NUMERIC_RANGE,70,,,0,70F+,WindBucket,WIND_SPEED,UNAVAILABLE,,,NUMERIC_RANGE,10,15,,0,10-14.9 mph,53,28,25,52.83,39.66,65.62,66.83,-14.0,5,80.0,2,2,100.0,NEGATIVE,14.00,full_test_results.csv
HE0249,0,0,No current temperature field was supplied. | No current wind_speed field was supplied.,MARKET,MARKET_AVAILABLE,MARKET_NOVIG_SIDE_ELSE_SPREAD_SIDE,MARKET_NOVIG_SELECTED_PROB,TemperatureBucket + WindBucket,TemperatureBucket=70F+ | WindBucket=<10 mph,2,TemperatureBucket,TEMPERATURE,UNAVAILABLE,,,NUMERIC_RANGE,70,,,0,70F+,WindBucket,WIND_SPEED,UNAVAILABLE,,,NUMERIC_RANGE,,10,,0,<10 mph,218,136,82,62.39,55.79,68.55,66.83,-4.45,5,80.0,4,3,75.0,NEGATIVE,4.45,full_test_results.csv
HE0250,1,1,,DRAT_EPRED_CONSENSUS,DRAT_PICK_EQUALS_EPRED_PICK,DRAT_EPRED_SHARED_SIDE,MEAN_DRAT_EPRED_SELECTED_PROB,ProbBucket,ProbBucket=55-59.9%,1,ProbBucket,FAMILY_SELECTED_PROB,USE_FAMILY_SELECTED_PROB,FAMILY_DEPENDENT,DRAT.home_prob|DRAT.away_prob|EPRED.home_prob|EPRED.away_prob|DRAT.moneyline_home|DRAT.moneyline_away|SCHEDULE.home_spread|SCHEDULE.away_spread,NUMERIC_RANGE,0.55,0.6,,0,55-59.9%,,,,,,,,,,,,219,121,98,55.25,48.63,61.69,66.61,-11.36,5,100.0,4,4,100.0,NEGATIVE,11.36,full_test_results.csv
HE0251,1,1,,DRAT_EPRED_CONSENSUS,DRAT_PICK_EQUALS_EPRED_PICK,DRAT_EPRED_SHARED_SIDE,MEAN_DRAT_EPRED_SELECTED_PROB,ProbBucket,ProbBucket=60-64.9%,1,ProbBucket,FAMILY_SELECTED_PROB,USE_FAMILY_SELECTED_PROB,FAMILY_DEPENDENT,DRAT.home_prob|DRAT.away_prob|EPRED.home_prob|EPRED.away_prob|DRAT.moneyline_home|DRAT.moneyline_away|SCHEDULE.home_spread|SCHEDULE.away_spread,NUMERIC_RANGE,0.6,0.65,,0,60-64.9%,,,,,,,,,,,,234,148,86,63.25,56.9,69.17,66.61,-3.36,5,80.0,4,3,75.0,NEGATIVE,3.36,full_test_results.csv
HE0252,1,1,,DRAT_EPRED_CONSENSUS,DRAT_PICK_EQUALS_EPRED_PICK,DRAT_EPRED_SHARED_SIDE,MEAN_DRAT_EPRED_SELECTED_PROB,ProbBucket,ProbBucket=70-74.9%,1,ProbBucket,FAMILY_SELECTED_PROB,USE_FAMILY_SELECTED_PROB,FAMILY_DEPENDENT,DRAT.home_prob|DRAT.away_prob|EPRED.home_prob|EPRED.away_prob|DRAT.moneyline_home|DRAT.moneyline_away|SCHEDULE.home_spread|SCHEDULE.away_spread,NUMERIC_RANGE,0.7,0.75,,0,70-74.9%,,,,,,,,,,,,171,121,50,70.76,63.55,77.06,66.61,4.15,5,80.0,4,3,75.0,POSITIVE,4.15,full_test_results.csv
HE0253,1,1,,DRAT_EPRED_CONSENSUS,DRAT_PICK_EQUALS_EPRED_PICK,DRAT_EPRED_SHARED_SIDE,MEAN_DRAT_EPRED_SELECTED_PROB,ProbBucket,ProbBucket=75-79.9%,1,ProbBucket,FAMILY_SELECTED_PROB,USE_FAMILY_SELECTED_PROB,FAMILY_DEPENDENT,DRAT.home_prob|DRAT.away_prob|EPRED.home_prob|EPRED.away_prob|DRAT.moneyline_home|DRAT.moneyline_away|SCHEDULE.home_spread|SCHEDULE.away_spread,NUMERIC_RANGE,0.75,0.8,,0,75-79.9%,,,,,,,,,,,,132,97,35,73.48,65.37,80.27,66.61,6.87,5,80.0,4,3,75.0,POSITIVE,6.87,full_test_results.csv
HE0254,1,1,,DRAT_EPRED_CONSENSUS,DRAT_PICK_EQUALS_EPRED_PICK,DRAT_EPRED_SHARED_SIDE,MEAN_DRAT_EPRED_SELECTED_PROB,ProbBucket,ProbBucket=80-84.9%,1,ProbBucket,FAMILY_SELECTED_PROB,USE_FAMILY_SELECTED_PROB,FAMILY_DEPENDENT,DRAT.home_prob|DRAT.away_prob|EPRED.home_prob|EPRED.away_prob|DRAT.moneyline_home|DRAT.moneyline_away|SCHEDULE.home_spread|SCHEDULE.away_spread,NUMERIC_RANGE,0.8,0.85,,0,80-84.9%,,,,,,,,,,,,86,72,14,83.72,74.51,90.05,66.61,17.11,5,100.0,3,3,100.0,POSITIVE,17.11,full_test_results.csv
HE0255,1,1,,DRAT_EPRED_CONSENSUS,DRAT_PICK_EQUALS_EPRED_PICK,DRAT_EPRED_SHARED_SIDE,MEAN_DRAT_EPRED_SELECTED_PROB,ProbBucket,ProbBucket=<55%,1,ProbBucket,FAMILY_SELECTED_PROB,USE_FAMILY_SELECTED_PROB,FAMILY_DEPENDENT,DRAT.home_prob|DRAT.away_prob|EPRED.home_prob|EPRED.away_prob|DRAT.moneyline_home|DRAT.moneyline_away|SCHEDULE.home_spread|SCHEDULE.away_spread,NUMERIC_RANGE,,0.55,,0,<55%,,,,,,,,,,,,136,76,60,55.88,47.49,63.95,66.61,-10.73,5,80.0,4,3,75.0,NEGATIVE,10.73,full_test_results.csv
HE0256,1,1,,DRAT_EPRED_CONSENSUS,DRAT_PICK_EQUALS_EPRED_PICK,DRAT_EPRED_SHARED_SIDE,MEAN_DRAT_EPRED_SELECTED_PROB,MarketRole,MarketRole=Market Underdog,1,MarketRole,SELECTED_MARKET_ROLE,MARKET_ROLE_FOR_FAMILY_SELECTED_SIDE,DRAT|SCHEDULE,DRAT.moneyline_home|DRAT.moneyline_away|SCHEDULE.home_spread|SCHEDULE.away_spread,TEXT_EQUALS,,,Market Underdog,0,Market Underdog,,,,,,,,,,,,55,24,31,43.64,31.37,56.73,66.61,-22.98,5,100.0,3,3,100.0,NEGATIVE,22.98,full_test_results.csv
HE0257,1,1,,DRAT_EPRED_CONSENSUS,DRAT_PICK_EQUALS_EPRED_PICK,DRAT_EPRED_SHARED_SIDE,MEAN_DRAT_EPRED_SELECTED_PROB,SpreadBucket,SpreadBucket=Fav -0.5 to -2.5,1,SpreadBucket,SELECTED_SPREAD,SPREAD_FOR_FAMILY_SELECTED_SIDE,SCHEDULE,SCHEDULE.home_spread|SCHEDULE.away_spread,NUMERIC_RANGE,-3,0,,0,Fav -0.5 to -2.5,,,,,,,,,,,,364,204,160,56.04,50.91,61.05,66.61,-10.57,5,100.0,4,4,100.0,NEGATIVE,10.57,full_test_results.csv
HE0258,1,1,,DRAT_EPRED_CONSENSUS,DRAT_PICK_EQUALS_EPRED_PICK,DRAT_EPRED_SHARED_SIDE,MEAN_DRAT_EPRED_SELECTED_PROB,SpreadBucket,SpreadBucket=Fav -10+,1,SpreadBucket,SELECTED_SPREAD,SPREAD_FOR_FAMILY_SELECTED_SIDE,SCHEDULE,SCHEDULE.home_spread|SCHEDULE.away_spread,NUMERIC_RANGE,,-10,,0,Fav -10+,,,,,,,,,,,,129,114,15,88.37,81.7,92.83,66.61,21.76,5,100.0,4,4,100.0,POSITIVE,21.76,full_test_results.csv
HE0259,1,1,,DRAT_EPRED_CONSENSUS,DRAT_PICK_EQUALS_EPRED_PICK,DRAT_EPRED_SHARED_SIDE,MEAN_DRAT_EPRED_SELECTED_PROB,SpreadBucket,SpreadBucket=Fav -4 to -6.5,1,SpreadBucket,SELECTED_SPREAD,SPREAD_FOR_FAMILY_SELECTED_SIDE,SCHEDULE,SCHEDULE.home_spread|SCHEDULE.away_spread,NUMERIC_RANGE,-7,-4,,0,Fav -4 to -6.5,,,,,,,,,,,,341,239,102,70.09,65.03,74.7,66.61,3.48,5,80.0,4,3,75.0,POSITIVE,3.48,full_test_results.csv
HE0260,1,1,,DRAT_EPRED_CONSENSUS,DRAT_PICK_EQUALS_EPRED_PICK,DRAT_EPRED_SHARED_SIDE,MEAN_DRAT_EPRED_SELECTED_PROB,RatingGapBucket,RatingGapBucket=-3 to 0,1,RatingGapBucket,SELECTED_EPRED_RATING_GAP,EPRED_RATING_SELECTED_MINUS_OPPONENT,EPRED,EPRED.home_rating|EPRED.away_rating,NUMERIC_RANGE,-3,0,,0,-3 to 0,,,,,,,,,,,,97,48,49,49.48,39.75,59.26,66.61,-17.13,5,100.0,4,4,100.0,NEGATIVE,17.13,full_test_results.csv
HE0261,1,1,,DRAT_EPRED_CONSENSUS,DRAT_PICK_EQUALS_EPRED_PICK,DRAT_EPRED_SHARED_SIDE,MEAN_DRAT_EPRED_SELECTED_PROB,RatingGapBucket,RatingGapBucket=0 to 2.9,1,RatingGapBucket,SELECTED_EPRED_RATING_GAP,EPRED_RATING_SELECTED_MINUS_OPPONENT,EPRED,EPRED.home_rating|EPRED.away_rating,NUMERIC_RANGE,0,3,,0,0 to 2.9,,,,,,,,,,,,294,160,134,54.42,48.71,60.02,66.61,-12.19,5,100.0,4,4,100.0,NEGATIVE,12.19,full_test_results.csv
HE0262,1,1,,DRAT_EPRED_CONSENSUS,DRAT_PICK_EQUALS_EPRED_PICK,DRAT_EPRED_SHARED_SIDE,MEAN_DRAT_EPRED_SELECTED_PROB,RatingGapBucket,RatingGapBucket=10+,1,RatingGapBucket,SELECTED_EPRED_RATING_GAP,EPRED_RATING_SELECTED_MINUS_OPPONENT,EPRED,EPRED.home_rating|EPRED.away_rating,NUMERIC_RANGE,10,,,0,10+,,,,,,,,,,,,200,161,39,80.5,74.46,85.39,66.61,13.89,5,100.0,4,4,100.0,POSITIVE,13.89,full_test_results.csv
HE0263,1,1,,DRAT_EPRED_CONSENSUS,DRAT_PICK_EQUALS_EPRED_PICK,DRAT_EPRED_SHARED_SIDE,MEAN_DRAT_EPRED_SELECTED_PROB,RatingGapBucket,RatingGapBucket=6 to 9.9,1,RatingGapBucket,SELECTED_EPRED_RATING_GAP,EPRED_RATING_SELECTED_MINUS_OPPONENT,EPRED,EPRED.home_rating|EPRED.away_rating,NUMERIC_RANGE,6,10,,0,6 to 9.9,,,,,,,,,,,,286,214,72,74.83,69.49,79.5,66.61,8.21,5,80.0,4,3,75.0,POSITIVE,8.21,full_test_results.csv
HE0264,1,1,,DRAT_EPRED_CONSENSUS,DRAT_PICK_EQUALS_EPRED_PICK,DRAT_EPRED_SHARED_SIDE,MEAN_DRAT_EPRED_SELECTED_PROB,MatchupBucket,MatchupBucket=25-49.9,1,MatchupBucket,EPRED_MATCHUP_QUALITY,RAW_EPRED_MATCHUP_QUALITY,EPRED,EPRED.matchupQuality,NUMERIC_RANGE,25,50,,0,25-49.9,,,,,,,,,,,,411,290,121,70.56,65.98,74.76,66.61,3.95,5,80.0,4,3,75.0,POSITIVE,3.95,full_test_results.csv
HE0265,1,1,,DRAT_EPRED_CONSENSUS,DRAT_PICK_EQUALS_EPRED_PICK,DRAT_EPRED_SHARED_SIDE,MEAN_DRAT_EPRED_SELECTED_PROB,WeekBucket,WeekBucket=Weeks 1-3,1,WeekBucket,WEEK,RAW_WEEK,SCHEDULE,SCHEDULE.week,NUMERIC_RANGE,1,4,,0,Weeks 1-3,,,,,,,,,,,,269,168,101,62.45,56.53,68.03,66.61,-4.16,5,80.0,4,3,75.0,NEGATIVE,4.16,full_test_results.csv
HE0266,0,0,No current wind_speed field was supplied.,DRAT_EPRED_CONSENSUS,DRAT_PICK_EQUALS_EPRED_PICK,DRAT_EPRED_SHARED_SIDE,MEAN_DRAT_EPRED_SELECTED_PROB,WindBucket,WindBucket=15-19.9 mph,1,WindBucket,WIND_SPEED,UNAVAILABLE,,,NUMERIC_RANGE,15,20,,0,15-19.9 mph,,,,,,,,,,,,53,40,13,75.47,62.43,85.07,66.61,8.86,5,80.0,2,2,100.0,POSITIVE,8.86,full_test_results.csv
HE0267,0,0,No current temperature field was supplied.,DRAT_EPRED_CONSENSUS,DRAT_PICK_EQUALS_EPRED_PICK,DRAT_EPRED_SHARED_SIDE,MEAN_DRAT_EPRED_SELECTED_PROB,TemperatureBucket,TemperatureBucket=<32F,1,TemperatureBucket,TEMPERATURE,UNAVAILABLE,,,NUMERIC_RANGE,,32,,0,<32F,,,,,,,,,,,,69,52,17,75.36,64.04,84.01,66.61,8.75,5,80.0,3,2,66.67,POSITIVE,8.75,full_test_results.csv
HE0268,1,1,,DRAT_EPRED_CONSENSUS,DRAT_PICK_EQUALS_EPRED_PICK,DRAT_EPRED_SHARED_SIDE,MEAN_DRAT_EPRED_SELECTED_PROB,OddsTotalBucket,OddsTotalBucket=<40,1,OddsTotalBucket,MARKET_TOTAL,RAW_MARKET_TOTAL,SCHEDULE,SCHEDULE.total,NUMERIC_RANGE,,40,,0,<40,,,,,,,,,,,,144,91,53,63.19,55.07,70.63,66.61,-3.42,5,80.0,3,3,100.0,NEGATIVE,3.42,full_test_results.csv
HE0269,1,1,,DRAT_EPRED_CONSENSUS,DRAT_PICK_EQUALS_EPRED_PICK,DRAT_EPRED_SHARED_SIDE,MEAN_DRAT_EPRED_SELECTED_PROB,SelectedVsMarket,SelectedVsMarket=Disagree,1,SelectedVsMarket,FAMILY_VS_MARKET_AGREEMENT,COMPARE_FAMILY_PICK_TO_MARKET_PICK,DRAT|EPRED|SCHEDULE,DRAT.home_prob|DRAT.away_prob|EPRED.home_prob|EPRED.away_prob|DRAT.moneyline_home|DRAT.moneyline_away|SCHEDULE.home_spread|SCHEDULE.away_spread,TEXT_EQUALS,,,Disagree,0,Disagree,,,,,,,,,,,,57,24,33,42.11,30.19,55.02,66.61,-24.51,5,100.0,3,3,100.0,NEGATIVE,24.51,full_test_results.csv
HE0270,1,1,,DRAT_EPRED_CONSENSUS,DRAT_PICK_EQUALS_EPRED_PICK,DRAT_EPRED_SHARED_SIDE,MEAN_DRAT_EPRED_SELECTED_PROB,ModelDiffBucket,ModelDiffBucket=15+ pts,1,ModelDiffBucket,DRAT_EPRED_HOME_PROB_ABS_DIFF_PP,ABS_DRAT_HOME_PROB_MINUS_EPRED_NORMALIZED_HOME_PROB_X100,DRAT|EPRED,DRAT.home_prob|EPRED.home_prob|EPRED.away_prob,NUMERIC_RANGE,15,,,0,15+ pts,,,,,,,,,,,,69,54,15,78.26,67.18,86.36,66.61,11.65,5,80.0,3,2,66.67,POSITIVE,11.65,full_test_results.csv
HE0271,1,1,,DRAT_EPRED_CONSENSUS,DRAT_PICK_EQUALS_EPRED_PICK,DRAT_EPRED_SHARED_SIDE,MEAN_DRAT_EPRED_SELECTED_PROB,ModelDiffBucket,ModelDiffBucket=6-9.9 pts,1,ModelDiffBucket,DRAT_EPRED_HOME_PROB_ABS_DIFF_PP,ABS_DRAT_HOME_PROB_MINUS_EPRED_NORMALIZED_HOME_PROB_X100,DRAT|EPRED,DRAT.home_prob|EPRED.home_prob|EPRED.away_prob,NUMERIC_RANGE,6,10,,0,6-9.9 pts,,,,,,,,,,,,281,204,77,72.6,67.1,77.48,66.61,5.99,5,100.0,4,4,100.0,POSITIVE,5.99,full_test_results.csv
HE0272,1,1,,DRAT_EPRED_CONSENSUS,DRAT_PICK_EQUALS_EPRED_PICK,DRAT_EPRED_SHARED_SIDE,MEAN_DRAT_EPRED_SELECTED_PROB,ModelDiffBucket,ModelDiffBucket=<3 pts,1,ModelDiffBucket,DRAT_EPRED_HOME_PROB_ABS_DIFF_PP,ABS_DRAT_HOME_PROB_MINUS_EPRED_NORMALIZED_HOME_PROB_X100,DRAT|EPRED,DRAT.home_prob|EPRED.home_prob|EPRED.away_prob,NUMERIC_RANGE,,3,,0,<3 pts,,,,,,,,,,,,395,231,164,58.48,53.56,63.24,66.61,-8.13,5,100.0,4,4,100.0,NEGATIVE,8.13,full_test_results.csv
HE0273,1,1,,DRAT_EPRED_CONSENSUS,DRAT_PICK_EQUALS_EPRED_PICK,DRAT_EPRED_SHARED_SIDE,MEAN_DRAT_EPRED_SELECTED_PROB,ModelMarketEdgeBucket,ModelMarketEdgeBucket=+2 to +5 pts,1,ModelMarketEdgeBucket,FAMILY_MARKET_EDGE_PP,FAMILY_SELECTED_PROB_MINUS_MARKET_SELECTED_PROB_X100,DRAT|EPRED|SCHEDULE,DRAT.home_prob|DRAT.away_prob|EPRED.home_prob|EPRED.away_prob|DRAT.moneyline_home|DRAT.moneyline_away|SCHEDULE.home_spread|SCHEDULE.away_spread,NUMERIC_RANGE,2,5,,0,+2 to +5 pts,,,,,,,,,,,,159,100,59,62.89,55.16,70.02,66.61,-3.72,5,80.0,4,3,75.0,NEGATIVE,3.72,full_test_results.csv
HE0274,1,1,,DRAT_EPRED_CONSENSUS,DRAT_PICK_EQUALS_EPRED_PICK,DRAT_EPRED_SHARED_SIDE,MEAN_DRAT_EPRED_SELECTED_PROB,ModelMarketEdgeBucket,ModelMarketEdgeBucket=+5 to +10 pts,1,ModelMarketEdgeBucket,FAMILY_MARKET_EDGE_PP,FAMILY_SELECTED_PROB_MINUS_MARKET_SELECTED_PROB_X100,DRAT|EPRED|SCHEDULE,DRAT.home_prob|DRAT.away_prob|EPRED.home_prob|EPRED.away_prob|DRAT.moneyline_home|DRAT.moneyline_away|SCHEDULE.home_spread|SCHEDULE.away_spread,NUMERIC_RANGE,5,10,,0,+5 to +10 pts,,,,,,,,,,,,127,75,52,59.06,50.36,67.22,66.61,-7.56,5,100.0,3,3,100.0,NEGATIVE,7.56,full_test_results.csv
HE0275,1,1,,DRAT_EPRED_CONSENSUS,DRAT_PICK_EQUALS_EPRED_PICK,DRAT_EPRED_SHARED_SIDE,MEAN_DRAT_EPRED_SELECTED_PROB,ModelMarketEdgeBucket,ModelMarketEdgeBucket=-10 to -5 pts,1,ModelMarketEdgeBucket,FAMILY_MARKET_EDGE_PP,FAMILY_SELECTED_PROB_MINUS_MARKET_SELECTED_PROB_X100,DRAT|EPRED|SCHEDULE,DRAT.home_prob|DRAT.away_prob|EPRED.home_prob|EPRED.away_prob|DRAT.moneyline_home|DRAT.moneyline_away|SCHEDULE.home_spread|SCHEDULE.away_spread,NUMERIC_RANGE,-10,-5,,0,-10 to -5 pts,,,,,,,,,,,,233,170,63,72.96,66.92,78.26,66.61,6.35,5,100.0,4,4,100.0,POSITIVE,6.35,full_test_results.csv
HE0276,1,1,,DRAT_EPRED_CONSENSUS,DRAT_PICK_EQUALS_EPRED_PICK,DRAT_EPRED_SHARED_SIDE,MEAN_DRAT_EPRED_SELECTED_PROB,ModelMarketEdgeBucket,ModelMarketEdgeBucket=-5 to -2 pts,1,ModelMarketEdgeBucket,FAMILY_MARKET_EDGE_PP,FAMILY_SELECTED_PROB_MINUS_MARKET_SELECTED_PROB_X100,DRAT|EPRED|SCHEDULE,DRAT.home_prob|DRAT.away_prob|EPRED.home_prob|EPRED.away_prob|DRAT.moneyline_home|DRAT.moneyline_away|SCHEDULE.home_spread|SCHEDULE.away_spread,NUMERIC_RANGE,-5,-2,,0,-5 to -2 pts,,,,,,,,,,,,271,194,77,71.59,65.94,76.63,66.61,4.97,5,80.0,4,3,75.0,POSITIVE,4.97,full_test_results.csv
HE0277,1,1,,DRAT_EPRED_CONSENSUS,DRAT_PICK_EQUALS_EPRED_PICK,DRAT_EPRED_SHARED_SIDE,MEAN_DRAT_EPRED_SELECTED_PROB,ProbBucket + RatingGapBucket,ProbBucket=55-59.9% | RatingGapBucket=0 to 2.9,2,ProbBucket,FAMILY_SELECTED_PROB,USE_FAMILY_SELECTED_PROB,FAMILY_DEPENDENT,DRAT.home_prob|DRAT.away_prob|EPRED.home_prob|EPRED.away_prob|DRAT.moneyline_home|DRAT.moneyline_away|SCHEDULE.home_spread|SCHEDULE.away_spread,NUMERIC_RANGE,0.55,0.6,,0,55-59.9%,RatingGapBucket,SELECTED_EPRED_RATING_GAP,EPRED_RATING_SELECTED_MINUS_OPPONENT,EPRED,EPRED.home_rating|EPRED.away_rating,NUMERIC_RANGE,0,3,,0,0 to 2.9,100,47,53,47.0,37.51,56.71,66.61,-19.61,5,100.0,3,3,100.0,NEGATIVE,19.61,full_test_results.csv
HE0278,1,1,,DRAT_EPRED_CONSENSUS,DRAT_PICK_EQUALS_EPRED_PICK,DRAT_EPRED_SHARED_SIDE,MEAN_DRAT_EPRED_SELECTED_PROB,ProbBucket + RatingGapBucket,ProbBucket=60-64.9% | RatingGapBucket=3 to 5.9,2,ProbBucket,FAMILY_SELECTED_PROB,USE_FAMILY_SELECTED_PROB,FAMILY_DEPENDENT,DRAT.home_prob|DRAT.away_prob|EPRED.home_prob|EPRED.away_prob|DRAT.moneyline_home|DRAT.moneyline_away|SCHEDULE.home_spread|SCHEDULE.away_spread,NUMERIC_RANGE,0.6,0.65,,0,60-64.9%,RatingGapBucket,SELECTED_EPRED_RATING_GAP,EPRED_RATING_SELECTED_MINUS_OPPONENT,EPRED,EPRED.home_rating|EPRED.away_rating,NUMERIC_RANGE,3,6,,0,3 to 5.9,89,65,24,73.03,63.0,81.16,66.61,6.42,5,80.0,3,2,66.67,POSITIVE,6.42,full_test_results.csv
HE0279,1,1,,DRAT_EPRED_CONSENSUS,DRAT_PICK_EQUALS_EPRED_PICK,DRAT_EPRED_SHARED_SIDE,MEAN_DRAT_EPRED_SELECTED_PROB,ProbBucket + RatingGapBucket,ProbBucket=70-74.9% | RatingGapBucket=3 to 5.9,2,ProbBucket,FAMILY_SELECTED_PROB,USE_FAMILY_SELECTED_PROB,FAMILY_DEPENDENT,DRAT.home_prob|DRAT.away_prob|EPRED.home_prob|EPRED.away_prob|DRAT.moneyline_home|DRAT.moneyline_away|SCHEDULE.home_spread|SCHEDULE.away_spread,NUMERIC_RANGE,0.7,0.75,,0,70-74.9%,RatingGapBucket,SELECTED_EPRED_RATING_GAP,EPRED_RATING_SELECTED_MINUS_OPPONENT,EPRED,EPRED.home_rating|EPRED.away_rating,NUMERIC_RANGE,3,6,,0,3 to 5.9,57,43,14,75.44,62.9,84.77,66.61,8.83,5,80.0,3,3,100.0,POSITIVE,8.83,full_test_results.csv
HE0280,1,1,,DRAT_EPRED_CONSENSUS,DRAT_PICK_EQUALS_EPRED_PICK,DRAT_EPRED_SHARED_SIDE,MEAN_DRAT_EPRED_SELECTED_PROB,ProbBucket + RatingGapBucket,ProbBucket=75-79.9% | RatingGapBucket=6 to 9.9,2,ProbBucket,FAMILY_SELECTED_PROB,USE_FAMILY_SELECTED_PROB,FAMILY_DEPENDENT,DRAT.home_prob|DRAT.away_prob|EPRED.home_prob|EPRED.away_prob|DRAT.moneyline_home|DRAT.moneyline_away|SCHEDULE.home_spread|SCHEDULE.away_spread,NUMERIC_RANGE,0.75,0.8,,0,75-79.9%,RatingGapBucket,SELECTED_EPRED_RATING_GAP,EPRED_RATING_SELECTED_MINUS_OPPONENT,EPRED,EPRED.home_rating|EPRED.away_rating,NUMERIC_RANGE,6,10,,0,6 to 9.9,62,47,15,75.81,63.85,84.75,66.61,9.19,5,80.0,3,2,66.67,POSITIVE,9.19,full_test_results.csv
HE0281,1,1,,DRAT_EPRED_CONSENSUS,DRAT_PICK_EQUALS_EPRED_PICK,DRAT_EPRED_SHARED_SIDE,MEAN_DRAT_EPRED_SELECTED_PROB,ProbBucket + RatingGapBucket,ProbBucket=80-84.9% | RatingGapBucket=10+,2,ProbBucket,FAMILY_SELECTED_PROB,USE_FAMILY_SELECTED_PROB,FAMILY_DEPENDENT,DRAT.home_prob|DRAT.away_prob|EPRED.home_prob|EPRED.away_prob|DRAT.moneyline_home|DRAT.moneyline_away|SCHEDULE.home_spread|SCHEDULE.away_spread,NUMERIC_RANGE,0.8,0.85,,0,80-84.9%,RatingGapBucket,SELECTED_EPRED_RATING_GAP,EPRED_RATING_SELECTED_MINUS_OPPONENT,EPRED,EPRED.home_rating|EPRED.away_rating,NUMERIC_RANGE,10,,,0,10+,59,49,10,83.05,71.54,90.52,66.61,16.44,4,100.0,2,2,100.0,POSITIVE,16.44,full_test_results.csv
HE0282,1,1,,DRAT_EPRED_CONSENSUS,DRAT_PICK_EQUALS_EPRED_PICK,DRAT_EPRED_SHARED_SIDE,MEAN_DRAT_EPRED_SELECTED_PROB,ProbBucket + MarketRole,ProbBucket=55-59.9% | MarketRole=Market Favorite,2,ProbBucket,FAMILY_SELECTED_PROB,USE_FAMILY_SELECTED_PROB,FAMILY_DEPENDENT,DRAT.home_prob|DRAT.away_prob|EPRED.home_prob|EPRED.away_prob|DRAT.moneyline_home|DRAT.moneyline_away|SCHEDULE.home_spread|SCHEDULE.away_spread,NUMERIC_RANGE,0.55,0.6,,0,55-59.9%,MarketRole,SELECTED_MARKET_ROLE,MARKET_ROLE_FOR_FAMILY_SELECTED_SIDE,DRAT|SCHEDULE,DRAT.moneyline_home|DRAT.moneyline_away|SCHEDULE.home_spread|SCHEDULE.away_spread,TEXT_EQUALS,,,Market Favorite,0,Market Favorite,203,114,89,56.16,49.28,62.81,66.61,-10.46,5,100.0,4,4,100.0,NEGATIVE,10.46,full_test_results.csv
HE0283,1,1,,DRAT_EPRED_CONSENSUS,DRAT_PICK_EQUALS_EPRED_PICK,DRAT_EPRED_SHARED_SIDE,MEAN_DRAT_EPRED_SELECTED_PROB,ProbBucket + MarketRole,ProbBucket=70-74.9% | MarketRole=Market Favorite,2,ProbBucket,FAMILY_SELECTED_PROB,USE_FAMILY_SELECTED_PROB,FAMILY_DEPENDENT,DRAT.home_prob|DRAT.away_prob|EPRED.home_prob|EPRED.away_prob|DRAT.moneyline_home|DRAT.moneyline_away|SCHEDULE.home_spread|SCHEDULE.away_spread,NUMERIC_RANGE,0.7,0.75,,0,70-74.9%,MarketRole,SELECTED_MARKET_ROLE,MARKET_ROLE_FOR_FAMILY_SELECTED_SIDE,DRAT|SCHEDULE,DRAT.moneyline_home|DRAT.moneyline_away|SCHEDULE.home_spread|SCHEDULE.away_spread,TEXT_EQUALS,,,Market Favorite,0,Market Favorite,171,121,50,70.76,63.55,77.06,66.61,4.15,5,80.0,4,3,75.0,POSITIVE,4.15,full_test_results.csv
HE0284,1,1,,DRAT_EPRED_CONSENSUS,DRAT_PICK_EQUALS_EPRED_PICK,DRAT_EPRED_SHARED_SIDE,MEAN_DRAT_EPRED_SELECTED_PROB,ProbBucket + MarketRole,ProbBucket=75-79.9% | MarketRole=Market Favorite,2,ProbBucket,FAMILY_SELECTED_PROB,USE_FAMILY_SELECTED_PROB,FAMILY_DEPENDENT,DRAT.home_prob|DRAT.away_prob|EPRED.home_prob|EPRED.away_prob|DRAT.moneyline_home|DRAT.moneyline_away|SCHEDULE.home_spread|SCHEDULE.away_spread,NUMERIC_RANGE,0.75,0.8,,0,75-79.9%,MarketRole,SELECTED_MARKET_ROLE,MARKET_ROLE_FOR_FAMILY_SELECTED_SIDE,DRAT|SCHEDULE,DRAT.moneyline_home|DRAT.moneyline_away|SCHEDULE.home_spread|SCHEDULE.away_spread,TEXT_EQUALS,,,Market Favorite,0,Market Favorite,132,97,35,73.48,65.37,80.27,66.61,6.87,5,80.0,4,3,75.0,POSITIVE,6.87,full_test_results.csv
HE0285,1,1,,DRAT_EPRED_CONSENSUS,DRAT_PICK_EQUALS_EPRED_PICK,DRAT_EPRED_SHARED_SIDE,MEAN_DRAT_EPRED_SELECTED_PROB,ProbBucket + MarketRole,ProbBucket=80-84.9% | MarketRole=Market Favorite,2,ProbBucket,FAMILY_SELECTED_PROB,USE_FAMILY_SELECTED_PROB,FAMILY_DEPENDENT,DRAT.home_prob|DRAT.away_prob|EPRED.home_prob|EPRED.away_prob|DRAT.moneyline_home|DRAT.moneyline_away|SCHEDULE.home_spread|SCHEDULE.away_spread,NUMERIC_RANGE,0.8,0.85,,0,80-84.9%,MarketRole,SELECTED_MARKET_ROLE,MARKET_ROLE_FOR_FAMILY_SELECTED_SIDE,DRAT|SCHEDULE,DRAT.moneyline_home|DRAT.moneyline_away|SCHEDULE.home_spread|SCHEDULE.away_spread,TEXT_EQUALS,,,Market Favorite,0,Market Favorite,86,72,14,83.72,74.51,90.05,66.61,17.11,5,100.0,3,3,100.0,POSITIVE,17.11,full_test_results.csv
HE0286,1,1,,DRAT_EPRED_CONSENSUS,DRAT_PICK_EQUALS_EPRED_PICK,DRAT_EPRED_SHARED_SIDE,MEAN_DRAT_EPRED_SELECTED_PROB,ProbBucket + MarketRole,ProbBucket=<55% | MarketRole=Market Favorite,2,ProbBucket,FAMILY_SELECTED_PROB,USE_FAMILY_SELECTED_PROB,FAMILY_DEPENDENT,DRAT.home_prob|DRAT.away_prob|EPRED.home_prob|EPRED.away_prob|DRAT.moneyline_home|DRAT.moneyline_away|SCHEDULE.home_spread|SCHEDULE.away_spread,NUMERIC_RANGE,,0.55,,0,<55%,MarketRole,SELECTED_MARKET_ROLE,MARKET_ROLE_FOR_FAMILY_SELECTED_SIDE,DRAT|SCHEDULE,DRAT.moneyline_home|DRAT.moneyline_away|SCHEDULE.home_spread|SCHEDULE.away_spread,TEXT_EQUALS,,,Market Favorite,0,Market Favorite,101,59,42,58.42,48.67,67.55,66.61,-8.2,5,80.0,3,2,66.67,NEGATIVE,8.20,full_test_results.csv
HE0287,1,1,,DRAT_EPRED_CONSENSUS,DRAT_PICK_EQUALS_EPRED_PICK,DRAT_EPRED_SHARED_SIDE,MEAN_DRAT_EPRED_SELECTED_PROB,ProbBucket + SpreadBucket,ProbBucket=55-59.9% | SpreadBucket=Fav -0.5 to -2.5,2,ProbBucket,FAMILY_SELECTED_PROB,USE_FAMILY_SELECTED_PROB,FAMILY_DEPENDENT,DRAT.home_prob|DRAT.away_prob|EPRED.home_prob|EPRED.away_prob|DRAT.moneyline_home|DRAT.moneyline_away|SCHEDULE.home_spread|SCHEDULE.away_spread,NUMERIC_RANGE,0.55,0.6,,0,55-59.9%,SpreadBucket,SELECTED_SPREAD,SPREAD_FOR_FAMILY_SELECTED_SIDE,SCHEDULE,SCHEDULE.home_spread|SCHEDULE.away_spread,NUMERIC_RANGE,-3,0,,0,Fav -0.5 to -2.5,149,82,67,55.03,47.02,62.79,66.61,-11.58,5,100.0,4,4,100.0,NEGATIVE,11.58,full_test_results.csv
HE0288,1,1,,DRAT_EPRED_CONSENSUS,DRAT_PICK_EQUALS_EPRED_PICK,DRAT_EPRED_SHARED_SIDE,MEAN_DRAT_EPRED_SELECTED_PROB,ProbBucket + SpreadBucket,ProbBucket=60-64.9% | SpreadBucket=Fav -0.5 to -2.5,2,ProbBucket,FAMILY_SELECTED_PROB,USE_FAMILY_SELECTED_PROB,FAMILY_DEPENDENT,DRAT.home_prob|DRAT.away_prob|EPRED.home_prob|EPRED.away_prob|DRAT.moneyline_home|DRAT.moneyline_away|SCHEDULE.home_spread|SCHEDULE.away_spread,NUMERIC_RANGE,0.6,0.65,,0,60-64.9%,SpreadBucket,SELECTED_SPREAD,SPREAD_FOR_FAMILY_SELECTED_SIDE,SCHEDULE,SCHEDULE.home_spread|SCHEDULE.away_spread,NUMERIC_RANGE,-3,0,,0,Fav -0.5 to -2.5,97,59,38,60.82,50.88,69.95,66.61,-5.79,5,80.0,3,2,66.67,NEGATIVE,5.79,full_test_results.csv
HE0289,1,1,,DRAT_EPRED_CONSENSUS,DRAT_PICK_EQUALS_EPRED_PICK,DRAT_EPRED_SHARED_SIDE,MEAN_DRAT_EPRED_SELECTED_PROB,ProbBucket + SpreadBucket,ProbBucket=65-69.9% | SpreadBucket=Fav -3 to -3.5,2,ProbBucket,FAMILY_SELECTED_PROB,USE_FAMILY_SELECTED_PROB,FAMILY_DEPENDENT,DRAT.home_prob|DRAT.away_prob|EPRED.home_prob|EPRED.away_prob|DRAT.moneyline_home|DRAT.moneyline_away|SCHEDULE.home_spread|SCHEDULE.away_spread,NUMERIC_RANGE,0.65,0.7,,0,65-69.9%,SpreadBucket,SELECTED_SPREAD,SPREAD_FOR_FAMILY_SELECTED_SIDE,SCHEDULE,SCHEDULE.home_spread|SCHEDULE.away_spread,NUMERIC_RANGE,-4,-3,,0,Fav -3 to -3.5,54,39,15,72.22,59.11,82.38,66.61,5.61,5,80.0,3,2,66.67,POSITIVE,5.61,full_test_results.csv
HE0290,1,1,,DRAT_EPRED_CONSENSUS,DRAT_PICK_EQUALS_EPRED_PICK,DRAT_EPRED_SHARED_SIDE,MEAN_DRAT_EPRED_SELECTED_PROB,ProbBucket + SpreadBucket,ProbBucket=65-69.9% | SpreadBucket=Fav -4 to -6.5,2,ProbBucket,FAMILY_SELECTED_PROB,USE_FAMILY_SELECTED_PROB,FAMILY_DEPENDENT,DRAT.home_prob|DRAT.away_prob|EPRED.home_prob|EPRED.away_prob|DRAT.moneyline_home|DRAT.moneyline_away|SCHEDULE.home_spread|SCHEDULE.away_spread,NUMERIC_RANGE,0.65,0.7,,0,65-69.9%,SpreadBucket,SELECTED_SPREAD,SPREAD_FOR_FAMILY_SELECTED_SIDE,SCHEDULE,SCHEDULE.home_spread|SCHEDULE.away_spread,NUMERIC_RANGE,-7,-4,,0,Fav -4 to -6.5,115,84,31,73.04,64.29,80.31,66.61,6.43,5,80.0,4,3,75.0,POSITIVE,6.43,full_test_results.csv
HE0291,1,1,,DRAT_EPRED_CONSENSUS,DRAT_PICK_EQUALS_EPRED_PICK,DRAT_EPRED_SHARED_SIDE,MEAN_DRAT_EPRED_SELECTED_PROB,ProbBucket + SpreadBucket,ProbBucket=<55% | SpreadBucket=Fav -0.5 to -2.5,2,ProbBucket,FAMILY_SELECTED_PROB,USE_FAMILY_SELECTED_PROB,FAMILY_DEPENDENT,DRAT.home_prob|DRAT.away_prob|EPRED.home_prob|EPRED.away_prob|DRAT.moneyline_home|DRAT.moneyline_away|SCHEDULE.home_spread|SCHEDULE.away_spread,NUMERIC_RANGE,,0.55,,0,<55%,SpreadBucket,SELECTED_SPREAD,SPREAD_FOR_FAMILY_SELECTED_SIDE,SCHEDULE,SCHEDULE.home_spread|SCHEDULE.away_spread,NUMERIC_RANGE,-3,0,,0,Fav -0.5 to -2.5,91,52,39,57.14,46.89,66.82,66.61,-9.47,5,80.0,2,2,100.0,NEGATIVE,9.47,full_test_results.csv
HE0292,1,1,,DRAT_EPRED_CONSENSUS,DRAT_PICK_EQUALS_EPRED_PICK,DRAT_EPRED_SHARED_SIDE,MEAN_DRAT_EPRED_SELECTED_PROB,RatingGapBucket + MarketRole,RatingGapBucket=-3 to 0 | MarketRole=Market Favorite,2,RatingGapBucket,SELECTED_EPRED_RATING_GAP,EPRED_RATING_SELECTED_MINUS_OPPONENT,EPRED,EPRED.home_rating|EPRED.away_rating,NUMERIC_RANGE,-3,0,,0,-3 to 0,MarketRole,SELECTED_MARKET_ROLE,MARKET_ROLE_FOR_FAMILY_SELECTED_SIDE,DRAT|SCHEDULE,DRAT.moneyline_home|DRAT.moneyline_away|SCHEDULE.home_spread|SCHEDULE.away_spread,TEXT_EQUALS,,,Market Favorite,0,Market Favorite,81,42,39,51.85,41.14,62.4,66.61,-14.76,5,100.0,4,4,100.0,NEGATIVE,14.76,full_test_results.csv
HE0293,1,1,,DRAT_EPRED_CONSENSUS,DRAT_PICK_EQUALS_EPRED_PICK,DRAT_EPRED_SHARED_SIDE,MEAN_DRAT_EPRED_SELECTED_PROB,RatingGapBucket + MarketRole,RatingGapBucket=0 to 2.9 | MarketRole=Market Favorite,2,RatingGapBucket,SELECTED_EPRED_RATING_GAP,EPRED_RATING_SELECTED_MINUS_OPPONENT,EPRED,EPRED.home_rating|EPRED.away_rating,NUMERIC_RANGE,0,3,,0,0 to 2.9,MarketRole,SELECTED_MARKET_ROLE,MARKET_ROLE_FOR_FAMILY_SELECTED_SIDE,DRAT|SCHEDULE,DRAT.moneyline_home|DRAT.moneyline_away|SCHEDULE.home_spread|SCHEDULE.away_spread,TEXT_EQUALS,,,Market Favorite,0,Market Favorite,272,146,126,53.68,47.74,59.51,66.61,-12.94,5,100.0,4,4,100.0,NEGATIVE,12.94,full_test_results.csv
HE0294,1,1,,DRAT_EPRED_CONSENSUS,DRAT_PICK_EQUALS_EPRED_PICK,DRAT_EPRED_SHARED_SIDE,MEAN_DRAT_EPRED_SELECTED_PROB,RatingGapBucket + MarketRole,RatingGapBucket=10+ | MarketRole=Market Favorite,2,RatingGapBucket,SELECTED_EPRED_RATING_GAP,EPRED_RATING_SELECTED_MINUS_OPPONENT,EPRED,EPRED.home_rating|EPRED.away_rating,NUMERIC_RANGE,10,,,0,10+,MarketRole,SELECTED_MARKET_ROLE,MARKET_ROLE_FOR_FAMILY_SELECTED_SIDE,DRAT|SCHEDULE,DRAT.moneyline_home|DRAT.moneyline_away|SCHEDULE.home_spread|SCHEDULE.away_spread,TEXT_EQUALS,,,Market Favorite,0,Market Favorite,200,161,39,80.5,74.46,85.39,66.61,13.89,5,100.0,4,4,100.0,POSITIVE,13.89,full_test_results.csv
HE0295,1,1,,DRAT_EPRED_CONSENSUS,DRAT_PICK_EQUALS_EPRED_PICK,DRAT_EPRED_SHARED_SIDE,MEAN_DRAT_EPRED_SELECTED_PROB,RatingGapBucket + MarketRole,RatingGapBucket=3 to 5.9 | MarketRole=Market Favorite,2,RatingGapBucket,SELECTED_EPRED_RATING_GAP,EPRED_RATING_SELECTED_MINUS_OPPONENT,EPRED,EPRED.home_rating|EPRED.away_rating,NUMERIC_RANGE,3,6,,0,3 to 5.9,MarketRole,SELECTED_MARKET_ROLE,MARKET_ROLE_FOR_FAMILY_SELECTED_SIDE,DRAT|SCHEDULE,DRAT.moneyline_home|DRAT.moneyline_away|SCHEDULE.home_spread|SCHEDULE.away_spread,TEXT_EQUALS,,,Market Favorite,0,Market Favorite,326,232,94,71.17,66.02,75.81,66.61,4.55,5,80.0,4,3,75.0,POSITIVE,4.55,full_test_results.csv
HE0296,1,1,,DRAT_EPRED_CONSENSUS,DRAT_PICK_EQUALS_EPRED_PICK,DRAT_EPRED_SHARED_SIDE,MEAN_DRAT_EPRED_SELECTED_PROB,RatingGapBucket + MarketRole,RatingGapBucket=6 to 9.9 | MarketRole=Market Favorite,2,RatingGapBucket,SELECTED_EPRED_RATING_GAP,EPRED_RATING_SELECTED_MINUS_OPPONENT,EPRED,EPRED.home_rating|EPRED.away_rating,NUMERIC_RANGE,6,10,,0,6 to 9.9,MarketRole,SELECTED_MARKET_ROLE,MARKET_ROLE_FOR_FAMILY_SELECTED_SIDE,DRAT|SCHEDULE,DRAT.moneyline_home|DRAT.moneyline_away|SCHEDULE.home_spread|SCHEDULE.away_spread,TEXT_EQUALS,,,Market Favorite,0,Market Favorite,283,214,69,75.62,70.29,80.26,66.61,9.01,5,80.0,4,3,75.0,POSITIVE,9.01,full_test_results.csv
HE0297,1,1,,DRAT_EPRED_CONSENSUS,DRAT_PICK_EQUALS_EPRED_PICK,DRAT_EPRED_SHARED_SIDE,MEAN_DRAT_EPRED_SELECTED_PROB,RatingGapBucket + SpreadBucket,RatingGapBucket=-3 to 0 | SpreadBucket=Fav -0.5 to -2.5,2,RatingGapBucket,SELECTED_EPRED_RATING_GAP,EPRED_RATING_SELECTED_MINUS_OPPONENT,EPRED,EPRED.home_rating|EPRED.away_rating,NUMERIC_RANGE,-3,0,,0,-3 to 0,SpreadBucket,SELECTED_SPREAD,SPREAD_FOR_FAMILY_SELECTED_SIDE,SCHEDULE,SCHEDULE.home_spread|SCHEDULE.away_spread,NUMERIC_RANGE,-3,0,,0,Fav -0.5 to -2.5,63,31,32,49.21,37.27,61.24,66.61,-17.41,5,100.0,3,3,100.0,NEGATIVE,17.41,full_test_results.csv
HE0298,1,1,,DRAT_EPRED_CONSENSUS,DRAT_PICK_EQUALS_EPRED_PICK,DRAT_EPRED_SHARED_SIDE,MEAN_DRAT_EPRED_SELECTED_PROB,RatingGapBucket + SpreadBucket,RatingGapBucket=0 to 2.9 | SpreadBucket=Fav -0.5 to -2.5,2,RatingGapBucket,SELECTED_EPRED_RATING_GAP,EPRED_RATING_SELECTED_MINUS_OPPONENT,EPRED,EPRED.home_rating|EPRED.away_rating,NUMERIC_RANGE,0,3,,0,0 to 2.9,SpreadBucket,SELECTED_SPREAD,SPREAD_FOR_FAMILY_SELECTED_SIDE,SCHEDULE,SCHEDULE.home_spread|SCHEDULE.away_spread,NUMERIC_RANGE,-3,0,,0,Fav -0.5 to -2.5,144,74,70,51.39,43.3,59.41,66.61,-15.22,5,100.0,3,3,100.0,NEGATIVE,15.22,full_test_results.csv
HE0299,1,1,,DRAT_EPRED_CONSENSUS,DRAT_PICK_EQUALS_EPRED_PICK,DRAT_EPRED_SHARED_SIDE,MEAN_DRAT_EPRED_SELECTED_PROB,RatingGapBucket + SpreadBucket,RatingGapBucket=0 to 2.9 | SpreadBucket=Fav -3 to -3.5,2,RatingGapBucket,SELECTED_EPRED_RATING_GAP,EPRED_RATING_SELECTED_MINUS_OPPONENT,EPRED,EPRED.home_rating|EPRED.away_rating,NUMERIC_RANGE,0,3,,0,0 to 2.9,SpreadBucket,SELECTED_SPREAD,SPREAD_FOR_FAMILY_SELECTED_SIDE,SCHEDULE,SCHEDULE.home_spread|SCHEDULE.away_spread,NUMERIC_RANGE,-4,-3,,0,Fav -3 to -3.5,61,32,29,52.46,40.16,64.47,66.61,-14.15,5,80.0,3,2,66.67,NEGATIVE,14.15,full_test_results.csv
HE0300,1,1,,DRAT_EPRED_CONSENSUS,DRAT_PICK_EQUALS_EPRED_PICK,DRAT_EPRED_SHARED_SIDE,MEAN_DRAT_EPRED_SELECTED_PROB,RatingGapBucket + SpreadBucket,RatingGapBucket=10+ | SpreadBucket=Fav -10+,2,RatingGapBucket,SELECTED_EPRED_RATING_GAP,EPRED_RATING_SELECTED_MINUS_OPPONENT,EPRED,EPRED.home_rating|EPRED.away_rating,NUMERIC_RANGE,10,,,0,10+,SpreadBucket,SELECTED_SPREAD,SPREAD_FOR_FAMILY_SELECTED_SIDE,SCHEDULE,SCHEDULE.home_spread|SCHEDULE.away_spread,NUMERIC_RANGE,,-10,,0,Fav -10+,93,82,11,88.17,80.05,93.27,66.61,21.56,5,100.0,4,4,100.0,POSITIVE,21.56,full_test_results.csv
HE0301,1,1,,DRAT_EPRED_CONSENSUS,DRAT_PICK_EQUALS_EPRED_PICK,DRAT_EPRED_SHARED_SIDE,MEAN_DRAT_EPRED_SELECTED_PROB,RatingGapBucket + SpreadBucket,RatingGapBucket=3 to 5.9 | SpreadBucket=Fav -3 to -3.5,2,RatingGapBucket,SELECTED_EPRED_RATING_GAP,EPRED_RATING_SELECTED_MINUS_OPPONENT,EPRED,EPRED.home_rating|EPRED.away_rating,NUMERIC_RANGE,3,6,,0,3 to 5.9,SpreadBucket,SELECTED_SPREAD,SPREAD_FOR_FAMILY_SELECTED_SIDE,SCHEDULE,SCHEDULE.home_spread|SCHEDULE.away_spread,NUMERIC_RANGE,-4,-3,,0,Fav -3 to -3.5,62,49,13,79.03,67.36,87.32,66.61,12.42,5,80.0,2,2,100.0,POSITIVE,12.42,full_test_results.csv
HE0302,1,1,,DRAT_EPRED_CONSENSUS,DRAT_PICK_EQUALS_EPRED_PICK,DRAT_EPRED_SHARED_SIDE,MEAN_DRAT_EPRED_SELECTED_PROB,RatingGapBucket + SpreadBucket,RatingGapBucket=6 to 9.9 | SpreadBucket=Fav -7 to -9.5,2,RatingGapBucket,SELECTED_EPRED_RATING_GAP,EPRED_RATING_SELECTED_MINUS_OPPONENT,EPRED,EPRED.home_rating|EPRED.away_rating,NUMERIC_RANGE,6,10,,0,6 to 9.9,SpreadBucket,SELECTED_SPREAD,SPREAD_FOR_FAMILY_SELECTED_SIDE,SCHEDULE,SCHEDULE.home_spread|SCHEDULE.away_spread,NUMERIC_RANGE,-10,-7,,0,Fav -7 to -9.5,64,48,16,75.0,63.18,83.99,66.61,8.39,5,80.0,3,2,66.67,POSITIVE,8.39,full_test_results.csv
HE0303,1,1,,DRAT_EPRED_CONSENSUS,DRAT_PICK_EQUALS_EPRED_PICK,DRAT_EPRED_SHARED_SIDE,MEAN_DRAT_EPRED_SELECTED_PROB,DratEpredAgreement + MarketRole,DratEpredAgreement=Agree | MarketRole=Market Underdog,2,DratEpredAgreement,DRAT_EPRED_AGREEMENT,COMPARE_DRAT_PICK_TO_EPRED_PICK,DRAT|EPRED,DRAT.home_prob|DRAT.away_prob|EPRED.home_prob|EPRED.away_prob,TEXT_EQUALS,,,Agree,0,Agree,MarketRole,SELECTED_MARKET_ROLE,MARKET_ROLE_FOR_FAMILY_SELECTED_SIDE,DRAT|SCHEDULE,DRAT.moneyline_home|DRAT.moneyline_away|SCHEDULE.home_spread|SCHEDULE.away_spread,TEXT_EQUALS,,,Market Underdog,0,Market Underdog,55,24,31,43.64,31.37,56.73,66.61,-22.98,5,100.0,3,3,100.0,NEGATIVE,22.98,full_test_results.csv
HE0304,1,1,,DRAT_EPRED_CONSENSUS,DRAT_PICK_EQUALS_EPRED_PICK,DRAT_EPRED_SHARED_SIDE,MEAN_DRAT_EPRED_SELECTED_PROB,DratEpredAgreement + ModelDiffBucket,DratEpredAgreement=Agree | ModelDiffBucket=15+ pts,2,DratEpredAgreement,DRAT_EPRED_AGREEMENT,COMPARE_DRAT_PICK_TO_EPRED_PICK,DRAT|EPRED,DRAT.home_prob|DRAT.away_prob|EPRED.home_prob|EPRED.away_prob,TEXT_EQUALS,,,Agree,0,Agree,ModelDiffBucket,DRAT_EPRED_HOME_PROB_ABS_DIFF_PP,ABS_DRAT_HOME_PROB_MINUS_EPRED_NORMALIZED_HOME_PROB_X100,DRAT|EPRED,DRAT.home_prob|EPRED.home_prob|EPRED.away_prob,NUMERIC_RANGE,15,,,0,15+ pts,69,54,15,78.26,67.18,86.36,66.61,11.65,5,80.0,3,2,66.67,POSITIVE,11.65,full_test_results.csv
HE0305,1,1,,DRAT_EPRED_CONSENSUS,DRAT_PICK_EQUALS_EPRED_PICK,DRAT_EPRED_SHARED_SIDE,MEAN_DRAT_EPRED_SELECTED_PROB,DratEpredAgreement + ModelDiffBucket,DratEpredAgreement=Agree | ModelDiffBucket=6-9.9 pts,2,DratEpredAgreement,DRAT_EPRED_AGREEMENT,COMPARE_DRAT_PICK_TO_EPRED_PICK,DRAT|EPRED,DRAT.home_prob|DRAT.away_prob|EPRED.home_prob|EPRED.away_prob,TEXT_EQUALS,,,Agree,0,Agree,ModelDiffBucket,DRAT_EPRED_HOME_PROB_ABS_DIFF_PP,ABS_DRAT_HOME_PROB_MINUS_EPRED_NORMALIZED_HOME_PROB_X100,DRAT|EPRED,DRAT.home_prob|EPRED.home_prob|EPRED.away_prob,NUMERIC_RANGE,6,10,,0,6-9.9 pts,281,204,77,72.6,67.1,77.48,66.61,5.99,5,100.0,4,4,100.0,POSITIVE,5.99,full_test_results.csv
HE0306,1,1,,DRAT_EPRED_CONSENSUS,DRAT_PICK_EQUALS_EPRED_PICK,DRAT_EPRED_SHARED_SIDE,MEAN_DRAT_EPRED_SELECTED_PROB,DratEpredAgreement + ModelDiffBucket,DratEpredAgreement=Agree | ModelDiffBucket=<3 pts,2,DratEpredAgreement,DRAT_EPRED_AGREEMENT,COMPARE_DRAT_PICK_TO_EPRED_PICK,DRAT|EPRED,DRAT.home_prob|DRAT.away_prob|EPRED.home_prob|EPRED.away_prob,TEXT_EQUALS,,,Agree,0,Agree,ModelDiffBucket,DRAT_EPRED_HOME_PROB_ABS_DIFF_PP,ABS_DRAT_HOME_PROB_MINUS_EPRED_NORMALIZED_HOME_PROB_X100,DRAT|EPRED,DRAT.home_prob|EPRED.home_prob|EPRED.away_prob,NUMERIC_RANGE,,3,,0,<3 pts,395,231,164,58.48,53.56,63.24,66.61,-8.13,5,100.0,4,4,100.0,NEGATIVE,8.13,full_test_results.csv
HE0307,1,1,,DRAT_EPRED_CONSENSUS,DRAT_PICK_EQUALS_EPRED_PICK,DRAT_EPRED_SHARED_SIDE,MEAN_DRAT_EPRED_SELECTED_PROB,SelectedVsMarket + ProbBucket,SelectedVsMarket=Agree | ProbBucket=55-59.9%,2,SelectedVsMarket,FAMILY_VS_MARKET_AGREEMENT,COMPARE_FAMILY_PICK_TO_MARKET_PICK,DRAT|EPRED|SCHEDULE,DRAT.home_prob|DRAT.away_prob|EPRED.home_prob|EPRED.away_prob|DRAT.moneyline_home|DRAT.moneyline_away|SCHEDULE.home_spread|SCHEDULE.away_spread,TEXT_EQUALS,,,Agree,0,Agree,ProbBucket,FAMILY_SELECTED_PROB,USE_FAMILY_SELECTED_PROB,FAMILY_DEPENDENT,DRAT.home_prob|DRAT.away_prob|EPRED.home_prob|EPRED.away_prob|DRAT.moneyline_home|DRAT.moneyline_away|SCHEDULE.home_spread|SCHEDULE.away_spread,NUMERIC_RANGE,0.55,0.6,,0,55-59.9%,203,114,89,56.16,49.28,62.81,66.61,-10.46,5,100.0,4,4,100.0,NEGATIVE,10.46,full_test_results.csv
HE0308,1,1,,DRAT_EPRED_CONSENSUS,DRAT_PICK_EQUALS_EPRED_PICK,DRAT_EPRED_SHARED_SIDE,MEAN_DRAT_EPRED_SELECTED_PROB,SelectedVsMarket + ProbBucket,SelectedVsMarket=Agree | ProbBucket=70-74.9%,2,SelectedVsMarket,FAMILY_VS_MARKET_AGREEMENT,COMPARE_FAMILY_PICK_TO_MARKET_PICK,DRAT|EPRED|SCHEDULE,DRAT.home_prob|DRAT.away_prob|EPRED.home_prob|EPRED.away_prob|DRAT.moneyline_home|DRAT.moneyline_away|SCHEDULE.home_spread|SCHEDULE.away_spread,TEXT_EQUALS,,,Agree,0,Agree,ProbBucket,FAMILY_SELECTED_PROB,USE_FAMILY_SELECTED_PROB,FAMILY_DEPENDENT,DRAT.home_prob|DRAT.away_prob|EPRED.home_prob|EPRED.away_prob|DRAT.moneyline_home|DRAT.moneyline_away|SCHEDULE.home_spread|SCHEDULE.away_spread,NUMERIC_RANGE,0.7,0.75,,0,70-74.9%,171,121,50,70.76,63.55,77.06,66.61,4.15,5,80.0,4,3,75.0,POSITIVE,4.15,full_test_results.csv
HE0309,1,1,,DRAT_EPRED_CONSENSUS,DRAT_PICK_EQUALS_EPRED_PICK,DRAT_EPRED_SHARED_SIDE,MEAN_DRAT_EPRED_SELECTED_PROB,SelectedVsMarket + ProbBucket,SelectedVsMarket=Agree | ProbBucket=75-79.9%,2,SelectedVsMarket,FAMILY_VS_MARKET_AGREEMENT,COMPARE_FAMILY_PICK_TO_MARKET_PICK,DRAT|EPRED|SCHEDULE,DRAT.home_prob|DRAT.away_prob|EPRED.home_prob|EPRED.away_prob|DRAT.moneyline_home|DRAT.moneyline_away|SCHEDULE.home_spread|SCHEDULE.away_spread,TEXT_EQUALS,,,Agree,0,Agree,ProbBucket,FAMILY_SELECTED_PROB,USE_FAMILY_SELECTED_PROB,FAMILY_DEPENDENT,DRAT.home_prob|DRAT.away_prob|EPRED.home_prob|EPRED.away_prob|DRAT.moneyline_home|DRAT.moneyline_away|SCHEDULE.home_spread|SCHEDULE.away_spread,NUMERIC_RANGE,0.75,0.8,,0,75-79.9%,132,97,35,73.48,65.37,80.27,66.61,6.87,5,80.0,4,3,75.0,POSITIVE,6.87,full_test_results.csv
HE0310,1,1,,DRAT_EPRED_CONSENSUS,DRAT_PICK_EQUALS_EPRED_PICK,DRAT_EPRED_SHARED_SIDE,MEAN_DRAT_EPRED_SELECTED_PROB,SelectedVsMarket + ProbBucket,SelectedVsMarket=Agree | ProbBucket=80-84.9%,2,SelectedVsMarket,FAMILY_VS_MARKET_AGREEMENT,COMPARE_FAMILY_PICK_TO_MARKET_PICK,DRAT|EPRED|SCHEDULE,DRAT.home_prob|DRAT.away_prob|EPRED.home_prob|EPRED.away_prob|DRAT.moneyline_home|DRAT.moneyline_away|SCHEDULE.home_spread|SCHEDULE.away_spread,TEXT_EQUALS,,,Agree,0,Agree,ProbBucket,FAMILY_SELECTED_PROB,USE_FAMILY_SELECTED_PROB,FAMILY_DEPENDENT,DRAT.home_prob|DRAT.away_prob|EPRED.home_prob|EPRED.away_prob|DRAT.moneyline_home|DRAT.moneyline_away|SCHEDULE.home_spread|SCHEDULE.away_spread,NUMERIC_RANGE,0.8,0.85,,0,80-84.9%,86,72,14,83.72,74.51,90.05,66.61,17.11,5,100.0,3,3,100.0,POSITIVE,17.11,full_test_results.csv
HE0311,1,1,,DRAT_EPRED_CONSENSUS,DRAT_PICK_EQUALS_EPRED_PICK,DRAT_EPRED_SHARED_SIDE,MEAN_DRAT_EPRED_SELECTED_PROB,SelectedVsMarket + ProbBucket,SelectedVsMarket=Agree | ProbBucket=<55%,2,SelectedVsMarket,FAMILY_VS_MARKET_AGREEMENT,COMPARE_FAMILY_PICK_TO_MARKET_PICK,DRAT|EPRED|SCHEDULE,DRAT.home_prob|DRAT.away_prob|EPRED.home_prob|EPRED.away_prob|DRAT.moneyline_home|DRAT.moneyline_away|SCHEDULE.home_spread|SCHEDULE.away_spread,TEXT_EQUALS,,,Agree,0,Agree,ProbBucket,FAMILY_SELECTED_PROB,USE_FAMILY_SELECTED_PROB,FAMILY_DEPENDENT,DRAT.home_prob|DRAT.away_prob|EPRED.home_prob|EPRED.away_prob|DRAT.moneyline_home|DRAT.moneyline_away|SCHEDULE.home_spread|SCHEDULE.away_spread,NUMERIC_RANGE,,0.55,,0,<55%,101,59,42,58.42,48.67,67.55,66.61,-8.2,5,80.0,3,2,66.67,NEGATIVE,8.20,full_test_results.csv
HE0312,1,1,,DRAT_EPRED_CONSENSUS,DRAT_PICK_EQUALS_EPRED_PICK,DRAT_EPRED_SHARED_SIDE,MEAN_DRAT_EPRED_SELECTED_PROB,SelectedVsMarket + RatingGapBucket,SelectedVsMarket=Agree | RatingGapBucket=-3 to 0,2,SelectedVsMarket,FAMILY_VS_MARKET_AGREEMENT,COMPARE_FAMILY_PICK_TO_MARKET_PICK,DRAT|EPRED|SCHEDULE,DRAT.home_prob|DRAT.away_prob|EPRED.home_prob|EPRED.away_prob|DRAT.moneyline_home|DRAT.moneyline_away|SCHEDULE.home_spread|SCHEDULE.away_spread,TEXT_EQUALS,,,Agree,0,Agree,RatingGapBucket,SELECTED_EPRED_RATING_GAP,EPRED_RATING_SELECTED_MINUS_OPPONENT,EPRED,EPRED.home_rating|EPRED.away_rating,NUMERIC_RANGE,-3,0,,0,-3 to 0,81,42,39,51.85,41.14,62.4,66.61,-14.76,5,100.0,4,4,100.0,NEGATIVE,14.76,full_test_results.csv
HE0313,1,1,,DRAT_EPRED_CONSENSUS,DRAT_PICK_EQUALS_EPRED_PICK,DRAT_EPRED_SHARED_SIDE,MEAN_DRAT_EPRED_SELECTED_PROB,SelectedVsMarket + RatingGapBucket,SelectedVsMarket=Agree | RatingGapBucket=0 to 2.9,2,SelectedVsMarket,FAMILY_VS_MARKET_AGREEMENT,COMPARE_FAMILY_PICK_TO_MARKET_PICK,DRAT|EPRED|SCHEDULE,DRAT.home_prob|DRAT.away_prob|EPRED.home_prob|EPRED.away_prob|DRAT.moneyline_home|DRAT.moneyline_away|SCHEDULE.home_spread|SCHEDULE.away_spread,TEXT_EQUALS,,,Agree,0,Agree,RatingGapBucket,SELECTED_EPRED_RATING_GAP,EPRED_RATING_SELECTED_MINUS_OPPONENT,EPRED,EPRED.home_rating|EPRED.away_rating,NUMERIC_RANGE,0,3,,0,0 to 2.9,272,146,126,53.68,47.74,59.51,66.61,-12.94,5,100.0,4,4,100.0,NEGATIVE,12.94,full_test_results.csv
HE0314,1,1,,DRAT_EPRED_CONSENSUS,DRAT_PICK_EQUALS_EPRED_PICK,DRAT_EPRED_SHARED_SIDE,MEAN_DRAT_EPRED_SELECTED_PROB,SelectedVsMarket + RatingGapBucket,SelectedVsMarket=Agree | RatingGapBucket=10+,2,SelectedVsMarket,FAMILY_VS_MARKET_AGREEMENT,COMPARE_FAMILY_PICK_TO_MARKET_PICK,DRAT|EPRED|SCHEDULE,DRAT.home_prob|DRAT.away_prob|EPRED.home_prob|EPRED.away_prob|DRAT.moneyline_home|DRAT.moneyline_away|SCHEDULE.home_spread|SCHEDULE.away_spread,TEXT_EQUALS,,,Agree,0,Agree,RatingGapBucket,SELECTED_EPRED_RATING_GAP,EPRED_RATING_SELECTED_MINUS_OPPONENT,EPRED,EPRED.home_rating|EPRED.away_rating,NUMERIC_RANGE,10,,,0,10+,200,161,39,80.5,74.46,85.39,66.61,13.89,5,100.0,4,4,100.0,POSITIVE,13.89,full_test_results.csv
HE0315,1,1,,DRAT_EPRED_CONSENSUS,DRAT_PICK_EQUALS_EPRED_PICK,DRAT_EPRED_SHARED_SIDE,MEAN_DRAT_EPRED_SELECTED_PROB,SelectedVsMarket + RatingGapBucket,SelectedVsMarket=Agree | RatingGapBucket=3 to 5.9,2,SelectedVsMarket,FAMILY_VS_MARKET_AGREEMENT,COMPARE_FAMILY_PICK_TO_MARKET_PICK,DRAT|EPRED|SCHEDULE,DRAT.home_prob|DRAT.away_prob|EPRED.home_prob|EPRED.away_prob|DRAT.moneyline_home|DRAT.moneyline_away|SCHEDULE.home_spread|SCHEDULE.away_spread,TEXT_EQUALS,,,Agree,0,Agree,RatingGapBucket,SELECTED_EPRED_RATING_GAP,EPRED_RATING_SELECTED_MINUS_OPPONENT,EPRED,EPRED.home_rating|EPRED.away_rating,NUMERIC_RANGE,3,6,,0,3 to 5.9,326,232,94,71.17,66.02,75.81,66.61,4.55,5,80.0,4,3,75.0,POSITIVE,4.55,full_test_results.csv
HE0316,1,1,,DRAT_EPRED_CONSENSUS,DRAT_PICK_EQUALS_EPRED_PICK,DRAT_EPRED_SHARED_SIDE,MEAN_DRAT_EPRED_SELECTED_PROB,SelectedVsMarket + RatingGapBucket,SelectedVsMarket=Agree | RatingGapBucket=6 to 9.9,2,SelectedVsMarket,FAMILY_VS_MARKET_AGREEMENT,COMPARE_FAMILY_PICK_TO_MARKET_PICK,DRAT|EPRED|SCHEDULE,DRAT.home_prob|DRAT.away_prob|EPRED.home_prob|EPRED.away_prob|DRAT.moneyline_home|DRAT.moneyline_away|SCHEDULE.home_spread|SCHEDULE.away_spread,TEXT_EQUALS,,,Agree,0,Agree,RatingGapBucket,SELECTED_EPRED_RATING_GAP,EPRED_RATING_SELECTED_MINUS_OPPONENT,EPRED,EPRED.home_rating|EPRED.away_rating,NUMERIC_RANGE,6,10,,0,6 to 9.9,283,214,69,75.62,70.29,80.26,66.61,9.01,5,80.0,4,3,75.0,POSITIVE,9.01,full_test_results.csv
HE0317,1,1,,DRAT_EPRED_CONSENSUS,DRAT_PICK_EQUALS_EPRED_PICK,DRAT_EPRED_SHARED_SIDE,MEAN_DRAT_EPRED_SELECTED_PROB,SelectedVsMarket + ModelMarketEdgeBucket,SelectedVsMarket=Agree | ModelMarketEdgeBucket=+5 to +10 pts,2,SelectedVsMarket,FAMILY_VS_MARKET_AGREEMENT,COMPARE_FAMILY_PICK_TO_MARKET_PICK,DRAT|EPRED|SCHEDULE,DRAT.home_prob|DRAT.away_prob|EPRED.home_prob|EPRED.away_prob|DRAT.moneyline_home|DRAT.moneyline_away|SCHEDULE.home_spread|SCHEDULE.away_spread,TEXT_EQUALS,,,Agree,0,Agree,ModelMarketEdgeBucket,FAMILY_MARKET_EDGE_PP,FAMILY_SELECTED_PROB_MINUS_MARKET_SELECTED_PROB_X100,DRAT|EPRED|SCHEDULE,DRAT.home_prob|DRAT.away_prob|EPRED.home_prob|EPRED.away_prob|DRAT.moneyline_home|DRAT.moneyline_away|SCHEDULE.home_spread|SCHEDULE.away_spread,NUMERIC_RANGE,5,10,,0,+5 to +10 pts,100,62,38,62.0,52.21,70.9,66.61,-4.61,5,100.0,3,3,100.0,NEGATIVE,4.61,full_test_results.csv
HE0318,1,1,,DRAT_EPRED_CONSENSUS,DRAT_PICK_EQUALS_EPRED_PICK,DRAT_EPRED_SHARED_SIDE,MEAN_DRAT_EPRED_SELECTED_PROB,SelectedVsMarket + ModelMarketEdgeBucket,SelectedVsMarket=Agree | ModelMarketEdgeBucket=-10 to -5 pts,2,SelectedVsMarket,FAMILY_VS_MARKET_AGREEMENT,COMPARE_FAMILY_PICK_TO_MARKET_PICK,DRAT|EPRED|SCHEDULE,DRAT.home_prob|DRAT.away_prob|EPRED.home_prob|EPRED.away_prob|DRAT.moneyline_home|DRAT.moneyline_away|SCHEDULE.home_spread|SCHEDULE.away_spread,TEXT_EQUALS,,,Agree,0,Agree,ModelMarketEdgeBucket,FAMILY_MARKET_EDGE_PP,FAMILY_SELECTED_PROB_MINUS_MARKET_SELECTED_PROB_X100,DRAT|EPRED|SCHEDULE,DRAT.home_prob|DRAT.away_prob|EPRED.home_prob|EPRED.away_prob|DRAT.moneyline_home|DRAT.moneyline_away|SCHEDULE.home_spread|SCHEDULE.away_spread,NUMERIC_RANGE,-10,-5,,0,-10 to -5 pts,233,170,63,72.96,66.92,78.26,66.61,6.35,5,100.0,4,4,100.0,POSITIVE,6.35,full_test_results.csv
HE0319,1,1,,DRAT_EPRED_CONSENSUS,DRAT_PICK_EQUALS_EPRED_PICK,DRAT_EPRED_SHARED_SIDE,MEAN_DRAT_EPRED_SELECTED_PROB,SelectedVsMarket + ModelMarketEdgeBucket,SelectedVsMarket=Agree | ModelMarketEdgeBucket=-5 to -2 pts,2,SelectedVsMarket,FAMILY_VS_MARKET_AGREEMENT,COMPARE_FAMILY_PICK_TO_MARKET_PICK,DRAT|EPRED|SCHEDULE,DRAT.home_prob|DRAT.away_prob|EPRED.home_prob|EPRED.away_prob|DRAT.moneyline_home|DRAT.moneyline_away|SCHEDULE.home_spread|SCHEDULE.away_spread,TEXT_EQUALS,,,Agree,0,Agree,ModelMarketEdgeBucket,FAMILY_MARKET_EDGE_PP,FAMILY_SELECTED_PROB_MINUS_MARKET_SELECTED_PROB_X100,DRAT|EPRED|SCHEDULE,DRAT.home_prob|DRAT.away_prob|EPRED.home_prob|EPRED.away_prob|DRAT.moneyline_home|DRAT.moneyline_away|SCHEDULE.home_spread|SCHEDULE.away_spread,NUMERIC_RANGE,-5,-2,,0,-5 to -2 pts,271,194,77,71.59,65.94,76.63,66.61,4.97,5,80.0,4,3,75.0,POSITIVE,4.97,full_test_results.csv
HE0320,1,1,,DRAT_EPRED_CONSENSUS,DRAT_PICK_EQUALS_EPRED_PICK,DRAT_EPRED_SHARED_SIDE,MEAN_DRAT_EPRED_SELECTED_PROB,WeekBucket + ProbBucket,WeekBucket=Weeks 1-3 | ProbBucket=55-59.9%,2,WeekBucket,WEEK,RAW_WEEK,SCHEDULE,SCHEDULE.week,NUMERIC_RANGE,1,4,,0,Weeks 1-3,ProbBucket,FAMILY_SELECTED_PROB,USE_FAMILY_SELECTED_PROB,FAMILY_DEPENDENT,DRAT.home_prob|DRAT.away_prob|EPRED.home_prob|EPRED.away_prob|DRAT.moneyline_home|DRAT.moneyline_away|SCHEDULE.home_spread|SCHEDULE.away_spread,NUMERIC_RANGE,0.55,0.6,,0,55-59.9%,59,34,25,57.63,44.93,69.39,66.61,-8.99,5,100.0,3,3,100.0,NEGATIVE,8.99,full_test_results.csv
HE0321,1,1,,DRAT_EPRED_CONSENSUS,DRAT_PICK_EQUALS_EPRED_PICK,DRAT_EPRED_SHARED_SIDE,MEAN_DRAT_EPRED_SELECTED_PROB,WeekBucket + ProbBucket,WeekBucket=Weeks 14+ | ProbBucket=55-59.9%,2,WeekBucket,WEEK,RAW_WEEK,SCHEDULE,SCHEDULE.week,NUMERIC_RANGE,14,,,0,Weeks 14+,ProbBucket,FAMILY_SELECTED_PROB,USE_FAMILY_SELECTED_PROB,FAMILY_DEPENDENT,DRAT.home_prob|DRAT.away_prob|EPRED.home_prob|EPRED.away_prob|DRAT.moneyline_home|DRAT.moneyline_away|SCHEDULE.home_spread|SCHEDULE.away_spread,NUMERIC_RANGE,0.55,0.6,,0,55-59.9%,52,31,21,59.62,46.07,71.84,66.61,-7.0,5,80.0,2,2,100.0,NEGATIVE,7.00,full_test_results.csv
HE0322,1,1,,DRAT_EPRED_CONSENSUS,DRAT_PICK_EQUALS_EPRED_PICK,DRAT_EPRED_SHARED_SIDE,MEAN_DRAT_EPRED_SELECTED_PROB,WeekBucket + ProbBucket,WeekBucket=Weeks 14+ | ProbBucket=65-69.9%,2,WeekBucket,WEEK,RAW_WEEK,SCHEDULE,SCHEDULE.week,NUMERIC_RANGE,14,,,0,Weeks 14+,ProbBucket,FAMILY_SELECTED_PROB,USE_FAMILY_SELECTED_PROB,FAMILY_DEPENDENT,DRAT.home_prob|DRAT.away_prob|EPRED.home_prob|EPRED.away_prob|DRAT.moneyline_home|DRAT.moneyline_away|SCHEDULE.home_spread|SCHEDULE.away_spread,NUMERIC_RANGE,0.65,0.7,,0,65-69.9%,56,33,23,58.93,45.88,70.83,66.61,-7.68,5,80.0,3,2,66.67,NEGATIVE,7.68,full_test_results.csv
HE0323,1,1,,DRAT_EPRED_CONSENSUS,DRAT_PICK_EQUALS_EPRED_PICK,DRAT_EPRED_SHARED_SIDE,MEAN_DRAT_EPRED_SELECTED_PROB,WeekBucket + ProbBucket,WeekBucket=Weeks 4-8 | ProbBucket=55-59.9%,2,WeekBucket,WEEK,RAW_WEEK,SCHEDULE,SCHEDULE.week,NUMERIC_RANGE,4,9,,0,Weeks 4-8,ProbBucket,FAMILY_SELECTED_PROB,USE_FAMILY_SELECTED_PROB,FAMILY_DEPENDENT,DRAT.home_prob|DRAT.away_prob|EPRED.home_prob|EPRED.away_prob|DRAT.moneyline_home|DRAT.moneyline_away|SCHEDULE.home_spread|SCHEDULE.away_spread,NUMERIC_RANGE,0.55,0.6,,0,55-59.9%,59,35,24,59.32,46.59,70.91,66.61,-7.29,5,80.0,3,3,100.0,NEGATIVE,7.29,full_test_results.csv
HE0324,1,1,,DRAT_EPRED_CONSENSUS,DRAT_PICK_EQUALS_EPRED_PICK,DRAT_EPRED_SHARED_SIDE,MEAN_DRAT_EPRED_SELECTED_PROB,WeekBucket + ProbBucket,WeekBucket=Weeks 4-8 | ProbBucket=60-64.9%,2,WeekBucket,WEEK,RAW_WEEK,SCHEDULE,SCHEDULE.week,NUMERIC_RANGE,4,9,,0,Weeks 4-8,ProbBucket,FAMILY_SELECTED_PROB,USE_FAMILY_SELECTED_PROB,FAMILY_DEPENDENT,DRAT.home_prob|DRAT.away_prob|EPRED.home_prob|EPRED.away_prob|DRAT.moneyline_home|DRAT.moneyline_away|SCHEDULE.home_spread|SCHEDULE.away_spread,NUMERIC_RANGE,0.6,0.65,,0,60-64.9%,63,39,24,61.9,49.56,72.88,66.61,-4.71,5,80.0,3,2,66.67,NEGATIVE,4.71,full_test_results.csv
HE0325,0,0,Historical SurfaceBucket used a field whose values encoded Dome/Indoor vs Outdoor; supplied current surface field is playing-surface material and is not equivalent. | No current wind_speed field was supplied.,DRAT_EPRED_CONSENSUS,DRAT_PICK_EQUALS_EPRED_PICK,DRAT_EPRED_SHARED_SIDE,MEAN_DRAT_EPRED_SELECTED_PROB,SurfaceBucket + WindBucket,SurfaceBucket=Outdoor | WindBucket=15-19.9 mph,2,SurfaceBucket,HISTORICAL_SURFACE_CLASS,UNAVAILABLE,,,TEXT_EQUALS,,,Outdoor,0,Outdoor,WindBucket,WIND_SPEED,UNAVAILABLE,,,NUMERIC_RANGE,15,20,,0,15-19.9 mph,53,40,13,75.47,62.43,85.07,66.61,8.86,5,80.0,2,2,100.0,POSITIVE,8.86,full_test_results.csv
HE0326,0,0,No current temperature field was supplied. | No current wind_speed field was supplied.,DRAT_EPRED_CONSENSUS,DRAT_PICK_EQUALS_EPRED_PICK,DRAT_EPRED_SHARED_SIDE,MEAN_DRAT_EPRED_SELECTED_PROB,TemperatureBucket + WindBucket,TemperatureBucket=32-49F | WindBucket=10-14.9 mph,2,TemperatureBucket,TEMPERATURE,UNAVAILABLE,,,NUMERIC_RANGE,32,50,,0,32-49F,WindBucket,WIND_SPEED,UNAVAILABLE,,,NUMERIC_RANGE,10,15,,0,10-14.9 mph,52,30,22,57.69,44.19,70.13,66.61,-8.92,5,80.0,2,2,100.0,NEGATIVE,8.92,full_test_results.csv
HE0327,0,0,No current temperature field was supplied. | No current wind_speed field was supplied.,DRAT_EPRED_CONSENSUS,DRAT_PICK_EQUALS_EPRED_PICK,DRAT_EPRED_SHARED_SIDE,MEAN_DRAT_EPRED_SELECTED_PROB,TemperatureBucket + WindBucket,TemperatureBucket=50-69F | WindBucket=10-14.9 mph,2,TemperatureBucket,TEMPERATURE,UNAVAILABLE,,,NUMERIC_RANGE,50,70,,0,50-69F,WindBucket,WIND_SPEED,UNAVAILABLE,,,NUMERIC_RANGE,10,15,,0,10-14.9 mph,68,51,17,75.0,63.56,83.77,66.61,8.39,5,80.0,3,2,66.67,POSITIVE,8.39,full_test_results.csv
HE0328,1,1,,ALL3_CONSENSUS,DRAT_PICK_EQUALS_EPRED_PICK_EQUALS_MARKET_PICK,DRAT_EPRED_MARKET_SHARED_SIDE,MEAN_DRAT_EPRED_MARKET_SELECTED_PROB,ProbBucket,ProbBucket=55-59.9%,1,ProbBucket,FAMILY_SELECTED_PROB,USE_FAMILY_SELECTED_PROB,FAMILY_DEPENDENT,DRAT.home_prob|DRAT.away_prob|EPRED.home_prob|EPRED.away_prob|DRAT.moneyline_home|DRAT.moneyline_away|SCHEDULE.home_spread|SCHEDULE.away_spread,NUMERIC_RANGE,0.55,0.6,,0,55-59.9%,,,,,,,,,,,,202,113,89,55.94,49.05,62.61,67.8,-11.86,5,100.0,4,4,100.0,NEGATIVE,11.86,full_test_results.csv
HE0329,1,1,,ALL3_CONSENSUS,DRAT_PICK_EQUALS_EPRED_PICK_EQUALS_MARKET_PICK,DRAT_EPRED_MARKET_SHARED_SIDE,MEAN_DRAT_EPRED_MARKET_SELECTED_PROB,ProbBucket,ProbBucket=60-64.9%,1,ProbBucket,FAMILY_SELECTED_PROB,USE_FAMILY_SELECTED_PROB,FAMILY_DEPENDENT,DRAT.home_prob|DRAT.away_prob|EPRED.home_prob|EPRED.away_prob|DRAT.moneyline_home|DRAT.moneyline_away|SCHEDULE.home_spread|SCHEDULE.away_spread,NUMERIC_RANGE,0.6,0.65,,0,60-64.9%,,,,,,,,,,,,257,161,96,62.65,56.59,68.33,67.8,-5.15,5,80.0,4,3,75.0,NEGATIVE,5.15,full_test_results.csv
HE0330,1,1,,ALL3_CONSENSUS,DRAT_PICK_EQUALS_EPRED_PICK_EQUALS_MARKET_PICK,DRAT_EPRED_MARKET_SHARED_SIDE,MEAN_DRAT_EPRED_MARKET_SELECTED_PROB,ProbBucket,ProbBucket=70-74.9%,1,ProbBucket,FAMILY_SELECTED_PROB,USE_FAMILY_SELECTED_PROB,FAMILY_DEPENDENT,DRAT.home_prob|DRAT.away_prob|EPRED.home_prob|EPRED.away_prob|DRAT.moneyline_home|DRAT.moneyline_away|SCHEDULE.home_spread|SCHEDULE.away_spread,NUMERIC_RANGE,0.7,0.75,,0,70-74.9%,,,,,,,,,,,,185,136,49,73.51,66.72,79.35,67.8,5.71,5,80.0,4,3,75.0,POSITIVE,5.71,full_test_results.csv
HE0331,1,1,,ALL3_CONSENSUS,DRAT_PICK_EQUALS_EPRED_PICK_EQUALS_MARKET_PICK,DRAT_EPRED_MARKET_SHARED_SIDE,MEAN_DRAT_EPRED_MARKET_SELECTED_PROB,ProbBucket,ProbBucket=80-84.9%,1,ProbBucket,FAMILY_SELECTED_PROB,USE_FAMILY_SELECTED_PROB,FAMILY_DEPENDENT,DRAT.home_prob|DRAT.away_prob|EPRED.home_prob|EPRED.away_prob|DRAT.moneyline_home|DRAT.moneyline_away|SCHEDULE.home_spread|SCHEDULE.away_spread,NUMERIC_RANGE,0.8,0.85,,0,80-84.9%,,,,,,,,,,,,94,80,14,85.11,76.54,90.92,67.8,17.31,5,100.0,3,3,100.0,POSITIVE,17.31,full_test_results.csv
HE0332,1,1,,ALL3_CONSENSUS,DRAT_PICK_EQUALS_EPRED_PICK_EQUALS_MARKET_PICK,DRAT_EPRED_MARKET_SHARED_SIDE,MEAN_DRAT_EPRED_MARKET_SELECTED_PROB,ProbBucket,ProbBucket=<55%,1,ProbBucket,FAMILY_SELECTED_PROB,USE_FAMILY_SELECTED_PROB,FAMILY_DEPENDENT,DRAT.home_prob|DRAT.away_prob|EPRED.home_prob|EPRED.away_prob|DRAT.moneyline_home|DRAT.moneyline_away|SCHEDULE.home_spread|SCHEDULE.away_spread,NUMERIC_RANGE,,0.55,,0,<55%,,,,,,,,,,,,63,31,32,49.21,37.27,61.24,67.8,-18.59,5,100.0,2,2,100.0,NEGATIVE,18.59,full_test_results.csv
HE0333,1,1,,ALL3_CONSENSUS,DRAT_PICK_EQUALS_EPRED_PICK_EQUALS_MARKET_PICK,DRAT_EPRED_MARKET_SHARED_SIDE,MEAN_DRAT_EPRED_MARKET_SELECTED_PROB,SpreadBucket,SpreadBucket=Fav -0.5 to -2.5,1,SpreadBucket,SELECTED_SPREAD,SPREAD_FOR_FAMILY_SELECTED_SIDE,SCHEDULE,SCHEDULE.home_spread|SCHEDULE.away_spread,NUMERIC_RANGE,-3,0,,0,Fav -0.5 to -2.5,,,,,,,,,,,,358,201,157,56.15,50.97,61.19,67.8,-11.65,5,100.0,4,4,100.0,NEGATIVE,11.65,full_test_results.csv
HE0334,1,1,,ALL3_CONSENSUS,DRAT_PICK_EQUALS_EPRED_PICK_EQUALS_MARKET_PICK,DRAT_EPRED_MARKET_SHARED_SIDE,MEAN_DRAT_EPRED_MARKET_SELECTED_PROB,SpreadBucket,SpreadBucket=Fav -10+,1,SpreadBucket,SELECTED_SPREAD,SPREAD_FOR_FAMILY_SELECTED_SIDE,SCHEDULE,SCHEDULE.home_spread|SCHEDULE.away_spread,NUMERIC_RANGE,,-10,,0,Fav -10+,,,,,,,,,,,,129,114,15,88.37,81.7,92.83,67.8,20.57,5,100.0,4,4,100.0,POSITIVE,20.57,full_test_results.csv
HE0335,1,1,,ALL3_CONSENSUS,DRAT_PICK_EQUALS_EPRED_PICK_EQUALS_MARKET_PICK,DRAT_EPRED_MARKET_SHARED_SIDE,MEAN_DRAT_EPRED_MARKET_SELECTED_PROB,RatingGapBucket,RatingGapBucket=-3 to 0,1,RatingGapBucket,SELECTED_EPRED_RATING_GAP,EPRED_RATING_SELECTED_MINUS_OPPONENT,EPRED,EPRED.home_rating|EPRED.away_rating,NUMERIC_RANGE,-3,0,,0,-3 to 0,,,,,,,,,,,,81,42,39,51.85,41.14,62.4,67.8,-15.95,5,100.0,4,4,100.0,NEGATIVE,15.95,full_test_results.csv
HE0336,1,1,,ALL3_CONSENSUS,DRAT_PICK_EQUALS_EPRED_PICK_EQUALS_MARKET_PICK,DRAT_EPRED_MARKET_SHARED_SIDE,MEAN_DRAT_EPRED_MARKET_SELECTED_PROB,RatingGapBucket,RatingGapBucket=0 to 2.9,1,RatingGapBucket,SELECTED_EPRED_RATING_GAP,EPRED_RATING_SELECTED_MINUS_OPPONENT,EPRED,EPRED.home_rating|EPRED.away_rating,NUMERIC_RANGE,0,3,,0,0 to 2.9,,,,,,,,,,,,272,146,126,53.68,47.74,59.51,67.8,-14.12,5,100.0,4,4,100.0,NEGATIVE,14.12,full_test_results.csv
HE0337,1,1,,ALL3_CONSENSUS,DRAT_PICK_EQUALS_EPRED_PICK_EQUALS_MARKET_PICK,DRAT_EPRED_MARKET_SHARED_SIDE,MEAN_DRAT_EPRED_MARKET_SELECTED_PROB,RatingGapBucket,RatingGapBucket=10+,1,RatingGapBucket,SELECTED_EPRED_RATING_GAP,EPRED_RATING_SELECTED_MINUS_OPPONENT,EPRED,EPRED.home_rating|EPRED.away_rating,NUMERIC_RANGE,10,,,0,10+,,,,,,,,,,,,200,161,39,80.5,74.46,85.39,67.8,12.7,5,100.0,4,4,100.0,POSITIVE,12.70,full_test_results.csv
HE0338,1,1,,ALL3_CONSENSUS,DRAT_PICK_EQUALS_EPRED_PICK_EQUALS_MARKET_PICK,DRAT_EPRED_MARKET_SHARED_SIDE,MEAN_DRAT_EPRED_MARKET_SELECTED_PROB,RatingGapBucket,RatingGapBucket=6 to 9.9,1,RatingGapBucket,SELECTED_EPRED_RATING_GAP,EPRED_RATING_SELECTED_MINUS_OPPONENT,EPRED,EPRED.home_rating|EPRED.away_rating,NUMERIC_RANGE,6,10,,0,6 to 9.9,,,,,,,,,,,,283,214,69,75.62,70.29,80.26,67.8,7.82,5,80.0,4,3,75.0,POSITIVE,7.82,full_test_results.csv
HE0339,1,1,,ALL3_CONSENSUS,DRAT_PICK_EQUALS_EPRED_PICK_EQUALS_MARKET_PICK,DRAT_EPRED_MARKET_SHARED_SIDE,MEAN_DRAT_EPRED_MARKET_SELECTED_PROB,MatchupBucket,MatchupBucket=25-49.9,1,MatchupBucket,EPRED_MATCHUP_QUALITY,RAW_EPRED_MATCHUP_QUALITY,EPRED,EPRED.matchupQuality,NUMERIC_RANGE,25,50,,0,25-49.9,,,,,,,,,,,,397,285,112,71.79,67.17,75.99,67.8,3.99,5,80.0,4,3,75.0,POSITIVE,3.99,full_test_results.csv
HE0340,1,1,,ALL3_CONSENSUS,DRAT_PICK_EQUALS_EPRED_PICK_EQUALS_MARKET_PICK,DRAT_EPRED_MARKET_SHARED_SIDE,MEAN_DRAT_EPRED_MARKET_SELECTED_PROB,WeekBucket,WeekBucket=Weeks 1-3,1,WeekBucket,WEEK,RAW_WEEK,SCHEDULE,SCHEDULE.week,NUMERIC_RANGE,1,4,,0,Weeks 1-3,,,,,,,,,,,,257,164,93,63.81,57.77,69.45,67.8,-3.99,5,80.0,4,3,75.0,NEGATIVE,3.99,full_test_results.csv
HE0341,1,1,,ALL3_CONSENSUS,DRAT_PICK_EQUALS_EPRED_PICK_EQUALS_MARKET_PICK,DRAT_EPRED_MARKET_SHARED_SIDE,MEAN_DRAT_EPRED_MARKET_SELECTED_PROB,WeekBucket,WeekBucket=Weeks 14+,1,WeekBucket,WEEK,RAW_WEEK,SCHEDULE,SCHEDULE.week,NUMERIC_RANGE,14,,,0,Weeks 14+,,,,,,,,,,,,320,227,93,70.94,65.74,75.64,67.8,3.14,5,80.0,4,3,75.0,POSITIVE,3.14,full_test_results.csv
HE0342,0,0,No current wind_speed field was supplied.,ALL3_CONSENSUS,DRAT_PICK_EQUALS_EPRED_PICK_EQUALS_MARKET_PICK,DRAT_EPRED_MARKET_SHARED_SIDE,MEAN_DRAT_EPRED_MARKET_SELECTED_PROB,WindBucket,WindBucket=15-19.9 mph,1,WindBucket,WIND_SPEED,UNAVAILABLE,,,NUMERIC_RANGE,15,20,,0,15-19.9 mph,,,,,,,,,,,,53,40,13,75.47,62.43,85.07,67.8,7.67,5,80.0,2,2,100.0,POSITIVE,7.67,full_test_results.csv
HE0343,0,0,No current temperature field was supplied.,ALL3_CONSENSUS,DRAT_PICK_EQUALS_EPRED_PICK_EQUALS_MARKET_PICK,DRAT_EPRED_MARKET_SHARED_SIDE,MEAN_DRAT_EPRED_MARKET_SELECTED_PROB,TemperatureBucket,TemperatureBucket=<32F,1,TemperatureBucket,TEMPERATURE,UNAVAILABLE,,,NUMERIC_RANGE,,32,,0,<32F,,,,,,,,,,,,68,52,16,76.47,65.14,84.97,67.8,8.67,5,80.0,3,2,66.67,POSITIVE,8.67,full_test_results.csv
HE0344,1,1,,ALL3_CONSENSUS,DRAT_PICK_EQUALS_EPRED_PICK_EQUALS_MARKET_PICK,DRAT_EPRED_MARKET_SHARED_SIDE,MEAN_DRAT_EPRED_MARKET_SELECTED_PROB,ModelDiffBucket,ModelDiffBucket=15+ pts,1,ModelDiffBucket,DRAT_EPRED_HOME_PROB_ABS_DIFF_PP,ABS_DRAT_HOME_PROB_MINUS_EPRED_NORMALIZED_HOME_PROB_X100,DRAT|EPRED,DRAT.home_prob|EPRED.home_prob|EPRED.away_prob,NUMERIC_RANGE,15,,,0,15+ pts,,,,,,,,,,,,68,53,15,77.94,66.74,86.15,67.8,10.14,5,80.0,3,2,66.67,POSITIVE,10.14,full_test_results.csv
HE0345,1,1,,ALL3_CONSENSUS,DRAT_PICK_EQUALS_EPRED_PICK_EQUALS_MARKET_PICK,DRAT_EPRED_MARKET_SHARED_SIDE,MEAN_DRAT_EPRED_MARKET_SELECTED_PROB,ModelDiffBucket,ModelDiffBucket=6-9.9 pts,1,ModelDiffBucket,DRAT_EPRED_HOME_PROB_ABS_DIFF_PP,ABS_DRAT_HOME_PROB_MINUS_EPRED_NORMALIZED_HOME_PROB_X100,DRAT|EPRED,DRAT.home_prob|EPRED.home_prob|EPRED.away_prob,NUMERIC_RANGE,6,10,,0,6-9.9 pts,,,,,,,,,,,,268,198,70,73.88,68.31,78.78,67.8,6.08,5,100.0,4,4,100.0,POSITIVE,6.08,full_test_results.csv
HE0346,1,1,,ALL3_CONSENSUS,DRAT_PICK_EQUALS_EPRED_PICK_EQUALS_MARKET_PICK,DRAT_EPRED_MARKET_SHARED_SIDE,MEAN_DRAT_EPRED_MARKET_SELECTED_PROB,ModelDiffBucket,ModelDiffBucket=<3 pts,1,ModelDiffBucket,DRAT_EPRED_HOME_PROB_ABS_DIFF_PP,ABS_DRAT_HOME_PROB_MINUS_EPRED_NORMALIZED_HOME_PROB_X100,DRAT|EPRED,DRAT.home_prob|EPRED.home_prob|EPRED.away_prob,NUMERIC_RANGE,,3,,0,<3 pts,,,,,,,,,,,,368,221,147,60.05,54.97,64.93,67.8,-7.75,5,100.0,4,4,100.0,NEGATIVE,7.75,full_test_results.csv
HE0347,1,1,,ALL3_CONSENSUS,DRAT_PICK_EQUALS_EPRED_PICK_EQUALS_MARKET_PICK,DRAT_EPRED_MARKET_SHARED_SIDE,MEAN_DRAT_EPRED_MARKET_SELECTED_PROB,ModelMarketEdgeBucket,ModelMarketEdgeBucket=+2 to +5 pts,1,ModelMarketEdgeBucket,FAMILY_MARKET_EDGE_PP,FAMILY_SELECTED_PROB_MINUS_MARKET_SELECTED_PROB_X100,DRAT|EPRED|SCHEDULE,DRAT.home_prob|DRAT.away_prob|EPRED.home_prob|EPRED.away_prob|DRAT.moneyline_home|DRAT.moneyline_away|SCHEDULE.home_spread|SCHEDULE.away_spread,NUMERIC_RANGE,2,5,,0,+2 to +5 pts,,,,,,,,,,,,170,108,62,63.53,56.07,70.39,67.8,-4.27,5,80.0,3,2,66.67,NEGATIVE,4.27,full_test_results.csv
HE0348,1,1,,ALL3_CONSENSUS,DRAT_PICK_EQUALS_EPRED_PICK_EQUALS_MARKET_PICK,DRAT_EPRED_MARKET_SHARED_SIDE,MEAN_DRAT_EPRED_MARKET_SELECTED_PROB,ModelMarketEdgeBucket,ModelMarketEdgeBucket=-10 to -5 pts,1,ModelMarketEdgeBucket,FAMILY_MARKET_EDGE_PP,FAMILY_SELECTED_PROB_MINUS_MARKET_SELECTED_PROB_X100,DRAT|EPRED|SCHEDULE,DRAT.home_prob|DRAT.away_prob|EPRED.home_prob|EPRED.away_prob|DRAT.moneyline_home|DRAT.moneyline_away|SCHEDULE.home_spread|SCHEDULE.away_spread,NUMERIC_RANGE,-10,-5,,0,-10 to -5 pts,,,,,,,,,,,,122,94,28,77.05,68.83,83.62,67.8,9.25,5,80.0,4,3,75.0,POSITIVE,9.25,full_test_results.csv
HE0349,1,1,,ALL3_CONSENSUS,DRAT_PICK_EQUALS_EPRED_PICK_EQUALS_MARKET_PICK,DRAT_EPRED_MARKET_SHARED_SIDE,MEAN_DRAT_EPRED_MARKET_SELECTED_PROB,ModelMarketEdgeBucket,ModelMarketEdgeBucket=-2 to +2 pts,1,ModelMarketEdgeBucket,FAMILY_MARKET_EDGE_PP,FAMILY_SELECTED_PROB_MINUS_MARKET_SELECTED_PROB_X100,DRAT|EPRED|SCHEDULE,DRAT.home_prob|DRAT.away_prob|EPRED.home_prob|EPRED.away_prob|DRAT.moneyline_home|DRAT.moneyline_away|SCHEDULE.home_spread|SCHEDULE.away_spread,NUMERIC_RANGE,-2,2,,0,-2 to +2 pts,,,,,,,,,,,,528,342,186,64.77,60.6,68.73,67.8,-3.03,5,80.0,4,3,75.0,NEGATIVE,3.03,full_test_results.csv
HE0350,1,1,,ALL3_CONSENSUS,DRAT_PICK_EQUALS_EPRED_PICK_EQUALS_MARKET_PICK,DRAT_EPRED_MARKET_SHARED_SIDE,MEAN_DRAT_EPRED_MARKET_SELECTED_PROB,ModelMarketEdgeBucket,ModelMarketEdgeBucket=-5 to -2 pts,1,ModelMarketEdgeBucket,FAMILY_MARKET_EDGE_PP,FAMILY_SELECTED_PROB_MINUS_MARKET_SELECTED_PROB_X100,DRAT|EPRED|SCHEDULE,DRAT.home_prob|DRAT.away_prob|EPRED.home_prob|EPRED.away_prob|DRAT.moneyline_home|DRAT.moneyline_away|SCHEDULE.home_spread|SCHEDULE.away_spread,NUMERIC_RANGE,-5,-2,,0,-5 to -2 pts,,,,,,,,,,,,322,232,90,72.05,66.91,76.67,67.8,4.25,5,100.0,4,4,100.0,POSITIVE,4.25,full_test_results.csv
HE0351,1,1,,ALL3_CONSENSUS,DRAT_PICK_EQUALS_EPRED_PICK_EQUALS_MARKET_PICK,DRAT_EPRED_MARKET_SHARED_SIDE,MEAN_DRAT_EPRED_MARKET_SELECTED_PROB,ProbBucket + RatingGapBucket,ProbBucket=55-59.9% | RatingGapBucket=0 to 2.9,2,ProbBucket,FAMILY_SELECTED_PROB,USE_FAMILY_SELECTED_PROB,FAMILY_DEPENDENT,DRAT.home_prob|DRAT.away_prob|EPRED.home_prob|EPRED.away_prob|DRAT.moneyline_home|DRAT.moneyline_away|SCHEDULE.home_spread|SCHEDULE.away_spread,NUMERIC_RANGE,0.55,0.6,,0,55-59.9%,RatingGapBucket,SELECTED_EPRED_RATING_GAP,EPRED_RATING_SELECTED_MINUS_OPPONENT,EPRED,EPRED.home_rating|EPRED.away_rating,NUMERIC_RANGE,0,3,,0,0 to 2.9,85,43,42,50.59,40.17,60.96,67.8,-17.21,5,100.0,3,3,100.0,NEGATIVE,17.21,full_test_results.csv
HE0352,1,1,,ALL3_CONSENSUS,DRAT_PICK_EQUALS_EPRED_PICK_EQUALS_MARKET_PICK,DRAT_EPRED_MARKET_SHARED_SIDE,MEAN_DRAT_EPRED_MARKET_SELECTED_PROB,ProbBucket + RatingGapBucket,ProbBucket=60-64.9% | RatingGapBucket=0 to 2.9,2,ProbBucket,FAMILY_SELECTED_PROB,USE_FAMILY_SELECTED_PROB,FAMILY_DEPENDENT,DRAT.home_prob|DRAT.away_prob|EPRED.home_prob|EPRED.away_prob|DRAT.moneyline_home|DRAT.moneyline_away|SCHEDULE.home_spread|SCHEDULE.away_spread,NUMERIC_RANGE,0.6,0.65,,0,60-64.9%,RatingGapBucket,SELECTED_EPRED_RATING_GAP,EPRED_RATING_SELECTED_MINUS_OPPONENT,EPRED,EPRED.home_rating|EPRED.away_rating,NUMERIC_RANGE,0,3,,0,0 to 2.9,101,55,46,54.46,44.76,63.83,67.8,-13.34,5,100.0,4,4,100.0,NEGATIVE,13.34,full_test_results.csv
HE0353,1,1,,ALL3_CONSENSUS,DRAT_PICK_EQUALS_EPRED_PICK_EQUALS_MARKET_PICK,DRAT_EPRED_MARKET_SHARED_SIDE,MEAN_DRAT_EPRED_MARKET_SELECTED_PROB,ProbBucket + RatingGapBucket,ProbBucket=75-79.9% | RatingGapBucket=6 to 9.9,2,ProbBucket,FAMILY_SELECTED_PROB,USE_FAMILY_SELECTED_PROB,FAMILY_DEPENDENT,DRAT.home_prob|DRAT.away_prob|EPRED.home_prob|EPRED.away_prob|DRAT.moneyline_home|DRAT.moneyline_away|SCHEDULE.home_spread|SCHEDULE.away_spread,NUMERIC_RANGE,0.75,0.8,,0,75-79.9%,RatingGapBucket,SELECTED_EPRED_RATING_GAP,EPRED_RATING_SELECTED_MINUS_OPPONENT,EPRED,EPRED.home_rating|EPRED.away_rating,NUMERIC_RANGE,6,10,,0,6 to 9.9,67,48,19,71.64,59.91,81.03,67.8,3.84,5,80.0,3,2,66.67,POSITIVE,3.84,full_test_results.csv
HE0354,1,1,,ALL3_CONSENSUS,DRAT_PICK_EQUALS_EPRED_PICK_EQUALS_MARKET_PICK,DRAT_EPRED_MARKET_SHARED_SIDE,MEAN_DRAT_EPRED_MARKET_SELECTED_PROB,ProbBucket + RatingGapBucket,ProbBucket=80-84.9% | RatingGapBucket=10+,2,ProbBucket,FAMILY_SELECTED_PROB,USE_FAMILY_SELECTED_PROB,FAMILY_DEPENDENT,DRAT.home_prob|DRAT.away_prob|EPRED.home_prob|EPRED.away_prob|DRAT.moneyline_home|DRAT.moneyline_away|SCHEDULE.home_spread|SCHEDULE.away_spread,NUMERIC_RANGE,0.8,0.85,,0,80-84.9%,RatingGapBucket,SELECTED_EPRED_RATING_GAP,EPRED_RATING_SELECTED_MINUS_OPPONENT,EPRED,EPRED.home_rating|EPRED.away_rating,NUMERIC_RANGE,10,,,0,10+,66,55,11,83.33,72.57,90.43,67.8,15.53,5,100.0,3,3,100.0,POSITIVE,15.53,full_test_results.csv
HE0355,1,1,,ALL3_CONSENSUS,DRAT_PICK_EQUALS_EPRED_PICK_EQUALS_MARKET_PICK,DRAT_EPRED_MARKET_SHARED_SIDE,MEAN_DRAT_EPRED_MARKET_SELECTED_PROB,ProbBucket + MarketRole,ProbBucket=55-59.9% | MarketRole=Market Favorite,2,ProbBucket,FAMILY_SELECTED_PROB,USE_FAMILY_SELECTED_PROB,FAMILY_DEPENDENT,DRAT.home_prob|DRAT.away_prob|EPRED.home_prob|EPRED.away_prob|DRAT.moneyline_home|DRAT.moneyline_away|SCHEDULE.home_spread|SCHEDULE.away_spread,NUMERIC_RANGE,0.55,0.6,,0,55-59.9%,MarketRole,SELECTED_MARKET_ROLE,MARKET_ROLE_FOR_FAMILY_SELECTED_SIDE,DRAT|SCHEDULE,DRAT.moneyline_home|DRAT.moneyline_away|SCHEDULE.home_spread|SCHEDULE.away_spread,TEXT_EQUALS,,,Market Favorite,0,Market Favorite,202,113,89,55.94,49.05,62.61,67.8,-11.86,5,100.0,4,4,100.0,NEGATIVE,11.86,full_test_results.csv
HE0356,1,1,,ALL3_CONSENSUS,DRAT_PICK_EQUALS_EPRED_PICK_EQUALS_MARKET_PICK,DRAT_EPRED_MARKET_SHARED_SIDE,MEAN_DRAT_EPRED_MARKET_SELECTED_PROB,ProbBucket + MarketRole,ProbBucket=60-64.9% | MarketRole=Market Favorite,2,ProbBucket,FAMILY_SELECTED_PROB,USE_FAMILY_SELECTED_PROB,FAMILY_DEPENDENT,DRAT.home_prob|DRAT.away_prob|EPRED.home_prob|EPRED.away_prob|DRAT.moneyline_home|DRAT.moneyline_away|SCHEDULE.home_spread|SCHEDULE.away_spread,NUMERIC_RANGE,0.6,0.65,,0,60-64.9%,MarketRole,SELECTED_MARKET_ROLE,MARKET_ROLE_FOR_FAMILY_SELECTED_SIDE,DRAT|SCHEDULE,DRAT.moneyline_home|DRAT.moneyline_away|SCHEDULE.home_spread|SCHEDULE.away_spread,TEXT_EQUALS,,,Market Favorite,0,Market Favorite,257,161,96,62.65,56.59,68.33,67.8,-5.15,5,80.0,4,3,75.0,NEGATIVE,5.15,full_test_results.csv
HE0357,1,1,,ALL3_CONSENSUS,DRAT_PICK_EQUALS_EPRED_PICK_EQUALS_MARKET_PICK,DRAT_EPRED_MARKET_SHARED_SIDE,MEAN_DRAT_EPRED_MARKET_SELECTED_PROB,ProbBucket + MarketRole,ProbBucket=70-74.9% | MarketRole=Market Favorite,2,ProbBucket,FAMILY_SELECTED_PROB,USE_FAMILY_SELECTED_PROB,FAMILY_DEPENDENT,DRAT.home_prob|DRAT.away_prob|EPRED.home_prob|EPRED.away_prob|DRAT.moneyline_home|DRAT.moneyline_away|SCHEDULE.home_spread|SCHEDULE.away_spread,NUMERIC_RANGE,0.7,0.75,,0,70-74.9%,MarketRole,SELECTED_MARKET_ROLE,MARKET_ROLE_FOR_FAMILY_SELECTED_SIDE,DRAT|SCHEDULE,DRAT.moneyline_home|DRAT.moneyline_away|SCHEDULE.home_spread|SCHEDULE.away_spread,TEXT_EQUALS,,,Market Favorite,0,Market Favorite,185,136,49,73.51,66.72,79.35,67.8,5.71,5,80.0,4,3,75.0,POSITIVE,5.71,full_test_results.csv
HE0358,1,1,,ALL3_CONSENSUS,DRAT_PICK_EQUALS_EPRED_PICK_EQUALS_MARKET_PICK,DRAT_EPRED_MARKET_SHARED_SIDE,MEAN_DRAT_EPRED_MARKET_SELECTED_PROB,ProbBucket + MarketRole,ProbBucket=80-84.9% | MarketRole=Market Favorite,2,ProbBucket,FAMILY_SELECTED_PROB,USE_FAMILY_SELECTED_PROB,FAMILY_DEPENDENT,DRAT.home_prob|DRAT.away_prob|EPRED.home_prob|EPRED.away_prob|DRAT.moneyline_home|DRAT.moneyline_away|SCHEDULE.home_spread|SCHEDULE.away_spread,NUMERIC_RANGE,0.8,0.85,,0,80-84.9%,MarketRole,SELECTED_MARKET_ROLE,MARKET_ROLE_FOR_FAMILY_SELECTED_SIDE,DRAT|SCHEDULE,DRAT.moneyline_home|DRAT.moneyline_away|SCHEDULE.home_spread|SCHEDULE.away_spread,TEXT_EQUALS,,,Market Favorite,0,Market Favorite,94,80,14,85.11,76.54,90.92,67.8,17.31,5,100.0,3,3,100.0,POSITIVE,17.31,full_test_results.csv
HE0359,1,1,,ALL3_CONSENSUS,DRAT_PICK_EQUALS_EPRED_PICK_EQUALS_MARKET_PICK,DRAT_EPRED_MARKET_SHARED_SIDE,MEAN_DRAT_EPRED_MARKET_SELECTED_PROB,ProbBucket + MarketRole,ProbBucket=<55% | MarketRole=Market Favorite,2,ProbBucket,FAMILY_SELECTED_PROB,USE_FAMILY_SELECTED_PROB,FAMILY_DEPENDENT,DRAT.home_prob|DRAT.away_prob|EPRED.home_prob|EPRED.away_prob|DRAT.moneyline_home|DRAT.moneyline_away|SCHEDULE.home_spread|SCHEDULE.away_spread,NUMERIC_RANGE,,0.55,,0,<55%,MarketRole,SELECTED_MARKET_ROLE,MARKET_ROLE_FOR_FAMILY_SELECTED_SIDE,DRAT|SCHEDULE,DRAT.moneyline_home|DRAT.moneyline_away|SCHEDULE.home_spread|SCHEDULE.away_spread,TEXT_EQUALS,,,Market Favorite,0,Market Favorite,63,31,32,49.21,37.27,61.24,67.8,-18.59,5,100.0,2,2,100.0,NEGATIVE,18.59,full_test_results.csv
HE0360,1,1,,ALL3_CONSENSUS,DRAT_PICK_EQUALS_EPRED_PICK_EQUALS_MARKET_PICK,DRAT_EPRED_MARKET_SHARED_SIDE,MEAN_DRAT_EPRED_MARKET_SELECTED_PROB,ProbBucket + SpreadBucket,ProbBucket=55-59.9% | SpreadBucket=Fav -0.5 to -2.5,2,ProbBucket,FAMILY_SELECTED_PROB,USE_FAMILY_SELECTED_PROB,FAMILY_DEPENDENT,DRAT.home_prob|DRAT.away_prob|EPRED.home_prob|EPRED.away_prob|DRAT.moneyline_home|DRAT.moneyline_away|SCHEDULE.home_spread|SCHEDULE.away_spread,NUMERIC_RANGE,0.55,0.6,,0,55-59.9%,SpreadBucket,SELECTED_SPREAD,SPREAD_FOR_FAMILY_SELECTED_SIDE,SCHEDULE,SCHEDULE.home_spread|SCHEDULE.away_spread,NUMERIC_RANGE,-3,0,,0,Fav -0.5 to -2.5,180,100,80,55.56,48.26,62.62,67.8,-12.24,5,100.0,4,4,100.0,NEGATIVE,12.24,full_test_results.csv
HE0361,1,1,,ALL3_CONSENSUS,DRAT_PICK_EQUALS_EPRED_PICK_EQUALS_MARKET_PICK,DRAT_EPRED_MARKET_SHARED_SIDE,MEAN_DRAT_EPRED_MARKET_SELECTED_PROB,ProbBucket + SpreadBucket,ProbBucket=60-64.9% | SpreadBucket=Fav -0.5 to -2.5,2,ProbBucket,FAMILY_SELECTED_PROB,USE_FAMILY_SELECTED_PROB,FAMILY_DEPENDENT,DRAT.home_prob|DRAT.away_prob|EPRED.home_prob|EPRED.away_prob|DRAT.moneyline_home|DRAT.moneyline_away|SCHEDULE.home_spread|SCHEDULE.away_spread,NUMERIC_RANGE,0.6,0.65,,0,60-64.9%,SpreadBucket,SELECTED_SPREAD,SPREAD_FOR_FAMILY_SELECTED_SIDE,SCHEDULE,SCHEDULE.home_spread|SCHEDULE.away_spread,NUMERIC_RANGE,-3,0,,0,Fav -0.5 to -2.5,107,66,41,61.68,52.22,70.34,67.8,-6.12,5,80.0,3,2,66.67,NEGATIVE,6.12,full_test_results.csv
HE0362,1,1,,ALL3_CONSENSUS,DRAT_PICK_EQUALS_EPRED_PICK_EQUALS_MARKET_PICK,DRAT_EPRED_MARKET_SHARED_SIDE,MEAN_DRAT_EPRED_MARKET_SELECTED_PROB,ProbBucket + SpreadBucket,ProbBucket=70-74.9% | SpreadBucket=Fav -7 to -9.5,2,ProbBucket,FAMILY_SELECTED_PROB,USE_FAMILY_SELECTED_PROB,FAMILY_DEPENDENT,DRAT.home_prob|DRAT.away_prob|EPRED.home_prob|EPRED.away_prob|DRAT.moneyline_home|DRAT.moneyline_away|SCHEDULE.home_spread|SCHEDULE.away_spread,NUMERIC_RANGE,0.7,0.75,,0,70-74.9%,SpreadBucket,SELECTED_SPREAD,SPREAD_FOR_FAMILY_SELECTED_SIDE,SCHEDULE,SCHEDULE.home_spread|SCHEDULE.away_spread,NUMERIC_RANGE,-10,-7,,0,Fav -7 to -9.5,50,40,10,80.0,66.96,88.76,67.8,12.2,4,75.0,3,2,66.67,POSITIVE,12.20,full_test_results.csv
HE0363,1,1,,ALL3_CONSENSUS,DRAT_PICK_EQUALS_EPRED_PICK_EQUALS_MARKET_PICK,DRAT_EPRED_MARKET_SHARED_SIDE,MEAN_DRAT_EPRED_MARKET_SELECTED_PROB,ProbBucket + SpreadBucket,ProbBucket=80-84.9% | SpreadBucket=Fav -10+,2,ProbBucket,FAMILY_SELECTED_PROB,USE_FAMILY_SELECTED_PROB,FAMILY_DEPENDENT,DRAT.home_prob|DRAT.away_prob|EPRED.home_prob|EPRED.away_prob|DRAT.moneyline_home|DRAT.moneyline_away|SCHEDULE.home_spread|SCHEDULE.away_spread,NUMERIC_RANGE,0.8,0.85,,0,80-84.9%,SpreadBucket,SELECTED_SPREAD,SPREAD_FOR_FAMILY_SELECTED_SIDE,SCHEDULE,SCHEDULE.home_spread|SCHEDULE.away_spread,NUMERIC_RANGE,,-10,,0,Fav -10+,60,49,11,81.67,70.08,89.44,67.8,13.87,5,80.0,3,3,100.0,POSITIVE,13.87,full_test_results.csv
HE0364,1,1,,ALL3_CONSENSUS,DRAT_PICK_EQUALS_EPRED_PICK_EQUALS_MARKET_PICK,DRAT_EPRED_MARKET_SHARED_SIDE,MEAN_DRAT_EPRED_MARKET_SELECTED_PROB,ProbBucket + SpreadBucket,ProbBucket=<55% | SpreadBucket=Fav -0.5 to -2.5,2,ProbBucket,FAMILY_SELECTED_PROB,USE_FAMILY_SELECTED_PROB,FAMILY_DEPENDENT,DRAT.home_prob|DRAT.away_prob|EPRED.home_prob|EPRED.away_prob|DRAT.moneyline_home|DRAT.moneyline_away|SCHEDULE.home_spread|SCHEDULE.away_spread,NUMERIC_RANGE,,0.55,,0,<55%,SpreadBucket,SELECTED_SPREAD,SPREAD_FOR_FAMILY_SELECTED_SIDE,SCHEDULE,SCHEDULE.home_spread|SCHEDULE.away_spread,NUMERIC_RANGE,-3,0,,0,Fav -0.5 to -2.5,61,29,32,47.54,35.53,59.84,67.8,-20.26,5,100.0,2,2,100.0,NEGATIVE,20.26,full_test_results.csv
HE0365,1,1,,ALL3_CONSENSUS,DRAT_PICK_EQUALS_EPRED_PICK_EQUALS_MARKET_PICK,DRAT_EPRED_MARKET_SHARED_SIDE,MEAN_DRAT_EPRED_MARKET_SELECTED_PROB,RatingGapBucket + MarketRole,RatingGapBucket=-3 to 0 | MarketRole=Market Favorite,2,RatingGapBucket,SELECTED_EPRED_RATING_GAP,EPRED_RATING_SELECTED_MINUS_OPPONENT,EPRED,EPRED.home_rating|EPRED.away_rating,NUMERIC_RANGE,-3,0,,0,-3 to 0,MarketRole,SELECTED_MARKET_ROLE,MARKET_ROLE_FOR_FAMILY_SELECTED_SIDE,DRAT|SCHEDULE,DRAT.moneyline_home|DRAT.moneyline_away|SCHEDULE.home_spread|SCHEDULE.away_spread,TEXT_EQUALS,,,Market Favorite,0,Market Favorite,81,42,39,51.85,41.14,62.4,67.8,-15.95,5,100.0,4,4,100.0,NEGATIVE,15.95,full_test_results.csv
HE0366,1,1,,ALL3_CONSENSUS,DRAT_PICK_EQUALS_EPRED_PICK_EQUALS_MARKET_PICK,DRAT_EPRED_MARKET_SHARED_SIDE,MEAN_DRAT_EPRED_MARKET_SELECTED_PROB,RatingGapBucket + MarketRole,RatingGapBucket=0 to 2.9 | MarketRole=Market Favorite,2,RatingGapBucket,SELECTED_EPRED_RATING_GAP,EPRED_RATING_SELECTED_MINUS_OPPONENT,EPRED,EPRED.home_rating|EPRED.away_rating,NUMERIC_RANGE,0,3,,0,0 to 2.9,MarketRole,SELECTED_MARKET_ROLE,MARKET_ROLE_FOR_FAMILY_SELECTED_SIDE,DRAT|SCHEDULE,DRAT.moneyline_home|DRAT.moneyline_away|SCHEDULE.home_spread|SCHEDULE.away_spread,TEXT_EQUALS,,,Market Favorite,0,Market Favorite,272,146,126,53.68,47.74,59.51,67.8,-14.12,5,100.0,4,4,100.0,NEGATIVE,14.12,full_test_results.csv
HE0367,1,1,,ALL3_CONSENSUS,DRAT_PICK_EQUALS_EPRED_PICK_EQUALS_MARKET_PICK,DRAT_EPRED_MARKET_SHARED_SIDE,MEAN_DRAT_EPRED_MARKET_SELECTED_PROB,RatingGapBucket + MarketRole,RatingGapBucket=10+ | MarketRole=Market Favorite,2,RatingGapBucket,SELECTED_EPRED_RATING_GAP,EPRED_RATING_SELECTED_MINUS_OPPONENT,EPRED,EPRED.home_rating|EPRED.away_rating,NUMERIC_RANGE,10,,,0,10+,MarketRole,SELECTED_MARKET_ROLE,MARKET_ROLE_FOR_FAMILY_SELECTED_SIDE,DRAT|SCHEDULE,DRAT.moneyline_home|DRAT.moneyline_away|SCHEDULE.home_spread|SCHEDULE.away_spread,TEXT_EQUALS,,,Market Favorite,0,Market Favorite,200,161,39,80.5,74.46,85.39,67.8,12.7,5,100.0,4,4,100.0,POSITIVE,12.70,full_test_results.csv
HE0368,1,1,,ALL3_CONSENSUS,DRAT_PICK_EQUALS_EPRED_PICK_EQUALS_MARKET_PICK,DRAT_EPRED_MARKET_SHARED_SIDE,MEAN_DRAT_EPRED_MARKET_SELECTED_PROB,RatingGapBucket + MarketRole,RatingGapBucket=6 to 9.9 | MarketRole=Market Favorite,2,RatingGapBucket,SELECTED_EPRED_RATING_GAP,EPRED_RATING_SELECTED_MINUS_OPPONENT,EPRED,EPRED.home_rating|EPRED.away_rating,NUMERIC_RANGE,6,10,,0,6 to 9.9,MarketRole,SELECTED_MARKET_ROLE,MARKET_ROLE_FOR_FAMILY_SELECTED_SIDE,DRAT|SCHEDULE,DRAT.moneyline_home|DRAT.moneyline_away|SCHEDULE.home_spread|SCHEDULE.away_spread,TEXT_EQUALS,,,Market Favorite,0,Market Favorite,283,214,69,75.62,70.29,80.26,67.8,7.82,5,80.0,4,3,75.0,POSITIVE,7.82,full_test_results.csv
HE0369,1,1,,ALL3_CONSENSUS,DRAT_PICK_EQUALS_EPRED_PICK_EQUALS_MARKET_PICK,DRAT_EPRED_MARKET_SHARED_SIDE,MEAN_DRAT_EPRED_MARKET_SELECTED_PROB,RatingGapBucket + SpreadBucket,RatingGapBucket=-3 to 0 | SpreadBucket=Fav -0.5 to -2.5,2,RatingGapBucket,SELECTED_EPRED_RATING_GAP,EPRED_RATING_SELECTED_MINUS_OPPONENT,EPRED,EPRED.home_rating|EPRED.away_rating,NUMERIC_RANGE,-3,0,,0,-3 to 0,SpreadBucket,SELECTED_SPREAD,SPREAD_FOR_FAMILY_SELECTED_SIDE,SCHEDULE,SCHEDULE.home_spread|SCHEDULE.away_spread,NUMERIC_RANGE,-3,0,,0,Fav -0.5 to -2.5,63,31,32,49.21,37.27,61.24,67.8,-18.59,5,100.0,3,3,100.0,NEGATIVE,18.59,full_test_results.csv
HE0370,1,1,,ALL3_CONSENSUS,DRAT_PICK_EQUALS_EPRED_PICK_EQUALS_MARKET_PICK,DRAT_EPRED_MARKET_SHARED_SIDE,MEAN_DRAT_EPRED_MARKET_SELECTED_PROB,RatingGapBucket + SpreadBucket,RatingGapBucket=0 to 2.9 | SpreadBucket=Fav -0.5 to -2.5,2,RatingGapBucket,SELECTED_EPRED_RATING_GAP,EPRED_RATING_SELECTED_MINUS_OPPONENT,EPRED,EPRED.home_rating|EPRED.away_rating,NUMERIC_RANGE,0,3,,0,0 to 2.9,SpreadBucket,SELECTED_SPREAD,SPREAD_FOR_FAMILY_SELECTED_SIDE,SCHEDULE,SCHEDULE.home_spread|SCHEDULE.away_spread,NUMERIC_RANGE,-3,0,,0,Fav -0.5 to -2.5,141,72,69,51.06,42.89,59.18,67.8,-16.74,5,100.0,3,3,100.0,NEGATIVE,16.74,full_test_results.csv
HE0371,1,1,,ALL3_CONSENSUS,DRAT_PICK_EQUALS_EPRED_PICK_EQUALS_MARKET_PICK,DRAT_EPRED_MARKET_SHARED_SIDE,MEAN_DRAT_EPRED_MARKET_SELECTED_PROB,RatingGapBucket + SpreadBucket,RatingGapBucket=0 to 2.9 | SpreadBucket=Fav -3 to -3.5,2,RatingGapBucket,SELECTED_EPRED_RATING_GAP,EPRED_RATING_SELECTED_MINUS_OPPONENT,EPRED,EPRED.home_rating|EPRED.away_rating,NUMERIC_RANGE,0,3,,0,0 to 2.9,SpreadBucket,SELECTED_SPREAD,SPREAD_FOR_FAMILY_SELECTED_SIDE,SCHEDULE,SCHEDULE.home_spread|SCHEDULE.away_spread,NUMERIC_RANGE,-4,-3,,0,Fav -3 to -3.5,61,32,29,52.46,40.16,64.47,67.8,-15.34,5,100.0,3,3,100.0,NEGATIVE,15.34,full_test_results.csv
HE0372,1,1,,ALL3_CONSENSUS,DRAT_PICK_EQUALS_EPRED_PICK_EQUALS_MARKET_PICK,DRAT_EPRED_MARKET_SHARED_SIDE,MEAN_DRAT_EPRED_MARKET_SELECTED_PROB,RatingGapBucket + SpreadBucket,RatingGapBucket=10+ | SpreadBucket=Fav -10+,2,RatingGapBucket,SELECTED_EPRED_RATING_GAP,EPRED_RATING_SELECTED_MINUS_OPPONENT,EPRED,EPRED.home_rating|EPRED.away_rating,NUMERIC_RANGE,10,,,0,10+,SpreadBucket,SELECTED_SPREAD,SPREAD_FOR_FAMILY_SELECTED_SIDE,SCHEDULE,SCHEDULE.home_spread|SCHEDULE.away_spread,NUMERIC_RANGE,,-10,,0,Fav -10+,93,82,11,88.17,80.05,93.27,67.8,20.37,5,100.0,4,4,100.0,POSITIVE,20.37,full_test_results.csv
HE0373,1,1,,ALL3_CONSENSUS,DRAT_PICK_EQUALS_EPRED_PICK_EQUALS_MARKET_PICK,DRAT_EPRED_MARKET_SHARED_SIDE,MEAN_DRAT_EPRED_MARKET_SELECTED_PROB,RatingGapBucket + SpreadBucket,RatingGapBucket=3 to 5.9 | SpreadBucket=Fav -3 to -3.5,2,RatingGapBucket,SELECTED_EPRED_RATING_GAP,EPRED_RATING_SELECTED_MINUS_OPPONENT,EPRED,EPRED.home_rating|EPRED.away_rating,NUMERIC_RANGE,3,6,,0,3 to 5.9,SpreadBucket,SELECTED_SPREAD,SPREAD_FOR_FAMILY_SELECTED_SIDE,SCHEDULE,SCHEDULE.home_spread|SCHEDULE.away_spread,NUMERIC_RANGE,-4,-3,,0,Fav -3 to -3.5,62,49,13,79.03,67.36,87.32,67.8,11.23,5,80.0,2,2,100.0,POSITIVE,11.23,full_test_results.csv
HE0374,1,1,,ALL3_CONSENSUS,DRAT_PICK_EQUALS_EPRED_PICK_EQUALS_MARKET_PICK,DRAT_EPRED_MARKET_SHARED_SIDE,MEAN_DRAT_EPRED_MARKET_SELECTED_PROB,RatingGapBucket + SpreadBucket,RatingGapBucket=6 to 9.9 | SpreadBucket=Fav -7 to -9.5,2,RatingGapBucket,SELECTED_EPRED_RATING_GAP,EPRED_RATING_SELECTED_MINUS_OPPONENT,EPRED,EPRED.home_rating|EPRED.away_rating,NUMERIC_RANGE,6,10,,0,6 to 9.9,SpreadBucket,SELECTED_SPREAD,SPREAD_FOR_FAMILY_SELECTED_SIDE,SCHEDULE,SCHEDULE.home_spread|SCHEDULE.away_spread,NUMERIC_RANGE,-10,-7,,0,Fav -7 to -9.5,64,48,16,75.0,63.18,83.99,67.8,7.2,5,80.0,3,2,66.67,POSITIVE,7.20,full_test_results.csv
HE0375,1,1,,ALL3_CONSENSUS,DRAT_PICK_EQUALS_EPRED_PICK_EQUALS_MARKET_PICK,DRAT_EPRED_MARKET_SHARED_SIDE,MEAN_DRAT_EPRED_MARKET_SELECTED_PROB,DratEpredAgreement + ModelDiffBucket,DratEpredAgreement=Agree | ModelDiffBucket=15+ pts,2,DratEpredAgreement,DRAT_EPRED_AGREEMENT,COMPARE_DRAT_PICK_TO_EPRED_PICK,DRAT|EPRED,DRAT.home_prob|DRAT.away_prob|EPRED.home_prob|EPRED.away_prob,TEXT_EQUALS,,,Agree,0,Agree,ModelDiffBucket,DRAT_EPRED_HOME_PROB_ABS_DIFF_PP,ABS_DRAT_HOME_PROB_MINUS_EPRED_NORMALIZED_HOME_PROB_X100,DRAT|EPRED,DRAT.home_prob|EPRED.home_prob|EPRED.away_prob,NUMERIC_RANGE,15,,,0,15+ pts,68,53,15,77.94,66.74,86.15,67.8,10.14,5,80.0,3,2,66.67,POSITIVE,10.14,full_test_results.csv
HE0376,1,1,,ALL3_CONSENSUS,DRAT_PICK_EQUALS_EPRED_PICK_EQUALS_MARKET_PICK,DRAT_EPRED_MARKET_SHARED_SIDE,MEAN_DRAT_EPRED_MARKET_SELECTED_PROB,DratEpredAgreement + ModelDiffBucket,DratEpredAgreement=Agree | ModelDiffBucket=6-9.9 pts,2,DratEpredAgreement,DRAT_EPRED_AGREEMENT,COMPARE_DRAT_PICK_TO_EPRED_PICK,DRAT|EPRED,DRAT.home_prob|DRAT.away_prob|EPRED.home_prob|EPRED.away_prob,TEXT_EQUALS,,,Agree,0,Agree,ModelDiffBucket,DRAT_EPRED_HOME_PROB_ABS_DIFF_PP,ABS_DRAT_HOME_PROB_MINUS_EPRED_NORMALIZED_HOME_PROB_X100,DRAT|EPRED,DRAT.home_prob|EPRED.home_prob|EPRED.away_prob,NUMERIC_RANGE,6,10,,0,6-9.9 pts,268,198,70,73.88,68.31,78.78,67.8,6.08,5,100.0,4,4,100.0,POSITIVE,6.08,full_test_results.csv
HE0377,1,1,,ALL3_CONSENSUS,DRAT_PICK_EQUALS_EPRED_PICK_EQUALS_MARKET_PICK,DRAT_EPRED_MARKET_SHARED_SIDE,MEAN_DRAT_EPRED_MARKET_SELECTED_PROB,DratEpredAgreement + ModelDiffBucket,DratEpredAgreement=Agree | ModelDiffBucket=<3 pts,2,DratEpredAgreement,DRAT_EPRED_AGREEMENT,COMPARE_DRAT_PICK_TO_EPRED_PICK,DRAT|EPRED,DRAT.home_prob|DRAT.away_prob|EPRED.home_prob|EPRED.away_prob,TEXT_EQUALS,,,Agree,0,Agree,ModelDiffBucket,DRAT_EPRED_HOME_PROB_ABS_DIFF_PP,ABS_DRAT_HOME_PROB_MINUS_EPRED_NORMALIZED_HOME_PROB_X100,DRAT|EPRED,DRAT.home_prob|EPRED.home_prob|EPRED.away_prob,NUMERIC_RANGE,,3,,0,<3 pts,368,221,147,60.05,54.97,64.93,67.8,-7.75,5,100.0,4,4,100.0,NEGATIVE,7.75,full_test_results.csv
HE0378,1,1,,ALL3_CONSENSUS,DRAT_PICK_EQUALS_EPRED_PICK_EQUALS_MARKET_PICK,DRAT_EPRED_MARKET_SHARED_SIDE,MEAN_DRAT_EPRED_MARKET_SELECTED_PROB,SelectedVsMarket + ProbBucket,SelectedVsMarket=Agree | ProbBucket=55-59.9%,2,SelectedVsMarket,FAMILY_VS_MARKET_AGREEMENT,COMPARE_FAMILY_PICK_TO_MARKET_PICK,DRAT|EPRED|SCHEDULE,DRAT.home_prob|DRAT.away_prob|EPRED.home_prob|EPRED.away_prob|DRAT.moneyline_home|DRAT.moneyline_away|SCHEDULE.home_spread|SCHEDULE.away_spread,TEXT_EQUALS,,,Agree,0,Agree,ProbBucket,FAMILY_SELECTED_PROB,USE_FAMILY_SELECTED_PROB,FAMILY_DEPENDENT,DRAT.home_prob|DRAT.away_prob|EPRED.home_prob|EPRED.away_prob|DRAT.moneyline_home|DRAT.moneyline_away|SCHEDULE.home_spread|SCHEDULE.away_spread,NUMERIC_RANGE,0.55,0.6,,0,55-59.9%,202,113,89,55.94,49.05,62.61,67.8,-11.86,5,100.0,4,4,100.0,NEGATIVE,11.86,full_test_results.csv
HE0379,1,1,,ALL3_CONSENSUS,DRAT_PICK_EQUALS_EPRED_PICK_EQUALS_MARKET_PICK,DRAT_EPRED_MARKET_SHARED_SIDE,MEAN_DRAT_EPRED_MARKET_SELECTED_PROB,SelectedVsMarket + ProbBucket,SelectedVsMarket=Agree | ProbBucket=60-64.9%,2,SelectedVsMarket,FAMILY_VS_MARKET_AGREEMENT,COMPARE_FAMILY_PICK_TO_MARKET_PICK,DRAT|EPRED|SCHEDULE,DRAT.home_prob|DRAT.away_prob|EPRED.home_prob|EPRED.away_prob|DRAT.moneyline_home|DRAT.moneyline_away|SCHEDULE.home_spread|SCHEDULE.away_spread,TEXT_EQUALS,,,Agree,0,Agree,ProbBucket,FAMILY_SELECTED_PROB,USE_FAMILY_SELECTED_PROB,FAMILY_DEPENDENT,DRAT.home_prob|DRAT.away_prob|EPRED.home_prob|EPRED.away_prob|DRAT.moneyline_home|DRAT.moneyline_away|SCHEDULE.home_spread|SCHEDULE.away_spread,NUMERIC_RANGE,0.6,0.65,,0,60-64.9%,257,161,96,62.65,56.59,68.33,67.8,-5.15,5,80.0,4,3,75.0,NEGATIVE,5.15,full_test_results.csv
HE0380,1,1,,ALL3_CONSENSUS,DRAT_PICK_EQUALS_EPRED_PICK_EQUALS_MARKET_PICK,DRAT_EPRED_MARKET_SHARED_SIDE,MEAN_DRAT_EPRED_MARKET_SELECTED_PROB,SelectedVsMarket + ProbBucket,SelectedVsMarket=Agree | ProbBucket=70-74.9%,2,SelectedVsMarket,FAMILY_VS_MARKET_AGREEMENT,COMPARE_FAMILY_PICK_TO_MARKET_PICK,DRAT|EPRED|SCHEDULE,DRAT.home_prob|DRAT.away_prob|EPRED.home_prob|EPRED.away_prob|DRAT.moneyline_home|DRAT.moneyline_away|SCHEDULE.home_spread|SCHEDULE.away_spread,TEXT_EQUALS,,,Agree,0,Agree,ProbBucket,FAMILY_SELECTED_PROB,USE_FAMILY_SELECTED_PROB,FAMILY_DEPENDENT,DRAT.home_prob|DRAT.away_prob|EPRED.home_prob|EPRED.away_prob|DRAT.moneyline_home|DRAT.moneyline_away|SCHEDULE.home_spread|SCHEDULE.away_spread,NUMERIC_RANGE,0.7,0.75,,0,70-74.9%,185,136,49,73.51,66.72,79.35,67.8,5.71,5,80.0,4,3,75.0,POSITIVE,5.71,full_test_results.csv
HE0381,1,1,,ALL3_CONSENSUS,DRAT_PICK_EQUALS_EPRED_PICK_EQUALS_MARKET_PICK,DRAT_EPRED_MARKET_SHARED_SIDE,MEAN_DRAT_EPRED_MARKET_SELECTED_PROB,SelectedVsMarket + ProbBucket,SelectedVsMarket=Agree | ProbBucket=80-84.9%,2,SelectedVsMarket,FAMILY_VS_MARKET_AGREEMENT,COMPARE_FAMILY_PICK_TO_MARKET_PICK,DRAT|EPRED|SCHEDULE,DRAT.home_prob|DRAT.away_prob|EPRED.home_prob|EPRED.away_prob|DRAT.moneyline_home|DRAT.moneyline_away|SCHEDULE.home_spread|SCHEDULE.away_spread,TEXT_EQUALS,,,Agree,0,Agree,ProbBucket,FAMILY_SELECTED_PROB,USE_FAMILY_SELECTED_PROB,FAMILY_DEPENDENT,DRAT.home_prob|DRAT.away_prob|EPRED.home_prob|EPRED.away_prob|DRAT.moneyline_home|DRAT.moneyline_away|SCHEDULE.home_spread|SCHEDULE.away_spread,NUMERIC_RANGE,0.8,0.85,,0,80-84.9%,94,80,14,85.11,76.54,90.92,67.8,17.31,5,100.0,3,3,100.0,POSITIVE,17.31,full_test_results.csv
HE0382,1,1,,ALL3_CONSENSUS,DRAT_PICK_EQUALS_EPRED_PICK_EQUALS_MARKET_PICK,DRAT_EPRED_MARKET_SHARED_SIDE,MEAN_DRAT_EPRED_MARKET_SELECTED_PROB,SelectedVsMarket + ProbBucket,SelectedVsMarket=Agree | ProbBucket=<55%,2,SelectedVsMarket,FAMILY_VS_MARKET_AGREEMENT,COMPARE_FAMILY_PICK_TO_MARKET_PICK,DRAT|EPRED|SCHEDULE,DRAT.home_prob|DRAT.away_prob|EPRED.home_prob|EPRED.away_prob|DRAT.moneyline_home|DRAT.moneyline_away|SCHEDULE.home_spread|SCHEDULE.away_spread,TEXT_EQUALS,,,Agree,0,Agree,ProbBucket,FAMILY_SELECTED_PROB,USE_FAMILY_SELECTED_PROB,FAMILY_DEPENDENT,DRAT.home_prob|DRAT.away_prob|EPRED.home_prob|EPRED.away_prob|DRAT.moneyline_home|DRAT.moneyline_away|SCHEDULE.home_spread|SCHEDULE.away_spread,NUMERIC_RANGE,,0.55,,0,<55%,63,31,32,49.21,37.27,61.24,67.8,-18.59,5,100.0,2,2,100.0,NEGATIVE,18.59,full_test_results.csv
HE0383,1,1,,ALL3_CONSENSUS,DRAT_PICK_EQUALS_EPRED_PICK_EQUALS_MARKET_PICK,DRAT_EPRED_MARKET_SHARED_SIDE,MEAN_DRAT_EPRED_MARKET_SELECTED_PROB,SelectedVsMarket + RatingGapBucket,SelectedVsMarket=Agree | RatingGapBucket=-3 to 0,2,SelectedVsMarket,FAMILY_VS_MARKET_AGREEMENT,COMPARE_FAMILY_PICK_TO_MARKET_PICK,DRAT|EPRED|SCHEDULE,DRAT.home_prob|DRAT.away_prob|EPRED.home_prob|EPRED.away_prob|DRAT.moneyline_home|DRAT.moneyline_away|SCHEDULE.home_spread|SCHEDULE.away_spread,TEXT_EQUALS,,,Agree,0,Agree,RatingGapBucket,SELECTED_EPRED_RATING_GAP,EPRED_RATING_SELECTED_MINUS_OPPONENT,EPRED,EPRED.home_rating|EPRED.away_rating,NUMERIC_RANGE,-3,0,,0,-3 to 0,81,42,39,51.85,41.14,62.4,67.8,-15.95,5,100.0,4,4,100.0,NEGATIVE,15.95,full_test_results.csv
HE0384,1,1,,ALL3_CONSENSUS,DRAT_PICK_EQUALS_EPRED_PICK_EQUALS_MARKET_PICK,DRAT_EPRED_MARKET_SHARED_SIDE,MEAN_DRAT_EPRED_MARKET_SELECTED_PROB,SelectedVsMarket + RatingGapBucket,SelectedVsMarket=Agree | RatingGapBucket=0 to 2.9,2,SelectedVsMarket,FAMILY_VS_MARKET_AGREEMENT,COMPARE_FAMILY_PICK_TO_MARKET_PICK,DRAT|EPRED|SCHEDULE,DRAT.home_prob|DRAT.away_prob|EPRED.home_prob|EPRED.away_prob|DRAT.moneyline_home|DRAT.moneyline_away|SCHEDULE.home_spread|SCHEDULE.away_spread,TEXT_EQUALS,,,Agree,0,Agree,RatingGapBucket,SELECTED_EPRED_RATING_GAP,EPRED_RATING_SELECTED_MINUS_OPPONENT,EPRED,EPRED.home_rating|EPRED.away_rating,NUMERIC_RANGE,0,3,,0,0 to 2.9,272,146,126,53.68,47.74,59.51,67.8,-14.12,5,100.0,4,4,100.0,NEGATIVE,14.12,full_test_results.csv
HE0385,1,1,,ALL3_CONSENSUS,DRAT_PICK_EQUALS_EPRED_PICK_EQUALS_MARKET_PICK,DRAT_EPRED_MARKET_SHARED_SIDE,MEAN_DRAT_EPRED_MARKET_SELECTED_PROB,SelectedVsMarket + RatingGapBucket,SelectedVsMarket=Agree | RatingGapBucket=10+,2,SelectedVsMarket,FAMILY_VS_MARKET_AGREEMENT,COMPARE_FAMILY_PICK_TO_MARKET_PICK,DRAT|EPRED|SCHEDULE,DRAT.home_prob|DRAT.away_prob|EPRED.home_prob|EPRED.away_prob|DRAT.moneyline_home|DRAT.moneyline_away|SCHEDULE.home_spread|SCHEDULE.away_spread,TEXT_EQUALS,,,Agree,0,Agree,RatingGapBucket,SELECTED_EPRED_RATING_GAP,EPRED_RATING_SELECTED_MINUS_OPPONENT,EPRED,EPRED.home_rating|EPRED.away_rating,NUMERIC_RANGE,10,,,0,10+,200,161,39,80.5,74.46,85.39,67.8,12.7,5,100.0,4,4,100.0,POSITIVE,12.70,full_test_results.csv
HE0386,1,1,,ALL3_CONSENSUS,DRAT_PICK_EQUALS_EPRED_PICK_EQUALS_MARKET_PICK,DRAT_EPRED_MARKET_SHARED_SIDE,MEAN_DRAT_EPRED_MARKET_SELECTED_PROB,SelectedVsMarket + RatingGapBucket,SelectedVsMarket=Agree | RatingGapBucket=6 to 9.9,2,SelectedVsMarket,FAMILY_VS_MARKET_AGREEMENT,COMPARE_FAMILY_PICK_TO_MARKET_PICK,DRAT|EPRED|SCHEDULE,DRAT.home_prob|DRAT.away_prob|EPRED.home_prob|EPRED.away_prob|DRAT.moneyline_home|DRAT.moneyline_away|SCHEDULE.home_spread|SCHEDULE.away_spread,TEXT_EQUALS,,,Agree,0,Agree,RatingGapBucket,SELECTED_EPRED_RATING_GAP,EPRED_RATING_SELECTED_MINUS_OPPONENT,EPRED,EPRED.home_rating|EPRED.away_rating,NUMERIC_RANGE,6,10,,0,6 to 9.9,283,214,69,75.62,70.29,80.26,67.8,7.82,5,80.0,4,3,75.0,POSITIVE,7.82,full_test_results.csv
HE0387,1,1,,ALL3_CONSENSUS,DRAT_PICK_EQUALS_EPRED_PICK_EQUALS_MARKET_PICK,DRAT_EPRED_MARKET_SHARED_SIDE,MEAN_DRAT_EPRED_MARKET_SELECTED_PROB,SelectedVsMarket + ModelMarketEdgeBucket,SelectedVsMarket=Agree | ModelMarketEdgeBucket=+2 to +5 pts,2,SelectedVsMarket,FAMILY_VS_MARKET_AGREEMENT,COMPARE_FAMILY_PICK_TO_MARKET_PICK,DRAT|EPRED|SCHEDULE,DRAT.home_prob|DRAT.away_prob|EPRED.home_prob|EPRED.away_prob|DRAT.moneyline_home|DRAT.moneyline_away|SCHEDULE.home_spread|SCHEDULE.away_spread,TEXT_EQUALS,,,Agree,0,Agree,ModelMarketEdgeBucket,FAMILY_MARKET_EDGE_PP,FAMILY_SELECTED_PROB_MINUS_MARKET_SELECTED_PROB_X100,DRAT|EPRED|SCHEDULE,DRAT.home_prob|DRAT.away_prob|EPRED.home_prob|EPRED.away_prob|DRAT.moneyline_home|DRAT.moneyline_away|SCHEDULE.home_spread|SCHEDULE.away_spread,NUMERIC_RANGE,2,5,,0,+2 to +5 pts,170,108,62,63.53,56.07,70.39,67.8,-4.27,5,80.0,3,2,66.67,NEGATIVE,4.27,full_test_results.csv
HE0388,1,1,,ALL3_CONSENSUS,DRAT_PICK_EQUALS_EPRED_PICK_EQUALS_MARKET_PICK,DRAT_EPRED_MARKET_SHARED_SIDE,MEAN_DRAT_EPRED_MARKET_SELECTED_PROB,SelectedVsMarket + ModelMarketEdgeBucket,SelectedVsMarket=Agree | ModelMarketEdgeBucket=-10 to -5 pts,2,SelectedVsMarket,FAMILY_VS_MARKET_AGREEMENT,COMPARE_FAMILY_PICK_TO_MARKET_PICK,DRAT|EPRED|SCHEDULE,DRAT.home_prob|DRAT.away_prob|EPRED.home_prob|EPRED.away_prob|DRAT.moneyline_home|DRAT.moneyline_away|SCHEDULE.home_spread|SCHEDULE.away_spread,TEXT_EQUALS,,,Agree,0,Agree,ModelMarketEdgeBucket,FAMILY_MARKET_EDGE_PP,FAMILY_SELECTED_PROB_MINUS_MARKET_SELECTED_PROB_X100,DRAT|EPRED|SCHEDULE,DRAT.home_prob|DRAT.away_prob|EPRED.home_prob|EPRED.away_prob|DRAT.moneyline_home|DRAT.moneyline_away|SCHEDULE.home_spread|SCHEDULE.away_spread,NUMERIC_RANGE,-10,-5,,0,-10 to -5 pts,122,94,28,77.05,68.83,83.62,67.8,9.25,5,80.0,4,3,75.0,POSITIVE,9.25,full_test_results.csv
HE0389,1,1,,ALL3_CONSENSUS,DRAT_PICK_EQUALS_EPRED_PICK_EQUALS_MARKET_PICK,DRAT_EPRED_MARKET_SHARED_SIDE,MEAN_DRAT_EPRED_MARKET_SELECTED_PROB,SelectedVsMarket + ModelMarketEdgeBucket,SelectedVsMarket=Agree | ModelMarketEdgeBucket=-2 to +2 pts,2,SelectedVsMarket,FAMILY_VS_MARKET_AGREEMENT,COMPARE_FAMILY_PICK_TO_MARKET_PICK,DRAT|EPRED|SCHEDULE,DRAT.home_prob|DRAT.away_prob|EPRED.home_prob|EPRED.away_prob|DRAT.moneyline_home|DRAT.moneyline_away|SCHEDULE.home_spread|SCHEDULE.away_spread,TEXT_EQUALS,,,Agree,0,Agree,ModelMarketEdgeBucket,FAMILY_MARKET_EDGE_PP,FAMILY_SELECTED_PROB_MINUS_MARKET_SELECTED_PROB_X100,DRAT|EPRED|SCHEDULE,DRAT.home_prob|DRAT.away_prob|EPRED.home_prob|EPRED.away_prob|DRAT.moneyline_home|DRAT.moneyline_away|SCHEDULE.home_spread|SCHEDULE.away_spread,NUMERIC_RANGE,-2,2,,0,-2 to +2 pts,528,342,186,64.77,60.6,68.73,67.8,-3.03,5,80.0,4,3,75.0,NEGATIVE,3.03,full_test_results.csv
HE0390,1,1,,ALL3_CONSENSUS,DRAT_PICK_EQUALS_EPRED_PICK_EQUALS_MARKET_PICK,DRAT_EPRED_MARKET_SHARED_SIDE,MEAN_DRAT_EPRED_MARKET_SELECTED_PROB,SelectedVsMarket + ModelMarketEdgeBucket,SelectedVsMarket=Agree | ModelMarketEdgeBucket=-5 to -2 pts,2,SelectedVsMarket,FAMILY_VS_MARKET_AGREEMENT,COMPARE_FAMILY_PICK_TO_MARKET_PICK,DRAT|EPRED|SCHEDULE,DRAT.home_prob|DRAT.away_prob|EPRED.home_prob|EPRED.away_prob|DRAT.moneyline_home|DRAT.moneyline_away|SCHEDULE.home_spread|SCHEDULE.away_spread,TEXT_EQUALS,,,Agree,0,Agree,ModelMarketEdgeBucket,FAMILY_MARKET_EDGE_PP,FAMILY_SELECTED_PROB_MINUS_MARKET_SELECTED_PROB_X100,DRAT|EPRED|SCHEDULE,DRAT.home_prob|DRAT.away_prob|EPRED.home_prob|EPRED.away_prob|DRAT.moneyline_home|DRAT.moneyline_away|SCHEDULE.home_spread|SCHEDULE.away_spread,NUMERIC_RANGE,-5,-2,,0,-5 to -2 pts,322,232,90,72.05,66.91,76.67,67.8,4.25,5,100.0,4,4,100.0,POSITIVE,4.25,full_test_results.csv
HE0391,1,1,,ALL3_CONSENSUS,DRAT_PICK_EQUALS_EPRED_PICK_EQUALS_MARKET_PICK,DRAT_EPRED_MARKET_SHARED_SIDE,MEAN_DRAT_EPRED_MARKET_SELECTED_PROB,WeekBucket + ProbBucket,WeekBucket=Weeks 1-3 | ProbBucket=55-59.9%,2,WeekBucket,WEEK,RAW_WEEK,SCHEDULE,SCHEDULE.week,NUMERIC_RANGE,1,4,,0,Weeks 1-3,ProbBucket,FAMILY_SELECTED_PROB,USE_FAMILY_SELECTED_PROB,FAMILY_DEPENDENT,DRAT.home_prob|DRAT.away_prob|EPRED.home_prob|EPRED.away_prob|DRAT.moneyline_home|DRAT.moneyline_away|SCHEDULE.home_spread|SCHEDULE.away_spread,NUMERIC_RANGE,0.55,0.6,,0,55-59.9%,52,29,23,55.77,42.34,68.41,67.8,-12.03,5,80.0,3,2,66.67,NEGATIVE,12.03,full_test_results.csv
HE0392,1,1,,ALL3_CONSENSUS,DRAT_PICK_EQUALS_EPRED_PICK_EQUALS_MARKET_PICK,DRAT_EPRED_MARKET_SHARED_SIDE,MEAN_DRAT_EPRED_MARKET_SELECTED_PROB,WeekBucket + ProbBucket,WeekBucket=Weeks 1-3 | ProbBucket=60-64.9%,2,WeekBucket,WEEK,RAW_WEEK,SCHEDULE,SCHEDULE.week,NUMERIC_RANGE,1,4,,0,Weeks 1-3,ProbBucket,FAMILY_SELECTED_PROB,USE_FAMILY_SELECTED_PROB,FAMILY_DEPENDENT,DRAT.home_prob|DRAT.away_prob|EPRED.home_prob|EPRED.away_prob|DRAT.moneyline_home|DRAT.moneyline_away|SCHEDULE.home_spread|SCHEDULE.away_spread,NUMERIC_RANGE,0.6,0.65,,0,60-64.9%,64,39,25,60.94,48.69,71.94,67.8,-6.86,5,80.0,3,3,100.0,NEGATIVE,6.86,full_test_results.csv
HE0393,1,1,,ALL3_CONSENSUS,DRAT_PICK_EQUALS_EPRED_PICK_EQUALS_MARKET_PICK,DRAT_EPRED_MARKET_SHARED_SIDE,MEAN_DRAT_EPRED_MARKET_SELECTED_PROB,WeekBucket + ProbBucket,WeekBucket=Weeks 4-8 | ProbBucket=55-59.9%,2,WeekBucket,WEEK,RAW_WEEK,SCHEDULE,SCHEDULE.week,NUMERIC_RANGE,4,9,,0,Weeks 4-8,ProbBucket,FAMILY_SELECTED_PROB,USE_FAMILY_SELECTED_PROB,FAMILY_DEPENDENT,DRAT.home_prob|DRAT.away_prob|EPRED.home_prob|EPRED.away_prob|DRAT.moneyline_home|DRAT.moneyline_away|SCHEDULE.home_spread|SCHEDULE.away_spread,NUMERIC_RANGE,0.55,0.6,,0,55-59.9%,55,35,20,63.64,50.42,75.07,67.8,-4.16,5,80.0,2,2,100.0,NEGATIVE,4.16,full_test_results.csv
HE0394,1,1,,ALL3_CONSENSUS,DRAT_PICK_EQUALS_EPRED_PICK_EQUALS_MARKET_PICK,DRAT_EPRED_MARKET_SHARED_SIDE,MEAN_DRAT_EPRED_MARKET_SELECTED_PROB,WeekBucket + ProbBucket,WeekBucket=Weeks 4-8 | ProbBucket=60-64.9%,2,WeekBucket,WEEK,RAW_WEEK,SCHEDULE,SCHEDULE.week,NUMERIC_RANGE,4,9,,0,Weeks 4-8,ProbBucket,FAMILY_SELECTED_PROB,USE_FAMILY_SELECTED_PROB,FAMILY_DEPENDENT,DRAT.home_prob|DRAT.away_prob|EPRED.home_prob|EPRED.away_prob|DRAT.moneyline_home|DRAT.moneyline_away|SCHEDULE.home_spread|SCHEDULE.away_spread,NUMERIC_RANGE,0.6,0.65,,0,60-64.9%,66,39,27,59.09,47.05,70.13,67.8,-8.71,5,80.0,3,2,66.67,NEGATIVE,8.71,full_test_results.csv
HE0395,0,0,Historical SurfaceBucket used a field whose values encoded Dome/Indoor vs Outdoor; supplied current surface field is playing-surface material and is not equivalent. | No current wind_speed field was supplied.,ALL3_CONSENSUS,DRAT_PICK_EQUALS_EPRED_PICK_EQUALS_MARKET_PICK,DRAT_EPRED_MARKET_SHARED_SIDE,MEAN_DRAT_EPRED_MARKET_SELECTED_PROB,SurfaceBucket + WindBucket,SurfaceBucket=Outdoor | WindBucket=15-19.9 mph,2,SurfaceBucket,HISTORICAL_SURFACE_CLASS,UNAVAILABLE,,,TEXT_EQUALS,,,Outdoor,0,Outdoor,WindBucket,WIND_SPEED,UNAVAILABLE,,,NUMERIC_RANGE,15,20,,0,15-19.9 mph,53,40,13,75.47,62.43,85.07,67.8,7.67,5,80.0,2,2,100.0,POSITIVE,7.67,full_test_results.csv
HE0396,0,0,No current temperature field was supplied. | No current wind_speed field was supplied.,ALL3_CONSENSUS,DRAT_PICK_EQUALS_EPRED_PICK_EQUALS_MARKET_PICK,DRAT_EPRED_MARKET_SHARED_SIDE,MEAN_DRAT_EPRED_MARKET_SELECTED_PROB,TemperatureBucket + WindBucket,TemperatureBucket=32-49F | WindBucket=10-14.9 mph,2,TemperatureBucket,TEMPERATURE,UNAVAILABLE,,,NUMERIC_RANGE,32,50,,0,32-49F,WindBucket,WIND_SPEED,UNAVAILABLE,,,NUMERIC_RANGE,10,15,,0,10-14.9 mph,50,30,20,60.0,46.18,72.39,67.8,-7.8,5,80.0,2,2,100.0,NEGATIVE,7.80,full_test_results.csv
HE0397,0,0,No current temperature field was supplied. | No current wind_speed field was supplied.,ALL3_CONSENSUS,DRAT_PICK_EQUALS_EPRED_PICK_EQUALS_MARKET_PICK,DRAT_EPRED_MARKET_SHARED_SIDE,MEAN_DRAT_EPRED_MARKET_SELECTED_PROB,TemperatureBucket + WindBucket,TemperatureBucket=50-69F | WindBucket=10-14.9 mph,2,TemperatureBucket,TEMPERATURE,UNAVAILABLE,,,NUMERIC_RANGE,50,70,,0,50-69F,WindBucket,WIND_SPEED,UNAVAILABLE,,,NUMERIC_RANGE,10,15,,0,10-14.9 mph,63,47,16,74.6,62.66,83.72,67.8,6.8,5,80.0,3,2,66.67,POSITIVE,6.80,full_test_results.csv
